Country,Year,Resource,Metric,Kept_Source,Kept_Value,Dropped_Source,Dropped_Value,Pct_Discrepancy
Algeria,1970,Oil,Production,EI_CSV,1053.926849,OWID,47253000.0,4483418.0
Algeria,1971,Oil,Production,EI_CSV,802.5873973,OWID,36346000.0,4528503.4
Algeria,1972,Oil,Production,EI_CSV,1081.04918,OWID,50048000.0,4629476.6
Algeria,1973,Oil,Production,EI_CSV,1128.74,OWID,52500000.0,4651104.0
Algeria,1974,Oil,Production,EI_CSV,1045.983014,OWID,47192000.0,4511636.7
Algeria,1975,Oil,Production,EI_CSV,1025.497534,OWID,45788000.0,4464854.7
Algeria,1976,Oil,Production,EI_CSV,1144.405661,OWID,50123000.0,4379728.0
Algeria,1977,Oil,Production,EI_CSV,1224.790849,OWID,53518000.0,4369462.4
Algeria,1978,Oil,Production,EI_CSV,1252.729671,OWID,57200000.0,4565929.0
Algeria,1979,Oil,Production,EI_CSV,1282.877301,OWID,56900000.0,4435242.3
Algeria,1980,Oil,Production,EI_CSV,1134.182393,OWID,51280000.0,4521218.6
Algeria,1981,Oil,Production,EI_CSV,1029.279452,OWID,44570000.0,4330113.7
Algeria,1982,Oil,Production,EI_CSV,1039.656164,OWID,43700000.0,4203212.7
Algeria,1983,Oil,Production,EI_CSV,1026.933973,OWID,42300000.0,4118957.4
Algeria,1984,Oil,Production,EI_CSV,1122.489071,OWID,46100000.0,4106844.2
Algeria,1985,Oil,Production,EI_CSV,1087.029055,OWID,48100000.0,4424804.7
Algeria,1986,Oil,Production,EI_CSV,1126.000808,OWID,48826000.0,4336131.3
Algeria,1987,Oil,Production,EI_CSV,1178.140068,OWID,48000000.0,4074118.4
Algeria,1988,Oil,Production,EI_CSV,1232.921475,OWID,49357000.0,4003155.8
Algeria,1989,Oil,Production,EI_CSV,1276.397534,OWID,51370000.0,4024508.2
Algeria,1990,Oil,Production,EI_CSV,1366.596521,OWID,56673000.0,4146917.7
Algeria,1991,Oil,Production,EI_CSV,1372.665753,OWID,58454000.0,4258329.3
Algeria,1992,Oil,Production,EI_CSV,1320.565574,OWID,52100000.0,3945179.3
Algeria,1993,Oil,Production,EI_CSV,1321.579452,OWID,52082000.0,3940790.6
Algeria,1994,Oil,Production,EI_CSV,1317.13726,OWID,51530000.0,3912172.6
Algeria,1995,Oil,Production,EI_CSV,1309.536712,OWID,51852000.0,3959468.3
Algeria,1996,Oil,Production,EI_CSV,1378.674863,OWID,54401000.0,3945790.5
Algeria,1997,Oil,Production,EI_CSV,1447.519178,OWID,54234000.0,3746586.1
Algeria,1998,Oil,Production,EI_CSV,1452.006849,OWID,54924000.0,3782526.8
Algeria,1999,Oil,Production,EI_CSV,1397.939849,OWID,56231000.0,4022319.1
Algeria,2000,Oil,Production,EI_CSV,1549.131284,OWID,58585000.0,3781697.0
Algeria,2001,Oil,Production,EI_CSV,1534.247726,OWID,57147000.0,3724657.0
Algeria,2002,Oil,Production,EI_CSV,1653.014685,OWID,61487000.0,3719588.7
Algeria,2003,Oil,Production,EI_CSV,1826.281425,OWID,76841000.0,4207411.4
Algeria,2004,Oil,Production,EI_CSV,1920.662459,OWID,81760000.0,4256764.6
Algeria,2005,Oil,Production,EI_CSV,1989.931742,OWID,84821000.0,4262408.0
Algeria,2006,Oil,Production,EI_CSV,1979.499452,OWID,85036000.0,4295733.5
Algeria,2007,Oil,Production,EI_CSV,1992.273151,OWID,86500000.0,4341674.1
Algeria,2008,Oil,Production,EI_CSV,1950.980446,OWID,85600000.0,4387437.6
Algeria,2009,Oil,Production,EI_CSV,1774.856795,OWID,77200000.0,4349546.7
Algeria,2010,Oil,Production,EI_CSV,1689.154,OWID,73800000.0,4368951.0
Algeria,2011,Oil,Production,EI_CSV,1641.503205,OWID,71700000.0,4367847.6
Algeria,2012,Oil,Production,EI_CSV,1536.809071,OWID,67200000.0,4372596.7
Algeria,2013,Oil,Production,EI_CSV,1485.233041,OWID,64800000.0,4362851.7
Algeria,2014,Oil,Production,EI_CSV,1589.092603,OWID,68800000.0,4329414.8
Algeria,2015,Oil,Production,EI_CSV,1557.665233,OWID,67200000.0,4314049.1
Algeria,2016,Oil,Production,EI_CSV,1576.997268,OWID,68400000.0,4337256.9
Algeria,2017,Oil,Production,EI_CSV,1540.325644,OWID,66600000.0,4323661.0
Algeria,2018,Oil,Production,EI_CSV,1510.514712,OWID,65300000.0,4322929.7
Algeria,2019,Oil,Production,EI_CSV,1486.617014,OWID,64300000.0,4325156.6
Algeria,2020,Oil,Production,EI_CSV,1332.247623,OWID,57500000.0,4315914.5
Algeria,2021,Oil,Production,EI_CSV,1353.068274,OWID,58200000.0,4301235.1
Algeria,2022,Oil,Production,EI_CSV,1442.699397,OWID,62100000.0,4304331.0
Algeria,2023,Oil,Production,EI_CSV,1465.696055,OWID,60400000.0,4120809.0
Angola,1970,Oil,Production,EI_CSV,102.8264384,OWID,5065000.0,4925676.0
Angola,1971,Oil,Production,EI_CSV,116.144137,OWID,5721000.0,4925676.0
Angola,1972,Oil,Production,EI_CSV,142.8753279,OWID,7055000.0,4937771.4
Angola,1973,Oil,Production,EI_CSV,165.9636986,OWID,8175000.0,4925676.0
Angola,1974,Oil,Production,EI_CSV,173.394,OWID,8750000.0,5046210.7
Angola,1975,Oil,Production,EI_CSV,158.1679726,OWID,8750000.0,5531993.4
Angola,1976,Oil,Production,EI_CSV,153.14,OWID,5093000.0,3325615.0
Angola,1977,Oil,Production,EI_CSV,143.368274,OWID,8920000.0,6221639.1
Angola,1978,Oil,Production,EI_CSV,131.3295616,OWID,7060000.0,5375688.9
Angola,1979,Oil,Production,EI_CSV,146.169863,OWID,7270000.0,4973565.5
Angola,1980,Oil,Production,EI_CSV,150.3865574,OWID,6778000.0,4506951.8
Angola,1981,Oil,Production,EI_CSV,145.3172055,OWID,6466600.0,4449889.2
Angola,1982,Oil,Production,EI_CSV,130.1317808,OWID,6493861.0,4990119.1
Angola,1983,Oil,Production,EI_CSV,178.4490411,OWID,8894952.0,4984489.4
Angola,1984,Oil,Production,EI_CSV,203.9572131,OWID,10190996.0,4996534.3
Angola,1985,Oil,Production,EI_CSV,232.4912877,OWID,11514325.0,4952483.4
Angola,1986,Oil,Production,EI_CSV,282.7168767,OWID,14102000.0,4987929.1
Angola,1987,Oil,Production,EI_CSV,355.3957808,OWID,17968000.0,5055671.9
Angola,1988,Oil,Production,EI_CSV,451.8885246,OWID,24606000.0,5445048.2
Angola,1989,Oil,Production,EI_CSV,459.6636164,OWID,25000000.0,5438659.8
Angola,1990,Oil,Production,EI_CSV,474.6460274,OWID,25780000.0,5431315.9
Angola,1991,Oil,Production,EI_CSV,497.6677808,OWID,24751000.0,4973298.1
Angola,1992,Oil,Production,EI_CSV,549.7369672,OWID,26356000.0,4794192.8
Angola,1993,Oil,Production,EI_CSV,503.6769863,OWID,24980000.0,4959427.8
Angola,1994,Oil,Production,EI_CSV,556.7447671,OWID,27400000.0,4921365.2
Angola,1995,Oil,Production,EI_CSV,632.8546027,OWID,31200000.0,4929942.4
Angola,1996,Oil,Production,EI_CSV,715.9760656,OWID,35400000.0,4944199.4
Angola,1997,Oil,Production,EI_CSV,741.0,OWID,36500000.0,4925676.0
Angola,1998,Oil,Production,EI_CSV,730.8493151,OWID,36000000.0,4925676.0
Angola,1999,Oil,Production,EI_CSV,745.060274,OWID,36700000.0,4925676.0
Angola,2000,Oil,Production,EI_CSV,746.0614754,OWID,36825000.0,4935820.3
Angola,2001,Oil,Production,EI_CSV,742.0150685,OWID,36469000.0,4914759.8
Angola,2002,Oil,Production,EI_CSV,905.4410959,OWID,44600000.0,4925676.0
Angola,2003,Oil,Production,EI_CSV,869.5630685,OWID,42500000.0,4887412.1
Angola,2004,Oil,Production,EI_CSV,1106.441208,OWID,48200000.0,4356209.2
Angola,2005,Oil,Production,EI_CSV,1269.022575,OWID,61200000.0,4822509.2
Angola,2006,Oil,Production,EI_CSV,1401.440285,OWID,69700000.0,4973354.9
Angola,2007,Oil,Production,EI_CSV,1655.990605,OWID,82500000.0,4981812.3
Angola,2008,Oil,Production,EI_CSV,1876.322885,OWID,93100000.0,4961732.6
Angola,2009,Oil,Production,EI_CSV,1753.832877,OWID,87600000.0,4994674.7
Angola,2010,Oil,Production,EI_CSV,1812.318233,OWID,90500000.0,4993504.2
Angola,2011,Oil,Production,EI_CSV,1670.399937,OWID,83800000.0,5016662.6
Angola,2012,Oil,Production,EI_CSV,1734.063651,OWID,86900000.0,5011250.1
Angola,2013,Oil,Production,EI_CSV,1737.851674,OWID,85700000.0,4931276.0
Angola,2014,Oil,Production,EI_CSV,1701.373826,OWID,83300000.0,4895943.3
Angola,2015,Oil,Production,EI_CSV,1795.646188,OWID,88200000.0,4911780.8
Angola,2016,Oil,Production,EI_CSV,1744.837415,OWID,85800000.0,4917263.6
Angola,2017,Oil,Production,EI_CSV,1671.357706,OWID,81600000.0,4882158.3
Angola,2018,Oil,Production,EI_CSV,1519.226037,OWID,74100000.0,4877383.5
Angola,2019,Oil,Production,EI_CSV,1420.376492,OWID,69100000.0,4864807.3
Angola,2020,Oil,Production,EI_CSV,1325.076766,OWID,64200000.0,4844902.3
Angola,2021,Oil,Production,EI_CSV,1177.299484,OWID,56600000.0,4807512.7
Angola,2022,Oil,Production,EI_CSV,1190.671621,OWID,57800000.0,4854303.1
Angola,2023,Oil,Production,EI_CSV,1150.452625,OWID,55800000.0,4850164.9
Argentina,1970,Oil,Production,EI_CSV,399.4646575,OWID,20797000.0,5206117.8
Argentina,1971,Oil,Production,EI_CSV,431.5380822,OWID,22409000.0,5192721.0
Argentina,1972,Oil,Production,EI_CSV,444.115847,OWID,22067000.0,4968648.6
Argentina,1973,Oil,Production,EI_CSV,433.6356164,OWID,21364000.0,4926617.1
Argentina,1974,Oil,Production,EI_CSV,423.3873973,OWID,21246000.0,5017999.3
Argentina,1975,Oil,Production,EI_CSV,406.0909589,OWID,20119000.0,4954208.8
Argentina,1976,Oil,Production,EI_CSV,408.0218579,OWID,20437000.0,5008700.3
Argentina,1977,Oil,Production,EI_CSV,441.7150685,OWID,22075000.0,4997465.5
Argentina,1978,Oil,Production,EI_CSV,466.2049315,OWID,23947000.0,5136482.3
Argentina,1979,Oil,Production,EI_CSV,487.2827397,OWID,25016000.0,5133675.1
Argentina,1980,Oil,Production,EI_CSV,505.7103825,OWID,26059000.0,5152849.4
Argentina,1981,Oil,Production,EI_CSV,518.9254795,OWID,26296100.0,5067313.5
Argentina,1982,Oil,Production,EI_CSV,517.0821918,OWID,25951600.0,5018753.9
Argentina,1983,Oil,Production,EI_CSV,520.1726027,OWID,25977400.0,4993896.2
Argentina,1984,Oil,Production,EI_CSV,509.0065574,OWID,25318400.0,4973981.3
Argentina,1985,Oil,Production,EI_CSV,490.7945205,OWID,24342500.0,4959714.9
Argentina,1986,Oil,Production,EI_CSV,465.3676712,OWID,22982800.0,4938532.7
Argentina,1987,Oil,Production,EI_CSV,459.4049315,OWID,22675290.0,4935695.9
Argentina,1988,Oil,Production,EI_CSV,481.2021858,OWID,23829749.0,4952028.2
Argentina,1989,Oil,Production,EI_CSV,492.2865753,OWID,24368512.0,4949966.3
Argentina,1990,Oil,Production,EI_CSV,517.4109589,OWID,25545968.0,4937168.4
Argentina,1991,Oil,Production,EI_CSV,525.6115068,OWID,26108344.0,4967132.2
Argentina,1992,Oil,Production,EI_CSV,586.8710383,OWID,29415684.0,5012191.0
Argentina,1993,Oil,Production,EI_CSV,629.8652055,OWID,31519250.0,5004026.2
Argentina,1994,Oil,Production,EI_CSV,695.4920548,OWID,35363766.0,5084611.7
Argentina,1995,Lithium,Production,EI_CSV,0.008,EI_Excel,0.008,0.0
Argentina,1995,Oil,Production,EI_CSV,757.9161644,OWID,38171053.0,5036216.0
Argentina,1996,Lithium,Production,EI_CSV,0.008,EI_Excel,0.008,0.0
Argentina,1996,Oil,Production,EI_CSV,822.7989071,OWID,41575471.0,5052832.2
Argentina,1997,Lithium,Production,EI_CSV,0.008,EI_Excel,0.008,0.0
Argentina,1997,Oil,Production,EI_CSV,877.430137,OWID,44174851.0,5034471.9
Argentina,1998,Lithium,Production,EI_CSV,1.129999995,EI_Excel,1.13,0.0
Argentina,1998,Oil,Production,EI_CSV,889.9479452,OWID,44834345.0,5037761.5
Argentina,1999,Lithium,Production,EI_CSV,0.200000003,EI_Excel,0.19999999999999998,0.0
Argentina,1999,Oil,Production,EI_CSV,834.5519864,OWID,42423518.0,5083288.3
Argentina,2000,Lithium,Production,EI_CSV,0.200000003,EI_Excel,0.19999999999999998,0.0
Argentina,2000,Oil,Production,EI_CSV,848.3776772,OWID,40994335.0,4831985.5
Argentina,2001,Lithium,Production,EI_CSV,0.200000003,EI_Excel,0.19999999999999998,0.0
Argentina,2001,Oil,Production,EI_CSV,921.3117023,OWID,41445316.0,4498411.8
Argentina,2002,Lithium,Production,EI_CSV,0.94599998,EI_Excel,0.9460000000000001,0.0
Argentina,2002,Oil,Production,EI_CSV,907.621897,OWID,40242083.0,4433693.8
Argentina,2003,Lithium,Production,EI_CSV,0.959999979,EI_Excel,0.96,0.0
Argentina,2003,Oil,Production,EI_CSV,912.9225876,OWID,38097086.0,4172990.5
Argentina,2004,Lithium,Production,EI_CSV,1.970000029,EI_Excel,1.97,0.0
Argentina,2004,Oil,Production,EI_CSV,873.9009749,OWID,35912065.0,4109297.5
Argentina,2005,Lithium,Production,EI_CSV,1.980000019,EI_Excel,1.98,0.0
Argentina,2005,Oil,Production,EI_CSV,842.4784148,OWID,34117773.0,4049591.1
Argentina,2006,Lithium,Production,EI_CSV,2.900000095,EI_Excel,2.9,0.0
Argentina,2006,Oil,Production,EI_CSV,848.5186626,OWID,33807649.0,3984214.1
Argentina,2007,Lithium,Production,EI_CSV,3.0,EI_Excel,3.0,0.0
Argentina,2007,Oil,Production,EI_CSV,813.9296808,OWID,32958800.0,4049242.4
Argentina,2008,Lithium,Production,EI_CSV,3.170000076,EI_Excel,3.1699999999999995,0.0
Argentina,2008,Oil,Production,EI_CSV,802.3307686,OWID,32374752.0,4034987.9
Argentina,2009,Lithium,Production,EI_CSV,2.220000029,EI_Excel,2.2199999999999998,0.0
Argentina,2009,Oil,Production,EI_CSV,729.694854,OWID,32027302.0,4389036.3
Argentina,2010,Lithium,Production,EI_CSV,2.950000048,EI_Excel,2.9499999999999997,0.0
Argentina,2010,Oil,Production,EI_CSV,711.8400912,OWID,31298178.0,4396699.0
Argentina,2011,Lithium,Production,EI_CSV,2.950000048,EI_Excel,2.9499999999999997,0.0
Argentina,2011,Oil,Production,EI_CSV,667.2363986,OWID,29439986.0,4412127.2
Argentina,2012,Lithium,Production,EI_CSV,2.700000048,EI_Excel,2.6999999999999997,0.0
Argentina,2012,Oil,Production,EI_CSV,656.6560847,OWID,29284559.0,4459549.4
Argentina,2013,Lithium,Production,EI_CSV,2.5,EI_Excel,2.5,0.0
Argentina,2013,Oil,Production,EI_CSV,644.3725278,OWID,28675450.0,4450035.4
Argentina,2014,Lithium,Production,EI_CSV,3.200000048,EI_Excel,3.1999999999999997,0.0
Argentina,2014,Oil,Production,EI_CSV,637.5934115,OWID,28243106.0,4429542.1
Argentina,2015,Lithium,Production,EI_CSV,3.599999905,EI_Excel,3.6,0.0
Argentina,2015,Oil,Production,EI_CSV,646.3601659,OWID,27176128.0,4204386.8
Argentina,2016,Lithium,Production,EI_CSV,5.800000191,EI_Excel,5.8,0.0
Argentina,2016,Oil,Production,EI_CSV,609.7357514,OWID,27176128.0,4456933.7
Argentina,2017,Lithium,Production,EI_CSV,5.699999809,EI_Excel,5.699999999999999,0.0
Argentina,2017,Oil,Production,EI_CSV,590.4261059,OWID,25463642.0,4312656.8
Argentina,2018,Lithium,Production,EI_CSV,6.400000095,EI_Excel,6.3999999999999995,0.0
Argentina,2018,Oil,Production,EI_CSV,591.6664003,OWID,26013729.0,4396588.6
Argentina,2019,Lithium,Production,EI_CSV,6.300000191,EI_Excel,6.3,0.0
Argentina,2019,Oil,Production,EI_CSV,719.6227497,OWID,26060312.0,3621285.2
Argentina,2020,Lithium,Production,EI_CSV,5.900000095,EI_Excel,5.8999999999999995,0.0
Argentina,2020,Lithium,Production,EI_CSV,5.900000095,OWID,5900.0,99900.0
Argentina,2020,Oil,Production,EI_CSV,721.0329708,OWID,25603785.0,3550886.7
Argentina,2021,Lithium,Production,EI_CSV,5.96691227,EI_Excel,5.96691230120863,0.0
Argentina,2021,Lithium,Production,EI_CSV,5.96691227,OWID,5970.0,99951.7
Argentina,2021,Oil,Production,EI_CSV,796.5231739,OWID,26521000.0,3329495.5
Argentina,2022,Lithium,Production,EI_CSV,6.377936363,EI_Excel,6.377936452849662,0.0
Argentina,2022,Lithium,Production,EI_CSV,6.377936363,OWID,6590.0,103225.0
Argentina,2022,Oil,Production,EI_CSV,954.9859924,OWID,30079000.0,3149579.7
Argentina,2022,Silver,Reserves,OWID,6500.0,OWID,6500.0,0.0
Argentina,2023,Lithium,Production,EI_CSV,8.630000114,EI_Excel,8.629999999999999,0.0
Argentina,2023,Lithium,Production,EI_CSV,8.630000114,OWID,8630.0,99900.0
Argentina,2023,Oil,Production,EI_CSV,1071.72279,OWID,32812000.0,3061512.6
Argentina,2023,Silver,Reserves,OWID,6500.0,OWID,6500.0,0.0
Argentina,2024,Lithium,Production,EI_CSV,18.0,EI_Excel,18.0,0.0
Argentina,2024,Lithium,Production,EI_CSV,18.0,EI_Excel,1.085747392815759,94.0
Argentina,2024,Lithium,Production,EI_CSV,18.0,EI_Excel,0.07357846387011444,99.6
Argentina,2024,Lithium,Production,EI_CSV,18.0,OWID,18000.0,99900.0
Argentina,2024,Lithium,Reserves,EI_CSV,4000.0,EI_Excel,4000.0,0.0
Argentina,2024,Lithium,Reserves,EI_CSV,4000.0,OWID,4000000.0,99900.0
Argentina,2024,Silver,Reserves,OWID,6500.0,OWID,6500.0,0.0
Australia,1970,Oil,Production,EI_CSV,176.0,OWID,8541000.0,4852740.9
Australia,1971,Oil,Production,EI_CSV,315.0,OWID,14803000.0,4699265.1
Australia,1972,Oil,Production,EI_CSV,337.0,OWID,17333000.0,5143223.4
Australia,1973,Oil,Production,EI_CSV,424.0,OWID,20635000.0,4866645.3
Australia,1974,Oil,Production,EI_CSV,420.0,OWID,24559000.0,5847281.0
Australia,1975,Oil,Production,EI_CSV,451.0,OWID,21738000.0,4819855.7
Australia,1976,Oil,Production,EI_CSV,461.0,OWID,22122000.0,4798598.5
Australia,1977,Oil,Production,EI_CSV,490.0,OWID,22793000.0,4651532.7
Australia,1978,Oil,Production,EI_CSV,490.0,OWID,22976000.0,4688879.6
Australia,1979,Oil,Production,EI_CSV,491.0,OWID,22380000.0,4557944.8
Australia,1980,Oil,Production,EI_CSV,460.0,OWID,19451000.0,4228378.3
Australia,1981,Coal,Production,EI_CSV,128.519,OWID,133585000.0,103941729.6
Australia,1981,Oil,Production,EI_CSV,449.0,OWID,19798921.0,4409459.2
Australia,1982,Coal,Production,EI_CSV,131.581,OWID,144922000.0,110138901.8
Australia,1982,Oil,Production,EI_CSV,443.0,OWID,18839167.0,4252533.6
Australia,1983,Coal,Production,EI_CSV,135.072,OWID,143017000.0,105881948.1
Australia,1983,Oil,Production,EI_CSV,431.0,OWID,21209115.0,4920808.4
Australia,1984,Coal,Production,EI_CSV,141.555,OWID,159472000.0,112657171.0
Australia,1984,Oil,Production,EI_CSV,562.7667187,OWID,26376971.0,4686916.9
Australia,1985,Coal,Production,EI_CSV,168.5635,OWID,195241000.0,115826280.0
Australia,1985,Oil,Production,EI_CSV,655.2011796,OWID,30447317.0,4646918.0
Australia,1986,Coal,Production,EI_CSV,180.326,OWID,207671000.0,115164102.6
Australia,1986,Oil,Production,EI_CSV,588.2174498,OWID,27151450.0,4615786.5
Australia,1987,Coal,Production,EI_CSV,190.074,OWID,223276000.0,117467833.5
Australia,1987,Oil,Production,EI_CSV,623.4070788,OWID,29076240.0,4663985.6
Australia,1988,Coal,Production,EI_CSV,189.5125,OWID,220054000.0,116115723.5
Australia,1988,Oil,Production,EI_CSV,592.6893655,OWID,27492622.0,4638522.5
Australia,1989,Coal,Production,EI_CSV,204.5395,OWID,238337000.0,116523603.2
Australia,1989,Oil,Production,EI_CSV,562.355655,OWID,25937279.0,4612155.4
Australia,1990,Coal,Production,EI_CSV,213.1425,OWID,210682000.0,98845508.0
Australia,1990,Oil,Production,EI_CSV,647.1793833,OWID,30547662.0,4720022.9
Australia,1991,Coal,Production,EI_CSV,221.1215,OWID,219596000.0,99310007.8
Australia,1991,Oil,Production,EI_CSV,613.0850379,OWID,28835416.0,4703230.6
Australia,1992,Coal,Production,EI_CSV,231.8315,OWID,229372000.0,98939000.2
Australia,1992,Oil,Production,EI_CSV,605.0290899,OWID,28326395.0,4681723.6
Australia,1993,Coal,Production,EI_CSV,230.8485,OWID,227693000.0,98632986.2
Australia,1993,Oil,Production,EI_CSV,567.785249,OWID,26300345.0,4631993.7
Australia,1994,Coal,Production,EI_CSV,236.387,OWID,232703000.0,98441438.7
Australia,1994,Oil,Production,EI_CSV,609.9913052,OWID,28505191.0,4672948.7
Australia,1995,Coal,Production,EI_CSV,248.1345,OWID,244285000.0,98448523.6
Australia,1995,Cobalt,Production,EI_CSV,0.824000001,EI_Excel,0.824,0.0
Australia,1995,Lithium,Production,EI_CSV,2.233481407,EI_Excel,2.2334814453125,0.0
Australia,1995,Oil,Production,EI_CSV,578.8428583,OWID,27031036.0,4669740.1
Australia,1995,Rare Earth,Production,EI_CSV,0.109999999,EI_Excel,0.10999999999999999,0.0
Australia,1996,Coal,Production,EI_CSV,256.9845,OWID,252242000.0,98154458.0
Australia,1996,Cobalt,Production,EI_CSV,0.941999972,EI_Excel,0.942,0.0
Australia,1996,Lithium,Production,EI_CSV,3.88213563,EI_Excel,3.8821357421875,0.0
Australia,1996,Oil,Production,EI_CSV,611.5729567,OWID,28406671.0,4644754.0
Australia,1997,Coal,Production,EI_CSV,281.0205,OWID,274850000.0,97804152.7
Australia,1997,Cobalt,Production,EI_CSV,1.218999982,EI_Excel,1.219,0.0
Australia,1997,Lithium,Production,EI_CSV,1.576606274,EI_Excel,1.5766063232421874,0.0
Australia,1997,Oil,Production,EI_CSV,658.2702007,OWID,30000000.0,4557299.1
Australia,1998,Coal,Production,EI_CSV,290.749,OWID,287640000.0,98930592.8
Australia,1998,Cobalt,Production,EI_CSV,1.269000053,EI_Excel,1.269,0.0
Australia,1998,Lithium,Production,EI_CSV,1.17999506,EI_Excel,1.1799951171875,0.0
Australia,1998,Oil,Production,EI_CSV,630.0988025,OWID,28000000.0,4443647.5
Australia,1999,Coal,Production,EI_CSV,305.832,OWID,298680000.0,97661361.2
Australia,1999,Cobalt,Production,EI_CSV,1.010344863,EI_Excel,1.0103448486328126,0.0
Australia,1999,Lithium,Production,EI_CSV,1.505701303,EI_Excel,1.5057012939453125,0.0
Australia,1999,Oil,Production,EI_CSV,612.4836256,OWID,27000000.0,4408181.1
Australia,2000,Coal,Production,EI_CSV,313.9175,OWID,312203000.0,99453737.4
Australia,2000,Cobalt,Production,EI_CSV,3.598479986,EI_Excel,3.59847998046875,0.0
Australia,2000,Lithium,Production,EI_CSV,1.825693846,EI_Excel,1.8256938476562499,0.0
Australia,2000,Oil,Production,EI_CSV,805.5982622,OWID,37000000.0,4592760.0
Australia,2001,Coal,Production,EI_CSV,335.482,OWID,331668000.0,98863028.3
Australia,2001,Cobalt,Production,EI_CSV,4.311939716,EI_Excel,4.31193994140625,0.0
Australia,2001,Lithium,Production,EI_CSV,2.22578907,EI_Excel,2.2257890624999996,0.0
Australia,2001,Oil,Production,EI_CSV,747.9749909,OWID,34000000.0,4545506.5
Australia,2002,Coal,Production,EI_CSV,343.2475,OWID,339221000.0,98826839.7
Australia,2002,Cobalt,Production,EI_CSV,4.854000092,EI_Excel,4.854,0.0
Australia,2002,Lithium,Production,EI_CSV,2.20421648,EI_Excel,2.204216552734375,0.0
Australia,2002,Oil,Production,EI_CSV,748.8681551,OWID,33000000.0,4406550.2
Australia,2003,Coal,Production,EI_CSV,351.054,OWID,347509000.0,98990083.8
Australia,2003,Cobalt,Production,EI_CSV,5.119999886,EI_Excel,5.12,0.0
Australia,2003,Lithium,Production,EI_CSV,3.5,EI_Excel,3.5,0.0
Australia,2003,Oil,Production,EI_CSV,654.8500842,OWID,27000000.0,4122981.1
Australia,2004,Coal,Production,EI_CSV,363.15015,OWID,361153000.0,99449948.4
Australia,2004,Cobalt,Production,EI_CSV,4.550000191,EI_Excel,4.55,0.0
Australia,2004,Lithium,Production,EI_CSV,3.301405191,EI_Excel,3.3014052734375,0.0
Australia,2004,Oil,Production,EI_CSV,574.0345097,OWID,20748000.0,3614316.8
Australia,2005,Coal,Production,EI_CSV,378.762536,OWID,375040000.0,99017084.7
Australia,2005,Cobalt,Production,EI_CSV,4.110000134,EI_Excel,4.110000000000001,0.0
Australia,2005,Lithium,Production,EI_CSV,4.839465141,EI_Excel,4.83946533203125,0.0
Australia,2005,Oil,Production,EI_CSV,569.8146693,OWID,25606556.0,4493739.4
Australia,2006,Coal,Production,EI_CSV,385.793573,OWID,383176000.0,99321409.4
Australia,2006,Cobalt,Production,EI_CSV,5.050000191,EI_Excel,5.05,0.0
Australia,2006,Lithium,Production,EI_CSV,6.190284729,EI_Excel,6.19028466796875,0.0
Australia,2006,Oil,Production,EI_CSV,523.5634771,OWID,23814501.0,4548441.3
Australia,2007,Coal,Production,EI_CSV,396.513704,OWID,392427000.0,98969241.0
Australia,2007,Cobalt,Production,EI_CSV,4.739999771,EI_Excel,4.74,0.0
Australia,2007,Lithium,Production,EI_CSV,6.836289883,EI_Excel,6.8362900390625,0.0
Australia,2007,Oil,Production,EI_CSV,551.8027958,OWID,24694639.0,4475165.3
Australia,2007,Rare Earth,Production,EI_CSV,0.0,EI_Excel,0.0,inf
Australia,2008,Coal,Production,EI_CSV,408.0465021,OWID,403190000.0,98809716.5
Australia,2008,Cobalt,Production,EI_CSV,4.789999962,EI_Excel,4.79,0.0
Australia,2008,Lithium,Production,EI_CSV,6.676001549,EI_Excel,6.67600146484375,0.0
Australia,2008,Oil,Production,EI_CSV,545.4122125,OWID,24234027.0,4443149.8
Australia,2008,Rare Earth,Production,EI_CSV,0.0,EI_Excel,0.0,inf
Australia,2009,Coal,Production,EI_CSV,422.519808,OWID,418563000.0,99063421.3
Australia,2009,Cobalt,Production,EI_CSV,4.630000114,EI_Excel,4.63,0.0
Australia,2009,Lithium,Production,EI_CSV,5.504116535,EI_Excel,5.504116699218749,0.0
Australia,2009,Oil,Production,EI_CSV,541.9796497,OWID,22863526.0,4218421.1
Australia,2009,Rare Earth,Production,EI_CSV,0.0,EI_Excel,0.0,inf
Australia,2010,Coal,Production,EI_CSV,434.4018897,OWID,431678000.0,99372856.3
Australia,2010,Cobalt,Production,EI_CSV,3.849999905,EI_Excel,3.85,0.0
Australia,2010,Lithium,Production,EI_CSV,8.465378761,EI_Excel,8.465378906249999,0.0
Australia,2010,Oil,Production,EI_CSV,549.7846804,OWID,24852300.0,4520269.7
Australia,2010,Rare Earth,Production,EI_CSV,0.0,EI_Excel,0.0,inf
Australia,2011,Coal,Production,EI_CSV,423.2415873,OWID,418777000.0,98945044.5
Australia,2011,Cobalt,Production,EI_CSV,3.849999905,EI_Excel,3.85,0.0
Australia,2011,Lithium,Production,EI_CSV,11.69999981,EI_Excel,11.700000000000001,0.0
Australia,2011,Oil,Production,EI_CSV,478.8871661,OWID,21858083.0,4564249.3
Australia,2011,Rare Earth,Production,EI_CSV,2.187999964,EI_Excel,2.1879999999999997,0.0
Australia,2012,Coal,Production,EI_CSV,448.2076959,OWID,450169000.0,100437488.2
Australia,2012,Cobalt,Production,EI_CSV,5.880000114,EI_Excel,5.88,0.0
Australia,2012,Lithium,Production,EI_CSV,12.69999981,EI_Excel,12.7,0.0
Australia,2012,Oil,Production,EI_CSV,472.3333507,OWID,21672309.0,4588250.4
Australia,2012,Rare Earth,Production,EI_CSV,3.221999884,EI_Excel,3.222,0.0
Australia,2013,Coal,Production,EI_CSV,472.7847767,OWID,471168000.0,99657931.1
Australia,2013,Cobalt,Production,EI_CSV,6.400000095,EI_Excel,6.4,0.0
Australia,2013,Lithium,Production,EI_CSV,10.11734962,EI_Excel,10.117349609375,0.0
Australia,2013,Oil,Production,EI_CSV,400.5602318,OWID,18238139.0,4553057.7
Australia,2013,Rare Earth,Production,EI_CSV,1.268000007,EI_Excel,1.268,0.0
Australia,2013,Zinc,Production,EI_Excel,1520.0,OWID,1510738.0,99290.7
Australia,2014,Aluminium,Production,EI_Excel,1700.0,OWID,1704991.0,100193.6
Australia,2014,Coal,Production,EI_CSV,505.2704105,OWID,499521000.0,98862012.2
Australia,2014,Cobalt,Production,EI_CSV,6.201255798,EI_Excel,6.201255859375,0.0
Australia,2014,Copper,Production,EI_Excel,1000.0,OWID,978534.0,97753.4
Australia,2014,Lithium,Production,EI_CSV,12.37493992,EI_Excel,12.374939453124998,0.0
Australia,2014,Oil,Production,EI_CSV,420.2556276,OWID,19558279.0,4653800.6
Australia,2014,Rare Earth,Production,EI_CSV,6.199999809,EI_Excel,6.2,0.0
Australia,2014,Zinc,Production,EI_Excel,1560.0,OWID,1505968.0,96436.4
Australia,2015,Aluminium,Production,EI_Excel,1650.0,OWID,1645963.0,99655.3
Australia,2015,Bauxite,Production,EI_Excel,80900.0,OWID,80909261.0,99911.4
Australia,2015,Coal,Production,EI_CSV,503.7454886,OWID,500936000.0,99442180.1
Australia,2015,Cobalt,Production,EI_CSV,6.03000021,EI_Excel,6.03,0.0
Australia,2015,Copper,Production,EI_Excel,971.0,OWID,995881.0,102462.4
Australia,2015,Lithium,Production,EI_CSV,11.92899609,EI_Excel,11.92899609375,0.0
Australia,2015,Oil,Production,EI_CSV,378.4788865,OWID,17203247.0,4545265.0
Australia,2015,Rare Earth,Production,EI_CSV,11.90699959,EI_Excel,11.907,0.0
Australia,2015,Zinc,Production,EI_Excel,1600.0,OWID,1610004.0,100525.2
Australia,2016,Aluminium,Production,EI_Excel,1630.0,OWID,1633904.0,100139.5
Australia,2016,Bauxite,Production,EI_Excel,82000.0,OWID,83517148.0,101750.2
Australia,2016,Coal,Production,EI_CSV,502.1274479,OWID,503206000.0,100214696.5
Australia,2016,Cobalt,Production,EI_CSV,5.46999979,EI_Excel,5.47,0.0
Australia,2016,Copper,Production,EI_Excel,970.0,OWID,947555.0,97586.1
Australia,2016,Lithium,Production,EI_CSV,14.0,EI_Excel,14.0,0.0
Australia,2016,Oil,Production,EI_CSV,353.2232446,OWID,16112627.0,4561498.7
Australia,2016,Rare Earth,Production,EI_CSV,13.87300014,EI_Excel,13.873,0.0
Australia,2016,Zinc,Production,EI_Excel,965.0,OWID,884826.0,91591.8
Australia,2017,Aluminium,Production,EI_Excel,1450.0,OWID,1487555.0,102490.0
Australia,2017,Bauxite,Production,EI_Excel,87900.0,OWID,89420589.0,101629.9
Australia,2017,Coal,Production,EI_CSV,487.2262037,OWID,491984000.0,100976406.7
Australia,2017,Cobalt,Production,EI_CSV,5.800000191,EI_Excel,5.8,0.0
Australia,2017,Copper,Production,EI_Excel,860.0,OWID,849121.0,98635.0
Australia,2017,Lithium,Production,EI_CSV,21.29999924,EI_Excel,21.3,0.0
Australia,2017,Oil,Production,EI_CSV,322.1192422,OWID,15495471.0,4810376.7
Australia,2017,Rare Earth,Production,EI_CSV,17.26300049,EI_Excel,17.263,0.0
Australia,2017,Zinc,Production,EI_Excel,842.0,OWID,852164.0,101107.1
Australia,2018,Aluminium,Production,EI_Excel,1580.0,OWID,1574240.0,99535.4
Australia,2018,Bauxite,Production,EI_Excel,86400.0,OWID,95947593.0,110950.5
Australia,2018,Coal,Production,EI_CSV,501.9602271,OWID,502603000.0,100127952.6
Australia,2018,Cobalt,Production,EI_CSV,4.900000095,EI_Excel,4.8999999999999995,0.0
Australia,2018,Copper,Production,EI_Excel,950.0,OWID,910896.0,95783.8
Australia,2018,Lithium,Production,EI_CSV,57.0,EI_Excel,57.0,0.0
Australia,2018,Oil,Production,EI_CSV,342.1206287,OWID,16206743.0,4737042.9
Australia,2018,Rare Earth,Production,EI_CSV,18.55599976,EI_Excel,18.556,0.0
Australia,2018,Zinc,Production,EI_Excel,1110.0,OWID,1146781.0,103213.6
Australia,2019,Aluminium,Production,EI_Excel,1570.0,OWID,1569591.0,99873.9
Australia,2019,Bauxite,Production,EI_Excel,105000.0,OWID,107422912.0,102207.5
Australia,2019,Coal,Production,EI_CSV,505.4084284,OWID,523983000.0,103675060.6
Australia,2019,Cobalt,Production,EI_CSV,5.699999809,EI_Excel,5.7,0.0
Australia,2019,Copper,Production,EI_Excel,934.0,OWID,925157.0,98953.2
Australia,2019,Lithium,Production,EI_CSV,45.0,EI_Excel,45.0,0.0
Australia,2019,Oil,Production,EI_CSV,457.9666697,OWID,20931300.0,4570385.4
Australia,2019,Rare Earth,Production,EI_CSV,17.61300087,EI_Excel,17.613,0.0
Australia,2019,Zinc,Production,EI_Excel,1330.0,OWID,1337321.0,100450.5
Australia,2020,Aluminium,Production,EI_Excel,1580.0,OWID,1580000.0,99900.0
Australia,2020,Bauxite,Production,EI_Excel,110000.0,OWID,104000000.0,94445.5
Australia,2020,Cadmium,Production,OWID,348.0,OWID,348.0,0.0
Australia,2020,Coal,Production,EI_CSV,467.8711524,OWID,486875000.0,104061669.5
Australia,2020,Cobalt,Production,EI_CSV,5.599999905,EI_Excel,5.6,0.0
Australia,2020,Cobalt,Production,EI_CSV,5.599999905,OWID,5630.0,100435.7
Australia,2020,Copper,Production,EI_Excel,885.0,OWID,885000.0,99900.0
Australia,2020,Lithium,Production,EI_CSV,39.70000076,EI_Excel,39.699999999999996,0.0
Australia,2020,Lithium,Production,EI_CSV,39.70000076,OWID,39700.0,99900.0
Australia,2020,Manganese,Production,EI_Excel,3260.0,OWID,3330000.0,102047.2
Australia,2020,Nickel,Production,EI_Excel,160.0,OWID,169000.0,105525.0
Australia,2020,Oil,Production,EI_CSV,454.4522551,OWID,20442600.0,4498194.3
Australia,2020,Rare Earth,Production,EI_CSV,21.0890007,EI_Excel,21.089,0.0
Australia,2020,Rare Earth,Production,EI_CSV,21.0890007,OWID,21000.0,99478.0
Australia,2020,Tin,Production,EI_Excel,8.12,OWID,8120.0,99900.0
Australia,2020,Vanadium,Production,EI_Excel,0.0,OWID,0.0,inf
Australia,2020,Zinc,Production,EI_Excel,1310.0,OWID,1310000.0,99900.0
Australia,2021,Aluminium,Production,EI_Excel,1570.0,OWID,1570000.0,99900.0
Australia,2021,Bauxite,Production,EI_Excel,103000.0,OWID,103000000.0,99900.0
Australia,2021,Cadmium,Production,OWID,402.0,OWID,402.0,0.0
Australia,2021,Coal,Production,EI_CSV,478.825734,OWID,480129000.0,100272079.6
Australia,2021,Cobalt,Production,EI_CSV,5.295000076,EI_Excel,5.294999999999999,0.0
Australia,2021,Cobalt,Production,EI_CSV,5.295000076,OWID,5295.0,99900.0
Australia,2021,Copper,Production,EI_Excel,900.0,OWID,813000.0,90233.3
Australia,2021,Lithium,Production,EI_CSV,55.29999924,EI_Excel,55.3,0.0
Australia,2021,Lithium,Production,EI_CSV,55.29999924,OWID,55300.0,99900.0
Australia,2021,Manganese,Production,EI_Excel,3300.0,OWID,3260000.0,98687.9
Australia,2021,Nickel,Production,EI_Excel,151.0,OWID,151000.0,99900.0
Australia,2021,Oil,Production,EI_CSV,443.6021727,OWID,19430000.0,4379950.7
Australia,2021,Rare Earth,Production,EI_CSV,22.54000092,EI_Excel,22.54,0.0
Australia,2021,Rare Earth,Production,EI_CSV,22.54000092,OWID,24000.0,106377.4
Australia,2021,Tin,Production,EI_Excel,8.772,OWID,8772.0,99900.0
Australia,2021,Vanadium,Production,EI_Excel,0.0,OWID,0.0,inf
Australia,2021,Zinc,Production,EI_Excel,1320.0,OWID,1320000.0,99900.0
Australia,2022,Aluminium,Production,EI_Excel,1510.0,OWID,1510000.0,99900.0
Australia,2022,Bauxite,Production,EI_Excel,102000.0,OWID,102000000.0,99900.0
Australia,2022,Cadmium,Production,OWID,328.0,OWID,328.0,0.0
Australia,2022,Coal,Production,EI_CSV,458.4678333,OWID,457962000.0,99889568.7
Australia,2022,Cobalt,Production,EI_CSV,5.789999962,EI_Excel,5.79,0.0
Australia,2022,Cobalt,Production,EI_CSV,5.789999962,OWID,5790.0,99900.0
Australia,2022,Copper,Production,EI_Excel,819.0,OWID,819000.0,99900.0
Australia,2022,Gold,Reserves,OWID,8400.0,OWID,8400.0,0.0
Australia,2022,Lithium,Production,EI_CSV,74.69999695,EI_Excel,74.7,0.0
Australia,2022,Lithium,Production,EI_CSV,74.69999695,OWID,74700.0,99900.0
Australia,2022,Manganese,Production,EI_Excel,3040.0,OWID,3040000.0,99900.0
Australia,2022,Nickel,Production,EI_Excel,155.0,OWID,155000.0,99900.0
Australia,2022,Oil,Production,EI_CSV,411.5498536,OWID,18047000.0,4385030.9
Australia,2022,Rare Earth,Production,EI_CSV,15.97000027,EI_Excel,15.969999999999999,0.0
Australia,2022,Rare Earth,Production,EI_CSV,15.97000027,OWID,18000.0,112611.3
Australia,2022,Silver,Reserves,OWID,92000.0,OWID,92000.0,0.0
Australia,2022,Tin,Production,EI_Excel,9.0,OWID,9000.0,99900.0
Australia,2022,Vanadium,Production,EI_Excel,0.0,OWID,0.0,inf
Australia,2022,Zinc,Production,EI_Excel,1240.0,OWID,1240000.0,99900.0
Australia,2023,Aluminium,Production,EI_Excel,1560.0,OWID,1560000.0,99900.0
Australia,2023,Bauxite,Production,EI_Excel,104000.0,OWID,104000000.0,99900.0
Australia,2023,Cadmium,Production,OWID,900.0,OWID,900.0,0.0
Australia,2023,Coal,Production,EI_CSV,460.3805916,OWID,466923000.0,101420986.9
Australia,2023,Cobalt,Production,EI_CSV,5.21999979,EI_Excel,5.22,0.0
Australia,2023,Cobalt,Production,EI_CSV,5.21999979,OWID,5220.0,99900.0
Australia,2023,Copper,Production,EI_Excel,778.0,OWID,778000.0,99900.0
Australia,2023,Gold,Reserves,OWID,12000.0,OWID,12000.0,0.0
Australia,2023,Lithium,Production,EI_CSV,91.69999695,EI_Excel,91.69999999999999,0.0
Australia,2023,Lithium,Production,EI_CSV,91.69999695,OWID,91700.0,99900.0
Australia,2023,Manganese,Production,EI_Excel,2860.0,OWID,2860000.0,99900.0
Australia,2023,Nickel,Production,EI_Excel,149.0,OWID,149000.0,99900.0
Australia,2023,Oil,Production,EI_CSV,381.03376,OWID,16065300.0,4216140.6
Australia,2023,Rare Earth,Production,EI_CSV,16.0,EI_Excel,16.0,0.0
Australia,2023,Rare Earth,Production,EI_CSV,16.0,OWID,16000.0,99900.0
Australia,2023,Silver,Reserves,OWID,94000.0,OWID,94000.0,0.0
Australia,2023,Tin,Production,EI_Excel,9.85,OWID,9850.0,99900.0
Australia,2023,Zinc,Production,EI_Excel,1090.0,OWID,1090000.0,99900.0
Australia,2024,Aluminium,Production,EI_Excel,1500.0,EI_Excel,-0.038461538461538436,100.0
Australia,2024,Aluminium,Production,EI_Excel,1500.0,EI_Excel,0.020943870427254957,100.0
Australia,2024,Aluminium,Production,EI_Excel,1500.0,OWID,1500000.0,99900.0
Australia,2024,Bauxite,Production,EI_Excel,100000.0,EI_Excel,-0.038461538461538436,100.0
Australia,2024,Bauxite,Production,EI_Excel,100000.0,EI_Excel,0.2219829739059014,100.0
Australia,2024,Bauxite,Production,EI_Excel,100000.0,OWID,100000000.0,99900.0
Australia,2024,Cadmium,Production,OWID,900.0,OWID,900.0,0.0
Australia,2024,Cobalt,Production,EI_CSV,3.599999905,EI_Excel,3.6,0.0
Australia,2024,Cobalt,Production,EI_CSV,3.599999905,EI_Excel,-0.31034482758620685,108.6
Australia,2024,Cobalt,Production,EI_CSV,3.599999905,EI_Excel,0.013293160452766944,99.6
Australia,2024,Cobalt,Production,EI_CSV,3.599999905,OWID,3600.0,99900.0
Australia,2024,Cobalt,Reserves,EI_CSV,1700.0,EI_Excel,1700.0,0.0
Australia,2024,Cobalt,Reserves,EI_CSV,1700.0,OWID,1700000.0,99900.0
Australia,2024,Copper,Production,EI_Excel,800.0,EI_Excel,0.028277634961439535,100.0
Australia,2024,Copper,Production,EI_Excel,800.0,EI_Excel,0.03538257408226449,100.0
Australia,2024,Copper,Production,EI_Excel,800.0,OWID,800000.0,99900.0
Australia,2024,Copper,Reserves,EI_Excel,100000.0,OWID,100000000.0,99900.0
Australia,2024,Gold,Reserves,OWID,12000.0,OWID,12000.0,0.0
Australia,2024,Lithium,Production,EI_CSV,88.0,EI_Excel,88.0,0.0
Australia,2024,Lithium,Production,EI_CSV,88.0,EI_Excel,-0.040348964013086075,100.0
Australia,2024,Lithium,Production,EI_CSV,88.0,EI_Excel,0.359716934476115,99.6
Australia,2024,Lithium,Production,EI_CSV,88.0,OWID,88000.0,99900.0
Australia,2024,Lithium,Reserves,EI_CSV,7000.0,EI_Excel,7000.0,0.0
Australia,2024,Lithium,Reserves,EI_CSV,7000.0,OWID,7000000.0,99900.0
Australia,2024,Manganese,Production,EI_Excel,2800.0,EI_Excel,-0.020979020979020935,100.0
Australia,2024,Manganese,Production,EI_Excel,2800.0,EI_Excel,0.1330166270783848,100.0
Australia,2024,Manganese,Production,EI_Excel,2800.0,OWID,2800000.0,99900.0
Australia,2024,Manganese,Reserves,EI_Excel,500000.0,OWID,500000000.0,99900.0
Australia,2024,Nickel,Production,EI_Excel,110.0,EI_Excel,-0.261744966442953,100.2
Australia,2024,Nickel,Production,EI_Excel,110.0,EI_Excel,0.028773937300021136,100.0
Australia,2024,Nickel,Production,EI_Excel,110.0,OWID,110000.0,99900.0
Australia,2024,Nickel,Reserves,EI_Excel,24000.0,OWID,24000000.0,99900.0
Australia,2024,Rare Earth,Production,EI_CSV,13.0,EI_Excel,13.0,0.0
Australia,2024,Rare Earth,Production,EI_CSV,13.0,EI_Excel,-0.1875,101.4
Australia,2024,Rare Earth,Production,EI_CSV,13.0,EI_Excel,0.034224035803606695,99.7
Australia,2024,Rare Earth,Production,EI_CSV,13.0,OWID,13000.0,99900.0
Australia,2024,Rare Earth,Reserves,EI_CSV,5700.0,EI_Excel,5700.0,0.0
Australia,2024,Rare Earth,Reserves,EI_CSV,5700.0,OWID,5700000.0,99900.0
Australia,2024,Silver,Reserves,OWID,94000.0,OWID,94000.0,0.0
Australia,2024,Tin,Production,EI_Excel,9.9,EI_Excel,0.005076142131979822,99.9
Australia,2024,Tin,Production,EI_Excel,9.9,EI_Excel,0.03350253807106599,99.7
Australia,2024,Tin,Production,EI_Excel,9.9,OWID,9900.0,99900.0
Australia,2024,Tin,Reserves,EI_Excel,620.0,OWID,620000.0,99900.0
Australia,2024,Vanadium,Production,EI_Excel,0.0,EI_Excel,0.0,inf
Australia,2024,Vanadium,Production,EI_Excel,0.0,EI_Excel,0.0,inf
Australia,2024,Vanadium,Reserves,EI_Excel,8500.0,OWID,8500000.0,99900.0
Australia,2024,Zinc,Production,EI_Excel,1100.0,EI_Excel,0.00917431192660545,100.0
Australia,2024,Zinc,Production,EI_Excel,1100.0,EI_Excel,0.09197324414715718,100.0
Australia,2024,Zinc,Production,EI_Excel,1100.0,OWID,1100000.0,99900.0
Australia,2024,Zinc,Reserves,EI_Excel,64000.0,OWID,64000000.0,99900.0
Azerbaijan,1992,Oil,Production,EI_CSV,227.5371858,OWID,11158000.0,4903713.8
Azerbaijan,1993,Oil,Production,EI_CSV,207.4040822,OWID,10262000.0,4947729.3
Azerbaijan,1994,Oil,Production,EI_CSV,193.4217534,OWID,9600000.0,4963147.3
Azerbaijan,1995,Oil,Production,EI_CSV,185.0685205,OWID,9161300.0,4950120.6
Azerbaijan,1996,Oil,Production,EI_CSV,183.2893989,OWID,9100300.0,4964889.8
Azerbaijan,1997,Oil,Production,EI_CSV,182.3065753,OWID,9100000.0,4991491.8
Azerbaijan,1998,Oil,Production,EI_CSV,230.6956164,OWID,11400000.0,4941476.3
Azerbaijan,1999,Oil,Production,EI_CSV,278.7186301,OWID,13800000.0,4951129.8
Azerbaijan,2000,Oil,Production,EI_CSV,281.1849727,OWID,14000000.0,4978828.9
Azerbaijan,2001,Oil,Production,EI_CSV,300.1553425,OWID,14909100.0,4967028.0
Azerbaijan,2002,Oil,Production,EI_CSV,307.039589,OWID,15333500.0,4993881.4
Azerbaijan,2003,Oil,Production,EI_CSV,307.9339726,OWID,15251300.0,4952682.5
Azerbaijan,2004,Oil,Production,EI_CSV,308.6536885,OWID,15348800.0,4972722.5
Azerbaijan,2005,Oil,Production,EI_CSV,444.9186027,OWID,22214200.0,4992768.3
Azerbaijan,2006,Oil,Production,EI_CSV,646.1666849,OWID,32185900.0,4980952.2
Azerbaijan,2007,Oil,Production,EI_CSV,857.2475068,OWID,42523200.0,4960334.4
Azerbaijan,2008,Oil,Production,EI_CSV,896.195082,OWID,42074700.0,4694714.9
Azerbaijan,2009,Oil,Production,EI_CSV,1015.935288,OWID,48353700.0,4759425.6
Azerbaijan,2010,Oil,Production,EI_CSV,1024.942822,OWID,48580900.0,4739764.4
Azerbaijan,2011,Oil,Production,EI_CSV,920.4818904,OWID,43195200.0,4692572.4
Azerbaijan,2012,Oil,Production,EI_CSV,873.3072678,OWID,43600000.0,4992415.4
Azerbaijan,2013,Oil,Production,EI_CSV,878.3482055,OWID,43500000.0,4952377.8
Azerbaijan,2014,Oil,Production,EI_CSV,851.1268356,OWID,41952400.0,4928942.1
Azerbaijan,2015,Oil,Production,EI_CSV,841.2962329,OWID,41628300.0,4948014.4
Azerbaijan,2016,Oil,Production,EI_CSV,827.6338388,OWID,40999100.0,4953672.8
Azerbaijan,2017,Oil,Production,EI_CSV,782.277589,OWID,38688400.0,4945510.2
Azerbaijan,2018,Oil,Production,EI_CSV,784.1662603,OWID,38814300.0,4949653.9
Azerbaijan,2019,Oil,Production,EI_CSV,762.8150685,OWID,37501200.0,4916058.8
Azerbaijan,2020,Oil,Production,EI_CSV,703.1304235,OWID,34531900.0,4911065.7
Azerbaijan,2021,Oil,Production,EI_CSV,708.1899041,OWID,34580300.0,4882813.4
Azerbaijan,2022,Oil,Production,EI_CSV,668.5600548,OWID,32646400.0,4882991.6
Azerbaijan,2023,Oil,Production,EI_CSV,621.3746301,OWID,30147400.0,4851626.9
Bolivia,2020,Tin,Production,EI_Excel,14.7,OWID,14700.0,99900.0
Bolivia,2021,Tin,Production,EI_Excel,19.628,OWID,19628.0,99900.0
Bolivia,2022,Silver,Reserves,OWID,22000.0,OWID,22000.0,0.0
Bolivia,2022,Tin,Production,EI_Excel,17.6,OWID,17600.0,99900.0
Bolivia,2023,Silver,Reserves,OWID,22000.0,OWID,22000.0,0.0
Bolivia,2023,Tin,Production,EI_Excel,18.7,OWID,18700.0,99900.0
Bolivia,2024,Silver,Reserves,OWID,22000.0,OWID,22000.0,0.0
Bolivia,2024,Tin,Production,EI_Excel,21.0,EI_Excel,0.12299465240641716,99.4
Bolivia,2024,Tin,Production,EI_Excel,21.0,EI_Excel,0.07106598984771574,99.7
Bolivia,2024,Tin,Production,EI_Excel,21.0,OWID,21000.0,99900.0
Bolivia,2024,Tin,Reserves,EI_Excel,400.0,OWID,400000.0,99900.0
Brazil,1970,Oil,Production,EI_CSV,166.6810307,OWID,8835000.0,5300443.2
Brazil,1971,Oil,Production,EI_CSV,174.8450014,OWID,9028000.0,5163330.4
Brazil,1972,Oil,Production,EI_CSV,171.1862906,OWID,9077000.0,5302310.6
Brazil,1973,Oil,Production,EI_CSV,173.986204,OWID,9216000.0,5296871.7
Brazil,1974,Oil,Production,EI_CSV,181.7622396,OWID,9638000.0,5302431.5
Brazil,1975,Oil,Production,EI_CSV,177.4148263,OWID,9383000.0,5288635.0
Brazil,1976,Oil,Production,EI_CSV,172.3305367,OWID,9127000.0,5296117.5
Brazil,1977,Oil,Production,EI_CSV,166.7199989,OWID,8809000.0,5283609.2
Brazil,1978,Oil,Production,EI_CSV,165.8252473,OWID,8791000.0,5301264.0
Brazil,1979,Oil,Production,EI_CSV,171.6450149,OWID,9056000.0,5275905.3
Brazil,1980,Oil,Production,EI_CSV,187.7781923,OWID,9636000.0,5131486.3
Brazil,1981,Coal,Production,EI_CSV,5.689,OWID,6085839.0,106975449.3
Brazil,1981,Oil,Production,EI_CSV,220.0210091,OWID,11298000.0,5134864.2
Brazil,1982,Coal,Production,EI_CSV,6.346,OWID,6472053.0,101986237.9
Brazil,1982,Oil,Production,EI_CSV,267.9146727,OWID,13756000.0,5134370.6
Brazil,1983,Coal,Production,EI_CSV,6.737,OWID,6935478.0,102945988.8
Brazil,1983,Oil,Production,EI_CSV,339.4241148,OWID,17461000.0,5144201.6
Brazil,1984,Coal,Production,EI_CSV,7.519,OWID,7751732.0,103095152.0
Brazil,1984,Oil,Production,EI_CSV,473.7270973,OWID,24482865.0,5168036.9
Brazil,1985,Coal,Production,EI_CSV,7.712,OWID,7934784.0,102888696.7
Brazil,1985,Oil,Production,EI_CSV,560.9602415,OWID,28889605.0,5149927.2
Brazil,1986,Coal,Production,EI_CSV,7.391,OWID,7491495.0,101359594.2
Brazil,1986,Oil,Production,EI_CSV,591.1207808,OWID,30287000.0,5123556.8
Brazil,1987,Coal,Production,EI_CSV,6.884,OWID,6741984.0,97936913.4
Brazil,1987,Oil,Production,EI_CSV,589.7826002,OWID,29641987.0,5025817.5
Brazil,1988,Coal,Production,EI_CSV,7.331,OWID,7686516.0,104849388.5
Brazil,1988,Oil,Production,EI_CSV,573.5153549,OWID,28979383.0,5052839.3
Brazil,1989,Coal,Production,EI_CSV,6.671,OWID,6837044.0,102488942.1
Brazil,1989,Oil,Production,EI_CSV,613.1983881,OWID,30977843.0,5051746.8
Brazil,1990,Coal,Production,EI_CSV,4.116666,OWID,5218469.0,126764349.7
Brazil,1990,Oil,Production,EI_CSV,650.5360011,OWID,32825392.0,5045799.4
Brazil,1991,Coal,Production,EI_CSV,4.910049,OWID,5200000.0,105905156.7
Brazil,1991,Oil,Production,EI_CSV,643.3515669,OWID,32478773.0,5048270.9
Brazil,1992,Coal,Production,EI_CSV,4.629,OWID,4896096.0,105769958.3
Brazil,1992,Oil,Production,EI_CSV,652.6,OWID,32799027.0,5025800.6
Brazil,1993,Coal,Production,EI_CSV,4.550757,OWID,4854301.0,106670087.0
Brazil,1993,Oil,Production,EI_CSV,667.4,OWID,34570042.0,5179708.5
Brazil,1994,Coal,Production,EI_CSV,5.140475,OWID,5352248.0,104119616.6
Brazil,1994,Oil,Production,EI_CSV,691.7,OWID,35839524.0,5181268.2
Brazil,1995,Coal,Production,EI_CSV,5.101425,OWID,5524961.0,108302207.7
Brazil,1995,Lithium,Production,EI_CSV,0.032000002,EI_Excel,0.032,0.0
Brazil,1995,Oil,Production,EI_CSV,714.9,OWID,37046259.0,5181919.7
Brazil,1995,Rare Earth,Production,EI_CSV,0.103,EI_Excel,0.103,0.0
Brazil,1996,Coal,Production,EI_CSV,4.761189,OWID,4787615.0,100554929.4
Brazil,1996,Lithium,Production,EI_CSV,0.032000002,EI_Excel,0.032,0.0
Brazil,1996,Oil,Production,EI_CSV,808.4,OWID,41851471.0,5176974.6
Brazil,1997,Coal,Production,EI_CSV,5.6326,OWID,5542000.0,98391406.6
Brazil,1997,Lithium,Production,EI_CSV,0.032000002,EI_Excel,0.032,0.0
Brazil,1997,Oil,Production,EI_CSV,869.4,OWID,44545677.0,5123626.4
Brazil,1998,Coal,Production,EI_CSV,5.570416,OWID,5084357.0,91274178.3
Brazil,1998,Lithium,Production,EI_CSV,0.032000002,EI_Excel,0.032,0.0
Brazil,1998,Oil,Production,EI_CSV,1003.2,OWID,51620023.0,5145436.6
Brazil,1999,Coal,Production,EI_CSV,5.719608,OWID,6062963.0,106003021.2
Brazil,1999,Lithium,Production,EI_CSV,0.032000002,EI_Excel,0.032,0.0
Brazil,1999,Oil,Production,EI_CSV,1132.4,OWID,58310277.0,5149165.0
Brazil,2000,Coal,Production,EI_CSV,6.696842,OWID,6797294.0,101499890.6
Brazil,2000,Lithium,Production,EI_CSV,0.029999999,EI_Excel,0.03,0.0
Brazil,2000,Oil,Production,EI_CSV,1276.2,OWID,65720000.0,5149563.1
Brazil,2001,Coal,Production,EI_CSV,5.645578,OWID,5645578.0,99999900.0
Brazil,2001,Lithium,Production,EI_CSV,0.219999999,EI_Excel,0.21999999999999997,0.0
Brazil,2001,Oil,Production,EI_CSV,1339.1,OWID,68950000.0,5148880.7
Brazil,2001,Rare Earth,Production,EI_CSV,0.0,EI_Excel,0.0,inf
Brazil,2002,Coal,Production,EI_CSV,7.595625,OWID,5143488.0,67716355.2
Brazil,2002,Lithium,Production,EI_CSV,0.224000007,EI_Excel,0.224,0.0
Brazil,2002,Oil,Production,EI_CSV,1497.7,OWID,77600000.0,5181178.0
Brazil,2002,Rare Earth,Production,EI_CSV,0.0,EI_Excel,0.0,inf
Brazil,2003,Coal,Production,EI_CSV,6.809558,OWID,4643319.0,68188158.3
Brazil,2003,Lithium,Production,EI_CSV,0.239999995,EI_Excel,0.24,0.0
Brazil,2003,Oil,Production,EI_CSV,1557.8,OWID,80300000.0,5154605.4
Brazil,2003,Rare Earth,Production,EI_CSV,0.0,EI_Excel,0.0,inf
Brazil,2004,Coal,Production,EI_CSV,7.80751,OWID,5408278.0,69270102.7
Brazil,2004,Lithium,Production,EI_CSV,0.241999999,EI_Excel,0.242,0.0
Brazil,2004,Oil,Production,EI_CSV,1542.8,OWID,79820000.0,5173610.1
Brazil,2004,Rare Earth,Production,EI_CSV,0.40200001,EI_Excel,0.40199999999999997,0.0
Brazil,2005,Coal,Production,EI_CSV,8.017757,OWID,6048105.0,75433777.6
Brazil,2005,Lithium,Production,EI_CSV,0.241999999,EI_Excel,0.242,0.0
Brazil,2005,Oil,Production,EI_CSV,1705.575861,OWID,88600000.0,5194626.4
Brazil,2005,Rare Earth,Production,EI_CSV,0.52700001,EI_Excel,0.527,0.0
Brazil,2006,Coal,Production,EI_CSV,8.12221,OWID,6215258.0,76521659.5
Brazil,2006,Lithium,Production,EI_CSV,0.241999999,EI_Excel,0.242,0.0
Brazil,2006,Oil,Production,EI_CSV,1806.129413,OWID,93600000.0,5182252.9
Brazil,2006,Rare Earth,Production,EI_CSV,0.52700001,EI_Excel,0.527,0.0
Brazil,2007,Coal,Production,EI_CSV,8.34144,OWID,5998354.0,71910193.7
Brazil,2007,Lithium,Production,EI_CSV,0.180000007,EI_Excel,0.18,0.0
Brazil,2007,Oil,Production,EI_CSV,1831.053148,OWID,94800000.0,5177248.4
Brazil,2007,Rare Earth,Production,EI_CSV,0.644999981,EI_Excel,0.6449999999999999,0.0
Brazil,2008,Coal,Production,EI_CSV,8.791572,OWID,6518733.0,74147424.5
Brazil,2008,Lithium,Production,EI_CSV,0.159999996,EI_Excel,0.15999999999999998,0.0
Brazil,2008,Oil,Production,EI_CSV,1897.158904,OWID,98500000.0,5191874.2
Brazil,2008,Rare Earth,Production,EI_CSV,0.460000008,EI_Excel,0.45999999999999996,0.0
Brazil,2009,Coal,Production,EI_CSV,8.319929,OWID,5947364.0,71483250.4
Brazil,2009,Lithium,Production,EI_CSV,0.159999996,EI_Excel,0.15999999999999998,0.0
Brazil,2009,Oil,Production,EI_CSV,2029.02756,OWID,105000000.0,5174792.7
Brazil,2009,Rare Earth,Production,EI_CSV,0.170000002,EI_Excel,0.16999999999999998,0.0
Brazil,2010,Coal,Production,EI_CSV,7.707462,OWID,5611467.0,72805539.5
Brazil,2010,Lithium,Production,EI_CSV,0.159999996,EI_Excel,0.15999999999999998,0.0
Brazil,2010,Oil,Production,EI_CSV,2136.881737,OWID,110600000.0,5175666.1
Brazil,2010,Rare Earth,Production,EI_CSV,0.140000001,EI_Excel,0.13999999999999999,0.0
Brazil,2011,Coal,Production,EI_CSV,7.564836,OWID,5985489.0,79122421.6
Brazil,2011,Lithium,Production,EI_CSV,0.319999993,EI_Excel,0.31999999999999995,0.0
Brazil,2011,Oil,Production,EI_CSV,2178.757447,OWID,113400000.0,5204701.5
Brazil,2011,Rare Earth,Production,EI_CSV,0.140000001,EI_Excel,0.13999999999999999,0.0
Brazil,2012,Coal,Production,EI_CSV,8.174374,OWID,6440998.0,78794900.1
Brazil,2012,Lithium,Production,EI_CSV,0.150000006,EI_Excel,0.15,0.0
Brazil,2012,Oil,Production,EI_CSV,2144.846965,OWID,111470000.0,5197007.4
Brazil,2012,Rare Earth,Production,EI_CSV,1.620000005,EI_Excel,1.6199999999999999,0.0
Brazil,2013,Coal,Production,EI_CSV,9.468086,OWID,8009895.0,84598783.0
Brazil,2013,Lithium,Production,EI_CSV,0.400000006,EI_Excel,0.39999999999999997,0.0
Brazil,2013,Oil,Production,EI_CSV,2109.938141,OWID,109360000.0,5182990.3
Brazil,2013,Rare Earth,Production,EI_CSV,0.330000013,EI_Excel,0.33,0.0
Brazil,2014,Bauxite,Production,EI_Excel,34800.0,OWID,36313200.0,104248.3
Brazil,2014,Coal,Production,EI_CSV,9.351638,OWID,7723299.0,82587560.0
Brazil,2014,Lithium,Production,EI_CSV,0.159999996,EI_Excel,0.15999999999999998,0.0
Brazil,2014,Oil,Production,EI_CSV,2341.371973,OWID,121372585.0,5183723.3
Brazil,2014,Rare Earth,Production,EI_CSV,0.0,EI_Excel,0.0,inf
Brazil,2015,Bauxite,Production,EI_Excel,33900.0,OWID,37057000.0,109212.7
Brazil,2015,Coal,Production,EI_CSV,8.049604,OWID,8028585.0,99738781.6
Brazil,2015,Lithium,Production,EI_CSV,0.14769797,EI_Excel,0.14769797188755016,0.0
Brazil,2015,Oil,Production,EI_CSV,2524.987068,OWID,130716876.0,5176832.5
Brazil,2015,Rare Earth,Production,EI_CSV,0.879999995,EI_Excel,0.8799999999999999,0.0
Brazil,2016,Bauxite,Production,EI_Excel,34400.0,OWID,39244200.0,113982.0
Brazil,2016,Coal,Production,EI_CSV,7.500464,OWID,7005281.0,93397868.4
Brazil,2016,Lithium,Production,EI_CSV,0.224932179,EI_Excel,0.22493218206157964,0.0
Brazil,2016,Oil,Production,EI_CSV,2607.41969,OWID,135223698.0,5186011.7
Brazil,2016,Rare Earth,Production,EI_CSV,2.700000048,EI_Excel,2.6999999999999997,0.0
Brazil,2017,Bauxite,Production,EI_Excel,38500.0,OWID,38072100.0,98788.6
Brazil,2017,Coal,Production,EI_CSV,5.841825,OWID,10179784.0,174256814.6
Brazil,2017,Lithium,Production,EI_CSV,0.269463837,EI_Excel,0.2694638487282463,0.0
Brazil,2017,Oil,Production,EI_CSV,2731.237613,OWID,141362424.0,5175664.4
Brazil,2017,Rare Earth,Production,EI_CSV,1.700000048,EI_Excel,1.7,0.0
Brazil,2018,Bauxite,Production,EI_Excel,29000.0,OWID,32006900.0,110268.6
Brazil,2018,Coal,Production,EI_CSV,6.432749,OWID,10483793.0,162975215.8
Brazil,2018,Lithium,Production,EI_CSV,1.047503352,EI_Excel,1.0475033467202142,0.0
Brazil,2018,Oil,Production,EI_CSV,2690.961662,OWID,139356470.0,5178586.6
Brazil,2018,Rare Earth,Production,EI_CSV,1.200000048,EI_Excel,1.2,0.0
Brazil,2019,Bauxite,Production,EI_Excel,34000.0,OWID,31937900.0,93835.0
Brazil,2019,Coal,Production,EI_CSV,5.843574,OWID,9433816.0,161439046.7
Brazil,2019,Lithium,Production,EI_CSV,2.171653271,EI_Excel,2.17165327978581,0.0
Brazil,2019,Oil,Production,EI_CSV,2889.715185,OWID,149550768.0,5175177.1
Brazil,2019,Rare Earth,Production,EI_CSV,0.709999979,EI_Excel,0.71,0.0
Brazil,2020,Bauxite,Production,EI_Excel,32000.0,OWID,31000000.0,96775.0
Brazil,2020,Coal,Production,EI_CSV,7.060094336,OWID,9158388.0,129720376.3
Brazil,2020,Lithium,Production,EI_CSV,1.419999957,EI_Excel,1.42,0.0
Brazil,2020,Lithium,Production,EI_CSV,1.419999957,OWID,1420.0,99900.0
Brazil,2020,Natural Graphite,Production,EI_CSV,95.0,OWID,63600.0,66847.4
Brazil,2020,Oil,Production,EI_CSV,3030.270809,OWID,157682321.0,5203471.9
Brazil,2020,Rare Earth,Production,EI_CSV,0.600000024,EI_Excel,0.6,0.0
Brazil,2020,Rare Earth,Production,EI_CSV,0.600000024,OWID,600.0,99900.0
Brazil,2020,Tin,Production,EI_Excel,16.9,OWID,16900.0,99900.0
Brazil,2020,Vanadium,Production,EI_Excel,6.62,OWID,6620.0,99900.0
Brazil,2021,Bauxite,Production,EI_Excel,33000.0,OWID,33000000.0,99900.0
Brazil,2021,Coal,Production,EI_CSV,7.993742132,OWID,12070822.0,151003294.9
Brazil,2021,Lithium,Production,EI_CSV,1.700000048,EI_Excel,1.7,0.0
Brazil,2021,Lithium,Production,EI_CSV,1.700000048,OWID,1700.0,99900.0
Brazil,2021,Natural Graphite,Production,EI_CSV,95.0,OWID,82000.0,86215.8
Brazil,2021,Oil,Production,EI_CSV,2991.34709,OWID,154975843.0,5180704.4
Brazil,2021,Rare Earth,Production,EI_CSV,0.5,EI_Excel,0.5,0.0
Brazil,2021,Rare Earth,Production,EI_CSV,0.5,OWID,500.0,99900.0
Brazil,2021,Tin,Production,EI_Excel,15.517,OWID,15517.0,99900.0
Brazil,2021,Vanadium,Production,EI_Excel,5.78,OWID,5780.0,99900.0
Brazil,2022,Bauxite,Production,EI_Excel,30000.0,OWID,30000000.0,99900.0
Brazil,2022,Coal,Production,EI_CSV,7.58971922,OWID,11528892.0,151901329.6
Brazil,2022,Gold,Reserves,OWID,2400.0,OWID,2400.0,0.0
Brazil,2022,Lithium,Production,EI_CSV,2.630000114,EI_Excel,2.63,0.0
Brazil,2022,Lithium,Production,EI_CSV,2.630000114,OWID,2630.0,99900.0
Brazil,2022,Natural Graphite,Production,EI_CSV,95.98803711,OWID,72000.0,74909.3
Brazil,2022,Oil,Production,EI_CSV,3112.490652,OWID,161042769.0,5173980.4
Brazil,2022,Rare Earth,Production,EI_CSV,0.079999998,EI_Excel,0.07999999999999999,0.0
Brazil,2022,Rare Earth,Production,EI_CSV,0.079999998,OWID,80.0,99900.0
Brazil,2022,Tin,Production,EI_Excel,17.0,OWID,17000.0,99900.0
Brazil,2022,Vanadium,Production,EI_Excel,5.84,OWID,5840.0,99900.0
Brazil,2023,Bauxite,Production,EI_Excel,32000.0,OWID,32000000.0,99900.0
Brazil,2023,Coal,Production,EI_CSV,7.675653104,OWID,10279780.0,133927005.1
Brazil,2023,Gold,Reserves,OWID,2400.0,OWID,2400.0,0.0
Brazil,2023,Lithium,Production,EI_CSV,5.260000229,EI_Excel,5.26,0.0
Brazil,2023,Lithium,Production,EI_CSV,5.260000229,OWID,5260.0,99900.0
Brazil,2023,Natural Graphite,Production,EI_CSV,66.30000305,OWID,66300.0,99900.0
Brazil,2023,Oil,Production,EI_CSV,3499.157732,OWID,180097838.0,5146791.1
Brazil,2023,Rare Earth,Production,EI_CSV,0.140000001,EI_Excel,0.13999999999999999,0.0
Brazil,2023,Rare Earth,Production,EI_CSV,0.140000001,OWID,140.0,99900.0
Brazil,2023,Tin,Production,EI_Excel,29.3,OWID,29300.0,99900.0
Brazil,2023,Vanadium,Production,EI_Excel,5.42,OWID,5420.0,99900.0
Brazil,2024,Bauxite,Production,EI_Excel,33000.0,EI_Excel,0.03125,100.0
Brazil,2024,Bauxite,Production,EI_Excel,33000.0,EI_Excel,0.07325438138894746,100.0
Brazil,2024,Bauxite,Production,EI_Excel,33000.0,OWID,33000000.0,99900.0
Brazil,2024,Gold,Reserves,OWID,2400.0,OWID,2400.0,0.0
Brazil,2024,Lithium,Production,EI_CSV,10.0,EI_Excel,10.0,0.0
Brazil,2024,Lithium,Production,EI_CSV,10.0,EI_Excel,0.9011406844106464,91.0
Brazil,2024,Lithium,Production,EI_CSV,10.0,EI_Excel,0.0408769243722858,99.6
Brazil,2024,Lithium,Production,EI_CSV,10.0,OWID,10000.0,99900.0
Brazil,2024,Lithium,Reserves,EI_CSV,390.0,EI_Excel,389.99999999999994,0.0
Brazil,2024,Lithium,Reserves,EI_CSV,390.0,OWID,390000.0,99900.0
Brazil,2024,Natural Graphite,Production,EI_CSV,68.0,OWID,68000.0,99900.0
Brazil,2024,Natural Graphite,Reserves,EI_CSV,74000.0,OWID,74000000.0,99900.0
Brazil,2024,Rare Earth,Production,EI_CSV,0.02,EI_Excel,0.019999999999999997,0.0
Brazil,2024,Rare Earth,Production,EI_CSV,0.02,EI_Excel,-0.8571428571428572,4385.7
Brazil,2024,Rare Earth,Production,EI_CSV,0.02,EI_Excel,5.2652362774779526e-05,99.7
Brazil,2024,Rare Earth,Production,EI_CSV,0.02,OWID,20.0,99900.0
Brazil,2024,Rare Earth,Reserves,EI_CSV,21000.0,EI_Excel,21000.0,0.0
Brazil,2024,Rare Earth,Reserves,EI_CSV,21000.0,OWID,21000000.0,99900.0
Brazil,2024,Tin,Production,EI_Excel,29.0,EI_Excel,-0.010238907849829393,100.0
Brazil,2024,Tin,Production,EI_Excel,29.0,EI_Excel,0.09813874788494077,99.7
Brazil,2024,Tin,Production,EI_Excel,29.0,OWID,29000.0,99900.0
Brazil,2024,Tin,Reserves,EI_Excel,420.0,OWID,420000.0,99900.0
Brazil,2024,Vanadium,Production,EI_Excel,5.0,EI_Excel,-0.07749077490774903,101.5
Brazil,2024,Vanadium,Production,EI_Excel,5.0,EI_Excel,0.04807692307692308,99.0
Brazil,2024,Vanadium,Production,EI_Excel,5.0,OWID,5000.0,99900.0
Brazil,2024,Vanadium,Reserves,EI_Excel,120.0,OWID,120000.0,99900.0
Brazil1,2024,Natural Graphite,Production,EI_Excel,67.99999999999999,EI_Excel,0.02564102564102555,100.0
Brazil1,2024,Natural Graphite,Production,EI_Excel,67.99999999999999,EI_Excel,0.03934452029193633,99.9
Brunei,1970,Oil,Production,EI_CSV,136.0,OWID,6807000.0,5005047.1
Brunei,1971,Oil,Production,EI_CSV,129.0,OWID,6433000.0,4986721.7
Brunei,1972,Oil,Production,EI_CSV,182.0,OWID,8950000.0,4917482.4
Brunei,1973,Oil,Production,EI_CSV,231.0,OWID,7156000.0,3097735.5
Brunei,1974,Oil,Production,EI_CSV,198.0,OWID,9545000.0,4820607.1
Brunei,1975,Oil,Production,EI_CSV,187.0,OWID,9350000.0,4999900.0
Brunei,1976,Oil,Production,EI_CSV,217.0,OWID,10004000.0,4610038.2
Brunei,1977,Oil,Production,EI_CSV,227.0,OWID,10540000.0,4643071.8
Brunei,1978,Oil,Production,EI_CSV,240.0,OWID,11146000.0,4644066.7
Brunei,1979,Oil,Production,EI_CSV,261.0,OWID,12257000.0,4696068.6
Brunei,1980,Oil,Production,EI_CSV,240.0,OWID,10458000.0,4357400.0
Brunei,1981,Oil,Production,EI_CSV,175.0,OWID,8258000.0,4718757.1
Brunei,1982,Oil,Production,EI_CSV,179.0,OWID,8950000.0,4999900.0
Brunei,1983,Oil,Production,EI_CSV,179.0,OWID,8070000.0,4508279.9
Brunei,1984,Oil,Production,EI_CSV,172.0,OWID,7597000.0,4416760.5
Brunei,1985,Oil,Production,EI_CSV,168.0,OWID,7593000.0,4519542.9
Brunei,1986,Oil,Production,EI_CSV,165.0,OWID,7532000.0,4564748.5
Brunei,1987,Oil,Production,EI_CSV,155.0,OWID,7015000.0,4525706.5
Brunei,1988,Oil,Production,EI_CSV,150.0,OWID,6352000.0,4234566.7
Brunei,1989,Oil,Production,EI_CSV,150.0,OWID,6449000.0,4299233.3
Brunei,1990,Oil,Production,EI_CSV,152.0,OWID,6544000.0,4305163.2
Brunei,1991,Oil,Production,EI_CSV,164.0,OWID,8049000.0,4907826.8
Brunei,1992,Oil,Production,EI_CSV,182.0,OWID,8142000.0,4473526.4
Brunei,1993,Oil,Production,EI_CSV,175.0,OWID,8310000.0,4748471.4
Brunei,1994,Oil,Production,EI_CSV,179.0,OWID,8500000.0,4748503.4
Brunei,1995,Oil,Production,EI_CSV,175.0,OWID,8180000.0,4674185.7
Brunei,1996,Oil,Production,EI_CSV,165.0,OWID,8300000.0,5030203.0
Brunei,1997,Oil,Production,EI_CSV,163.0,OWID,8800000.0,5398673.0
Brunei,1998,Oil,Production,EI_CSV,157.0,OWID,8600000.0,5477607.0
Brunei,1999,Oil,Production,EI_CSV,182.0,OWID,9700000.0,5329570.3
Brunei,2000,Oil,Production,EI_CSV,193.0,OWID,10300000.0,5336687.6
Brunei,2001,Oil,Production,EI_CSV,203.0,OWID,10100000.0,4975269.5
Brunei,2002,Oil,Production,EI_CSV,210.0,OWID,10096000.0,4807519.0
Brunei,2003,Oil,Production,EI_CSV,214.0,OWID,10306000.0,4815787.9
Brunei,2004,Oil,Production,EI_CSV,210.4441613,OWID,10300000.0,4894310.0
Brunei,2005,Oil,Production,EI_CSV,206.0241254,OWID,10100000.0,4902238.5
Brunei,2006,Oil,Production,EI_CSV,220.7489135,OWID,10903000.0,4938995.7
Brunei,2007,Oil,Production,EI_CSV,194.2123463,OWID,9639000.0,4963024.2
Brunei,2008,Oil,Production,EI_CSV,174.7956529,OWID,8680000.0,4965698.6
Brunei,2009,Oil,Production,EI_CSV,168.3563348,OWID,8291000.0,4924573.6
Brunei,2010,Oil,Production,EI_CSV,172.1883061,OWID,8448000.0,4906156.5
Brunei,2011,Oil,Production,EI_CSV,165.3621162,OWID,8248000.0,4987741.3
Brunei,2012,Oil,Production,EI_CSV,159.0315763,OWID,7955925.0,5002632.9
Brunei,2013,Oil,Production,EI_CSV,135.1563973,OWID,6733840.0,4982157.7
Brunei,2014,Oil,Production,EI_CSV,126.4207443,OWID,6217262.0,4917812.8
Brunei,2015,Oil,Production,EI_CSV,126.7541558,OWID,6238268.0,4921449.1
Brunei,2016,Oil,Production,EI_CSV,120.9089924,OWID,5960395.0,4929554.0
Brunei,2017,Oil,Production,EI_CSV,113.171604,OWID,5555999.0,4909257.8
Brunei,2018,Oil,Production,EI_CSV,111.502722,OWID,5478268.0,4913024.9
Brunei,2019,Oil,Production,EI_CSV,121.2939614,OWID,5442245.0,4486722.7
Brunei,2020,Oil,Production,EI_CSV,110.027039,OWID,5435513.0,4940061.1
Brunei,2021,Oil,Production,EI_CSV,106.5541884,OWID,5254692.0,4931373.9
Brunei,2022,Oil,Production,EI_CSV,91.87134262,OWID,4500000.0,4898054.2
Brunei,2023,Oil,Production,EI_CSV,89.34276795,OWID,4500000.0,5036681.5
Bulgaria,1981,Coal,Production,EI_CSV,29.24,OWID,29240661.0,100002160.6
Bulgaria,1982,Coal,Production,EI_CSV,32.21,OWID,32215000.0,100015423.1
Bulgaria,1983,Coal,Production,EI_CSV,32.39,OWID,32390000.0,99999900.0
Bulgaria,1984,Coal,Production,EI_CSV,32.36,OWID,32359000.0,99996809.8
Bulgaria,1985,Coal,Production,EI_CSV,30.88,OWID,30880000.0,99999900.0
Bulgaria,1986,Coal,Production,EI_CSV,35.22,OWID,35222000.0,100005578.6
Bulgaria,1987,Coal,Production,EI_CSV,36.82,OWID,36821000.0,100002615.9
Bulgaria,1988,Coal,Production,EI_CSV,34.15,OWID,34147000.0,99991115.2
Bulgaria,1989,Coal,Production,EI_CSV,34.3,OWID,34298000.0,99994069.1
Bulgaria,1990,Coal,Production,EI_CSV,31.67495342,OWID,31675000.0,100000047.1
Bulgaria,1991,Coal,Production,EI_CSV,31.0414479,OWID,28451000.0,91654774.1
Bulgaria,1992,Coal,Production,EI_CSV,32.71286093,OWID,30336000.0,92734069.8
Bulgaria,1993,Coal,Production,EI_CSV,31.50118673,OWID,29033000.0,92164681.8
Bulgaria,1994,Coal,Production,EI_CSV,31.02933178,OWID,28757000.0,92676726.6
Bulgaria,1995,Coal,Production,EI_CSV,33.22759345,OWID,30830000.0,92784230.1
Bulgaria,1996,Coal,Production,EI_CSV,33.57519594,OWID,31302000.0,93229437.8
Bulgaria,1997,Coal,Production,EI_CSV,29.7080112,OWID,29708000.0,99999862.3
Bulgaria,1998,Coal,Production,EI_CSV,30.11079998,OWID,29903406.0,99311130.6
Bulgaria,1999,Coal,Production,EI_CSV,25.2978042,OWID,25857200.0,102211142.5
Bulgaria,2000,Coal,Production,EI_CSV,26.43197875,OWID,26300969.0,99504251.3
Bulgaria,2001,Coal,Production,EI_CSV,26.61128034,OWID,26210516.0,98493905.8
Bulgaria,2002,Coal,Production,EI_CSV,26.01805667,OWID,26555500.0,102065555.2
Bulgaria,2003,Coal,Production,EI_CSV,27.29925496,OWID,27694000.0,101445892.0
Bulgaria,2004,Coal,Production,EI_CSV,26.4850113,OWID,26278700.0,99220926.2
Bulgaria,2005,Coal,Production,EI_CSV,24.69480439,OWID,24615300.0,99677952.2
Bulgaria,2006,Coal,Production,EI_CSV,25.67786491,OWID,25306400.0,98553265.3
Bulgaria,2007,Coal,Production,EI_CSV,28.72444471,OWID,28158500.0,98029645.3
Bulgaria,2008,Coal,Production,EI_CSV,29.06253245,OWID,28651000.0,98583875.9
Bulgaria,2009,Coal,Production,EI_CSV,27.29937035,OWID,27258600.0,99850554.6
Bulgaria,2010,Coal,Production,EI_CSV,29.4381072,OWID,29469500.0,100106540.0
Bulgaria,2011,Coal,Production,EI_CSV,37.13195573,OWID,37239700.0,100290065.9
Bulgaria,2012,Coal,Production,EI_CSV,33.43041562,OWID,33597400.0,100499398.4
Bulgaria,2013,Coal,Production,EI_CSV,28.63482754,OWID,28760800.0,100439827.4
Bulgaria,2014,Coal,Production,EI_CSV,31.32633101,OWID,31372800.0,100148238.4
Bulgaria,2015,Coal,Production,EI_CSV,35.91275718,OWID,35938100.0,100070467.7
Bulgaria,2016,Coal,Production,EI_CSV,31.28895127,OWID,31434210.0,100464149.3
Bulgaria,2017,Coal,Production,EI_CSV,34.31882,OWID,34588000.0,100784251.0
Bulgaria,2018,Coal,Production,EI_CSV,30.59672,OWID,30500000.0,99683787.7
Bulgaria,2019,Coal,Production,EI_CSV,28.343941,OWID,30491000.0,107574919.3
Bulgaria,2020,Coal,Production,EI_CSV,22.587015,OWID,22000000.0,97400995.3
Bulgaria,2021,Cadmium,Production,OWID,310.0,OWID,310.0,0.0
Bulgaria,2021,Coal,Production,EI_CSV,28.41859,OWID,28000000.0,98526955.7
Bulgaria,2022,Cadmium,Production,OWID,340.0,OWID,340.0,0.0
Bulgaria,2022,Coal,Production,EI_CSV,35.568815,OWID,36233000.0,101867223.9
Bulgaria,2023,Cadmium,Production,OWID,310.0,OWID,310.0,0.0
Bulgaria,2023,Coal,Production,EI_CSV,21.084051,OWID,21811000.0,103447762.1
Bulgaria,2024,Cadmium,Production,OWID,300.0,OWID,300.0,0.0
Burma,2024,Tin,Production,EI_Excel,34.0,EI_Excel,0.0,100.0
Burma,2024,Tin,Production,EI_Excel,34.0,EI_Excel,0.11505922165820642,99.7
Canada,1970,Oil,Production,EI_CSV,1473.0,OWID,66937000.0,4544163.4
Canada,1971,Oil,Production,EI_CSV,1582.0,OWID,71518000.0,4520633.2
Canada,1972,Oil,Production,EI_CSV,1829.0,OWID,81505000.0,4456160.3
Canada,1973,Oil,Production,EI_CSV,2114.0,OWID,95120000.0,4499427.0
Canada,1974,Oil,Production,EI_CSV,1993.0,OWID,89162000.0,4473658.2
Canada,1975,Oil,Production,EI_CSV,1735.0,OWID,75534000.0,4353444.7
Canada,1976,Oil,Production,EI_CSV,1598.0,OWID,69397000.0,4342640.9
Canada,1977,Oil,Production,EI_CSV,1608.0,OWID,69737000.0,4336778.1
Canada,1978,Oil,Production,EI_CSV,1597.0,OWID,69330000.0,4341164.9
Canada,1979,Oil,Production,EI_CSV,1835.0,OWID,79110000.0,4311071.7
Canada,1980,Oil,Production,EI_CSV,1764.0,OWID,76088000.0,4313278.7
Canada,1981,Coal,Production,EI_CSV,40.088,OWID,40088000.0,99999900.0
Canada,1981,Oil,Production,EI_CSV,1610.0,OWID,68009200.0,4224073.9
Canada,1982,Coal,Production,EI_CSV,42.907,OWID,42911000.0,100009222.5
Canada,1982,Oil,Production,EI_CSV,1590.0,OWID,67318700.0,4233780.5
Canada,1983,Coal,Production,EI_CSV,44.807,OWID,44780000.0,99939641.6
Canada,1983,Oil,Production,EI_CSV,1661.0,OWID,71838600.0,4324921.1
Canada,1984,Coal,Production,EI_CSV,57.402,OWID,57402000.0,99999900.0
Canada,1984,Oil,Production,EI_CSV,1775.0,OWID,76334900.0,4300457.7
Canada,1985,Coal,Production,EI_CSV,60.853,OWID,60738000.0,99810920.0
Canada,1985,Oil,Production,EI_CSV,1812.795211,OWID,77795600.0,4291372.1
Canada,1986,Coal,Production,EI_CSV,57.048,OWID,57811000.0,101337370.2
Canada,1986,Oil,Production,EI_CSV,1805.117462,OWID,77981100.0,4319901.4
Canada,1987,Coal,Production,EI_CSV,61.207,OWID,61207000.0,99999900.0
Canada,1987,Oil,Production,EI_CSV,1908.769948,OWID,81322400.0,4260361.0
Canada,1988,Coal,Production,EI_CSV,70.643,OWID,70643663.0,100000838.5
Canada,1988,Oil,Production,EI_CSV,2002.418514,OWID,85596900.0,4274575.8
Canada,1989,Coal,Production,EI_CSV,70.527,OWID,70527264.0,100000274.3
Canada,1989,Oil,Production,EI_CSV,1961.456228,OWID,82606600.0,4211393.4
Canada,1990,Coal,Production,EI_CSV,68.332,OWID,68331051.0,99998511.2
Canada,1990,Oil,Production,EI_CSV,1967.735671,OWID,82235200.0,4179079.2
Canada,1991,Coal,Production,EI_CSV,71.1342,OWID,71134319.0,100000067.3
Canada,1991,Oil,Production,EI_CSV,1983.505343,OWID,81963600.0,4132160.1
Canada,1992,Coal,Production,EI_CSV,65.6134,OWID,65609781.0,99994384.4
Canada,1992,Oil,Production,EI_CSV,2065.57906,OWID,85129400.0,4121233.4
Canada,1993,Coal,Production,EI_CSV,69.0294,OWID,69029358.0,99999839.2
Canada,1993,Oil,Production,EI_CSV,2189.010303,OWID,88765300.0,4054942.6
Canada,1994,Coal,Production,EI_CSV,72.8233,OWID,72823357.0,99999978.3
Canada,1994,Oil,Production,EI_CSV,2281.334789,OWID,92781400.0,4066878.7
Canada,1995,Coal,Production,EI_CSV,74.9802,OWID,74966995.0,99982288.7
Canada,1995,Cobalt,Production,EI_CSV,5.339000225,EI_Excel,5.339,0.0
Canada,1995,Natural Graphite,Production,EI_CSV,25.0,EI_Excel,24.999999999999996,0.0
Canada,1995,Oil,Production,EI_CSV,2402.127813,OWID,96135300.0,4001989.3
Canada,1996,Coal,Production,EI_CSV,75.8794,OWID,75851417.0,99963021.7
Canada,1996,Cobalt,Production,EI_CSV,5.714000225,EI_Excel,5.7139999999999995,0.0
Canada,1996,Natural Graphite,Production,EI_CSV,25.0,EI_Excel,24.999999999999996,0.0
Canada,1996,Oil,Production,EI_CSV,2479.917424,OWID,98290500.0,3963358.6
Canada,1997,Coal,Production,EI_CSV,78.76,OWID,78651400.0,99862012.7
Canada,1997,Cobalt,Production,EI_CSV,5.709000111,EI_Excel,5.709,0.0
Canada,1997,Natural Graphite,Production,EI_CSV,25.0,EI_Excel,24.999999999999996,0.0
Canada,1997,Oil,Production,EI_CSV,2587.590283,OWID,103172000.0,3987084.6
Canada,1998,Coal,Production,EI_CSV,75.2681,OWID,75359828.0,100121768.4
Canada,1998,Cobalt,Production,EI_CSV,5.861000061,EI_Excel,5.861,0.0
Canada,1998,Natural Graphite,Production,EI_CSV,25.0,EI_Excel,24.999999999999996,0.0
Canada,1998,Oil,Production,EI_CSV,2672.381339,OWID,107213800.0,4011819.9
Canada,1999,Coal,Production,EI_CSV,72.3577,OWID,72496678.0,100191970.8
Canada,1999,Cobalt,Production,EI_CSV,5.322999954,EI_Excel,5.3229999999999995,0.0
Canada,1999,Natural Graphite,Production,EI_CSV,25.0,EI_Excel,24.999999999999996,0.0
Canada,1999,Oil,Production,EI_CSV,2604.399595,OWID,101744300.0,3906531.7
Canada,2000,Coal,Production,EI_CSV,69.1043,OWID,69163091.0,100084975.7
Canada,2000,Cobalt,Production,EI_CSV,5.297999859,EI_Excel,5.298,0.0
Canada,2000,Natural Graphite,Production,EI_CSV,25.0,EI_Excel,24.999999999999996,0.0
Canada,2000,Oil,Production,EI_CSV,2703.401902,OWID,111600000.0,4128032.0
Canada,2001,Coal,Production,EI_CSV,70.4815,OWID,70470574.0,99984398.1
Canada,2001,Cobalt,Production,EI_CSV,5.326000214,EI_Excel,5.326,0.0
Canada,2001,Natural Graphite,Production,EI_CSV,35.0,EI_Excel,34.99999999999999,0.0
Canada,2001,Oil,Production,EI_CSV,2727.958126,OWID,112500000.0,4123863.6
Canada,2002,Coal,Production,EI_CSV,66.9982,OWID,66608000.0,99417496.3
Canada,2002,Cobalt,Production,EI_CSV,5.147999763,EI_Excel,5.148,0.0
Canada,2002,Natural Graphite,Production,EI_CSV,25.0,EI_Excel,24.999999999999996,0.0
Canada,2002,Oil,Production,EI_CSV,2858.164101,OWID,120100000.0,4201898.1
Canada,2003,Coal,Production,EI_CSV,62.5796,OWID,62163000.0,99334187.9
Canada,2003,Cobalt,Production,EI_CSV,4.327000141,EI_Excel,4.327,0.0
Canada,2003,Natural Graphite,Production,EI_CSV,25.0,EI_Excel,24.999999999999996,0.0
Canada,2003,Oil,Production,EI_CSV,3003.470792,OWID,121700000.0,4051878.8
Canada,2004,Coal,Production,EI_CSV,66.2064,OWID,66019000.0,99716845.8
Canada,2004,Cobalt,Production,EI_CSV,5.059999943,EI_Excel,5.06,0.0
Canada,2004,Natural Graphite,Production,EI_CSV,28.0,EI_Excel,27.999999999999996,0.0
Canada,2004,Oil,Production,EI_CSV,3079.881446,OWID,122500000.0,3977325.8
Canada,2005,Coal,Production,EI_CSV,69.0394,OWID,67500000.0,97770158.7
Canada,2005,Cobalt,Production,EI_CSV,5.767000198,EI_Excel,5.7669999999999995,0.0
Canada,2005,Natural Graphite,Production,EI_CSV,28.0,EI_Excel,27.999999999999996,0.0
Canada,2005,Oil,Production,EI_CSV,3040.896028,OWID,127400000.0,4189454.6
Canada,2006,Coal,Production,EI_CSV,67.3752,OWID,65894000.0,97801465.0
Canada,2006,Cobalt,Production,EI_CSV,7.114999771,EI_Excel,7.115,0.0
Canada,2006,Natural Graphite,Production,EI_CSV,28.0,EI_Excel,27.999999999999996,0.0
Canada,2006,Oil,Production,EI_CSV,3208.38421,OWID,131400000.0,4095419.5
Canada,2007,Coal,Production,EI_CSV,68.9148,OWID,68984000.0,100100313.8
Canada,2007,Cobalt,Production,EI_CSV,8.692000389,EI_Excel,8.692,0.0
Canada,2007,Natural Graphite,Production,EI_CSV,28.0,EI_Excel,27.999999999999996,0.0
Canada,2007,Oil,Production,EI_CSV,3290.189661,OWID,137300000.0,4172911.7
Canada,2008,Coal,Production,EI_CSV,68.3736,OWID,67748000.0,99084927.0
Canada,2008,Cobalt,Production,EI_CSV,8.953000069,EI_Excel,8.953,0.0
Canada,2008,Natural Graphite,Production,EI_CSV,27.0,EI_Excel,27.0,0.0
Canada,2008,Oil,Production,EI_CSV,3207.035298,OWID,135500000.0,4224986.0
Canada,2009,Coal,Production,EI_CSV,64.6115,OWID,62934000.0,97403613.0
Canada,2009,Cobalt,Production,EI_CSV,3.91899991,EI_Excel,3.9189999999999996,0.0
Canada,2009,Natural Graphite,Production,EI_CSV,15.0,EI_Excel,15.0,0.0
Canada,2009,Oil,Production,EI_CSV,3202.397689,OWID,139300000.0,4349765.7
Canada,2010,Coal,Production,EI_CSV,67.7145,OWID,67895000.0,100266460.3
Canada,2010,Cobalt,Production,EI_CSV,4.636000156,EI_Excel,4.635999999999999,0.0
Canada,2010,Natural Graphite,Production,EI_CSV,20.0,EI_Excel,20.0,0.0
Canada,2010,Oil,Production,EI_CSV,3332.0798,OWID,141600000.0,4249498.1
Canada,2011,Coal,Production,EI_CSV,67.1665,OWID,67114000.0,99921736.0
Canada,2011,Cobalt,Production,EI_CSV,6.835999966,EI_Excel,6.836,0.0
Canada,2011,Natural Graphite,Production,EI_CSV,25.0,EI_Excel,24.999999999999996,0.0
Canada,2011,Oil,Production,EI_CSV,3514.822066,OWID,150200000.0,4273231.5
Canada,2012,Coal,Production,EI_CSV,67.1914,OWID,66495000.0,98963457.8
Canada,2012,Cobalt,Production,EI_CSV,3.697999954,EI_Excel,3.698,0.0
Canada,2012,Natural Graphite,Production,EI_CSV,24.0,EI_Excel,24.0,0.0
Canada,2012,Oil,Production,EI_CSV,3740.237677,OWID,161000000.0,4304439.3
Canada,2013,Coal,Production,EI_CSV,67.8065,OWID,68909000.0,101625850.3
Canada,2013,Cobalt,Production,EI_CSV,4.005000114,EI_Excel,4.005,0.0
Canada,2013,Natural Graphite,Production,EI_CSV,20.0,EI_Excel,20.0,0.0
Canada,2013,Oil,Production,EI_CSV,4000.410965,OWID,172500000.0,4311957.0
Canada,2014,Aluminium,Production,EI_Excel,2860.0,OWID,2858238.0,99838.4
Canada,2014,Coal,Production,EI_CSV,67.7528,OWID,69036000.0,101893843.9
Canada,2014,Cobalt,Production,EI_CSV,3.907000065,EI_Excel,3.907,0.0
Canada,2014,Natural Graphite,Production,EI_CSV,30.0,EI_Excel,30.0,0.0
Canada,2014,Oil,Production,EI_CSV,4270.529903,OWID,186200000.0,4360014.7
Canada,2014,Platinum Group,Production,EI_Excel,28.5,OWID,21.0,26.3
Canada,2015,Aluminium,Production,EI_Excel,2880.0,OWID,2880035.0,99901.2
Canada,2015,Coal,Production,EI_CSV,61.8137,OWID,61931000.0,100189663.8
Canada,2015,Cobalt,Production,EI_CSV,4.339000225,EI_Excel,4.339,0.0
Canada,2015,Natural Graphite,Production,EI_CSV,30.0,EI_Excel,30.0,0.0
Canada,2015,Oil,Production,EI_CSV,4388.135578,OWID,192100000.0,4377613.4
Canada,2015,Platinum Group,Production,EI_Excel,28.6,OWID,20.8,27.3
Canada,2016,Aluminium,Production,EI_Excel,3210.0,OWID,3208707.0,99859.7
Canada,2016,Coal,Production,EI_CSV,62.3515,OWID,61461000.0,98571706.6
Canada,2016,Cobalt,Production,EI_CSV,4.21600008,EI_Excel,4.216,0.0
Canada,2016,Natural Graphite,Production,EI_CSV,21.0,EI_Excel,20.999999999999996,0.0
Canada,2016,Oil,Production,EI_CSV,4463.638847,OWID,193100000.0,4325966.8
Canada,2016,Platinum Group,Production,EI_Excel,33.6,OWID,19.7,41.4
Canada,2017,Aluminium,Production,EI_Excel,3210.0,OWID,3211882.0,99958.6
Canada,2017,Coal,Production,EI_CSV,60.5961,OWID,60866000.0,100445308.2
Canada,2017,Cobalt,Production,EI_CSV,3.703999996,EI_Excel,3.7039999999999997,0.0
Canada,2017,Natural Graphite,Production,EI_CSV,14.0,EI_Excel,13.999999999999998,0.0
Canada,2017,Oil,Production,EI_CSV,4813.033351,OWID,209600000.0,4354742.0
Canada,2017,Platinum Group,Production,EI_Excel,26.5,OWID,17.1,35.5
Canada,2018,Aluminium,Production,EI_Excel,2920.0,OWID,2923204.0,100009.7
Canada,2018,Coal,Production,EI_CSV,55.1809,OWID,54600000.0,98947180.7
Canada,2018,Cobalt,Production,EI_CSV,3.523999929,EI_Excel,3.5239999999999996,0.0
Canada,2018,Natural Graphite,Production,EI_CSV,11.0,EI_Excel,11.0,0.0
Canada,2018,Oil,Production,EI_CSV,5243.879959,OWID,228300000.0,4353546.6
Canada,2018,Platinum Group,Production,EI_Excel,26.5,OWID,20.88,21.2
Canada,2019,Aluminium,Production,EI_Excel,2850.0,OWID,2853771.0,100032.3
Canada,2019,Coal,Production,EI_CSV,53.1655,OWID,51801000.0,97433386.0
Canada,2019,Cobalt,Production,EI_CSV,3.335999966,EI_Excel,3.336,0.0
Canada,2019,Natural Graphite,Production,EI_CSV,11.04500008,EI_Excel,11.045,0.0
Canada,2019,Oil,Production,EI_CSV,5370.800637,OWID,232900000.0,4336311.2
Canada,2019,Platinum Group,Production,EI_Excel,27.8,OWID,24.234,12.8
Canada,2020,Aluminium,Production,EI_Excel,3120.0,OWID,3120000.0,99900.0
Canada,2020,Cadmium,Production,OWID,1800.0,OWID,1800.0,0.0
Canada,2020,Coal,Production,EI_CSV,46.1459,OWID,40791647.0,88397020.9
Canada,2020,Cobalt,Production,EI_CSV,4.473999977,EI_Excel,4.473999999999999,0.0
Canada,2020,Cobalt,Production,EI_CSV,4.473999977,OWID,3690.0,82376.5
Canada,2020,Natural Graphite,Production,EI_CSV,7.619999886,EI_Excel,7.62,0.0
Canada,2020,Natural Graphite,Production,EI_CSV,7.619999886,OWID,8000.0,104886.9
Canada,2020,Nickel,Production,EI_Excel,130.0,OWID,167000.0,128361.5
Canada,2020,Oil,Production,EI_CSV,5128.318327,OWID,222600000.0,4340504.2
Canada,2020,Platinum Group,Production,EI_Excel,27.0,OWID,20.0,25.9
Canada,2021,Aluminium,Production,EI_Excel,3140.0,OWID,3140000.0,99900.0
Canada,2021,Cadmium,Production,OWID,1800.0,OWID,1800.0,0.0
Canada,2021,Coal,Production,EI_CSV,47.61,OWID,41809481.0,87816495.3
Canada,2021,Cobalt,Production,EI_CSV,4.361000061,EI_Excel,4.361,0.0
Canada,2021,Cobalt,Production,EI_CSV,4.361000061,OWID,4361.0,99900.0
Canada,2021,Natural Graphite,Production,EI_CSV,12.0,EI_Excel,12.0,0.0
Canada,2021,Natural Graphite,Production,EI_CSV,12.0,OWID,12000.0,99900.0
Canada,2021,Nickel,Production,EI_Excel,134.0,OWID,134000.0,99900.0
Canada,2021,Oil,Production,EI_CSV,5413.763836,OWID,234500000.0,4331452.1
Canada,2021,Platinum Group,Production,EI_Excel,21.0,OWID,15.0,28.6
Canada,2022,Aluminium,Production,EI_Excel,2770.0,OWID,2770000.0,99900.0
Canada,2022,Cadmium,Production,OWID,1800.0,OWID,1800.0,0.0
Canada,2022,Coal,Production,EI_CSV,47.6419,OWID,46217458.0,97010006.6
Canada,2022,Cobalt,Production,EI_CSV,3.059999943,EI_Excel,3.0599999999999996,0.0
Canada,2022,Cobalt,Production,EI_CSV,3.059999943,OWID,3060.0,99900.0
Canada,2022,Gold,Reserves,OWID,2300.0,OWID,2300.0,0.0
Canada,2022,Natural Graphite,Production,EI_CSV,13.0,EI_Excel,13.0,0.0
Canada,2022,Natural Graphite,Production,EI_CSV,13.0,OWID,13000.0,99900.0
Canada,2022,Nickel,Production,EI_Excel,143.0,OWID,143000.0,99900.0
Canada,2022,Oil,Production,EI_CSV,5574.555231,OWID,273900000.0,4913296.5
Canada,2022,Platinum Group,Production,EI_Excel,21.5,OWID,16.1,25.1
Canada,2023,Aluminium,Production,EI_Excel,3200.0,OWID,3200000.0,99900.0
Canada,2023,Cadmium,Production,OWID,1800.0,OWID,1800.0,0.0
Canada,2023,Coal,Production,EI_CSV,48.7564,OWID,48067394.0,98586739.9
Canada,2023,Cobalt,Production,EI_CSV,4.21999979,EI_Excel,4.22,0.0
Canada,2023,Cobalt,Production,EI_CSV,4.21999979,OWID,4220.0,99900.0
Canada,2023,Gold,Reserves,OWID,2300.0,OWID,2300.0,0.0
Canada,2023,Natural Graphite,Production,EI_CSV,5.46999979,EI_Excel,5.47,0.0
Canada,2023,Natural Graphite,Production,EI_CSV,5.46999979,OWID,5470.0,99900.0
Canada,2023,Nickel,Production,EI_Excel,159.0,OWID,159000.0,99900.0
Canada,2023,Oil,Production,EI_CSV,5647.625892,OWID,277900000.0,4920551.7
Canada,2023,Platinum Group,Production,EI_Excel,21.27,OWID,16.1,24.3
Canada,2024,Aluminium,Production,EI_Excel,3300.0,EI_Excel,0.03125,100.0
Canada,2024,Aluminium,Production,EI_Excel,3300.0,EI_Excel,0.04607651493996091,100.0
Canada,2024,Aluminium,Production,EI_Excel,3300.0,OWID,3300000.0,99900.0
Canada,2024,Cadmium,Production,OWID,1700.0,OWID,1700.0,0.0
Canada,2024,Cobalt,Production,EI_CSV,4.5,EI_Excel,4.5,0.0
Canada,2024,Cobalt,Production,EI_CSV,4.5,EI_Excel,0.06635071090047395,98.5
Canada,2024,Cobalt,Production,EI_CSV,4.5,EI_Excel,0.016616450565958677,99.6
Canada,2024,Cobalt,Production,EI_CSV,4.5,OWID,4500.0,99900.0
Canada,2024,Cobalt,Reserves,EI_CSV,220.0,EI_Excel,220.0,0.0
Canada,2024,Cobalt,Reserves,EI_CSV,220.0,OWID,220000.0,99900.0
Canada,2024,Gold,Reserves,OWID,3200.0,OWID,3200.0,0.0
Canada,2024,Natural Graphite,Production,EI_CSV,20.0,EI_Excel,20.0,0.0
Canada,2024,Natural Graphite,Production,EI_CSV,20.0,EI_Excel,2.656307129798903,86.7
Canada,2024,Natural Graphite,Production,EI_CSV,20.0,EI_Excel,0.011571917732922453,99.9
Canada,2024,Natural Graphite,Production,EI_CSV,20.0,OWID,20000.0,99900.0
Canada,2024,Natural Graphite,Reserves,EI_CSV,5900.0,EI_Excel,5899.999999999999,0.0
Canada,2024,Natural Graphite,Reserves,EI_CSV,5900.0,OWID,5900000.0,99900.0
Canada,2024,Nickel,Production,EI_Excel,190.0,EI_Excel,0.19496855345911945,99.9
Canada,2024,Nickel,Production,EI_Excel,190.0,EI_Excel,0.04970043715458196,100.0
Canada,2024,Nickel,Production,EI_Excel,190.0,OWID,190000.0,99900.0
Canada,2024,Nickel,Reserves,EI_Excel,2200.0,OWID,2200000.0,99900.0
Canada,2024,Platinum Group,Production,EI_Excel,20.2,EI_Excel,-0.05030559473436769,100.2
Canada,2024,Platinum Group,Production,EI_Excel,20.2,EI_Excel,0.05642458100558659,99.7
Canada,2024,Platinum Group,Production,EI_Excel,20.2,OWID,15.0,25.7
Canada,2024,Platinum Group,Reserves,EI_Excel,310.0,OWID,310.0,0.0
Canada,2024,Silver,Reserves,OWID,4900.0,OWID,4900.0,0.0
Chad,1999,Oil,Production,EI_CSV,0.0,OWID,0.0,inf
Chad,2003,Oil,Production,EI_CSV,23.56164384,OWID,1200000.0,5092923.3
Chad,2004,Oil,Production,EI_CSV,167.7595628,OWID,8800000.0,5245502.6
Chad,2005,Oil,Production,EI_CSV,173.4246575,OWID,9100000.0,5247135.4
Chad,2006,Oil,Production,EI_CSV,153.1506849,OWID,8000000.0,5223513.6
Chad,2007,Oil,Production,EI_CSV,143.5616438,OWID,7500000.0,5224136.6
Chad,2008,Oil,Production,EI_CSV,127.0491803,OWID,6700000.0,5273448.4
Chad,2009,Oil,Production,EI_CSV,117.8082192,OWID,6200000.0,5262690.7
Chad,2010,Oil,Production,EI_CSV,121.9178082,OWID,6400000.0,5249338.2
Chad,2011,Oil,Production,EI_CSV,113.6986301,OWID,6000000.0,5277008.4
Chad,2012,Oil,Production,EI_CSV,100.8196721,OWID,5300000.0,5256810.6
Chad,2013,Oil,Production,EI_CSV,90.63539721,OWID,4800000.0,5295844.1
Chad,2014,Oil,Production,EI_CSV,88.80447874,OWID,4700000.0,5292425.9
Chad,2015,Oil,Production,EI_CSV,110.6138807,OWID,5800000.0,5243364.9
Chad,2016,Oil,Production,EI_CSV,116.5171366,OWID,6100000.0,5235181.4
Chad,2017,Oil,Production,EI_CSV,98.41163836,OWID,5200000.0,5283827.9
Chad,2018,Oil,Production,EI_CSV,115.5054603,OWID,6100000.0,5281035.6
Chad,2019,Oil,Production,EI_CSV,126.877811,OWID,6700000.0,5280571.2
Chad,2020,Oil,Production,EI_CSV,126.2552814,OWID,6600000.0,5227404.1
Chad,2021,Oil,Production,EI_CSV,116.4842685,OWID,6100000.0,5236658.6
Chad,2022,Oil,Production,EI_CSV,123.7413014,OWID,6500000.0,5252794.5
Chad,2023,Oil,Production,EI_CSV,133.864737,OWID,7000000.0,5229059.0
Chile,1995,Lithium,Production,EI_CSV,2.0,EI_Excel,2.0,0.0
Chile,1996,Lithium,Production,EI_CSV,2.663667679,EI_Excel,2.663667724609375,0.0
Chile,1997,Lithium,Production,EI_CSV,4.554533482,EI_Excel,4.55453369140625,0.0
Chile,1998,Lithium,Production,EI_CSV,5.462648869,EI_Excel,5.46264892578125,0.0
Chile,1999,Lithium,Production,EI_CSV,5.705155373,EI_Excel,5.7051552734375,0.0
Chile,2000,Lithium,Production,EI_CSV,6.737876892,EI_Excel,6.737876953124999,0.0
Chile,2001,Lithium,Production,EI_CSV,5.883361816,EI_Excel,5.88336181640625,0.0
Chile,2002,Lithium,Production,EI_CSV,6.620096684,EI_Excel,6.620096679687499,0.0
Chile,2003,Lithium,Production,EI_CSV,7.827012539,EI_Excel,7.8270126953125,0.0
Chile,2004,Lithium,Production,EI_CSV,8.340688705,EI_Excel,8.3406884765625,0.0
Chile,2005,Lithium,Production,EI_CSV,8.205998421,EI_Excel,8.2059982897628,0.0
Chile,2006,Lithium,Production,EI_CSV,8.877119064,EI_Excel,8.877118868668898,0.0
Chile,2007,Lithium,Production,EI_CSV,10.32019711,EI_Excel,10.320197265172109,0.0
Chile,2008,Lithium,Production,EI_CSV,9.818883896,EI_Excel,9.818883811622198,0.0
Chile,2009,Lithium,Production,EI_CSV,5.117529869,EI_Excel,5.117530095088844,0.0
Chile,2010,Lithium,Production,EI_CSV,8.879804611,EI_Excel,8.879804360012976,0.0
Chile,2011,Lithium,Production,EI_CSV,11.89082813,EI_Excel,11.890828025477708,0.0
Chile,2012,Lithium,Production,EI_CSV,12.32548809,EI_Excel,12.325487771315542,0.0
Chile,2013,Lithium,Production,EI_CSV,10.50505257,EI_Excel,10.505052474571285,0.0
Chile,2014,Copper,Production,EI_Excel,5800.0,OWID,5761100.0,99229.3
Chile,2014,Lithium,Production,EI_CSV,10.83417225,EI_Excel,10.834172430528078,0.0
Chile,2015,Copper,Production,EI_Excel,5760.0,OWID,5772100.0,100110.1
Chile,2015,Lithium,Production,EI_CSV,9.809592247,EI_Excel,9.809592175090131,0.0
Chile,2016,Copper,Production,EI_Excel,5500.0,OWID,5552600.0,100856.4
Chile,2016,Lithium,Production,EI_CSV,13.59597588,EI_Excel,13.595975838876805,0.0
Chile,2017,Copper,Production,EI_Excel,5500.0,OWID,5503500.0,99963.6
Chile,2017,Lithium,Production,EI_CSV,14.23359871,EI_Excel,14.23359886662305,0.0
Chile,2018,Copper,Production,EI_Excel,5800.0,OWID,5831600.0,100444.8
Chile,2018,Lithium,Production,EI_CSV,16.97450447,EI_Excel,16.974503620605486,0.0
Chile,2019,Copper,Production,EI_Excel,5790.0,OWID,5787400.0,99855.1
Chile,2019,Lithium,Production,EI_CSV,19.24128723,EI_Excel,19.24128724083169,0.0
Chile,2020,Copper,Production,EI_Excel,5730.0,OWID,5730000.0,99900.0
Chile,2020,Lithium,Production,EI_CSV,21.63035774,EI_Excel,21.630357105771477,0.0
Chile,2020,Lithium,Production,EI_CSV,21.63035774,OWID,21500.0,99297.3
Chile,2021,Copper,Production,EI_Excel,5600.0,OWID,5620000.0,100257.1
Chile,2021,Lithium,Production,EI_CSV,28.24200058,EI_Excel,28.242,0.0
Chile,2021,Lithium,Production,EI_CSV,28.24200058,OWID,28300.0,100105.4
Chile,2022,Copper,Production,EI_Excel,5330.0,OWID,5330000.0,99900.0
Chile,2022,Lithium,Production,EI_CSV,48.82104111,EI_Excel,48.82104293605975,0.0
Chile,2022,Lithium,Production,EI_CSV,48.82104111,OWID,38000.0,77735.3
Chile,2022,Silver,Reserves,OWID,26000.0,OWID,26000.0,0.0
Chile,2023,Copper,Production,EI_Excel,5250.0,OWID,5250000.0,99900.0
Chile,2023,Lithium,Production,EI_CSV,48.09871674,EI_Excel,48.09871799999999,0.0
Chile,2023,Lithium,Production,EI_CSV,48.09871674,OWID,41400.0,85973.0
Chile,2023,Silver,Reserves,OWID,26000.0,OWID,26000.0,0.0
Chile,2024,Copper,Production,EI_Excel,5300.0,EI_Excel,0.00952380952380949,100.0
Chile,2024,Copper,Production,EI_Excel,5300.0,EI_Excel,0.2344095532950022,100.0
Chile,2024,Copper,Production,EI_Excel,5300.0,OWID,5300000.0,99900.0
Chile,2024,Copper,Reserves,EI_Excel,190000.0,OWID,190000000.0,99900.0
Chile,2024,Lithium,Production,EI_CSV,56.92843246,EI_Excel,56.92843434782608,0.0
Chile,2024,Lithium,Production,EI_CSV,56.92843246,EI_Excel,0.18357487922705307,99.7
Chile,2024,Lithium,Production,EI_CSV,56.92843246,EI_Excel,0.23270593054687239,99.6
Chile,2024,Lithium,Production,EI_CSV,56.92843246,OWID,49000.0,85973.0
Chile,2024,Lithium,Reserves,EI_CSV,9300.0,EI_Excel,9299.999999999998,0.0
Chile,2024,Lithium,Reserves,EI_CSV,9300.0,OWID,9300000.0,99900.0
Chile,2024,Silver,Reserves,OWID,26000.0,OWID,26000.0,0.0
China,1970,Oil,Production,EI_CSV,615.5191781,OWID,25400000.0,4126497.7
China,1971,Oil,Production,EI_CSV,791.4391781,OWID,38000000.0,4801279.7
China,1972,Oil,Production,EI_CSV,914.6478142,OWID,45000000.0,4919826.5
China,1973,Oil,Production,EI_CSV,1076.606301,OWID,54000000.0,5015661.1
China,1974,Oil,Production,EI_CSV,1302.330137,OWID,64000000.0,4914168.5
China,1975,Oil,Production,EI_CSV,1547.533699,OWID,75000000.0,4846321.1
China,1976,Oil,Production,EI_CSV,1745.581421,OWID,85000000.0,4869337.7
China,1977,Oil,Production,EI_CSV,1880.496438,OWID,93640000.0,4979436.2
China,1978,Oil,Production,EI_CSV,2089.552055,OWID,104050000.0,4979436.2
China,1979,Oil,Production,EI_CSV,2131.724658,OWID,106150000.0,4979436.2
China,1980,Oil,Production,EI_CSV,2121.894809,OWID,105950000.0,4993078.7
China,1981,Coal,Production,EI_CSV,621.6,OWID,622000000.0,100064250.1
China,1981,Oil,Production,EI_CSV,2032.719452,OWID,101220000.0,4979436.2
China,1982,Coal,Production,EI_CSV,666.3,OWID,666000000.0,99954875.2
China,1982,Oil,Production,EI_CSV,2050.793425,OWID,102120000.0,4979436.2
China,1983,Coal,Production,EI_CSV,714.5,OWID,715000000.0,100069879.0
China,1983,Oil,Production,EI_CSV,2130.118082,OWID,106070000.0,4979436.2
China,1984,Coal,Production,EI_CSV,789.2,OWID,789000000.0,99974557.9
China,1984,Oil,Production,EI_CSV,2295.331421,OWID,114640000.0,4994385.7
China,1985,Coal,Production,EI_CSV,872.3,OWID,872000000.0,99965508.2
China,1985,Oil,Production,EI_CSV,2508.265753,OWID,124895000.0,4979236.8
China,1986,Coal,Production,EI_CSV,894.0,OWID,894039000.0,100004262.4
China,1986,Oil,Production,EI_CSV,2624.541644,OWID,130688000.0,4979359.9
China,1987,Coal,Production,EI_CSV,928.1,OWID,927965000.0,99985354.2
China,1987,Oil,Production,EI_CSV,2693.825205,OWID,134140000.0,4979436.2
China,1988,Coal,Production,EI_CSV,979.9,OWID,980000000.0,100010105.1
China,1988,Oil,Production,EI_CSV,2744.744536,OWID,137046000.0,4992933.0
China,1989,Coal,Production,EI_CSV,1054.2,OWID,1054150000.0,99995157.1
China,1989,Oil,Production,EI_CSV,2764.112877,OWID,137641000.0,4979472.3
China,1990,Coal,Production,EI_CSV,1079.883,OWID,1079880000.0,99999622.2
China,1990,Oil,Production,EI_CSV,2777.567945,OWID,138306000.0,4979292.1
China,1991,Coal,Production,EI_CSV,1087.406,OWID,1087410000.0,100000267.8
China,1991,Oil,Production,EI_CSV,2831.388219,OWID,140990000.0,4979436.2
China,1992,Coal,Production,EI_CSV,1116.38,OWID,1114550000.0,99835977.3
China,1992,Oil,Production,EI_CSV,2844.680874,OWID,142100000.0,4995187.9
China,1993,Coal,Production,EI_CSV,1150.67,OWID,1150671000.0,99999986.9
China,1993,Oil,Production,EI_CSV,2892.438082,OWID,145237400.0,5021179.5
China,1994,Coal,Production,EI_CSV,1239.901,OWID,1242000000.0,100169187.7
China,1994,Oil,Production,EI_CSV,2933.606575,OWID,146082000.0,4979504.3
China,1995,Coal,Production,EI_CSV,1360.731,OWID,1360731500.0,99999936.7
China,1995,Cobalt,Production,EI_CSV,0.980000019,EI_Excel,0.98,0.0
China,1995,Lithium,Production,EI_CSV,0.319999993,EI_Excel,0.31999999999999995,0.0
China,1995,Natural Graphite,Production,EI_CSV,204.0,EI_Excel,204.0,0.0
China,1995,Oil,Production,EI_CSV,2992.648219,OWID,150049500.0,5013837.1
China,1995,Rare Earth,Production,EI_CSV,48.0,EI_Excel,48.0,0.0
China,1996,Coal,Production,EI_CSV,1396.6994,OWID,1396699400.0,99999900.0
China,1996,Cobalt,Production,EI_CSV,0.189999998,EI_Excel,0.18999999999999997,0.0
China,1996,Lithium,Production,EI_CSV,2.799999952,EI_Excel,2.8,0.0
China,1996,Natural Graphite,Production,EI_CSV,185.0,EI_Excel,185.0,0.0
China,1996,Oil,Production,EI_CSV,3174.731148,OWID,157333900.0,4955718.1
China,1996,Rare Earth,Production,EI_CSV,55.0,EI_Excel,55.0,0.0
China,1997,Coal,Production,EI_CSV,1387.5313,OWID,1372820100.0,98939657.3
China,1997,Cobalt,Production,EI_CSV,0.200000003,EI_Excel,0.19999999999999998,0.0
China,1997,Lithium,Production,EI_CSV,2.900000095,EI_Excel,2.9,0.0
China,1997,Natural Graphite,Production,EI_CSV,310.0,EI_Excel,310.0,0.0
China,1997,Oil,Production,EI_CSV,3215.76137,OWID,160741400.0,4998448.8
China,1997,Rare Earth,Production,EI_CSV,53.0,EI_Excel,53.0,0.0
China,1998,Coal,Production,EI_CSV,1332.0286,OWID,1232510000.0,92528694.1
China,1998,Cobalt,Production,EI_CSV,0.039999999,EI_Excel,0.039999999999999994,0.0
China,1998,Lithium,Production,EI_CSV,3.0,EI_Excel,3.0,0.0
China,1998,Natural Graphite,Production,EI_CSV,224.0,EI_Excel,223.99999999999997,0.0
China,1998,Oil,Production,EI_CSV,3216.765479,OWID,160176000.0,4979311.8
China,1998,Rare Earth,Production,EI_CSV,60.0,EI_Excel,60.0,0.0
China,1999,Coal,Production,EI_CSV,1363.9973,OWID,1043635200.0,76512896.0
China,1999,Cobalt,Production,EI_CSV,0.25,EI_Excel,0.25,0.0
China,1999,Lithium,Production,EI_CSV,2.299999952,EI_Excel,2.3,0.0
China,1999,Natural Graphite,Production,EI_CSV,300.0,EI_Excel,300.0,0.0
China,1999,Oil,Production,EI_CSV,3217.568767,OWID,160215400.0,4979293.2
China,1999,Rare Earth,Production,EI_CSV,70.0,EI_Excel,69.99999999999999,0.0
China,2000,Coal,Production,EI_CSV,1384.1845,OWID,999169800.0,72184626.8
China,2000,Cobalt,Production,EI_CSV,0.090000004,EI_Excel,0.09,0.0
China,2000,Lithium,Production,EI_CSV,2.400000095,EI_Excel,2.4,0.0
China,2000,Natural Graphite,Production,EI_CSV,430.0,EI_Excel,430.0,0.0
China,2000,Oil,Production,EI_CSV,3256.843169,OWID,162620300.0,4993087.9
China,2000,Rare Earth,Production,EI_CSV,73.0,EI_Excel,73.0,0.0
China,2001,Coal,Production,EI_CSV,1471.5265,OWID,1202800000.0,81738149.4
China,2001,Cobalt,Production,EI_CSV,0.150000006,EI_Excel,0.15,0.0
China,2001,Lithium,Production,EI_CSV,2.400000095,EI_Excel,2.4,0.0
China,2001,Natural Graphite,Production,EI_CSV,450.0,EI_Excel,449.99999999999994,0.0
China,2001,Oil,Production,EI_CSV,3310.147671,OWID,164931400.0,4982499.5
China,2001,Rare Earth,Production,EI_CSV,80.59999847,EI_Excel,80.6,0.0
China,2002,Coal,Production,EI_CSV,1550.4003,OWID,1413000000.0,91137653.3
China,2002,Cobalt,Production,EI_CSV,1.0,EI_Excel,1.0,0.0
China,2002,Lithium,Production,EI_CSV,2.400000095,EI_Excel,2.4,0.0
China,2002,Natural Graphite,Production,EI_CSV,629.0,EI_Excel,629.0,0.0
China,2002,Oil,Production,EI_CSV,3351.035014,OWID,167000000.0,4983434.9
China,2002,Rare Earth,Production,EI_CSV,88.0,EI_Excel,88.0,0.0
China,2003,Coal,Production,EI_CSV,1834.8987,OWID,1740000000.0,94828023.2
China,2003,Cobalt,Production,EI_CSV,0.699999988,EI_Excel,0.7,0.0
China,2003,Lithium,Production,EI_CSV,2.5,EI_Excel,2.5,0.0
China,2003,Natural Graphite,Production,EI_CSV,710.0,EI_Excel,710.0,0.0
China,2003,Oil,Production,EI_CSV,3405.638493,OWID,169599800.0,4979870.7
China,2003,Rare Earth,Production,EI_CSV,92.0,EI_Excel,92.0,0.0
China,2004,Coal,Production,EI_CSV,2122.6108,OWID,2123000000.0,100018235.9
China,2004,Cobalt,Production,EI_CSV,1.25999999,EI_Excel,1.2599999999999998,0.0
China,2004,Lithium,Production,EI_CSV,2.630000114,EI_Excel,2.63,0.0
China,2004,Natural Graphite,Production,EI_CSV,700.0,EI_Excel,700.0,0.0
China,2004,Oil,Production,EI_CSV,3485.775492,OWID,175873300.0,5045356.9
China,2004,Rare Earth,Production,EI_CSV,98.0,EI_Excel,97.99999999999999,0.0
China,2005,Coal,Production,EI_CSV,2365.146,OWID,2350000000.0,99359516.7
China,2005,Cobalt,Production,EI_CSV,2.099999905,EI_Excel,2.1,0.0
China,2005,Lithium,Production,EI_CSV,2.819999933,EI_Excel,2.82,0.0
China,2005,Natural Graphite,Production,EI_CSV,720.0,EI_Excel,720.0,0.0
China,2005,Oil,Production,EI_CSV,3641.963718,OWID,181352900.0,4979436.2
China,2005,Rare Earth,Production,EI_CSV,119.0,EI_Excel,119.0,0.0
China,2006,Coal,Production,EI_CSV,2569.7312,OWID,2529000000.0,98414862.6
China,2006,Cobalt,Production,EI_CSV,1.840000033,EI_Excel,1.8399999999999999,0.0
China,2006,Lithium,Production,EI_CSV,2.819999933,EI_Excel,2.82,0.0
China,2006,Natural Graphite,Production,EI_CSV,720.0,EI_Excel,720.0,0.0
China,2006,Oil,Production,EI_CSV,3710.500222,OWID,184765700.0,4979436.2
China,2006,Rare Earth,Production,EI_CSV,133.0,EI_Excel,133.0,0.0
China,2007,Coal,Production,EI_CSV,2759.8913,OWID,2692000000.0,97539973.4
China,2007,Cobalt,Production,EI_CSV,1.840000033,EI_Excel,1.8399999999999999,0.0
China,2007,Lithium,Production,EI_CSV,3.00999999,EI_Excel,3.01,0.0
China,2007,Natural Graphite,Production,EI_CSV,800.0,EI_Excel,799.9999999999999,0.0
China,2007,Oil,Production,EI_CSV,3741.677825,OWID,186318200.0,4979436.2
China,2007,Rare Earth,Production,EI_CSV,120.0,EI_Excel,120.0,0.0
China,2008,Coal,Production,EI_CSV,2903.4056,OWID,2802000000.0,96507256.7
China,2008,Cobalt,Production,EI_CSV,1.840000033,EI_Excel,1.8399999999999999,0.0
China,2008,Lithium,Production,EI_CSV,3.289999962,EI_Excel,3.29,0.0
China,2008,Natural Graphite,Production,EI_CSV,650.0,EI_Excel,650.0,0.0
China,2008,Oil,Production,EI_CSV,3813.995268,OWID,190430600.0,4992842.7
China,2008,Rare Earth,Production,EI_CSV,125.0,EI_Excel,125.0,0.0
China,2009,Coal,Production,EI_CSV,3115.3542,OWID,2973000000.0,95430461.3
China,2009,Cobalt,Production,EI_CSV,1.840000033,EI_Excel,1.8399999999999999,0.0
China,2009,Lithium,Production,EI_CSV,3.75999999,EI_Excel,3.76,0.0
China,2009,Natural Graphite,Production,EI_CSV,450.0,EI_Excel,449.99999999999994,0.0
China,2009,Oil,Production,EI_CSV,3805.374521,OWID,189489600.0,4979425.6
China,2009,Rare Earth,Production,EI_CSV,129.0,EI_Excel,129.0,0.0
China,2010,Coal,Production,EI_CSV,3428.4473,OWID,3428000000.0,99986853.3
China,2010,Cobalt,Production,EI_CSV,1.5,EI_Excel,1.5,0.0
China,2010,Lithium,Production,EI_CSV,3.950000048,EI_Excel,3.9499999999999997,0.0
China,2010,Natural Graphite,Production,EI_CSV,700.0,EI_Excel,700.0,0.0
China,2010,Oil,Production,EI_CSV,4076.966082,OWID,202414000.0,4964719.3
China,2010,Rare Earth,Production,EI_CSV,89.19999695,EI_Excel,89.2,0.0
China,2011,Coal,Production,EI_CSV,3764.4352,OWID,3764000000.0,99988339.2
China,2011,Cobalt,Production,EI_CSV,1.5,EI_Excel,1.5,0.0
China,2011,Lithium,Production,EI_CSV,4.139999866,EI_Excel,4.14,0.0
China,2011,Natural Graphite,Production,EI_CSV,800.0,EI_Excel,799.9999999999999,0.0
China,2011,Oil,Production,EI_CSV,4074.184699,OWID,202875500.0,4979436.2
China,2011,Rare Earth,Production,EI_CSV,93.80000305,EI_Excel,93.8,0.0
China,2012,Coal,Production,EI_CSV,3945.1281,OWID,3945128000.0,99999897.5
China,2012,Cobalt,Production,EI_CSV,2.200000048,EI_Excel,2.1999999999999997,0.0
China,2012,Lithium,Production,EI_CSV,4.5,EI_Excel,4.5,0.0
China,2012,Natural Graphite,Production,EI_CSV,820.0,EI_Excel,820.0,0.0
China,2012,Oil,Production,EI_CSV,4155.228798,OWID,207478000.0,4993078.7
China,2012,Rare Earth,Production,EI_CSV,93.80000305,EI_Excel,93.8,0.0
China,2013,Coal,Production,EI_CSV,3974.322,OWID,3974322000.0,99999900.0
China,2013,Cobalt,Production,EI_CSV,2.599999905,EI_Excel,2.6,0.0
China,2013,Lithium,Production,EI_CSV,4.699999809,EI_Excel,4.7,0.0
China,2013,Natural Graphite,Production,EI_CSV,750.0,EI_Excel,750.0,0.0
China,2013,Oil,Production,EI_CSV,4216.442628,OWID,209918500.0,4978468.9
China,2013,Rare Earth,Production,EI_CSV,93.80000305,EI_Excel,93.8,0.0
China,2013,Zinc,Production,EI_Excel,5000.0,OWID,5187747.0,103654.9
China,2014,Aluminium,Production,EI_Excel,24400.0,OWID,28316671.0,115951.9
China,2014,Bauxite,Production,EI_Excel,55000.0,OWID,59212401.0,107558.9
China,2014,Coal,Production,EI_CSV,3873.919,OWID,3874000000.0,100001990.9
China,2014,Cobalt,Production,EI_CSV,2.799999952,EI_Excel,2.8,0.0
China,2014,Copper,Production,EI_Excel,1620.0,OWID,1776794.0,109578.6
China,2014,Lithium,Production,EI_CSV,2.299999952,EI_Excel,2.3,0.0
China,2014,Natural Graphite,Production,EI_CSV,780.0,EI_Excel,779.9999999999999,0.0
China,2014,Oil,Production,EI_CSV,4245.957726,OWID,211429200.0,4979440.9
China,2014,Rare Earth,Production,EI_CSV,105.0,EI_Excel,105.0,0.0
China,2014,Zinc,Production,EI_Excel,4930.0,OWID,5118394.0,103721.4
China,2015,Aluminium,Production,EI_Excel,31400.0,OWID,31518147.0,100276.3
China,2015,Bauxite,Production,EI_Excel,65000.0,OWID,60787599.0,93419.4
China,2015,Coal,Production,EI_CSV,3746.5416,OWID,3747000000.0,100012135.3
China,2015,Cobalt,Production,EI_CSV,2.599999905,EI_Excel,2.6,0.0
China,2015,Copper,Production,EI_Excel,1710.0,OWID,1712065.0,100020.8
China,2015,Lithium,Production,EI_CSV,2.0,EI_Excel,2.0,0.0
China,2015,Natural Graphite,Production,EI_CSV,725.0,EI_Excel,725.0,0.0
China,2015,Oil,Production,EI_CSV,4308.835068,OWID,214555800.0,4979338.7
China,2015,Rare Earth,Production,EI_CSV,105.0,EI_Excel,105.0,0.0
China,2015,Zinc,Production,EI_Excel,4300.0,OWID,4748877.0,110339.0
China,2016,Aluminium,Production,EI_Excel,31900.0,OWID,32698082.0,102401.8
China,2016,Bauxite,Production,EI_Excel,65000.0,OWID,66157689.0,101681.1
China,2016,Coal,Production,EI_CSV,3410.604,OWID,3411000000.0,100011510.8
China,2016,Cobalt,Production,EI_CSV,2.299999952,EI_Excel,2.3,0.0
China,2016,Copper,Production,EI_Excel,1740.0,OWID,1900188.0,109106.2
China,2016,Lithium,Production,EI_CSV,2.299999952,EI_Excel,2.3,0.0
China,2016,Natural Graphite,Production,EI_CSV,625.0,EI_Excel,625.0,0.0
China,2016,Oil,Production,EI_CSV,3999.155874,OWID,199685200.0,4993083.7
China,2016,Rare Earth,Production,EI_CSV,105.0,EI_Excel,105.0,0.0
China,2016,Zinc,Production,EI_Excel,4800.0,OWID,4710500.0,98035.4
China,2017,Aluminium,Production,EI_Excel,32300.0,OWID,35189100.0,108844.6
China,2017,Bauxite,Production,EI_Excel,70000.0,OWID,69000000.0,98471.4
China,2017,Coal,Production,EI_CSV,3523.5618,OWID,3524000000.0,100012336.3
China,2017,Cobalt,Production,EI_CSV,2.5,EI_Excel,2.5,0.0
China,2017,Copper,Production,EI_Excel,1710.0,OWID,1706400.0,99689.5
China,2017,Lithium,Production,EI_CSV,6.800000191,EI_Excel,6.8,0.0
China,2017,Natural Graphite,Production,EI_CSV,625.0,EI_Excel,625.0,0.0
China,2017,Oil,Production,EI_CSV,3845.860219,OWID,191506100.0,4979438.8
China,2017,Rare Earth,Production,EI_CSV,105.0,EI_Excel,105.0,0.0
China,2017,Zinc,Production,EI_Excel,4400.0,OWID,3868500.0,87820.5
China,2018,Aluminium,Production,EI_Excel,35800.0,OWID,36447290.0,101708.1
China,2018,Bauxite,Production,EI_Excel,79000.0,OWID,70751214.0,89458.5
China,2018,Coal,Production,EI_CSV,3697.7358,OWID,3698000000.0,100007044.9
China,2018,Cobalt,Production,EI_CSV,2.0,EI_Excel,2.0,0.0
China,2018,Copper,Production,EI_Excel,1600.0,OWID,1615234.0,100852.1
China,2018,Lithium,Production,EI_CSV,7.099999905,EI_Excel,7.1,0.0
China,2018,Natural Graphite,Production,EI_CSV,693.0,EI_Excel,693.0,0.0
China,2018,Oil,Production,EI_CSV,3802.040877,OWID,189324200.0,4979441.4
China,2018,Rare Earth,Production,EI_CSV,120.0,EI_Excel,120.0,0.0
China,2018,Zinc,Production,EI_Excel,4170.0,OWID,3721100.0,89135.0
China,2019,Aluminium,Production,EI_Excel,35000.0,OWID,35043604.0,100024.6
China,2019,Bauxite,Production,EI_Excel,70000.0,OWID,42000000.0,59900.0
China,2019,Coal,Production,EI_CSV,3846.332,OWID,3846000000.0,99991268.4
China,2019,Cobalt,Production,EI_CSV,2.5,EI_Excel,2.5,0.0
China,2019,Copper,Production,EI_Excel,1680.0,OWID,1683700.0,100120.2
China,2019,Lithium,Production,EI_CSV,10.80000019,EI_Excel,10.799999999999999,0.0
China,2019,Natural Graphite,Production,EI_CSV,700.0,EI_Excel,700.0,0.0
China,2019,Oil,Production,EI_CSV,3848.310247,OWID,191014100.0,4963483.7
China,2019,Rare Earth,Production,EI_CSV,132.0,EI_Excel,132.0,0.0
China,2019,Zinc,Production,EI_Excel,4210.0,OWID,3685800.0,87448.7
China,2020,Aluminium,Production,EI_Excel,37100.0,OWID,37100000.0,99900.0
China,2020,Bauxite,Production,EI_Excel,86000.0,OWID,92700000.0,107690.7
China,2020,Cadmium,Production,OWID,10000.0,OWID,10000.0,0.0
China,2020,Coal,Production,EI_CSV,3901.5771,OWID,3902000000.0,100010739.2
China,2020,Cobalt,Production,EI_CSV,2.200000048,EI_Excel,2.1999999999999997,0.0
China,2020,Cobalt,Production,EI_CSV,2.200000048,OWID,2200.0,99900.0
China,2020,Copper,Production,EI_Excel,1720.0,OWID,1720000.0,99900.0
China,2020,Lithium,Production,EI_CSV,13.30000019,EI_Excel,13.299999999999999,0.0
China,2020,Lithium,Production,EI_CSV,13.30000019,OWID,13300.0,99900.0
China,2020,Manganese,Production,EI_Excel,991.0,OWID,1340000.0,135117.0
China,2020,Natural Graphite,Production,EI_CSV,762.0,EI_Excel,762.0,0.0
China,2020,Natural Graphite,Production,EI_CSV,762.0,OWID,762000.0,99900.0
China,2020,Nickel,Production,EI_Excel,120.0,OWID,120000.0,99900.0
China,2020,Oil,Production,EI_CSV,3900.701557,OWID,194768600.0,4993068.5
China,2020,Rare Earth,Production,EI_CSV,140.0,EI_Excel,139.99999999999997,0.0
China,2020,Rare Earth,Production,EI_CSV,140.0,OWID,140000.0,99900.0
China,2020,Tin,Production,EI_Excel,84.0,OWID,84000.0,99900.0
China,2020,Vanadium,Production,EI_Excel,70.0,OWID,70000.0,99900.0
China,2020,Zinc,Production,EI_Excel,4060.0,OWID,4060000.0,99900.0
China,2021,Aluminium,Production,EI_Excel,38900.0,OWID,38900000.0,99900.0
China,2021,Bauxite,Production,EI_Excel,90000.0,OWID,90000000.0,99900.0
China,2021,Cadmium,Production,OWID,10000.0,OWID,10000.0,0.0
China,2021,Coal,Production,EI_CSV,4125.8339,OWID,4126000000.0,100003925.9
China,2021,Cobalt,Production,EI_CSV,2.200000048,EI_Excel,2.1999999999999997,0.0
China,2021,Cobalt,Production,EI_CSV,2.200000048,OWID,2200.0,99900.0
China,2021,Copper,Production,EI_Excel,1800.0,OWID,1910000.0,106011.1
China,2021,Lithium,Production,EI_CSV,14.0,EI_Excel,13.999999999999998,0.0
China,2021,Lithium,Production,EI_CSV,14.0,OWID,14000.0,99900.0
China,2021,Manganese,Production,EI_Excel,990.0,OWID,991000.0,100001.0
China,2021,Natural Graphite,Production,EI_CSV,820.0,EI_Excel,820.0,0.0
China,2021,Natural Graphite,Production,EI_CSV,820.0,OWID,820000.0,99900.0
China,2021,Nickel,Production,EI_Excel,109.0,OWID,109000.0,99900.0
China,2021,Oil,Production,EI_CSV,3993.966384,OWID,198881100.0,4979438.7
China,2021,Rare Earth,Production,EI_CSV,168.0,EI_Excel,167.99999999999997,0.0
China,2021,Rare Earth,Production,EI_CSV,168.0,OWID,168000.0,99900.0
China,2021,Tin,Production,EI_Excel,90.0,OWID,90000.0,99900.0
China,2021,Vanadium,Production,EI_Excel,70.3,OWID,70300.0,99900.0
China,2021,Zinc,Production,EI_Excel,4140.0,OWID,4140000.0,99900.0
China,2022,Aluminium,Production,EI_Excel,40200.0,OWID,40200000.0,99900.0
China,2022,Bauxite,Production,EI_Excel,90000.0,OWID,90000000.0,99900.0
China,2022,Cadmium,Production,OWID,8700.0,OWID,8700.0,0.0
China,2022,Coal,Production,EI_CSV,4558.5529,OWID,4559000000.0,100009707.9
China,2022,Cobalt,Production,EI_CSV,1.75,EI_Excel,1.7499999999999998,0.0
China,2022,Copper,Production,EI_Excel,1940.0,OWID,1940000.0,99900.0
China,2022,Gold,Reserves,OWID,1900.0,OWID,1900.0,0.0
China,2022,Lithium,Production,EI_CSV,22.60000038,EI_Excel,22.599999999999998,0.0
China,2022,Lithium,Production,EI_CSV,22.60000038,OWID,22600.0,99900.0
China,2022,Manganese,Production,EI_Excel,743.0,OWID,743000.0,99900.0
China,2022,Natural Graphite,Production,EI_CSV,1210.0,EI_Excel,1210.0,0.0
China,2022,Natural Graphite,Production,EI_CSV,1210.0,OWID,1210000.0,99900.0
China,2022,Nickel,Production,EI_Excel,114.0,OWID,114000.0,99900.0
China,2022,Oil,Production,EI_CSV,4111.266466,OWID,204722400.0,4979445.9
China,2022,Rare Earth,Production,EI_CSV,210.0,EI_Excel,210.0,0.0
China,2022,Rare Earth,Production,EI_CSV,210.0,OWID,210000.0,99900.0
China,2022,Silver,Reserves,OWID,71000.0,OWID,71000.0,0.0
China,2022,Tin,Production,EI_Excel,71.0,OWID,71000.0,99900.0
China,2022,Vanadium,Production,EI_Excel,66.9,OWID,66900.0,99900.0
China,2022,Zinc,Production,EI_Excel,4040.0,OWID,4040000.0,99900.0
China,2023,Aluminium,Production,EI_Excel,41600.0,OWID,41600000.0,99900.0
China,2023,Bauxite,Production,EI_Excel,91000.0,OWID,91000000.0,99900.0
China,2023,Cadmium,Production,OWID,9300.0,OWID,9300.0,0.0
China,2023,Coal,Production,EI_CSV,4723.320158,OWID,4710000000.0,99717891.6
China,2023,Cobalt,Production,EI_CSV,1.75,EI_Excel,1.7499999999999998,0.0
China,2023,Copper,Production,EI_Excel,1820.0,OWID,1820000.0,99900.0
China,2023,Gold,Reserves,OWID,3000.0,OWID,3000.0,0.0
China,2023,Lithium,Production,EI_CSV,35.70000076,EI_Excel,35.699999999999996,0.0
China,2023,Lithium,Production,EI_CSV,35.70000076,OWID,35700.0,99900.0
China,2023,Manganese,Production,EI_Excel,767.0,OWID,767000.0,99900.0
China,2023,Natural Graphite,Production,EI_CSV,1210.0,EI_Excel,1210.0,0.0
China,2023,Natural Graphite,Production,EI_CSV,1210.0,OWID,1210000.0,99900.0
China,2023,Nickel,Production,EI_Excel,117.0,OWID,117000.0,99900.0
China,2023,Oil,Production,EI_CSV,4197.700219,OWID,208915000.0,4976791.8
China,2023,Rare Earth,Production,EI_CSV,255.0,EI_Excel,255.0,0.0
China,2023,Rare Earth,Production,EI_CSV,255.0,OWID,255000.0,99900.0
China,2023,Silver,Reserves,OWID,72000.0,OWID,72000.0,0.0
China,2023,Tin,Production,EI_Excel,70.0,OWID,70000.0,99900.0
China,2023,Vanadium,Production,EI_Excel,70.0,OWID,70000.0,99900.0
China,2023,Zinc,Production,EI_Excel,4060.0,OWID,4060000.0,99900.0
China,2024,Aluminium,Production,EI_Excel,43000.0,EI_Excel,0.033653846153846256,100.0
China,2024,Aluminium,Production,EI_Excel,43000.0,EI_Excel,0.6003909522479755,100.0
China,2024,Aluminium,Production,EI_Excel,43000.0,OWID,43000000.0,99900.0
China,2024,Bauxite,Production,EI_Excel,93000.0,EI_Excel,0.0219780219780219,100.0
China,2024,Bauxite,Production,EI_Excel,93000.0,EI_Excel,0.2064441657324883,100.0
China,2024,Bauxite,Production,EI_Excel,93000.0,OWID,93000000.0,99900.0
China,2024,Cadmium,Production,OWID,9300.0,OWID,9300.0,0.0
China,2024,Cobalt,Production,EI_CSV,1.75,EI_Excel,1.7499999999999998,0.0
China,2024,Cobalt,Production,EI_CSV,1.75,EI_Excel,0.0,100.0
China,2024,Cobalt,Production,EI_CSV,1.75,EI_Excel,0.006461952997872818,99.6
China,2024,Cobalt,Reserves,EI_CSV,140.0,EI_Excel,139.99999999999997,0.0
China,2024,Copper,Production,EI_Excel,1800.0,EI_Excel,-0.01098901098901095,100.0
China,2024,Copper,Production,EI_Excel,1800.0,EI_Excel,0.07961079168509509,100.0
China,2024,Copper,Production,EI_Excel,1800.0,OWID,1800000.0,99900.0
China,2024,Copper,Reserves,EI_Excel,41000.0,OWID,41000000.0,99900.0
China,2024,Gold,Reserves,OWID,3100.0,OWID,3100.0,0.0
China,2024,Lithium,Production,EI_CSV,41.0,EI_Excel,40.99999999999999,0.0
China,2024,Lithium,Production,EI_CSV,41.0,EI_Excel,0.14845938375350132,99.6
China,2024,Lithium,Production,EI_CSV,41.0,EI_Excel,0.16759538992637174,99.6
China,2024,Lithium,Production,EI_CSV,41.0,OWID,41000.0,99900.0
China,2024,Lithium,Reserves,EI_CSV,3000.0,EI_Excel,3000.0,0.0
China,2024,Lithium,Reserves,EI_CSV,3000.0,OWID,3000000.0,99900.0
China,2024,Manganese,Production,EI_Excel,770.0,EI_Excel,0.003911342894393766,100.0
China,2024,Manganese,Production,EI_Excel,770.0,EI_Excel,0.03657957244655582,100.0
China,2024,Manganese,Production,EI_Excel,770.0,OWID,770000.0,99900.0
China,2024,Manganese,Reserves,EI_Excel,280000.0,OWID,280000000.0,99900.0
China,2024,Natural Graphite,Production,EI_CSV,1270.0,EI_Excel,1270.0,0.0
China,2024,Natural Graphite,Production,EI_CSV,1270.0,EI_Excel,0.04958677685950419,100.0
China,2024,Natural Graphite,Production,EI_CSV,1270.0,EI_Excel,0.7348167760405757,99.9
China,2024,Natural Graphite,Production,EI_CSV,1270.0,OWID,1270000.0,99900.0
China,2024,Natural Graphite,Reserves,EI_CSV,81000.0,EI_Excel,81000.0,0.0
China,2024,Natural Graphite,Reserves,EI_CSV,81000.0,OWID,81000000.0,99900.0
China,2024,Nickel,Production,EI_Excel,120.0,EI_Excel,0.02564102564102555,100.0
China,2024,Nickel,Production,EI_Excel,120.0,EI_Excel,0.03138974978184124,100.0
China,2024,Nickel,Production,EI_Excel,120.0,OWID,120000.0,99900.0
China,2024,Nickel,Reserves,EI_Excel,4400.0,OWID,4400000.0,99900.0
China,2024,Rare Earth,Production,EI_CSV,270.0,EI_Excel,269.99999999999994,0.0
China,2024,Rare Earth,Production,EI_CSV,270.0,EI_Excel,0.0588235294117645,100.0
China,2024,Rare Earth,Production,EI_CSV,270.0,EI_Excel,0.7108068974595235,99.7
China,2024,Rare Earth,Production,EI_CSV,270.0,OWID,270000.0,99900.0
China,2024,Rare Earth,Reserves,EI_CSV,44000.0,EI_Excel,44000.0,0.0
China,2024,Rare Earth,Reserves,EI_CSV,44000.0,OWID,44000000.0,99900.0
China,2024,Silver,Reserves,OWID,70000.0,OWID,70000.0,0.0
China,2024,Tin,Production,EI_Excel,69.0,EI_Excel,-0.014285714285714235,100.0
China,2024,Tin,Production,EI_Excel,69.0,EI_Excel,0.233502538071066,99.7
China,2024,Tin,Production,EI_Excel,69.0,OWID,69000.0,99900.0
China,2024,Tin,Reserves,EI_Excel,1000.0,OWID,1000000.0,99900.0
China,2024,Vanadium,Production,EI_Excel,70.0,EI_Excel,0.0,100.0
China,2024,Vanadium,Production,EI_Excel,70.0,EI_Excel,0.6730769230769231,99.0
China,2024,Vanadium,Production,EI_Excel,70.0,OWID,70000.0,99900.0
China,2024,Vanadium,Reserves,EI_Excel,4100.0,OWID,4100000.0,99900.0
China,2024,Zinc,Production,EI_Excel,4000.0,EI_Excel,-0.014778325123152691,100.0
China,2024,Zinc,Production,EI_Excel,4000.0,EI_Excel,0.33444816053511706,100.0
China,2024,Zinc,Production,EI_Excel,4000.0,OWID,4000000.0,99900.0
China,2024,Zinc,Reserves,EI_Excel,46000.0,OWID,46000000.0,99900.0
Colombia,1970,Oil,Production,EI_CSV,226.0,OWID,11619000.0,5141050.4
Colombia,1971,Oil,Production,EI_CSV,224.0,OWID,11413000.0,5094989.3
Colombia,1972,Oil,Production,EI_CSV,203.0,OWID,10403000.0,5124530.5
Colombia,1973,Oil,Production,EI_CSV,192.0,OWID,9737000.0,5071254.2
Colombia,1974,Oil,Production,EI_CSV,175.0,OWID,8910000.0,5091328.6
Colombia,1975,Oil,Production,EI_CSV,164.0,OWID,8311000.0,5067582.9
Colombia,1976,Oil,Production,EI_CSV,153.0,OWID,7747000.0,5063298.7
Colombia,1977,Oil,Production,EI_CSV,144.0,OWID,7089000.0,4922816.7
Colombia,1978,Oil,Production,EI_CSV,137.0,OWID,6739000.0,4918878.1
Colombia,1979,Oil,Production,EI_CSV,129.0,OWID,6394000.0,4956489.1
Colombia,1980,Oil,Production,EI_CSV,131.0,OWID,6486000.0,4951045.0
Colombia,1981,Coal,Production,EI_CSV,3.9904,OWID,5030000.0,126052426.1
Colombia,1981,Oil,Production,EI_CSV,140.0,OWID,6896000.0,4925614.3
Colombia,1982,Coal,Production,EI_CSV,4.4216,OWID,4421600.0,99999900.0
Colombia,1982,Oil,Production,EI_CSV,147.0,OWID,7308000.0,4971328.6
Colombia,1983,Coal,Production,EI_CSV,5.0532,OWID,5053200.0,99999900.0
Colombia,1983,Oil,Production,EI_CSV,158.0,OWID,7657000.0,4846102.5
Colombia,1984,Coal,Production,EI_CSV,6.637,OWID,6637000.0,99999900.0
Colombia,1984,Oil,Production,EI_CSV,173.0,OWID,8633000.0,4990073.4
Colombia,1985,Coal,Production,EI_CSV,8.974,OWID,8974000.0,99999900.0
Colombia,1985,Oil,Production,EI_CSV,183.0,OWID,9084000.0,4963834.4
Colombia,1986,Coal,Production,EI_CSV,10.737,OWID,10800000.0,100586656.1
Colombia,1986,Oil,Production,EI_CSV,307.0,OWID,15629000.0,5090779.5
Colombia,1987,Coal,Production,EI_CSV,14.594,OWID,14594000.0,99999900.0
Colombia,1987,Oil,Production,EI_CSV,388.0,OWID,19835000.0,5112013.4
Colombia,1988,Coal,Production,EI_CSV,15.101,OWID,15101000.0,99999900.0
Colombia,1988,Oil,Production,EI_CSV,380.0,OWID,19358000.0,5094110.5
Colombia,1989,Coal,Production,EI_CSV,18.902,OWID,18902000.0,99999900.0
Colombia,1989,Oil,Production,EI_CSV,407.0,OWID,20839000.0,5120047.4
Colombia,1990,Coal,Production,EI_CSV,20.468,OWID,20400000.0,99667674.1
Colombia,1990,Oil,Production,EI_CSV,446.0,OWID,22647000.0,5077702.7
Colombia,1991,Coal,Production,EI_CSV,20.031,OWID,20200000.0,100843592.3
Colombia,1991,Oil,Production,EI_CSV,430.0,OWID,21926896.0,5099178.1
Colombia,1992,Coal,Production,EI_CSV,21.9,OWID,23700000.0,108219078.1
Colombia,1992,Oil,Production,EI_CSV,442.0,OWID,22593500.0,5111551.6
Colombia,1993,Coal,Production,EI_CSV,21.713,OWID,21223000.0,97743187.4
Colombia,1993,Oil,Production,EI_CSV,458.0,OWID,23358814.0,5100077.7
Colombia,1994,Coal,Production,EI_CSV,22.665,OWID,22600000.0,99713114.2
Colombia,1994,Oil,Production,EI_CSV,460.0,OWID,23405400.0,5088030.4
Colombia,1995,Coal,Production,EI_CSV,25.74,OWID,25869000.0,100501065.5
Colombia,1995,Oil,Production,EI_CSV,591.0,OWID,30155238.0,5102309.1
Colombia,1996,Coal,Production,EI_CSV,29.564,OWID,29695000.0,100443006.5
Colombia,1996,Oil,Production,EI_CSV,635.0,OWID,32286570.0,5084399.2
Colombia,1997,Coal,Production,EI_CSV,32.742,OWID,32797000.0,100167880.0
Colombia,1997,Oil,Production,EI_CSV,667.0,OWID,33622738.0,5040790.3
Colombia,1998,Coal,Production,EI_CSV,33.561,OWID,33751000.0,100566033.3
Colombia,1998,Oil,Production,EI_CSV,775.0,OWID,38885956.0,5017442.7
Colombia,1999,Coal,Production,EI_CSV,32.754,OWID,32754000.0,99999900.0
Colombia,1999,Oil,Production,EI_CSV,838.0,OWID,42041092.0,5016736.8
Colombia,2000,Coal,Production,EI_CSV,38.242,OWID,38242000.0,99999900.0
Colombia,2000,Oil,Production,EI_CSV,687.0,OWID,35527000.0,5171224.6
Colombia,2001,Coal,Production,EI_CSV,43.911492,OWID,43911492.0,99999900.0
Colombia,2001,Oil,Production,EI_CSV,604.0,OWID,31158988.0,5158672.8
Colombia,2002,Coal,Production,EI_CSV,39.48446488,OWID,39484465.0,99999900.3
Colombia,2002,Oil,Production,EI_CSV,578.0,OWID,29734320.0,5144246.0
Colombia,2003,Coal,Production,EI_CSV,50.02809337,OWID,50028094.0,99999901.3
Colombia,2003,Oil,Production,EI_CSV,541.0,OWID,27858918.0,5149422.7
Colombia,2004,Coal,Production,EI_CSV,53.887596,OWID,53887596.0,99999900.0
Colombia,2004,Oil,Production,EI_CSV,528.29,OWID,27274443.0,5162678.6
Colombia,2005,Coal,Production,EI_CSV,59.675097,OWID,59675096.0,99999898.3
Colombia,2005,Oil,Production,EI_CSV,526.1618192,OWID,27128522.0,5155827.5
Colombia,2006,Coal,Production,EI_CSV,66.19187,OWID,66191864.0,99999890.9
Colombia,2006,Oil,Production,EI_CSV,527.408726,OWID,27189857.0,5155267.3
Colombia,2007,Coal,Production,EI_CSV,69.90221,OWID,69902202.0,99999888.6
Colombia,2007,Oil,Production,EI_CSV,531.0939233,OWID,27373951.0,5154158.0
Colombia,2008,Coal,Production,EI_CSV,73.50209,OWID,73502098.0,99999910.9
Colombia,2008,Oil,Production,EI_CSV,587.6582705,OWID,30363501.0,5166763.6
Colombia,2009,Coal,Production,EI_CSV,72.807412,OWID,72807412.0,99999900.0
Colombia,2009,Oil,Production,EI_CSV,670.6032356,OWID,34571842.0,5155234.8
Colombia,2010,Coal,Production,EI_CSV,74.35013326,OWID,74350030.0,99999761.1
Colombia,2010,Oil,Production,EI_CSV,785.8646,OWID,40493559.0,5152639.9
Colombia,2011,Coal,Production,EI_CSV,85.80322912,OWID,85803229.0,99999899.9
Colombia,2011,Oil,Production,EI_CSV,915.2647151,OWID,47185198.0,5155260.8
Colombia,2012,Coal,Production,EI_CSV,89.02433,OWID,89706528.0,100766205.1
Colombia,2012,Oil,Production,EI_CSV,944.1192268,OWID,48672814.0,5155267.3
Colombia,2013,Coal,Production,EI_CSV,85.49606,OWID,85936246.0,100514761.2
Colombia,2013,Oil,Production,EI_CSV,1009.871696,OWID,51660305.0,5115431.5
Colombia,2014,Coal,Production,EI_CSV,88.57797,OWID,88787694.0,100236667.7
Colombia,2014,Oil,Production,EI_CSV,990.3790511,OWID,51059991.0,5155500.9
Colombia,2015,Coal,Production,EI_CSV,86.7,OWID,86554771.0,99832392.5
Colombia,2015,Oil,Production,EI_CSV,1005.574436,OWID,51841046.0,5155266.3
Colombia,2016,Coal,Production,EI_CSV,91.5,OWID,91023144.0,99478745.9
Colombia,2016,Oil,Production,EI_CSV,885.8984336,OWID,45661017.0,5154104.5
Colombia,2017,Coal,Production,EI_CSV,91.8,OWID,91270591.0,99423201.7
Colombia,2017,Oil,Production,EI_CSV,854.0399497,OWID,45000000.0,5268974.4
Colombia,2018,Coal,Production,EI_CSV,87.9,OWID,86255214.0,98128698.6
Colombia,2018,Oil,Production,EI_CSV,865.4809832,OWID,45600000.0,5268646.6
Colombia,2019,Coal,Production,EI_CSV,88.5,OWID,84342786.0,95302483.1
Colombia,2019,Oil,Production,EI_CSV,885.8297257,OWID,46700000.0,5271793.5
Colombia,2020,Coal,Production,EI_CSV,56.8,OWID,49450500.0,87060639.4
Colombia,2020,Oil,Production,EI_CSV,781.0826001,OWID,41300000.0,5287433.0
Colombia,2021,Coal,Production,EI_CSV,63.7,OWID,56642510.0,88920637.8
Colombia,2021,Oil,Production,EI_CSV,736.3561644,OWID,38800000.0,5269089.3
Colombia,2022,Coal,Production,EI_CSV,66.8,OWID,57620000.0,86257385.0
Colombia,2022,Oil,Production,EI_CSV,754.3210945,OWID,39700000.0,5262910.7
Colombia,2023,Coal,Production,EI_CSV,68.0,OWID,57620000.0,84735194.1
Colombia,2023,Oil,Production,EI_CSV,779.2334622,OWID,40900000.0,5248647.9
Colombia,2024,Gold,Reserves,OWID,700.0,OWID,700.0,0.0
Cuba,1995,Cobalt,Production,EI_CSV,1.590999961,EI_Excel,1.591,0.0
Cuba,1996,Cobalt,Production,EI_CSV,2.010999918,EI_Excel,2.0109999999999997,0.0
Cuba,1997,Cobalt,Production,EI_CSV,2.35800004,EI_Excel,2.3579999999999997,0.0
Cuba,1998,Cobalt,Production,EI_CSV,2.664999962,EI_Excel,2.665,0.0
Cuba,1999,Cobalt,Production,EI_CSV,2.536999941,EI_Excel,2.537,0.0
Cuba,2000,Cobalt,Production,EI_CSV,2.851999998,EI_Excel,2.852,0.0
Cuba,2001,Cobalt,Production,EI_CSV,3.424999952,EI_Excel,3.425,0.0
Cuba,2002,Cobalt,Production,EI_CSV,3.441999912,EI_Excel,3.4419999999999997,0.0
Cuba,2003,Cobalt,Production,EI_CSV,3.273999929,EI_Excel,3.274,0.0
Cuba,2004,Cobalt,Production,EI_CSV,3.553999901,EI_Excel,3.554,0.0
Cuba,2005,Cobalt,Production,EI_CSV,4.797999859,EI_Excel,4.798,0.0
Cuba,2006,Cobalt,Production,EI_CSV,5.602000237,EI_Excel,5.601999999999999,0.0
Cuba,2007,Cobalt,Production,EI_CSV,4.539999962,EI_Excel,4.54,0.0
Cuba,2008,Cobalt,Production,EI_CSV,4.0,EI_Excel,4.0,0.0
Cuba,2009,Cobalt,Production,EI_CSV,4.599999905,EI_Excel,4.6,0.0
Cuba,2010,Cobalt,Production,EI_CSV,4.800000191,EI_Excel,4.8,0.0
Cuba,2011,Cobalt,Production,EI_CSV,5.099999905,EI_Excel,5.1,0.0
Cuba,2012,Cobalt,Production,EI_CSV,4.699999809,EI_Excel,4.7,0.0
Cuba,2013,Cobalt,Production,EI_CSV,4.0,EI_Excel,4.0,0.0
Cuba,2014,Cobalt,Production,EI_CSV,3.700000048,EI_Excel,3.6999999999999997,0.0
Cuba,2015,Cobalt,Production,EI_CSV,4.0,EI_Excel,4.0,0.0
Cuba,2016,Cobalt,Production,EI_CSV,3.900000095,EI_Excel,3.9,0.0
Cuba,2017,Cobalt,Production,EI_CSV,3.900000095,EI_Excel,3.9,0.0
Cuba,2018,Cobalt,Production,EI_CSV,3.5,EI_Excel,3.4999999999999996,0.0
Cuba,2019,Cobalt,Production,EI_CSV,3.799999952,EI_Excel,3.8,0.0
Cuba,2020,Cobalt,Production,EI_CSV,3.793246508,EI_Excel,3.7932464454976307,0.0
Cuba,2020,Cobalt,Production,EI_CSV,3.793246508,OWID,3800.0,100078.0
Cuba,2021,Cobalt,Production,EI_CSV,3.96883893,EI_Excel,3.9688388625592417,0.0
Cuba,2021,Cobalt,Production,EI_CSV,3.96883893,OWID,4000.0,100685.1
Cuba,2022,Cobalt,Production,EI_CSV,3.790995359,EI_Excel,3.7909952606635073,0.0
Cuba,2022,Cobalt,Production,EI_CSV,3.790995359,OWID,3700.0,97499.7
Cuba,2023,Cobalt,Production,EI_CSV,3.237203836,EI_Excel,3.2372037914691947,0.0
Cuba,2023,Cobalt,Production,EI_CSV,3.237203836,OWID,3300.0,101839.8
Cuba,2024,Cobalt,Production,EI_CSV,3.608649254,EI_Excel,3.6086492890995263,0.0
Cuba,2024,Cobalt,Production,EI_CSV,3.608649254,EI_Excel,0.11474269819193328,96.8
Cuba,2024,Cobalt,Production,EI_CSV,3.608649254,EI_Excel,0.013325098338267602,99.6
Cuba,2024,Cobalt,Production,EI_CSV,3.608649254,OWID,3500.0,96889.2
Cuba,2024,Cobalt,Reserves,EI_CSV,500.0,EI_Excel,500.0,0.0
Cuba,2024,Cobalt,Reserves,EI_CSV,500.0,OWID,500000.0,99900.0
DR Congo,2024,Cobalt,Production,EI_Excel,200.779,EI_Excel,0.4357971366867375,99.8
DR Congo,2024,Cobalt,Production,EI_Excel,200.779,EI_Excel,0.7413854062628039,99.6
Democratic Republic of Congo,2014,Copper,Production,EI_Excel,1100.0,OWID,1030129.0,93548.1
Democratic Republic of Congo,2015,Copper,Production,EI_Excel,1020.0,OWID,1039007.0,101763.4
Democratic Republic of Congo,2016,Copper,Production,EI_Excel,910.0,OWID,1023687.0,112393.1
Democratic Republic of Congo,2017,Copper,Production,EI_Excel,1090.0,OWID,1094638.0,100325.5
Democratic Republic of Congo,2018,Copper,Production,EI_Excel,1200.0,OWID,1225227.0,102002.2
Democratic Republic of Congo,2019,Copper,Production,EI_Excel,1290.0,OWID,1461124.0,113165.4
Democratic Republic of Congo,2020,Cobalt,Production,EI_CSV,86.59100342,OWID,98000.0,113075.7
Democratic Republic of Congo,2020,Copper,Production,EI_Excel,1600.0,OWID,1600000.0,99900.0
Democratic Republic of Congo,2020,Tin,Production,EI_Excel,17.3,OWID,17300.0,99900.0
Democratic Republic of Congo,2021,Cobalt,Production,EI_CSV,93.14399719,OWID,119000.0,127659.2
Democratic Republic of Congo,2021,Copper,Production,EI_Excel,1800.0,OWID,1740000.0,96566.7
Democratic Republic of Congo,2021,Tin,Production,EI_Excel,16.7,OWID,16700.0,99900.0
Democratic Republic of Congo,2022,Cobalt,Production,EI_CSV,115.3710022,OWID,144000.0,124714.7
Democratic Republic of Congo,2022,Copper,Production,EI_Excel,2350.0,OWID,2350000.0,99900.0
Democratic Republic of Congo,2022,Tin,Production,EI_Excel,18.6,OWID,18600.0,99900.0
Democratic Republic of Congo,2023,Cobalt,Production,EI_CSV,139.8379974,OWID,175000.0,125044.8
Democratic Republic of Congo,2023,Copper,Production,EI_Excel,2930.0,OWID,2930000.0,99900.0
Democratic Republic of Congo,2023,Tin,Production,EI_Excel,20.0,OWID,20000.0,99900.0
Democratic Republic of Congo,2024,Cobalt,Production,EI_CSV,200.779007,OWID,220000.0,109473.2
Democratic Republic of Congo,2024,Cobalt,Reserves,EI_CSV,6000.0,OWID,6000000.0,99900.0
Democratic Republic of Congo,2024,Copper,Production,EI_Excel,3300.0,EI_Excel,0.12627986348122877,100.0
Democratic Republic of Congo,2024,Copper,Production,EI_Excel,3300.0,EI_Excel,0.145953118089341,100.0
Democratic Republic of Congo,2024,Copper,Production,EI_Excel,3300.0,OWID,3300000.0,99900.0
Democratic Republic of Congo,2024,Copper,Reserves,EI_Excel,80000.0,OWID,80000000.0,99900.0
Democratic Republic of Congo,2024,Tin,Production,EI_Excel,25.0,EI_Excel,0.25,99.0
Democratic Republic of Congo,2024,Tin,Production,EI_Excel,25.0,EI_Excel,0.08460236886632826,99.7
Democratic Republic of Congo,2024,Tin,Production,EI_Excel,25.0,OWID,25000.0,99900.0
Democratic Republic of Congo,2024,Tin,Reserves,EI_Excel,120.0,OWID,120000.0,99900.0
Denmark,1972,Oil,Production,EI_CSV,2.0,OWID,76000.0,3799900.0
Denmark,1973,Oil,Production,EI_CSV,3.0,OWID,68000.0,2266566.7
Denmark,1974,Oil,Production,EI_CSV,2.0,OWID,86000.0,4299900.0
Denmark,1975,Oil,Production,EI_CSV,3.0,OWID,167000.0,5566566.7
Denmark,1976,Oil,Production,EI_CSV,4.0,OWID,199000.0,4974900.0
Denmark,1977,Oil,Production,EI_CSV,10.0,OWID,514000.0,5139900.0
Denmark,1978,Oil,Production,EI_CSV,8.0,OWID,430000.0,5374900.0
Denmark,1979,Oil,Production,EI_CSV,8.0,OWID,421000.0,5262400.0
Denmark,1980,Oil,Production,EI_CSV,6.0,OWID,280000.0,4666566.7
Denmark,1981,Oil,Production,EI_CSV,15.0,OWID,760088.0,5067153.3
Denmark,1982,Oil,Production,EI_CSV,34.0,OWID,1662918.0,4890835.3
Denmark,1983,Oil,Production,EI_CSV,43.0,OWID,2148712.0,4996904.7
Denmark,1984,Oil,Production,EI_CSV,47.0,OWID,2219205.0,4721612.8
Denmark,1985,Oil,Production,EI_CSV,60.0,OWID,2853368.0,4755513.3
Denmark,1986,Oil,Production,EI_CSV,74.0,OWID,3238459.0,4376195.9
Denmark,1987,Oil,Production,EI_CSV,93.0,OWID,4552394.0,4894947.3
Denmark,1988,Oil,Production,EI_CSV,96.0,OWID,4700061.0,4895796.9
Denmark,1989,Oil,Production,EI_CSV,112.0,OWID,5416303.0,4835884.8
Denmark,1990,Oil,Production,EI_CSV,121.0,OWID,5933019.0,4903221.5
Denmark,1991,Oil,Production,EI_CSV,142.0,OWID,7003426.0,4931890.1
Denmark,1992,Oil,Production,EI_CSV,157.0,OWID,7611388.0,4847917.8
Denmark,1993,Oil,Production,EI_CSV,168.0,OWID,8298537.0,4939505.4
Denmark,1994,Oil,Production,EI_CSV,185.0,OWID,9129000.0,4934494.6
Denmark,1995,Oil,Production,EI_CSV,186.0,OWID,9181000.0,4935921.5
Denmark,1996,Oil,Production,EI_CSV,208.0,OWID,10286000.0,4945092.3
Denmark,1997,Oil,Production,EI_CSV,230.0,OWID,11375000.0,4945552.2
Denmark,1998,Oil,Production,EI_CSV,238.0,OWID,11752000.0,4937715.1
Denmark,1999,Oil,Production,EI_CSV,299.0,OWID,14931000.0,4993545.5
Denmark,2000,Oil,Production,EI_CSV,363.0,OWID,18175000.0,5006787.1
Denmark,2001,Oil,Production,EI_CSV,348.0,OWID,17378000.0,4993578.2
Denmark,2002,Oil,Production,EI_CSV,371.0,OWID,18494000.0,4984805.7
Denmark,2003,Oil,Production,EI_CSV,368.0,OWID,18341000.0,4983867.4
Denmark,2004,Oil,Production,EI_CSV,390.0,OWID,19446000.0,4986053.8
Denmark,2005,Oil,Production,EI_CSV,379.9754978,OWID,18822000.0,4953377.3
Denmark,2006,Oil,Production,EI_CSV,345.5385299,OWID,17068000.0,4939436.0
Denmark,2007,Oil,Production,EI_CSV,311.2730932,OWID,15552000.0,4996155.8
Denmark,2008,Oil,Production,EI_CSV,287.228546,OWID,14338000.0,4991743.7
Denmark,2009,Oil,Production,EI_CSV,264.7752142,OWID,13045000.0,4926720.7
Denmark,2010,Oil,Production,EI_CSV,249.4596007,OWID,12090000.0,4846376.1
Denmark,2011,Oil,Production,EI_CSV,224.5075173,OWID,10909000.0,4858980.1
Denmark,2012,Oil,Production,EI_CSV,204.2353349,OWID,9968000.0,4880544.2
Denmark,2013,Oil,Production,EI_CSV,178.1779889,OWID,8657000.0,4858524.8
Denmark,2014,Oil,Production,EI_CSV,166.8404477,OWID,8159150.0,4890290.9
Denmark,2015,Oil,Production,EI_CSV,157.7991558,OWID,7710265.0,4886025.6
Denmark,2016,Oil,Production,EI_CSV,141.7037193,OWID,6949005.0,4903797.4
Denmark,2017,Oil,Production,EI_CSV,138.2462543,OWID,6740075.0,4875312.4
Denmark,2018,Oil,Production,EI_CSV,115.8767024,OWID,5635500.0,4863259.0
Denmark,2019,Oil,Production,EI_CSV,102.9563908,OWID,4979725.0,4836632.3
Denmark,2020,Oil,Production,EI_CSV,72.03920883,OWID,3522230.0,4889223.5
Denmark,2021,Oil,Production,EI_CSV,66.4199246,OWID,3247085.0,4888621.3
Denmark,2022,Oil,Production,EI_CSV,65.35507233,OWID,3183250.0,4870600.8
Denmark,2023,Oil,Production,EI_CSV,59.96132838,OWID,2901645.0,4839094.0
Ecuador,1970,Oil,Production,EI_CSV,4.0,OWID,210000.0,5249900.0
Ecuador,1971,Oil,Production,EI_CSV,4.0,OWID,197000.0,4924900.0
Ecuador,1972,Oil,Production,EI_CSV,78.0,OWID,4148000.0,5317848.7
Ecuador,1973,Oil,Production,EI_CSV,209.0,OWID,11060000.0,5291766.0
Ecuador,1974,Oil,Production,EI_CSV,177.0,OWID,9378000.0,5298205.1
Ecuador,1975,Oil,Production,EI_CSV,161.0,OWID,8528000.0,5296794.4
Ecuador,1976,Oil,Production,EI_CSV,188.0,OWID,9922000.0,5277559.6
Ecuador,1977,Oil,Production,EI_CSV,184.0,OWID,9284000.0,5045552.2
Ecuador,1978,Oil,Production,EI_CSV,204.0,OWID,10053000.0,4927841.2
Ecuador,1979,Oil,Production,EI_CSV,216.0,OWID,10649000.0,4929992.6
Ecuador,1980,Oil,Production,EI_CSV,206.0,OWID,10423000.0,5059608.7
Ecuador,1981,Oil,Production,EI_CSV,213.0,OWID,10707824.0,5027047.4
Ecuador,1982,Oil,Production,EI_CSV,213.0,OWID,10833696.0,5086142.3
Ecuador,1983,Oil,Production,EI_CSV,240.0,OWID,12043653.0,5018088.8
Ecuador,1984,Oil,Production,EI_CSV,261.0,OWID,13239624.0,5072552.9
Ecuador,1985,Oil,Production,EI_CSV,286.0,OWID,14295932.0,4998477.6
Ecuador,1986,Oil,Production,EI_CSV,298.0,OWID,14727997.0,4942180.9
Ecuador,1987,Oil,Production,EI_CSV,176.0,OWID,8893681.0,5053127.8
Ecuador,1988,Oil,Production,EI_CSV,309.0,OWID,15418451.0,4989690.0
Ecuador,1989,Oil,Production,EI_CSV,286.0,OWID,14199445.0,4964740.9
Ecuador,1990,Oil,Production,EI_CSV,292.0,OWID,14568801.0,4989215.4
Ecuador,1991,Oil,Production,EI_CSV,307.0,OWID,15258343.0,4970044.3
Ecuador,1992,Oil,Production,EI_CSV,328.0,OWID,16344278.0,4982911.6
Ecuador,1993,Oil,Production,EI_CSV,353.0,OWID,17497489.0,4956695.8
Ecuador,1994,Oil,Production,EI_CSV,388.0,OWID,19262390.0,4964433.5
Ecuador,1995,Oil,Production,EI_CSV,395.0,OWID,19689627.0,4984615.7
Ecuador,1996,Oil,Production,EI_CSV,393.0,OWID,19594002.0,4985651.1
Ecuador,1997,Oil,Production,EI_CSV,397.0,OWID,19766766.0,4978934.3
Ecuador,1998,Oil,Production,EI_CSV,385.0,OWID,19121078.0,4966413.8
Ecuador,1999,Oil,Production,EI_CSV,383.0,OWID,19011567.0,4963755.6
Ecuador,2000,Oil,Production,EI_CSV,403.0,OWID,20390618.0,5059606.7
Ecuador,2001,Oil,Production,EI_CSV,410.0,OWID,20570265.0,5017037.8
Ecuador,2002,Oil,Production,EI_CSV,394.0,OWID,20053000.0,5089493.9
Ecuador,2003,Oil,Production,EI_CSV,420.0,OWID,21414000.0,5098471.4
Ecuador,2004,Oil,Production,EI_CSV,528.0,OWID,26826000.0,5080581.8
Ecuador,2005,Oil,Production,EI_CSV,534.0,OWID,27085000.0,5071997.4
Ecuador,2006,Oil,Production,EI_CSV,537.6796175,OWID,27291000.0,5075599.2
Ecuador,2007,Oil,Production,EI_CSV,513.0880745,OWID,26021000.0,5071349.0
Ecuador,2008,Oil,Production,EI_CSV,506.7185792,OWID,25767000.0,5084971.1
Ecuador,2009,Oil,Production,EI_CSV,488.0657534,OWID,24747000.0,5070323.4
Ecuador,2010,Oil,Production,EI_CSV,488.0870101,OWID,24810000.0,5083010.1
Ecuador,2011,Oil,Production,EI_CSV,500.608001,OWID,25498000.0,5093306.4
Ecuador,2012,Oil,Production,EI_CSV,504.6155356,OWID,25696000.0,5092093.6
Ecuador,2013,Oil,Production,EI_CSV,527.3535605,OWID,26842000.0,5089843.8
Ecuador,2014,Oil,Production,EI_CSV,556.5539029,OWID,28359000.0,5095363.3
Ecuador,2015,Oil,Production,EI_CSV,543.0948606,OWID,29100000.0,5358080.0
Ecuador,2016,Oil,Production,EI_CSV,548.3918327,OWID,29500000.0,5379265.3
Ecuador,2017,Oil,Production,EI_CSV,531.3125729,OWID,28500000.0,5363974.1
Ecuador,2018,Oil,Production,EI_CSV,517.2396473,OWID,27700000.0,5355251.3
Ecuador,2019,Oil,Production,EI_CSV,531.0029676,OWID,28500000.0,5367101.6
Ecuador,2020,Oil,Production,EI_CSV,479.3708239,OWID,25800000.0,5381954.7
Ecuador,2021,Oil,Production,EI_CSV,472.8811688,OWID,25300000.0,5350081.3
Ecuador,2022,Oil,Production,EI_CSV,480.9673808,OWID,25800000.0,5364089.1
Ecuador,2023,Oil,Production,EI_CSV,475.2743638,OWID,25500000.0,5365222.0
Egypt,1970,Oil,Production,EI_CSV,319.0915068,OWID,17282000.0,5415901.3
Egypt,1971,Oil,Production,EI_CSV,290.8471233,OWID,15517000.0,5335005.2
Egypt,1972,Oil,Production,EI_CSV,207.9562842,OWID,10720000.0,5154829.6
Egypt,1973,Oil,Production,EI_CSV,164.9339726,OWID,8479000.0,5140745.1
Egypt,1974,Oil,Production,EI_CSV,144.9761644,OWID,7789000.0,5372507.3
Egypt,1975,Oil,Production,EI_CSV,228.250411,OWID,11734000.0,5140745.1
Egypt,1976,Oil,Production,EI_CSV,322.215847,OWID,16568000.0,5141794.8
Egypt,1977,Oil,Production,EI_CSV,406.5479452,OWID,20900000.0,5140745.1
Egypt,1978,Oil,Production,EI_CSV,490.7416438,OWID,24299000.0,4951385.2
Egypt,1979,Oil,Production,EI_CSV,509.32,OWID,28220000.0,5540621.0
Egypt,1980,Oil,Production,EI_CSV,580.1202186,OWID,29450000.0,5076434.0
Egypt,1981,Oil,Production,EI_CSV,628.0038356,OWID,32900000.0,5238721.5
Egypt,1982,Oil,Production,EI_CSV,650.7852055,OWID,32892000.0,5054102.2
Egypt,1983,Oil,Production,EI_CSV,711.8057534,OWID,35957000.0,5051418.6
Egypt,1984,Oil,Production,EI_CSV,815.9439891,OWID,41217000.0,5051349.7
Egypt,1985,Oil,Production,EI_CSV,882.0290411,OWID,44312000.0,5023770.9
Egypt,1986,Oil,Production,EI_CSV,806.4717808,OWID,40237000.0,4989163.2
Egypt,1987,Oil,Production,EI_CSV,907.4835616,OWID,43178000.0,4757892.5
Egypt,1988,Oil,Production,EI_CSV,868.7685792,OWID,44523000.0,5124740.0
Egypt,1989,Oil,Production,EI_CSV,878.0221918,OWID,42626000.0,4854674.8
Egypt,1990,Oil,Production,EI_CSV,897.1336986,OWID,43407000.0,4838309.3
Egypt,1991,Oil,Production,EI_CSV,895.7208219,OWID,44375000.0,4954010.6
Egypt,1992,Oil,Production,EI_CSV,905.9710383,OWID,43821000.0,4836809.6
Egypt,1993,Oil,Production,EI_CSV,940.6860274,OWID,44967000.0,4780134.7
Egypt,1994,Oil,Production,EI_CSV,921.4268493,OWID,45186000.0,4903816.1
Egypt,1995,Oil,Production,EI_CSV,923.5106849,OWID,44000000.0,4764327.8
Egypt,1996,Oil,Production,EI_CSV,893.8256831,OWID,44119000.0,4935873.6
Egypt,1997,Oil,Production,EI_CSV,872.5038356,OWID,41800000.0,4790709.9
Egypt,1998,Oil,Production,EI_CSV,856.7309589,OWID,43000000.0,5018978.6
Egypt,1999,Oil,Production,EI_CSV,827.4523288,OWID,38000000.0,4592309.6
Egypt,2000,Oil,Production,EI_CSV,778.7390164,OWID,37000000.0,4751170.9
Egypt,2001,Oil,Production,EI_CSV,758.4439041,OWID,32552000.0,4291845.6
Egypt,2002,Oil,Production,EI_CSV,751.4211781,OWID,34925000.0,4647759.4
Egypt,2003,Oil,Production,EI_CSV,749.5210959,OWID,36800000.0,4909701.8
Egypt,2004,Oil,Production,EI_CSV,701.0573333,OWID,35400000.0,5049415.7
Egypt,2005,Oil,Production,EI_CSV,671.8405479,OWID,33990000.0,5059136.2
Egypt,2006,Oil,Production,EI_CSV,678.6744103,OWID,33700000.0,4965462.2
Egypt,2007,Oil,Production,EI_CSV,698.4374867,OWID,34100000.0,4882226.7
Egypt,2008,Oil,Production,EI_CSV,715.3029678,OWID,34700000.0,4850991.3
Egypt,2009,Oil,Production,EI_CSV,729.9892872,OWID,35300000.0,4835587.4
Egypt,2010,Oil,Production,EI_CSV,724.6610778,OWID,35000000.0,4829744.1
Egypt,2011,Oil,Production,EI_CSV,714.341811,OWID,34600000.0,4843519.6
Egypt,2012,Oil,Production,EI_CSV,715.295818,OWID,34700000.0,4851039.8
Egypt,2013,Oil,Production,EI_CSV,709.814933,OWID,34400000.0,4846233.7
Egypt,2014,Oil,Production,EI_CSV,714.4455315,OWID,35100000.0,4912800.8
Egypt,2015,Oil,Production,EI_CSV,726.2454795,OWID,35400000.0,4874284.9
Egypt,2016,Oil,Production,EI_CSV,691.3872951,OWID,33800000.0,4888621.6
Egypt,2017,Oil,Production,EI_CSV,660.2015068,OWID,32200000.0,4877198.8
Egypt,2018,Oil,Production,EI_CSV,674.420274,OWID,32800000.0,4863336.2
Egypt,2019,Oil,Production,EI_CSV,653.3820548,OWID,31800000.0,4866884.0
Egypt,2020,Oil,Production,EI_CSV,631.9253005,OWID,31100000.0,4921367.8
Egypt,2021,Oil,Production,EI_CSV,607.6781918,OWID,29600000.0,4870899.2
Egypt,2022,Oil,Production,EI_CSV,615.5498839,OWID,29900000.0,4857345.5
Egypt,2023,Oil,Production,EI_CSV,609.9201443,OWID,29800000.0,4885785.5
Equatorial Guinea,1992,Oil,Production,EI_CSV,2.0,OWID,75000.0,3749900.0
Equatorial Guinea,1993,Oil,Production,EI_CSV,5.0,OWID,234000.0,4679900.0
Equatorial Guinea,1994,Oil,Production,EI_CSV,5.0,OWID,270000.0,5399900.0
Equatorial Guinea,1995,Oil,Production,EI_CSV,7.0,OWID,345000.0,4928471.4
Equatorial Guinea,1996,Oil,Production,EI_CSV,17.0,OWID,1000000.0,5882252.9
Equatorial Guinea,1997,Oil,Production,EI_CSV,60.0,OWID,3000000.0,4999900.0
Equatorial Guinea,1998,Oil,Production,EI_CSV,83.0,OWID,4100000.0,4939659.0
Equatorial Guinea,1999,Oil,Production,EI_CSV,100.0,OWID,5000000.0,4999900.0
Equatorial Guinea,2000,Oil,Production,EI_CSV,118.0,OWID,5600000.0,4745662.7
Equatorial Guinea,2001,Oil,Production,EI_CSV,194.0,OWID,9000000.0,4639075.3
Equatorial Guinea,2002,Oil,Production,EI_CSV,230.0,OWID,11700000.0,5086856.5
Equatorial Guinea,2003,Oil,Production,EI_CSV,266.0,OWID,12000000.0,4511178.2
Equatorial Guinea,2004,Oil,Production,EI_CSV,351.0,OWID,17100000.0,4871694.9
Equatorial Guinea,2005,Oil,Production,EI_CSV,380.1807,OWID,18500000.0,4866007.1
Equatorial Guinea,2006,Oil,Production,EI_CSV,364.2961726,OWID,17700000.0,4858584.0
Equatorial Guinea,2007,Oil,Production,EI_CSV,373.5977151,OWID,18100000.0,4844683.4
Equatorial Guinea,2008,Oil,Production,EI_CSV,369.1146257,OWID,18000000.0,4876433.9
Equatorial Guinea,2009,Oil,Production,EI_CSV,332.0547863,OWID,16000000.0,4818382.0
Equatorial Guinea,2010,Oil,Production,EI_CSV,306.1095945,OWID,14800000.0,4834769.7
Equatorial Guinea,2011,Oil,Production,EI_CSV,300.6430959,OWID,14500000.0,4822894.5
Equatorial Guinea,2012,Oil,Production,EI_CSV,319.726623,OWID,15500000.0,4847791.6
Equatorial Guinea,2013,Oil,Production,EI_CSV,282.1365233,OWID,13600000.0,4820261.4
Equatorial Guinea,2014,Oil,Production,EI_CSV,284.3984849,OWID,13300000.0,4676436.9
Equatorial Guinea,2015,Oil,Production,EI_CSV,259.7314027,OWID,12100000.0,4658558.9
Equatorial Guinea,2016,Oil,Production,EI_CSV,223.0771393,OWID,10300000.0,4617136.9
Equatorial Guinea,2017,Oil,Production,EI_CSV,195.2794767,OWID,9000000.0,4608679.2
Equatorial Guinea,2018,Oil,Production,EI_CSV,176.2648438,OWID,8100000.0,4595257.7
Equatorial Guinea,2019,Oil,Production,EI_CSV,160.2777753,OWID,7400000.0,4616884.5
Equatorial Guinea,2020,Oil,Production,EI_CSV,158.3947896,OWID,7400000.0,4671770.8
Equatorial Guinea,2021,Oil,Production,EI_CSV,130.8341315,OWID,6100000.0,4662291.9
Equatorial Guinea,2022,Oil,Production,EI_CSV,120.7834986,OWID,5600000.0,4636294.9
Equatorial Guinea,2023,Oil,Production,EI_CSV,88.43764932,OWID,4000000.0,4522860.6
Gabon,1970,Oil,Production,EI_CSV,108.6085753,OWID,5423000.0,4993060.1
Gabon,1971,Oil,Production,EI_CSV,116.0587671,OWID,5785000.0,4984443.7
Gabon,1972,Oil,Production,EI_CSV,125.8877869,OWID,6304000.0,5007534.3
Gabon,1973,Oil,Production,EI_CSV,152.148137,OWID,7598000.0,4993717.3
Gabon,1974,Oil,Production,EI_CSV,204.3195068,OWID,10206000.0,4995017.8
Gabon,1975,Oil,Production,EI_CSV,226.61,OWID,11316000.0,4993501.3
Gabon,1976,Oil,Production,EI_CSV,226.1706011,OWID,11325000.0,5007182.1
Gabon,1977,Oil,Production,EI_CSV,225.6486849,OWID,11267000.0,4993060.1
Gabon,1978,Oil,Production,EI_CSV,212.290411,OWID,10600000.0,4993060.1
Gabon,1979,Oil,Production,EI_CSV,196.2284384,OWID,9798000.0,4993060.1
Gabon,1980,Oil,Production,EI_CSV,177.6569672,OWID,8895000.0,5006739.9
Gabon,1981,Oil,Production,EI_CSV,153.2496438,OWID,7650000.0,4991755.0
Gabon,1982,Oil,Production,EI_CSV,156.0534795,OWID,7720000.0,4946922.0
Gabon,1983,Oil,Production,EI_CSV,157.595589,OWID,7869000.0,4993060.1
Gabon,1984,Oil,Production,EI_CSV,174.3614754,OWID,8730000.0,5006739.9
Gabon,1985,Oil,Production,EI_CSV,172.7563288,OWID,8626000.0,4993060.1
Gabon,1986,Oil,Production,EI_CSV,166.1272603,OWID,8384000.0,5046633.4
Gabon,1987,Oil,Production,EI_CSV,154.7917534,OWID,7980000.0,5155213.4
Gabon,1988,Oil,Production,EI_CSV,177.5970492,OWID,8812000.0,4961694.2
Gabon,1989,Oil,Production,EI_CSV,204.8201918,OWID,10998000.0,5369487.8
Gabon,1990,Oil,Production,EI_CSV,270.2296712,OWID,13754000.0,5089644.6
Gabon,1991,Oil,Production,EI_CSV,294.5629589,OWID,14982000.0,5086079.2
Gabon,1992,Oil,Production,EI_CSV,288.6451366,OWID,14982000.0,5190356.4
Gabon,1993,Oil,Production,EI_CSV,304.8770685,OWID,14898000.0,4886459.7
Gabon,1994,Oil,Production,EI_CSV,337.2012877,OWID,14982000.0,4442943.5
Gabon,1995,Oil,Production,EI_CSV,355.6064658,OWID,17800000.0,5005433.3
Gabon,1996,Oil,Production,EI_CSV,364.5013661,OWID,18300000.0,5020457.3
Gabon,1997,Oil,Production,EI_CSV,364.3784658,OWID,18200000.0,4994706.7
Gabon,1998,Oil,Production,EI_CSV,337.421589,OWID,16900000.0,5008471.0
Gabon,1999,Oil,Production,EI_CSV,339.9650685,OWID,17000000.0,5000413.8
Gabon,2000,Oil,Production,EI_CSV,276.0,OWID,16400000.0,5941929.0
Gabon,2001,Oil,Production,EI_CSV,262.0,OWID,15000000.0,5725090.8
Gabon,2002,Oil,Production,EI_CSV,256.0,OWID,14700000.0,5742087.5
Gabon,2003,Oil,Production,EI_CSV,274.0,OWID,12000000.0,4379462.0
Gabon,2004,Oil,Production,EI_CSV,273.0,OWID,11800000.0,4322244.3
Gabon,2005,Oil,Production,EI_CSV,270.3301,OWID,11700000.0,4327941.9
Gabon,2006,Oil,Production,EI_CSV,241.9401,OWID,11700000.0,4835807.7
Gabon,2007,Oil,Production,EI_CSV,245.5558,OWID,12100000.0,4927496.9
Gabon,2008,Oil,Production,EI_CSV,239.5736,OWID,12000000.0,5008799.1
Gabon,2009,Oil,Production,EI_CSV,241.0003,OWID,11829000.0,4908192.6
Gabon,2010,Oil,Production,EI_CSV,233.195,OWID,12431000.0,5330631.8
Gabon,2011,Oil,Production,EI_CSV,236.282,OWID,12170000.0,5150525.1
Gabon,2012,Oil,Production,EI_CSV,221.148,OWID,12700000.0,5742660.5
Gabon,2013,Oil,Production,EI_CSV,213.405,OWID,11270000.0,5280938.4
Gabon,2014,Oil,Production,EI_CSV,210.905,OWID,10980000.0,5206035.5
Gabon,2015,Oil,Production,EI_CSV,213.54,OWID,11920000.0,5581992.3
Gabon,2016,Oil,Production,EI_CSV,220.657,OWID,11480000.0,5202544.8
Gabon,2017,Oil,Production,EI_CSV,210.066,OWID,10500000.0,4998329.1
Gabon,2018,Oil,Production,EI_CSV,193.447,OWID,9650000.0,4988346.4
Gabon,2019,Oil,Production,EI_CSV,217.831,OWID,10901000.0,5004238.2
Gabon,2020,Manganese,Production,EI_Excel,4340.0,OWID,3310000.0,76167.3
Gabon,2020,Oil,Production,EI_CSV,207.419,OWID,10766000.0,5190359.9
Gabon,2021,Manganese,Production,EI_Excel,4600.0,OWID,4340000.0,94247.8
Gabon,2021,Oil,Production,EI_CSV,181.168,OWID,9085000.0,5014582.5
Gabon,2022,Manganese,Production,EI_Excel,4670.0,OWID,4670000.0,99900.0
Gabon,2022,Oil,Production,EI_CSV,190.547,OWID,10400000.0,5457871.0
Gabon,2023,Manganese,Production,EI_Excel,4490.0,OWID,4490000.0,99900.0
Gabon,2023,Oil,Production,EI_CSV,223.21,OWID,11200000.0,5017596.3
Gabon,2024,Manganese,Production,EI_Excel,4600.0,EI_Excel,0.024498886414253906,100.0
Gabon,2024,Manganese,Production,EI_Excel,4600.0,EI_Excel,0.21852731591448932,100.0
Gabon,2024,Manganese,Production,EI_Excel,4600.0,OWID,4600000.0,99900.0
Gabon,2024,Manganese,Reserves,EI_Excel,61000.0,OWID,61000000.0,99900.0
Germany,1991,Coal,Production,EI_CSV,346.382,OWID,178114000.0,51421163.2
Germany,1993,Coal,Production,EI_CSV,280.67,OWID,280122824.0,99804946.5
Germany,1994,Coal,Production,EI_CSV,259.664,OWID,259503593.0,99938125.2
Germany,1995,Coal,Production,EI_CSV,246.684,OWID,246322191.0,99853231.0
Germany,1996,Coal,Production,EI_CSV,235.759,OWID,235443440.0,99866051.5
Germany,1997,Coal,Production,EI_CSV,223.562,OWID,223949528.0,100173242.5
Germany,1998,Coal,Production,EI_CSV,207.293,OWID,207676385.0,100184848.4
Germany,1999,Coal,Production,EI_CSV,201.095,OWID,201541562.0,100221965.2
Germany,2000,Coal,Production,EI_CSV,201.572,OWID,201974908.0,100199782.9
Germany,2001,Coal,Production,EI_CSV,203.015,OWID,202725859.0,99857476.5
Germany,2002,Coal,Production,EI_CSV,208.416,OWID,208141516.0,99868199.9
Germany,2003,Coal,Production,EI_CSV,205.228,OWID,204959819.0,99869225.3
Germany,2004,Coal,Production,EI_CSV,208.036,OWID,207797942.0,99885468.8
Germany,2005,Coal,Production,EI_CSV,203.072,OWID,205925945.0,101405285.8
Germany,2006,Coal,Production,EI_CSV,197.406,OWID,200086117.0,101357567.4
Germany,2007,Coal,Production,EI_CSV,201.94,OWID,204594054.0,101314178.5
Germany,2008,Coal,Production,EI_CSV,192.484,OWID,194456020.0,101024411.1
Germany,2009,Coal,Production,EI_CSV,183.623,OWID,184828142.0,100656213.2
Germany,2010,Coal,Production,EI_CSV,182.303,OWID,183512544.0,100663380.0
Germany,2011,Coal,Production,EI_CSV,188.561,OWID,189462048.0,100477754.9
Germany,2012,Coal,Production,EI_CSV,196.202,OWID,196990000.0,100401526.9
Germany,2013,Coal,Production,EI_CSV,190.561,OWID,191255337.0,100364264.7
Germany,2014,Coal,Production,EI_CSV,185.795,OWID,186494848.0,100376577.5
Germany,2015,Coal,Production,EI_CSV,184.288,OWID,184715353.0,100231794.1
Germany,2016,Coal,Production,EI_CSV,175.396,OWID,175625550.0,100130775.3
Germany,2017,Coal,Production,EI_CSV,175.122,OWID,175126000.0,100002184.1
Germany,2018,Coal,Production,EI_CSV,168.842,OWID,169020371.0,100105543.7
Germany,2019,Coal,Production,EI_CSV,131.3,OWID,131314116.0,100010651.0
Germany,2020,Cadmium,Production,OWID,450.0,OWID,450.0,0.0
Germany,2020,Coal,Production,EI_CSV,107.4,OWID,107377260.0,99978726.8
Germany,2021,Cadmium,Production,OWID,417.0,OWID,417.0,0.0
Germany,2021,Coal,Production,EI_CSV,126.2569998,OWID,126181851.0,99940379.5
Germany,2022,Cadmium,Production,OWID,320.0,OWID,320.0,0.0
Germany,2022,Coal,Production,EI_CSV,130.8011118,OWID,130801111.0,99999899.4
Germany,2023,Coal,Production,EI_CSV,102.2544888,OWID,102245000.0,99990620.4
Germany,2024,Cadmium,Production,OWID,170.0,OWID,170.0,0.0
Ghana,2020,Manganese,Production,EI_Excel,940.0,OWID,637000.0,67666.0
Ghana,2021,Manganese,Production,EI_Excel,940.0,OWID,940000.0,99900.0
Ghana,2022,Gold,Reserves,OWID,1000.0,OWID,1000.0,0.0
Ghana,2022,Manganese,Production,EI_Excel,844.0,OWID,844000.0,99900.0
Ghana,2023,Gold,Reserves,OWID,1000.0,OWID,1000.0,0.0
Ghana,2023,Manganese,Production,EI_Excel,818.0,OWID,818000.0,99900.0
Ghana,2024,Gold,Reserves,OWID,1000.0,OWID,1000.0,0.0
Ghana,2024,Manganese,Production,EI_Excel,820.0,EI_Excel,0.0024449877750611915,100.0
Ghana,2024,Manganese,Production,EI_Excel,820.0,EI_Excel,0.03895486935866983,100.0
Ghana,2024,Manganese,Production,EI_Excel,820.0,OWID,820000.0,99900.0
Ghana,2024,Manganese,Reserves,EI_Excel,13000.0,OWID,13000000.0,99900.0
Greece,1981,Coal,Production,EI_CSV,27.32,OWID,27303699.0,99940233.1
Greece,1982,Coal,Production,EI_CSV,27.4,OWID,27326248.0,99730732.1
Greece,1983,Coal,Production,EI_CSV,30.59,OWID,30705519.0,100377536.5
Greece,1984,Coal,Production,EI_CSV,32.5,OWID,32467048.0,99898509.2
Greece,1985,Coal,Production,EI_CSV,35.89,OWID,35875089.0,99958353.6
Greece,1986,Coal,Production,EI_CSV,38.1,OWID,39014076.0,102399049.6
Greece,1987,Coal,Production,EI_CSV,44.612,OWID,40944576.0,91779188.1
Greece,1988,Coal,Production,EI_CSV,48.323,OWID,48507091.0,100380859.4
Greece,1989,Coal,Production,EI_CSV,51.866,OWID,51942495.0,100147385.8
Greece,1990,Coal,Production,EI_CSV,51.896,OWID,51500678.0,99238141.9
Greece,1991,Coal,Production,EI_CSV,52.695,OWID,52082570.0,98837683.5
Greece,1992,Coal,Production,EI_CSV,55.051,OWID,54658236.0,99286445.2
Greece,1993,Coal,Production,EI_CSV,54.817,OWID,54817062.0,100000013.1
Greece,1994,Coal,Production,EI_CSV,56.672,OWID,57532515.0,101518313.0
Greece,1995,Coal,Production,EI_CSV,57.662,OWID,56553231.0,98077023.6
Greece,1996,Coal,Production,EI_CSV,59.781,OWID,54732680.0,91555210.2
Greece,1997,Coal,Production,EI_CSV,58.844,OWID,58939419.0,100162055.9
Greece,1998,Coal,Production,EI_CSV,60.884,OWID,60910433.0,100043315.3
Greece,1999,Coal,Production,EI_CSV,62.051,OWID,61861049.0,99693779.2
Greece,2000,Coal,Production,EI_CSV,63.887,OWID,63947813.0,100095088.4
Greece,2001,Coal,Production,EI_CSV,66.344,OWID,66621437.0,100418079.5
Greece,2002,Coal,Production,EI_CSV,70.468,OWID,71087609.0,100879177.1
Greece,2003,Coal,Production,EI_CSV,68.299,OWID,71000000.0,103954569.9
Greece,2004,Coal,Production,EI_CSV,70.041,OWID,71237228.0,101707796.8
Greece,2005,Coal,Production,EI_CSV,69.398,OWID,70600000.0,101731938.4
Greece,2006,Coal,Production,EI_CSV,64.787,OWID,64800000.0,100019965.8
Greece,2007,Coal,Production,EI_CSV,66.308,OWID,66100000.0,99686212.4
Greece,2008,Coal,Production,EI_CSV,65.72,OWID,64521000.0,98175493.4
Greece,2009,Coal,Production,EI_CSV,64.893,OWID,61800000.0,95233592.4
Greece,2010,Coal,Production,EI_CSV,56.52,OWID,53600000.0,94833587.2
Greece,2011,Coal,Production,EI_CSV,58.666,OWID,58400000.0,99546485.8
Greece,2012,Coal,Production,EI_CSV,62.956,OWID,62368800.0,99067185.1
Greece,2013,Coal,Production,EI_CSV,53.924,OWID,55500000.0,102922531.9
Greece,2014,Coal,Production,EI_CSV,50.845,OWID,50411000.0,99146325.4
Greece,2015,Coal,Production,EI_CSV,46.246,OWID,46308120.0,100134225.1
Greece,2016,Coal,Production,EI_CSV,32.638,OWID,32674790.0,100112621.4
Greece,2017,Coal,Production,EI_CSV,37.731348,OWID,37802600.0,100188740.3
Greece,2018,Coal,Production,EI_CSV,36.4888,OWID,36574360.0,100234382.9
Greece,2019,Coal,Production,EI_CSV,27.37545,OWID,26000000.0,94975507.7
Greece,2020,Coal,Production,EI_CSV,14.0536,OWID,14000000.0,99618503.1
Greece,2021,Coal,Production,EI_CSV,12.397967,OWID,12081578.0,97447957.4
Greece,2022,Coal,Production,EI_CSV,14.25084,OWID,14289000.0,100267673.7
Greece,2023,Coal,Production,EI_CSV,10.77068,OWID,14000000.0,129982408.1
Guinea,2014,Bauxite,Production,EI_Excel,17300.0,OWID,20288000.0,117171.7
Guinea,2015,Bauxite,Production,EI_Excel,18100.0,OWID,20905000.0,115397.2
Guinea,2016,Bauxite,Production,EI_Excel,31500.0,OWID,32423932.0,102833.1
Guinea,2017,Bauxite,Production,EI_Excel,46200.0,OWID,51701564.0,111808.1
Guinea,2018,Bauxite,Production,EI_Excel,57000.0,OWID,59573707.0,104415.3
Guinea,2019,Bauxite,Production,EI_Excel,67000.0,OWID,70173326.0,104636.3
Guinea,2020,Bauxite,Production,EI_Excel,85000.0,OWID,86000000.0,101076.5
Guinea,2021,Bauxite,Production,EI_Excel,86000.0,OWID,86000000.0,99900.0
Guinea,2022,Bauxite,Production,EI_Excel,100000.0,OWID,100000000.0,99900.0
Guinea,2023,Bauxite,Production,EI_Excel,123000.0,OWID,123000000.0,99900.0
Guinea,2024,Bauxite,Production,EI_Excel,130000.0,EI_Excel,0.05691056910569103,100.0
Guinea,2024,Bauxite,Production,EI_Excel,130000.0,EI_Excel,0.28857786607767183,100.0
Guinea,2024,Bauxite,Production,EI_Excel,130000.0,OWID,130000000.0,99900.0
Hungary,1981,Coal,Production,EI_CSV,25.942181,OWID,25942181.0,99999900.0
Hungary,1982,Coal,Production,EI_CSV,26.078701,OWID,26078701.0,99999900.0
Hungary,1983,Coal,Production,EI_CSV,25.212983,OWID,25212983.0,99999900.0
Hungary,1984,Coal,Production,EI_CSV,25.047585,OWID,25047585.0,99999900.0
Hungary,1985,Coal,Production,EI_CSV,24.042514,OWID,24042514.0,99999900.0
Hungary,1986,Coal,Production,EI_CSV,23.128697,OWID,23128697.0,99999900.0
Hungary,1987,Coal,Production,EI_CSV,22.84435,OWID,22844350.0,99999900.0
Hungary,1988,Coal,Production,EI_CSV,20.874782,OWID,20874782.0,99999900.0
Hungary,1989,Coal,Production,EI_CSV,20.029843,OWID,20029843.0,99999900.0
Hungary,1990,Coal,Production,EI_CSV,17.577931,OWID,17577931.0,99999900.0
Hungary,1991,Coal,Production,EI_CSV,16.974206,OWID,16974206.0,99999900.0
Hungary,1992,Coal,Production,EI_CSV,15.943,OWID,15943000.0,99999900.0
Hungary,1993,Coal,Production,EI_CSV,14.434,OWID,14434000.0,99999900.0
Hungary,1994,Coal,Production,EI_CSV,13.906363,OWID,13906363.0,99999900.0
Hungary,1995,Coal,Production,EI_CSV,14.451924,OWID,14451924.0,99999900.0
Hungary,1996,Coal,Production,EI_CSV,15.471,OWID,15471000.0,99999900.0
Hungary,1997,Coal,Production,EI_CSV,16.172,OWID,16172000.0,99999900.0
Hungary,1998,Coal,Production,EI_CSV,15.068,OWID,15068000.0,99999900.0
Hungary,1999,Coal,Production,EI_CSV,14.917,OWID,14917000.0,99999900.0
Hungary,2000,Coal,Production,EI_CSV,14.276,OWID,14276000.0,99999900.0
Hungary,2001,Coal,Production,EI_CSV,14.070262,OWID,14070262.0,99999900.0
Hungary,2002,Coal,Production,EI_CSV,12.763971,OWID,12763971.0,99999900.0
Hungary,2003,Coal,Production,EI_CSV,13.358823,OWID,13358823.0,99999900.0
Hungary,2004,Coal,Production,EI_CSV,11.250258,OWID,11250258.0,99999900.0
Hungary,2005,Coal,Production,EI_CSV,9.57,OWID,9579968.0,100104058.8
Hungary,2006,Coal,Production,EI_CSV,9.952,OWID,9898920.0,99466539.9
Hungary,2007,Coal,Production,EI_CSV,9.818,OWID,9801963.0,99836557.2
Hungary,2008,Coal,Production,EI_CSV,9.404,OWID,9427308.0,100247752.0
Hungary,2009,Coal,Production,EI_CSV,8.986,OWID,8970726.0,99829924.5
Hungary,2010,Coal,Production,EI_CSV,9.113,OWID,9016262.0,98938361.5
Hungary,2011,Coal,Production,EI_CSV,9.555,OWID,9499912.0,99423364.2
Hungary,2012,Coal,Production,EI_CSV,9.29,OWID,9313944.0,100257639.5
Hungary,2013,Coal,Production,EI_CSV,9.558,OWID,9552700.0,99944449.1
Hungary,2014,Coal,Production,EI_CSV,9.551,OWID,9553711.0,100028284.5
Hungary,2015,Coal,Production,EI_CSV,9.261,OWID,9263177.0,100023407.2
Hungary,2016,Coal,Production,EI_CSV,9.216,OWID,9232809.0,100182289.3
Hungary,2017,Coal,Production,EI_CSV,7.972,OWID,7974130.0,100026618.5
Hungary,2018,Coal,Production,EI_CSV,7.898,OWID,7898689.0,100008623.7
Hungary,2019,Coal,Production,EI_CSV,6.847,OWID,6846837.0,99997519.4
Hungary,2020,Coal,Production,EI_CSV,6.125,OWID,6122104.0,99952618.4
Hungary,2021,Coal,Production,EI_CSV,4.988,OWID,4987207.0,99984001.8
Hungary,2022,Coal,Production,EI_CSV,4.927,OWID,4929262.0,100045810.3
Hungary,2023,Coal,Production,EI_CSV,4.072,OWID,4075723.0,100091329.3
India,1970,Oil,Production,EI_CSV,140.4706027,OWID,6808000.0,4846465.7
India,1971,Oil,Production,EI_CSV,148.2275342,OWID,7185000.0,4847177.6
India,1972,Oil,Production,EI_CSV,151.6904098,OWID,7373000.0,4860457.8
India,1973,Oil,Production,EI_CSV,148.495726,OWID,7198000.0,4847177.6
India,1974,Oil,Production,EI_CSV,154.519726,OWID,7491000.0,4847824.7
India,1975,Oil,Production,EI_CSV,170.8794247,OWID,8283000.0,4847177.6
India,1976,Oil,Production,EI_CSV,178.1482787,OWID,8430000.0,4731913.2
India,1977,Oil,Production,EI_CSV,210.1179452,OWID,10185000.0,4847177.6
India,1978,Oil,Production,EI_CSV,232.522274,OWID,11270000.0,4846747.5
India,1979,Oil,Production,EI_CSV,264.8703288,OWID,12841000.0,4847932.6
India,1980,Oil,Production,EI_CSV,193.3728689,OWID,9397000.0,4859423.5
India,1981,Coal,Production,EI_CSV,130.1,OWID,129070000.0,99208201.3
India,1981,Oil,Production,EI_CSV,309.4938356,OWID,14925000.0,4822290.1
India,1982,Coal,Production,EI_CSV,134.95,OWID,135177000.0,100168110.4
India,1982,Oil,Production,EI_CSV,411.7869041,OWID,19712000.0,4786841.9
India,1983,Coal,Production,EI_CSV,142.9,OWID,142092000.0,99434469.6
India,1983,Oil,Production,EI_CSV,525.4170959,OWID,25148000.0,4786192.7
India,1984,Coal,Production,EI_CSV,152.53,OWID,151554000.0,99360025.9
India,1984,Oil,Production,EI_CSV,582.9592623,OWID,28046000.0,4810870.8
India,1985,Coal,Production,EI_CSV,157.45,OWID,157561000.0,100070398.6
India,1985,Oil,Production,EI_CSV,626.8849315,OWID,29860000.0,4763134.6
India,1986,Coal,Production,EI_CSV,169.18,OWID,170638000.0,100861704.0
India,1986,Oil,Production,EI_CSV,657.5512603,OWID,31157000.0,4738237.8
India,1987,Coal,Production,EI_CSV,185.36,OWID,185531000.0,100092152.9
India,1987,Oil,Production,EI_CSV,639.0587945,OWID,30128000.0,4714333.2
India,1988,Coal,Production,EI_CSV,196.98,OWID,201611000.0,102350900.1
India,1988,Oil,Production,EI_CSV,672.0956284,OWID,31580000.0,4698636.1
India,1989,Coal,Production,EI_CSV,215.29,OWID,211625000.0,98297545.0
India,1989,Oil,Production,EI_CSV,719.2067123,OWID,33693000.0,4684644.9
India,1990,Coal,Production,EI_CSV,223.34,OWID,200000000.0,89549465.7
India,1990,Oil,Production,EI_CSV,714.542,OWID,33309000.0,4661487.4
India,1991,Coal,Production,EI_CSV,239.9,OWID,233000000.0,97123701.6
India,1991,Oil,Production,EI_CSV,676.9575616,OWID,31287000.0,4621607.7
India,1992,Coal,Production,EI_CSV,253.8,OWID,258616000.0,101897457.1
India,1992,Oil,Production,EI_CSV,615.0557923,OWID,26950000.0,4381616.3
India,1993,Coal,Production,EI_CSV,263.19,OWID,266697000.0,101332397.4
India,1993,Oil,Production,EI_CSV,590.3080548,OWID,27027000.0,4578356.9
India,1994,Coal,Production,EI_CSV,270.86,OWID,277026000.0,102276352.8
India,1994,Oil,Production,EI_CSV,683.6627397,OWID,32239000.0,4715529.2
India,1995,Coal,Production,EI_CSV,289.02,OWID,295559000.0,102262373.2
India,1995,Oil,Production,EI_CSV,773.8625753,OWID,34517000.0,4460252.7
India,1995,Rare Earth,Production,EI_CSV,3.0,EI_Excel,3.0,0.0
India,1996,Coal,Production,EI_CSV,310.96,OWID,308620000.0,99247391.6
India,1996,Oil,Production,EI_CSV,736.105929,OWID,32900000.0,4469365.4
India,1996,Rare Earth,Production,EI_CSV,3.0,EI_Excel,3.0,0.0
India,1997,Coal,Production,EI_CSV,319.39,OWID,319708000.0,100099464.8
India,1997,Oil,Production,EI_CSV,753.6928767,OWID,33772000.0,4480770.3
India,1997,Rare Earth,Production,EI_CSV,3.0,EI_Excel,3.0,0.0
India,1998,Coal,Production,EI_CSV,320.918,OWID,315689000.0,98370511.8
India,1998,Oil,Production,EI_CSV,736.8262466,OWID,32722000.0,4440838.4
India,1998,Rare Earth,Production,EI_CSV,1.919999957,EI_Excel,1.92,0.0
India,1999,Coal,Production,EI_CSV,314.415,OWID,326227000.0,103756718.2
India,1999,Oil,Production,EI_CSV,736.2368219,OWID,31949000.0,4339400.4
India,1999,Rare Earth,Production,EI_CSV,1.01880002,EI_Excel,1.0188,0.0
India,2000,Coal,Production,EI_CSV,334.797,OWID,336643000.0,100551278.9
India,2000,Oil,Production,EI_CSV,725.567541,OWID,32426000.0,4468953.3
India,2000,Rare Earth,Production,EI_CSV,1.133999944,EI_Excel,1.1340000000000001,0.0
India,2001,Coal,Production,EI_CSV,341.88,OWID,352600000.0,103135503.1
India,2001,Oil,Production,EI_CSV,729.6634521,OWID,32032000.0,4389869.1
India,2001,Rare Earth,Production,EI_CSV,1.590600014,EI_Excel,1.5905999999999998,0.0
India,2002,Coal,Production,EI_CSV,358.107,OWID,367290000.0,102564217.4
India,2002,Oil,Production,EI_CSV,753.2513973,OWID,33044000.0,4386748.8
India,2002,Rare Earth,Production,EI_CSV,1.713600039,EI_Excel,1.7135999999999998,0.0
India,2003,Coal,Production,EI_CSV,375.352,OWID,389114000.0,103666325.1
India,2003,Oil,Production,EI_CSV,761.2404932,OWID,33373000.0,4383928.5
India,2003,Rare Earth,Production,EI_CSV,1.734599948,EI_Excel,1.7345999999999997,0.0
India,2004,Coal,Production,EI_CSV,407.9877182,OWID,412952000.0,101216672.4
India,2004,Oil,Production,EI_CSV,777.0219399,OWID,34015000.0,4377511.3
India,2004,Rare Earth,Production,EI_CSV,0.089400001,EI_Excel,0.0894,0.0
India,2005,Coal,Production,EI_CSV,429.023,OWID,437105000.0,101883715.1
India,2005,Oil,Production,EI_CSV,755.1152055,OWID,32190000.0,4262825.7
India,2005,Rare Earth,Production,EI_CSV,0.055799998,EI_Excel,0.055799999999999995,0.0
India,2006,Coal,Production,EI_CSV,449.671,OWID,462117000.0,102767701.3
India,2006,Oil,Production,EI_CSV,777.6609315,OWID,33988000.0,4370442.3
India,2006,Rare Earth,Production,EI_CSV,0.027000001,EI_Excel,0.027,0.0
India,2007,Coal,Production,EI_CSV,479.336,OWID,491062000.0,102446200.7
India,2007,Oil,Production,EI_CSV,785.7130411,OWID,34118000.0,4342197.8
India,2007,Rare Earth,Production,EI_CSV,0.021,EI_Excel,0.020999999999999998,0.0
India,2008,Coal,Production,EI_CSV,515.781,OWID,525178000.0,101821797.3
India,2008,Oil,Production,EI_CSV,818.1031421,OWID,33506000.0,4095471.6
India,2008,Rare Earth,Production,EI_CSV,0.0132,EI_Excel,0.013199999999999998,0.0
India,2009,Coal,Production,EI_CSV,556.085,OWID,566113000.0,101803221.4
India,2009,Oil,Production,EI_CSV,836.9456164,OWID,33691000.0,4025370.6
India,2009,Rare Earth,Production,EI_CSV,0.0096,EI_Excel,0.0096,0.0
India,2010,Coal,Production,EI_CSV,572.7397432,OWID,570427000.0,99596096.5
India,2010,Oil,Production,EI_CSV,901.3979211,OWID,37712000.0,4183623.9
India,2010,Rare Earth,Production,EI_CSV,0.0,EI_Excel,0.0,inf
India,2011,Coal,Production,EI_CSV,563.7434895,OWID,582282000.0,103288365.6
India,2011,Oil,Production,EI_CSV,937.3756559,OWID,38090000.0,4063372.3
India,2011,Rare Earth,Production,EI_CSV,0.0,EI_Excel,0.0,inf
India,2012,Coal,Production,EI_CSV,605.616,OWID,602855000.0,99544000.6
India,2012,Oil,Production,EI_CSV,926.0497847,OWID,37862000.0,4088449.1
India,2012,Rare Earth,Production,EI_CSV,0.0,EI_Excel,0.0,inf
India,2013,Coal,Production,EI_CSV,608.535,OWID,610036000.0,100246558.0
India,2013,Oil,Production,EI_CSV,920.9891134,OWID,37788000.0,4102880.1
India,2013,Rare Earth,Production,EI_CSV,0.29460001,EI_Excel,0.2946000061035156,0.0
India,2013,Zinc,Production,EI_Excel,793.0,OWID,769927.0,96990.4
India,2014,Aluminium,Production,EI_Excel,1940.0,OWID,2026803.0,104374.4
India,2014,Bauxite,Production,EI_Excel,16500.0,OWID,22493671.0,136225.3
India,2014,Coal,Production,EI_CSV,646.232,OWID,657449000.0,101735654.3
India,2014,Oil,Production,EI_CSV,914.1029375,OWID,37461000.0,4098016.1
India,2014,Rare Earth,Production,EI_CSV,1.695000052,EI_Excel,1.6949999999999998,0.0
India,2014,Zinc,Production,EI_Excel,706.0,OWID,766730.0,108502.0
India,2015,Aluminium,Production,EI_Excel,2360.0,OWID,2354949.0,99686.0
India,2015,Bauxite,Production,EI_Excel,23800.0,OWID,28123789.0,118067.2
India,2015,Coal,Production,EI_CSV,674.153,OWID,683072000.0,101322893.4
India,2015,Oil,Production,EI_CSV,904.329114,OWID,36942000.0,4084917.2
India,2015,Rare Earth,Production,EI_CSV,0.95599997,EI_Excel,0.956,0.0
India,2015,Zinc,Production,EI_Excel,821.0,OWID,740737.0,90123.8
India,2016,Aluminium,Production,EI_Excel,2720.0,OWID,2896629.0,106393.7
India,2016,Bauxite,Production,EI_Excel,23900.0,OWID,24745487.0,103437.6
India,2016,Coal,Production,EI_CSV,689.81,OWID,703098000.0,101926227.5
India,2016,Oil,Production,EI_CSV,896.0095876,OWID,36009000.0,4018718.6
India,2016,Rare Earth,Production,EI_CSV,1.132500052,EI_Excel,1.1325,0.0
India,2016,Zinc,Production,EI_Excel,682.0,OWID,755778.0,110717.9
India,2017,Aluminium,Production,EI_Excel,3270.0,OWID,3400618.0,103894.4
India,2017,Bauxite,Production,EI_Excel,22900.0,OWID,22786106.0,99402.6
India,2017,Coal,Production,EI_CSV,711.681,OWID,722044000.0,101456029.9
India,2017,Oil,Production,EI_CSV,897.1722962,OWID,35684000.0,3977285.4
India,2017,Rare Earth,Production,EI_CSV,1.360000014,EI_Excel,1.3599999999999999,0.0
India,2017,Zinc,Production,EI_Excel,833.0,OWID,772600.0,92649.1
India,2018,Aluminium,Production,EI_Excel,3680.0,OWID,3696181.0,100339.7
India,2018,Bauxite,Production,EI_Excel,23000.0,OWID,23687721.0,102890.1
India,2018,Coal,Production,EI_CSV,760.407,OWID,773000000.0,101655986.8
India,2018,Oil,Production,EI_CSV,892.4830739,OWID,34203000.0,3832241.6
India,2018,Rare Earth,Production,EI_CSV,2.109999895,EI_Excel,2.11,0.0
India,2018,Zinc,Production,EI_Excel,750.0,OWID,728402.0,97020.3
India,2019,Aluminium,Production,EI_Excel,3640.0,OWID,3635089.0,99765.1
India,2019,Bauxite,Production,EI_Excel,23000.0,OWID,22073398.0,95871.3
India,2019,Coal,Production,EI_CSV,753.912,OWID,771208000.0,102294067.0
India,2019,Oil,Production,EI_CSV,851.0389935,OWID,32169000.0,3779867.8
India,2019,Rare Earth,Production,EI_CSV,2.519999981,EI_Excel,2.5199999999999996,0.0
India,2019,Zinc,Production,EI_Excel,720.0,OWID,723412.0,100373.9
India,2020,Aluminium,Production,EI_Excel,3560.0,OWID,3560000.0,99900.0
India,2020,Bauxite,Production,EI_Excel,22000.0,OWID,20200000.0,91718.2
India,2020,Coal,Production,EI_CSV,760.243,OWID,752699000.0,99007585.7
India,2020,Manganese,Production,EI_Excel,453.0,OWID,632000.0,139414.3
India,2020,Natural Graphite,Production,EI_CSV,29.11700058,OWID,6000.0,20506.5
India,2020,Oil,Production,EI_CSV,795.4335794,OWID,30491000.0,3833155.3
India,2020,Rare Earth,Production,EI_CSV,2.5,EI_Excel,2.5,0.0
India,2020,Rare Earth,Production,EI_CSV,2.5,OWID,2900.0,115900.0
India,2020,Zinc,Production,EI_Excel,720.0,OWID,720000.0,99900.0
India,2021,Aluminium,Production,EI_Excel,3970.0,OWID,3970000.0,99900.0
India,2021,Bauxite,Production,EI_Excel,17400.0,OWID,17400000.0,99900.0
India,2021,Coal,Production,EI_CSV,812.109,OWID,825680000.0,101670981.1
India,2021,Manganese,Production,EI_Excel,480.0,OWID,453000.0,94275.0
India,2021,Natural Graphite,Production,EI_CSV,35.50899887,OWID,7000.0,19613.3
India,2021,Oil,Production,EI_CSV,770.1857776,OWID,29691000.0,3854943.9
India,2021,Rare Earth,Production,EI_CSV,2.599999905,EI_Excel,2.6,0.0
India,2021,Rare Earth,Production,EI_CSV,2.599999905,OWID,2900.0,111438.5
India,2021,Zinc,Production,EI_Excel,777.0,OWID,777000.0,99900.0
India,2022,Aluminium,Production,EI_Excel,4100.0,OWID,4100000.0,99900.0
India,2022,Bauxite,Production,EI_Excel,24000.0,OWID,24000000.0,99900.0
India,2022,Coal,Production,EI_CSV,910.821,OWID,910836000.0,100001546.9
India,2022,Manganese,Production,EI_Excel,721.0,OWID,721000.0,99900.0
India,2022,Natural Graphite,Production,EI_CSV,85.8730011,OWID,11000.0,12709.6
India,2022,Oil,Production,EI_CSV,739.7215341,OWID,29392000.0,3973287.1
India,2022,Rare Earth,Production,EI_CSV,2.900000095,EI_Excel,2.9,0.0
India,2022,Rare Earth,Production,EI_CSV,2.900000095,OWID,2900.0,99900.0
India,2022,Silver,Reserves,OWID,7200.0,OWID,7200.0,0.0
India,2022,Zinc,Production,EI_Excel,840.0,OWID,840000.0,99900.0
India,2023,Aluminium,Production,EI_Excel,4100.0,OWID,4100000.0,99900.0
India,2023,Bauxite,Production,EI_Excel,23400.0,OWID,23400000.0,99900.0
India,2023,Coal,Production,EI_CSV,1011.308,OWID,1010691000.0,99938889.9
India,2023,Manganese,Production,EI_Excel,744.0,OWID,744000.0,99900.0
India,2023,Natural Graphite,Production,EI_CSV,129.8240051,OWID,25600.0,19619.0
India,2023,Oil,Production,EI_CSV,729.0311677,OWID,29114000.0,3993419.2
India,2023,Rare Earth,Production,EI_CSV,2.900000095,EI_Excel,2.9,0.0
India,2023,Rare Earth,Production,EI_CSV,2.900000095,OWID,2900.0,99900.0
India,2023,Silver,Reserves,OWID,8000.0,OWID,8000.0,0.0
India,2023,Zinc,Production,EI_Excel,854.0,OWID,854000.0,99900.0
India,2024,Aluminium,Production,EI_Excel,4200.0,EI_Excel,0.024390243902439046,100.0
India,2024,Aluminium,Production,EI_Excel,4200.0,EI_Excel,0.05864283719631388,100.0
India,2024,Aluminium,Production,EI_Excel,4200.0,OWID,4200000.0,99900.0
India,2024,Bauxite,Production,EI_Excel,25000.0,EI_Excel,0.06837606837606836,100.0
India,2024,Bauxite,Production,EI_Excel,25000.0,EI_Excel,0.05549574347647535,100.0
India,2024,Bauxite,Production,EI_Excel,25000.0,OWID,25000000.0,99900.0
India,2024,Manganese,Production,EI_Excel,800.0,EI_Excel,0.07526881720430101,100.0
India,2024,Manganese,Production,EI_Excel,800.0,EI_Excel,0.03800475059382423,100.0
India,2024,Manganese,Production,EI_Excel,800.0,OWID,800000.0,99900.0
India,2024,Manganese,Reserves,EI_Excel,34000.0,OWID,34000000.0,99900.0
India,2024,Natural Graphite,Production,EI_CSV,116.3789978,OWID,27800.0,23787.5
India,2024,Natural Graphite,Reserves,EI_CSV,8600.0,OWID,8600000.0,99900.0
India,2024,Rare Earth,Production,EI_CSV,2.900000095,EI_Excel,2.9,0.0
India,2024,Rare Earth,Production,EI_CSV,2.900000095,EI_Excel,0.0,100.0
India,2024,Rare Earth,Production,EI_CSV,2.900000095,EI_Excel,0.007634592602343032,99.7
India,2024,Rare Earth,Production,EI_CSV,2.900000095,OWID,2900.0,99900.0
India,2024,Rare Earth,Reserves,EI_CSV,6900.0,EI_Excel,6899.999999999999,0.0
India,2024,Rare Earth,Reserves,EI_CSV,6900.0,OWID,6900000.0,99900.0
India,2024,Silver,Reserves,OWID,8000.0,OWID,8000.0,0.0
India,2024,Zinc,Production,EI_Excel,860.0,EI_Excel,0.007025761124121788,100.0
India,2024,Zinc,Production,EI_Excel,860.0,EI_Excel,0.07190635451505016,100.0
India,2024,Zinc,Production,EI_Excel,860.0,OWID,860000.0,99900.0
India,2024,Zinc,Reserves,EI_Excel,9800.0,OWID,9800000.0,99900.0
India2,2024,Natural Graphite,Production,EI_Excel,116.37899999999999,EI_Excel,-0.10356328567907314,100.1
India2,2024,Natural Graphite,Production,EI_Excel,116.37899999999999,EI_Excel,0.0673364106919891,99.9
Indonesia,1970,Oil,Production,EI_CSV,854.0,OWID,42400000.0,4964771.2
Indonesia,1971,Oil,Production,EI_CSV,892.0,OWID,44320000.0,4968509.9
Indonesia,1972,Oil,Production,EI_CSV,1081.0,OWID,53703000.0,4967800.1
Indonesia,1973,Oil,Production,EI_CSV,1338.0,OWID,66486000.0,4968958.3
Indonesia,1974,Oil,Production,EI_CSV,1375.0,OWID,68296000.0,4966881.8
Indonesia,1975,Oil,Production,EI_CSV,1306.0,OWID,64896000.0,4968965.8
Indonesia,1976,Oil,Production,EI_CSV,1504.0,OWID,74894000.0,4979554.3
Indonesia,1977,Oil,Production,EI_CSV,1685.0,OWID,83712000.0,4967971.2
Indonesia,1978,Oil,Production,EI_CSV,1635.0,OWID,81206000.0,4966627.8
Indonesia,1979,Oil,Production,EI_CSV,1590.0,OWID,76789000.0,4829396.9
Indonesia,1980,Oil,Production,EI_CSV,1577.0,OWID,76345000.0,4841054.1
Indonesia,1981,Coal,Production,EI_CSV,0.4,OWID,350350.0,87587400.0
Indonesia,1981,Oil,Production,EI_CSV,1602.0,OWID,77379995.0,4830111.9
Indonesia,1982,Coal,Production,EI_CSV,0.59,OWID,480987.0,81523120.3
Indonesia,1982,Oil,Production,EI_CSV,1337.0,OWID,64592358.0,4831041.2
Indonesia,1983,Coal,Production,EI_CSV,0.65,OWID,648241.0,99729284.6
Indonesia,1983,Oil,Production,EI_CSV,1419.0,OWID,64895924.0,4573256.2
Indonesia,1984,Coal,Production,EI_CSV,1.47,OWID,1468154.0,99874321.8
Indonesia,1984,Oil,Production,EI_CSV,1505.0,OWID,68402999.0,4544949.8
Indonesia,1985,Coal,Production,EI_CSV,2.0,OWID,1942135.0,97106650.0
Indonesia,1985,Oil,Production,EI_CSV,1342.0,OWID,64007442.0,4769456.0
Indonesia,1986,Coal,Production,EI_CSV,2.59,OWID,2572340.0,99318046.7
Indonesia,1986,Oil,Production,EI_CSV,1429.0,OWID,67111405.0,4696289.4
Indonesia,1987,Coal,Production,EI_CSV,3.03,OWID,2813533.0,92855774.6
Indonesia,1987,Oil,Production,EI_CSV,1420.0,OWID,63384096.0,4463568.7
Indonesia,1988,Coal,Production,EI_CSV,4.49,OWID,4094629.0,91194309.8
Indonesia,1988,Oil,Production,EI_CSV,1373.0,OWID,64053453.0,4665118.7
Indonesia,1989,Coal,Production,EI_CSV,8.7,OWID,4533055.0,52103980.5
Indonesia,1989,Oil,Production,EI_CSV,1481.0,OWID,68031754.0,4593536.3
Indonesia,1990,Coal,Production,EI_CSV,10.73,OWID,10560000.0,98415557.0
Indonesia,1990,Oil,Production,EI_CSV,1539.0,OWID,70185234.0,4560344.1
Indonesia,1991,Coal,Production,EI_CSV,13.84,OWID,1453000.0,10498454.9
Indonesia,1991,Oil,Production,EI_CSV,1669.0,OWID,71038899.0,4256275.0
Indonesia,1992,Coal,Production,EI_CSV,22.36,OWID,23150000.0,103532994.8
Indonesia,1992,Oil,Production,EI_CSV,1579.0,OWID,74327000.0,4707119.8
Indonesia,1993,Coal,Production,EI_CSV,27.58,OWID,27584418.0,100015918.9
Indonesia,1993,Oil,Production,EI_CSV,1588.0,OWID,72840000.0,4586801.8
Indonesia,1994,Coal,Production,EI_CSV,32.87,OWID,31238458.0,95036279.7
Indonesia,1994,Oil,Production,EI_CSV,1589.0,OWID,73297000.0,4612675.3
Indonesia,1995,Coal,Production,EI_CSV,41.84,OWID,41421700.0,99000139.0
Indonesia,1995,Oil,Production,EI_CSV,1578.0,OWID,72800000.0,4613334.7
Indonesia,1996,Coal,Production,EI_CSV,50.35,OWID,50332000.0,99964150.2
Indonesia,1996,Oil,Production,EI_CSV,1580.0,OWID,73000000.0,4620153.2
Indonesia,1997,Coal,Production,EI_CSV,54.82,OWID,54608400.0,99613909.5
Indonesia,1997,Oil,Production,EI_CSV,1557.0,OWID,72400000.0,4649867.9
Indonesia,1998,Coal,Production,EI_CSV,62.23,OWID,60320949.0,96932165.8
Indonesia,1998,Oil,Production,EI_CSV,1520.0,OWID,71300000.0,4690689.5
Indonesia,1999,Coal,Production,EI_CSV,73.68,OWID,73648000.0,99956468.9
Indonesia,1999,Oil,Production,EI_CSV,1408.0,OWID,68395000.0,4857499.4
Indonesia,2000,Coal,Production,EI_CSV,77.040185,OWID,76465000.0,99253296.1
Indonesia,2000,Oil,Production,EI_CSV,1455.573014,OWID,71500000.0,4912054.8
Indonesia,2001,Coal,Production,EI_CSV,92.54046,OWID,91928000.0,99338070.6
Indonesia,2001,Oil,Production,EI_CSV,1387.039711,OWID,68000000.0,4902427.3
Indonesia,2002,Coal,Production,EI_CSV,103.329093,OWID,103372000.0,100041424.6
Indonesia,2002,Oil,Production,EI_CSV,1289.456524,OWID,63277000.0,4907161.2
Indonesia,2003,Coal,Production,EI_CSV,114.278,OWID,114278000.0,99999900.0
Indonesia,2003,Oil,Production,EI_CSV,1175.551088,OWID,57839000.0,4920060.5
Indonesia,2004,Coal,Production,EI_CSV,132.352025,OWID,132352025.0,99999900.0
Indonesia,2004,Oil,Production,EI_CSV,1129.709463,OWID,54870000.0,4856901.0
Indonesia,2005,Coal,Production,EI_CSV,152.722438,OWID,152722438.0,99999900.0
Indonesia,2005,Oil,Production,EI_CSV,1095.687123,OWID,52943000.0,4831845.1
Indonesia,2006,Coal,Production,EI_CSV,193.761311,OWID,193761311.0,99999900.0
Indonesia,2006,Oil,Production,EI_CSV,1017.758567,OWID,50281000.0,4940266.2
Indonesia,2007,Coal,Production,EI_CSV,216.946699,OWID,216946699.0,99999900.0
Indonesia,2007,Oil,Production,EI_CSV,971.7537349,OWID,47719000.0,4910506.3
Indonesia,2008,Coal,Production,EI_CSV,240.249968,OWID,240249968.0,99999900.0
Indonesia,2008,Oil,Production,EI_CSV,1005.638499,OWID,48973000.0,4869741.4
Indonesia,2009,Coal,Production,EI_CSV,256.181,OWID,256181000.0,99999900.0
Indonesia,2009,Oil,Production,EI_CSV,994.27064,OWID,47440000.0,4771236.7
Indonesia,2010,Coal,Production,EI_CSV,275.164196,OWID,275164196.0,99999900.0
Indonesia,2010,Oil,Production,EI_CSV,1003.017586,OWID,47245000.0,4710186.3
Indonesia,2011,Coal,Production,EI_CSV,353.270937,OWID,353270937.0,99999900.0
Indonesia,2011,Oil,Production,EI_CSV,952.2847584,OWID,45105000.0,4736403.4
Indonesia,2012,Coal,Production,EI_CSV,386.077357,OWID,386077357.0,99999900.0
Indonesia,2012,Oil,Production,EI_CSV,916.8192492,OWID,43105000.0,4701481.0
Indonesia,2013,Coal,Production,EI_CSV,474.371369,OWID,474371369.0,99999900.0
Indonesia,2013,Oil,Production,EI_CSV,870.9885973,OWID,41259000.0,4736931.0
Indonesia,2014,Bauxite,Production,EI_Excel,2550.0,OWID,2556429.0,100152.1
Indonesia,2014,Coal,Production,EI_CSV,458.096707,OWID,458096707.0,99999900.0
Indonesia,2014,Copper,Production,EI_Excel,400.0,OWID,378500.0,94525.0
Indonesia,2014,Oil,Production,EI_CSV,846.9823912,OWID,39439000.0,4656313.2
Indonesia,2015,Bauxite,Production,EI_Excel,202.0,OWID,611000.0,302375.2
Indonesia,2015,Coal,Production,EI_CSV,461.56608,OWID,461566080.0,99999900.0
Indonesia,2015,Copper,Production,EI_Excel,474.0,OWID,578600.0,121967.5
Indonesia,2015,Oil,Production,EI_CSV,837.6465573,OWID,39290000.0,4690422.5
Indonesia,2016,Bauxite,Production,EI_Excel,1400.0,OWID,1485000.0,105971.4
Indonesia,2016,Coal,Production,EI_CSV,456.197775,OWID,456197775.0,99999900.0
Indonesia,2016,Copper,Production,EI_Excel,548.0,OWID,728000.0,132746.7
Indonesia,2016,Oil,Production,EI_CSV,873.2517861,OWID,41553000.0,4758321.4
Indonesia,2017,Bauxite,Production,EI_Excel,2900.0,OWID,4200000.0,144727.6
Indonesia,2017,Coal,Production,EI_CSV,461.248184,OWID,461248184.0,99999900.0
Indonesia,2017,Copper,Production,EI_Excel,622.0,OWID,622030.0,99904.8
Indonesia,2017,Oil,Production,EI_CSV,837.3034608,OWID,40051000.0,4783231.5
Indonesia,2018,Bauxite,Production,EI_Excel,11000.0,OWID,13243197.0,120292.7
Indonesia,2018,Coal,Production,EI_CSV,557.77294,OWID,557772940.0,99999900.0
Indonesia,2018,Copper,Production,EI_Excel,780.0,OWID,651136.0,83379.0
Indonesia,2018,Oil,Production,EI_CSV,807.564297,OWID,38600000.0,4779705.2
Indonesia,2019,Bauxite,Production,EI_Excel,17000.0,OWID,16592739.0,97504.3
Indonesia,2019,Coal,Production,EI_CSV,616.159594,OWID,616159594.0,99999900.0
Indonesia,2019,Copper,Production,EI_Excel,642.5,OWID,400452.0,62227.2
Indonesia,2019,Oil,Production,EI_CSV,780.6671507,OWID,37264000.0,4773253.1
Indonesia,2020,Bauxite,Production,EI_Excel,18000.0,OWID,20800000.0,115455.6
Indonesia,2020,Coal,Production,EI_CSV,563.728255,OWID,563728255.0,99999900.0
Indonesia,2020,Copper,Production,EI_Excel,505.0,OWID,505000.0,99900.0
Indonesia,2020,Nickel,Production,EI_Excel,1000.0,OWID,771000.0,77000.0
Indonesia,2020,Oil,Production,EI_CSV,742.0265257,OWID,35513000.0,4785847.5
Indonesia,2020,Tin,Production,EI_Excel,53.0,OWID,53000.0,99900.0
Indonesia,2021,Bauxite,Production,EI_Excel,21000.0,OWID,21000000.0,99900.0
Indonesia,2021,Coal,Production,EI_CSV,613.990256,OWID,613990256.0,99999900.0
Indonesia,2021,Copper,Production,EI_Excel,810.0,OWID,731000.0,90146.9
Indonesia,2021,Nickel,Production,EI_Excel,1040.0,OWID,1040000.0,99900.0
Indonesia,2021,Oil,Production,EI_CSV,691.5523288,OWID,32927021.0,4761220.2
Indonesia,2021,Tin,Production,EI_Excel,70.0,OWID,70000.0,99900.0
Indonesia,2022,Bauxite,Production,EI_Excel,21000.0,OWID,21000000.0,99900.0
Indonesia,2022,Coal,Production,EI_CSV,687.432384,OWID,687432384.0,99999900.0
Indonesia,2022,Copper,Production,EI_Excel,941.0,OWID,941000.0,99900.0
Indonesia,2022,Gold,Reserves,OWID,2600.0,OWID,2600.0,0.0
Indonesia,2022,Nickel,Production,EI_Excel,1580.0,OWID,1580000.0,99900.0
Indonesia,2022,Oil,Production,EI_CSV,646.9007934,OWID,30620822.0,4733364.9
Indonesia,2022,Tin,Production,EI_Excel,70.0,OWID,70000.0,99900.0
Indonesia,2023,Bauxite,Production,EI_Excel,30000.0,OWID,30000000.0,99900.0
Indonesia,2023,Coal,Production,EI_CSV,775.181855,OWID,775181855.0,99999900.0
Indonesia,2023,Copper,Production,EI_Excel,907.0,OWID,907000.0,99900.0
Indonesia,2023,Gold,Reserves,OWID,2600.0,OWID,2600.0,0.0
Indonesia,2023,Nickel,Production,EI_Excel,2030.0,OWID,2030000.0,99900.0
Indonesia,2023,Oil,Production,EI_CSV,638.04224,OWID,30286164.0,4746633.4
Indonesia,2023,Tin,Production,EI_Excel,69.0,OWID,69000.0,99900.0
Indonesia,2024,Bauxite,Production,EI_Excel,32000.0,EI_Excel,0.06666666666666665,100.0
Indonesia,2024,Bauxite,Production,EI_Excel,32000.0,EI_Excel,0.07103455164988845,100.0
Indonesia,2024,Bauxite,Production,EI_Excel,32000.0,OWID,32000000.0,99900.0
Indonesia,2024,Copper,Production,EI_Excel,1100.0,EI_Excel,0.21278941565600884,100.0
Indonesia,2024,Copper,Production,EI_Excel,1100.0,EI_Excel,0.048651039363113664,100.0
Indonesia,2024,Copper,Production,EI_Excel,1100.0,OWID,1100000.0,99900.0
Indonesia,2024,Copper,Reserves,EI_Excel,21000.0,OWID,21000000.0,99900.0
Indonesia,2024,Gold,Reserves,OWID,3600.0,OWID,3600.0,0.0
Indonesia,2024,Nickel,Production,EI_Excel,2200.0,EI_Excel,0.08374384236453203,100.0
Indonesia,2024,Nickel,Production,EI_Excel,2200.0,EI_Excel,0.5754787460004227,100.0
Indonesia,2024,Nickel,Production,EI_Excel,2200.0,OWID,2200000.0,99900.0
Indonesia,2024,Nickel,Reserves,EI_Excel,55000.0,OWID,55000000.0,99900.0
Indonesia,2024,Tin,Production,EI_Excel,50.0,EI_Excel,-0.2753623188405797,100.6
Indonesia,2024,Tin,Production,EI_Excel,50.0,EI_Excel,0.1692047377326565,99.7
Indonesia,2024,Tin,Production,EI_Excel,50.0,OWID,50000.0,99900.0
Iran,1970,Oil,Production,EI_CSV,3847.659726,OWID,175160000.0,4552277.6
Iran,1971,Oil,Production,EI_CSV,4572.421918,OWID,207700000.0,4542350.5
Iran,1972,Oil,Production,EI_CSV,5058.957377,OWID,249501000.0,4931766.0
Iran,1973,Oil,Production,EI_CSV,5907.37589,OWID,290262000.0,4913452.2
Iran,1974,Oil,Production,EI_CSV,6060.30137,OWID,298223000.0,4920826.9
Iran,1975,Oil,Production,EI_CSV,5386.619178,OWID,264946000.0,4918495.3
Iran,1976,Oil,Production,EI_CSV,5918.191257,OWID,294200000.0,4971013.4
Iran,1977,Oil,Production,EI_CSV,5713.958904,OWID,282230000.0,4939207.5
Iran,1978,Oil,Production,EI_CSV,5302.054795,OWID,258299000.0,4871577.3
Iran,1979,Oil,Production,EI_CSV,3217.589041,OWID,156109000.0,4851638.3
Iran,1980,Oil,Production,EI_CSV,1478.961749,OWID,74250000.0,5020313.8
Iran,1981,Oil,Production,EI_CSV,1321.031233,OWID,93425140.0,7072037.1
Iran,1982,Oil,Production,EI_CSV,2396.924384,OWID,97320000.0,4060103.2
Iran,1983,Oil,Production,EI_CSV,2453.584658,OWID,122400000.0,4988519.4
Iran,1984,Oil,Production,EI_CSV,2042.535519,OWID,109300000.0,5351092.1
Iran,1985,Oil,Production,EI_CSV,2205.205479,OWID,110000000.0,4988097.3
Iran,1986,Oil,Production,EI_CSV,2054.238356,OWID,94500000.0,4600145.1
Iran,1987,Oil,Production,EI_CSV,2342.438356,OWID,114700000.0,4896507.0
Iran,1988,Oil,Production,EI_CSV,2349.480874,OWID,112900000.0,4805216.8
Iran,1989,Oil,Production,EI_CSV,2894.341918,OWID,144347000.0,4987113.1
Iran,1990,Oil,Production,EI_CSV,3270.178082,OWID,157084000.0,4803430.5
Iran,1991,Oil,Production,EI_CSV,3499.561644,OWID,166731000.0,4764239.6
Iran,1992,Oil,Production,EI_CSV,3523.016393,OWID,173172000.0,4915346.9
Iran,1993,Oil,Production,EI_CSV,3712.164384,OWID,183677000.0,4947875.9
Iran,1994,Oil,Production,EI_CSV,3730.027397,OWID,180891000.0,4849489.0
Iran,1995,Oil,Production,EI_CSV,3743.774247,OWID,182700000.0,4880001.9
Iran,1996,Oil,Production,EI_CSV,3758.579235,OWID,183800000.0,4890045.7
Iran,1997,Oil,Production,EI_CSV,3776.463014,OWID,185100000.0,4901311.7
Iran,1998,Oil,Production,EI_CSV,3854.747945,OWID,188900000.0,4900350.1
Iran,1999,Oil,Production,EI_CSV,3603.356164,OWID,176200000.0,4889785.8
Iran,2000,Oil,Production,EI_CSV,3850.403294,OWID,189400000.0,4918865.2
Iran,2001,Oil,Production,EI_CSV,3824.45,OWID,184400000.0,4821508.3
Iran,2002,Oil,Production,EI_CSV,3616.920548,OWID,172700000.0,4774680.0
Iran,2003,Oil,Production,EI_CSV,4083.606576,OWID,203700000.0,4988137.6
Iran,2004,Oil,Production,EI_CSV,4215.802733,OWID,209700000.0,4974041.7
Iran,2005,Oil,Production,EI_CSV,4217.465479,OWID,206200000.0,4889092.4
Iran,2006,Oil,Production,EI_CSV,4291.008082,OWID,208000000.0,4847245.8
Iran,2007,Oil,Production,EI_CSV,4355.962603,OWID,209700000.0,4813990.9
Iran,2008,Oil,Production,EI_CSV,4414.978142,OWID,209800000.0,4751905.4
Iran,2009,Oil,Production,EI_CSV,4284.864603,OWID,202400000.0,4723503.2
Iran,2010,Oil,Production,EI_CSV,4420.620479,OWID,207100000.0,4684762.7
Iran,2011,Oil,Production,EI_CSV,4452.40411,OWID,222344300.0,4993703.2
Iran,2012,Oil,Production,EI_CSV,3809.756148,OWID,180681600.0,4742502.8
Iran,2013,Oil,Production,EI_CSV,3609.229863,OWID,169763200.0,4703485.2
Iran,2014,Oil,Production,EI_CSV,3714.137123,OWID,174239000.0,4691137.7
Iran,2015,Oil,Production,EI_CSV,3852.759885,OWID,180200000.0,4677066.6
Iran,2016,Oil,Production,EI_CSV,4578.22101,OWID,216100000.0,4720074.0
Iran,2017,Oil,Production,EI_CSV,4939.0,OWID,231900000.0,4695182.4
Iran,2018,Oil,Production,EI_CSV,4747.0,OWID,219600000.0,4625979.6
Iran,2019,Oil,Production,EI_CSV,3502.0,OWID,161700000.0,4617261.5
Iran,2020,Oil,Production,EI_CSV,3221.0,OWID,147700000.0,4585432.4
Iran,2021,Oil,Production,EI_CSV,3680.0,OWID,172200000.0,4679247.8
Iran,2022,Oil,Production,EI_CSV,3894.0,OWID,180200000.0,4627532.3
Iran,2023,Oil,Production,EI_CSV,4573.0,OWID,214300000.0,4686101.6
Iraq,1970,Oil,Production,EI_CSV,1549.0,OWID,76448000.0,4935213.1
Iraq,1971,Oil,Production,EI_CSV,1694.0,OWID,83771000.0,4945059.4
Iraq,1972,Oil,Production,EI_CSV,1466.0,OWID,72343000.0,4934620.3
Iraq,1973,Oil,Production,EI_CSV,2018.0,OWID,99369000.0,4924032.8
Iraq,1974,Oil,Production,EI_CSV,1977.038356,OWID,97032000.0,4907847.3
Iraq,1975,Oil,Production,EI_CSV,2270.558904,OWID,110952000.0,4886450.2
Iraq,1976,Oil,Production,EI_CSV,2422.26776,OWID,112284000.0,4635390.8
Iraq,1977,Oil,Production,EI_CSV,2358.120548,OWID,111000000.0,4707038.5
Iraq,1978,Oil,Production,EI_CSV,2573.550685,OWID,128750000.0,5002715.8
Iraq,1979,Oil,Production,EI_CSV,3488.550685,OWID,169290000.0,4852631.6
Iraq,1980,Oil,Production,EI_CSV,2657.519126,OWID,127900000.0,4812659.3
Iraq,1981,Oil,Production,EI_CSV,906.9068493,OWID,43047670.0,4746547.4
Iraq,1982,Oil,Production,EI_CSV,988.1808219,OWID,41745200.0,4224349.5
Iraq,1983,Oil,Production,EI_CSV,1105.728767,OWID,53864799.0,4871329.6
Iraq,1984,Oil,Production,EI_CSV,1227.983607,OWID,55211419.0,4496003.9
Iraq,1985,Oil,Production,EI_CSV,1425.292055,OWID,70600000.0,4953270.8
Iraq,1986,Oil,Production,EI_CSV,1899.41863,OWID,85500000.0,4501277.4
Iraq,1987,Oil,Production,EI_CSV,2391.27726,OWID,102400000.0,4282130.3
Iraq,1988,Oil,Production,EI_CSV,2782.15082,OWID,127700000.0,4589874.0
Iraq,1989,Oil,Production,EI_CSV,2838.259726,OWID,139185000.0,4903785.2
Iraq,1990,Oil,Production,EI_CSV,2148.947945,OWID,100681000.0,4685029.8
Iraq,1991,Oil,Production,EI_CSV,285.3561644,OWID,14876000.0,5213034.3
Iraq,1992,Oil,Production,EI_CSV,531.2612022,OWID,20871000.0,3928476.0
Iraq,1993,Oil,Production,EI_CSV,455.2756164,OWID,23548000.0,5172151.5
Iraq,1994,Oil,Production,EI_CSV,505.2756164,OWID,27752000.0,5492347.9
Iraq,1995,Oil,Production,EI_CSV,530.2756164,OWID,31833000.0,6003004.6
Iraq,1996,Oil,Production,EI_CSV,580.2612022,OWID,29900000.0,5152751.8
Iraq,1997,Oil,Production,EI_CSV,1165.826849,OWID,58300000.0,5000642.6
Iraq,1998,Oil,Production,EI_CSV,2120.826849,OWID,104400000.0,4922508.4
Iraq,1999,Oil,Production,EI_CSV,2609.826849,OWID,133906000.0,5130738.5
Iraq,2000,Oil,Production,EI_CSV,2613.0,OWID,127300000.0,4871694.9
Iraq,2001,Oil,Production,EI_CSV,2522.0,OWID,116700000.0,4627179.9
Iraq,2002,Oil,Production,EI_CSV,2116.0,OWID,104000000.0,4914833.8
Iraq,2003,Oil,Production,EI_CSV,1344.0,OWID,66100000.0,4918054.8
Iraq,2004,Oil,Production,EI_CSV,2030.0,OWID,100000000.0,4926008.4
Iraq,2005,Oil,Production,EI_CSV,1833.0,OWID,93035000.0,5075459.2
Iraq,2006,Oil,Production,EI_CSV,1999.0,OWID,98100000.0,4907353.7
Iraq,2007,Oil,Production,EI_CSV,2143.2118,OWID,102688000.0,4791213.7
Iraq,2008,Oil,Production,EI_CSV,2428.0,OWID,115411000.0,4753236.1
Iraq,2009,Oil,Production,EI_CSV,2445.605151,OWID,117533000.0,4805786.2
Iraq,2010,Oil,Production,EI_CSV,2468.876616,OWID,120400000.0,4876611.9
Iraq,2011,Oil,Production,EI_CSV,2773.255205,OWID,136900000.0,4936337.1
Iraq,2012,Oil,Production,EI_CSV,3078.502732,OWID,152400000.0,4950358.5
Iraq,2013,Oil,Production,EI_CSV,3099.471233,OWID,153200000.0,4942678.6
Iraq,2014,Oil,Production,EI_CSV,3238.630137,OWID,160300000.0,4949523.6
Iraq,2015,Oil,Production,EI_CSV,3985.96989,OWID,195600000.0,4907112.2
Iraq,2016,Oil,Production,EI_CSV,4422.754086,OWID,217600000.0,4919911.3
Iraq,2017,Oil,Production,EI_CSV,4537.939766,OWID,222400000.0,4900802.4
Iraq,2018,Oil,Production,EI_CSV,4631.920481,OWID,227000000.0,4900675.0
Iraq,2019,Oil,Production,EI_CSV,4779.452102,OWID,234200000.0,4900043.3
Iraq,2020,Oil,Production,EI_CSV,4113.674839,OWID,202000000.0,4910351.3
Iraq,2021,Oil,Production,EI_CSV,4102.402723,OWID,200800000.0,4894592.5
Iraq,2022,Oil,Production,EI_CSV,4519.665633,OWID,221300000.0,4896279.9
Iraq,2023,Oil,Production,EI_CSV,4355.339927,OWID,213000000.0,4890448.2
Italy,1970,Oil,Production,EI_CSV,31.89930137,OWID,1405000.0,4404385.2
Italy,1971,Oil,Production,EI_CSV,28.53802466,OWID,1288000.0,4513176.6
Italy,1972,Oil,Production,EI_CSV,25.47182514,OWID,1152000.0,4522544.1
Italy,1973,Oil,Production,EI_CSV,23.35647123,OWID,1048000.0,4486879.2
Italy,1974,Oil,Production,EI_CSV,23.37451507,OWID,1025000.0,4385017.7
Italy,1975,Oil,Production,EI_CSV,26.88218904,OWID,1118000.0,4158787.5
Italy,1976,Oil,Production,EI_CSV,28.21704372,OWID,1109000.0,3930148.7
Italy,1977,Oil,Production,EI_CSV,27.10253973,OWID,1083000.0,3995835.5
Italy,1978,Oil,Production,EI_CSV,31.39703562,OWID,1452000.0,4624540.4
Italy,1979,Oil,Production,EI_CSV,36.22589863,OWID,1662000.0,4587777.9
Italy,1980,Oil,Production,EI_CSV,35.49469399,OWID,1800000.0,5071080.5
Italy,1981,Oil,Production,EI_CSV,31.04531507,OWID,1465093.0,4719108.0
Italy,1982,Oil,Production,EI_CSV,36.83852877,OWID,1728165.0,4691089.0
Italy,1983,Oil,Production,EI_CSV,46.72753973,OWID,2197582.0,4702869.6
Italy,1984,Oil,Production,EI_CSV,47.26163934,OWID,2236203.0,4731439.2
Italy,1985,Oil,Production,EI_CSV,49.6851726,OWID,2342545.0,4714676.8
Italy,1986,Oil,Production,EI_CSV,53.27013973,OWID,2510564.0,4712791.7
Italy,1987,Oil,Production,EI_CSV,81.80945753,OWID,3904542.0,4772626.9
Italy,1988,Oil,Production,EI_CSV,100.2318552,OWID,4839213.0,4827919.0
Italy,1989,Oil,Production,EI_CSV,95.67474521,OWID,4568424.0,4774852.9
Italy,1990,Oil,Production,EI_CSV,97.00966849,OWID,4623694.0,4766119.8
Italy,1991,Oil,Production,EI_CSV,90.02652877,OWID,4305916.0,4782841.3
Italy,1992,Oil,Production,EI_CSV,93.25232514,OWID,4468191.0,4791406.3
Italy,1993,Oil,Production,EI_CSV,96.37473973,OWID,4634364.0,4808591.6
Italy,1994,Oil,Production,EI_CSV,101.6471589,OWID,4927898.0,4847943.0
Italy,1995,Oil,Production,EI_CSV,108.7960329,OWID,5207980.0,4786820.9
Italy,1996,Oil,Production,EI_CSV,112.9193169,OWID,5368971.0,4754596.7
Italy,1997,Oil,Production,EI_CSV,123.5968804,OWID,5892055.0,4767055.1
Italy,1998,Oil,Production,EI_CSV,116.6512641,OWID,5560072.0,4766305.3
Italy,1999,Oil,Production,EI_CSV,104.0433569,OWID,5049417.0,4853085.4
Italy,2000,Oil,Production,EI_CSV,94.90515287,OWID,4586000.0,4832092.8
Italy,2001,Oil,Production,EI_CSV,85.01512671,OWID,4097000.0,4819042.4
Italy,2002,Oil,Production,EI_CSV,114.7727158,OWID,5531000.0,4818989.6
Italy,2003,Oil,Production,EI_CSV,115.5725662,OWID,5570000.0,4819382.8
Italy,2004,Oil,Production,EI_CSV,112.6652586,OWID,5445000.0,4832800.6
Italy,2005,Oil,Production,EI_CSV,126.7744069,OWID,6100000.0,4811596.7
Italy,2006,Oil,Production,EI_CSV,119.9393214,OWID,5800000.0,4835678.6
Italy,2007,Oil,Production,EI_CSV,121.5553931,OWID,5800000.0,4771387.2
Italy,2008,Oil,Production,EI_CSV,108.4705639,OWID,5219751.0,4812035.9
Italy,2009,Oil,Production,EI_CSV,94.87955085,OWID,4550816.0,4796313.9
Italy,2010,Oil,Production,EI_CSV,105.9312044,OWID,5080498.0,4795935.3
Italy,2011,Oil,Production,EI_CSV,110.1400696,OWID,5286042.0,4799281.4
Italy,2012,Oil,Production,EI_CSV,111.6417648,OWID,5376629.0,4815865.6
Italy,2013,Oil,Production,EI_CSV,114.1258888,OWID,5480000.0,4801615.1
Italy,2014,Oil,Production,EI_CSV,119.5840756,OWID,5750000.0,4808232.5
Italy,2015,Oil,Production,EI_CSV,113.4675573,OWID,5450000.0,4803035.0
Italy,2016,Oil,Production,EI_CSV,77.77725481,OWID,3740000.0,4808503.8
Italy,2017,Oil,Production,EI_CSV,86.04018601,OWID,4140000.0,4811605.1
Italy,2018,Oil,Production,EI_CSV,97.40259941,OWID,4670000.0,4794433.2
Italy,2019,Oil,Production,EI_CSV,88.74614855,OWID,4270000.0,4811376.4
Italy,2020,Oil,Production,EI_CSV,112.5098463,OWID,5380000.0,4781703.7
Italy,2021,Oil,Production,EI_CSV,102.7416799,OWID,4830000.0,4701010.6
Italy,2022,Oil,Production,EI_CSV,94.36827456,OWID,4450000.0,4715467.8
Italy,2023,Oil,Production,EI_CSV,90.24686858,OWID,4230000.0,4687043.2
Japan,1981,Coal,Production,EI_CSV,17.69,OWID,17698924.0,100050346.6
Japan,1982,Coal,Production,EI_CSV,17.61,OWID,17617563.0,100042847.2
Japan,1983,Coal,Production,EI_CSV,17.06,OWID,17002204.0,99661119.2
Japan,1984,Coal,Production,EI_CSV,16.65,OWID,16707708.0,100346494.6
Japan,1985,Coal,Production,EI_CSV,16.38,OWID,16354519.0,99844338.3
Japan,1986,Coal,Production,EI_CSV,16.01,OWID,16025817.0,100098694.5
Japan,1987,Coal,Production,EI_CSV,13.05,OWID,13046619.0,99973992.0
Japan,1988,Coal,Production,EI_CSV,11.23,OWID,11235996.0,100053292.7
Japan,1989,Coal,Production,EI_CSV,10.19,OWID,10201549.0,100113236.6
Japan,1990,Coal,Production,EI_CSV,8.26,OWID,8262891.0,100034900.0
Japan,1991,Coal,Production,EI_CSV,8.05,OWID,8060000.0,100124123.6
Japan,1992,Coal,Production,EI_CSV,7.6,OWID,7600000.0,99999900.0
Japan,1993,Coal,Production,EI_CSV,7.22,OWID,7200000.0,99722891.7
Japan,1994,Coal,Production,EI_CSV,6.93,OWID,6931000.0,100014330.0
Japan,1995,Coal,Production,EI_CSV,6.26,OWID,6260000.0,99999900.0
Japan,1996,Coal,Production,EI_CSV,6.48,OWID,6480000.0,99999900.0
Japan,1997,Coal,Production,EI_CSV,4.27,OWID,4270000.0,99999900.0
Japan,1998,Coal,Production,EI_CSV,3.66,OWID,3660000.0,99999900.0
Japan,1999,Coal,Production,EI_CSV,3.91,OWID,3689513.0,94360846.3
Japan,2000,Coal,Production,EI_CSV,3.13,OWID,3147000.0,100543031.0
Japan,2001,Coal,Production,EI_CSV,3.2,OWID,3208000.0,100249900.0
Japan,2002,Coal,Production,EI_CSV,1.369448,OWID,1315655.0,96071820.9
Japan,2003,Coal,Production,EI_CSV,1.337921,OWID,1353379.0,101155274.6
Japan,2004,Coal,Production,EI_CSV,1.338514,OWID,1339447.0,100069604.2
Japan,2005,Coal,Production,EI_CSV,1.113571,OWID,1146491.0,102956155.1
Japan,2006,Coal,Production,EI_CSV,1.359869,OWID,1100000.0,80890044.6
Japan,2020,Cadmium,Production,OWID,1880.0,OWID,1880.0,0.0
Japan,2021,Cadmium,Production,OWID,1900.0,OWID,1900.0,0.0
Japan,2022,Cadmium,Production,OWID,1800.0,OWID,1800.0,0.0
Japan,2023,Cadmium,Production,OWID,1800.0,OWID,1800.0,0.0
Japan,2024,Cadmium,Production,OWID,1700.0,OWID,1700.0,0.0
Kazakhstan,1992,Coal,Production,EI_CSV,126.536,OWID,126536000.0,99999900.0
Kazakhstan,1992,Oil,Production,EI_CSV,568.8825137,OWID,21933600.0,3855458.8
Kazakhstan,1993,Coal,Production,EI_CSV,111.88,OWID,111880000.0,99999900.0
Kazakhstan,1993,Oil,Production,EI_CSV,507.3561644,OWID,19572200.0,3857584.5
Kazakhstan,1994,Coal,Production,EI_CSV,104.625,OWID,107500000.0,102747809.2
Kazakhstan,1994,Oil,Production,EI_CSV,445.853589,OWID,18544100.0,4159135.3
Kazakhstan,1995,Coal,Production,EI_CSV,83.271,OWID,83391000.0,100144007.8
Kazakhstan,1995,Oil,Production,EI_CSV,450.4388767,OWID,20640800.0,4582275.3
Kazakhstan,1996,Coal,Production,EI_CSV,76.831,OWID,76831000.0,99999900.0
Kazakhstan,1996,Oil,Production,EI_CSV,493.123306,OWID,22960100.0,4655956.6
Kazakhstan,1997,Coal,Production,EI_CSV,72.647,OWID,72647000.0,99999900.0
Kazakhstan,1997,Oil,Production,EI_CSV,556.8730685,OWID,25778200.0,4628998.0
Kazakhstan,1998,Coal,Production,EI_CSV,69.773,OWID,69772600.0,99999326.7
Kazakhstan,1998,Oil,Production,EI_CSV,558.4914247,OWID,25945100.0,4645468.2
Kazakhstan,1999,Coal,Production,EI_CSV,58.378,OWID,58377600.0,99999214.8
Kazakhstan,1999,Oil,Production,EI_CSV,655.6265205,OWID,30130400.0,4595565.2
Kazakhstan,2000,Coal,Production,EI_CSV,74.872,OWID,74872400.0,100000434.2
Kazakhstan,2000,Oil,Production,EI_CSV,740.2079235,OWID,35316800.0,4771099.9
Kazakhstan,2001,Coal,Production,EI_CSV,79.07669985,OWID,79135200.0,100073879.0
Kazakhstan,2001,Oil,Production,EI_CSV,841.4902466,OWID,40090600.0,4764138.2
Kazakhstan,2002,Coal,Production,EI_CSV,73.73025986,OWID,73731100.0,100001039.5
Kazakhstan,2002,Oil,Production,EI_CSV,992.578,OWID,47270700.0,4762316.7
Kazakhstan,2003,Coal,Production,EI_CSV,84.9062,OWID,84716900.0,99776948.1
Kazakhstan,2003,Oil,Production,EI_CSV,1080.637773,OWID,45376300.0,4198929.6
Kazakhstan,2004,Coal,Production,EI_CSV,86.8746,OWID,86875100.0,100000475.5
Kazakhstan,2004,Oil,Production,EI_CSV,1247.808874,OWID,59484800.0,4767040.3
Kazakhstan,2005,Coal,Production,EI_CSV,86.5858,OWID,86367700.0,99748011.1
Kazakhstan,2005,Oil,Production,EI_CSV,1294.328671,OWID,61486000.0,4750316.3
Kazakhstan,2006,Coal,Production,EI_CSV,96.1591,OWID,96155100.0,99995740.2
Kazakhstan,2006,Oil,Production,EI_CSV,1367.891367,OWID,65003100.0,4751966.0
Kazakhstan,2007,Coal,Production,EI_CSV,97.8286,OWID,98383900.0,100567525.4
Kazakhstan,2007,Oil,Production,EI_CSV,1413.278381,OWID,67125300.0,4749516.3
Kazakhstan,2008,Coal,Production,EI_CSV,111.071892,OWID,111072300.0,100000267.3
Kazakhstan,2008,Oil,Production,EI_CSV,1483.46723,OWID,70671000.0,4763807.1
Kazakhstan,2009,Coal,Production,EI_CSV,100.854051,OWID,100854000.0,99999849.4
Kazakhstan,2009,Oil,Production,EI_CSV,1609.105496,OWID,76482000.0,4752975.6
Kazakhstan,2010,Coal,Production,EI_CSV,110.929564,OWID,110929000.0,99999391.6
Kazakhstan,2010,Oil,Production,EI_CSV,1675.590096,OWID,79684000.0,4755478.4
Kazakhstan,2011,Coal,Production,EI_CSV,116.4495,OWID,116449000.0,99999470.6
Kazakhstan,2011,Oil,Production,EI_CSV,1684.044836,OWID,80060900.0,4753983.6
Kazakhstan,2012,Coal,Production,EI_CSV,120.5273,OWID,120528000.0,100000480.8
Kazakhstan,2012,Oil,Production,EI_CSV,1662.391306,OWID,79225000.0,4765625.1
Kazakhstan,2013,Coal,Production,EI_CSV,119.5737,OWID,119860000.0,100239333.9
Kazakhstan,2013,Oil,Production,EI_CSV,1720.133874,OWID,81731400.0,4751355.8
Kazakhstan,2014,Coal,Production,EI_CSV,113.9851,OWID,114562600.0,100506545.2
Kazakhstan,2014,Oil,Production,EI_CSV,1700.562833,OWID,80825600.0,4752773.5
Kazakhstan,2015,Coal,Production,EI_CSV,107.3181978,OWID,107318200.0,99999902.0
Kazakhstan,2015,Oil,Production,EI_CSV,1671.951608,OWID,79456300.0,4752208.6
Kazakhstan,2016,Coal,Production,EI_CSV,103.0739984,OWID,103059000.0,99985348.9
Kazakhstan,2016,Oil,Production,EI_CSV,1637.281839,OWID,78031700.0,4765829.6
Kazakhstan,2017,Coal,Production,EI_CSV,112.2936028,OWID,107891800.0,96079994.8
Kazakhstan,2017,Oil,Production,EI_CSV,1813.091351,OWID,86194000.0,4753880.0
Kazakhstan,2018,Coal,Production,EI_CSV,118.4833,OWID,114137400.0,96331956.9
Kazakhstan,2018,Oil,Production,EI_CSV,1899.80997,OWID,90359000.0,4756112.5
Kazakhstan,2019,Coal,Production,EI_CSV,115.0012,OWID,110738000.0,96292808.2
Kazakhstan,2019,Oil,Production,EI_CSV,1903.099307,OWID,90555400.0,4758211.9
Kazakhstan,2020,Cadmium,Production,OWID,1500.0,OWID,1500.0,0.0
Kazakhstan,2020,Coal,Production,EI_CSV,113.3976,OWID,109506200.0,96568257.7
Kazakhstan,2020,Oil,Production,EI_CSV,1796.397238,OWID,85656100.0,4768116.0
Kazakhstan,2021,Cadmium,Production,OWID,1200.0,OWID,1200.0,0.0
Kazakhstan,2021,Coal,Production,EI_CSV,116.2185,OWID,112075000.0,96434632.9
Kazakhstan,2021,Oil,Production,EI_CSV,1805.348597,OWID,85879400.0,4756842.8
Kazakhstan,2022,Cadmium,Production,OWID,1000.0,OWID,1000.0,0.0
Kazakhstan,2022,Coal,Production,EI_CSV,117.7912,OWID,117791200.0,99999900.0
Kazakhstan,2022,Gold,Reserves,OWID,1000.0,OWID,1000.0,0.0
Kazakhstan,2022,Oil,Production,EI_CSV,1770.754868,OWID,84236900.0,4757018.1
Kazakhstan,2023,Cadmium,Production,OWID,1000.0,OWID,1000.0,0.0
Kazakhstan,2023,Coal,Production,EI_CSV,116.4229,OWID,112740600.0,96837034.3
Kazakhstan,2023,Gold,Reserves,OWID,1000.0,OWID,1000.0,0.0
Kazakhstan,2023,Oil,Production,EI_CSV,1891.389079,OWID,89976700.0,4757075.6
Kazakhstan,2024,Cadmium,Production,OWID,1000.0,OWID,1000.0,0.0
Kazakhstan,2024,Gold,Reserves,OWID,2300.0,OWID,2300.0,0.0
Kuwait,1970,Oil,Production,EI_CSV,3036.0,OWID,137397000.0,4525492.9
Kuwait,1971,Oil,Production,EI_CSV,3253.0,OWID,146785000.0,4512196.3
Kuwait,1972,Oil,Production,EI_CSV,3339.0,OWID,151180000.0,4527602.9
Kuwait,1973,Oil,Production,EI_CSV,3080.0,OWID,138255000.0,4488698.7
Kuwait,1974,Oil,Production,EI_CSV,2603.0,OWID,114390000.0,4394444.8
Kuwait,1975,Oil,Production,EI_CSV,2132.0,OWID,104769000.0,4914018.2
Kuwait,1976,Oil,Production,EI_CSV,2199.0,OWID,113965000.0,5182483.0
Kuwait,1977,Oil,Production,EI_CSV,2024.0,OWID,98686000.0,4875690.5
Kuwait,1978,Oil,Production,EI_CSV,2182.0,OWID,105454000.0,4832805.6
Kuwait,1979,Oil,Production,EI_CSV,2623.0,OWID,125392000.0,4780380.4
Kuwait,1980,Oil,Production,EI_CSV,1757.0,OWID,83567000.0,4756132.2
Kuwait,1981,Oil,Production,EI_CSV,1187.0,OWID,56756383.0,4781398.1
Kuwait,1982,Oil,Production,EI_CSV,862.0,OWID,41407867.0,4803596.9
Kuwait,1983,Oil,Production,EI_CSV,1117.0,OWID,53015873.0,4746173.3
Kuwait,1984,Oil,Production,EI_CSV,1229.0,OWID,58578330.0,4766240.9
Kuwait,1985,Oil,Production,EI_CSV,1127.0,OWID,53458000.0,4743289.5
Kuwait,1986,Oil,Production,EI_CSV,1210.0,OWID,71580400.0,5915635.5
Kuwait,1987,Oil,Production,EI_CSV,1072.0,OWID,61439000.0,5731150.0
Kuwait,1988,Oil,Production,EI_CSV,1286.0,OWID,71504000.0,5560086.6
Kuwait,1989,Oil,Production,EI_CSV,1408.0,OWID,91886000.0,6525894.3
Kuwait,1990,Oil,Production,EI_CSV,964.0,OWID,58729000.0,6092119.9
Kuwait,1991,Oil,Production,EI_CSV,185.0,OWID,9567000.0,5171251.4
Kuwait,1992,Oil,Production,EI_CSV,1077.0,OWID,53121000.0,4932212.0
Kuwait,1993,Oil,Production,EI_CSV,1945.0,OWID,96000000.0,4935632.6
Kuwait,1994,Oil,Production,EI_CSV,2085.0,OWID,104100000.0,4992705.8
Kuwait,1995,Oil,Production,EI_CSV,2130.0,OWID,105300000.0,4943562.0
Kuwait,1996,Oil,Production,EI_CSV,2129.0,OWID,105800000.0,4969369.2
Kuwait,1997,Oil,Production,EI_CSV,2137.0,OWID,105200000.0,4922689.0
Kuwait,1998,Oil,Production,EI_CSV,2232.0,OWID,107200000.0,4802767.4
Kuwait,1999,Oil,Production,EI_CSV,2085.0,OWID,98300000.0,4714528.3
Kuwait,2000,Oil,Production,EI_CSV,2244.422568,OWID,103900000.0,4629153.0
Kuwait,2001,Oil,Production,EI_CSV,2183.543699,OWID,101900000.0,4666625.9
Kuwait,2002,Oil,Production,EI_CSV,2026.551096,OWID,98200000.0,4845571.1
Kuwait,2003,Oil,Production,EI_CSV,2371.263863,OWID,114800000.0,4841200.1
Kuwait,2004,Oil,Production,EI_CSV,2520.219836,OWID,122300000.0,4852651.3
Kuwait,2005,Oil,Production,EI_CSV,2669.24463,OWID,129300000.0,4843967.1
Kuwait,2006,Oil,Production,EI_CSV,2739.520767,OWID,132700000.0,4843812.9
Kuwait,2007,Oil,Production,EI_CSV,2667.001566,OWID,129900000.0,4870538.3
Kuwait,2008,Oil,Production,EI_CSV,2791.131776,OWID,137300000.0,4919051.5
Kuwait,2009,Oil,Production,EI_CSV,2502.367014,OWID,121300000.0,4847310.4
Kuwait,2010,Oil,Production,EI_CSV,2564.212055,OWID,122500000.0,4777196.0
Kuwait,2011,Oil,Production,EI_CSV,2917.645205,OWID,139700000.0,4788007.9
Kuwait,2012,Oil,Production,EI_CSV,3172.78694,OWID,153700000.0,4844221.5
Kuwait,2013,Oil,Production,EI_CSV,3133.563425,OWID,151300000.0,4828268.8
Kuwait,2014,Oil,Production,EI_CSV,3105.854658,OWID,150100000.0,4832708.2
Kuwait,2015,Oil,Production,EI_CSV,3069.362556,OWID,148100000.0,4825006.1
Kuwait,2016,Oil,Production,EI_CSV,3149.827743,OWID,152600000.0,4844609.4
Kuwait,2017,Oil,Production,EI_CSV,3009.267781,OWID,145000000.0,4818347.9
Kuwait,2018,Oil,Production,EI_CSV,3049.708616,OWID,146800000.0,4813474.6
Kuwait,2019,Oil,Production,EI_CSV,2976.156151,OWID,143400000.0,4818195.6
Kuwait,2020,Oil,Production,EI_CSV,2721.274585,OWID,131200000.0,4821170.2
Kuwait,2021,Oil,Production,EI_CSV,2707.178329,OWID,130000000.0,4801947.9
Kuwait,2022,Oil,Production,EI_CSV,3023.287041,OWID,145900000.0,4825773.2
Kuwait,2023,Oil,Production,EI_CSV,2902.210767,OWID,139800000.0,4816917.5
Libya,1970,Oil,Production,EI_CSV,3357.0,OWID,159890000.0,4762783.5
Libya,1971,Oil,Production,EI_CSV,2750.0,OWID,133012000.0,4836700.0
Libya,1972,Oil,Production,EI_CSV,2248.0,OWID,108800000.0,4839757.7
Libya,1973,Oil,Production,EI_CSV,2211.0,OWID,105300000.0,4762450.9
Libya,1974,Oil,Production,EI_CSV,1558.0,OWID,72921000.0,4680323.6
Libya,1975,Oil,Production,EI_CSV,1514.0,OWID,70930000.0,4684840.6
Libya,1976,Oil,Production,EI_CSV,1972.0,OWID,92887000.0,4710194.1
Libya,1977,Oil,Production,EI_CSV,2108.0,OWID,98900000.0,4691550.9
Libya,1978,Oil,Production,EI_CSV,2023.0,OWID,95027000.0,4697230.7
Libya,1979,Oil,Production,EI_CSV,2139.0,OWID,100270000.0,4687604.5
Libya,1980,Oil,Production,EI_CSV,1862.0,OWID,86619000.0,4651833.4
Libya,1981,Oil,Production,EI_CSV,1253.0,OWID,58973653.0,4706496.4
Libya,1982,Oil,Production,EI_CSV,1176.0,OWID,50510000.0,4294968.0
Libya,1983,Oil,Production,EI_CSV,1151.0,OWID,54400000.0,4726224.9
Libya,1984,Oil,Production,EI_CSV,1022.0,OWID,53500000.0,5234733.7
Libya,1985,Oil,Production,EI_CSV,1025.0,OWID,52700000.0,5141363.4
Libya,1986,Oil,Production,EI_CSV,1064.0,OWID,49900000.0,4689749.6
Libya,1987,Oil,Production,EI_CSV,1003.0,OWID,46790000.0,4664905.0
Libya,1988,Oil,Production,EI_CSV,1051.0,OWID,49250000.0,4685913.3
Libya,1989,Oil,Production,EI_CSV,1164.0,OWID,53694000.0,4612786.6
Libya,1990,Oil,Production,EI_CSV,1424.0,OWID,65990000.0,4634029.2
Libya,1991,Oil,Production,EI_CSV,1439.0,OWID,73968000.0,5140136.3
Libya,1992,Oil,Production,EI_CSV,1473.0,OWID,73968000.0,5021488.6
Libya,1993,Oil,Production,EI_CSV,1402.0,OWID,73266000.0,5225720.3
Libya,1994,Oil,Production,EI_CSV,1431.0,OWID,67874000.0,4743016.7
Libya,1995,Oil,Production,EI_CSV,1439.0,OWID,68620000.0,4768489.3
Libya,1996,Oil,Production,EI_CSV,1452.0,OWID,69600000.0,4793288.4
Libya,1997,Oil,Production,EI_CSV,1491.0,OWID,70000000.0,4694735.7
Libya,1998,Oil,Production,EI_CSV,1480.0,OWID,69600000.0,4702602.7
Libya,1999,Oil,Production,EI_CSV,1425.0,OWID,62028000.0,4352742.1
Libya,2000,Oil,Production,EI_CSV,1474.5902,OWID,64919000.0,4402411.3
Libya,2001,Oil,Production,EI_CSV,1427.7246,OWID,63777000.0,4466938.0
Libya,2002,Oil,Production,EI_CSV,1374.88047,OWID,61550000.0,4476652.8
Libya,2003,Oil,Production,EI_CSV,1485.0,OWID,69000000.0,4646364.6
Libya,2004,Oil,Production,EI_CSV,1622.255101,OWID,76600000.0,4721722.1
Libya,2005,Oil,Production,EI_CSV,1744.687,OWID,81900000.0,4694151.7
Libya,2006,Oil,Production,EI_CSV,1793.09589,OWID,84900000.0,4734727.7
Libya,2007,Oil,Production,EI_CSV,1837.164384,OWID,85000000.0,4626595.4
Libya,2008,Oil,Production,EI_CSV,1807.445355,OWID,85500000.0,4730333.5
Libya,2009,Oil,Production,EI_CSV,1672.397262,OWID,77400000.0,4627987.0
Libya,2010,Oil,Production,EI_CSV,1736.780824,OWID,77600000.0,4467936.4
Libya,2011,Oil,Production,EI_CSV,512.041095,OWID,24361000.0,4757525.9
Libya,2012,Oil,Production,EI_CSV,1472.663936,OWID,72387000.0,4915278.1
Libya,2013,Oil,Production,EI_CSV,1011.753427,OWID,49459000.0,4888344.0
Libya,2014,Oil,Production,EI_CSV,495.1506858,OWID,23897000.0,4826107.6
Libya,2015,Oil,Production,EI_CSV,412.3972603,OWID,19996000.0,4848622.8
Libya,2016,Oil,Production,EI_CSV,387.5,OWID,18810000.0,4854093.5
Libya,2017,Oil,Production,EI_CSV,892.4657534,OWID,43757120.0,4902846.7
Libya,2018,Oil,Production,EI_CSV,1134.794521,OWID,55146520.0,4859504.0
Libya,2019,Oil,Production,EI_CSV,1195.643836,OWID,58000000.0,4850842.9
Libya,2020,Oil,Production,EI_CSV,423.4699454,OWID,19700000.0,4651942.1
Libya,2021,Oil,Production,EI_CSV,1252.780822,OWID,60400000.0,4821174.3
Libya,2022,Oil,Production,EI_CSV,1108.835616,OWID,53600000.0,4833799.6
Libya,2023,Oil,Production,EI_CSV,1236.780822,OWID,59700000.0,4826947.7
Madagascar,1995,Natural Graphite,Production,EI_CSV,16.11899948,EI_Excel,16.118999999999996,0.0
Madagascar,1996,Natural Graphite,Production,EI_CSV,12.13399982,EI_Excel,12.133999999999999,0.0
Madagascar,1997,Natural Graphite,Production,EI_CSV,14.10700035,EI_Excel,14.107,0.0
Madagascar,1998,Natural Graphite,Production,EI_CSV,20.62899971,EI_Excel,20.628999999999998,0.0
Madagascar,1999,Natural Graphite,Production,EI_CSV,16.13699913,EI_Excel,16.136999999999997,0.0
Madagascar,2000,Natural Graphite,Production,EI_CSV,40.32799911,EI_Excel,40.327999999999996,0.0
Madagascar,2001,Natural Graphite,Production,EI_CSV,2.013000011,EI_Excel,2.013,0.0
Madagascar,2002,Natural Graphite,Production,EI_CSV,2.0,EI_Excel,2.0,0.0
Madagascar,2003,Natural Graphite,Production,EI_CSV,15.0,EI_Excel,15.0,0.0
Madagascar,2004,Natural Graphite,Production,EI_CSV,7.769999981,EI_Excel,7.77,0.0
Madagascar,2005,Natural Graphite,Production,EI_CSV,6.400000095,EI_Excel,6.3999999999999995,0.0
Madagascar,2006,Cobalt,Production,EI_CSV,0.0,EI_Excel,0.0,inf
Madagascar,2006,Natural Graphite,Production,EI_CSV,4.856999874,EI_Excel,4.857,0.0
Madagascar,2007,Cobalt,Production,EI_CSV,0.0,EI_Excel,0.0,inf
Madagascar,2007,Natural Graphite,Production,EI_CSV,5.350999832,EI_Excel,5.351,0.0
Madagascar,2008,Cobalt,Production,EI_CSV,0.0,EI_Excel,0.0,inf
Madagascar,2008,Natural Graphite,Production,EI_CSV,4.921999931,EI_Excel,4.922000000000001,0.0
Madagascar,2009,Cobalt,Production,EI_CSV,0.0,EI_Excel,0.0,inf
Madagascar,2009,Natural Graphite,Production,EI_CSV,3.437000036,EI_Excel,3.437,0.0
Madagascar,2010,Cobalt,Production,EI_CSV,0.165000007,EI_Excel,0.165,0.0
Madagascar,2010,Natural Graphite,Production,EI_CSV,3.782999992,EI_Excel,3.783,0.0
Madagascar,2011,Cobalt,Production,EI_CSV,0.5,EI_Excel,0.5,0.0
Madagascar,2011,Natural Graphite,Production,EI_CSV,3.572999954,EI_Excel,3.573,0.0
Madagascar,2012,Cobalt,Production,EI_CSV,0.600000024,EI_Excel,0.6,0.0
Madagascar,2012,Natural Graphite,Production,EI_CSV,2.88499999,EI_Excel,2.885,0.0
Madagascar,2013,Cobalt,Production,EI_CSV,2.400000095,EI_Excel,2.4,0.0
Madagascar,2013,Natural Graphite,Production,EI_CSV,4.300000191,EI_Excel,4.3,0.0
Madagascar,2014,Cobalt,Production,EI_CSV,3.400000095,EI_Excel,3.4,0.0
Madagascar,2014,Natural Graphite,Production,EI_CSV,5.315999985,EI_Excel,5.316,0.0
Madagascar,2015,Cobalt,Production,EI_CSV,4.0,EI_Excel,4.0,0.0
Madagascar,2015,Natural Graphite,Production,EI_CSV,8.100000381,EI_Excel,8.1,0.0
Madagascar,2016,Cobalt,Production,EI_CSV,3.799999952,EI_Excel,3.8,0.0
Madagascar,2016,Natural Graphite,Production,EI_CSV,9.229999542,EI_Excel,9.23,0.0
Madagascar,2017,Cobalt,Production,EI_CSV,3.052999973,EI_Excel,3.053,0.0
Madagascar,2017,Natural Graphite,Production,EI_CSV,13.34200001,EI_Excel,13.342,0.0
Madagascar,2018,Cobalt,Production,EI_CSV,2.851999998,EI_Excel,2.852,0.0
Madagascar,2018,Natural Graphite,Production,EI_CSV,48.05599976,EI_Excel,48.056,0.0
Madagascar,2018,Rare Earth,Production,EI_CSV,2.0,EI_Excel,2.0,0.0
Madagascar,2019,Cobalt,Production,EI_CSV,2.897000074,EI_Excel,2.897,0.0
Madagascar,2019,Natural Graphite,Production,EI_CSV,53.40000153,EI_Excel,53.4,0.0
Madagascar,2019,Rare Earth,Production,EI_CSV,4.0,EI_Excel,4.0,0.0
Madagascar,2020,Cobalt,Production,EI_CSV,0.833000004,EI_Excel,0.833,0.0
Madagascar,2020,Cobalt,Production,EI_CSV,0.833000004,OWID,850.0,101940.8
Madagascar,2020,Natural Graphite,Production,EI_CSV,48.5,EI_Excel,48.49999999999999,0.0
Madagascar,2020,Natural Graphite,Production,EI_CSV,48.5,OWID,20900.0,42992.8
Madagascar,2020,Rare Earth,Production,EI_CSV,2.799999952,EI_Excel,2.8,0.0
Madagascar,2020,Rare Earth,Production,EI_CSV,2.799999952,OWID,2800.0,99900.0
Madagascar,2021,Cobalt,Production,EI_CSV,2.0,EI_Excel,2.0,0.0
Madagascar,2021,Cobalt,Production,EI_CSV,2.0,OWID,2800.0,139900.0
Madagascar,2021,Natural Graphite,Production,EI_CSV,91.09999847,EI_Excel,91.1,0.0
Madagascar,2021,Natural Graphite,Production,EI_CSV,91.09999847,OWID,70000.0,76738.6
Madagascar,2021,Rare Earth,Production,EI_CSV,3.900000095,EI_Excel,3.9,0.0
Madagascar,2021,Rare Earth,Production,EI_CSV,3.900000095,OWID,6800.0,174259.0
Madagascar,2022,Cobalt,Production,EI_CSV,3.299999952,EI_Excel,3.3,0.0
Madagascar,2022,Cobalt,Production,EI_CSV,3.299999952,OWID,3500.0,105960.6
Madagascar,2022,Natural Graphite,Production,EI_CSV,116.6999969,EI_Excel,116.7,0.0
Madagascar,2022,Natural Graphite,Production,EI_CSV,116.6999969,OWID,130000.0,111296.7
Madagascar,2022,Rare Earth,Production,EI_CSV,2.599999905,EI_Excel,2.6,0.0
Madagascar,2022,Rare Earth,Production,EI_CSV,2.599999905,OWID,960.0,36823.1
Madagascar,2023,Cobalt,Production,EI_CSV,3.5,EI_Excel,3.4999999999999996,0.0
Madagascar,2023,Cobalt,Production,EI_CSV,3.5,OWID,4000.0,114185.7
Madagascar,2023,Natural Graphite,Production,EI_CSV,60.70000076,EI_Excel,60.699999999999996,0.0
Madagascar,2023,Natural Graphite,Production,EI_CSV,60.70000076,OWID,63000.0,103689.1
Madagascar,2023,Rare Earth,Production,EI_CSV,2.599999905,EI_Excel,2.6,0.0
Madagascar,2023,Rare Earth,Production,EI_CSV,2.599999905,OWID,2100.0,80669.2
Madagascar,2024,Cobalt,Production,EI_CSV,2.599999905,EI_Excel,2.6,0.0
Madagascar,2024,Cobalt,Production,EI_CSV,2.599999905,EI_Excel,-0.257142857142857,109.9
Madagascar,2024,Cobalt,Production,EI_CSV,2.599999905,EI_Excel,0.009600615882553903,99.6
Madagascar,2024,Cobalt,Production,EI_CSV,2.599999905,OWID,2600.0,99900.0
Madagascar,2024,Cobalt,Reserves,EI_CSV,100.0,EI_Excel,99.99999999999999,0.0
Madagascar,2024,Cobalt,Reserves,EI_CSV,100.0,OWID,100000.0,99900.0
Madagascar,2024,Natural Graphite,Production,EI_CSV,89.0,EI_Excel,89.0,0.0
Madagascar,2024,Natural Graphite,Production,EI_CSV,89.0,EI_Excel,0.46622734761120266,99.5
Madagascar,2024,Natural Graphite,Production,EI_CSV,89.0,EI_Excel,0.051495033911504916,99.9
Madagascar,2024,Natural Graphite,Production,EI_CSV,89.0,OWID,89000.0,99900.0
Madagascar,2024,Natural Graphite,Reserves,EI_CSV,27000.0,EI_Excel,27000.0,0.0
Madagascar,2024,Natural Graphite,Reserves,EI_CSV,27000.0,OWID,27000000.0,99900.0
Madagascar,2024,Rare Earth,Production,EI_CSV,2.0,EI_Excel,2.0,0.0
Madagascar,2024,Rare Earth,Production,EI_CSV,2.0,EI_Excel,-0.23076923076923084,111.5
Madagascar,2024,Rare Earth,Production,EI_CSV,2.0,EI_Excel,0.005265236277477953,99.7
Madagascar,2024,Rare Earth,Production,EI_CSV,2.0,OWID,2000.0,99900.0
Madagascar,2024,Rare Earth,Reserves,EI_CSV,160.0155029,EI_Excel,160.015498458376,0.0
Malaysia,1970,Oil,Production,EI_CSV,18.0,OWID,859000.0,4772122.2
Malaysia,1971,Oil,Production,EI_CSV,69.0,OWID,3275000.0,4746276.8
Malaysia,1972,Oil,Production,EI_CSV,93.0,OWID,4362000.0,4690222.6
Malaysia,1973,Oil,Production,EI_CSV,91.0,OWID,4339000.0,4768031.9
Malaysia,1974,Oil,Production,EI_CSV,81.0,OWID,3875000.0,4783850.6
Malaysia,1975,Oil,Production,EI_CSV,98.0,OWID,4683000.0,4778471.4
Malaysia,1976,Oil,Production,EI_CSV,167.0,OWID,8026000.0,4805888.0
Malaysia,1977,Oil,Production,EI_CSV,183.0,OWID,8985000.0,4909736.1
Malaysia,1978,Oil,Production,EI_CSV,216.0,OWID,10552000.0,4885085.2
Malaysia,1979,Oil,Production,EI_CSV,282.0,OWID,13639000.0,4836424.8
Malaysia,1980,Oil,Production,EI_CSV,276.0,OWID,13124000.0,4754972.5
Malaysia,1981,Oil,Production,EI_CSV,259.0,OWID,12329486.0,4760319.3
Malaysia,1982,Oil,Production,EI_CSV,304.0,OWID,14478786.0,4762658.6
Malaysia,1983,Oil,Production,EI_CSV,385.0,OWID,18303756.0,4754122.3
Malaysia,1984,Oil,Production,EI_CSV,446.0,OWID,21402997.0,4798778.3
Malaysia,1985,Oil,Production,EI_CSV,445.0,OWID,21300000.0,4786416.9
Malaysia,1986,Oil,Production,EI_CSV,500.0,OWID,26200000.0,5239900.0
Malaysia,1987,Oil,Production,EI_CSV,494.0,OWID,24600000.0,4979657.1
Malaysia,1988,Oil,Production,EI_CSV,540.0,OWID,26700000.0,4944344.4
Malaysia,1989,Oil,Production,EI_CSV,589.0,OWID,28800000.0,4889543.5
Malaysia,1990,Oil,Production,EI_CSV,622.0,OWID,30600000.0,4919514.1
Malaysia,1991,Oil,Production,EI_CSV,648.0,OWID,32000000.0,4938171.6
Malaysia,1992,Oil,Production,EI_CSV,657.0,OWID,31300000.0,4763979.1
Malaysia,1993,Oil,Production,EI_CSV,645.0,OWID,30600000.0,4744086.0
Malaysia,1994,Oil,Production,EI_CSV,657.0,OWID,31700000.0,4824861.9
Malaysia,1995,Oil,Production,EI_CSV,704.0,OWID,33680000.0,4783990.9
Malaysia,1996,Oil,Production,EI_CSV,716.0,OWID,34190000.0,4775039.7
Malaysia,1997,Oil,Production,EI_CSV,714.0,OWID,34100000.0,4775810.4
Malaysia,1998,Oil,Production,EI_CSV,725.0,OWID,34630000.0,4776451.7
Malaysia,1999,Oil,Production,EI_CSV,691.0,OWID,33000000.0,4775587.4
Malaysia,2000,Oil,Production,EI_CSV,723.612363,OWID,32500000.0,4491255.0
Malaysia,2001,Oil,Production,EI_CSV,703.7699953,OWID,31800000.0,4518421.7
Malaysia,2002,Oil,Production,EI_CSV,741.3634144,OWID,33300000.0,4491624.2
Malaysia,2003,Oil,Production,EI_CSV,760.7773254,OWID,35200000.0,4626746.6
Malaysia,2004,Oil,Production,EI_CSV,776.9517063,OWID,36400000.0,4684875.9
Malaysia,2005,Oil,Production,EI_CSV,741.5418126,OWID,33600000.0,4530999.9
Malaysia,2006,Oil,Production,EI_CSV,696.7960389,OWID,31900000.0,4577997.2
Malaysia,2007,Oil,Production,EI_CSV,725.47027,OWID,32600000.0,4493536.9
Malaysia,2008,Oil,Production,EI_CSV,727.1701659,OWID,32900000.0,4524288.0
Malaysia,2009,Oil,Production,EI_CSV,688.0246175,OWID,31500000.0,4578224.6
Malaysia,2010,Oil,Production,EI_CSV,732.6525416,OWID,30500000.0,4162855.6
Malaysia,2011,Oil,Production,EI_CSV,659.3441567,OWID,27200000.0,4125211.5
Malaysia,2012,Oil,Production,EI_CSV,662.6262249,OWID,28000000.0,4225510.0
Malaysia,2013,Oil,Production,EI_CSV,627.0161685,OWID,27510000.0,4387346.7
Malaysia,2014,Oil,Production,EI_CSV,648.8243877,OWID,28800000.0,4438697.4
Malaysia,2015,Oil,Production,EI_CSV,696.3237972,OWID,31240000.0,4486318.5
Malaysia,2016,Oil,Production,EI_CSV,726.0905129,OWID,31860000.0,4387782.7
Malaysia,2017,Oil,Production,EI_CSV,718.0870581,OWID,31527300.0,4390356.5
Malaysia,2018,Oil,Production,EI_CSV,712.6364324,OWID,31192900.0,4377012.7
Malaysia,2019,Oil,Production,EI_CSV,671.7496811,OWID,29138900.0,4337661.6
Malaysia,2020,Oil,Production,EI_CSV,614.7219732,OWID,26559400.0,4320454.8
Malaysia,2021,Oil,Production,EI_CSV,571.0872527,OWID,24123200.0,4223983.1
Malaysia,2022,Oil,Production,EI_CSV,560.9853235,OWID,23979800.0,4274486.0
Malaysia,2023,Oil,Production,EI_CSV,556.6698202,OWID,24075400.0,4324797.7
Mali,2022,Gold,Reserves,OWID,800.0,OWID,800.0,0.0
Mali,2023,Gold,Reserves,OWID,800.0,OWID,800.0,0.0
Mali,2024,Gold,Reserves,OWID,800.0,OWID,800.0,0.0
Mexico,1970,Oil,Production,EI_CSV,487.0,OWID,22701000.0,4661296.3
Mexico,1971,Oil,Production,EI_CSV,486.0,OWID,22608000.0,4651751.9
Mexico,1972,Oil,Production,EI_CSV,506.0,OWID,22163000.0,4379939.5
Mexico,1973,Oil,Production,EI_CSV,525.0,OWID,23257000.0,4429804.8
Mexico,1974,Oil,Production,EI_CSV,653.0,OWID,29594000.0,4531906.1
Mexico,1975,Oil,Production,EI_CSV,806.0,OWID,36456000.0,4522976.9
Mexico,1976,Oil,Production,EI_CSV,894.0,OWID,41256000.0,4614665.1
Mexico,1977,Oil,Production,EI_CSV,1085.0,OWID,50364000.0,4641743.3
Mexico,1978,Oil,Production,EI_CSV,1327.0,OWID,62092000.0,4679025.8
Mexico,1979,Oil,Production,EI_CSV,1607.0,OWID,75542000.0,4700709.0
Mexico,1980,Oil,Production,EI_CSV,2129.0,OWID,100367000.0,4714179.0
Mexico,1981,Coal,Production,EI_CSV,3.032331475,OWID,8086474.0,266675033.2
Mexico,1981,Oil,Production,EI_CSV,2553.0,OWID,119580928.0,4683837.6
Mexico,1982,Coal,Production,EI_CSV,3.751215811,OWID,7618871.0,203103943.7
Mexico,1982,Oil,Production,EI_CSV,3001.0,OWID,142079921.0,4734319.2
Mexico,1983,Coal,Production,EI_CSV,4.851129007,OWID,8999467.0,185512736.0
Mexico,1983,Oil,Production,EI_CSV,2930.0,OWID,138983294.0,4743357.1
Mexico,1984,Coal,Production,EI_CSV,5.335241053,OWID,9387822.0,175958622.5
Mexico,1984,Oil,Production,EI_CSV,2942.0,OWID,145090791.0,4931606.0
Mexico,1985,Coal,Production,EI_CSV,5.525976202,OWID,9770751.0,176814830.8
Mexico,1985,Oil,Production,EI_CSV,2912.0,OWID,139758862.0,4799311.5
Mexico,1986,Coal,Production,EI_CSV,6.216795122,OWID,10158000.0,163395987.5
Mexico,1986,Oil,Production,EI_CSV,2758.0,OWID,129268989.0,4686955.4
Mexico,1987,Coal,Production,EI_CSV,6.9314708,OWID,11137054.0,160673649.1
Mexico,1987,Oil,Production,EI_CSV,2879.0,OWID,135267715.0,4698327.1
Mexico,1988,Coal,Production,EI_CSV,6.345855589,OWID,10586336.0,166822731.9
Mexico,1988,Oil,Production,EI_CSV,2877.0,OWID,133903176.0,4654164.0
Mexico,1989,Coal,Production,EI_CSV,6.770533932,OWID,9983087.0,147448935.8
Mexico,1989,Oil,Production,EI_CSV,2897.0,OWID,133947324.0,4623556.3
Mexico,1990,Coal,Production,EI_CSV,6.929812076,OWID,10013655.0,144501004.7
Mexico,1990,Oil,Production,EI_CSV,2940.776929,OWID,136484511.0,4641003.8
Mexico,1991,Coal,Production,EI_CSV,6.405623111,OWID,9401325.0,146766652.2
Mexico,1991,Oil,Production,EI_CSV,3099.631422,OWID,143480935.0,4628867.6
Mexico,1992,Coal,Production,EI_CSV,6.104177561,OWID,8699927.0,142524047.0
Mexico,1992,Oil,Production,EI_CSV,3098.273033,OWID,142950000.0,4613760.6
Mexico,1993,Coal,Production,EI_CSV,6.615141667,OWID,10215352.0,154423682.8
Mexico,1993,Oil,Production,EI_CSV,3115.344899,OWID,143570000.0,4608378.5
Mexico,1994,Coal,Production,EI_CSV,8.999131459,OWID,11432222.0,127036848.5
Mexico,1994,Oil,Production,EI_CSV,3135.955619,OWID,144139000.0,4596234.2
Mexico,1995,Coal,Production,EI_CSV,8.889171051,OWID,11800258.0,132748588.6
Mexico,1995,Natural Graphite,Production,EI_CSV,34.38600159,EI_Excel,34.386,0.0
Mexico,1995,Oil,Production,EI_CSV,3054.768086,OWID,140727000.0,4606698.2
Mexico,1996,Coal,Production,EI_CSV,9.690486263,OWID,13746817.0,141858797.8
Mexico,1996,Natural Graphite,Production,EI_CSV,40.41199875,EI_Excel,40.412,0.0
Mexico,1996,Oil,Production,EI_CSV,3270.057022,OWID,153083000.0,4681255.7
Mexico,1997,Coal,Production,EI_CSV,9.424212151,OWID,12707443.0,134838152.8
Mexico,1997,Natural Graphite,Production,EI_CSV,47.98099899,EI_Excel,47.980999999999995,0.0
Mexico,1997,Oil,Production,EI_CSV,3408.626121,OWID,161251000.0,4730574.3
Mexico,1998,Coal,Production,EI_CSV,10.10746745,OWID,12378788.0,122471607.8
Mexico,1998,Natural Graphite,Production,EI_CSV,43.46099854,EI_Excel,43.461,0.0
Mexico,1998,Oil,Production,EI_CSV,3498.555624,OWID,163630000.0,4676973.0
Mexico,1999,Coal,Production,EI_CSV,10.32580265,OWID,13302345.0,128826156.4
Mexico,1999,Natural Graphite,Production,EI_CSV,27.78000069,EI_Excel,27.779999999999998,0.0
Mexico,1999,Oil,Production,EI_CSV,3351.690246,OWID,155047000.0,4625834.6
Mexico,2000,Coal,Production,EI_CSV,11.34394813,OWID,14287138.0,125944922.3
Mexico,2000,Natural Graphite,Production,EI_CSV,30.32999992,EI_Excel,30.33,0.0
Mexico,2000,Oil,Production,EI_CSV,3455.945582,OWID,178360000.0,5160860.9
Mexico,2001,Coal,Production,EI_CSV,8.857092657,OWID,12176884.0,137481627.6
Mexico,2001,Natural Graphite,Production,EI_CSV,21.44199944,EI_Excel,21.442,0.0
Mexico,2001,Oil,Production,EI_CSV,3568.127899,OWID,184050000.0,5158067.1
Mexico,2002,Coal,Production,EI_CSV,7.079758976,OWID,11405034.0,161093434.9
Mexico,2002,Natural Graphite,Production,EI_CSV,13.88500023,EI_Excel,13.885,0.0
Mexico,2002,Oil,Production,EI_CSV,3592.648181,OWID,185340000.0,5158768.6
Mexico,2003,Coal,Production,EI_CSV,9.195092269,OWID,11305023.0,122946170.4
Mexico,2003,Natural Graphite,Production,EI_CSV,8.729999542,EI_Excel,8.73,0.0
Mexico,2003,Oil,Production,EI_CSV,3794.699649,OWID,195890000.0,5162100.4
Mexico,2004,Coal,Production,EI_CSV,12.22848439,OWID,12034844.0,98416380.9
Mexico,2004,Natural Graphite,Production,EI_CSV,14.76900005,EI_Excel,14.768999999999998,0.0
Mexico,2004,Oil,Production,EI_CSV,3830.180579,OWID,197750000.0,5162842.0
Mexico,2005,Coal,Production,EI_CSV,12.65704348,OWID,11749126.0,92826680.7
Mexico,2005,Natural Graphite,Production,EI_CSV,12.35700035,EI_Excel,12.357,0.0
Mexico,2005,Oil,Production,EI_CSV,3765.621049,OWID,194390000.0,5162129.5
Mexico,2006,Coal,Production,EI_CSV,14.10992339,OWID,16084718.0,113995685.5
Mexico,2006,Natural Graphite,Production,EI_CSV,11.77299976,EI_Excel,11.772999999999998,0.0
Mexico,2006,Oil,Production,EI_CSV,3689.125732,OWID,190410000.0,5161285.5
Mexico,2007,Coal,Production,EI_CSV,15.23216977,OWID,16792109.0,110240983.5
Mexico,2007,Natural Graphite,Production,EI_CSV,9.899999619,EI_Excel,9.899999999999999,0.0
Mexico,2007,Oil,Production,EI_CSV,3478.530532,OWID,179450000.0,5158687.5
Mexico,2008,Coal,Production,EI_CSV,14.420357,OWID,15038557.0,104286895.1
Mexico,2008,Natural Graphite,Production,EI_CSV,7.229000092,EI_Excel,7.228999999999999,0.0
Mexico,2008,Oil,Production,EI_CSV,3165.327637,OWID,163220000.0,5156396.2
Mexico,2009,Coal,Production,EI_CSV,12.69434897,OWID,13555680.0,106785053.2
Mexico,2009,Natural Graphite,Production,EI_CSV,5.105000019,EI_Excel,5.105,0.0
Mexico,2009,Oil,Production,EI_CSV,2978.494945,OWID,153600000.0,5156867.0
Mexico,2010,Coal,Production,EI_CSV,15.27051471,OWID,16318120.0,106860214.2
Mexico,2010,Natural Graphite,Production,EI_CSV,6.627999783,EI_Excel,6.627999999999999,0.0
Mexico,2010,Oil,Production,EI_CSV,2959.366559,OWID,152670000.0,5158774.3
Mexico,2011,Coal,Production,EI_CSV,19.61605628,OWID,20967630.0,106890039.9
Mexico,2011,Natural Graphite,Production,EI_CSV,7.34800005,EI_Excel,7.348,0.0
Mexico,2011,Oil,Production,EI_CSV,2940.313266,OWID,151842000.0,5164043.6
Mexico,2012,Coal,Production,EI_CSV,15.20510998,OWID,16276556.0,107046518.0
Mexico,2012,Natural Graphite,Production,EI_CSV,7.519999981,EI_Excel,7.52,0.0
Mexico,2012,Oil,Production,EI_CSV,2911.098071,OWID,150601000.0,5173240.0
Mexico,2013,Coal,Production,EI_CSV,14.63316998,OWID,15717587.0,107410577.4
Mexico,2013,Natural Graphite,Production,EI_CSV,7.024000168,EI_Excel,7.024,0.0
Mexico,2013,Oil,Production,EI_CSV,2874.752438,OWID,148998583.0,5182905.7
Mexico,2013,Zinc,Production,EI_Excel,643.0,OWID,642542.0,99828.8
Mexico,2014,Coal,Production,EI_CSV,14.89554998,OWID,15874413.0,106571413.1
Mexico,2014,Natural Graphite,Production,EI_CSV,9.159999847,EI_Excel,9.16,0.0
Mexico,2014,Oil,Production,EI_CSV,2784.200844,OWID,144138810.0,5176926.3
Mexico,2014,Zinc,Production,EI_Excel,660.0,OWID,659878.0,99881.5
Mexico,2015,Coal,Production,EI_CSV,12.25289998,OWID,15716400.0,128266677.9
Mexico,2015,Natural Graphite,Production,EI_CSV,6.524000168,EI_Excel,6.523999999999999,0.0
Mexico,2015,Oil,Production,EI_CSV,2586.540573,OWID,133953966.0,5178785.2
Mexico,2015,Zinc,Production,EI_Excel,680.0,OWID,786774.0,115602.1
Mexico,2016,Coal,Production,EI_CSV,11.40894998,OWID,13676593.0,119875901.1
Mexico,2016,Natural Graphite,Production,EI_CSV,3.838999987,EI_Excel,3.839,0.0
Mexico,2016,Oil,Production,EI_CSV,2455.799885,OWID,127077904.0,5174503.4
Mexico,2016,Zinc,Production,EI_Excel,670.0,OWID,661646.0,98653.1
Mexico,2017,Coal,Production,EI_CSV,12.92858998,OWID,12748000.0,98603073.4
Mexico,2017,Natural Graphite,Production,EI_CSV,1.746000051,EI_Excel,1.746,0.0
Mexico,2017,Oil,Production,EI_CSV,2224.150178,OWID,115135269.0,5176496.0
Mexico,2017,Zinc,Production,EI_Excel,674.0,OWID,671444.0,99520.8
Mexico,2018,Coal,Production,EI_CSV,11.88398,OWID,12000000.0,100976172.3
Mexico,2018,Natural Graphite,Production,EI_CSV,4.130000114,EI_Excel,4.13,0.0
Mexico,2018,Oil,Production,EI_CSV,2068.371301,OWID,107070000.0,5176436.7
Mexico,2018,Zinc,Production,EI_Excel,691.0,OWID,662355.0,95754.6
Mexico,2019,Natural Graphite,Production,EI_CSV,1.590999961,EI_Excel,1.591,0.0
Mexico,2019,Oil,Production,EI_CSV,1918.142844,OWID,99212000.0,5172194.7
Mexico,2019,Zinc,Production,EI_Excel,677.0,OWID,859194.0,126812.0
Mexico,2020,Cadmium,Production,OWID,978.0,OWID,978.0,0.0
Mexico,2020,Coal,Production,EI_CSV,7.746920006,OWID,7000000.0,90358390.8
Mexico,2020,Natural Graphite,Production,EI_CSV,1.460999966,EI_Excel,1.4609999999999999,0.0
Mexico,2020,Natural Graphite,Production,EI_CSV,1.460999966,OWID,3300.0,225772.7
Mexico,2020,Oil,Production,EI_CSV,1909.906448,OWID,98850000.0,5175546.2
Mexico,2020,Zinc,Production,EI_Excel,638.0,OWID,638000.0,99900.0
Mexico,2021,Cadmium,Production,OWID,859.0,OWID,859.0,0.0
Mexico,2021,Coal,Production,EI_CSV,5.542014993,OWID,7000000.0,126307750.3
Mexico,2021,Natural Graphite,Production,EI_CSV,1.777999997,EI_Excel,1.7779999999999998,0.0
Mexico,2021,Natural Graphite,Production,EI_CSV,1.777999997,OWID,2100.0,118010.2
Mexico,2021,Oil,Production,EI_CSV,1926.317482,OWID,99521955.0,5166335.7
Mexico,2021,Zinc,Production,EI_Excel,724.0,OWID,724000.0,99900.0
Mexico,2022,Cadmium,Production,OWID,1170.0,OWID,1170.0,0.0
Mexico,2022,Coal,Production,EI_CSV,5.543183331,OWID,7000000.0,126281128.3
Mexico,2022,Gold,Reserves,OWID,1400.0,OWID,1400.0,0.0
Mexico,2022,Natural Graphite,Production,EI_CSV,1.975999951,EI_Excel,1.976,0.0
Mexico,2022,Natural Graphite,Production,EI_CSV,1.975999951,OWID,2000.0,101114.6
Mexico,2022,Oil,Production,EI_CSV,1943.042608,OWID,100504249.0,5172419.0
Mexico,2022,Silver,Reserves,OWID,37000.0,OWID,37000.0,0.0
Mexico,2022,Zinc,Production,EI_Excel,744.0,OWID,744000.0,99900.0
Mexico,2023,Cadmium,Production,OWID,1020.0,OWID,1020.0,0.0
Mexico,2023,Coal,Production,EI_CSV,5.21193794,OWID,7000000.0,134306948.2
Mexico,2023,Gold,Reserves,OWID,1400.0,OWID,1400.0,0.0
Mexico,2023,Natural Graphite,Production,EI_CSV,1.297000051,EI_Excel,1.297,0.0
Mexico,2023,Natural Graphite,Production,EI_CSV,1.297000051,OWID,1300.0,100131.3
Mexico,2023,Oil,Production,EI_CSV,2039.800359,OWID,105467422.0,5170377.7
Mexico,2023,Silver,Reserves,OWID,37000.0,OWID,37000.0,0.0
Mexico,2023,Zinc,Production,EI_Excel,584.0,OWID,584000.0,99900.0
Mexico,2024,Cadmium,Production,OWID,1200.0,OWID,1200.0,0.0
Mexico,2024,Gold,Reserves,OWID,1400.0,OWID,1400.0,0.0
Mexico,2024,Natural Graphite,Production,EI_CSV,1.006000042,EI_Excel,1.006,0.0
Mexico,2024,Natural Graphite,Production,EI_CSV,1.006000042,EI_Excel,-0.2243639167309175,122.3
Mexico,2024,Natural Graphite,Production,EI_CSV,1.006000042,EI_Excel,0.0005820674619659993,99.9
Mexico,2024,Natural Graphite,Production,EI_CSV,1.006000042,OWID,900.0,89363.2
Mexico,2024,Natural Graphite,Reserves,EI_CSV,3100.0,EI_Excel,3099.9999999999995,0.0
Mexico,2024,Natural Graphite,Reserves,EI_CSV,3100.0,OWID,3100000.0,99900.0
Mexico,2024,Silver,Reserves,OWID,37000.0,OWID,37000.0,0.0
Mexico,2024,Zinc,Production,EI_Excel,700.0,EI_Excel,0.19863013698630128,100.0
Mexico,2024,Zinc,Production,EI_Excel,700.0,EI_Excel,0.05852842809364549,100.0
Mexico,2024,Zinc,Production,EI_Excel,700.0,OWID,700000.0,99900.0
Mexico,2024,Zinc,Reserves,EI_Excel,14000.0,OWID,14000000.0,99900.0
Mongolia,1981,Coal,Production,EI_CSV,4.3,OWID,4303000.0,100069667.4
Mongolia,1982,Coal,Production,EI_CSV,4.921,OWID,4921000.0,99999900.0
Mongolia,1983,Coal,Production,EI_CSV,4.974,OWID,4974000.0,99999900.0
Mongolia,1984,Coal,Production,EI_CSV,5.431,OWID,5431000.0,99999900.0
Mongolia,1985,Coal,Production,EI_CSV,6.523,OWID,6518000.0,99923248.2
Mongolia,1986,Coal,Production,EI_CSV,7.065,OWID,7064000.0,99985745.7
Mongolia,1987,Coal,Production,EI_CSV,7.765,OWID,7765000.0,99999900.0
Mongolia,1988,Coal,Production,EI_CSV,8.606,OWID,8606000.0,99999900.0
Mongolia,1989,Coal,Production,EI_CSV,8.045,OWID,8000000.0,99440546.4
Mongolia,1990,Coal,Production,EI_CSV,7.157,OWID,6367800.0,88972933.4
Mongolia,1991,Coal,Production,EI_CSV,7.037,OWID,6354700.0,90304006.9
Mongolia,1992,Coal,Production,EI_CSV,6.2474,OWID,6247300.0,99998299.3
Mongolia,1993,Coal,Production,EI_CSV,5.617,OWID,5608500.0,99848573.7
Mongolia,1994,Coal,Production,EI_CSV,5.158,OWID,4980000.0,96548950.0
Mongolia,1995,Coal,Production,EI_CSV,5.019,OWID,5003000.0,99681111.4
Mongolia,1996,Coal,Production,EI_CSV,5.11,OWID,5110600.0,100011641.7
Mongolia,1997,Coal,Production,EI_CSV,4.924,OWID,4924000.0,99999900.0
Mongolia,1998,Coal,Production,EI_CSV,5.057,OWID,5057000.0,99999900.0
Mongolia,1999,Coal,Production,EI_CSV,4.964,OWID,4952000.0,99758159.5
Mongolia,2000,Coal,Production,EI_CSV,5.185,OWID,5000000.0,96431915.4
Mongolia,2001,Coal,Production,EI_CSV,5.141,OWID,5200000.0,101147536.6
Mongolia,2002,Coal,Production,EI_CSV,5.5444,OWID,5400000.0,97395470.3
Mongolia,2003,Coal,Production,EI_CSV,5.6661,OWID,5666100.0,99999900.0
Mongolia,2004,Coal,Production,EI_CSV,6.865,OWID,6865000.0,99999900.0
Mongolia,2005,Coal,Production,EI_CSV,7.5171,OWID,7517100.0,99999900.0
Mongolia,2006,Coal,Production,EI_CSV,8.0741,OWID,8074100.0,99999900.0
Mongolia,2007,Coal,Production,EI_CSV,9.2376,OWID,4572700.0,49500852.6
Mongolia,2008,Coal,Production,EI_CSV,10.0719,OWID,4843900.0,48093109.8
Mongolia,2009,Coal,Production,EI_CSV,14.4421,OWID,14365500.0,99469506.2
Mongolia,2010,Coal,Production,EI_CSV,25.1619,OWID,25161900.0,99999900.0
Mongolia,2011,Coal,Production,EI_CSV,32.994,OWID,32994400.0,100001112.3
Mongolia,2012,Coal,Production,EI_CSV,31.139,OWID,31139000.0,99999900.0
Mongolia,2013,Coal,Production,EI_CSV,33.3405,OWID,33341000.0,100001399.7
Mongolia,2014,Coal,Production,EI_CSV,24.4493,OWID,24449000.0,99998673.0
Mongolia,2015,Coal,Production,EI_CSV,24.1461,OWID,23979000.0,99307862.8
Mongolia,2016,Coal,Production,EI_CSV,35.0965,OWID,35522300.0,101213126.4
Mongolia,2017,Coal,Production,EI_CSV,49.4803,OWID,48145100.0,97301452.3
Mongolia,2018,Coal,Production,EI_CSV,54.5723,OWID,51401300.0,94189259.8
Mongolia,2019,Coal,Production,EI_CSV,57.1288,OWID,55799400.0,97672877.6
Mongolia,2020,Coal,Production,EI_CSV,43.079,OWID,43844800.0,101777564.3
Mongolia,2021,Coal,Production,EI_CSV,32.3176,OWID,33691800.0,104252072.2
Mongolia,2022,Coal,Production,EI_CSV,39.34,OWID,37294700.0,94800865.9
Mongolia,2023,Coal,Production,EI_CSV,83.2348,OWID,85262300.0,102435780.2
Morocco,1995,Cobalt,Production,EI_CSV,0.537,EI_Excel,0.5369999999999999,0.0
Morocco,1996,Cobalt,Production,EI_CSV,0.564999998,EI_Excel,0.565,0.0
Morocco,1997,Cobalt,Production,EI_CSV,0.713999987,EI_Excel,0.714,0.0
Morocco,1998,Cobalt,Production,EI_CSV,0.287,EI_Excel,0.287,0.0
Morocco,1999,Cobalt,Production,EI_CSV,0.862999976,EI_Excel,0.863,0.0
Morocco,2000,Cobalt,Production,EI_CSV,0.967000008,EI_Excel,0.967,0.0
Morocco,2001,Cobalt,Production,EI_CSV,1.241999984,EI_Excel,1.242,0.0
Morocco,2002,Cobalt,Production,EI_CSV,1.452999949,EI_Excel,1.4529999999999998,0.0
Morocco,2003,Cobalt,Production,EI_CSV,1.391000032,EI_Excel,1.3909999999999998,0.0
Morocco,2004,Cobalt,Production,EI_CSV,1.600000024,EI_Excel,1.5999999999999999,0.0
Morocco,2005,Cobalt,Production,EI_CSV,1.600000024,EI_Excel,1.5999999999999999,0.0
Morocco,2006,Cobalt,Production,EI_CSV,2.599999905,EI_Excel,2.6,0.0
Morocco,2007,Cobalt,Production,EI_CSV,1.799999952,EI_Excel,1.8,0.0
Morocco,2008,Cobalt,Production,EI_CSV,1.700000048,EI_Excel,1.7,0.0
Morocco,2009,Cobalt,Production,EI_CSV,2.609999895,EI_Excel,2.61,0.0
Morocco,2010,Cobalt,Production,EI_CSV,3.109999895,EI_Excel,3.11,0.0
Morocco,2011,Cobalt,Production,EI_CSV,2.160000086,EI_Excel,2.16,0.0
Morocco,2012,Cobalt,Production,EI_CSV,2.0,EI_Excel,2.0,0.0
Morocco,2013,Cobalt,Production,EI_CSV,2.0,EI_Excel,2.0,0.0
Morocco,2014,Cobalt,Production,EI_CSV,2.150000095,EI_Excel,2.15,0.0
Morocco,2015,Cobalt,Production,EI_CSV,2.25,EI_Excel,2.25,0.0
Morocco,2016,Cobalt,Production,EI_CSV,2.729868889,EI_Excel,2.729868896484375,0.0
Morocco,2017,Cobalt,Production,EI_CSV,2.523915291,EI_Excel,2.5239152832031246,0.0
Morocco,2018,Cobalt,Production,EI_CSV,1.805999994,EI_Excel,1.8059999999999998,0.0
Morocco,2019,Cobalt,Production,EI_CSV,2.397000074,EI_Excel,2.397,0.0
Morocco,2020,Cobalt,Production,EI_CSV,2.415999889,EI_Excel,2.416,0.0
Morocco,2020,Cobalt,Production,EI_CSV,2.415999889,OWID,2300.0,95098.7
Morocco,2021,Cobalt,Production,EI_CSV,1.796000004,EI_Excel,1.7959999999999998,0.0
Morocco,2021,Cobalt,Production,EI_CSV,1.796000004,OWID,2300.0,127962.4
Morocco,2022,Cobalt,Production,EI_CSV,1.690000057,EI_Excel,1.69,0.0
Morocco,2023,Cobalt,Production,EI_CSV,1.690000057,EI_Excel,1.69,0.0
Morocco,2024,Cobalt,Production,EI_CSV,1.690000057,EI_Excel,1.69,0.0
Morocco,2024,Cobalt,Production,EI_CSV,1.690000057,EI_Excel,0.0,100.0
Morocco,2024,Cobalt,Production,EI_CSV,1.690000057,EI_Excel,0.006240400323660037,99.6
Morocco,2024,Cobalt,Reserves,EI_CSV,13.0,EI_Excel,13.0,0.0
Mozambique,1995,Natural Graphite,Production,EI_CSV,3.019000053,EI_Excel,3.019,0.0
Mozambique,1996,Natural Graphite,Production,EI_CSV,3.282999992,EI_Excel,3.283,0.0
Mozambique,1997,Natural Graphite,Production,EI_CSV,5.125,EI_Excel,5.124999999999999,0.0
Mozambique,1998,Natural Graphite,Production,EI_CSV,5.888999939,EI_Excel,5.889,0.0
Mozambique,1999,Natural Graphite,Production,EI_CSV,4.006999969,EI_Excel,4.007000000000001,0.0
Mozambique,2017,Natural Graphite,Production,EI_CSV,0.300000012,EI_Excel,0.3,0.0
Mozambique,2018,Natural Graphite,Production,EI_CSV,104.0,EI_Excel,104.00000000000001,0.0
Mozambique,2019,Natural Graphite,Production,EI_CSV,153.0,EI_Excel,153.0,0.0
Mozambique,2020,Natural Graphite,Production,EI_CSV,12.0,EI_Excel,12.0,0.0
Mozambique,2020,Natural Graphite,Production,EI_CSV,12.0,OWID,28000.0,233233.3
Mozambique,2021,Natural Graphite,Production,EI_CSV,72.0,EI_Excel,72.00000000000001,0.0
Mozambique,2021,Natural Graphite,Production,EI_CSV,72.0,OWID,72000.0,99900.0
Mozambique,2022,Natural Graphite,Production,EI_CSV,163.0,EI_Excel,163.0,0.0
Mozambique,2022,Natural Graphite,Production,EI_CSV,163.0,OWID,166000.0,101740.5
Mozambique,2023,Natural Graphite,Production,EI_CSV,94.0,EI_Excel,94.0,0.0
Mozambique,2023,Natural Graphite,Production,EI_CSV,94.0,OWID,98000.0,104155.3
Mozambique,2024,Natural Graphite,Production,EI_CSV,35.0,EI_Excel,35.0,0.0
Mozambique,2024,Natural Graphite,Production,EI_CSV,35.0,EI_Excel,-0.6276595744680851,101.8
Mozambique,2024,Natural Graphite,Production,EI_CSV,35.0,EI_Excel,0.02025085603261429,99.9
Mozambique,2024,Natural Graphite,Production,EI_CSV,35.0,OWID,75000.0,214185.7
Mozambique,2024,Natural Graphite,Reserves,EI_CSV,25000.0,EI_Excel,25000.0,0.0
Mozambique,2024,Natural Graphite,Reserves,EI_CSV,25000.0,OWID,25000000.0,99900.0
Netherlands,2020,Cadmium,Production,OWID,880.0,OWID,880.0,0.0
Netherlands,2021,Cadmium,Production,OWID,854.0,OWID,854.0,0.0
Netherlands,2022,Cadmium,Production,OWID,574.0,OWID,574.0,0.0
Netherlands,2023,Cadmium,Production,OWID,726.0,OWID,726.0,0.0
Netherlands,2024,Cadmium,Production,OWID,400.0,OWID,400.0,0.0
New Caledonia,1995,Cobalt,Production,EI_CSV,1.100000024,EI_Excel,1.0999999999999999,0.0
New Caledonia,1996,Cobalt,Production,EI_CSV,1.100000024,EI_Excel,1.0999999999999999,0.0
New Caledonia,1997,Cobalt,Production,EI_CSV,1.0,EI_Excel,1.0,0.0
New Caledonia,1998,Cobalt,Production,EI_CSV,1.0,EI_Excel,1.0,0.0
New Caledonia,1999,Cobalt,Production,EI_CSV,1.100000024,EI_Excel,1.0999999999999999,0.0
New Caledonia,2000,Cobalt,Production,EI_CSV,1.200000048,EI_Excel,1.2,0.0
New Caledonia,2001,Cobalt,Production,EI_CSV,1.399999976,EI_Excel,1.4,0.0
New Caledonia,2002,Cobalt,Production,EI_CSV,2.779999971,EI_Excel,2.78,0.0
New Caledonia,2003,Cobalt,Production,EI_CSV,2.601999998,EI_Excel,2.602,0.0
New Caledonia,2004,Cobalt,Production,EI_CSV,2.726000071,EI_Excel,2.7259999999999995,0.0
New Caledonia,2005,Cobalt,Production,EI_CSV,1.769000053,EI_Excel,1.769,0.0
New Caledonia,2006,Cobalt,Production,EI_CSV,1.628999949,EI_Excel,1.629,0.0
New Caledonia,2007,Cobalt,Production,EI_CSV,2.25,EI_Excel,2.25,0.0
New Caledonia,2008,Cobalt,Production,EI_CSV,2.109999895,EI_Excel,2.11,0.0
New Caledonia,2009,Cobalt,Production,EI_CSV,2.0,EI_Excel,2.0,0.0
New Caledonia,2010,Cobalt,Production,EI_CSV,2.849999905,EI_Excel,2.8499999999999996,0.0
New Caledonia,2011,Cobalt,Production,EI_CSV,3.099999905,EI_Excel,3.1,0.0
New Caledonia,2012,Cobalt,Production,EI_CSV,2.670000076,EI_Excel,2.67,0.0
New Caledonia,2013,Cobalt,Production,EI_CSV,3.190000057,EI_Excel,3.1899999999999995,0.0
New Caledonia,2014,Cobalt,Production,EI_CSV,4.039999962,EI_Excel,4.04,0.0
New Caledonia,2015,Cobalt,Production,EI_CSV,3.640000105,EI_Excel,3.64,0.0
New Caledonia,2016,Cobalt,Production,EI_CSV,3.187999964,EI_Excel,3.1879999999999997,0.0
New Caledonia,2017,Cobalt,Production,EI_CSV,2.779999971,EI_Excel,2.78,0.0
New Caledonia,2018,Cobalt,Production,EI_CSV,2.104000092,EI_Excel,2.104,0.0
New Caledonia,2019,Cobalt,Production,EI_CSV,1.702999949,EI_Excel,1.7029999999999998,0.0
New Caledonia,2020,Cobalt,Production,EI_CSV,2.197000027,EI_Excel,2.1969999999999996,0.0
New Caledonia,2020,Nickel,Production,EI_Excel,190.0,OWID,200000.0,105163.2
New Caledonia,2021,Cobalt,Production,EI_CSV,1.5,EI_Excel,1.5,0.0
New Caledonia,2021,Nickel,Production,EI_Excel,186.0,OWID,186000.0,99900.0
New Caledonia,2022,Cobalt,Production,EI_CSV,1.769999981,EI_Excel,1.7699999999999998,0.0
New Caledonia,2022,Cobalt,Production,EI_CSV,1.769999981,OWID,2000.0,112894.4
New Caledonia,2022,Nickel,Production,EI_Excel,200.0,OWID,200000.0,99900.0
New Caledonia,2023,Cobalt,Production,EI_CSV,1.769999981,EI_Excel,1.7699999999999998,0.0
New Caledonia,2023,Cobalt,Production,EI_CSV,1.769999981,OWID,2570.0,145097.7
New Caledonia,2023,Nickel,Production,EI_Excel,231.0,OWID,231000.0,99900.0
New Caledonia,2024,Cobalt,Production,EI_CSV,1.769999981,EI_Excel,1.7699999999999998,0.0
New Caledonia,2024,Cobalt,Production,EI_CSV,1.769999981,EI_Excel,0.0,100.0
New Caledonia,2024,Cobalt,Production,EI_CSV,1.769999981,EI_Excel,0.00653580388927708,99.6
New Caledonia,2024,Cobalt,Production,EI_CSV,1.769999981,OWID,1500.0,84645.8
New Caledonia,2024,Cobalt,Reserves,EI_CSV,54.22999954,EI_Excel,54.230000000000004,0.0
New Caledonia,2024,Nickel,Production,EI_Excel,110.0,EI_Excel,-0.5238095238095238,100.5
New Caledonia,2024,Nickel,Production,EI_Excel,110.0,EI_Excel,0.028773937300021136,100.0
New Caledonia,2024,Nickel,Production,EI_Excel,110.0,OWID,110000.0,99900.0
New Caledonia,2024,Nickel,Reserves,EI_Excel,7100.0,OWID,7100000.0,99900.0
New Zealand,1981,Coal,Production,EI_CSV,2.196894,OWID,2196200.0,99968309.9
New Zealand,1982,Coal,Production,EI_CSV,2.244384,OWID,2244400.0,100000612.9
New Zealand,1983,Coal,Production,EI_CSV,2.473531,OWID,2483600.0,100406969.9
New Zealand,1984,Coal,Production,EI_CSV,2.526647,OWID,2526600.0,99998039.8
New Zealand,1985,Coal,Production,EI_CSV,2.39001,OWID,2547800.0,106601964.4
New Zealand,1986,Coal,Production,EI_CSV,2.517947,OWID,2640700.0,104875022.5
New Zealand,1987,Coal,Production,EI_CSV,2.220996,OWID,2401956.0,108147595.9
New Zealand,1988,Coal,Production,EI_CSV,2.438071,OWID,2400556.0,98461183.5
New Zealand,1989,Coal,Production,EI_CSV,2.713016,OWID,2712998.0,99999236.5
New Zealand,1990,Coal,Production,EI_CSV,2.57856,OWID,2584252.0,100220643.4
New Zealand,1991,Coal,Production,EI_CSV,2.689025,OWID,2684147.0,99818496.0
New Zealand,1992,Coal,Production,EI_CSV,3.018059,OWID,2984011.0,98871757.7
New Zealand,1993,Coal,Production,EI_CSV,3.336808,OWID,3090779.0,92626715.8
New Zealand,1994,Coal,Production,EI_CSV,3.033235,OWID,3033196.0,99998614.2
New Zealand,1995,Coal,Production,EI_CSV,3.576821,OWID,3445038.0,96315538.9
New Zealand,1996,Coal,Production,EI_CSV,3.610552,OWID,3509334.0,97196505.9
New Zealand,1997,Coal,Production,EI_CSV,3.56741207,OWID,3664034.0,102708360.0
New Zealand,1998,Coal,Production,EI_CSV,3.12637,OWID,3303880.0,105677730.8
New Zealand,1999,Coal,Production,EI_CSV,3.50573,OWID,3505730.0,99999900.0
New Zealand,2000,Coal,Production,EI_CSV,3.457417,OWID,3585635.0,103708391.0
New Zealand,2001,Coal,Production,EI_CSV,3.911396,OWID,3911396.0,99999900.0
New Zealand,2002,Coal,Production,EI_CSV,4.458939,OWID,4458939.0,99999900.0
New Zealand,2003,Coal,Production,EI_CSV,5.179891,OWID,5179912.0,100000305.4
New Zealand,2004,Coal,Production,EI_CSV,5.155394,OWID,5155394.0,99999900.0
New Zealand,2005,Coal,Production,EI_CSV,5.267161,OWID,5267161.0,99999900.0
New Zealand,2006,Coal,Production,EI_CSV,5.673531,OWID,5767911.0,101663414.3
New Zealand,2007,Coal,Production,EI_CSV,4.834779,OWID,4835408.0,100012909.9
New Zealand,2008,Coal,Production,EI_CSV,4.831607,OWID,4909421.0,101610420.1
New Zealand,2009,Coal,Production,EI_CSV,4.513225767,OWID,4563333.0,101110131.0
New Zealand,2010,Coal,Production,EI_CSV,5.34190916,OWID,5330500.0,99786321.7
New Zealand,2011,Coal,Production,EI_CSV,4.958983,OWID,4944700.0,99711877.2
New Zealand,2012,Coal,Production,EI_CSV,4.92217188,OWID,4926200.0,100081736.2
New Zealand,2013,Coal,Production,EI_CSV,4.62546298,OWID,4625400.0,99998538.4
New Zealand,2014,Coal,Production,EI_CSV,3.98444722,OWID,3984447.0,99999894.5
New Zealand,2015,Coal,Production,EI_CSV,3.390648,OWID,3390648.0,99999900.0
New Zealand,2016,Coal,Production,EI_CSV,2.866622,OWID,2866622.0,99999900.0
New Zealand,2017,Coal,Production,EI_CSV,2.918563,OWID,2918563.0,99999900.0
New Zealand,2018,Coal,Production,EI_CSV,3.230798,OWID,3230798.0,99999900.0
New Zealand,2019,Coal,Production,EI_CSV,3.033983,OWID,3033983.0,99999900.0
New Zealand,2020,Coal,Production,EI_CSV,2.818682,OWID,2818682.0,99999900.0
New Zealand,2021,Coal,Production,EI_CSV,2.867610285,OWID,2867611.0,99999924.9
New Zealand,2022,Coal,Production,EI_CSV,2.63747607,OWID,2637476.0,99999897.3
New Zealand,2023,Coal,Production,EI_CSV,2.60008412,OWID,2600084.0,99999895.4
Nigeria,1970,Oil,Production,EI_CSV,1083.1,OWID,52800000.0,4874796.1
Nigeria,1971,Oil,Production,EI_CSV,1531.2,OWID,74100000.0,4839241.7
Nigeria,1972,Oil,Production,EI_CSV,1815.7,OWID,89782000.0,4944659.6
Nigeria,1973,Oil,Production,EI_CSV,2054.3,OWID,100900000.0,4911548.7
Nigeria,1974,Oil,Production,EI_CSV,2255.0,OWID,110000000.0,4877948.8
Nigeria,1975,Oil,Production,EI_CSV,1783.2,OWID,95816000.0,5373161.6
Nigeria,1976,Oil,Production,EI_CSV,2066.786,OWID,102302000.0,4949711.0
Nigeria,1977,Oil,Production,EI_CSV,2085.099,OWID,103381000.0,4957985.9
Nigeria,1978,Oil,Production,EI_CSV,1896.992,OWID,93424000.0,4924749.4
Nigeria,1979,Oil,Production,EI_CSV,2301.995,OWID,113694000.0,4938833.4
Nigeria,1980,Oil,Production,EI_CSV,2058.0,OWID,100286000.0,4872883.5
Nigeria,1981,Oil,Production,EI_CSV,1439.6,OWID,71073365.0,4936921.7
Nigeria,1982,Oil,Production,EI_CSV,1287.0,OWID,67350706.0,5233055.1
Nigeria,1983,Oil,Production,EI_CSV,1235.5,OWID,61000000.0,4937172.4
Nigeria,1984,Oil,Production,EI_CSV,1388.0,OWID,68600000.0,4942263.1
Nigeria,1985,Oil,Production,EI_CSV,1498.9,OWID,72900000.0,4863466.6
Nigeria,1986,Oil,Production,EI_CSV,1466.6,OWID,72200000.0,4922851.0
Nigeria,1987,Oil,Production,EI_CSV,1353.0,OWID,63670000.0,4705738.9
Nigeria,1988,Oil,Production,EI_CSV,1391.349,OWID,68530000.0,4925335.7
Nigeria,1989,Oil,Production,EI_CSV,1776.3,OWID,83129000.0,4679796.4
Nigeria,1990,Oil,Production,EI_CSV,1786.701,OWID,90736000.0,5078309.9
Nigeria,1991,Oil,Production,EI_CSV,1963.1,OWID,96455000.0,4913302.3
Nigeria,1992,Oil,Production,EI_CSV,2032.0,OWID,97437918.0,4795073.1
Nigeria,1993,Oil,Production,EI_CSV,2018.2,OWID,98276876.0,4869431.1
Nigeria,1994,Oil,Production,EI_CSV,1933.877,OWID,99972600.0,5169442.8
Nigeria,1995,Oil,Production,EI_CSV,1948.594,OWID,101671000.0,5217559.5
Nigeria,1996,Oil,Production,EI_CSV,1971.067,OWID,105400000.0,5347257.5
Nigeria,1997,Oil,Production,EI_CSV,1977.741,OWID,112700000.0,5698320.6
Nigeria,1998,Oil,Production,EI_CSV,2023.046,OWID,105900000.0,5234580.8
Nigeria,1999,Oil,Production,EI_CSV,1894.5,OWID,87877000.0,4638432.6
Nigeria,2000,Oil,Production,EI_CSV,2174.354451,OWID,101299000.0,4658708.0
Nigeria,2001,Oil,Production,EI_CSV,2157.497304,OWID,99523000.0,4612791.0
Nigeria,2002,Oil,Production,EI_CSV,1951.110822,OWID,88874000.0,4554946.2
Nigeria,2003,Oil,Production,EI_CSV,2298.784862,OWID,115135240.0,5008426.1
Nigeria,2004,Oil,Production,EI_CSV,2486.552464,OWID,124266540.0,4997443.5
Nigeria,2005,Oil,Production,EI_CSV,2481.986432,OWID,125347780.0,5050200.8
Nigeria,2006,Oil,Production,EI_CSV,2371.120578,OWID,120000000.0,5060798.3
Nigeria,2007,Oil,Production,EI_CSV,2205.199788,OWID,114100000.0,5174034.4
Nigeria,2008,Oil,Production,EI_CSV,2170.569213,OWID,105300000.0,4851162.0
Nigeria,2009,Oil,Production,EI_CSV,2209.128603,OWID,101500000.0,4594471.8
Nigeria,2010,Oil,Production,EI_CSV,2530.710701,OWID,117200000.0,4631010.1
Nigeria,2011,Oil,Production,EI_CSV,2458.828581,OWID,117400000.0,4774531.3
Nigeria,2012,Oil,Production,EI_CSV,2409.257522,OWID,114400000.0,4748250.8
Nigeria,2013,Oil,Production,EI_CSV,2275.525759,OWID,109200000.0,4798791.0
Nigeria,2014,Oil,Production,EI_CSV,2273.466271,OWID,109300000.0,4807536.8
Nigeria,2015,Oil,Production,EI_CSV,2198.929841,OWID,105700000.0,4806783.7
Nigeria,2016,Oil,Production,EI_CSV,1897.820235,OWID,91300000.0,4810682.3
Nigeria,2017,Oil,Production,EI_CSV,1966.458775,OWID,94400000.0,4800407.5
Nigeria,2018,Oil,Production,EI_CSV,2000.325178,OWID,96300000.0,4814117.3
Nigeria,2019,Oil,Production,EI_CSV,2093.437685,OWID,100900000.0,4819723.4
Nigeria,2020,Oil,Production,EI_CSV,1894.232307,OWID,91400000.0,4825073.7
Nigeria,2021,Oil,Production,EI_CSV,1678.232642,OWID,80700000.0,4808530.1
Nigeria,2022,Oil,Production,EI_CSV,1444.954257,OWID,69300000.0,4795899.6
Nigeria,2023,Oil,Production,EI_CSV,1539.901578,OWID,73900000.0,4798908.0
Norway,1972,Oil,Production,EI_CSV,33.0,OWID,1626000.0,4927172.7
Norway,1973,Oil,Production,EI_CSV,32.0,OWID,1584000.0,4949900.0
Norway,1974,Oil,Production,EI_CSV,35.0,OWID,1700000.0,4857042.9
Norway,1975,Oil,Production,EI_CSV,189.0,OWID,9241000.0,4889318.0
Norway,1976,Oil,Production,EI_CSV,279.0,OWID,13799000.0,4945778.1
Norway,1977,Oil,Production,EI_CSV,287.0,OWID,13554000.0,4722548.1
Norway,1978,Oil,Production,EI_CSV,356.0,OWID,16957000.0,4763102.2
Norway,1979,Oil,Production,EI_CSV,407.0,OWID,18819000.0,4623732.9
Norway,1980,Oil,Production,EI_CSV,528.0,OWID,24451000.0,4630771.2
Norway,1981,Oil,Production,EI_CSV,512.0,OWID,23450041.0,4579986.1
Norway,1982,Oil,Production,EI_CSV,532.0,OWID,24515371.0,4608052.4
Norway,1983,Oil,Production,EI_CSV,661.0,OWID,30482453.0,4611466.3
Norway,1984,Oil,Production,EI_CSV,752.0,OWID,34681721.0,4611831.0
Norway,1985,Oil,Production,EI_CSV,823.0,OWID,38342000.0,4658709.2
Norway,1986,Oil,Production,EI_CSV,907.0,OWID,42483000.0,4683803.0
Norway,1987,Oil,Production,EI_CSV,1054.0,OWID,49316000.0,4678837.4
Norway,1988,Oil,Production,EI_CSV,1196.0,OWID,56125000.0,4692625.8
Norway,1989,Oil,Production,EI_CSV,1567.0,OWID,74528000.0,4755994.4
Norway,1990,Oil,Production,EI_CSV,1716.0,OWID,81745000.0,4763594.6
Norway,1991,Oil,Production,EI_CSV,1955.0,OWID,94181000.0,4817342.5
Norway,1992,Oil,Production,EI_CSV,2217.0,OWID,106977000.0,4825204.5
Norway,1993,Oil,Production,EI_CSV,2377.0,OWID,114184000.0,4803602.1
Norway,1994,Oil,Production,EI_CSV,2693.0,OWID,129239000.0,4798971.7
Norway,1995,Natural Graphite,Production,EI_CSV,2.558000088,EI_Excel,2.558,0.0
Norway,1995,Oil,Production,EI_CSV,2903.0,OWID,139358000.0,4800382.3
Norway,1996,Natural Graphite,Production,EI_CSV,7.065000057,EI_Excel,7.065,0.0
Norway,1996,Oil,Production,EI_CSV,3232.0,OWID,156788000.0,4851013.9
Norway,1997,Natural Graphite,Production,EI_CSV,7.712999821,EI_Excel,7.712999999999999,0.0
Norway,1997,Oil,Production,EI_CSV,3280.0,OWID,156215000.0,4762552.4
Norway,1998,Natural Graphite,Production,EI_CSV,8.270999908,EI_Excel,8.270999999999999,0.0
Norway,1998,Oil,Production,EI_CSV,3138.0,OWID,150006000.0,4780205.9
Norway,1999,Natural Graphite,Production,EI_CSV,7.339000225,EI_Excel,7.339,0.0
Norway,1999,Oil,Production,EI_CSV,3139.0,OWID,149782000.0,4771547.0
Norway,2000,Natural Graphite,Production,EI_CSV,8.392000198,EI_Excel,8.392,0.0
Norway,2000,Oil,Production,EI_CSV,3246.18143,OWID,160804000.0,4953535.6
Norway,2001,Natural Graphite,Production,EI_CSV,9.069999695,EI_Excel,9.07,0.0
Norway,2001,Oil,Production,EI_CSV,3425.048235,OWID,162099000.0,4732650.9
Norway,2002,Natural Graphite,Production,EI_CSV,8.600000381,EI_Excel,8.6,0.0
Norway,2002,Oil,Production,EI_CSV,3342.865447,OWID,157847000.0,4721807.1
Norway,2003,Natural Graphite,Production,EI_CSV,1.0,EI_Excel,1.0,0.0
Norway,2003,Oil,Production,EI_CSV,3272.180588,OWID,153508000.0,4691205.9
Norway,2004,Natural Graphite,Production,EI_CSV,6.0,EI_Excel,6.0,0.0
Norway,2004,Oil,Production,EI_CSV,3205.075764,OWID,150974000.0,4710365.9
Norway,2005,Natural Graphite,Production,EI_CSV,9.0,EI_Excel,9.0,0.0
Norway,2005,Oil,Production,EI_CSV,2983.400437,OWID,139802000.0,4685895.2
Norway,2006,Natural Graphite,Production,EI_CSV,9.0,EI_Excel,9.0,0.0
Norway,2006,Oil,Production,EI_CSV,2790.461578,OWID,136695000.0,4898551.9
Norway,2007,Natural Graphite,Production,EI_CSV,3.0,EI_Excel,3.0,0.0
Norway,2007,Oil,Production,EI_CSV,2574.975298,OWID,125763000.0,4883946.9
Norway,2008,Natural Graphite,Production,EI_CSV,4.099999905,EI_Excel,4.1,0.0
Norway,2008,Oil,Production,EI_CSV,2496.125709,OWID,121611000.0,4871890.2
Norway,2009,Natural Graphite,Production,EI_CSV,4.561999798,EI_Excel,4.562,0.0
Norway,2009,Oil,Production,EI_CSV,2374.675844,OWID,115612000.0,4868438.2
Norway,2010,Natural Graphite,Production,EI_CSV,6.269999981,EI_Excel,6.27,0.0
Norway,2010,Oil,Production,EI_CSV,2158.650588,OWID,105146000.0,4870813.4
Norway,2011,Natural Graphite,Production,EI_CSV,7.789000034,EI_Excel,7.789,0.0
Norway,2011,Oil,Production,EI_CSV,2058.217165,OWID,100343000.0,4875138.7
Norway,2012,Natural Graphite,Production,EI_CSV,6.992000103,EI_Excel,6.992,0.0
Norway,2012,Oil,Production,EI_CSV,1930.282649,OWID,94497000.0,4895400.7
Norway,2013,Natural Graphite,Production,EI_CSV,6.206999779,EI_Excel,6.207,0.0
Norway,2013,Oil,Production,EI_CSV,1849.070842,OWID,90387000.0,4888138.9
Norway,2014,Natural Graphite,Production,EI_CSV,8.265999794,EI_Excel,8.265999999999998,0.0
Norway,2014,Oil,Production,EI_CSV,1894.447708,OWID,93294000.0,4924501.5
Norway,2015,Natural Graphite,Production,EI_CSV,9.18500042,EI_Excel,9.184999999999999,0.0
Norway,2015,Oil,Production,EI_CSV,1952.624994,OWID,95797000.0,4905962.4
Norway,2016,Natural Graphite,Production,EI_CSV,9.600000381,EI_Excel,9.6,0.0
Norway,2016,Oil,Production,EI_CSV,2003.976271,OWID,98466000.0,4913431.2
Norway,2017,Natural Graphite,Production,EI_CSV,9.600000381,EI_Excel,9.6,0.0
Norway,2017,Oil,Production,EI_CSV,1981.618299,OWID,96830000.0,4886310.3
Norway,2018,Natural Graphite,Production,EI_CSV,12.0,EI_Excel,12.0,0.0
Norway,2018,Oil,Production,EI_CSV,1862.639343,OWID,91080000.0,4889735.5
Norway,2019,Natural Graphite,Production,EI_CSV,9.779999733,EI_Excel,9.78,0.0
Norway,2019,Oil,Production,EI_CSV,1750.330412,OWID,85386000.0,4878178.9
Norway,2020,Cadmium,Production,OWID,400.0,OWID,400.0,0.0
Norway,2020,Natural Graphite,Production,EI_CSV,5.548999786,EI_Excel,5.549,0.0
Norway,2020,Natural Graphite,Production,EI_CSV,5.548999786,OWID,12000.0,216155.2
Norway,2020,Oil,Production,EI_CSV,2016.635443,OWID,98686000.0,4893496.4
Norway,2021,Cadmium,Production,OWID,350.0,OWID,350.0,0.0
Norway,2021,Natural Graphite,Production,EI_CSV,6.293000221,EI_Excel,6.293,0.0
Norway,2021,Natural Graphite,Production,EI_CSV,6.293000221,OWID,6290.0,99852.3
Norway,2021,Oil,Production,EI_CSV,2036.51687,OWID,99625000.0,4891831.0
Norway,2022,Cadmium,Production,OWID,420.0,OWID,420.0,0.0
Norway,2022,Natural Graphite,Production,EI_CSV,10.38000011,EI_Excel,10.38,0.0
Norway,2022,Natural Graphite,Production,EI_CSV,10.38000011,OWID,10380.0,99900.0
Norway,2022,Oil,Production,EI_CSV,1907.458621,OWID,93467000.0,4899980.1
Norway,2023,Cadmium,Production,OWID,420.0,OWID,420.0,0.0
Norway,2023,Natural Graphite,Production,EI_CSV,6.480000019,EI_Excel,6.4799999999999995,0.0
Norway,2023,Natural Graphite,Production,EI_CSV,6.480000019,OWID,6480.0,99900.0
Norway,2023,Oil,Production,EI_CSV,2024.095562,OWID,90808000.0,4486249.4
Norway,2024,Cadmium,Production,OWID,350.0,OWID,350.0,0.0
Norway,2024,Natural Graphite,Production,EI_CSV,7.0,EI_Excel,6.999999999999999,0.0
Norway,2024,Natural Graphite,Production,EI_CSV,7.0,EI_Excel,0.08024691358024683,98.9
Norway,2024,Natural Graphite,Production,EI_CSV,7.0,EI_Excel,0.004050171206522858,99.9
Norway,2024,Natural Graphite,Production,EI_CSV,7.0,OWID,7000.0,99900.0
Norway,2024,Natural Graphite,Reserves,EI_CSV,600.0,EI_Excel,600.0,0.0
Norway,2024,Natural Graphite,Reserves,EI_CSV,600.0,OWID,600000.0,99900.0
Oman,1970,Oil,Production,EI_CSV,332.0,OWID,16415000.0,4944177.1
Oman,1971,Oil,Production,EI_CSV,294.0,OWID,14164000.0,4817587.1
Oman,1972,Oil,Production,EI_CSV,282.0,OWID,14920000.0,5290680.1
Oman,1973,Oil,Production,EI_CSV,293.0,OWID,15530000.0,5300241.3
Oman,1974,Oil,Production,EI_CSV,290.0,OWID,15356000.0,5295072.4
Oman,1975,Oil,Production,EI_CSV,341.0,OWID,18085000.0,5303419.1
Oman,1976,Oil,Production,EI_CSV,367.0,OWID,18227000.0,4966385.0
Oman,1977,Oil,Production,EI_CSV,340.0,OWID,16793000.0,4939017.6
Oman,1978,Oil,Production,EI_CSV,314.0,OWID,15644000.0,4982065.6
Oman,1979,Oil,Production,EI_CSV,295.0,OWID,14689000.0,4979222.0
Oman,1980,Oil,Production,EI_CSV,285.0,OWID,14143000.0,4962356.1
Oman,1981,Oil,Production,EI_CSV,330.0,OWID,16339330.0,4951212.1
Oman,1982,Oil,Production,EI_CSV,338.0,OWID,16720854.0,4946898.2
Oman,1983,Oil,Production,EI_CSV,391.0,OWID,19357733.0,4950726.9
Oman,1984,Oil,Production,EI_CSV,419.0,OWID,20785638.0,4960672.8
Oman,1985,Oil,Production,EI_CSV,502.0,OWID,24802837.0,4940704.2
Oman,1986,Oil,Production,EI_CSV,564.0,OWID,27864000.0,4940325.5
Oman,1987,Oil,Production,EI_CSV,588.0,OWID,28982542.0,4928903.7
Oman,1988,Oil,Production,EI_CSV,625.0,OWID,30960175.0,4953528.0
Oman,1989,Oil,Production,EI_CSV,651.0,OWID,31914894.0,4902341.5
Oman,1990,Oil,Production,EI_CSV,695.0,OWID,34097108.0,4905958.7
Oman,1991,Oil,Production,EI_CSV,716.0,OWID,35324604.0,4933503.9
Oman,1992,Oil,Production,EI_CSV,748.0,OWID,36961266.0,4941245.7
Oman,1993,Oil,Production,EI_CSV,785.0,OWID,38571000.0,4913403.2
Oman,1994,Oil,Production,EI_CSV,819.0,OWID,40521000.0,4947519.0
Oman,1995,Oil,Production,EI_CSV,868.0,OWID,42400000.0,4884692.6
Oman,1996,Oil,Production,EI_CSV,897.0,OWID,44100000.0,4916288.0
Oman,1997,Oil,Production,EI_CSV,909.0,OWID,45100000.0,4961396.1
Oman,1998,Oil,Production,EI_CSV,905.0,OWID,44748000.0,4944430.4
Oman,1999,Oil,Production,EI_CSV,904.6887671,OWID,45049000.0,4979402.5
Oman,2000,Oil,Production,EI_CSV,954.7969945,OWID,47675000.0,4993108.0
Oman,2001,Oil,Production,EI_CSV,955.7775342,OWID,47600000.0,4980138.4
Oman,2002,Oil,Production,EI_CSV,897.3775342,OWID,44700000.0,4981081.1
Oman,2003,Oil,Production,EI_CSV,819.5090411,OWID,40800000.0,4978490.6
Oman,2004,Oil,Production,EI_CSV,779.7396175,OWID,38900000.0,4988744.9
Oman,2005,Oil,Production,EI_CSV,774.2890411,OWID,38600000.0,4985118.4
Oman,2006,Oil,Production,EI_CSV,737.650137,OWID,36750000.0,4981936.6
Oman,2007,Oil,Production,EI_CSV,710.3931507,OWID,35350000.0,4976017.8
Oman,2008,Oil,Production,EI_CSV,756.75,OWID,37700000.0,4981730.2
Oman,2009,Oil,Production,EI_CSV,812.520274,OWID,40500000.0,4984391.0
Oman,2010,Oil,Production,EI_CSV,864.5882192,OWID,43100000.0,4984932.1
Oman,2011,Oil,Production,EI_CSV,884.920274,OWID,44100000.0,4983399.8
Oman,2012,Oil,Production,EI_CSV,918.4718579,OWID,45803815.0,4986859.0
Oman,2013,Oil,Production,EI_CSV,941.9493151,OWID,46902251.0,4979175.5
Oman,2014,Oil,Production,EI_CSV,943.4789041,OWID,46981924.0,4979547.5
Oman,2015,Oil,Production,EI_CSV,981.089863,OWID,48854229.0,4979487.6
Oman,2016,Oil,Production,EI_CSV,1004.262568,OWID,49816773.0,4960432.7
Oman,2017,Oil,Production,EI_CSV,970.569589,OWID,48331377.0,4979592.1
Oman,2018,Oil,Production,EI_CSV,978.3873973,OWID,48719782.0,4979500.3
Oman,2019,Oil,Production,EI_CSV,970.9386301,OWID,48346316.0,4979238.0
Oman,2020,Oil,Production,EI_CSV,950.6795082,OWID,47340450.0,4979543.5
Oman,2021,Oil,Production,EI_CSV,971.2276712,OWID,48361255.0,4979294.3
Oman,2022,Oil,Production,EI_CSV,1064.204932,OWID,52992224.0,4979413.1
Oman,2023,Oil,Production,EI_CSV,1048.685479,OWID,52220396.0,4979505.1
Other,2020,Cadmium,Production,OWID,520.0,OWID,520.0,0.0
Other,2022,Gold,Reserves,OWID,9200.0,OWID,9200.0,0.0
Other,2022,Silver,Reserves,OWID,57000.0,OWID,57000.0,0.0
Other,2023,Gold,Reserves,OWID,9200.0,OWID,9200.0,0.0
Other,2023,Silver,Reserves,OWID,57000.0,OWID,57000.0,0.0
Other,2024,Gold,Reserves,OWID,9200.0,OWID,9200.0,0.0
Other,2024,Silver,Reserves,OWID,57000.0,OWID,57000.0,0.0
Pakistan,1981,Coal,Production,EI_CSV,1.56,OWID,1562008.0,100128617.9
Pakistan,1982,Coal,Production,EI_CSV,1.77,OWID,1809626.0,102238657.1
Pakistan,1983,Coal,Production,EI_CSV,1.82,OWID,1747000.0,95988911.0
Pakistan,1984,Coal,Production,EI_CSV,2.31,OWID,2134916.0,92420506.1
Pakistan,1985,Coal,Production,EI_CSV,2.19,OWID,2197853.0,100358484.5
Pakistan,1986,Coal,Production,EI_CSV,2.05,OWID,2047142.0,99860485.4
Pakistan,1987,Coal,Production,EI_CSV,2.41,OWID,2418875.0,100368157.3
Pakistan,1988,Coal,Production,EI_CSV,2.7,OWID,2696000.0,99851751.9
Pakistan,1989,Coal,Production,EI_CSV,2.72,OWID,2642489.0,97150230.9
Pakistan,1990,Coal,Production,EI_CSV,2.82,OWID,2733345.0,96927027.7
Pakistan,1991,Coal,Production,EI_CSV,2.83,OWID,3039967.0,107419228.6
Pakistan,1992,Coal,Production,EI_CSV,2.98,OWID,2954000.0,99127416.8
Pakistan,1993,Coal,Production,EI_CSV,3.15,OWID,2907700.0,92307836.5
Pakistan,1994,Coal,Production,EI_CSV,3.02,OWID,3195001.0,105794635.1
Pakistan,1995,Coal,Production,EI_CSV,3.17,OWID,2894056.0,91295042.0
Pakistan,1996,Coal,Production,EI_CSV,3.46,OWID,3253903.0,94043339.3
Pakistan,1998,Coal,Production,EI_CSV,3.32,OWID,3164226.0,95307912.0
Pakistan,1999,Coal,Production,EI_CSV,3.31,OWID,3246270.0,98074522.4
Pakistan,2000,Coal,Production,EI_CSV,3.23,OWID,3372871.0,104423150.8
Pakistan,2001,Coal,Production,EI_CSV,3.26,OWID,3309244.0,101510452.1
Pakistan,2002,Coal,Production,EI_CSV,3.49,OWID,3314712.0,94977321.2
Pakistan,2003,Coal,Production,EI_CSV,3.339,OWID,3609338.0,108096276.2
Pakistan,2004,Coal,Production,EI_CSV,3.394,OWID,3325408.0,97978921.8
Pakistan,2005,Coal,Production,EI_CSV,3.487,OWID,3367021.0,96559148.6
Pakistan,2006,Coal,Production,EI_CSV,4.0055,OWID,3880604.0,96881787.4
Pakistan,2007,Coal,Production,EI_CSV,3.6935,OWID,3702162.0,100234420.1
Pakistan,2008,Coal,Production,EI_CSV,3.9775,OWID,4066409.0,102235198.6
Pakistan,2009,Coal,Production,EI_CSV,3.5095,OWID,3679185.0,104834919.2
Pakistan,2010,Coal,Production,EI_CSV,3.367,OWID,3535828.0,105014096.6
Pakistan,2011,Coal,Production,EI_CSV,3.227,OWID,3291617.0,102002286.1
Pakistan,2012,Coal,Production,EI_CSV,3.04,OWID,3178986.0,104571807.9
Pakistan,2013,Coal,Production,EI_CSV,2.9865,OWID,2813079.0,94193069.3
Pakistan,2014,Coal,Production,EI_CSV,3.3825,OWID,3340192.0,98749109.2
Pakistan,2015,Coal,Production,EI_CSV,3.325,OWID,3407659.0,102485885.0
Pakistan,2016,Coal,Production,EI_CSV,4.099,OWID,3749312.0,91468843.6
Pakistan,2017,Coal,Production,EI_CSV,4.171,OWID,3953992.0,94797118.9
Pakistan,2018,Coal,Production,EI_CSV,4.3849735,OWID,4470000.0,101938942.5
Pakistan,2019,Coal,Production,EI_CSV,7.0525085,OWID,5406878.0,76665926.0
Pakistan,2020,Coal,Production,EI_CSV,9.5916065,OWID,8599166.0,89652931.5
Pakistan,2021,Coal,Production,EI_CSV,9.728658,OWID,9229377.0,94867835.5
Pakistan,2022,Coal,Production,EI_CSV,12.3026303,OWID,7956437.0,64672549.7
Pakistan,2023,Coal,Production,EI_CSV,17.39075519,OWID,15069760.0,86653756.2
Papua New Guinea,2008,Cobalt,Production,EI_CSV,0.0,EI_Excel,0.0,inf
Papua New Guinea,2009,Cobalt,Production,EI_CSV,0.0,EI_Excel,0.0,inf
Papua New Guinea,2010,Cobalt,Production,EI_CSV,0.0,EI_Excel,0.0,inf
Papua New Guinea,2012,Cobalt,Production,EI_CSV,0.469000012,EI_Excel,0.469,0.0
Papua New Guinea,2013,Cobalt,Production,EI_CSV,1.013000011,EI_Excel,1.013,0.0
Papua New Guinea,2014,Cobalt,Production,EI_CSV,2.134000063,EI_Excel,2.134,0.0
Papua New Guinea,2015,Cobalt,Production,EI_CSV,2.505000114,EI_Excel,2.505,0.0
Papua New Guinea,2016,Cobalt,Production,EI_CSV,2.190000057,EI_Excel,2.19,0.0
Papua New Guinea,2017,Cobalt,Production,EI_CSV,3.309999943,EI_Excel,3.31,0.0
Papua New Guinea,2018,Cobalt,Production,EI_CSV,3.279999971,EI_Excel,3.28,0.0
Papua New Guinea,2019,Cobalt,Production,EI_CSV,2.910000086,EI_Excel,2.9099999999999997,0.0
Papua New Guinea,2020,Cobalt,Production,EI_CSV,2.940000057,EI_Excel,2.94,0.0
Papua New Guinea,2020,Cobalt,Production,EI_CSV,2.940000057,OWID,2940.0,99900.0
Papua New Guinea,2021,Cobalt,Production,EI_CSV,2.953000069,EI_Excel,2.953,0.0
Papua New Guinea,2021,Cobalt,Production,EI_CSV,2.953000069,OWID,2953.0,99900.0
Papua New Guinea,2022,Cobalt,Production,EI_CSV,2.99000001,EI_Excel,2.99,0.0
Papua New Guinea,2022,Cobalt,Production,EI_CSV,2.99000001,OWID,2990.0,99900.0
Papua New Guinea,2022,Gold,Reserves,OWID,1100.0,OWID,1100.0,0.0
Papua New Guinea,2023,Cobalt,Production,EI_CSV,3.069999933,EI_Excel,3.07,0.0
Papua New Guinea,2023,Cobalt,Production,EI_CSV,3.069999933,OWID,3070.0,99900.0
Papua New Guinea,2024,Cobalt,Production,EI_CSV,2.799999952,EI_Excel,2.8,0.0
Papua New Guinea,2024,Cobalt,Production,EI_CSV,2.799999952,EI_Excel,-0.08794788273615639,103.1
Papua New Guinea,2024,Cobalt,Production,EI_CSV,2.799999952,EI_Excel,0.01033912479659651,99.6
Papua New Guinea,2024,Cobalt,Production,EI_CSV,2.799999952,OWID,2800.0,99900.0
Papua New Guinea,2024,Cobalt,Reserves,EI_CSV,62.0,EI_Excel,62.0,0.0
Papua New Guinea,2024,Cobalt,Reserves,EI_CSV,62.0,OWID,62000.0,99900.0
Peru,1970,Oil,Production,EI_CSV,74.97260274,OWID,3813000.0,5085757.8
Peru,1971,Oil,Production,EI_CSV,63.88219178,OWID,3278000.0,5131220.5
Peru,1972,Oil,Production,EI_CSV,66.6010929,OWID,3432000.0,5152968.6
Peru,1973,Oil,Production,EI_CSV,72.59178082,OWID,3740000.0,5151998.4
Peru,1974,Oil,Production,EI_CSV,79.09863014,OWID,4074000.0,5150431.7
Peru,1975,Oil,Production,EI_CSV,73.03561644,OWID,3829000.0,5242547.6
Peru,1976,Oil,Production,EI_CSV,77.40710383,OWID,3716000.0,4800493.0
Peru,1977,Oil,Production,EI_CSV,92.15342466,OWID,4486000.0,4867868.8
Peru,1978,Oil,Production,EI_CSV,151.8794521,OWID,7422000.0,4886670.3
Peru,1979,Oil,Production,EI_CSV,192.6501041,OWID,9430000.0,4894784.5
Peru,1980,Oil,Production,EI_CSV,195.9608197,OWID,9619000.0,4908534.3
Peru,1981,Oil,Production,EI_CSV,193.9621781,OWID,9495000.0,4895184.3
Peru,1982,Oil,Production,EI_CSV,196.0598959,OWID,9612000.0,4902483.4
Peru,1983,Oil,Production,EI_CSV,171.1077014,OWID,8432000.0,4927790.4
Peru,1984,Oil,Production,EI_CSV,185.0816913,OWID,9096000.0,4914486.6
Peru,1985,Oil,Production,EI_CSV,189.4595863,OWID,9286924.0,4901696.8
Peru,1986,Oil,Production,EI_CSV,178.5351151,OWID,8748524.0,4900069.9
Peru,1987,Oil,Production,EI_CSV,164.6442493,OWID,8064014.0,4897741.3
Peru,1988,Oil,Production,EI_CSV,142.3027213,OWID,6982151.0,4906447.8
Peru,1989,Oil,Production,EI_CSV,131.4013699,OWID,6425929.0,4890205.9
Peru,1990,Oil,Production,EI_CSV,129.9032877,OWID,6352058.0,4889736.2
Peru,1991,Oil,Production,EI_CSV,115.789863,OWID,5656596.0,4885125.6
Peru,1992,Oil,Production,EI_CSV,116.5674863,OWID,5710510.0,4898787.5
Peru,1993,Oil,Production,EI_CSV,127.2791781,OWID,6222761.0,4888964.4
Peru,1994,Oil,Production,EI_CSV,128.3084932,OWID,6273505.0,4889291.8
Peru,1995,Oil,Production,EI_CSV,122.7619178,OWID,6000172.0,4887549.3
Peru,1996,Oil,Production,EI_CSV,120.9704918,OWID,5928066.0,4900323.2
Peru,1997,Oil,Production,EI_CSV,120.2386603,OWID,5826583.0,4845748.2
Peru,1998,Oil,Production,EI_CSV,116.4717205,OWID,5696200.0,4890529.2
Peru,1999,Oil,Production,EI_CSV,106.849674,OWID,5219862.0,4885139.1
Peru,2000,Oil,Production,EI_CSV,99.86122951,OWID,4902588.0,4909300.8
Peru,2001,Oil,Production,EI_CSV,97.78502192,OWID,4784726.0,4893007.3
Peru,2002,Oil,Production,EI_CSV,94.46694795,OWID,4773299.0,5052777.3
Peru,2003,Oil,Production,EI_CSV,91.90415342,OWID,4501500.0,4897937.6
Peru,2004,Oil,Production,EI_CSV,93.32521585,OWID,4637000.0,4968546.4
Peru,2005,Oil,Production,EI_CSV,112.4360301,OWID,5484000.0,4877340.1
Peru,2006,Oil,Production,EI_CSV,117.683263,OWID,5696000.0,4840010.5
Peru,2007,Oil,Production,EI_CSV,116.5392795,OWID,5617000.0,4819734.2
Peru,2008,Oil,Production,EI_CSV,122.1250847,OWID,5921000.0,4848207.8
Peru,2009,Oil,Production,EI_CSV,155.4478411,OWID,7175000.0,4615596.1
Peru,2010,Oil,Production,EI_CSV,165.2114,OWID,7753000.0,4692675.4
Peru,2011,Oil,Production,EI_CSV,158.5065863,OWID,7533000.0,4752383.9
Peru,2012,Oil,Production,EI_CSV,157.2329945,OWID,7494774.0,4766567.5
Peru,2013,Oil,Production,EI_CSV,171.3228164,OWID,8278655.0,4832096.4
Peru,2013,Zinc,Production,EI_Excel,1350.0,OWID,1351273.0,99994.3
Peru,2014,Copper,Production,EI_Excel,1400.0,OWID,1377642.0,98303.0
Peru,2014,Oil,Production,EI_CSV,175.2254658,OWID,8525044.0,4865085.5
Peru,2014,Zinc,Production,EI_Excel,1320.0,OWID,1315000.0,99521.2
Peru,2015,Copper,Production,EI_Excel,1700.0,OWID,1700817.0,99948.1
Peru,2015,Oil,Production,EI_CSV,152.9523096,OWID,7342379.0,4800336.8
Peru,2015,Zinc,Production,EI_Excel,1420.0,OWID,1421218.0,99985.8
Peru,2016,Copper,Production,EI_Excel,2300.0,OWID,2353859.0,102241.7
Peru,2016,Oil,Production,EI_CSV,140.7022432,OWID,6657419.0,4731465.6
Peru,2016,Zinc,Production,EI_Excel,1330.0,OWID,1337081.0,100432.4
Peru,2017,Copper,Production,EI_Excel,2450.0,OWID,2445585.0,99719.8
Peru,2017,Oil,Production,EI_CSV,136.388859,OWID,6620481.0,4854021.6
Peru,2017,Zinc,Production,EI_Excel,1470.0,OWID,1473073.0,100109.0
Peru,2018,Copper,Production,EI_Excel,2400.0,OWID,2437035.0,101443.1
Peru,2018,Oil,Production,EI_CSV,138.6464947,OWID,6635696.0,4785953.9
Peru,2018,Zinc,Production,EI_Excel,1470.0,OWID,1474383.0,100198.2
Peru,2019,Copper,Production,EI_Excel,2460.0,OWID,2437925.0,99002.6
Peru,2019,Oil,Production,EI_CSV,143.981685,OWID,6898900.0,4791412.2
Peru,2019,Zinc,Production,EI_Excel,1400.0,OWID,1382753.0,98668.1
Peru,2020,Cadmium,Production,OWID,700.0,OWID,700.0,0.0
Peru,2020,Copper,Production,EI_Excel,2150.0,OWID,2150000.0,99900.0
Peru,2020,Oil,Production,EI_CSV,131.4978516,OWID,6159700.0,4684159.0
Peru,2020,Zinc,Production,EI_Excel,1330.0,OWID,1330000.0,99900.0
Peru,2021,Cadmium,Production,OWID,600.0,OWID,600.0,0.0
Peru,2021,Copper,Production,EI_Excel,2200.0,OWID,2300000.0,104445.5
Peru,2021,Oil,Production,EI_CSV,127.7651507,OWID,5889000.0,4609138.1
Peru,2021,Zinc,Production,EI_Excel,1530.0,OWID,1530000.0,99900.0
Peru,2022,Cadmium,Production,OWID,460.0,OWID,460.0,0.0
Peru,2022,Copper,Production,EI_Excel,2450.0,OWID,2450000.0,99900.0
Peru,2022,Gold,Reserves,OWID,2900.0,OWID,2900.0,0.0
Peru,2022,Oil,Production,EI_CSV,128.4636646,OWID,5775500.0,4495723.8
Peru,2022,Silver,Reserves,OWID,98000.0,OWID,98000.0,0.0
Peru,2022,Zinc,Production,EI_Excel,1370.0,OWID,1370000.0,99900.0
Peru,2023,Cadmium,Production,OWID,494.0,OWID,494.0,0.0
Peru,2023,Copper,Production,EI_Excel,2760.0,OWID,2760000.0,99900.0
Peru,2023,Gold,Reserves,OWID,2300.0,OWID,2300.0,0.0
Peru,2023,Oil,Production,EI_CSV,123.4672515,OWID,5672209.0,4594000.0
Peru,2023,Silver,Reserves,OWID,110000.0,OWID,110000.0,0.0
Peru,2023,Zinc,Production,EI_Excel,1470.0,OWID,1470000.0,99900.0
Peru,2024,Cadmium,Production,OWID,620.0,OWID,620.0,0.0
Peru,2024,Copper,Production,EI_Excel,2600.0,EI_Excel,-0.05797101449275366,100.0
Peru,2024,Copper,Production,EI_Excel,2600.0,EI_Excel,0.11499336576735958,100.0
Peru,2024,Copper,Production,EI_Excel,2600.0,OWID,2600000.0,99900.0
Peru,2024,Copper,Reserves,EI_Excel,100000.0,OWID,100000000.0,99900.0
Peru,2024,Gold,Reserves,OWID,2500.0,OWID,2500.0,0.0
Peru,2024,Silver,Reserves,OWID,140000.0,OWID,140000.0,0.0
Peru,2024,Zinc,Production,EI_Excel,1300.0,EI_Excel,-0.11564625850340138,100.0
Peru,2024,Zinc,Production,EI_Excel,1300.0,EI_Excel,0.10869565217391304,100.0
Peru,2024,Zinc,Production,EI_Excel,1300.0,OWID,1300000.0,99900.0
Peru,2024,Zinc,Reserves,EI_Excel,20000.0,OWID,20000000.0,99900.0
Philippines,2003,Cobalt,Production,EI_CSV,0.100000001,EI_Excel,0.09999999999999999,0.0
Philippines,2004,Cobalt,Production,EI_CSV,0.100000001,EI_Excel,0.09999999999999999,0.0
Philippines,2005,Cobalt,Production,EI_CSV,0.300000012,EI_Excel,0.3,0.0
Philippines,2006,Cobalt,Production,EI_CSV,0.899999976,EI_Excel,0.9,0.0
Philippines,2007,Cobalt,Production,EI_CSV,1.0,EI_Excel,1.0,0.0
Philippines,2008,Cobalt,Production,EI_CSV,1.200000048,EI_Excel,1.2,0.0
Philippines,2009,Cobalt,Production,EI_CSV,1.399999976,EI_Excel,1.4,0.0
Philippines,2010,Cobalt,Production,EI_CSV,2.099999905,EI_Excel,2.1,0.0
Philippines,2011,Cobalt,Production,EI_CSV,2.0,EI_Excel,2.0,0.0
Philippines,2012,Cobalt,Production,EI_CSV,2.700000048,EI_Excel,2.6999999999999997,0.0
Philippines,2013,Cobalt,Production,EI_CSV,2.799999952,EI_Excel,2.8,0.0
Philippines,2014,Cobalt,Production,EI_CSV,4.599999905,EI_Excel,4.6,0.0
Philippines,2015,Cobalt,Production,EI_CSV,4.300000191,EI_Excel,4.3,0.0
Philippines,2016,Cobalt,Production,EI_CSV,4.0,EI_Excel,4.0,0.0
Philippines,2017,Cobalt,Production,EI_CSV,4.599999905,EI_Excel,4.6,0.0
Philippines,2018,Cobalt,Production,EI_CSV,4.75,EI_Excel,4.75,0.0
Philippines,2019,Cobalt,Production,EI_CSV,5.099999905,EI_Excel,5.1,0.0
Philippines,2020,Cobalt,Production,EI_CSV,4.922504425,EI_Excel,4.922504334902155,0.0
Philippines,2020,Cobalt,Production,EI_CSV,4.922504425,OWID,4500.0,91316.9
Philippines,2020,Nickel,Production,EI_Excel,370.0,OWID,334000.0,90170.3
Philippines,2021,Cobalt,Production,EI_CSV,4.329722881,EI_Excel,4.329722791451799,0.0
Philippines,2021,Cobalt,Production,EI_CSV,4.329722881,OWID,3600.0,83046.2
Philippines,2021,Nickel,Production,EI_Excel,387.0,OWID,387000.0,99900.0
Philippines,2022,Cobalt,Production,EI_CSV,4.650776863,EI_Excel,4.650776904542077,0.0
Philippines,2022,Cobalt,Production,EI_CSV,4.650776863,OWID,3900.0,83757.0
Philippines,2022,Nickel,Production,EI_Excel,345.0,OWID,345000.0,99900.0
Philippines,2023,Cobalt,Production,EI_CSV,4.473510742,EI_Excel,4.47351093296102,0.0
Philippines,2023,Cobalt,Production,EI_CSV,4.473510742,OWID,3800.0,84844.5
Philippines,2023,Nickel,Production,EI_Excel,413.0,OWID,413000.0,99900.0
Philippines,2024,Cobalt,Production,EI_CSV,4.123060226,EI_Excel,4.123060000000001,0.0
Philippines,2024,Cobalt,Production,EI_CSV,4.123060226,EI_Excel,-0.0783391251776947,101.9
Philippines,2024,Cobalt,Production,EI_CSV,4.123060226,EI_Excel,0.015224582815662578,99.6
Philippines,2024,Cobalt,Production,EI_CSV,4.123060226,OWID,3800.0,92064.6
Philippines,2024,Cobalt,Reserves,EI_CSV,260.0,EI_Excel,260.0,0.0
Philippines,2024,Cobalt,Reserves,EI_CSV,260.0,OWID,260000.0,99900.0
Philippines,2024,Nickel,Production,EI_Excel,330.0,EI_Excel,-0.2009685230024213,100.1
Philippines,2024,Nickel,Production,EI_Excel,330.0,EI_Excel,0.08632181190006341,100.0
Philippines,2024,Nickel,Production,EI_Excel,330.0,OWID,330000.0,99900.0
Philippines,2024,Nickel,Reserves,EI_Excel,4800.0,OWID,4800000.0,99900.0
Poland,1981,Coal,Production,EI_CSV,198.64,OWID,198638000.0,99998893.2
Poland,1982,Coal,Production,EI_CSV,226.96,OWID,226963000.0,100001221.8
Poland,1983,Coal,Production,EI_CSV,233.62,OWID,233624000.0,100001612.2
Poland,1984,Coal,Production,EI_CSV,241.97,OWID,241970000.0,99999900.0
Poland,1985,Coal,Production,EI_CSV,249.39,OWID,249388000.0,99999098.0
Poland,1986,Coal,Production,EI_CSV,259.34,OWID,259339000.0,99999514.4
Poland,1987,Coal,Production,EI_CSV,266.21,OWID,266206000.0,99998397.4
Poland,1988,Coal,Production,EI_CSV,266.51,OWID,266504000.0,99997648.7
Poland,1989,Coal,Production,EI_CSV,249.45,OWID,249448000.0,99999098.2
Poland,1990,Coal,Production,EI_CSV,215.32,OWID,215256000.0,99970176.8
Poland,1991,Coal,Production,EI_CSV,209.79,OWID,209675000.0,99945083.3
Poland,1992,Coal,Production,EI_CSV,198.38,OWID,198382700.0,100001261.0
Poland,1993,Coal,Production,EI_CSV,198.58,OWID,198584100.0,100001964.7
Poland,1994,Coal,Production,EI_CSV,200.7,OWID,200703300.0,100001544.2
Poland,1995,Coal,Production,EI_CSV,200.72,OWID,200713100.0,99996462.4
Poland,1996,Coal,Production,EI_CSV,201.72,OWID,201832400.0,100055620.8
Poland,1997,Coal,Production,EI_CSV,200.93,OWID,200962437.0,100016043.4
Poland,1998,Coal,Production,EI_CSV,178.55,OWID,178546314.0,99997835.6
Poland,1999,Coal,Production,EI_CSV,172.73,OWID,172732843.0,100001545.9
Poland,2000,Coal,Production,EI_CSV,162.82,OWID,163123042.0,100186020.9
Poland,2001,Coal,Production,EI_CSV,163.54,OWID,163549100.0,100005464.4
Poland,2002,Coal,Production,EI_CSV,161.92,OWID,161755600.0,99898368.4
Poland,2003,Coal,Production,EI_CSV,163.79,OWID,163935500.0,100088733.3
Poland,2004,Coal,Production,EI_CSV,161.284,OWID,161284600.0,100000272.0
Poland,2005,Coal,Production,EI_CSV,159.54,OWID,159540175.0,100000009.7
Poland,2006,Coal,Production,EI_CSV,156.065,OWID,156066790.0,100001047.0
Poland,2007,Coal,Production,EI_CSV,145.85,OWID,145851096.0,100000651.5
Poland,2008,Coal,Production,EI_CSV,144.013,OWID,144013609.0,100000322.9
Poland,2009,Coal,Production,EI_CSV,135.172,OWID,135172766.0,100000466.7
Poland,2010,Coal,Production,EI_CSV,133.238,OWID,133237927.0,99999845.2
Poland,2011,Coal,Production,EI_CSV,139.289,OWID,139288873.0,99999808.8
Poland,2012,Coal,Production,EI_CSV,144.093,OWID,144152676.0,100041314.9
Poland,2013,Coal,Production,EI_CSV,142.906,OWID,143195000.0,100202130.8
Poland,2014,Coal,Production,EI_CSV,137.148,OWID,137273000.0,100091042.4
Poland,2015,Coal,Production,EI_CSV,135.814,OWID,135821000.0,100005054.1
Poland,2016,Coal,Production,EI_CSV,131.029,OWID,131057000.0,100021269.3
Poland,2017,Coal,Production,EI_CSV,127.076,OWID,129035000.0,101541497.2
Poland,2018,Coal,Production,EI_CSV,122.427868,OWID,124958000.0,102066530.8
Poland,2019,Coal,Production,EI_CSV,112.40916,OWID,114957000.0,102266476.9
Poland,2020,Coal,Production,EI_CSV,100.697281,OWID,102041000.0,101334314.4
Poland,2021,Cadmium,Production,OWID,500.0,OWID,500.0,0.0
Poland,2021,Coal,Production,EI_CSV,107.640383,OWID,110211000.0,102388053.0
Poland,2022,Cadmium,Production,OWID,250.0,OWID,250.0,0.0
Poland,2022,Coal,Production,EI_CSV,107.766615,OWID,110824210.0,102837137.7
Poland,2022,Silver,Reserves,OWID,65000.0,OWID,65000.0,0.0
Poland,2023,Cadmium,Production,OWID,250.0,OWID,250.0,0.0
Poland,2023,Coal,Production,EI_CSV,88.700399,OWID,94531000.0,106573265.0
Poland,2023,Silver,Reserves,OWID,63000.0,OWID,63000.0,0.0
Poland,2024,Cadmium,Production,OWID,250.0,OWID,250.0,0.0
Poland,2024,Silver,Reserves,OWID,61000.0,OWID,61000.0,0.0
Portugal,1995,Lithium,Production,EI_CSV,0.159999996,EI_Excel,0.15999999999999998,0.0
Portugal,1996,Lithium,Production,EI_CSV,0.159999996,EI_Excel,0.15999999999999998,0.0
Portugal,1997,Lithium,Production,EI_CSV,0.180000007,EI_Excel,0.18,0.0
Portugal,1998,Lithium,Production,EI_CSV,0.159999996,EI_Excel,0.15999999999999998,0.0
Portugal,1999,Lithium,Production,EI_CSV,0.222929999,EI_Excel,0.22293,0.0
Portugal,2000,Lithium,Production,EI_CSV,0.140279993,EI_Excel,0.14028000000000002,0.0
Portugal,2001,Lithium,Production,EI_CSV,0.173565,EI_Excel,0.17356499999999997,0.0
Portugal,2002,Lithium,Production,EI_CSV,0.244874999,EI_Excel,0.24487499999999998,0.0
Portugal,2003,Lithium,Production,EI_CSV,0.369089991,EI_Excel,0.36909,0.0
Portugal,2004,Lithium,Production,EI_CSV,0.430440009,EI_Excel,0.43044,0.0
Portugal,2005,Lithium,Production,EI_CSV,0.392774999,EI_Excel,0.39277499999999993,0.0
Portugal,2006,Lithium,Production,EI_CSV,0.427459329,EI_Excel,0.42745932,0.0
Portugal,2007,Lithium,Production,EI_CSV,0.521320045,EI_Excel,0.5213200499999999,0.0
Portugal,2008,Lithium,Production,EI_CSV,0.523316562,EI_Excel,0.5233165499999999,0.0
Portugal,2009,Lithium,Production,EI_CSV,0.560383976,EI_Excel,0.56038395,0.0
Portugal,2010,Lithium,Production,EI_CSV,0.601634979,EI_Excel,0.601635,0.0
Portugal,2011,Lithium,Production,EI_CSV,0.563011825,EI_Excel,0.5630118,0.0
Portugal,2012,Lithium,Production,EI_CSV,0.310470015,EI_Excel,0.31046999999999997,0.0
Portugal,2013,Lithium,Production,EI_CSV,0.2991018,EI_Excel,0.2991018,0.0
Portugal,2014,Lithium,Production,EI_CSV,0.261884987,EI_Excel,0.261885,0.0
Portugal,2015,Lithium,Production,EI_CSV,0.256799281,EI_Excel,0.25679928,0.0
Portugal,2016,Lithium,Production,EI_CSV,0.386370003,EI_Excel,0.38637,0.0
Portugal,2017,Lithium,Production,EI_CSV,0.761149228,EI_Excel,0.7611491999999999,0.0
Portugal,2018,Lithium,Production,EI_CSV,1.152273774,EI_Excel,1.15227375,0.0
Portugal,2019,Lithium,Production,EI_CSV,0.898678064,EI_Excel,0.89867805,0.0
Portugal,2020,Lithium,Production,EI_CSV,0.347775012,EI_Excel,0.347775,0.0
Portugal,2020,Lithium,Production,EI_CSV,0.347775012,OWID,348.0,99964.7
Portugal,2021,Lithium,Production,EI_CSV,0.899999976,EI_Excel,0.9,0.0
Portugal,2021,Lithium,Production,EI_CSV,0.899999976,OWID,900.0,99900.0
Portugal,2022,Lithium,Production,EI_CSV,0.379999995,EI_Excel,0.37999999999999995,0.0
Portugal,2022,Lithium,Production,EI_CSV,0.379999995,OWID,380.0,99900.0
Portugal,2023,Lithium,Production,EI_CSV,0.379999995,EI_Excel,0.37999999999999995,0.0
Portugal,2023,Lithium,Production,EI_CSV,0.379999995,OWID,380.0,99900.0
Portugal,2024,Lithium,Production,EI_CSV,0.379999995,EI_Excel,0.37999999999999995,0.0
Portugal,2024,Lithium,Production,EI_CSV,0.379999995,EI_Excel,0.0,100.0
Portugal,2024,Lithium,Production,EI_CSV,0.379999995,EI_Excel,0.0015533231261468602,99.6
Portugal,2024,Lithium,Production,EI_CSV,0.379999995,OWID,380.0,99900.0
Portugal,2024,Lithium,Reserves,EI_CSV,60.0,EI_Excel,60.0,0.0
Portugal,2024,Lithium,Reserves,EI_CSV,60.0,OWID,60000.0,99900.0
Qatar,1970,Oil,Production,EI_CSV,363.0,OWID,17520000.0,4826346.3
Qatar,1971,Oil,Production,EI_CSV,430.0,OWID,20220000.0,4702225.6
Qatar,1972,Oil,Production,EI_CSV,482.0,OWID,23486000.0,4872514.1
Qatar,1973,Oil,Production,EI_CSV,570.0,OWID,27700000.0,4859549.1
Qatar,1974,Oil,Production,EI_CSV,518.0,OWID,25059000.0,4837544.8
Qatar,1975,Oil,Production,EI_CSV,437.0,OWID,21102000.0,4828733.0
Qatar,1976,Oil,Production,EI_CSV,487.0,OWID,24018000.0,4931727.5
Qatar,1977,Oil,Production,EI_CSV,435.0,OWID,23554000.0,5414612.6
Qatar,1978,Oil,Production,EI_CSV,484.0,OWID,25783000.0,5326966.1
Qatar,1979,Oil,Production,EI_CSV,506.0,OWID,24010000.0,4744959.3
Qatar,1980,Oil,Production,EI_CSV,475.5344262,OWID,22467000.0,4724479.1
Qatar,1981,Oil,Production,EI_CSV,421.109589,OWID,19277126.0,4577598.2
Qatar,1982,Oil,Production,EI_CSV,344.5249315,OWID,15610068.0,4530796.5
Qatar,1983,Oil,Production,EI_CSV,315.5989041,OWID,13993349.0,4433802.9
Qatar,1984,Oil,Production,EI_CSV,353.0163934,OWID,20100000.0,5693686.6
Qatar,1985,Oil,Production,EI_CSV,315.2421918,OWID,15900000.0,5043641.1
Qatar,1986,Oil,Production,EI_CSV,355.0975342,OWID,16600000.0,4674672.0
Qatar,1987,Oil,Production,EI_CSV,314.8564384,OWID,15900000.0,5049820.6
Qatar,1988,Oil,Production,EI_CSV,360.4218579,OWID,16900000.0,4688849.8
Qatar,1989,Oil,Production,EI_CSV,403.4465753,OWID,19300000.0,4783680.8
Qatar,1990,Oil,Production,EI_CSV,433.8136986,OWID,21200000.0,4886790.4
Qatar,1991,Oil,Production,EI_CSV,419.589589,OWID,19900000.0,4742629.7
Qatar,1992,Oil,Production,EI_CSV,495.3169399,OWID,23000000.0,4643391.5
Qatar,1993,Oil,Production,EI_CSV,460.2509589,OWID,21300000.0,4627810.0
Qatar,1994,Oil,Production,EI_CSV,451.380274,OWID,20800000.0,4607987.9
Qatar,1995,Oil,Production,EI_CSV,460.8887671,OWID,21300000.0,4621405.6
Qatar,1996,Oil,Production,EI_CSV,567.9989071,OWID,26400000.0,4647796.3
Qatar,1997,Oil,Production,EI_CSV,692.08,OWID,32200000.0,4652541.3
Qatar,1998,Oil,Production,EI_CSV,701.43,OWID,34600000.0,4932680.2
Qatar,1999,Oil,Production,EI_CSV,723.27,OWID,36000000.0,4977294.3
Qatar,2000,Oil,Production,EI_CSV,851.2690841,OWID,38700000.0,4546053.6
Qatar,2001,Oil,Production,EI_CSV,855.7909735,OWID,38400000.0,4486977.0
Qatar,2002,Oil,Production,EI_CSV,801.6554638,OWID,35100000.0,4378339.6
Qatar,2003,Oil,Production,EI_CSV,947.3885864,OWID,40800000.0,4306475.0
Qatar,2004,Oil,Production,EI_CSV,1078.561561,OWID,46000000.0,4264839.7
Qatar,2005,Oil,Production,EI_CSV,1147.946514,OWID,47300000.0,4120301.0
Qatar,2006,Oil,Production,EI_CSV,1237.817381,OWID,50900000.0,4111976.7
Qatar,2007,Oil,Production,EI_CSV,1262.736845,OWID,53600000.0,4244648.2
Qatar,2008,Oil,Production,EI_CSV,1432.358333,OWID,60800000.0,4244647.9
Qatar,2009,Oil,Production,EI_CSV,1415.407005,OWID,57900000.0,4090596.2
Qatar,2010,Oil,Production,EI_CSV,1630.238145,OWID,65700000.0,4029986.0
Qatar,2011,Oil,Production,EI_CSV,1824.34883,OWID,78200000.0,4286360.9
Qatar,2012,Oil,Production,EI_CSV,1920.335097,OWID,83300000.0,4337684.6
Qatar,2013,Oil,Production,EI_CSV,1933.82205,OWID,84500000.0,4369485.1
Qatar,2014,Oil,Production,EI_CSV,1891.7964,OWID,83800000.0,4429552.2
Qatar,2015,Oil,Production,EI_CSV,1844.085789,OWID,81200000.0,4403165.9
Qatar,2016,Oil,Production,EI_CSV,1846.413292,OWID,81600000.0,4419278.9
Qatar,2017,Oil,Production,EI_CSV,1783.480349,OWID,73600000.0,4126662.6
Qatar,2018,Oil,Production,EI_CSV,1798.443956,OWID,74800000.0,4159051.0
Qatar,2019,Oil,Production,EI_CSV,1736.628886,OWID,72300000.0,4163138.4
Qatar,2020,Oil,Production,EI_CSV,1702.505624,OWID,72200000.0,4240708.3
Qatar,2021,Oil,Production,EI_CSV,1689.341063,OWID,70800000.0,4190883.2
Qatar,2022,Oil,Production,EI_CSV,1729.292441,OWID,72700000.0,4203931.6
Qatar,2023,Oil,Production,EI_CSV,1783.319596,OWID,74100000.0,4155072.2
Romania,1970,Oil,Production,EI_CSV,283.7843014,OWID,13377000.0,4713691.4
Romania,1971,Oil,Production,EI_CSV,292.3436438,OWID,13793000.0,4717977.6
Romania,1972,Oil,Production,EI_CSV,298.4187978,OWID,14128000.0,4734186.2
Romania,1973,Oil,Production,EI_CSV,303.9325205,OWID,14287000.0,4700614.5
Romania,1974,Oil,Production,EI_CSV,308.0270137,OWID,14486000.0,4702734.3
Romania,1975,Oil,Production,EI_CSV,311.3065753,OWID,14590000.0,4686598.3
Romania,1976,Oil,Production,EI_CSV,312.7131148,OWID,14700000.0,4700694.2
Romania,1977,Oil,Production,EI_CSV,312.5410959,OWID,14650000.0,4687283.6
Romania,1978,Oil,Production,EI_CSV,293.4883288,OWID,13724000.0,4676065.5
Romania,1979,Oil,Production,EI_CSV,264.662274,OWID,12323000.0,4656022.6
Romania,1980,Oil,Production,EI_CSV,250.119153,OWID,11511000.0,4602106.5
Romania,1981,Coal,Production,EI_CSV,39.564,OWID,39564000.0,99999900.0
Romania,1981,Oil,Production,EI_CSV,253.5409315,OWID,11644000.0,4592452.3
Romania,1982,Coal,Production,EI_CSV,41.433,OWID,41433000.0,99999900.0
Romania,1982,Oil,Production,EI_CSV,255.5573151,OWID,11742000.0,4594564.0
Romania,1983,Coal,Production,EI_CSV,48.759,OWID,48759000.0,99999900.0
Romania,1983,Oil,Production,EI_CSV,252.491589,OWID,11593000.0,4591340.1
Romania,1984,Coal,Production,EI_CSV,47.799,OWID,47799000.0,99999900.0
Romania,1984,Oil,Production,EI_CSV,248.9290437,OWID,11453000.0,4600809.5
Romania,1985,Coal,Production,EI_CSV,49.819,OWID,49819000.0,99999900.0
Romania,1985,Oil,Production,EI_CSV,235.6278904,OWID,10718000.0,4548597.5
Romania,1986,Coal,Production,EI_CSV,51.432,OWID,51432000.0,99999900.0
Romania,1986,Oil,Production,EI_CSV,223.4267123,OWID,10125000.0,4531587.3
Romania,1987,Coal,Production,EI_CSV,55.699,OWID,55699000.0,99999900.0
Romania,1987,Oil,Production,EI_CSV,210.6494247,OWID,9504000.0,4511661.7
Romania,1988,Coal,Production,EI_CSV,62.917,OWID,62917000.0,99999900.0
Romania,1988,Oil,Production,EI_CSV,205.4409563,OWID,9389000.0,4570069.5
Romania,1989,Coal,Production,EI_CSV,66.462,OWID,66462000.0,99999900.0
Romania,1989,Oil,Production,EI_CSV,201.5595342,OWID,9173000.0,4550912.7
Romania,1990,Coal,Production,EI_CSV,38.183,OWID,40847000.0,106976826.9
Romania,1990,Oil,Production,EI_CSV,169.0478904,OWID,7928000.0,4689695.3
Romania,1991,Coal,Production,EI_CSV,32.414,OWID,35205000.0,108610377.0
Romania,1991,Oil,Production,EI_CSV,145.9101644,OWID,6791000.0,4654133.7
Romania,1992,Coal,Production,EI_CSV,38.37,OWID,41238000.0,107474489.5
Romania,1992,Oil,Production,EI_CSV,141.7580601,OWID,6608000.0,4661363.3
Romania,1993,Coal,Production,EI_CSV,39.777,OWID,42441000.0,106697237.7
Romania,1993,Oil,Production,EI_CSV,144.2767945,OWID,6713000.0,4652761.9
Romania,1994,Coal,Production,EI_CSV,40.566,OWID,43198000.0,106488092.1
Romania,1994,Oil,Production,EI_CSV,145.3689589,OWID,6737000.0,4634314.4
Romania,1995,Coal,Production,EI_CSV,41.127,OWID,43988000.0,106956400.6
Romania,1995,Oil,Production,EI_CSV,144.8719726,OWID,6717000.0,4636407.6
Romania,1996,Coal,Production,EI_CSV,41.871,OWID,44774000.0,106933099.6
Romania,1996,Oil,Production,EI_CSV,142.3815847,OWID,6626000.0,4653591.7
Romania,1997,Coal,Production,EI_CSV,33.807,OWID,36246000.0,107214382.2
Romania,1997,Oil,Production,EI_CSV,140.728411,OWID,6517000.0,4630805.7
Romania,1998,Coal,Production,EI_CSV,26.235,OWID,28105000.0,107127782.6
Romania,1998,Oil,Production,EI_CSV,136.7621644,OWID,6309043.0,4613049.4
Romania,1999,Coal,Production,EI_CSV,22.893,OWID,24535000.0,107172398.1
Romania,1999,Oil,Production,EI_CSV,133.1424658,OWID,6140000.0,4611501.5
Romania,2000,Coal,Production,EI_CSV,29.294,OWID,30924000.0,105564179.4
Romania,2000,Oil,Production,EI_CSV,131.7415847,OWID,6042000.0,4586151.2
Romania,2001,Coal,Production,EI_CSV,33.303,OWID,34783000.0,104443944.1
Romania,2001,Oil,Production,EI_CSV,130.8926301,OWID,6011000.0,4592213.6
Romania,2002,Coal,Production,EI_CSV,30.428,OWID,31991000.0,105136616.2
Romania,2002,Oil,Production,EI_CSV,127.8693151,OWID,5810000.0,4543601.5
Romania,2003,Coal,Production,EI_CSV,33.082,OWID,34430000.0,104074623.4
Romania,2003,Oil,Production,EI_CSV,123.8668767,OWID,5651000.0,4562055.9
Romania,2004,Coal,Production,EI_CSV,31.8,OWID,32963052.0,103657296.2
Romania,2004,Oil,Production,EI_CSV,119.7771038,OWID,5462000.0,4560037.0
Romania,2005,Coal,Production,EI_CSV,31.112,OWID,31633089.0,101674781.1
Romania,2005,Oil,Production,EI_CSV,114.3557534,OWID,5215000.0,4560230.2
Romania,2006,Coal,Production,EI_CSV,34.932,OWID,32811526.0,93929609.1
Romania,2006,Oil,Production,EI_CSV,105.248411,OWID,4777000.0,4538685.9
Romania,2007,Coal,Production,EI_CSV,35.781,OWID,35768000.0,99963567.9
Romania,2007,Oil,Production,EI_CSV,99.90471233,OWID,4837000.0,4841513.5
Romania,2008,Coal,Production,EI_CSV,35.871,OWID,34734000.0,96830208.6
Romania,2008,Oil,Production,EI_CSV,98.80770492,OWID,4528000.0,4582538.6
Romania,2009,Coal,Production,EI_CSV,33.97,OWID,28523610.0,83966959.2
Romania,2009,Oil,Production,EI_CSV,93.80290411,OWID,4388940.0,4678795.7
Romania,2010,Coal,Production,EI_CSV,31.13,OWID,28836692.0,92633025.6
Romania,2010,Oil,Production,EI_CSV,89.53994521,OWID,4172411.0,4659732.0
Romania,2011,Coal,Production,EI_CSV,35.513,OWID,35946775.0,101221354.1
Romania,2011,Oil,Production,EI_CSV,88.51630137,OWID,4081979.0,4611456.2
Romania,2012,Coal,Production,EI_CSV,33.947,OWID,33423139.0,98456726.8
Romania,2012,Oil,Production,EI_CSV,83.0704918,OWID,3992011.0,4805470.4
Romania,2013,Coal,Production,EI_CSV,24.722,OWID,24741958.0,100080629.7
Romania,2013,Oil,Production,EI_CSV,85.98282192,OWID,3994122.0,4645155.8
Romania,2014,Coal,Production,EI_CSV,23.567,OWID,24578102.0,104290229.7
Romania,2014,Oil,Production,EI_CSV,84.36857534,OWID,3912242.0,4636984.3
Romania,2015,Coal,Production,EI_CSV,25.497,OWID,26843305.0,105280148.7
Romania,2015,Oil,Production,EI_CSV,83.49484932,OWID,3847897.0,4608444.2
Romania,2016,Coal,Production,EI_CSV,22.987,OWID,23225063.0,101035541.9
Romania,2016,Oil,Production,EI_CSV,79.31,OWID,3685575.0,4646949.6
Romania,2017,Coal,Production,EI_CSV,25.759221,OWID,26016593.0,100999045.1
Romania,2017,Oil,Production,EI_CSV,75.84652055,OWID,3538345.0,4665038.2
Romania,2018,Coal,Production,EI_CSV,23.652908,OWID,23857931.0,100866698.3
Romania,2018,Oil,Production,EI_CSV,74.61769863,OWID,3485778.0,4671416.4
Romania,2019,Coal,Production,EI_CSV,21.653156,OWID,22063765.0,101896200.9
Romania,2019,Oil,Production,EI_CSV,74.81534247,OWID,3439564.0,4597304.6
Romania,2020,Coal,Production,EI_CSV,15.032728,OWID,15589788.0,103705548.1
Romania,2020,Oil,Production,EI_CSV,72.30912568,OWID,3334019.0,4610685.9
Romania,2021,Coal,Production,EI_CSV,17.739498,OWID,18392015.0,103678228.4
Romania,2021,Oil,Production,EI_CSV,69.74076712,OWID,3195648.0,4582080.7
Romania,2022,Coal,Production,EI_CSV,18.206033,OWID,18902610.0,103825977.9
Romania,2022,Oil,Production,EI_CSV,65.67641096,OWID,3019473.0,4597400.0
Romania,2023,Coal,Production,EI_CSV,14.751279,OWID,15302805.0,103738735.1
Romania,2023,Oil,Production,EI_CSV,62.60334247,OWID,2882158.0,4603740.4
Russia,2014,Platinum Group,Production,EI_Excel,106.0,OWID,81.3,23.3
Russia,2015,Platinum Group,Production,EI_Excel,103.0,OWID,75.5,26.7
Russia,2016,Platinum Group,Production,EI_Excel,102.4,OWID,78.3,23.5
Russia,2017,Platinum Group,Production,EI_Excel,107.0,OWID,86.3,19.3
Russia,2018,Platinum Group,Production,EI_Excel,106.0,OWID,85.3,19.5
Russia,2019,Platinum Group,Production,EI_Excel,122.0,OWID,90.874,25.5
Russia,2020,Cadmium,Production,OWID,1000.0,OWID,1000.0,0.0
Russia,2020,Platinum Group,Production,EI_Excel,116.0,OWID,93.0,19.8
Russia,2020,Vanadium,Production,EI_Excel,19.5,OWID,19500.0,99900.0
Russia,2021,Cadmium,Production,OWID,1000.0,OWID,1000.0,0.0
Russia,2021,Platinum Group,Production,EI_Excel,107.0,OWID,86.0,19.6
Russia,2021,Vanadium,Production,EI_Excel,20.1,OWID,20100.0,99900.0
Russia,2022,Cadmium,Production,OWID,1000.0,OWID,1000.0,0.0
Russia,2022,Gold,Reserves,OWID,6800.0,OWID,6800.0,0.0
Russia,2022,Platinum Group,Production,EI_Excel,107.0,OWID,87.0,18.7
Russia,2022,Silver,Reserves,OWID,45000.0,OWID,45000.0,0.0
Russia,2022,Vanadium,Production,EI_Excel,20.0,OWID,20000.0,99900.0
Russia,2023,Cadmium,Production,OWID,1000.0,OWID,1000.0,0.0
Russia,2023,Gold,Reserves,OWID,11100.0,OWID,11100.0,0.0
Russia,2023,Platinum Group,Production,EI_Excel,108.0,OWID,87.0,19.4
Russia,2023,Silver,Reserves,OWID,92000.0,OWID,92000.0,0.0
Russia,2023,Vanadium,Production,EI_Excel,20.0,OWID,20000.0,99900.0
Russia,2024,Cadmium,Production,OWID,800.0,OWID,800.0,0.0
Russia,2024,Gold,Reserves,OWID,12000.0,OWID,12000.0,0.0
Russia,2024,Platinum Group,Production,EI_Excel,93.0,EI_Excel,-0.13888888888888884,100.1
Russia,2024,Platinum Group,Production,EI_Excel,93.0,EI_Excel,0.25977653631284914,99.7
Russia,2024,Platinum Group,Production,EI_Excel,93.0,OWID,75.0,19.4
Russia,2024,Platinum Group,Reserves,EI_Excel,63000.0,OWID,16000.0,74.6
Russia,2024,Silver,Reserves,OWID,92000.0,OWID,92000.0,0.0
Russia,2024,Vanadium,Production,EI_Excel,21.0,EI_Excel,0.050000000000000044,99.8
Russia,2024,Vanadium,Production,EI_Excel,21.0,EI_Excel,0.20192307692307693,99.0
Russia,2024,Vanadium,Production,EI_Excel,21.0,OWID,20000.0,95138.1
Russia,2024,Vanadium,Reserves,EI_Excel,5000.0,OWID,5000000.0,99900.0
Russian Federation,1995,Cobalt,Production,EI_CSV,3.5,EI_Excel,3.4999999999999996,0.0
Russian Federation,1995,Natural Graphite,Production,EI_CSV,13.69999981,EI_Excel,13.7,0.0
Russian Federation,1995,Rare Earth,Production,EI_CSV,1.74000001,EI_Excel,1.74,0.0
Russian Federation,1996,Cobalt,Production,EI_CSV,3.299999952,EI_Excel,3.3,0.0
Russian Federation,1996,Natural Graphite,Production,EI_CSV,13.92800045,EI_Excel,13.927999999999999,0.0
Russian Federation,1996,Rare Earth,Production,EI_CSV,1.74000001,EI_Excel,1.74,0.0
Russian Federation,1997,Cobalt,Production,EI_CSV,3.299999952,EI_Excel,3.3,0.0
Russian Federation,1997,Natural Graphite,Production,EI_CSV,14.27499962,EI_Excel,14.275,0.0
Russian Federation,1997,Rare Earth,Production,EI_CSV,1.74000001,EI_Excel,1.74,0.0
Russian Federation,1998,Cobalt,Production,EI_CSV,3.599999905,EI_Excel,3.6,0.0
Russian Federation,1998,Natural Graphite,Production,EI_CSV,6.0,EI_Excel,6.0,0.0
Russian Federation,1998,Rare Earth,Production,EI_CSV,1.74000001,EI_Excel,1.74,0.0
Russian Federation,1999,Cobalt,Production,EI_CSV,3.900000095,EI_Excel,3.9,0.0
Russian Federation,1999,Natural Graphite,Production,EI_CSV,15.67000008,EI_Excel,15.67,0.0
Russian Federation,1999,Rare Earth,Production,EI_CSV,2.609999895,EI_Excel,2.61,0.0
Russian Federation,2000,Cobalt,Production,EI_CSV,4.0,EI_Excel,4.0,0.0
Russian Federation,2000,Natural Graphite,Production,EI_CSV,20.125,EI_Excel,20.125,0.0
Russian Federation,2000,Rare Earth,Production,EI_CSV,2.609999895,EI_Excel,2.61,0.0
Russian Federation,2001,Cobalt,Production,EI_CSV,4.599999905,EI_Excel,4.6,0.0
Russian Federation,2001,Natural Graphite,Production,EI_CSV,16.56299973,EI_Excel,16.563,0.0
Russian Federation,2001,Rare Earth,Production,EI_CSV,3.531620026,EI_Excel,3.5316201171875,0.0
Russian Federation,2002,Cobalt,Production,EI_CSV,4.599999905,EI_Excel,4.6,0.0
Russian Federation,2002,Natural Graphite,Production,EI_CSV,14.24100018,EI_Excel,14.241,0.0
Russian Federation,2002,Rare Earth,Production,EI_CSV,2.580129862,EI_Excel,2.5801298828125,0.0
Russian Federation,2003,Cobalt,Production,EI_CSV,6.099999905,EI_Excel,6.1,0.0
Russian Federation,2003,Natural Graphite,Production,EI_CSV,12.77999973,EI_Excel,12.78,0.0
Russian Federation,2003,Rare Earth,Production,EI_CSV,1.722599983,EI_Excel,1.7225999755859374,0.0
Russian Federation,2004,Cobalt,Production,EI_CSV,6.0,EI_Excel,6.0,0.0
Russian Federation,2004,Natural Graphite,Production,EI_CSV,13.55000019,EI_Excel,13.549999999999999,0.0
Russian Federation,2004,Rare Earth,Production,EI_CSV,2.24691987,EI_Excel,2.246919921875,0.0
Russian Federation,2005,Cobalt,Production,EI_CSV,6.300000191,EI_Excel,6.3,0.0
Russian Federation,2005,Natural Graphite,Production,EI_CSV,14.0,EI_Excel,13.999999999999998,0.0
Russian Federation,2005,Rare Earth,Production,EI_CSV,2.15644002,EI_Excel,2.15643994140625,0.0
Russian Federation,2006,Cobalt,Production,EI_CSV,6.300000191,EI_Excel,6.3,0.0
Russian Federation,2006,Natural Graphite,Production,EI_CSV,14.0,EI_Excel,13.999999999999998,0.0
Russian Federation,2006,Rare Earth,Production,EI_CSV,2.934999943,EI_Excel,2.9349999999999996,0.0
Russian Federation,2007,Cobalt,Production,EI_CSV,6.300000191,EI_Excel,6.3,0.0
Russian Federation,2007,Natural Graphite,Production,EI_CSV,14.0,EI_Excel,13.999999999999998,0.0
Russian Federation,2007,Rare Earth,Production,EI_CSV,2.710999966,EI_Excel,2.711,0.0
Russian Federation,2008,Cobalt,Production,EI_CSV,6.199999809,EI_Excel,6.2,0.0
Russian Federation,2008,Natural Graphite,Production,EI_CSV,14.0,EI_Excel,13.999999999999998,0.0
Russian Federation,2008,Rare Earth,Production,EI_CSV,2.470000029,EI_Excel,2.4699999999999998,0.0
Russian Federation,2009,Cobalt,Production,EI_CSV,6.099999905,EI_Excel,6.1,0.0
Russian Federation,2009,Natural Graphite,Production,EI_CSV,14.0,EI_Excel,13.999999999999998,0.0
Russian Federation,2009,Rare Earth,Production,EI_CSV,1.898000002,EI_Excel,1.898,0.0
Russian Federation,2010,Cobalt,Production,EI_CSV,6.199999809,EI_Excel,6.2,0.0
Russian Federation,2010,Natural Graphite,Production,EI_CSV,7.699999809,EI_Excel,7.699999999999999,0.0
Russian Federation,2010,Rare Earth,Production,EI_CSV,1.495499969,EI_Excel,1.4954999999999998,0.0
Russian Federation,2011,Cobalt,Production,EI_CSV,6.099999905,EI_Excel,6.1,0.0
Russian Federation,2011,Natural Graphite,Production,EI_CSV,20.70000076,EI_Excel,20.7,0.0
Russian Federation,2011,Rare Earth,Production,EI_CSV,1.443599939,EI_Excel,1.4435999755859374,0.0
Russian Federation,2012,Cobalt,Production,EI_CSV,6.300000191,EI_Excel,6.3,0.0
Russian Federation,2012,Natural Graphite,Production,EI_CSV,14.30000019,EI_Excel,14.3,0.0
Russian Federation,2012,Rare Earth,Production,EI_CSV,2.131299973,EI_Excel,2.1313000488281246,0.0
Russian Federation,2013,Cobalt,Production,EI_CSV,6.300000191,EI_Excel,6.3,0.0
Russian Federation,2013,Natural Graphite,Production,EI_CSV,20.20000076,EI_Excel,20.2,0.0
Russian Federation,2013,Rare Earth,Production,EI_CSV,1.443099976,EI_Excel,1.4430999755859373,0.0
Russian Federation,2014,Cobalt,Production,EI_CSV,6.300000191,EI_Excel,6.3,0.0
Russian Federation,2014,Natural Graphite,Production,EI_CSV,17.60000038,EI_Excel,17.599999999999998,0.0
Russian Federation,2014,Rare Earth,Production,EI_CSV,2.13380003,EI_Excel,2.133800048828125,0.0
Russian Federation,2015,Cobalt,Production,EI_CSV,6.199999809,EI_Excel,6.2,0.0
Russian Federation,2015,Natural Graphite,Production,EI_CSV,15.89999962,EI_Excel,15.9,0.0
Russian Federation,2015,Rare Earth,Production,EI_CSV,2.312299967,EI_Excel,2.312300048828125,0.0
Russian Federation,2016,Cobalt,Production,EI_CSV,5.5,EI_Excel,5.5,0.0
Russian Federation,2016,Natural Graphite,Production,EI_CSV,19.39999962,EI_Excel,19.400000000000002,0.0
Russian Federation,2016,Rare Earth,Production,EI_CSV,3.099999905,EI_Excel,3.1000000000000005,0.0
Russian Federation,2017,Cobalt,Production,EI_CSV,5.900000095,EI_Excel,5.8999999999999995,0.0
Russian Federation,2017,Natural Graphite,Production,EI_CSV,19.5,EI_Excel,19.5,0.0
Russian Federation,2017,Rare Earth,Production,EI_CSV,2.5,EI_Excel,2.5,0.0
Russian Federation,2018,Cobalt,Production,EI_CSV,6.099999905,EI_Excel,6.1,0.0
Russian Federation,2018,Natural Graphite,Production,EI_CSV,11.89999962,EI_Excel,11.9,0.0
Russian Federation,2018,Rare Earth,Production,EI_CSV,2.599999905,EI_Excel,2.6000000000000005,0.0
Russian Federation,2019,Cobalt,Production,EI_CSV,6.300000191,EI_Excel,6.3,0.0
Russian Federation,2019,Natural Graphite,Production,EI_CSV,17.5,EI_Excel,17.5,0.0
Russian Federation,2019,Rare Earth,Production,EI_CSV,2.599999905,EI_Excel,2.6000000000000005,0.0
Russian Federation,2020,Cobalt,Production,EI_CSV,9.699999809,EI_Excel,9.700000000000001,0.0
Russian Federation,2020,Natural Graphite,Production,EI_CSV,12.89999962,EI_Excel,12.9,0.0
Russian Federation,2020,Rare Earth,Production,EI_CSV,2.599999905,EI_Excel,2.6000000000000005,0.0
Russian Federation,2021,Cobalt,Production,EI_CSV,8.0,EI_Excel,8.0,0.0
Russian Federation,2021,Natural Graphite,Production,EI_CSV,15.28561687,EI_Excel,15.285616438356168,0.0
Russian Federation,2021,Rare Earth,Production,EI_CSV,2.599999905,EI_Excel,2.6,0.0
Russian Federation,2022,Cobalt,Production,EI_CSV,9.199999809,EI_Excel,9.2,0.0
Russian Federation,2022,Natural Graphite,Production,EI_CSV,14.32253456,EI_Excel,14.322534246575344,0.0
Russian Federation,2022,Rare Earth,Production,EI_CSV,2.599999905,EI_Excel,2.6,0.0
Russian Federation,2023,Cobalt,Production,EI_CSV,8.699999809,EI_Excel,8.7,0.0
Russian Federation,2023,Natural Graphite,Production,EI_CSV,15.0,EI_Excel,15.0,0.0
Russian Federation,2023,Rare Earth,Production,EI_CSV,2.5,EI_Excel,2.5,0.0
Russian Federation,2024,Aluminium,Production,EI_Excel,3800.0,EI_Excel,0.027027027027026973,100.0
Russian Federation,2024,Aluminium,Production,EI_Excel,3800.0,EI_Excel,0.05305780508237922,100.0
Russian Federation,2024,Cobalt,Production,EI_CSV,8.699999809,EI_Excel,8.7,0.0
Russian Federation,2024,Cobalt,Production,EI_CSV,8.699999809,EI_Excel,0.0,100.0
Russian Federation,2024,Cobalt,Production,EI_CSV,8.699999809,EI_Excel,0.03212513776085344,99.6
Russian Federation,2024,Cobalt,Reserves,EI_CSV,250.0,EI_Excel,250.0,0.0
Russian Federation,2024,Natural Graphite,Production,EI_CSV,20.0,EI_Excel,20.0,0.0
Russian Federation,2024,Natural Graphite,Production,EI_CSV,20.0,EI_Excel,0.33333333333333326,98.3
Russian Federation,2024,Natural Graphite,Production,EI_CSV,20.0,EI_Excel,0.011571917732922453,99.9
Russian Federation,2024,Natural Graphite,Reserves,EI_CSV,25625.0,EI_Excel,25625.0,0.0
Russian Federation,2024,Nickel,Production,EI_Excel,210.0,EI_Excel,0.0,100.0
Russian Federation,2024,Nickel,Production,EI_Excel,210.0,EI_Excel,0.054932062118222165,100.0
Russian Federation,2024,Rare Earth,Production,EI_CSV,2.5,EI_Excel,2.5,0.0
Russian Federation,2024,Rare Earth,Production,EI_CSV,2.5,EI_Excel,0.0,100.0
Russian Federation,2024,Rare Earth,Production,EI_CSV,2.5,EI_Excel,0.006581545346847442,99.7
Russian Federation,2024,Rare Earth,Reserves,EI_CSV,3800.0,EI_Excel,3800.0,0.0
Saudi Arabia,1970,Oil,Production,EI_CSV,3851.1,OWID,176849000.0,4592068.5
Saudi Arabia,1971,Oil,Production,EI_CSV,4820.9,OWID,223714000.0,4640402.8
Saudi Arabia,1972,Oil,Production,EI_CSV,6070.3,OWID,304571000.0,5017296.2
Saudi Arabia,1973,Oil,Production,EI_CSV,7693.2,OWID,402422000.0,5230779.2
Saudi Arabia,1974,Oil,Production,EI_CSV,8617.7,OWID,408360000.0,4738519.4
Saudi Arabia,1975,Oil,Production,EI_CSV,7216.4,OWID,351940000.0,4876847.0
Saudi Arabia,1976,Oil,Production,EI_CSV,8762.174,OWID,427809000.0,4882352.7
Saudi Arabia,1977,Oil,Production,EI_CSV,9418.905,OWID,457612000.0,4858341.6
Saudi Arabia,1978,Oil,Production,EI_CSV,8554.082,OWID,407903000.0,4768418.7
Saudi Arabia,1979,Oil,Production,EI_CSV,9841.627,OWID,468428000.0,4759560.2
Saudi Arabia,1980,Oil,Production,EI_CSV,10269.5,OWID,487702000.0,4748933.5
Saudi Arabia,1981,Oil,Production,EI_CSV,10256.0,OWID,490208733.0,4779626.3
Saudi Arabia,1982,Oil,Production,EI_CSV,6961.0,OWID,325379747.0,4674224.8
Saudi Arabia,1983,Oil,Production,EI_CSV,4951.41,OWID,227969318.0,4604029.3
Saudi Arabia,1984,Oil,Production,EI_CSV,4534.081,OWID,215413043.0,4750874.7
Saudi Arabia,1985,Oil,Production,EI_CSV,3600.955,OWID,159446753.0,4427801.8
Saudi Arabia,1986,Oil,Production,EI_CSV,5208.2,OWID,240253165.0,4612878.9
Saudi Arabia,1987,Oil,Production,EI_CSV,4450.15,OWID,212200000.0,4768278.6
Saudi Arabia,1988,Oil,Production,EI_CSV,5656.147,OWID,265600000.0,4695676.1
Saudi Arabia,1989,Oil,Production,EI_CSV,5635.5,OWID,267000000.0,4737722.7
Saudi Arabia,1990,Oil,Production,EI_CSV,7105.5,OWID,334200000.0,4703298.8
Saudi Arabia,1991,Oil,Production,EI_CSV,8819.8,OWID,410047000.0,4649064.4
Saudi Arabia,1992,Oil,Production,EI_CSV,9091.7,OWID,420104000.0,4620642.0
Saudi Arabia,1993,Oil,Production,EI_CSV,8892.7,OWID,407555000.0,4582928.8
Saudi Arabia,1994,Oil,Production,EI_CSV,8983.0,OWID,408000000.0,4541812.5
Saudi Arabia,1995,Oil,Production,EI_CSV,8973.53752,OWID,426700000.0,4754992.4
Saudi Arabia,1996,Oil,Production,EI_CSV,9086.503024,OWID,434600000.0,4782818.1
Saudi Arabia,1997,Oil,Production,EI_CSV,9005.316119,OWID,443800000.0,4928100.1
Saudi Arabia,1998,Oil,Production,EI_CSV,9266.786653,OWID,452000000.0,4877534.7
Saudi Arabia,1999,Oil,Production,EI_CSV,8523.810352,OWID,419100000.0,4916715.2
Saudi Arabia,2000,Oil,Production,EI_CSV,9121.165333,OWID,457600000.0,5016802.8
Saudi Arabia,2001,Oil,Production,EI_CSV,8935.030316,OWID,442900000.0,4956794.2
Saudi Arabia,2002,Oil,Production,EI_CSV,8206.500316,OWID,425300000.0,5182377.1
Saudi Arabia,2003,Oil,Production,EI_CSV,9628.159976,OWID,485100000.0,5038245.9
Saudi Arabia,2004,Oil,Production,EI_CSV,10305.91122,OWID,506000000.0,4909703.6
Saudi Arabia,2005,Oil,Production,EI_CSV,10838.5814,OWID,526800000.0,4860314.7
Saudi Arabia,2006,Oil,Production,EI_CSV,10670.7817,OWID,514300000.0,4819603.1
Saudi Arabia,2007,Oil,Production,EI_CSV,10268.75306,OWID,494200000.0,4812558.3
Saudi Arabia,2008,Oil,Production,EI_CSV,10664.79441,OWID,515300000.0,4831685.6
Saudi Arabia,2009,Oil,Production,EI_CSV,9708.903107,OWID,459500000.0,4732669.4
Saudi Arabia,2010,Oil,Production,EI_CSV,9864.826757,OWID,466600000.0,4729836.1
Saudi Arabia,2011,Oil,Production,EI_CSV,11079.22879,OWID,525800000.0,4745717.7
Saudi Arabia,2012,Oil,Production,EI_CSV,11621.79428,OWID,547000000.0,4706574.3
Saudi Arabia,2013,Oil,Production,EI_CSV,11392.92663,OWID,542300000.0,4759871.0
Saudi Arabia,2014,Oil,Production,EI_CSV,11518.82272,OWID,543400000.0,4717396.0
Saudi Arabia,2015,Oil,Production,EI_CSV,11997.93798,OWID,567800000.0,4732379.9
Saudi Arabia,2016,Oil,Production,EI_CSV,12406.04761,OWID,586600000.0,4728239.1
Saudi Arabia,2017,Oil,Production,EI_CSV,11892.19826,OWID,559300000.0,4702983.4
Saudi Arabia,2018,Oil,Production,EI_CSV,12261.33334,OWID,576800000.0,4704119.2
Saudi Arabia,2019,Oil,Production,EI_CSV,11832.31924,OWID,556600000.0,4703965.1
Saudi Arabia,2020,Oil,Production,EI_CSV,11038.95133,OWID,519600000.0,4706868.8
Saudi Arabia,2021,Oil,Production,EI_CSV,10953.76268,OWID,515000000.0,4701480.8
Saudi Arabia,2022,Oil,Production,EI_CSV,12140.25897,OWID,574200000.0,4729617.9
Saudi Arabia,2023,Oil,Production,EI_CSV,11261.01368,OWID,531700000.0,4721499.8
Serbia,2007,Coal,Production,EI_CSV,37.658,OWID,37065000.0,98425201.4
Serbia,2008,Coal,Production,EI_CSV,39.187,OWID,31398000.0,80123410.3
Serbia,2009,Coal,Production,EI_CSV,38.814,OWID,38349239.0,98802494.4
Serbia,2010,Coal,Production,EI_CSV,37.864,OWID,37864332.0,100000776.8
Serbia,2011,Coal,Production,EI_CSV,40.778,OWID,40950993.0,100424131.2
Serbia,2012,Coal,Production,EI_CSV,38.172,OWID,38164524.0,99980315.0
Serbia,2013,Coal,Production,EI_CSV,40.254,OWID,40253633.0,99998988.3
Serbia,2014,Coal,Production,EI_CSV,29.82,OWID,29815000.0,99983132.7
Serbia,2015,Coal,Production,EI_CSV,37.788,OWID,37782159.0,99984442.7
Serbia,2016,Coal,Production,EI_CSV,38.545527,OWID,38394000.0,99606788.2
Serbia,2017,Coal,Production,EI_CSV,39.805959,OWID,39774000.0,99919613.0
Serbia,2018,Coal,Production,EI_CSV,37.648957,OWID,37631000.0,99952204.1
Serbia,2019,Coal,Production,EI_CSV,38.88052,OWID,38878000.0,99993418.6
Serbia,2020,Coal,Production,EI_CSV,39.673059,OWID,39666000.0,99982107.1
Serbia,2021,Coal,Production,EI_CSV,36.417513,OWID,36415000.0,99992999.5
Serbia,2022,Coal,Production,EI_CSV,35.129689,OWID,35127000.0,99992245.5
Serbia,2023,Coal,Production,EI_CSV,31.93775,OWID,31934000.0,99988158.4
South Africa,1981,Coal,Production,EI_CSV,130.42,OWID,131430836.0,100774962.1
South Africa,1982,Coal,Production,EI_CSV,144.18,OWID,144175954.0,99997093.8
South Africa,1983,Coal,Production,EI_CSV,145.61,OWID,145614066.0,100002692.4
South Africa,1984,Coal,Production,EI_CSV,162.91,OWID,162942727.0,100019989.0
South Africa,1985,Coal,Production,EI_CSV,173.52,OWID,173515877.0,99997523.9
South Africa,1986,Coal,Production,EI_CSV,176.72,OWID,176719404.0,99999562.7
South Africa,1987,Coal,Production,EI_CSV,176.55,OWID,176545786.0,99997513.1
South Africa,1988,Coal,Production,EI_CSV,181.36,OWID,181359759.0,99999767.1
South Africa,1989,Coal,Production,EI_CSV,176.28,OWID,176282769.0,100001470.8
South Africa,1990,Coal,Production,EI_CSV,174.78,OWID,174783561.0,100001937.4
South Africa,1991,Coal,Production,EI_CSV,178.39,OWID,178394236.0,100002274.6
South Africa,1992,Coal,Production,EI_CSV,184.045893,OWID,174392106.0,94754584.9
South Africa,1993,Coal,Production,EI_CSV,188.214016,OWID,182276177.0,96845066.4
South Africa,1994,Coal,Production,EI_CSV,195.80544,OWID,195805440.0,99999900.0
South Africa,1995,Coal,Production,EI_CSV,206.2107,OWID,206241964.0,100015061.2
South Africa,1995,Cobalt,Production,EI_CSV,0.287999988,EI_Excel,0.28800000000000003,0.0
South Africa,1996,Coal,Production,EI_CSV,206.362033,OWID,206365611.0,100001633.8
South Africa,1996,Cobalt,Production,EI_CSV,0.349999994,EI_Excel,0.35,0.0
South Africa,1997,Coal,Production,EI_CSV,220.072251,OWID,218617320.0,99338784.8
South Africa,1997,Cobalt,Production,EI_CSV,0.465000004,EI_Excel,0.46499999999999997,0.0
South Africa,1998,Coal,Production,EI_CSV,222.976756,OWID,224264000.0,100577199.6
South Africa,1998,Cobalt,Production,EI_CSV,0.435000002,EI_Excel,0.435,0.0
South Africa,1999,Coal,Production,EI_CSV,223.514169,OWID,223514169.0,99999900.0
South Africa,1999,Cobalt,Production,EI_CSV,0.449999988,EI_Excel,0.45,0.0
South Africa,2000,Coal,Production,EI_CSV,224.199281,OWID,224117969.0,99963632.3
South Africa,2000,Cobalt,Production,EI_CSV,0.579999983,EI_Excel,0.58,0.0
South Africa,2001,Coal,Production,EI_CSV,223.560276,OWID,223712086.0,100067805.6
South Africa,2001,Cobalt,Production,EI_CSV,0.560000002,EI_Excel,0.5599999999999999,0.0
South Africa,2002,Coal,Production,EI_CSV,220.212491,OWID,220204965.0,99996482.4
South Africa,2002,Cobalt,Production,EI_CSV,0.519999981,EI_Excel,0.5199999999999999,0.0
South Africa,2003,Coal,Production,EI_CSV,238.751013,OWID,237876609.0,99633659.0
South Africa,2003,Cobalt,Production,EI_CSV,0.479999989,EI_Excel,0.48,0.0
South Africa,2004,Coal,Production,EI_CSV,242.821694,OWID,243371530.0,100226336.1
South Africa,2004,Cobalt,Production,EI_CSV,0.610000014,EI_Excel,0.61,0.0
South Africa,2005,Coal,Production,EI_CSV,244.985995,OWID,244363974.0,99745999.4
South Africa,2005,Cobalt,Production,EI_CSV,0.620000005,EI_Excel,0.62,0.0
South Africa,2006,Coal,Production,EI_CSV,244.774833,OWID,244782399.0,100002991.0
South Africa,2006,Cobalt,Production,EI_CSV,0.600000024,EI_Excel,0.6,0.0
South Africa,2007,Coal,Production,EI_CSV,247.666363,OWID,247600236.0,99973200.0
South Africa,2007,Cobalt,Production,EI_CSV,0.600000024,EI_Excel,0.6,0.0
South Africa,2008,Coal,Production,EI_CSV,252.213352,OWID,252213358.0,99999902.4
South Africa,2008,Cobalt,Production,EI_CSV,0.589999974,EI_Excel,0.59,0.0
South Africa,2009,Coal,Production,EI_CSV,247.820755,OWID,250581674.0,101113979.0
South Africa,2009,Cobalt,Production,EI_CSV,0.610000014,EI_Excel,0.61,0.0
South Africa,2010,Coal,Production,EI_CSV,254.521942,OWID,257205807.0,101054372.9
South Africa,2010,Cobalt,Production,EI_CSV,1.799999952,EI_Excel,1.8,0.0
South Africa,2011,Coal,Production,EI_CSV,252.75685,OWID,252756844.0,99999897.6
South Africa,2011,Cobalt,Production,EI_CSV,1.600000024,EI_Excel,1.5999999999999999,0.0
South Africa,2012,Coal,Production,EI_CSV,258.5758,OWID,258575793.0,99999897.3
South Africa,2012,Cobalt,Production,EI_CSV,2.5,EI_Excel,2.5,0.0
South Africa,2013,Coal,Production,EI_CSV,256.2821349,OWID,256282133.0,99999899.3
South Africa,2013,Cobalt,Production,EI_CSV,3.0,EI_Excel,3.0,0.0
South Africa,2014,Coal,Production,EI_CSV,261.398523,OWID,261398527.0,99999901.5
South Africa,2014,Cobalt,Production,EI_CSV,3.0,EI_Excel,3.0,0.0
South Africa,2014,Platinum Group,Production,EI_Excel,152.4,OWID,58.41,61.7
South Africa,2015,Coal,Production,EI_CSV,252.1764729,OWID,252075989.0,99960053.3
South Africa,2015,Cobalt,Production,EI_CSV,2.900000095,EI_Excel,2.9,0.0
South Africa,2015,Platinum Group,Production,EI_Excel,222.0,OWID,82.691,62.8
South Africa,2016,Coal,Production,EI_CSV,249.71868,OWID,251011670.0,100517678.6
South Africa,2016,Cobalt,Production,EI_CSV,2.299999952,EI_Excel,2.3,0.0
South Africa,2016,Platinum Group,Production,EI_Excel,209.3,OWID,76.273,63.6
South Africa,2017,Coal,Production,EI_CSV,252.343008,OWID,252343002.0,99999897.6
South Africa,2017,Cobalt,Production,EI_CSV,2.299999952,EI_Excel,2.3,0.0
South Africa,2017,Platinum Group,Production,EI_Excel,229.8,OWID,80.134,65.1
South Africa,2018,Coal,Production,EI_CSV,250.0366294,OWID,253256431.0,101287632.0
South Africa,2018,Cobalt,Production,EI_CSV,2.299999952,EI_Excel,2.3,0.0
South Africa,2018,Platinum Group,Production,EI_Excel,178.0,OWID,80.629,54.7
South Africa,2019,Coal,Production,EI_CSV,254.41072,OWID,254410713.0,99999897.2
South Africa,2019,Cobalt,Production,EI_CSV,2.099999905,EI_Excel,2.1,0.0
South Africa,2019,Platinum Group,Production,EI_Excel,213.7,OWID,80.684,62.2
South Africa,2020,Coal,Production,EI_CSV,248.081746,OWID,248081745.0,99999899.6
South Africa,2020,Cobalt,Production,EI_CSV,1.799999952,EI_Excel,1.8,0.0
South Africa,2020,Manganese,Production,EI_Excel,7200.0,OWID,6500000.0,90177.8
South Africa,2020,Platinum Group,Production,EI_Excel,185.5,OWID,73.5,60.4
South Africa,2020,Vanadium,Production,EI_Excel,8.58,OWID,8580.0,99900.0
South Africa,2021,Coal,Production,EI_CSV,233.714876,OWID,228644557.0,97830453.6
South Africa,2021,Cobalt,Production,EI_CSV,1.197000027,EI_Excel,1.1969999999999998,0.0
South Africa,2021,Manganese,Production,EI_Excel,7200.0,OWID,7200000.0,99900.0
South Africa,2021,Platinum Group,Production,EI_Excel,226.3,OWID,84.3,62.7
South Africa,2021,Vanadium,Production,EI_Excel,8.8,OWID,8800.0,99900.0
South Africa,2022,Coal,Production,EI_CSV,229.921,OWID,229594209.0,99857768.1
South Africa,2022,Cobalt,Production,EI_CSV,1.0,EI_Excel,1.0,0.0
South Africa,2022,Gold,Reserves,OWID,5000.0,OWID,5000.0,0.0
South Africa,2022,Manganese,Production,EI_Excel,7300.0,OWID,7300000.0,99900.0
South Africa,2022,Platinum Group,Production,EI_Excel,197.1,OWID,73.1,62.9
South Africa,2022,Vanadium,Production,EI_Excel,8.87,OWID,8870.0,99900.0
South Africa,2023,Coal,Production,EI_CSV,233.5984095,OWID,231685072.0,99180828.7
South Africa,2023,Cobalt,Production,EI_CSV,0.377999991,EI_Excel,0.37799999999999995,0.0
South Africa,2023,Gold,Reserves,OWID,5000.0,OWID,5000.0,0.0
South Africa,2023,Manganese,Production,EI_Excel,7300.0,OWID,7300000.0,99900.0
South Africa,2023,Platinum Group,Production,EI_Excel,199.9,OWID,74.9,62.5
South Africa,2023,Vanadium,Production,EI_Excel,8.67,OWID,8670.0,99900.0
South Africa,2024,Cobalt,Production,EI_CSV,0.556249976,EI_Excel,0.55625,0.0
South Africa,2024,Cobalt,Production,EI_CSV,0.556249976,EI_Excel,0.47156084656084674,15.2
South Africa,2024,Cobalt,Production,EI_CSV,0.556249976,EI_Excel,0.0020539779171810033,99.6
South Africa,2024,Cobalt,Reserves,EI_CSV,36.44400024,EI_Excel,36.443999999999996,0.0
South Africa,2024,Gold,Reserves,OWID,5000.0,OWID,5000.0,0.0
South Africa,2024,Manganese,Production,EI_Excel,7400.0,EI_Excel,0.013698630136986356,100.0
South Africa,2024,Manganese,Production,EI_Excel,7400.0,EI_Excel,0.3515439429928741,100.0
South Africa,2024,Manganese,Production,EI_Excel,7400.0,OWID,7400000.0,99900.0
South Africa,2024,Manganese,Reserves,EI_Excel,560000.0,OWID,560000000.0,99900.0
South Africa,2024,Platinum Group,Production,EI_Excel,192.0,EI_Excel,-0.03951975987993994,100.0
South Africa,2024,Platinum Group,Production,EI_Excel,192.0,EI_Excel,0.5363128491620112,99.7
South Africa,2024,Platinum Group,Production,EI_Excel,192.0,OWID,72.0,62.5
South Africa,2024,Platinum Group,Reserves,EI_Excel,1200.0,OWID,63000.0,5150.0
South Africa,2024,Vanadium,Production,EI_Excel,8.0,EI_Excel,-0.07727797001153403,101.0
South Africa,2024,Vanadium,Production,EI_Excel,8.0,EI_Excel,0.07692307692307693,99.0
South Africa,2024,Vanadium,Production,EI_Excel,8.0,OWID,8000.0,99900.0
South Africa,2024,Vanadium,Reserves,EI_Excel,430.0,OWID,430000.0,99900.0
South Korea,1981,Coal,Production,EI_CSV,19.865,OWID,19865000.0,99999900.0
South Korea,1982,Coal,Production,EI_CSV,20.116,OWID,20115600.0,99997911.5
South Korea,1983,Coal,Production,EI_CSV,19.861,OWID,19860800.0,99998893.0
South Korea,1984,Coal,Production,EI_CSV,21.37,OWID,21370300.0,100001303.8
South Korea,1985,Coal,Production,EI_CSV,22.543,OWID,24542700.0,108870502.8
South Korea,1986,Coal,Production,EI_CSV,24.253,OWID,24252700.0,99998663.0
South Korea,1987,Coal,Production,EI_CSV,24.274,OWID,24273100.0,99996192.3
South Korea,1988,Coal,Production,EI_CSV,24.295,OWID,24294700.0,99998665.2
South Korea,1989,Coal,Production,EI_CSV,20.785,OWID,20785000.0,99999900.0
South Korea,1990,Coal,Production,EI_CSV,17.217,OWID,17216500.0,99996995.9
South Korea,1991,Coal,Production,EI_CSV,15.058,OWID,13770000.0,91446307.2
South Korea,1992,Coal,Production,EI_CSV,11.969,OWID,11969900.0,100007419.4
South Korea,1993,Coal,Production,EI_CSV,9.407,OWID,9442700.0,100379404.6
South Korea,1994,Coal,Production,EI_CSV,7.398,OWID,7438349.0,100545304.2
South Korea,1995,Coal,Production,EI_CSV,5.72,OWID,5719637.0,99993553.8
South Korea,1996,Coal,Production,EI_CSV,4.951,OWID,4950780.0,99995456.5
South Korea,1997,Coal,Production,EI_CSV,4.512,OWID,4514000.0,100044226.2
South Korea,1998,Coal,Production,EI_CSV,4.361,OWID,4361000.0,99999900.0
South Korea,1999,Coal,Production,EI_CSV,4.197,OWID,4197000.0,99999900.0
South Korea,2000,Coal,Production,EI_CSV,4.15,OWID,4150000.0,99999900.0
South Korea,2001,Coal,Production,EI_CSV,3.817,OWID,3817000.0,99999900.0
South Korea,2002,Coal,Production,EI_CSV,3.318,OWID,3318000.0,99999900.0
South Korea,2003,Coal,Production,EI_CSV,3.298,OWID,3298000.0,99999900.0
South Korea,2004,Coal,Production,EI_CSV,3.191,OWID,3191212.0,100006543.7
South Korea,2005,Coal,Production,EI_CSV,2.832,OWID,2831658.0,99987823.7
South Korea,2006,Coal,Production,EI_CSV,2.824,OWID,2823990.0,99999545.9
South Korea,2007,Coal,Production,EI_CSV,2.886,OWID,2886000.0,99999900.0
South Korea,2008,Coal,Production,EI_CSV,2.773,OWID,2772544.0,99983455.7
South Korea,2009,Coal,Production,EI_CSV,2.519,OWID,2518940.0,99997518.1
South Korea,2010,Coal,Production,EI_CSV,2.084,OWID,2083972.0,99998556.4
South Korea,2011,Coal,Production,EI_CSV,2.084,OWID,2084474.0,100022644.7
South Korea,2012,Coal,Production,EI_CSV,2.094,OWID,2094000.0,99999900.0
South Korea,2013,Coal,Production,EI_CSV,1.815,OWID,1814000.0,99944803.6
South Korea,2014,Coal,Production,EI_CSV,1.748,OWID,1748000.0,99999900.0
South Korea,2015,Coal,Production,EI_CSV,1.764,OWID,1764000.0,99999900.0
South Korea,2016,Coal,Production,EI_CSV,1.726,OWID,1727000.0,100057837.4
South Korea,2017,Coal,Production,EI_CSV,1.485,OWID,1485000.0,99999900.0
South Korea,2018,Coal,Production,EI_CSV,1.2,OWID,1201920.0,100159900.0
South Korea,2019,Coal,Production,EI_CSV,1.084,OWID,1084000.0,99999900.0
South Korea,2020,Cadmium,Production,OWID,3000.0,OWID,3000.0,0.0
South Korea,2020,Coal,Production,EI_CSV,1.019,OWID,1019298.0,100029144.4
South Korea,2021,Cadmium,Production,OWID,4000.0,OWID,4000.0,0.0
South Korea,2021,Coal,Production,EI_CSV,0.898,OWID,897900.0,99988764.1
South Korea,2022,Cadmium,Production,OWID,4000.0,OWID,4000.0,0.0
South Korea,2022,Coal,Production,EI_CSV,0.82,OWID,820181.0,100021973.2
South Korea,2023,Cadmium,Production,OWID,4500.0,OWID,4500.0,0.0
South Korea,2023,Coal,Production,EI_CSV,0.6459,OWID,800000.0,123858082.4
South Korea,2024,Cadmium,Production,OWID,4500.0,OWID,4500.0,0.0
South Sudan,2012,Oil,Production,EI_CSV,31.041,OWID,1500000.0,4832218.5
South Sudan,2013,Oil,Production,EI_CSV,99.7288,OWID,4900000.0,4913224.9
South Sudan,2014,Oil,Production,EI_CSV,155.3516,OWID,7700000.0,4956398.7
South Sudan,2015,Oil,Production,EI_CSV,147.7377014,OWID,7300000.0,4941089.6
South Sudan,2016,Oil,Production,EI_CSV,136.6917,OWID,6800000.0,4974598.5
South Sudan,2017,Oil,Production,EI_CSV,147.2005,OWID,7300000.0,4959122.3
South Sudan,2018,Oil,Production,EI_CSV,144.296,OWID,7100000.0,4920341.3
South Sudan,2019,Oil,Production,EI_CSV,171.516,OWID,8400000.0,4897402.3
South Sudan,2020,Oil,Production,EI_CSV,164.5227966,OWID,8100000.0,4923229.9
South Sudan,2021,Oil,Production,EI_CSV,152.5789948,OWID,7500000.0,4915386.6
South Sudan,2022,Oil,Production,EI_CSV,141.0511017,OWID,6900000.0,4891744.1
South Sudan,2023,Oil,Production,EI_CSV,147.6459961,OWID,7300000.0,4944158.7
Spain,1981,Coal,Production,EI_CSV,35.676,OWID,35601250.0,99790375.4
Spain,1982,Coal,Production,EI_CSV,39.305,OWID,39304829.0,99999464.9
Spain,1983,Coal,Production,EI_CSV,39.953,OWID,40409916.0,101143533.8
Spain,1984,Coal,Production,EI_CSV,39.592,OWID,39592255.0,100000544.1
Spain,1985,Coal,Production,EI_CSV,39.663,OWID,39663255.0,100000542.9
Spain,1986,Coal,Production,EI_CSV,38.323,OWID,38320515.0,99993415.6
Spain,1987,Coal,Production,EI_CSV,34.634,OWID,34590962.0,99875634.8
Spain,1988,Coal,Production,EI_CSV,31.909,OWID,31844562.0,99797957.0
Spain,1989,Coal,Production,EI_CSV,36.578,OWID,36399104.0,99510819.1
Spain,1990,Coal,Production,EI_CSV,35.952,OWID,35850000.0,99716188.4
Spain,1991,Coal,Production,EI_CSV,33.52,OWID,34100000.0,101730210.3
Spain,1992,Coal,Production,EI_CSV,33.299,OWID,33329589.0,100091761.6
Spain,1993,Coal,Production,EI_CSV,31.565,OWID,31749536.0,100584522.2
Spain,1994,Coal,Production,EI_CSV,29.491,OWID,29490812.0,99999262.5
Spain,1995,Coal,Production,EI_CSV,28.464,OWID,28475126.0,100038988.0
Spain,1996,Coal,Production,EI_CSV,27.37,OWID,27351908.0,99933798.4
Spain,1997,Coal,Production,EI_CSV,26.467,OWID,26454266.0,99951787.3
Spain,1998,Coal,Production,EI_CSV,26.075,OWID,26075626.0,100002300.8
Spain,1999,Coal,Production,EI_CSV,24.258,OWID,24092901.0,99319303.9
Spain,2000,Coal,Production,EI_CSV,23.486,OWID,23464954.0,99910289.2
Spain,2001,Coal,Production,EI_CSV,22.684,OWID,22734327.0,100221761.2
Spain,2002,Coal,Production,EI_CSV,22.035,OWID,22012223.0,99896532.6
Spain,2003,Coal,Production,EI_CSV,20.548,OWID,20564632.0,100080842.2
Spain,2004,Coal,Production,EI_CSV,20.496,OWID,20485536.0,99948846.1
Spain,2005,Coal,Production,EI_CSV,19.354,OWID,19040011.0,98377553.2
Spain,2006,Coal,Production,EI_CSV,18.399,OWID,18379549.0,99894182.3
Spain,2007,Coal,Production,EI_CSV,17.18,OWID,17179620.0,99997688.1
Spain,2008,Coal,Production,EI_CSV,10.203,OWID,13183245.0,129209397.2
Spain,2009,Coal,Production,EI_CSV,9.445,OWID,9452526.0,100079582.4
Spain,2010,Coal,Production,EI_CSV,8.43,OWID,8486636.0,100671738.7
Spain,2011,Coal,Production,EI_CSV,6.621,OWID,8166047.0,123335453.5
Spain,2012,Coal,Production,EI_CSV,6.181,OWID,6164672.0,99735735.6
Spain,2013,Coal,Production,EI_CSV,4.368,OWID,4444827.0,101758759.9
Spain,2014,Coal,Production,EI_CSV,3.899,OWID,3955051.0,101437473.7
Spain,2015,Coal,Production,EI_CSV,3.064,OWID,3042356.0,99293503.1
Spain,2016,Coal,Production,EI_CSV,1.741802,OWID,1832377.0,105199974.4
Spain,2017,Coal,Production,EI_CSV,2.977,OWID,2995105.0,100608062.6
Spain,2018,Coal,Production,EI_CSV,2.401,OWID,2406145.0,100214185.7
Spain,2019,Coal,Production,EI_CSV,0.12584,OWID,0.0,100.0
Spain,2020,Coal,Production,EI_CSV,0.095377,OWID,0.0,100.0
Spain,2021,Coal,Production,EI_CSV,0.090727,OWID,0.0,100.0
Spain,2022,Coal,Production,EI_CSV,0.071263,OWID,0.0,100.0
Sri Lanka,1995,Natural Graphite,Production,EI_CSV,4.824999809,EI_Excel,4.824999999999999,0.0
Sri Lanka,1996,Natural Graphite,Production,EI_CSV,5.644999981,EI_Excel,5.645,0.0
Sri Lanka,1997,Natural Graphite,Production,EI_CSV,5.400000095,EI_Excel,5.3999999999999995,0.0
Sri Lanka,1998,Natural Graphite,Production,EI_CSV,5.909999847,EI_Excel,5.909999999999999,0.0
Sri Lanka,1999,Natural Graphite,Production,EI_CSV,4.592000008,EI_Excel,4.592,0.0
Sri Lanka,2000,Natural Graphite,Production,EI_CSV,5.90199995,EI_Excel,5.902,0.0
Sri Lanka,2001,Natural Graphite,Production,EI_CSV,6.585000038,EI_Excel,6.585,0.0
Sri Lanka,2002,Natural Graphite,Production,EI_CSV,3.618999958,EI_Excel,3.6189999999999998,0.0
Sri Lanka,2003,Natural Graphite,Production,EI_CSV,3.387000084,EI_Excel,3.387,0.0
Sri Lanka,2004,Natural Graphite,Production,EI_CSV,5.374000072,EI_Excel,5.374,0.0
Sri Lanka,2005,Natural Graphite,Production,EI_CSV,4.369999886,EI_Excel,4.37,0.0
Sri Lanka,2006,Natural Graphite,Production,EI_CSV,5.756000042,EI_Excel,5.756,0.0
Sri Lanka,2007,Natural Graphite,Production,EI_CSV,9.593000412,EI_Excel,9.593,0.0
Sri Lanka,2008,Natural Graphite,Production,EI_CSV,6.614999771,EI_Excel,6.614999999999999,0.0
Sri Lanka,2009,Natural Graphite,Production,EI_CSV,3.171000004,EI_Excel,3.171,0.0
Sri Lanka,2010,Natural Graphite,Production,EI_CSV,3.437000036,EI_Excel,3.437,0.0
Sri Lanka,2011,Natural Graphite,Production,EI_CSV,3.357000113,EI_Excel,3.3569999999999998,0.0
Sri Lanka,2012,Natural Graphite,Production,EI_CSV,4.172999859,EI_Excel,4.173,0.0
Sri Lanka,2013,Natural Graphite,Production,EI_CSV,3.142999887,EI_Excel,3.143,0.0
Sri Lanka,2014,Natural Graphite,Production,EI_CSV,4.0,EI_Excel,4.0,0.0
Sri Lanka,2015,Natural Graphite,Production,EI_CSV,4.211999893,EI_Excel,4.212,0.0
Sri Lanka,2016,Natural Graphite,Production,EI_CSV,4.0,EI_Excel,4.0,0.0
Sri Lanka,2017,Natural Graphite,Production,EI_CSV,3.5,EI_Excel,3.4999999999999996,0.0
Sri Lanka,2018,Natural Graphite,Production,EI_CSV,4.0,EI_Excel,4.0,0.0
Sri Lanka,2019,Natural Graphite,Production,EI_CSV,4.0,EI_Excel,4.0,0.0
Sri Lanka,2020,Natural Graphite,Production,EI_CSV,4.0,EI_Excel,4.0,0.0
Sri Lanka,2020,Natural Graphite,Production,EI_CSV,4.0,OWID,4000.0,99900.0
Sri Lanka,2021,Natural Graphite,Production,EI_CSV,3.0,EI_Excel,3.0,0.0
Sri Lanka,2021,Natural Graphite,Production,EI_CSV,3.0,OWID,3000.0,99900.0
Sri Lanka,2022,Natural Graphite,Production,EI_CSV,2.599999905,EI_Excel,2.6,0.0
Sri Lanka,2022,Natural Graphite,Production,EI_CSV,2.599999905,OWID,2600.0,99900.0
Sri Lanka,2023,Natural Graphite,Production,EI_CSV,3.0,EI_Excel,3.0,0.0
Sri Lanka,2023,Natural Graphite,Production,EI_CSV,3.0,OWID,3000.0,99900.0
Sri Lanka,2024,Natural Graphite,Production,EI_CSV,3.299999952,EI_Excel,3.3,0.0
Sri Lanka,2024,Natural Graphite,Production,EI_CSV,3.299999952,EI_Excel,0.09999999999999987,97.0
Sri Lanka,2024,Natural Graphite,Production,EI_CSV,3.299999952,EI_Excel,0.0019093664259322045,99.9
Sri Lanka,2024,Natural Graphite,Production,EI_CSV,3.299999952,OWID,3300.0,99900.0
Sri Lanka,2024,Natural Graphite,Reserves,EI_CSV,1500.0,EI_Excel,1500.0,0.0
Sri Lanka,2024,Natural Graphite,Reserves,EI_CSV,1500.0,OWID,1500000.0,99900.0
Sudan,1997,Oil,Production,EI_CSV,9.0,OWID,400000.0,4444344.4
Sudan,1998,Oil,Production,EI_CSV,12.0,OWID,600000.0,4999900.0
Sudan,1999,Oil,Production,EI_CSV,63.0,OWID,3100000.0,4920534.9
Sudan,2000,Oil,Production,EI_CSV,179.1319044,OWID,8600000.0,4800831.5
Sudan,2001,Oil,Production,EI_CSV,209.0081205,OWID,10400000.0,4975783.2
Sudan,2002,Oil,Production,EI_CSV,236.1844904,OWID,11500000.0,4868975.0
Sudan,2003,Oil,Production,EI_CSV,262.1303151,OWID,13100000.0,4997414.3
Sudan,2004,Oil,Production,EI_CSV,291.1372672,OWID,14900000.0,5117760.8
Sudan,2005,Oil,Production,EI_CSV,293.6804144,OWID,15000000.0,5107492.9
Sudan,2006,Oil,Production,EI_CSV,356.1608509,OWID,16300000.0,4576483.9
Sudan,2007,Oil,Production,EI_CSV,483.1156603,OWID,23100000.0,4781363.7
Sudan,2008,Oil,Production,EI_CSV,456.951459,OWID,23700000.0,5186446.5
Sudan,2009,Oil,Production,EI_CSV,475.212463,OWID,23400000.0,4924013.3
Sudan,2010,Oil,Production,EI_CSV,462.0708959,OWID,22800000.0,4934207.7
Sudan,2011,Oil,Production,EI_CSV,291.0022712,OWID,14300000.0,4913951.0
Sudan,2012,Oil,Production,EI_CSV,103.1075,OWID,5100000.0,4946193.9
Sudan,2013,Oil,Production,EI_CSV,117.8534,OWID,5800000.0,4921268.4
Sudan,2014,Oil,Production,EI_CSV,119.6045,OWID,3695760.0,3089884.1
Sudan,2015,Oil,Production,EI_CSV,109.0621562,OWID,4187200.0,3839178.6
Sudan,2016,Oil,Production,EI_CSV,84.08300792,OWID,4074800.0,4846063.5
Sudan,2017,Oil,Production,EI_CSV,70.01437372,OWID,3589000.0,5125990.3
Sudan,2018,Oil,Production,EI_CSV,74.199857,OWID,3588400.0,4836027.9
Sudan,2019,Oil,Production,EI_CSV,72.16806453,OWID,3600000.0,4988256.0
Sudan,2020,Oil,Production,EI_CSV,63.36833361,OWID,3100000.0,4891933.3
Sudan,2021,Oil,Production,EI_CSV,64.08541322,OWID,3200000.0,4993236.0
Sudan,2022,Oil,Production,EI_CSV,61.94804588,OWID,3100000.0,5004093.4
Sudan,2023,Oil,Production,EI_CSV,57.45582095,OWID,2800000.0,4873209.5
Syria,1970,Oil,Production,EI_CSV,85.0,OWID,4356000.0,5124605.9
Syria,1971,Oil,Production,EI_CSV,106.0,OWID,5292000.0,4992352.8
Syria,1972,Oil,Production,EI_CSV,117.0,OWID,5868000.0,5015284.6
Syria,1973,Oil,Production,EI_CSV,111.0,OWID,5543000.0,4993593.7
Syria,1974,Oil,Production,EI_CSV,129.0,OWID,6426000.0,4981295.3
Syria,1975,Oil,Production,EI_CSV,192.0,OWID,9572000.0,4985316.7
Syria,1976,Oil,Production,EI_CSV,201.0,OWID,10039000.0,4994427.4
Syria,1977,Oil,Production,EI_CSV,183.0,OWID,9117000.0,4981867.2
Syria,1978,Oil,Production,EI_CSV,179.0,OWID,9060000.0,5061352.5
Syria,1979,Oil,Production,EI_CSV,167.0,OWID,8826000.0,5284929.9
Syria,1980,Oil,Production,EI_CSV,158.0,OWID,8391000.0,5310659.5
Syria,1981,Oil,Production,EI_CSV,164.0,OWID,8659747.0,5280233.5
Syria,1982,Oil,Production,EI_CSV,155.0,OWID,8219143.0,5302572.9
Syria,1983,Oil,Production,EI_CSV,161.0,OWID,8537509.0,5302700.6
Syria,1984,Oil,Production,EI_CSV,162.0,OWID,8590418.0,5302627.2
Syria,1985,Oil,Production,EI_CSV,159.4410959,OWID,8425305.0,5284174.4
Syria,1986,Oil,Production,EI_CSV,200.6,OWID,9660000.0,4815453.3
Syria,1987,Oil,Production,EI_CSV,230.8821918,OWID,12000000.0,5197355.9
Syria,1988,Oil,Production,EI_CSV,268.1967213,OWID,14160000.0,5279606.6
Syria,1989,Oil,Production,EI_CSV,340.6410959,OWID,16998000.0,4989902.7
Syria,1990,Oil,Production,EI_CSV,406.7293151,OWID,20292000.0,4988967.5
Syria,1991,Oil,Production,EI_CSV,471.9835616,OWID,24644000.0,5221268.3
Syria,1992,Oil,Production,EI_CSV,514.3770492,OWID,27660000.0,5377278.3
Syria,1993,Oil,Production,EI_CSV,566.0816438,OWID,29200000.0,5158166.5
Syria,1994,Oil,Production,EI_CSV,563.2684932,OWID,29200000.0,5183928.6
Syria,1995,Oil,Production,EI_CSV,596.2816438,OWID,31589000.0,5297564.3
Syria,1996,Oil,Production,EI_CSV,586.231694,OWID,30600000.0,5219679.2
Syria,1997,Oil,Production,EI_CSV,577.2421918,OWID,28900000.0,5006464.0
Syria,1998,Oil,Production,EI_CSV,576.2383562,OWID,28800000.0,4997831.8
Syria,1999,Oil,Production,EI_CSV,578.829589,OWID,28800000.0,4975457.7
Syria,2000,Oil,Production,EI_CSV,573.0,OWID,27400000.0,4781749.9
Syria,2001,Oil,Production,EI_CSV,613.0,OWID,29000000.0,4730732.0
Syria,2002,Oil,Production,EI_CSV,677.0,OWID,27100000.0,4002854.2
Syria,2003,Oil,Production,EI_CSV,652.0,OWID,26200000.0,4018304.9
Syria,2004,Oil,Production,EI_CSV,487.0,OWID,24700000.0,5071768.6
Syria,2005,Oil,Production,EI_CSV,448.0,OWID,22531000.0,5029141.1
Syria,2006,Oil,Production,EI_CSV,421.0,OWID,19427500.0,4614508.1
Syria,2007,Oil,Production,EI_CSV,404.0,OWID,18600000.0,4603860.4
Syria,2008,Oil,Production,EI_CSV,406.0,OWID,18900559.0,4655210.1
Syria,2009,Oil,Production,EI_CSV,401.0,OWID,18853258.0,4701460.6
Syria,2010,Oil,Production,EI_CSV,385.0,OWID,19100000.0,4960939.0
Syria,2011,Oil,Production,EI_CSV,352.8247,OWID,16500000.0,4676443.3
Syria,2012,Oil,Production,EI_CSV,171.0,OWID,8500000.0,4970660.2
Syria,2013,Oil,Production,EI_CSV,59.1644,OWID,2700000.0,4563455.1
Syria,2014,Oil,Production,EI_CSV,33.0,OWID,1500000.0,4545354.5
Syria,2015,Oil,Production,EI_CSV,27.0,OWID,1200000.0,4444344.4
Syria,2016,Oil,Production,EI_CSV,25.0,OWID,1100000.0,4399900.0
Syria,2017,Oil,Production,EI_CSV,24.60969925,OWID,1100000.0,4469682.4
Syria,2018,Oil,Production,EI_CSV,24.05190086,OWID,1100000.0,4573343.1
Syria,2019,Oil,Production,EI_CSV,33.6489,OWID,1500000.0,4457698.0
Syria,2020,Oil,Production,EI_CSV,43.0183,OWID,2000000.0,4649084.2
Syria,2021,Oil,Production,EI_CSV,43.49760056,OWID,2000000.0,4597854.8
Syria,2022,Oil,Production,EI_CSV,42.79999924,OWID,2000000.0,4672797.3
Syria,2023,Oil,Production,EI_CSV,39.97539902,OWID,1800000.0,4502669.3
Tanzania,2023,Gold,Reserves,OWID,420.0,OWID,420.0,0.0
Tanzania,2024,Gold,Reserves,OWID,400.0,OWID,400.0,0.0
Thailand,1981,Coal,Production,EI_CSV,1.686044,OWID,1686044.0,99999900.0
Thailand,1982,Coal,Production,EI_CSV,1.963764,OWID,1963764.0,99999900.0
Thailand,1982,Oil,Production,EI_CSV,5.9,OWID,28115.0,476425.4
Thailand,1983,Coal,Production,EI_CSV,1.866083,OWID,1866083.0,99999900.0
Thailand,1983,Oil,Production,EI_CSV,13.3,OWID,355283.0,2671200.8
Thailand,1984,Coal,Production,EI_CSV,2.337226,OWID,2337226.0,99999900.0
Thailand,1984,Oil,Production,EI_CSV,23.8,OWID,797129.0,3349181.5
Thailand,1985,Coal,Production,EI_CSV,5.14615,OWID,5146150.0,99999900.0
Thailand,1985,Oil,Production,EI_CSV,48.5,OWID,1123113.0,2315596.9
Thailand,1986,Coal,Production,EI_CSV,5.538084,OWID,5542247.0,100075070.4
Thailand,1986,Oil,Production,EI_CSV,48.44716493,OWID,1425000.0,2941248.6
Thailand,1987,Coal,Production,EI_CSV,6.931257,OWID,6929212.0,99970396.0
Thailand,1987,Oil,Production,EI_CSV,44.77598027,OWID,1600000.0,3573244.4
Thailand,1988,Coal,Production,EI_CSV,7.295059,OWID,7273647.0,99706386.3
Thailand,1988,Oil,Production,EI_CSV,50.9672612,OWID,2008700.0,3941057.4
Thailand,1989,Coal,Production,EI_CSV,9.009922,OWID,8899195.0,98770954.8
Thailand,1989,Oil,Production,EI_CSV,48.90699397,OWID,2087000.0,4267183.3
Thailand,1990,Coal,Production,EI_CSV,12.438473,OWID,12421138.0,99860534.0
Thailand,1990,Oil,Production,EI_CSV,59.77543671,OWID,2292500.0,3835087.4
Thailand,1991,Coal,Production,EI_CSV,14.646015,OWID,14688440.0,100289569.2
Thailand,1991,Oil,Production,EI_CSV,70.98710466,OWID,2432400.0,3426437.8
Thailand,1992,Coal,Production,EI_CSV,15.408561,OWID,15640230.0,101503408.3
Thailand,1992,Oil,Production,EI_CSV,83.56346557,OWID,2315000.0,2770249.4
Thailand,1993,Coal,Production,EI_CSV,15.557927,OWID,15608259.0,100323413.5
Thailand,1993,Oil,Production,EI_CSV,86.86063014,OWID,2319000.0,2669694.1
Thailand,1994,Coal,Production,EI_CSV,17.104871,OWID,17111554.0,100038970.7
Thailand,1994,Oil,Production,EI_CSV,86.2336274,OWID,2309000.0,2677509.7
Thailand,1995,Coal,Production,EI_CSV,18.430798,OWID,18423738.0,99961594.6
Thailand,1995,Oil,Production,EI_CSV,84.79402466,OWID,2424000.0,2858592.0
Thailand,1995,Rare Earth,Production,EI_CSV,0.0,EI_Excel,0.0,inf
Thailand,1996,Coal,Production,EI_CSV,21.690394,OWID,21688894.0,99992984.5
Thailand,1996,Oil,Production,EI_CSV,95.95865137,OWID,2813000.0,2931371.0
Thailand,1996,Rare Earth,Production,EI_CSV,0.0,EI_Excel,0.0,inf
Thailand,1997,Coal,Production,EI_CSV,23.438556,OWID,23443475.0,100020886.8
Thailand,1997,Oil,Production,EI_CSV,109.4329912,OWID,3231000.0,2952391.7
Thailand,1997,Rare Earth,Production,EI_CSV,0.012,EI_Excel,0.012,0.0
Thailand,1998,Coal,Production,EI_CSV,19.996195,OWID,20161721.0,100827687.5
Thailand,1998,Oil,Production,EI_CSV,113.4546438,OWID,4000000.0,3525538.0
Thailand,1999,Coal,Production,EI_CSV,18.261308,OWID,18266308.0,100027280.3
Thailand,1999,Oil,Production,EI_CSV,122.8024137,OWID,4500000.0,3664323.1
Thailand,2000,Coal,Production,EI_CSV,17.785747,OWID,17713753.0,99595115.2
Thailand,2000,Oil,Production,EI_CSV,185.7813921,OWID,5800000.0,3121848.8
Thailand,2001,Coal,Production,EI_CSV,19.606995,OWID,19616996.0,100050907.3
Thailand,2001,Oil,Production,EI_CSV,205.5985886,OWID,6100000.0,2966846.4
Thailand,2002,Coal,Production,EI_CSV,19.601984,OWID,19601984.0,99999900.0
Thailand,2002,Oil,Production,EI_CSV,221.5625344,OWID,6900000.0,3114144.9
Thailand,2003,Coal,Production,EI_CSV,18.843395,OWID,18843395.0,99999900.0
Thailand,2003,Oil,Production,EI_CSV,254.7277879,OWID,8600000.0,3376053.1
Thailand,2004,Coal,Production,EI_CSV,20.059844,OWID,20059845.0,99999905.0
Thailand,2004,Oil,Production,EI_CSV,251.1756426,OWID,8300000.0,3304360.5
Thailand,2005,Coal,Production,EI_CSV,20.878176,OWID,20878176.0,99999900.0
Thailand,2005,Oil,Production,EI_CSV,309.5670318,OWID,10000000.0,3230218.1
Thailand,2006,Coal,Production,EI_CSV,19.070608,OWID,19070608.0,99999900.0
Thailand,2006,Oil,Production,EI_CSV,336.04024,OWID,11300000.0,3362592.5
Thailand,2007,Coal,Production,EI_CSV,18.239176,OWID,18239176.0,99999900.0
Thailand,2007,Oil,Production,EI_CSV,353.7489107,OWID,11500000.0,3250793.4
Thailand,2008,Coal,Production,EI_CSV,18.095385,OWID,18095335.0,99999623.7
Thailand,2008,Oil,Production,EI_CSV,370.8114087,OWID,12400000.0,3343917.9
Thailand,2009,Coal,Production,EI_CSV,17.5661,OWID,16360261.0,93135319.9
Thailand,2009,Oil,Production,EI_CSV,385.2718416,OWID,12900000.0,3348185.2
Thailand,2009,Rare Earth,Production,EI_CSV,4.0,EI_Excel,4.0,0.0
Thailand,2010,Coal,Production,EI_CSV,18.258062,OWID,18399399.0,100774007.4
Thailand,2010,Oil,Production,EI_CSV,393.3661781,OWID,13000000.0,3304708.8
Thailand,2010,Rare Earth,Production,EI_CSV,5.599999905,EI_Excel,5.6,0.0
Thailand,2011,Coal,Production,EI_CSV,21.327106,OWID,21324406.0,99987240.1
Thailand,2011,Oil,Production,EI_CSV,429.0055874,OWID,12100000.0,2820376.1
Thailand,2011,Rare Earth,Production,EI_CSV,3.099999905,EI_Excel,3.1,0.0
Thailand,2012,Coal,Production,EI_CSV,18.066429,OWID,18652557.0,103244193.6
Thailand,2012,Oil,Production,EI_CSV,470.7641355,OWID,13413000.0,2849097.5
Thailand,2012,Rare Earth,Production,EI_CSV,0.119999997,EI_Excel,0.12,0.0
Thailand,2013,Coal,Production,EI_CSV,18.110763,OWID,18110763.0,99999900.0
Thailand,2013,Oil,Production,EI_CSV,465.5782159,OWID,13421000.0,2882552.1
Thailand,2013,Rare Earth,Production,EI_CSV,0.129999995,EI_Excel,0.12999999999999998,0.0
Thailand,2014,Coal,Production,EI_CSV,17.9817215,OWID,17991362.0,100053512.8
Thailand,2014,Oil,Production,EI_CSV,463.8961764,OWID,12992000.0,2800526.7
Thailand,2014,Rare Earth,Production,EI_CSV,1.899999976,EI_Excel,1.9,0.0
Thailand,2015,Coal,Production,EI_CSV,15.150549,OWID,15150549.0,99999900.0
Thailand,2015,Oil,Production,EI_CSV,480.666103,OWID,13816000.0,2874244.6
Thailand,2015,Rare Earth,Production,EI_CSV,0.75999999,EI_Excel,0.7599999999999999,0.0
Thailand,2016,Coal,Production,EI_CSV,16.978601,OWID,17069712.0,100536522.5
Thailand,2016,Oil,Production,EI_CSV,488.5437639,OWID,14520000.0,2971998.1
Thailand,2016,Rare Earth,Production,EI_CSV,1.600000024,EI_Excel,1.5999999999999999,0.0
Thailand,2017,Coal,Production,EI_CSV,16.258637,OWID,16258637.0,99999900.0
Thailand,2017,Oil,Production,EI_CSV,486.339154,OWID,13390000.0,2753122.7
Thailand,2017,Rare Earth,Production,EI_CSV,1.299999952,EI_Excel,1.3,0.0
Thailand,2018,Coal,Production,EI_CSV,14.85195,OWID,14851950.0,99999900.0
Thailand,2018,Oil,Production,EI_CSV,475.2117605,OWID,17000000.0,3577252.5
Thailand,2018,Rare Earth,Production,EI_CSV,1.0,EI_Excel,1.0,0.0
Thailand,2019,Coal,Production,EI_CSV,14.077965,OWID,14071710.0,99955468.9
Thailand,2019,Oil,Production,EI_CSV,474.6076444,OWID,16900000.0,3560736.0
Thailand,2019,Rare Earth,Production,EI_CSV,1.899999976,EI_Excel,1.9,0.0
Thailand,2020,Coal,Production,EI_CSV,13.250574,OWID,13250574.0,99999900.0
Thailand,2020,Oil,Production,EI_CSV,420.5163051,OWID,15100000.0,3590723.9
Thailand,2020,Rare Earth,Production,EI_CSV,3.599999905,EI_Excel,3.6,0.0
Thailand,2020,Rare Earth,Production,EI_CSV,3.599999905,OWID,3600.0,99900.0
Thailand,2021,Coal,Production,EI_CSV,14.221573,OWID,14221573.0,99999900.0
Thailand,2021,Oil,Production,EI_CSV,398.1214707,OWID,13900000.0,3491296.7
Thailand,2021,Rare Earth,Production,EI_CSV,8.199999809,EI_Excel,8.2,0.0
Thailand,2021,Rare Earth,Production,EI_CSV,8.199999809,OWID,8200.0,99900.0
Thailand,2022,Coal,Production,EI_CSV,13.641283,OWID,13641283.0,99999900.0
Thailand,2022,Oil,Production,EI_CSV,328.1903592,OWID,11500000.0,3503963.9
Thailand,2022,Rare Earth,Production,EI_CSV,7.099999905,EI_Excel,7.1,0.0
Thailand,2022,Rare Earth,Production,EI_CSV,7.099999905,OWID,7100.0,99900.0
Thailand,2023,Coal,Production,EI_CSV,12.810881,OWID,12713628.0,99240756.3
Thailand,2023,Oil,Production,EI_CSV,323.9397996,OWID,11200000.0,3457332.5
Thailand,2023,Rare Earth,Production,EI_CSV,3.599999905,EI_Excel,3.6,0.0
Thailand,2023,Rare Earth,Production,EI_CSV,3.599999905,OWID,3600.0,99900.0
Thailand,2024,Rare Earth,Production,EI_CSV,13.0,EI_Excel,13.0,0.0
Thailand,2024,Rare Earth,Production,EI_CSV,13.0,EI_Excel,2.611111111111111,79.9
Thailand,2024,Rare Earth,Production,EI_CSV,13.0,EI_Excel,0.034224035803606695,99.7
Thailand,2024,Rare Earth,Production,EI_CSV,13.0,OWID,13000.0,99900.0
Thailand,2024,Rare Earth,Reserves,EI_CSV,4.5,EI_Excel,4.5,0.0
Thailand,2024,Rare Earth,Reserves,EI_CSV,4.5,OWID,4500.0,99900.0
Tunisia,1970,Oil,Production,EI_CSV,87.45531507,OWID,4449000.0,5087069.4
Tunisia,1971,Oil,Production,EI_CSV,86.57043836,OWID,4092000.0,4726686.7
Tunisia,1972,Oil,Production,EI_CSV,83.56046448,OWID,3965000.0,4744967.0
Tunisia,1973,Oil,Production,EI_CSV,81.70361644,OWID,3870000.0,4736532.4
Tunisia,1974,Oil,Production,EI_CSV,87.20249315,OWID,4139000.0,4746323.9
Tunisia,1975,Oil,Production,EI_CSV,97.10468493,OWID,4609000.0,4746323.9
Tunisia,1976,Oil,Production,EI_CSV,77.95054645,OWID,3710000.0,4759327.8
Tunisia,1977,Oil,Production,EI_CSV,90.67879452,OWID,4304000.0,4746323.9
Tunisia,1978,Oil,Production,EI_CSV,104.1626301,OWID,4944000.0,4746323.9
Tunisia,1979,Oil,Production,EI_CSV,116.6351781,OWID,5536000.0,4746323.9
Tunisia,1980,Oil,Production,EI_CSV,118.2284973,OWID,5627000.0,4759327.8
Tunisia,1981,Oil,Production,EI_CSV,113.9173425,OWID,5407000.0,4746323.9
Tunisia,1982,Oil,Production,EI_CSV,108.4184658,OWID,5146000.0,4746323.9
Tunisia,1983,Oil,Production,EI_CSV,116.5509041,OWID,5532000.0,4746323.9
Tunisia,1984,Oil,Production,EI_CSV,115.1398907,OWID,5480000.0,4759327.8
Tunisia,1985,Oil,Production,EI_CSV,113.938411,OWID,5408000.0,4746323.9
Tunisia,1986,Oil,Production,EI_CSV,110.609589,OWID,5249000.0,4745419.8
Tunisia,1987,Oil,Production,EI_CSV,105.6165205,OWID,5005000.0,4738742.0
Tunisia,1988,Oil,Production,EI_CSV,103.8866667,OWID,4908000.0,4724279.1
Tunisia,1989,Oil,Production,EI_CSV,104.7085753,OWID,4916000.0,4694835.4
Tunisia,1990,Oil,Production,EI_CSV,101.7495342,OWID,4502000.0,4424490.3
Tunisia,1991,Oil,Production,EI_CSV,116.6007123,OWID,5195000.0,4455275.9
Tunisia,1992,Oil,Production,EI_CSV,116.6237705,OWID,5195000.0,4454395.0
Tunisia,1993,Oil,Production,EI_CSV,105.9476164,OWID,4650000.0,4388861.4
Tunisia,1994,Oil,Production,EI_CSV,97.63460274,OWID,4378000.0,4483966.0
Tunisia,1995,Oil,Production,EI_CSV,95.22178082,OWID,4251000.0,4464214.7
Tunisia,1996,Oil,Production,EI_CSV,94.24259563,OWID,4191000.0,4446933.7
Tunisia,1997,Oil,Production,EI_CSV,89.60931507,OWID,3806000.0,4247226.3
Tunisia,1998,Oil,Production,EI_CSV,87.52120548,OWID,3895300.0,4450592.8
Tunisia,1999,Oil,Production,EI_CSV,90.17835616,OWID,3938000.0,4366801.5
Tunisia,2000,Oil,Production,EI_CSV,76.94202186,OWID,3700000.0,4808715.7
Tunisia,2001,Oil,Production,EI_CSV,70.55838356,OWID,3343900.0,4739095.9
Tunisia,2002,Oil,Production,EI_CSV,73.44476712,OWID,3535000.0,4813040.7
Tunisia,2003,Oil,Production,EI_CSV,66.78712329,OWID,3224000.0,4827177.8
Tunisia,2004,Oil,Production,EI_CSV,70.23953552,OWID,3400000.0,4840478.7
Tunisia,2005,Oil,Production,EI_CSV,71.6750137,OWID,3459000.0,4825849.5
Tunisia,2006,Oil,Production,EI_CSV,68.72542466,OWID,3261300.0,4745305.4
Tunisia,2007,Oil,Production,EI_CSV,95.77736986,OWID,4546000.0,4746323.9
Tunisia,2008,Oil,Production,EI_CSV,87.27939891,OWID,4146000.0,4750161.9
Tunisia,2009,Oil,Production,EI_CSV,82.46208219,OWID,3902000.0,4731771.8
Tunisia,2010,Oil,Production,EI_CSV,81.56726901,OWID,3731400.0,4574529.1
Tunisia,2011,Oil,Production,EI_CSV,73.12636575,OWID,3203300.0,4380399.4
Tunisia,2012,Oil,Production,EI_CSV,73.20720016,OWID,3314000.0,4526777.1
Tunisia,2013,Oil,Production,EI_CSV,67.92673745,OWID,3038000.0,4472365.7
Tunisia,2014,Oil,Production,EI_CSV,62.90497789,OWID,2813000.0,4471724.2
Tunisia,2015,Oil,Production,EI_CSV,56.92026931,OWID,2547000.0,4474580.2
Tunisia,2016,Oil,Production,EI_CSV,53.59800546,OWID,2168400.0,4045572.9
Tunisia,2017,Oil,Production,EI_CSV,45.47654795,OWID,1827600.0,4018674.7
Tunisia,2018,Oil,Production,EI_CSV,43.71326027,OWID,1764000.0,4035288.8
Tunisia,2019,Oil,Production,EI_CSV,39.9470137,OWID,1686000.0,4220490.8
Tunisia,2020,Oil,Production,EI_CSV,36.91338798,OWID,1557600.0,4219507.3
Tunisia,2021,Oil,Production,EI_CSV,45.4350137,OWID,1930000.0,4247725.3
Tunisia,2022,Oil,Production,EI_CSV,38.09038356,OWID,1664700.0,4370294.4
Tunisia,2023,Oil,Production,EI_CSV,37.47186301,OWID,1561800.0,4167827.3
Turkey,2020,Natural Graphite,Production,EI_Excel,15.205,OWID,2500.0,16342.0
Turkey,2021,Natural Graphite,Production,EI_Excel,28.336,OWID,2700.0,9428.5
Turkey,2022,Natural Graphite,Production,EI_Excel,27.715,OWID,2800.0,10002.8
Turkey,2023,Natural Graphite,Production,EI_Excel,27.974,OWID,2800.0,9909.3
Turkey,2024,Natural Graphite,Production,EI_Excel,26.369,EI_Excel,-0.05737470508329168,100.2
Turkey,2024,Natural Graphite,Production,EI_Excel,26.369,EI_Excel,0.015256994934971606,99.9
Turkey,2024,Natural Graphite,Production,EI_Excel,26.369,OWID,3100.0,11656.2
Turkey,2024,Natural Graphite,Reserves,EI_Excel,69000.0,OWID,6900000.0,9900.0
Turkmenistan,1992,Oil,Production,EI_CSV,108.7978142,OWID,5227000.0,4804224.5
Turkmenistan,1993,Oil,Production,EI_CSV,91.59780822,OWID,4900000.0,5349373.0
Turkmenistan,1994,Oil,Production,EI_CSV,86.60876712,OWID,4400000.0,5080217.1
Turkmenistan,1995,Oil,Production,EI_CSV,83.8630137,OWID,4524400.0,5394888.6
Turkmenistan,1996,Oil,Production,EI_CSV,89.65710383,OWID,4923200.0,5491043.2
Turkmenistan,1997,Oil,Production,EI_CSV,108.3536986,OWID,5367500.0,4953584.2
Turkmenistan,1998,Oil,Production,EI_CSV,128.6369863,OWID,6819200.0,5301019.2
Turkmenistan,1999,Oil,Production,EI_CSV,142.6443836,OWID,7159800.0,5019235.4
Turkmenistan,2000,Oil,Production,EI_CSV,146.1420765,OWID,7181000.0,4913611.5
Turkmenistan,2001,Oil,Production,EI_CSV,155.9013699,OWID,8000000.0,5131349.5
Turkmenistan,2002,Oil,Production,EI_CSV,165.260274,OWID,9000000.0,5445854.9
Turkmenistan,2003,Oil,Production,EI_CSV,175.7315068,OWID,10000000.0,5690399.2
Turkmenistan,2004,Oil,Production,EI_CSV,186.010929,OWID,9600000.0,5160887.1
Turkmenistan,2005,Oil,Production,EI_CSV,197.309589,OWID,9500000.0,4814668.5
Turkmenistan,2006,Oil,Production,EI_CSV,202.509589,OWID,9200000.0,4542894.8
Turkmenistan,2007,Oil,Production,EI_CSV,208.3452055,OWID,9800000.0,4703632.0
Turkmenistan,2008,Oil,Production,EI_CSV,215.3387978,OWID,10200000.0,4736621.9
Turkmenistan,2009,Oil,Production,EI_CSV,221.2876712,OWID,10200000.0,4609284.7
Turkmenistan,2010,Oil,Production,EI_CSV,226.4876712,OWID,10700000.0,4724219.0
Turkmenistan,2011,Oil,Production,EI_CSV,234.0876712,OWID,10700000.0,4570837.0
Turkmenistan,2012,Oil,Production,EI_CSV,244.1967213,OWID,11000000.0,4504465.0
Turkmenistan,2013,Oil,Production,EI_CSV,255.6438356,OWID,11400000.0,4459229.1
Turkmenistan,2014,Oil,Production,EI_CSV,263.2438356,OWID,12500000.0,4748349.3
Turkmenistan,2015,Oil,Production,EI_CSV,270.8438356,OWID,13200000.0,4873557.2
Turkmenistan,2016,Oil,Production,EI_CSV,270.2814208,OWID,13200000.0,4883698.5
Turkmenistan,2017,Oil,Production,EI_CSV,268.8164384,OWID,13100000.0,4873113.9
Turkmenistan,2018,Oil,Production,EI_CSV,258.6476712,OWID,12600000.0,4871391.8
Turkmenistan,2019,Oil,Production,EI_CSV,254.3649315,OWID,12200000.0,4796158.6
Turkmenistan,2020,Oil,Production,EI_CSV,218.8439518,OWID,10400000.0,4752144.7
Turkmenistan,2021,Oil,Production,EI_CSV,206.2407814,OWID,9800000.0,4751627.5
Turkmenistan,2022,Oil,Production,EI_CSV,203.0452854,OWID,9600000.0,4727909.3
Turkmenistan,2023,Oil,Production,EI_CSV,190.7122192,OWID,9200000.0,4823922.3
US,1995,Lithium,Production,EI_CSV,3.5,EI_Excel,3.4999999999999996,0.0
US,1995,Rare Earth,Production,EI_CSV,22.20000076,EI_Excel,22.199999999999996,0.0
US,1996,Lithium,Production,EI_CSV,4.0,EI_Excel,4.0,0.0
US,1996,Rare Earth,Production,EI_CSV,20.39999962,EI_Excel,20.4,0.0
US,1997,Lithium,Production,EI_CSV,4.0,EI_Excel,4.0,0.0
US,1997,Rare Earth,Production,EI_CSV,10.0,EI_Excel,10.0,0.0
US,1998,Lithium,Production,EI_CSV,1.5,EI_Excel,1.5,0.0
US,1998,Rare Earth,Production,EI_CSV,5.0,EI_Excel,5.0,0.0
US,1999,Lithium,Production,EI_CSV,1.5,EI_Excel,1.5,0.0
US,2000,Lithium,Production,EI_CSV,1.5,EI_Excel,1.5,0.0
US,2001,Lithium,Production,EI_CSV,1.5,EI_Excel,1.5,0.0
US,2002,Lithium,Production,EI_CSV,1.5,EI_Excel,1.5,0.0
US,2003,Lithium,Production,EI_CSV,1.5,EI_Excel,1.5,0.0
US,2004,Lithium,Production,EI_CSV,1.5,EI_Excel,1.5,0.0
US,2005,Lithium,Production,EI_CSV,1.5,EI_Excel,1.5,0.0
US,2006,Lithium,Production,EI_CSV,1.5,EI_Excel,1.5,0.0
US,2007,Lithium,Production,EI_CSV,1.5,EI_Excel,1.5,0.0
US,2008,Lithium,Production,EI_CSV,1.5,EI_Excel,1.5,0.0
US,2008,Rare Earth,Production,EI_CSV,0.0,EI_Excel,0.0,inf
US,2009,Lithium,Production,EI_CSV,1.5,EI_Excel,1.5,0.0
US,2009,Rare Earth,Production,EI_CSV,0.0,EI_Excel,0.0,inf
US,2010,Lithium,Production,EI_CSV,1.0,EI_Excel,1.0,0.0
US,2010,Rare Earth,Production,EI_CSV,0.0,EI_Excel,0.0,inf
US,2011,Lithium,Production,EI_CSV,1.0,EI_Excel,1.0,0.0
US,2011,Rare Earth,Production,EI_CSV,0.0,EI_Excel,0.0,inf
US,2012,Lithium,Production,EI_CSV,1.0,EI_Excel,1.0,0.0
US,2012,Rare Earth,Production,EI_CSV,3.0,EI_Excel,3.0,0.0
US,2013,Lithium,Production,EI_CSV,0.870000005,EI_Excel,0.87,0.0
US,2013,Rare Earth,Production,EI_CSV,5.5,EI_Excel,5.5,0.0
US,2014,Lithium,Production,EI_CSV,0.899999976,EI_Excel,0.9,0.0
US,2014,Rare Earth,Production,EI_CSV,5.400000095,EI_Excel,5.3999999999999995,0.0
US,2015,Lithium,Production,EI_CSV,0.899999976,EI_Excel,0.9,0.0
US,2015,Rare Earth,Production,EI_CSV,5.900000095,EI_Excel,5.8999999999999995,0.0
US,2016,Lithium,Production,EI_CSV,0.899999976,EI_Excel,0.9,0.0
US,2016,Rare Earth,Production,EI_CSV,0.0,EI_Excel,0.0,inf
US,2017,Lithium,Production,EI_CSV,0.899999976,EI_Excel,0.9,0.0
US,2017,Rare Earth,Production,EI_CSV,0.0,EI_Excel,0.0,inf
US,2018,Lithium,Production,EI_CSV,0.899999976,EI_Excel,0.9,0.0
US,2018,Rare Earth,Production,EI_CSV,18.0,EI_Excel,18.0,0.0
US,2019,Lithium,Production,EI_CSV,0.899999976,EI_Excel,0.9,0.0
US,2019,Rare Earth,Production,EI_CSV,28.0,EI_Excel,27.999999999999996,0.0
US,2020,Lithium,Production,EI_CSV,0.899999976,EI_Excel,0.9,0.0
US,2020,Rare Earth,Production,EI_CSV,39.0,EI_Excel,39.0,0.0
US,2021,Lithium,Production,EI_CSV,0.939234018,EI_Excel,0.9392340087890624,0.0
US,2021,Rare Earth,Production,EI_CSV,42.0,EI_Excel,41.99999999999999,0.0
US,2022,Lithium,Production,EI_CSV,0.614907682,EI_Excel,0.6149076943768712,0.0
US,2022,Rare Earth,Production,EI_CSV,42.0,EI_Excel,41.99999999999999,0.0
US,2023,Lithium,Production,EI_CSV,0.614907682,EI_Excel,0.6149076943768712,0.0
US,2023,Rare Earth,Production,EI_CSV,41.59999847,EI_Excel,41.6,0.0
US,2024,Copper,Production,EI_Excel,1100.0,EI_Excel,-0.026548672566371723,100.0
US,2024,Copper,Production,EI_Excel,1100.0,EI_Excel,0.048651039363113664,100.0
US,2024,Lithium,Production,EI_CSV,0.920562983,EI_Excel,0.9205629999999999,0.0
US,2024,Lithium,Production,EI_CSV,0.920562983,EI_Excel,0.49707510317116865,46.0
US,2024,Lithium,Production,EI_CSV,0.920562983,EI_Excel,0.0037629784130924528,99.6
US,2024,Lithium,Reserves,EI_CSV,1800.0,EI_Excel,1799.9999999999998,0.0
US,2024,Rare Earth,Production,EI_CSV,45.0,EI_Excel,45.0,0.0
US,2024,Rare Earth,Production,EI_CSV,45.0,EI_Excel,0.08173076923076916,99.8
US,2024,Rare Earth,Production,EI_CSV,45.0,EI_Excel,0.11846781624325395,99.7
US,2024,Rare Earth,Reserves,EI_CSV,1900.0,EI_Excel,1900.0,0.0
US,2024,Zinc,Production,EI_Excel,750.0,EI_Excel,-0.022164276401564487,100.0
US,2024,Zinc,Production,EI_Excel,750.0,EI_Excel,0.06270903010033445,100.0
USSR,1970,Oil,Production,EI_CSV,7126.746301,OWID,355000000.0,4981135.3
USSR,1971,Oil,Production,EI_CSV,7610.459178,OWID,372000000.0,4887909.9
USSR,1972,Oil,Production,EI_CSV,8064.128415,OWID,421000000.0,5220551.0
USSR,1973,Oil,Production,EI_CSV,8664.421918,OWID,429000000.0,4951182.4
USSR,1974,Oil,Production,EI_CSV,9270.405479,OWID,458948000.0,4950578.8
USSR,1975,Oil,Production,EI_CSV,9915.984384,OWID,490801000.0,4949494.3
USSR,1976,Oil,Production,EI_CSV,10465.5959,OWID,519677000.0,4965474.9
USSR,1977,Oil,Production,EI_CSV,11009.91425,OWID,545799000.0,4957241.1
USSR,1978,Oil,Production,EI_CSV,11530.75425,OWID,571531000.0,4956479.5
USSR,1979,Oil,Production,EI_CSV,11805.42466,OWID,585571000.0,4960085.8
USSR,1980,Oil,Production,EI_CSV,12116.41448,OWID,603207000.0,4978328.2
USSR,1981,Coal,Production,EI_CSV,778.147,OWID,704044000.0,90476892.1
USSR,1981,Oil,Production,EI_CSV,12260.25288,OWID,608820000.0,4965703.0
USSR,1982,Coal,Production,EI_CSV,777.977,OWID,718100000.0,92303400.0
USSR,1982,Oil,Production,EI_CSV,12329.78548,OWID,612600000.0,4968356.3
USSR,1983,Coal,Production,EI_CSV,774.775,OWID,716100000.0,92426733.6
USSR,1983,Oil,Production,EI_CSV,12403.43425,OWID,616300000.0,4968685.2
USSR,1984,Coal,Production,EI_CSV,761.911,OWID,712300000.0,93488509.6
USSR,1984,Oil,Production,EI_CSV,12296.67705,OWID,612700000.0,4982546.9
Ukraine,1992,Coal,Production,EI_CSV,126.375,OWID,102500000.0,81107714.0
Ukraine,1993,Coal,Production,EI_CSV,108.717,OWID,115800000.0,106514980.4
Ukraine,1994,Coal,Production,EI_CSV,88.598,OWID,94600000.0,106774319.3
Ukraine,1995,Coal,Production,EI_CSV,77.875,OWID,87841000.0,112797331.8
Ukraine,1995,Natural Graphite,Production,EI_CSV,8.756999969,EI_Excel,8.757,0.0
Ukraine,1996,Coal,Production,EI_CSV,57.989,OWID,75719000.0,130574664.2
Ukraine,1996,Natural Graphite,Production,EI_CSV,5.367000103,EI_Excel,5.366999999999999,0.0
Ukraine,1997,Coal,Production,EI_CSV,59.345,OWID,76947000.0,129660360.0
Ukraine,1997,Natural Graphite,Production,EI_CSV,4.289000034,EI_Excel,4.289,0.0
Ukraine,1998,Coal,Production,EI_CSV,60.215,OWID,77176000.0,128167300.1
Ukraine,1998,Natural Graphite,Production,EI_CSV,5.104000092,EI_Excel,5.104,0.0
Ukraine,1999,Coal,Production,EI_CSV,63.464,OWID,81824000.0,128929687.0
Ukraine,1999,Natural Graphite,Production,EI_CSV,7.460999966,EI_Excel,7.460999999999999,0.0
Ukraine,2000,Coal,Production,EI_CSV,62.89,OWID,80990000.0,128780310.2
Ukraine,2000,Natural Graphite,Production,EI_CSV,7.431000233,EI_Excel,7.430999999999999,0.0
Ukraine,2001,Coal,Production,EI_CSV,62.097,OWID,83430000.0,134354216.6
Ukraine,2001,Natural Graphite,Production,EI_CSV,6.400000095,EI_Excel,6.3999999999999995,0.0
Ukraine,2002,Coal,Production,EI_CSV,62.242,OWID,82540000.0,132611319.9
Ukraine,2002,Natural Graphite,Production,EI_CSV,9.399999619,EI_Excel,9.4,0.0
Ukraine,2003,Coal,Production,EI_CSV,60.685,OWID,79340000.0,130740610.2
Ukraine,2003,Natural Graphite,Production,EI_CSV,11.0,EI_Excel,11.0,0.0
Ukraine,2004,Coal,Production,EI_CSV,60.281,OWID,80152000.0,132963852.2
Ukraine,2004,Natural Graphite,Production,EI_CSV,10.89999962,EI_Excel,10.9,0.0
Ukraine,2005,Coal,Production,EI_CSV,61.386,OWID,78738000.0,128266931.6
Ukraine,2005,Natural Graphite,Production,EI_CSV,10.39999962,EI_Excel,10.400000000000002,0.0
Ukraine,2006,Coal,Production,EI_CSV,62.393,OWID,80431000.0,128910194.4
Ukraine,2006,Natural Graphite,Production,EI_CSV,5.800000191,EI_Excel,5.8,0.0
Ukraine,2007,Coal,Production,EI_CSV,59.147,OWID,75720400.0,128020594.2
Ukraine,2007,Natural Graphite,Production,EI_CSV,10.19999981,EI_Excel,10.2,0.0
Ukraine,2008,Coal,Production,EI_CSV,59.822,OWID,77965200.0,130328541.6
Ukraine,2008,Natural Graphite,Production,EI_CSV,10.69999981,EI_Excel,10.7,0.0
Ukraine,2009,Coal,Production,EI_CSV,55.426,OWID,55152000.0,99505547.2
Ukraine,2009,Natural Graphite,Production,EI_CSV,2.700000048,EI_Excel,2.7,0.0
Ukraine,2010,Coal,Production,EI_CSV,55.387,OWID,54952000.0,99214517.1
Ukraine,2010,Natural Graphite,Production,EI_CSV,0.0,EI_Excel,0.0,inf
Ukraine,2011,Coal,Production,EI_CSV,63.191,OWID,62661000.0,99161173.0
Ukraine,2011,Natural Graphite,Production,EI_CSV,0.899999976,EI_Excel,0.9000000000000001,0.0
Ukraine,2012,Coal,Production,EI_CSV,66.151,OWID,65705000.0,99325684.9
Ukraine,2012,Natural Graphite,Production,EI_CSV,7.0,EI_Excel,7.0,0.0
Ukraine,2013,Coal,Production,EI_CSV,64.894,OWID,64427000.0,99280264.9
Ukraine,2013,Natural Graphite,Production,EI_CSV,2.0,EI_Excel,2.0,0.0
Ukraine,2014,Coal,Production,EI_CSV,45.687,OWID,45932000.0,100536157.6
Ukraine,2014,Natural Graphite,Production,EI_CSV,8.0,EI_Excel,8.0,0.0
Ukraine,2015,Coal,Production,EI_CSV,30.408,OWID,29917000.0,98385193.3
Ukraine,2015,Natural Graphite,Production,EI_CSV,7.900000095,EI_Excel,7.9,0.0
Ukraine,2016,Coal,Production,EI_CSV,32.17,OWID,31630000.0,98321317.5
Ukraine,2016,Natural Graphite,Production,EI_CSV,6.099999905,EI_Excel,6.1,0.0
Ukraine,2017,Coal,Production,EI_CSV,24.685,OWID,24167000.0,97901459.7
Ukraine,2017,Natural Graphite,Production,EI_CSV,13.89999962,EI_Excel,13.9,0.0
Ukraine,2018,Coal,Production,EI_CSV,26.794,OWID,26254000.0,97984523.4
Ukraine,2018,Natural Graphite,Production,EI_CSV,12.19999981,EI_Excel,12.2,0.0
Ukraine,2019,Coal,Production,EI_CSV,26.07,OWID,25530400.0,97930088.0
Ukraine,2019,Natural Graphite,Production,EI_CSV,1.5,EI_Excel,1.5,0.0
Ukraine,2020,Coal,Production,EI_CSV,24.44,OWID,24168300.0,98888197.9
Ukraine,2020,Natural Graphite,Production,EI_CSV,4.100745201,EI_Excel,4.100745,0.0
Ukraine,2020,Natural Graphite,Production,EI_CSV,4.100745201,OWID,16000.0,390073.0
Ukraine,2021,Coal,Production,EI_CSV,23.7619,OWID,23761900.0,99999900.0
Ukraine,2021,Natural Graphite,Production,EI_CSV,3.184178114,EI_Excel,3.184178,0.0
Ukraine,2021,Natural Graphite,Production,EI_CSV,3.184178114,OWID,10000.0,313952.8
Ukraine,2022,Coal,Production,EI_CSV,20.3096,OWID,20309600.0,99999900.0
Ukraine,2022,Natural Graphite,Production,EI_CSV,1.0,EI_Excel,1.0,0.0
Ukraine,2022,Natural Graphite,Production,EI_CSV,1.0,OWID,1000.0,99900.0
Ukraine,2023,Coal,Production,EI_CSV,19.700312,OWID,23300000.0,118272138.5
Ukraine,2023,Natural Graphite,Production,EI_CSV,1.669999957,EI_Excel,1.67,0.0
Ukraine,2023,Natural Graphite,Production,EI_CSV,1.669999957,OWID,1670.0,99900.0
Ukraine,2024,Natural Graphite,Production,EI_CSV,1.200000048,EI_Excel,1.2,0.0
Ukraine,2024,Natural Graphite,Production,EI_CSV,1.200000048,EI_Excel,-0.281437125748503,123.5
Ukraine,2024,Natural Graphite,Production,EI_CSV,1.200000048,EI_Excel,0.0006943150639753471,99.9
Ukraine,2024,Natural Graphite,Production,EI_CSV,1.200000048,OWID,1200.0,99900.0
Ukraine,2024,Natural Graphite,Reserves,EI_CSV,13749.21484,EI_Excel,13749.21508,0.0
United Arab Emirates,1970,Oil,Production,EI_CSV,779.6,OWID,37560000.0,4817755.3
United Arab Emirates,1971,Oil,Production,EI_CSV,1059.5,OWID,51029000.0,4816228.5
United Arab Emirates,1972,Oil,Production,EI_CSV,1202.7,OWID,58157000.0,4835436.7
United Arab Emirates,1973,Oil,Production,EI_CSV,1532.6,OWID,74085000.0,4833842.3
United Arab Emirates,1974,Oil,Production,EI_CSV,1678.6,OWID,82745000.0,4929305.5
United Arab Emirates,1975,Oil,Production,EI_CSV,1663.8,OWID,81216000.0,4881255.9
United Arab Emirates,1976,Oil,Production,EI_CSV,1936.402,OWID,95191000.0,4915769.7
United Arab Emirates,1977,Oil,Production,EI_CSV,1998.71,OWID,96392000.0,4822610.6
United Arab Emirates,1978,Oil,Production,EI_CSV,1830.501,OWID,88634000.0,4841962.4
United Arab Emirates,1979,Oil,Production,EI_CSV,1830.69,OWID,88667000.0,4843265.1
United Arab Emirates,1980,Oil,Production,EI_CSV,1734.891,OWID,83174000.0,4794091.7
United Arab Emirates,1981,Oil,Production,EI_CSV,1540.3,OWID,73680332.0,4783405.3
United Arab Emirates,1982,Oil,Production,EI_CSV,1361.8,OWID,61602672.0,4523521.1
United Arab Emirates,1983,Oil,Production,EI_CSV,1293.022,OWID,59115641.0,4571797.5
United Arab Emirates,1984,Oil,Production,EI_CSV,1246.021,OWID,57123326.0,4584359.3
United Arab Emirates,1985,Oil,Production,EI_CSV,1211.146,OWID,54751289.0,4520518.4
United Arab Emirates,1986,Oil,Production,EI_CSV,1412.55,OWID,63800856.0,4516614.9
United Arab Emirates,1987,Oil,Production,EI_CSV,1471.287,OWID,66235775.0,4501793.6
United Arab Emirates,1988,Oil,Production,EI_CSV,1544.474,OWID,55893636.0,3618843.1
United Arab Emirates,1989,Oil,Production,EI_CSV,1819.001,OWID,67885000.0,3731893.6
United Arab Emirates,1990,Oil,Production,EI_CSV,1984.628,OWID,103694877.0,5224802.5
United Arab Emirates,1991,Oil,Production,EI_CSV,2274.408,OWID,118659898.0,5217077.3
United Arab Emirates,1992,Oil,Production,EI_CSV,2494.67,OWID,119200963.0,4778125.7
United Arab Emirates,1993,Oil,Production,EI_CSV,2438.286,OWID,108332000.0,4442857.1
United Arab Emirates,1994,Oil,Production,EI_CSV,2462.533,OWID,103243000.0,4192453.0
United Arab Emirates,1995,Oil,Production,EI_CSV,2444.0,OWID,105778000.0,4327968.7
United Arab Emirates,1996,Oil,Production,EI_CSV,2501.3,OWID,111850000.0,4471574.7
United Arab Emirates,1997,Oil,Production,EI_CSV,2521.7,OWID,120500000.0,4778422.4
United Arab Emirates,1998,Oil,Production,EI_CSV,2610.1,OWID,123900000.0,4746844.6
United Arab Emirates,1999,Oil,Production,EI_CSV,2413.8,OWID,117600000.0,4871886.1
United Arab Emirates,2000,Oil,Production,EI_CSV,2598.898,OWID,123300000.0,4744218.6
United Arab Emirates,2001,Oil,Production,EI_CSV,2540.722,OWID,118300000.0,4656056.8
United Arab Emirates,2002,Oil,Production,EI_CSV,2366.26,OWID,108500000.0,4585194.9
United Arab Emirates,2003,Oil,Production,EI_CSV,2722.489,OWID,122200000.0,4488439.7
United Arab Emirates,2004,Oil,Production,EI_CSV,2821.58,OWID,124700000.0,4419409.6
United Arab Emirates,2005,Oil,Production,EI_CSV,2945.463,OWID,129000000.0,4379517.1
United Arab Emirates,2006,Oil,Production,EI_CSV,3134.512,OWID,145500000.0,4641770.9
United Arab Emirates,2007,Oil,Production,EI_CSV,3094.295,OWID,140700000.0,4546977.8
United Arab Emirates,2008,Oil,Production,EI_CSV,3113.094,OWID,142900000.0,4590188.6
United Arab Emirates,2009,Oil,Production,EI_CSV,2783.414,OWID,126300000.0,4537493.0
United Arab Emirates,2010,Oil,Production,EI_CSV,2914.636,OWID,130800000.0,4487595.9
United Arab Emirates,2011,Oil,Production,EI_CSV,3274.958,OWID,151300000.0,4619806.6
United Arab Emirates,2012,Oil,Production,EI_CSV,3394.115437,OWID,154700000.0,4557788.6
United Arab Emirates,2013,Oil,Production,EI_CSV,3539.997366,OWID,165700000.0,4680694.4
United Arab Emirates,2014,Aluminium,Production,EI_Excel,2330.0,OWID,2296000.0,98440.8
United Arab Emirates,2014,Oil,Production,EI_CSV,3592.488554,OWID,167300000.0,4656839.0
United Arab Emirates,2015,Aluminium,Production,EI_Excel,2400.0,OWID,2397000.0,99775.0
United Arab Emirates,2015,Oil,Production,EI_CSV,3875.77823,OWID,176100000.0,4543503.6
United Arab Emirates,2016,Aluminium,Production,EI_Excel,2500.0,OWID,2471000.0,98740.0
United Arab Emirates,2016,Oil,Production,EI_CSV,4019.916226,OWID,182400000.0,4537308.0
United Arab Emirates,2017,Aluminium,Production,EI_Excel,2600.0,OWID,2600000.0,99900.0
United Arab Emirates,2017,Oil,Production,EI_CSV,3879.596644,OWID,176200000.0,4541609.3
United Arab Emirates,2018,Aluminium,Production,EI_Excel,2640.0,OWID,2640000.0,99900.0
United Arab Emirates,2018,Oil,Production,EI_CSV,3893.683465,OWID,176000000.0,4520041.4
United Arab Emirates,2019,Aluminium,Production,EI_Excel,2600.0,OWID,2600000.0,99900.0
United Arab Emirates,2019,Oil,Production,EI_CSV,3983.792523,OWID,179900000.0,4515697.4
United Arab Emirates,2020,Aluminium,Production,EI_Excel,2520.0,OWID,2520000.0,99900.0
United Arab Emirates,2020,Oil,Production,EI_CSV,3701.861997,OWID,165900000.0,4481428.5
United Arab Emirates,2021,Aluminium,Production,EI_Excel,2540.0,OWID,2540000.0,99900.0
United Arab Emirates,2021,Oil,Production,EI_CSV,3698.826722,OWID,163400000.0,4417517.1
United Arab Emirates,2022,Aluminium,Production,EI_Excel,2650.0,OWID,2650000.0,99900.0
United Arab Emirates,2022,Oil,Production,EI_CSV,4120.079798,OWID,181100000.0,4395445.9
United Arab Emirates,2023,Aluminium,Production,EI_Excel,2660.0,OWID,2660000.0,99900.0
United Arab Emirates,2023,Oil,Production,EI_CSV,4016.832147,OWID,176100000.0,4383951.7
United Arab Emirates,2024,Aluminium,Production,EI_Excel,2700.0,EI_Excel,0.015037593984962516,100.0
United Arab Emirates,2024,Aluminium,Production,EI_Excel,2700.0,EI_Excel,0.03769896676905892,100.0
United Arab Emirates,2024,Aluminium,Production,EI_Excel,2700.0,OWID,2700000.0,99900.0
United Kingdom,1970,Oil,Production,EI_CSV,3.519123288,OWID,84000.0,2386858.1
United Kingdom,1971,Oil,Production,EI_CSV,4.899945205,OWID,83000.0,1693796.5
United Kingdom,1972,Oil,Production,EI_CSV,7.861967213,OWID,89000.0,1131932.2
United Kingdom,1973,Oil,Production,EI_CSV,8.825424658,OWID,88000.0,997019.2
United Kingdom,1974,Oil,Production,EI_CSV,9.762410959,OWID,88000.0,901316.7
United Kingdom,1975,Oil,Production,EI_CSV,33.85939726,OWID,1222000.0,3608942.4
United Kingdom,1976,Oil,Production,EI_CSV,254.4322404,OWID,11632000.0,4571647.7
United Kingdom,1977,Oil,Production,EI_CSV,798.6334247,OWID,37420000.0,4685403.9
United Kingdom,1978,Oil,Production,EI_CSV,1127.279233,OWID,52932000.0,4695453.5
United Kingdom,1979,Oil,Production,EI_CSV,1623.398795,OWID,79596000.0,4902946.6
United Kingdom,1980,Oil,Production,EI_CSV,1676.138579,OWID,78917000.0,4708162.3
United Kingdom,1981,Coal,Production,EI_CSV,127.469,OWID,127469000.0,99999900.0
United Kingdom,1981,Oil,Production,EI_CSV,1867.711123,OWID,87946000.0,4708658.2
United Kingdom,1982,Coal,Production,EI_CSV,124.711,OWID,124711000.0,99999900.0
United Kingdom,1982,Oil,Production,EI_CSV,2166.716603,OWID,100311000.0,4629531.8
United Kingdom,1983,Coal,Production,EI_CSV,119.254,OWID,119254000.0,99999900.0
United Kingdom,1983,Oil,Production,EI_CSV,2422.073753,OWID,110882000.0,4577877.9
United Kingdom,1984,Coal,Production,EI_CSV,51.182,OWID,51182000.0,99999900.0
United Kingdom,1984,Oil,Production,EI_CSV,2652.12776,OWID,121307000.0,4573850.1
United Kingdom,1985,Coal,Production,EI_CSV,94.111,OWID,94047000.0,99931895.2
United Kingdom,1985,Oil,Production,EI_CSV,2695.422356,OWID,122461000.0,4543195.4
United Kingdom,1986,Oil,Production,EI_CSV,2690.987616,OWID,121253000.0,4505792.2
United Kingdom,1987,Coal,Production,EI_CSV,104.533,OWID,104533000.0,99999900.0
United Kingdom,1987,Oil,Production,EI_CSV,2612.321863,OWID,117658000.0,4503862.6
United Kingdom,1988,Coal,Production,EI_CSV,104.066,OWID,104066000.0,99999900.0
United Kingdom,1988,Oil,Production,EI_CSV,2413.901093,OWID,109455000.0,4534261.4
United Kingdom,1989,Coal,Production,EI_CSV,99.82,OWID,100605000.0,100786315.5
United Kingdom,1989,Oil,Production,EI_CSV,1943.294137,OWID,87306000.0,4492580.7
United Kingdom,1990,Coal,Production,EI_CSV,92.762,OWID,92762000.0,99999900.0
United Kingdom,1990,Oil,Production,EI_CSV,1932.809644,OWID,87992000.0,4552443.5
United Kingdom,1991,Coal,Production,EI_CSV,94.202,OWID,94202000.0,99999900.0
United Kingdom,1991,Oil,Production,EI_CSV,1933.555397,OWID,86832000.0,4490694.5
United Kingdom,1992,Coal,Production,EI_CSV,84.493,OWID,84493000.0,99999900.0
United Kingdom,1992,Oil,Production,EI_CSV,1995.892459,OWID,89184000.0,4468277.0
United Kingdom,1993,Coal,Production,EI_CSV,68.199,OWID,68199000.0,99999900.0
United Kingdom,1993,Oil,Production,EI_CSV,2134.836712,OWID,93950000.0,4400705.0
United Kingdom,1994,Coal,Production,EI_CSV,49.785,OWID,49785000.0,99999900.0
United Kingdom,1994,Oil,Production,EI_CSV,2694.437589,OWID,119032000.0,4417593.7
United Kingdom,1995,Coal,Production,EI_CSV,53.037,OWID,53037000.0,99999900.0
United Kingdom,1995,Oil,Production,EI_CSV,2769.156274,OWID,121794000.0,4398135.0
United Kingdom,1996,Coal,Production,EI_CSV,50.197,OWID,50197000.0,99999900.0
United Kingdom,1996,Oil,Production,EI_CSV,2755.097814,OWID,121930000.0,4425514.2
United Kingdom,1997,Coal,Production,EI_CSV,48.495,OWID,48495000.0,99999900.0
United Kingdom,1997,Oil,Production,EI_CSV,2721.449205,OWID,240665000.0,8843166.3
United Kingdom,1998,Coal,Production,EI_CSV,41.177,OWID,41177000.0,99999900.0
United Kingdom,1998,Oil,Production,EI_CSV,2848.726411,OWID,248432000.0,8720709.4
United Kingdom,1999,Coal,Production,EI_CSV,37.077,OWID,37077000.0,99999900.0
United Kingdom,1999,Oil,Production,EI_CSV,2949.542356,OWID,257417000.0,8727253.9
United Kingdom,2000,Coal,Production,EI_CSV,31.19758267,OWID,31197000.0,99998032.3
United Kingdom,2000,Oil,Production,EI_CSV,2709.81501,OWID,117680000.0,4342631.9
United Kingdom,2001,Coal,Production,EI_CSV,31.929856,OWID,31930000.0,100000351.0
United Kingdom,2001,Oil,Production,EI_CSV,2513.557753,OWID,108386000.0,4311955.3
United Kingdom,2002,Coal,Production,EI_CSV,29.989155,OWID,29989000.0,99999383.1
United Kingdom,2002,Oil,Production,EI_CSV,2499.754636,OWID,107430000.0,4297521.8
United Kingdom,2003,Coal,Production,EI_CSV,28.278729,OWID,28279000.0,100000858.3
United Kingdom,2003,Oil,Production,EI_CSV,2291.130509,OWID,97835000.0,4270062.7
United Kingdom,2004,Coal,Production,EI_CSV,25.096057,OWID,25096000.0,99999672.9
United Kingdom,2004,Oil,Production,EI_CSV,2059.272222,OWID,87516000.0,4249750.9
United Kingdom,2005,Coal,Production,EI_CSV,20.498293,OWID,20498000.0,99998470.6
United Kingdom,2005,Oil,Production,EI_CSV,1837.774984,OWID,77179000.0,4199489.2
United Kingdom,2006,Coal,Production,EI_CSV,18.517162,OWID,18517000.0,99999025.1
United Kingdom,2006,Oil,Production,EI_CSV,1661.628987,OWID,69665000.0,4192472.5
United Kingdom,2007,Coal,Production,EI_CSV,17.007227,OWID,17070000.0,100368996.0
United Kingdom,2007,Oil,Production,EI_CSV,1654.653025,OWID,70357000.0,4251969.7
United Kingdom,2008,Coal,Production,EI_CSV,18.05324257,OWID,18053000.0,99998556.4
United Kingdom,2008,Oil,Production,EI_CSV,1554.362397,OWID,71665000.0,4610472.2
United Kingdom,2009,Coal,Production,EI_CSV,17.87363382,OWID,17874000.0,100001948.7
United Kingdom,2009,Oil,Production,EI_CSV,1473.878276,OWID,68198000.0,4627012.1
United Kingdom,2010,Coal,Production,EI_CSV,18.34663037,OWID,18347000.0,100001914.7
United Kingdom,2010,Oil,Production,EI_CSV,1358.15995,OWID,62962000.0,4635731.0
United Kingdom,2011,Coal,Production,EI_CSV,18.55197821,OWID,17892000.0,96442445.4
United Kingdom,2011,Oil,Production,EI_CSV,1113.79157,OWID,51972000.0,4666123.1
United Kingdom,2012,Coal,Production,EI_CSV,16.96666706,OWID,16287000.0,95994003.9
United Kingdom,2012,Oil,Production,EI_CSV,947.2613601,OWID,44560000.0,4703987.2
United Kingdom,2013,Coal,Production,EI_CSV,12.76744561,OWID,12673000.0,99260162.3
United Kingdom,2013,Oil,Production,EI_CSV,865.3436778,OWID,40646000.0,4696993.3
United Kingdom,2014,Coal,Production,EI_CSV,11.64761179,OWID,11648000.0,100003233.0
United Kingdom,2014,Oil,Production,EI_CSV,853.554111,OWID,39928000.0,4677752.2
United Kingdom,2015,Coal,Production,EI_CSV,8.598017523,OWID,8598000.0,99999696.2
United Kingdom,2015,Oil,Production,EI_CSV,963.5287679,OWID,45288000.0,4700122.9
United Kingdom,2016,Coal,Production,EI_CSV,4.17779643,OWID,4178000.0,100004772.7
United Kingdom,2016,Oil,Production,EI_CSV,1014.808042,OWID,47445000.0,4675168.4
United Kingdom,2017,Coal,Production,EI_CSV,3.041064486,OWID,3041000.0,99997779.5
United Kingdom,2017,Oil,Production,EI_CSV,1005.425044,OWID,46630000.0,4637739.5
United Kingdom,2018,Coal,Production,EI_CSV,2.78233,OWID,2782000.0,99988039.4
United Kingdom,2018,Oil,Production,EI_CSV,1091.761161,OWID,51188000.0,4688471.3
United Kingdom,2019,Coal,Production,EI_CSV,2.59141,OWID,2592000.0,100022667.5
United Kingdom,2019,Oil,Production,EI_CSV,1118.065125,OWID,52489000.0,4694528.1
United Kingdom,2020,Coal,Production,EI_CSV,1.67329,OWID,1673000.0,99982568.9
United Kingdom,2020,Oil,Production,EI_CSV,1048.722476,OWID,48985000.0,4670821.2
United Kingdom,2021,Coal,Production,EI_CSV,1.05382,OWID,1054000.0,100016980.7
United Kingdom,2021,Oil,Production,EI_CSV,874.116814,OWID,40864000.0,4674790.1
United Kingdom,2022,Coal,Production,EI_CSV,0.65094,OWID,651000.0,100009117.4
United Kingdom,2022,Oil,Production,EI_CSV,808.8483329,OWID,37752000.0,4667276.9
United Kingdom,2023,Coal,Production,EI_CSV,0.50592,OWID,506000.0,100015712.8
United Kingdom,2023,Oil,Production,EI_CSV,715.0070814,OWID,33446000.0,4677615.9
United States,1900,Cadmium,Production,OWID,0.0,OWID,0.0,inf
United States,1901,Cadmium,Production,OWID,0.0,OWID,0.0,inf
United States,1902,Cadmium,Production,OWID,0.0,OWID,0.0,inf
United States,1903,Cadmium,Production,OWID,0.0,OWID,0.0,inf
United States,1904,Cadmium,Production,OWID,0.0,OWID,0.0,inf
United States,1905,Cadmium,Production,OWID,0.0,OWID,0.0,inf
United States,1906,Cadmium,Production,OWID,0.136,OWID,0.136,0.0
United States,1907,Cadmium,Production,OWID,6.35,OWID,6.35,0.0
United States,1908,Cadmium,Production,OWID,3.63,OWID,3.63,0.0
United States,1909,Cadmium,Production,OWID,2.41,OWID,2.41,0.0
United States,1910,Cadmium,Production,OWID,2.13,OWID,2.13,0.0
United States,1911,Cadmium,Production,OWID,11.9,OWID,11.9,0.0
United States,1912,Cadmium,Production,OWID,23.8,OWID,23.8,0.0
United States,1913,Cadmium,Production,OWID,24.6,OWID,24.6,0.0
United States,1914,Cadmium,Production,OWID,41.5,OWID,41.5,0.0
United States,1915,Cadmium,Production,OWID,41.5,OWID,41.5,0.0
United States,1916,Cadmium,Production,OWID,61.4,OWID,61.4,0.0
United States,1917,Cadmium,Production,OWID,94.1,OWID,94.1,0.0
United States,1918,Cadmium,Production,OWID,57.7,OWID,57.7,0.0
United States,1919,Cadmium,Production,OWID,45.3,OWID,45.3,0.0
United States,1920,Cadmium,Production,OWID,58.7,OWID,58.7,0.0
United States,1921,Cadmium,Production,OWID,31.1,OWID,31.1,0.0
United States,1922,Cadmium,Production,OWID,59.7,OWID,59.7,0.0
United States,1923,Cadmium,Production,OWID,83.4,OWID,83.4,0.0
United States,1924,Cadmium,Production,OWID,58.7,OWID,58.7,0.0
United States,1925,Cadmium,Production,OWID,228.0,OWID,228.0,0.0
United States,1926,Cadmium,Production,OWID,368.0,OWID,368.0,0.0
United States,1927,Cadmium,Production,OWID,488.0,OWID,488.0,0.0
United States,1928,Cadmium,Production,OWID,851.0,OWID,851.0,0.0
United States,1929,Cadmium,Production,OWID,1130.0,OWID,1130.0,0.0
United States,1930,Cadmium,Production,OWID,1260.0,OWID,1260.0,0.0
United States,1931,Cadmium,Production,OWID,477.0,OWID,477.0,0.0
United States,1932,Cadmium,Production,OWID,363.0,OWID,363.0,0.0
United States,1933,Cadmium,Production,OWID,1030.0,OWID,1030.0,0.0
United States,1934,Cadmium,Production,OWID,1260.0,OWID,1260.0,0.0
United States,1935,Cadmium,Production,OWID,1580.0,OWID,1580.0,0.0
United States,1936,Cadmium,Production,OWID,1650.0,OWID,1650.0,0.0
United States,1937,Cadmium,Production,OWID,1940.0,OWID,1940.0,0.0
United States,1938,Cadmium,Production,OWID,1950.0,OWID,1950.0,0.0
United States,1939,Cadmium,Production,OWID,2170.0,OWID,2170.0,0.0
United States,1940,Cadmium,Production,OWID,2890.0,OWID,2890.0,0.0
United States,1941,Cadmium,Production,OWID,3280.0,OWID,3280.0,0.0
United States,1942,Cadmium,Production,OWID,3340.0,OWID,3340.0,0.0
United States,1943,Cadmium,Production,OWID,3840.0,OWID,3840.0,0.0
United States,1944,Cadmium,Production,OWID,3980.0,OWID,3980.0,0.0
United States,1945,Cadmium,Production,OWID,3800.0,OWID,3800.0,0.0
United States,1946,Cadmium,Production,OWID,2940.0,OWID,2940.0,0.0
United States,1947,Cadmium,Production,OWID,3860.0,OWID,3860.0,0.0
United States,1948,Cadmium,Production,OWID,3530.0,OWID,3530.0,0.0
United States,1949,Cadmium,Production,OWID,3730.0,OWID,3730.0,0.0
United States,1950,Cadmium,Production,OWID,4170.0,OWID,4170.0,0.0
United States,1951,Cadmium,Production,OWID,3770.0,OWID,3770.0,0.0
United States,1952,Cadmium,Production,OWID,3890.0,OWID,3890.0,0.0
United States,1953,Cadmium,Production,OWID,4430.0,OWID,4430.0,0.0
United States,1954,Cadmium,Production,OWID,4330.0,OWID,4330.0,0.0
United States,1955,Cadmium,Production,OWID,4420.0,OWID,4420.0,0.0
United States,1956,Cadmium,Production,OWID,4810.0,OWID,4810.0,0.0
United States,1957,Cadmium,Production,OWID,4790.0,OWID,4790.0,0.0
United States,1958,Cadmium,Production,OWID,4390.0,OWID,4390.0,0.0
United States,1959,Cadmium,Production,OWID,3900.0,OWID,3900.0,0.0
United States,1960,Cadmium,Production,OWID,4740.0,OWID,4740.0,0.0
United States,1961,Cadmium,Production,OWID,4750.0,OWID,4750.0,0.0
United States,1962,Cadmium,Production,OWID,5050.0,OWID,5050.0,0.0
United States,1963,Cadmium,Production,OWID,4530.0,OWID,4530.0,0.0
United States,1964,Cadmium,Production,OWID,4740.0,OWID,4740.0,0.0
United States,1965,Cadmium,Production,OWID,4390.0,OWID,4390.0,0.0
United States,1966,Cadmium,Production,OWID,4750.0,OWID,4750.0,0.0
United States,1967,Cadmium,Production,OWID,3950.0,OWID,3950.0,0.0
United States,1968,Cadmium,Production,OWID,4830.0,OWID,4830.0,0.0
United States,1969,Cadmium,Production,OWID,5740.0,OWID,5740.0,0.0
United States,1970,Cadmium,Production,OWID,4290.0,OWID,4290.0,0.0
United States,1971,Cadmium,Production,OWID,3600.0,OWID,3600.0,0.0
United States,1972,Cadmium,Production,OWID,3760.0,OWID,3760.0,0.0
United States,1973,Cadmium,Production,OWID,3400.0,OWID,3400.0,0.0
United States,1974,Cadmium,Production,OWID,3020.0,OWID,3020.0,0.0
United States,1975,Cadmium,Production,OWID,1990.0,OWID,1990.0,0.0
United States,1976,Cadmium,Production,OWID,2050.0,OWID,2050.0,0.0
United States,1977,Cadmium,Production,OWID,2000.0,OWID,2000.0,0.0
United States,1978,Cadmium,Production,OWID,1650.0,OWID,1650.0,0.0
United States,1979,Cadmium,Production,OWID,1820.0,OWID,1820.0,0.0
United States,1980,Cadmium,Production,OWID,1580.0,OWID,1580.0,0.0
United States,1981,Cadmium,Production,OWID,1600.0,OWID,1600.0,0.0
United States,1982,Cadmium,Production,OWID,1010.0,OWID,1010.0,0.0
United States,1983,Cadmium,Production,OWID,1050.0,OWID,1050.0,0.0
United States,1984,Cadmium,Production,OWID,1690.0,OWID,1690.0,0.0
United States,1985,Cadmium,Production,OWID,1600.0,OWID,1600.0,0.0
United States,1986,Cadmium,Production,OWID,1490.0,OWID,1490.0,0.0
United States,1987,Cadmium,Production,OWID,1520.0,OWID,1520.0,0.0
United States,1988,Cadmium,Production,OWID,1890.0,OWID,1890.0,0.0
United States,1989,Cadmium,Production,OWID,1550.0,OWID,1550.0,0.0
United States,1990,Cadmium,Production,OWID,1680.0,OWID,1680.0,0.0
United States,1991,Cadmium,Production,OWID,1680.0,OWID,1680.0,0.0
United States,1992,Cadmium,Production,OWID,1620.0,OWID,1620.0,0.0
United States,1993,Cadmium,Production,OWID,1090.0,OWID,1090.0,0.0
United States,1994,Cadmium,Production,OWID,1010.0,OWID,1010.0,0.0
United States,1995,Cadmium,Production,OWID,1270.0,OWID,1270.0,0.0
United States,1996,Cadmium,Production,OWID,1530.0,OWID,1530.0,0.0
United States,1997,Cadmium,Production,OWID,2060.0,OWID,2060.0,0.0
United States,1998,Cadmium,Production,OWID,1240.0,OWID,1240.0,0.0
United States,1999,Cadmium,Production,OWID,1190.0,OWID,1190.0,0.0
United States,2000,Cadmium,Production,OWID,1890.0,OWID,1890.0,0.0
United States,2001,Cadmium,Production,OWID,1450.0,OWID,1450.0,0.0
United States,2002,Cadmium,Production,OWID,1280.0,OWID,1280.0,0.0
United States,2003,Cadmium,Production,OWID,1450.0,OWID,1450.0,0.0
United States,2004,Cadmium,Production,OWID,1480.0,OWID,1480.0,0.0
United States,2005,Cadmium,Production,OWID,1470.0,OWID,1470.0,0.0
United States,2006,Cadmium,Production,OWID,723.0,OWID,723.0,0.0
United States,2007,Cadmium,Production,OWID,735.0,OWID,735.0,0.0
United States,2008,Cadmium,Production,OWID,777.0,OWID,777.0,0.0
United States,2009,Cadmium,Production,OWID,633.0,OWID,633.0,0.0
United States,2010,Cadmium,Production,OWID,637.0,OWID,637.0,0.0
United States,2014,Platinum Group,Production,EI_Excel,16.06,OWID,12.488,22.2
United States,2015,Platinum Group,Production,EI_Excel,16.17,OWID,12.532,22.5
United States,2016,Platinum Group,Production,EI_Excel,16.99,OWID,13.07,23.1
United States,2017,Cadmium,Production,OWID,349.0,OWID,349.0,0.0
United States,2017,Platinum Group,Production,EI_Excel,17.58,OWID,13.6,22.6
United States,2018,Cadmium,Production,OWID,73.0,OWID,73.0,0.0
United States,2018,Platinum Group,Production,EI_Excel,18.1,OWID,14.3,21.0
United States,2019,Cadmium,Production,OWID,131.0,OWID,131.0,0.0
United States,2019,Platinum Group,Production,EI_Excel,18.45,OWID,14.323,22.4
United States,2020,Cadmium,Production,OWID,211.0,OWID,211.0,0.0
United States,2020,Platinum Group,Production,EI_Excel,18.8,OWID,14.6,22.3
United States,2021,Cadmium,Production,OWID,241.0,OWID,241.0,0.0
United States,2021,Platinum Group,Production,EI_Excel,17.72,OWID,13.7,22.7
United States,2022,Cadmium,Production,OWID,212.0,OWID,212.0,0.0
United States,2022,Gold,Reserves,OWID,3000.0,OWID,3000.0,0.0
United States,2022,Platinum Group,Production,EI_Excel,13.1,OWID,10.1,22.9
United States,2022,Silver,Reserves,OWID,23000.0,OWID,23000.0,0.0
United States,2023,Cadmium,Production,OWID,375.0,OWID,375.0,0.0
United States,2023,Gold,Reserves,OWID,3000.0,OWID,3000.0,0.0
United States,2023,Platinum Group,Production,EI_Excel,13.34,OWID,10.3,22.8
United States,2023,Silver,Reserves,OWID,23000.0,OWID,23000.0,0.0
United States,2024,Cadmium,Production,OWID,300.0,OWID,300.0,0.0
United States,2024,Gold,Reserves,OWID,3000.0,OWID,3000.0,0.0
United States,2024,Platinum Group,Production,EI_Excel,10.0,EI_Excel,-0.2503748125937031,102.5
United States,2024,Platinum Group,Production,EI_Excel,10.0,EI_Excel,0.027932960893854747,99.7
United States,2024,Platinum Group,Production,EI_Excel,10.0,OWID,8.0,20.0
United States,2024,Platinum Group,Reserves,EI_Excel,820.0,OWID,820.0,0.0
United States,2024,Silver,Reserves,OWID,23000.0,OWID,23000.0,0.0
Uzbekistan,1992,Coal,Production,EI_CSV,4.68,OWID,4501000.0,96175113.7
Uzbekistan,1992,Oil,Production,EI_CSV,79.3715847,OWID,3300000.0,4157559.2
Uzbekistan,1993,Coal,Production,EI_CSV,3.807,OWID,3655000.0,96007254.9
Uzbekistan,1993,Oil,Production,EI_CSV,93.57506849,OWID,3900000.0,4167676.8
Uzbekistan,1994,Coal,Production,EI_CSV,3.845,OWID,3845000.0,99999900.0
Uzbekistan,1994,Oil,Production,EI_CSV,124.2857534,OWID,5500000.0,4425186.0
Uzbekistan,1995,Coal,Production,EI_CSV,3.054,OWID,3054000.0,99999900.0
Uzbekistan,1995,Oil,Production,EI_CSV,172.2934247,OWID,7600000.0,4410979.5
Uzbekistan,1996,Coal,Production,EI_CSV,2.837,OWID,2837000.0,99999900.0
Uzbekistan,1996,Oil,Production,EI_CSV,173.5401639,OWID,7600000.0,4379289.7
Uzbekistan,1997,Coal,Production,EI_CSV,2.946,OWID,2947000.0,100033844.3
Uzbekistan,1997,Oil,Production,EI_CSV,181.5073973,OWID,7900000.0,4352339.7
Uzbekistan,1998,Coal,Production,EI_CSV,2.952,OWID,2923000.0,99017515.2
Uzbekistan,1998,Oil,Production,EI_CSV,191.4539726,OWID,8100000.0,4230681.9
Uzbekistan,1999,Coal,Production,EI_CSV,2.956,OWID,2953100.0,99901794.5
Uzbekistan,1999,Oil,Production,EI_CSV,190.8767123,OWID,8100000.0,4243476.9
Uzbekistan,2000,Coal,Production,EI_CSV,2.501,OWID,2501500.0,100019892.0
Uzbekistan,2000,Oil,Production,EI_CSV,159.9647541,OWID,7500000.0,4688432.8
Uzbekistan,2001,Coal,Production,EI_CSV,2.711,OWID,2711000.0,99999900.0
Uzbekistan,2001,Oil,Production,EI_CSV,153.5340137,OWID,7256000.0,4725888.6
Uzbekistan,2002,Coal,Production,EI_CSV,2.7364,OWID,2740000.0,100131459.7
Uzbekistan,2002,Oil,Production,EI_CSV,153.7261507,OWID,7200000.0,4683553.3
Uzbekistan,2003,Coal,Production,EI_CSV,1.913,OWID,1911600.0,99926716.5
Uzbekistan,2003,Oil,Production,EI_CSV,151.2970411,OWID,7100000.0,4692655.4
Uzbekistan,2004,Coal,Production,EI_CSV,2.699,OWID,2781000.0,103038062.3
Uzbekistan,2004,Oil,Production,EI_CSV,139.2211202,OWID,6600000.0,4740560.0
Uzbekistan,2005,Coal,Production,EI_CSV,3.0023,OWID,3168000.0,105519002.0
Uzbekistan,2005,Oil,Production,EI_CSV,114.7581644,OWID,5400000.0,4705447.6
Uzbekistan,2006,Coal,Production,EI_CSV,3.1223,OWID,2819200.0,90292312.6
Uzbekistan,2006,Oil,Production,EI_CSV,114.7176712,OWID,5400000.0,4707108.5
Uzbekistan,2007,Coal,Production,EI_CSV,3.2733,OWID,3441859.0,105149412.7
Uzbekistan,2007,Oil,Production,EI_CSV,109.311863,OWID,4900000.0,4482487.6
Uzbekistan,2008,Coal,Production,EI_CSV,3.602,OWID,3289451.0,91322803.9
Uzbekistan,2008,Oil,Production,EI_CSV,104.8906557,OWID,4800000.0,4576094.1
Uzbekistan,2009,Coal,Production,EI_CSV,3.6542,OWID,3654141.0,99998285.4
Uzbekistan,2009,Oil,Production,EI_CSV,94.61319521,OWID,4500000.0,4756107.6
Uzbekistan,2010,Coal,Production,EI_CSV,3.6294,OWID,3299431.0,90908342.2
Uzbekistan,2010,Oil,Production,EI_CSV,86.55836699,OWID,3600000.0,4158943.3
Uzbekistan,2011,Coal,Production,EI_CSV,3.844804,OWID,3843741.0,99972252.3
Uzbekistan,2011,Oil,Production,EI_CSV,80.02391795,OWID,3600000.0,4498555.0
Uzbekistan,2012,Coal,Production,EI_CSV,3.75294,OWID,4036064.0,107543958.8
Uzbekistan,2012,Oil,Production,EI_CSV,71.62431694,OWID,3200000.0,4467656.4
Uzbekistan,2013,Coal,Production,EI_CSV,4.09002,OWID,4090000.0,99999411.0
Uzbekistan,2013,Oil,Production,EI_CSV,68.77312685,OWID,2900000.0,4216663.3
Uzbekistan,2014,Coal,Production,EI_CSV,4.39682,OWID,4397000.0,100003993.9
Uzbekistan,2014,Oil,Production,EI_CSV,62.62210849,OWID,2900000.0,4630852.3
Uzbekistan,2015,Coal,Production,EI_CSV,3.48797,OWID,3486000.0,99943420.2
Uzbekistan,2015,Oil,Production,EI_CSV,59.53269274,OWID,2700000.0,4535223.2
Uzbekistan,2016,Coal,Production,EI_CSV,3.86725,OWID,3867000.0,99993435.5
Uzbekistan,2016,Oil,Production,EI_CSV,57.17851257,OWID,2600000.0,4547062.7
Uzbekistan,2017,Coal,Production,EI_CSV,4.03863,OWID,4039000.0,100009061.5
Uzbekistan,2017,Oil,Production,EI_CSV,60.9507711,OWID,2800000.0,4593771.3
Uzbekistan,2018,Coal,Production,EI_CSV,4.17443,OWID,4174400.0,99999181.3
Uzbekistan,2018,Oil,Production,EI_CSV,63.98938014,OWID,2900000.0,4531902.0
Uzbekistan,2019,Coal,Production,EI_CSV,4.04794,OWID,4055100.0,100176780.1
Uzbekistan,2019,Oil,Production,EI_CSV,62.39713699,OWID,2800000.0,4487285.4
Uzbekistan,2020,Cadmium,Production,OWID,400.0,OWID,400.0,0.0
Uzbekistan,2020,Coal,Production,EI_CSV,4.1330511,OWID,4131800.0,99969629.4
Uzbekistan,2020,Oil,Production,EI_CSV,44.2007377,OWID,2000000.0,4524711.4
Uzbekistan,2021,Cadmium,Production,OWID,300.0,OWID,300.0,0.0
Uzbekistan,2021,Coal,Production,EI_CSV,5.056258,OWID,5056300.0,100000730.7
Uzbekistan,2021,Oil,Production,EI_CSV,45.76847945,OWID,2100000.0,4588210.6
Uzbekistan,2022,Cadmium,Production,OWID,220.0,OWID,220.0,0.0
Uzbekistan,2022,Coal,Production,EI_CSV,5.3562,OWID,5356200.0,99999900.0
Uzbekistan,2022,Gold,Reserves,OWID,1800.0,OWID,1800.0,0.0
Uzbekistan,2022,Oil,Production,EI_CSV,45.20261644,OWID,2100000.0,4645648.8
Uzbekistan,2023,Cadmium,Production,OWID,220.0,OWID,220.0,0.0
Uzbekistan,2023,Coal,Production,EI_CSV,6.5196,OWID,6519600.0,99999900.0
Uzbekistan,2023,Gold,Reserves,OWID,1800.0,OWID,1800.0,0.0
Uzbekistan,2023,Oil,Production,EI_CSV,43.00432877,OWID,2000000.0,4650594.6
Uzbekistan,2024,Cadmium,Production,OWID,200.0,OWID,200.0,0.0
Uzbekistan,2024,Gold,Reserves,OWID,1800.0,OWID,1800.0,0.0
Venezuela,1970,Oil,Production,EI_CSV,3754.0,OWID,194306000.0,5175872.3
Venezuela,1971,Oil,Production,EI_CSV,3615.0,OWID,185620000.0,5134616.5
Venezuela,1972,Oil,Production,EI_CSV,3301.0,OWID,168437000.0,5102505.3
Venezuela,1973,Oil,Production,EI_CSV,3455.0,OWID,175776000.0,5087483.2
Venezuela,1974,Oil,Production,EI_CSV,3060.0,OWID,156167000.0,5103396.7
Venezuela,1975,Oil,Production,EI_CSV,2422.0,OWID,122400000.0,5053574.6
Venezuela,1976,Oil,Production,EI_CSV,2371.0,OWID,120170000.0,5068225.6
Venezuela,1977,Oil,Production,EI_CSV,2314.0,OWID,117189000.0,5064247.5
Venezuela,1978,Oil,Production,EI_CSV,2227.0,OWID,113628000.0,5102190.1
Venezuela,1979,Oil,Production,EI_CSV,2425.0,OWID,124106000.0,5117673.2
Venezuela,1980,Oil,Production,EI_CSV,2228.0,OWID,114788000.0,5151964.6
Venezuela,1981,Coal,Production,EI_CSV,0.05,OWID,45736.0,91471900.0
Venezuela,1981,Oil,Production,EI_CSV,2163.0,OWID,111687672.0,5163454.0
Venezuela,1982,Coal,Production,EI_CSV,0.05,OWID,46506.0,93011900.0
Venezuela,1982,Oil,Production,EI_CSV,1954.0,OWID,100391367.0,5137636.3
Venezuela,1983,Coal,Production,EI_CSV,0.04,OWID,39174.0,97934900.0
Venezuela,1983,Oil,Production,EI_CSV,1852.0,OWID,95525697.0,5157875.0
Venezuela,1984,Coal,Production,EI_CSV,0.05,OWID,50872.0,101743900.0
Venezuela,1984,Oil,Production,EI_CSV,1853.0,OWID,94658820.0,5108309.1
Venezuela,1985,Coal,Production,EI_CSV,0.04,OWID,41427.0,103567400.0
Venezuela,1985,Oil,Production,EI_CSV,1744.0,OWID,88009031.0,5046289.4
Venezuela,1986,Coal,Production,EI_CSV,0.06,OWID,56290.0,93816566.7
Venezuela,1986,Oil,Production,EI_CSV,1886.0,OWID,93744112.0,4970425.6
Venezuela,1987,Coal,Production,EI_CSV,0.24,OWID,237608.0,99003233.3
Venezuela,1987,Oil,Production,EI_CSV,1910.0,OWID,95256500.0,4987151.3
Venezuela,1988,Coal,Production,EI_CSV,1.07,OWID,1072204.0,100205881.3
Venezuela,1988,Oil,Production,EI_CSV,1998.0,OWID,99918498.0,5000825.8
Venezuela,1989,Coal,Production,EI_CSV,2.11,OWID,2113296.0,100156108.5
Venezuela,1989,Oil,Production,EI_CSV,2012.0,OWID,99939123.0,4967053.2
Venezuela,1990,Coal,Production,EI_CSV,2.15,OWID,2242965.0,104323853.5
Venezuela,1990,Oil,Production,EI_CSV,2244.0,OWID,111876674.0,4985491.5
Venezuela,1991,Coal,Production,EI_CSV,2.4,OWID,2403405.0,100141775.0
Venezuela,1991,Oil,Production,EI_CSV,2501.0,OWID,125041231.0,4999549.4
Venezuela,1992,Coal,Production,EI_CSV,2.48,OWID,2479897.0,99995746.8
Venezuela,1992,Oil,Production,EI_CSV,2499.0,OWID,125762000.0,5032393.0
Venezuela,1993,Coal,Production,EI_CSV,3.96,OWID,3958192.0,99954243.4
Venezuela,1993,Oil,Production,EI_CSV,2592.0,OWID,130200000.0,5023048.1
Venezuela,1994,Coal,Production,EI_CSV,4.44,OWID,4435969.0,99909111.7
Venezuela,1994,Oil,Production,EI_CSV,2752.0,OWID,137000000.0,4978097.7
Venezuela,1995,Coal,Production,EI_CSV,4.35,OWID,4346131.0,99910957.5
Venezuela,1995,Oil,Production,EI_CSV,2959.0,OWID,150000000.0,5069180.2
Venezuela,1996,Coal,Production,EI_CSV,4.18,OWID,4180641.0,100015234.9
Venezuela,1996,Oil,Production,EI_CSV,3137.0,OWID,160000000.0,5100314.4
Venezuela,1997,Coal,Production,EI_CSV,5.29,OWID,5291908.0,100035968.1
Venezuela,1997,Oil,Production,EI_CSV,3321.123,OWID,165438000.0,4981287.3
Venezuela,1998,Coal,Production,EI_CSV,6.46,OWID,6458324.0,99973955.7
Venezuela,1998,Oil,Production,EI_CSV,3447.309,OWID,174291000.0,5055756.6
Venezuela,1999,Coal,Production,EI_CSV,6.59,OWID,6594611.0,100069869.7
Venezuela,1999,Oil,Production,EI_CSV,3095.06,OWID,160175000.0,5175082.4
Venezuela,2000,Coal,Production,EI_CSV,7.88,OWID,7880516.0,100006448.2
Venezuela,2000,Oil,Production,EI_CSV,3111.632763,OWID,165156000.0,5307595.8
Venezuela,2001,Coal,Production,EI_CSV,7.69,OWID,7685476.0,99941070.4
Venezuela,2001,Oil,Production,EI_CSV,3174.431042,OWID,159941000.0,5038314.7
Venezuela,2002,Coal,Production,EI_CSV,8.1,OWID,8097016.0,99963060.5
Venezuela,2002,Oil,Production,EI_CSV,2975.087352,OWID,158609000.0,5331138.4
Venezuela,2003,Coal,Production,EI_CSV,7.03,OWID,7033729.0,100052944.1
Venezuela,2003,Oil,Production,EI_CSV,2868.561487,OWID,131400000.0,4580593.2
Venezuela,2004,Coal,Production,EI_CSV,8.107304,OWID,8107304.0,99999900.0
Venezuela,2004,Oil,Production,EI_CSV,3305.899818,OWID,145200000.0,4392047.6
Venezuela,2005,Coal,Production,EI_CSV,7.195,OWID,7194882.0,99998260.0
Venezuela,2005,Oil,Production,EI_CSV,3302.107675,OWID,154500000.0,4678729.9
Venezuela,2006,Coal,Production,EI_CSV,7.16359,OWID,7458873.0,104121897.5
Venezuela,2006,Oil,Production,EI_CSV,3339.685411,OWID,151200000.0,4527272.5
Venezuela,2007,Coal,Production,EI_CSV,6.855341,OWID,6855341.0,99999900.0
Venezuela,2007,Oil,Production,EI_CSV,3237.070616,OWID,152100000.0,4698592.7
Venezuela,2008,Coal,Production,EI_CSV,5.053704,OWID,5053700.0,99999820.9
Venezuela,2008,Oil,Production,EI_CSV,3228.174699,OWID,151000000.0,4677465.9
Venezuela,2009,Coal,Production,EI_CSV,3.278307,OWID,3258146.0,99384917.9
Venezuela,2009,Oil,Production,EI_CSV,3037.835918,OWID,149900000.0,4934333.7
Venezuela,2010,Coal,Production,EI_CSV,2.63082,OWID,2630820.0,99999900.0
Venezuela,2010,Oil,Production,EI_CSV,2841.572027,OWID,142500000.0,5014729.8
Venezuela,2011,Coal,Production,EI_CSV,2.611436,OWID,2611463.0,100000933.9
Venezuela,2011,Oil,Production,EI_CSV,2755.021082,OWID,141600000.0,5139606.6
Venezuela,2012,Coal,Production,EI_CSV,1.910801,OWID,1910801.0,99999900.0
Venezuela,2012,Oil,Production,EI_CSV,2703.734191,OWID,139200000.0,5148335.1
Venezuela,2013,Coal,Production,EI_CSV,1.229309,OWID,1229309.0,99999900.0
Venezuela,2013,Oil,Production,EI_CSV,2680.356164,OWID,137600000.0,5133546.1
Venezuela,2014,Coal,Production,EI_CSV,0.80064,OWID,800640.0,99999900.0
Venezuela,2014,Oil,Production,EI_CSV,2692.493151,OWID,138500000.0,5143831.4
Venezuela,2015,Coal,Production,EI_CSV,0.801697,OWID,801697.0,99999900.0
Venezuela,2015,Oil,Production,EI_CSV,2863.871,OWID,135400000.0,4727766.6
Venezuela,2016,Coal,Production,EI_CSV,0.749227227,OWID,826000.0,110246827.8
Venezuela,2016,Oil,Production,EI_CSV,2565.503,OWID,120100000.0,4681243.2
Venezuela,2017,Coal,Production,EI_CSV,0.720049423,OWID,794000.0,110270108.5
Venezuela,2017,Oil,Production,EI_CSV,2209.15095,OWID,114100000.0,5164780.2
Venezuela,2018,Coal,Production,EI_CSV,0.692007916,OWID,763000.0,110258754.3
Venezuela,2018,Oil,Production,EI_CSV,1659.489321,OWID,83800000.0,5049646.3
Venezuela,2019,Coal,Production,EI_CSV,0.393967639,OWID,394000.0,100008114.1
Venezuela,2019,Oil,Production,EI_CSV,1053.197644,OWID,53400000.0,5070173.4
Venezuela,2020,Coal,Production,EI_CSV,0.284739644,OWID,285000.0,100091336.5
Venezuela,2020,Oil,Production,EI_CSV,675.5654215,OWID,34600000.0,5121535.7
Venezuela,2021,Coal,Production,EI_CSV,0.223657322,OWID,158000.0,70643686.0
Venezuela,2021,Oil,Production,EI_CSV,664.8099842,OWID,34500000.0,5189352.7
Venezuela,2022,Coal,Production,EI_CSV,0.214788383,OWID,197000.0,91718082.0
Venezuela,2022,Oil,Production,EI_CSV,726.014643,OWID,37500000.0,5165085.1
Venezuela,2023,Coal,Production,EI_CSV,0.264103587,OWID,149000.0,56417157.2
Venezuela,2023,Oil,Production,EI_CSV,842.6593815,OWID,43700000.0,5185862.6
Vietnam,1981,Coal,Production,EI_CSV,6.0,OWID,5952000.0,99199900.0
Vietnam,1982,Coal,Production,EI_CSV,6.3,OWID,6080000.0,96507836.5
Vietnam,1983,Coal,Production,EI_CSV,6.3,OWID,6235000.0,98968154.0
Vietnam,1984,Coal,Production,EI_CSV,5.0,OWID,4900000.0,97999900.0
Vietnam,1985,Coal,Production,EI_CSV,5.6,OWID,5432000.0,96999900.0
Vietnam,1986,Coal,Production,EI_CSV,6.1,OWID,6392000.0,104786785.2
Vietnam,1987,Coal,Production,EI_CSV,6.3,OWID,6428400.0,102037995.2
Vietnam,1987,Oil,Production,EI_CSV,5.676712329,OWID,175000.0,3082670.3
Vietnam,1988,Coal,Production,EI_CSV,6.1,OWID,6332200.0,103806457.4
Vietnam,1988,Oil,Production,EI_CSV,13.95081967,OWID,747000.0,5354424.1
Vietnam,1989,Coal,Production,EI_CSV,5.1,OWID,3310800.0,64917547.1
Vietnam,1989,Oil,Production,EI_CSV,30.20821918,OWID,1022000.0,3383085.2
Vietnam,1990,Coal,Production,EI_CSV,5.1,OWID,5197800.0,101917547.1
Vietnam,1990,Oil,Production,EI_CSV,54.73972603,OWID,2482000.0,4534084.2
Vietnam,1991,Coal,Production,EI_CSV,5.2,OWID,4895400.0,94142207.7
Vietnam,1991,Oil,Production,EI_CSV,80.28493151,OWID,3900000.0,4857598.6
Vietnam,1992,Coal,Production,EI_CSV,5.2,OWID,4938500.0,94971053.8
Vietnam,1992,Oil,Production,EI_CSV,111.0,OWID,5401000.0,4865665.8
Vietnam,1993,Coal,Production,EI_CSV,6.5,OWID,5500000.0,84615284.6
Vietnam,1993,Oil,Production,EI_CSV,127.7260274,OWID,6257000.0,4898666.6
Vietnam,1994,Coal,Production,EI_CSV,6.04,OWID,6100000.0,100993277.5
Vietnam,1994,Oil,Production,EI_CSV,143.9452055,OWID,7002000.0,4864251.0
Vietnam,1995,Coal,Production,EI_CSV,8.35,OWID,7200000.0,86227444.9
Vietnam,1995,Oil,Production,EI_CSV,154.4876712,OWID,7700000.0,4984116.5
Vietnam,1996,Coal,Production,EI_CSV,9.823,OWID,9823000.0,99999900.0
Vietnam,1996,Oil,Production,EI_CSV,177.984153,OWID,8803000.0,4945845.9
Vietnam,1997,Coal,Production,EI_CSV,11.388,OWID,11388000.0,99999900.0
Vietnam,1997,Oil,Production,EI_CSV,204.5643836,OWID,10090000.0,4932332.4
Vietnam,1998,Coal,Production,EI_CSV,11.672,OWID,11700000.0,100239790.3
Vietnam,1998,Oil,Production,EI_CSV,253.4246575,OWID,12500000.0,4932332.4
Vietnam,1999,Coal,Production,EI_CSV,9.629,OWID,9600000.0,99698726.5
Vietnam,1999,Oil,Production,EI_CSV,308.5090411,OWID,15200000.0,4926822.1
Vietnam,2000,Coal,Production,EI_CSV,11.609,OWID,11600000.0,99922373.9
Vietnam,2000,Oil,Production,EI_CSV,337.5262295,OWID,16300000.0,4829154.3
Vietnam,2001,Coal,Production,EI_CSV,13.397,OWID,13397000.0,99999900.0
Vietnam,2001,Oil,Production,EI_CSV,349.6619178,OWID,16833000.0,4813978.7
Vietnam,2002,Coal,Production,EI_CSV,16.409,OWID,16409100.0,100000509.4
Vietnam,2002,Oil,Production,EI_CSV,352.9715068,OWID,16863000.0,4777339.4
Vietnam,2003,Coal,Production,EI_CSV,19.314,OWID,19314000.0,99999900.0
Vietnam,2003,Oil,Production,EI_CSV,370.1315068,OWID,17700000.0,4781984.1
Vietnam,2004,Coal,Production,EI_CSV,27.349,OWID,27349000.0,99999900.0
Vietnam,2004,Oil,Production,EI_CSV,416.9076503,OWID,20051000.0,4809358.4
Vietnam,2005,Coal,Production,EI_CSV,34.093,OWID,34093000.0,99999900.0
Vietnam,2005,Oil,Production,EI_CSV,387.2126027,OWID,18519000.0,4782543.9
Vietnam,2006,Coal,Production,EI_CSV,38.778,OWID,38778000.0,99999900.0
Vietnam,2006,Oil,Production,EI_CSV,351.5671233,OWID,16800000.0,4778503.8
Vietnam,2007,Coal,Production,EI_CSV,42.483,OWID,42483000.0,99999900.0
Vietnam,2007,Oil,Production,EI_CSV,331.6920548,OWID,15920000.0,4799532.6
Vietnam,2008,Coal,Production,EI_CSV,39.777,OWID,39777000.0,99999900.0
Vietnam,2008,Oil,Production,EI_CSV,309.5781421,OWID,15100000.0,4877505.3
Vietnam,2009,Coal,Production,EI_CSV,44.078,OWID,44078000.0,99999900.0
Vietnam,2009,Oil,Production,EI_CSV,339.8816438,OWID,16579500.0,4877921.6
Vietnam,2010,Coal,Production,EI_CSV,44.835,OWID,44835000.0,99999900.0
Vietnam,2010,Oil,Production,EI_CSV,312.0843836,OWID,15562700.0,4986596.2
Vietnam,2011,Coal,Production,EI_CSV,46.611,OWID,46611000.0,99999900.0
Vietnam,2011,Oil,Production,EI_CSV,315.7657534,OWID,15769100.0,4993823.4
Vietnam,2012,Coal,Production,EI_CSV,42.083,OWID,42083000.0,99999900.0
Vietnam,2012,Oil,Production,EI_CSV,346.7175683,OWID,17305300.0,4991080.6
Vietnam,2013,Coal,Production,EI_CSV,41.064,OWID,41064000.0,99999900.0
Vietnam,2013,Oil,Production,EI_CSV,346.4686849,OWID,17390000.0,5019112.6
Vietnam,2014,Bauxite,Production,EI_Excel,1090.0,OWID,1100000.0,100817.4
Vietnam,2014,Coal,Production,EI_CSV,41.086,OWID,41086000.0,99999900.0
Vietnam,2014,Oil,Production,EI_CSV,325.0460274,OWID,17392000.0,5350526.8
Vietnam,2015,Bauxite,Production,EI_Excel,1150.0,OWID,1100000.0,95552.2
Vietnam,2015,Coal,Production,EI_CSV,41.664,OWID,41664000.0,99999900.0
Vietnam,2015,Oil,Production,EI_CSV,351.5654795,OWID,18746000.0,5332050.4
Vietnam,2016,Bauxite,Production,EI_Excel,1200.0,OWID,1400000.0,116566.7
Vietnam,2016,Coal,Production,EI_CSV,38.735,OWID,38735000.0,99999900.0
Vietnam,2016,Oil,Production,EI_CSV,317.360929,OWID,17230000.0,5429049.7
Vietnam,2017,Bauxite,Production,EI_Excel,2400.0,OWID,2800000.0,116566.7
Vietnam,2017,Coal,Production,EI_CSV,38.409,OWID,38409000.0,99999900.0
Vietnam,2017,Oil,Production,EI_CSV,284.3716438,OWID,15518000.0,5456843.5
Vietnam,2018,Bauxite,Production,EI_Excel,4100.0,OWID,3569700.0,86965.9
Vietnam,2018,Coal,Production,EI_CSV,42.384,OWID,42384000.0,99999900.0
Vietnam,2018,Oil,Production,EI_CSV,256.6682192,OWID,13969000.0,5442334.6
Vietnam,2019,Bauxite,Production,EI_Excel,4000.0,OWID,3200000.0,79900.0
Vietnam,2019,Coal,Production,EI_CSV,46.387,OWID,47157700.0,101661356.9
Vietnam,2019,Oil,Production,EI_CSV,236.4449315,OWID,13090000.0,5536072.8
Vietnam,2020,Bauxite,Production,EI_Excel,3500.0,OWID,3500000.0,99900.0
Vietnam,2020,Coal,Production,EI_CSV,44.59836,OWID,44598400.0,99999989.7
Vietnam,2020,Oil,Production,EI_CSV,207.0731284,OWID,11470000.0,5539006.0
Vietnam,2021,Bauxite,Production,EI_Excel,3830.0,OWID,3830000.0,99900.0
Vietnam,2021,Coal,Production,EI_CSV,48.3156,OWID,48315600.0,99999900.0
Vietnam,2021,Oil,Production,EI_CSV,196.1108219,OWID,10970000.0,5593676.0
Vietnam,2022,Bauxite,Production,EI_Excel,3900.0,OWID,3900000.0,99900.0
Vietnam,2022,Coal,Production,EI_CSV,49.8547,OWID,49854700.0,99999900.0
Vietnam,2022,Oil,Production,EI_CSV,193.7642466,OWID,10840000.0,5594327.3
Vietnam,2023,Bauxite,Production,EI_Excel,3920.0,OWID,3920000.0,99900.0
Vietnam,2023,Coal,Production,EI_CSV,47.2587,OWID,47258700.0,99999900.0
Vietnam,2023,Oil,Production,EI_CSV,188.1304164,OWID,10412300.0,5534518.1
Vietnam,2024,Bauxite,Production,EI_Excel,4200.0,EI_Excel,0.0714285714285714,100.0
Vietnam,2024,Bauxite,Production,EI_Excel,4200.0,EI_Excel,0.00932328490404786,100.0
Vietnam,2024,Bauxite,Production,EI_Excel,4200.0,OWID,4200000.0,99900.0
World,1900,Cadmium,Production,OWID,14.0,OWID,14.0,0.0
World,1901,Cadmium,Production,OWID,13.0,OWID,13.0,0.0
World,1902,Cadmium,Production,OWID,13.0,OWID,13.0,0.0
World,1903,Cadmium,Production,OWID,17.0,OWID,17.0,0.0
World,1904,Cadmium,Production,OWID,25.0,OWID,25.0,0.0
World,1905,Cadmium,Production,OWID,25.0,OWID,25.0,0.0
World,1906,Cadmium,Production,OWID,21.0,OWID,21.0,0.0
World,1907,Cadmium,Production,OWID,39.0,OWID,39.0,0.0
World,1908,Cadmium,Production,OWID,37.0,OWID,37.0,0.0
World,1909,Cadmium,Production,OWID,39.0,OWID,39.0,0.0
World,1910,Cadmium,Production,OWID,43.0,OWID,43.0,0.0
World,1911,Cadmium,Production,OWID,55.0,OWID,55.0,0.0
World,1912,Cadmium,Production,OWID,67.0,OWID,67.0,0.0
World,1913,Cadmium,Production,OWID,62.0,OWID,62.0,0.0
World,1914,Cadmium,Production,OWID,80.0,OWID,80.0,0.0
World,1915,Cadmium,Production,OWID,78.0,OWID,78.0,0.0
World,1916,Cadmium,Production,OWID,119.0,OWID,119.0,0.0
World,1917,Cadmium,Production,OWID,172.0,OWID,172.0,0.0
World,1918,Cadmium,Production,OWID,165.0,OWID,165.0,0.0
World,1919,Cadmium,Production,OWID,89.0,OWID,89.0,0.0
World,1920,Cadmium,Production,OWID,81.0,OWID,81.0,0.0
World,1921,Cadmium,Production,OWID,54.0,OWID,54.0,0.0
World,1922,Cadmium,Production,OWID,128.0,OWID,128.0,0.0
World,1923,Cadmium,Production,OWID,248.0,OWID,248.0,0.0
World,1924,Cadmium,Production,OWID,245.0,OWID,245.0,0.0
World,1925,Cadmium,Production,OWID,416.0,OWID,416.0,0.0
World,1926,Cadmium,Production,OWID,960.0,OWID,960.0,0.0
World,1927,Cadmium,Production,OWID,661.0,OWID,661.0,0.0
World,1928,Cadmium,Production,OWID,1500.0,OWID,1500.0,0.0
World,1929,Cadmium,Production,OWID,2180.0,OWID,2180.0,0.0
World,1930,Cadmium,Production,OWID,2480.0,OWID,2480.0,0.0
World,1931,Cadmium,Production,OWID,1230.0,OWID,1230.0,0.0
World,1932,Cadmium,Production,OWID,1040.0,OWID,1040.0,0.0
World,1933,Cadmium,Production,OWID,1950.0,OWID,1950.0,0.0
World,1934,Cadmium,Production,OWID,2480.0,OWID,2480.0,0.0
World,1935,Cadmium,Production,OWID,3150.0,OWID,3150.0,0.0
World,1936,Cadmium,Production,OWID,3390.0,OWID,3390.0,0.0
World,1937,Cadmium,Production,OWID,3970.0,OWID,3970.0,0.0
World,1938,Cadmium,Production,OWID,4010.0,OWID,4010.0,0.0
World,1939,Cadmium,Production,OWID,4580.0,OWID,4580.0,0.0
World,1940,Cadmium,Production,OWID,5220.0,OWID,5220.0,0.0
World,1941,Cadmium,Production,OWID,5220.0,OWID,5220.0,0.0
World,1942,Cadmium,Production,OWID,5030.0,OWID,5030.0,0.0
World,1943,Cadmium,Production,OWID,5380.0,OWID,5380.0,0.0
World,1944,Cadmium,Production,OWID,5320.0,OWID,5320.0,0.0
World,1945,Cadmium,Production,OWID,4760.0,OWID,4760.0,0.0
World,1946,Cadmium,Production,OWID,4050.0,OWID,4050.0,0.0
World,1947,Cadmium,Production,OWID,4930.0,OWID,4930.0,0.0
World,1948,Cadmium,Production,OWID,4870.0,OWID,4870.0,0.0
World,1949,Cadmium,Production,OWID,5220.0,OWID,5220.0,0.0
World,1950,Cadmium,Production,OWID,6010.0,OWID,6010.0,0.0
World,1951,Cadmium,Production,OWID,6070.0,OWID,6070.0,0.0
World,1952,Cadmium,Production,OWID,6170.0,OWID,6170.0,0.0
World,1953,Cadmium,Production,OWID,7060.0,OWID,7060.0,0.0
World,1954,Cadmium,Production,OWID,7300.0,OWID,7300.0,0.0
World,1955,Cadmium,Production,OWID,8390.0,OWID,8390.0,0.0
World,1956,Cadmium,Production,OWID,9070.0,OWID,9070.0,0.0
World,1957,Cadmium,Production,OWID,9390.0,OWID,9390.0,0.0
World,1958,Cadmium,Production,OWID,9800.0,OWID,9800.0,0.0
World,1959,Cadmium,Production,OWID,10200.0,OWID,10200.0,0.0
World,1960,Cadmium,Production,OWID,11100.0,OWID,11100.0,0.0
World,1961,Cadmium,Production,OWID,11700.0,OWID,11700.0,0.0
World,1962,Cadmium,Production,OWID,11700.0,OWID,11700.0,0.0
World,1963,Cadmium,Production,OWID,11800.0,OWID,11800.0,0.0
World,1964,Cadmium,Production,OWID,12700.0,OWID,12700.0,0.0
World,1965,Cadmium,Production,OWID,11900.0,OWID,11900.0,0.0
World,1966,Cadmium,Production,OWID,13000.0,OWID,13000.0,0.0
World,1967,Cadmium,Production,OWID,13200.0,OWID,13200.0,0.0
World,1968,Cadmium,Production,OWID,15000.0,OWID,15000.0,0.0
World,1969,Cadmium,Production,OWID,17600.0,OWID,17600.0,0.0
World,1970,Cadmium,Production,OWID,16500.0,OWID,16500.0,0.0
World,1971,Cadmium,Production,OWID,15400.0,OWID,15400.0,0.0
World,1972,Cadmium,Production,OWID,16700.0,OWID,16700.0,0.0
World,1973,Cadmium,Production,OWID,17200.0,OWID,17200.0,0.0
World,1974,Cadmium,Production,OWID,17300.0,OWID,17300.0,0.0
World,1975,Cadmium,Production,OWID,15200.0,OWID,15200.0,0.0
World,1976,Cadmium,Production,OWID,17000.0,OWID,17000.0,0.0
World,1977,Cadmium,Production,OWID,18300.0,OWID,18300.0,0.0
World,1978,Cadmium,Production,OWID,17300.0,OWID,17300.0,0.0
World,1979,Cadmium,Production,OWID,18700.0,OWID,18700.0,0.0
World,1980,Cadmium,Production,OWID,18200.0,OWID,18200.0,0.0
World,1981,Cadmium,Production,OWID,17400.0,OWID,17400.0,0.0
World,1982,Cadmium,Production,OWID,16400.0,OWID,16400.0,0.0
World,1983,Cadmium,Production,OWID,17600.0,OWID,17600.0,0.0
World,1984,Cadmium,Production,OWID,19600.0,OWID,19600.0,0.0
World,1985,Cadmium,Production,OWID,19100.0,OWID,19100.0,0.0
World,1986,Cadmium,Production,OWID,19100.0,OWID,19100.0,0.0
World,1987,Cadmium,Production,OWID,19000.0,OWID,19000.0,0.0
World,1988,Cadmium,Production,OWID,21900.0,OWID,21900.0,0.0
World,1989,Cadmium,Production,OWID,21400.0,OWID,21400.0,0.0
World,1990,Cadmium,Production,OWID,20200.0,OWID,20200.0,0.0
World,1991,Cadmium,Production,OWID,20900.0,OWID,20900.0,0.0
World,1992,Cadmium,Production,OWID,19600.0,OWID,19600.0,0.0
World,1993,Cadmium,Production,OWID,18700.0,OWID,18700.0,0.0
World,1994,Cadmium,Production,OWID,18200.0,OWID,18200.0,0.0
World,1995,Cadmium,Production,OWID,20100.0,OWID,20100.0,0.0
World,1996,Cadmium,Production,OWID,18900.0,OWID,18900.0,0.0
World,1997,Cadmium,Production,OWID,20300.0,OWID,20300.0,0.0
World,1998,Cadmium,Production,OWID,20200.0,OWID,20200.0,0.0
World,1999,Cadmium,Production,OWID,20000.0,OWID,20000.0,0.0
World,2000,Cadmium,Production,OWID,20300.0,OWID,20300.0,0.0
World,2000,Cobalt,Price,EI_Prices,33.422,OWID,28100.0,83976.4
World,2000,Lithium,Price,EI_Prices,4.47,OWID,4230.0,94530.9
World,2001,Cadmium,Production,OWID,20000.0,OWID,20000.0,0.0
World,2001,Cobalt,Price,EI_Prices,23.259,OWID,21500.0,92337.3
World,2001,Lithium,Price,EI_Prices,1.49,OWID,1370.0,91846.3
World,2002,Cadmium,Production,OWID,17800.0,OWID,17800.0,0.0
World,2002,Cobalt,Price,EI_Prices,15.234,OWID,15500.0,101646.1
World,2002,Lithium,Price,EI_Prices,1.59,OWID,1440.0,90466.0
World,2003,Cadmium,Production,OWID,18400.0,OWID,18400.0,0.0
World,2003,Cobalt,Price,EI_Prices,23.369,OWID,18200.0,77781.0
World,2003,Lithium,Price,EI_Prices,1.55,OWID,1370.0,88287.1
World,2004,Cadmium,Production,OWID,18600.0,OWID,18600.0,0.0
World,2004,Cobalt,Price,EI_Prices,52.757,OWID,37400.0,70791.1
World,2004,Lithium,Price,EI_Prices,1.72,OWID,1480.0,85946.5
World,2005,Cadmium,Production,OWID,20100.0,OWID,20100.0,0.0
World,2005,Cobalt,Price,EI_Prices,35.186,OWID,28100.0,79761.3
World,2005,Lithium,Price,EI_Prices,1.46,OWID,1220.0,83461.6
World,2006,Cadmium,Production,OWID,19900.0,OWID,19900.0,0.0
World,2006,Cobalt,Price,EI_Prices,37.964,OWID,24800.0,65225.0
World,2006,Lithium,Price,EI_Prices,2.32,OWID,1880.0,80934.5
World,2007,Cadmium,Production,OWID,18700.0,OWID,18700.0,0.0
World,2007,Cobalt,Price,EI_Prices,67.351,OWID,42900.0,63596.2
World,2007,Lithium,Price,EI_Prices,3.53,OWID,2770.0,78370.3
World,2008,Cadmium,Production,OWID,21600.0,OWID,21600.0,0.0
World,2008,Cobalt,Price,EI_Prices,86.002,OWID,51800.0,60131.2
World,2008,Lithium,Price,EI_Prices,4.44,OWID,3360.0,75575.7
World,2009,Cadmium,Production,OWID,20800.0,OWID,20800.0,0.0
World,2009,Cobalt,Price,EI_Prices,39.375,OWID,26000.0,65931.7
World,2009,Lithium,Price,EI_Prices,5.942,OWID,3440.0,57793.0
World,2009,Natural Graphite,Price,EI_Prices,0.908,OWID,681.5074,74955.9
World,2010,Cadmium,Production,OWID,23700.0,OWID,23700.0,0.0
World,2010,Cobalt,Price,EI_Prices,45.966,OWID,29700.0,64513.0
World,2010,Lithium,Price,EI_Prices,5.186,OWID,3250.0,62568.7
World,2010,Natural Graphite,Price,EI_Prices,1.075,OWID,595.7542,55319.0
World,2011,Cadmium,Production,OWID,21100.0,OWID,21100.0,0.0
World,2011,Cobalt,Price,EI_Prices,39.661,OWID,26200.0,65959.9
World,2011,Lithium,Price,EI_Prices,5.1,OWID,2800.0,54802.0
World,2011,Natural Graphite,Price,EI_Prices,1.348,OWID,820.28986,60752.4
World,2012,Cadmium,Production,OWID,22500.0,OWID,22500.0,0.0
World,2012,Cobalt,Price,EI_Prices,31.019,OWID,21600.0,69534.7
World,2012,Lithium,Price,EI_Prices,5.419,OWID,3000.0,55260.8
World,2012,Natural Graphite,Price,EI_Prices,1.429,OWID,859.0,60012.0
World,2013,Cadmium,Production,OWID,22500.0,OWID,22500.0,0.0
World,2013,Cobalt,Price,EI_Prices,27.074,OWID,19500.0,71924.8
World,2013,Lithium,Price,EI_Prices,5.696,OWID,3070.0,53797.5
World,2013,Natural Graphite,Price,EI_Prices,0.99,OWID,805.0,81213.1
World,2014,Cadmium,Production,OWID,25600.0,OWID,25600.0,0.0
World,2014,Cobalt,Price,EI_Prices,30.786,OWID,21100.0,68437.6
World,2014,Lithium,Price,EI_Prices,5.723,OWID,3110.0,54242.1
World,2014,Natural Graphite,Price,EI_Prices,0.916,OWID,716.0,78065.9
World,2015,Cadmium,Production,OWID,25100.0,OWID,25100.0,0.0
World,2015,Cobalt,Price,EI_Prices,28.455,OWID,20100.0,70537.8
World,2015,Lithium,Price,EI_Prices,6.55,OWID,3120.0,47533.6
World,2015,Natural Graphite,Price,EI_Prices,0.691,OWID,860.0,124357.3
World,2016,Cadmium,Production,OWID,25600.0,OWID,25600.0,0.0
World,2016,Cobalt,Price,EI_Prices,25.472,OWID,17300.0,67817.7
World,2016,Lithium,Price,EI_Prices,12.017,OWID,3340.0,27694.0
World,2016,Natural Graphite,Price,EI_Prices,0.575,OWID,830.0,144247.8
World,2017,Cadmium,Production,OWID,25500.0,OWID,25500.0,0.0
World,2017,Cobalt,Price,EI_Prices,55.79,OWID,32200.0,57616.4
World,2017,Lithium,Price,EI_Prices,17.035,OWID,3260.0,19037.1
World,2017,Natural Graphite,Price,EI_Prices,0.647,OWID,750.0,115819.6
World,2018,Cadmium,Production,OWID,26700.0,OWID,26700.0,0.0
World,2018,Cobalt,Price,EI_Prices,81.17009999999999,OWID,41400.0,50904.0
World,2018,Lithium,Price,EI_Prices,13.041,OWID,4740.0,36246.9
World,2018,Natural Graphite,Price,EI_Prices,0.7835,OWID,593.0,75586.0
World,2019,Cadmium,Production,OWID,23500.0,OWID,23500.0,0.0
World,2019,Cobalt,Price,EI_Prices,35.91234120833333,OWID,24100.0,67007.8
World,2019,Lithium,Price,EI_Prices,10.287,OWID,5120.0,49671.6
World,2019,Natural Graphite,Price,EI_Prices,0.6658,OWID,714.0,107139.4
World,2019,Nickel,Price,EI_Prices,17.467720814417767,OWID,7570.0,43237.1
World,2020,Cadmium,Production,OWID,24000.0,OWID,24000.0,0.0
World,2020,Cobalt,Price,EI_Prices,33.951148,OWID,21800.0,64109.9
World,2020,Lithium,Price,EI_Prices,6.485,OWID,4030.0,62043.4
World,2020,Natural Graphite,Price,EI_Prices,0.5287999999999999,OWID,780.0,147403.8
World,2020,Nickel,Price,EI_Prices,16.634734848484843,OWID,8670.0,52019.9
World,2021,Cadmium,Production,OWID,24700.0,OWID,24700.0,0.0
World,2021,Cobalt,Price,EI_Prices,52.933844791666665,EI_Prices,0.09639751079451052,99.8
World,2021,Cobalt,Price,EI_Prices,52.933844791666665,OWID,26900.0,50718.1
World,2021,Lithium,Price,EI_Prices,15.171,EI_Prices,0.06997084368251787,99.5
World,2021,Lithium,Price,EI_Prices,15.171,OWID,3730.0,24486.4
World,2021,Natural Graphite,Price,EI_Prices,0.56,OWID,806.0,143828.6
World,2022,Cadmium,Production,OWID,22600.0,OWID,22600.0,0.0
World,2022,Cobalt,Price,EI_Prices,67.05719166666667,EI_Prices,0.1388665919191818,99.8
World,2022,Gold,Reserves,OWID,52000.0,OWID,52000.0,0.0
World,2022,Lithium,Price,EI_Prices,59.428,EI_Prices,0.09891249774114438,99.8
World,2022,Natural Graphite,Price,EI_Prices,0.7629,OWID,1160.0,151951.4
World,2022,Silver,Reserves,OWID,550000.0,OWID,550000.0,0.0
World,2023,Cadmium,Production,OWID,24100.0,OWID,24100.0,0.0
World,2023,Cobalt,Price,EI_Prices,35.43697002083333,EI_Prices,0.10470507007546284,99.7
World,2023,Gold,Reserves,OWID,59000.0,OWID,59000.0,0.0
World,2023,Lithium,Price,EI_Prices,40.297,EI_Prices,0.08826260029934711,99.8
World,2023,Silver,Reserves,OWID,610000.0,OWID,610000.0,0.0
World,2024,Cadmium,Production,OWID,24000.0,OWID,24000.0,0.0
World,2024,Cobalt,Price,EI_Prices,27.23587548,EI_Prices,0.0736495413541909,99.7
World,2024,Gold,Reserves,OWID,64000.0,OWID,64000.0,0.0
World,2024,Lithium,Price,EI_Prices,12.394018986324097,EI_Prices,0.06638596011619648,99.5
World,2024,Silver,Reserves,OWID,640000.0,OWID,640000.0,0.0
Yemen,1992,Oil,Production,EI_CSV,183.9584699,OWID,8433626.0,4584427.2
Yemen,1993,Oil,Production,EI_CSV,209.3731507,OWID,10166000.0,4855345.9
Yemen,1994,Oil,Production,EI_CSV,345.5808219,OWID,16981000.0,4913656.5
Yemen,1995,Oil,Production,EI_CSV,351.4706849,OWID,16358000.0,4654057.7
Yemen,1996,Oil,Production,EI_CSV,356.663388,OWID,16556000.0,4641811.8
Yemen,1997,Oil,Production,EI_CSV,374.9665753,OWID,17338000.0,4623778.8
Yemen,1998,Oil,Production,EI_CSV,380.0915068,OWID,17600000.0,4630363.9
Yemen,1999,Oil,Production,EI_CSV,405.1254795,OWID,18770000.0,4633032.4
Yemen,2000,Oil,Production,EI_CSV,436.502,OWID,20720000.0,4746728.2
Yemen,2001,Oil,Production,EI_CSV,452.8720658,OWID,20974000.0,4631230.0
Yemen,2002,Oil,Production,EI_CSV,456.8481808,OWID,20958000.0,4587419.6
Yemen,2003,Oil,Production,EI_CSV,450.5455288,OWID,20609000.0,4574132.5
Yemen,2004,Oil,Production,EI_CSV,423.6927388,OWID,19329000.0,4561932.4
Yemen,2005,Oil,Production,EI_CSV,420.7610808,OWID,19132000.0,4546898.5
Yemen,2006,Oil,Production,EI_CSV,386.5861233,OWID,17429000.0,4508339.1
Yemen,2007,Oil,Production,EI_CSV,340.7964055,OWID,15300000.0,4489384.0
Yemen,2008,Oil,Production,EI_CSV,315.7533727,OWID,14400000.0,4560421.4
Yemen,2009,Oil,Production,EI_CSV,308.0605671,OWID,14000000.0,4544460.9
Yemen,2010,Oil,Production,EI_CSV,306.4592836,OWID,14300000.0,4666099.0
Yemen,2011,Oil,Production,EI_CSV,220.4243,OWID,11200000.0,5081009.5
Yemen,2012,Oil,Production,EI_CSV,180.218795,OWID,8000000.0,4438948.7
Yemen,2013,Oil,Production,EI_CSV,198.3895373,OWID,9000000.0,4536429.6
Yemen,2014,Oil,Production,EI_CSV,153.3719555,OWID,6900000.0,4498766.8
Yemen,2015,Oil,Production,EI_CSV,54.11026551,OWID,2600000.0,4804903.2
Yemen,2016,Oil,Production,EI_CSV,42.57651111,OWID,1600000.0,3757840.6
Yemen,2017,Oil,Production,EI_CSV,71.01369863,OWID,2400000.0,3379529.6
Yemen,2018,Oil,Production,EI_CSV,94.15611286,OWID,4100000.0,4354370.3
Yemen,2019,Oil,Production,EI_CSV,94.64931507,OWID,4100000.0,4331679.9
Yemen,2020,Oil,Production,EI_CSV,87.97537038,OWID,3800000.0,4319290.7
Yemen,2021,Oil,Production,EI_CSV,82.64931507,OWID,3500000.0,4234659.8
Yemen,2022,Oil,Production,EI_CSV,73.68771381,OWID,3100000.0,4206842.8
Yemen,2023,Oil,Production,EI_CSV,49.48771496,OWID,1900000.0,3839236.7
Zambia,1995,Cobalt,Production,EI_CSV,2.930999994,EI_Excel,2.931,0.0
Zambia,1996,Cobalt,Production,EI_CSV,4.828999996,EI_Excel,4.829,0.0
Zambia,1997,Cobalt,Production,EI_CSV,4.027999878,EI_Excel,4.028,0.0
Zambia,1998,Cobalt,Production,EI_CSV,4.960999966,EI_Excel,4.961,0.0
Zambia,1999,Cobalt,Production,EI_CSV,4.377999783,EI_Excel,4.378,0.0
Zambia,2000,Cobalt,Production,EI_CSV,2.877000093,EI_Excel,2.877,0.0
Zambia,2001,Cobalt,Production,EI_CSV,4.18200016,EI_Excel,4.182,0.0
Zambia,2002,Cobalt,Production,EI_CSV,3.99000001,EI_Excel,3.9899999999999998,0.0
Zambia,2003,Cobalt,Production,EI_CSV,3.210999966,EI_Excel,3.211,0.0
Zambia,2004,Cobalt,Production,EI_CSV,6.081999779,EI_Excel,6.082,0.0
Zambia,2005,Cobalt,Production,EI_CSV,5.528999805,EI_Excel,5.529,0.0
Zambia,2006,Cobalt,Production,EI_CSV,4.657999992,EI_Excel,4.6579999999999995,0.0
Zambia,2007,Cobalt,Production,EI_CSV,4.690000057,EI_Excel,4.6899999999999995,0.0
Zambia,2008,Cobalt,Production,EI_CSV,4.612999916,EI_Excel,4.6129999999999995,0.0
Zambia,2009,Cobalt,Production,EI_CSV,5.879000187,EI_Excel,5.879,0.0
Zambia,2010,Cobalt,Production,EI_CSV,8.647999763,EI_Excel,8.648,0.0
Zambia,2011,Cobalt,Production,EI_CSV,7.702000141,EI_Excel,7.702,0.0
Zambia,2012,Cobalt,Production,EI_CSV,5.434999943,EI_Excel,5.435,0.0
Zambia,2013,Cobalt,Production,EI_CSV,5.919000149,EI_Excel,5.919,0.0
Zambia,2014,Cobalt,Production,EI_CSV,4.561999798,EI_Excel,4.562,0.0
Zambia,2015,Cobalt,Production,EI_CSV,2.979000092,EI_Excel,2.979,0.0
Zambia,2016,Cobalt,Production,EI_CSV,4.981999874,EI_Excel,4.981999999999999,0.0
Zambia,2017,Cobalt,Production,EI_CSV,2.648900032,EI_Excel,2.6489000000000003,0.0
Zambia,2018,Cobalt,Production,EI_CSV,1.585000038,EI_Excel,1.5849999999999997,0.0
Zambia,2019,Cobalt,Production,EI_CSV,0.367000014,EI_Excel,0.367,0.0
Zambia,2020,Cobalt,Production,EI_CSV,0.287,EI_Excel,0.287,0.0
Zambia,2021,Cobalt,Production,EI_CSV,0.246999994,EI_Excel,0.247,0.0
Zambia,2022,Cobalt,Production,EI_CSV,0.252000004,EI_Excel,0.252,0.0
Zambia,2023,Cobalt,Production,EI_CSV,0.252000004,EI_Excel,0.252,0.0
Zambia,2024,Cobalt,Production,EI_CSV,0.252000004,EI_Excel,0.252,0.0
Zambia,2024,Cobalt,Production,EI_CSV,0.252000004,EI_Excel,0.0,100.0
Zambia,2024,Cobalt,Production,EI_CSV,0.252000004,EI_Excel,0.000930521231693686,99.6
Zambia,2024,Cobalt,Reserves,EI_CSV,270.0,EI_Excel,269.99999999999994,0.0
Zimbabwe,1981,Coal,Production,EI_CSV,2.87,OWID,2867000.0,99895370.4
Zimbabwe,1982,Coal,Production,EI_CSV,2.77,OWID,2769000.0,99963798.9
Zimbabwe,1983,Coal,Production,EI_CSV,3.33,OWID,3326000.0,99879779.9
Zimbabwe,1984,Coal,Production,EI_CSV,3.11,OWID,3109000.0,99967745.7
Zimbabwe,1985,Coal,Production,EI_CSV,3.11,OWID,3114000.0,100128517.4
Zimbabwe,1986,Coal,Production,EI_CSV,4.05,OWID,4047000.0,99925825.9
Zimbabwe,1987,Coal,Production,EI_CSV,4.83,OWID,4831000.0,100020603.9
Zimbabwe,1988,Coal,Production,EI_CSV,5.07,OWID,5065000.0,99901280.7
Zimbabwe,1989,Coal,Production,EI_CSV,5.11,OWID,5112000.0,100039038.9
Zimbabwe,1990,Coal,Production,EI_CSV,5.5,OWID,5504000.0,100072627.3
Zimbabwe,1991,Coal,Production,EI_CSV,5.62,OWID,5616000.0,99928725.6
Zimbabwe,1992,Coal,Production,EI_CSV,5.55,OWID,5546884.0,99943755.9
Zimbabwe,1993,Coal,Production,EI_CSV,5.29,OWID,5284734.0,99900353.7
Zimbabwe,1994,Coal,Production,EI_CSV,5.47,OWID,5515336.0,100828711.7
Zimbabwe,1995,Coal,Production,EI_CSV,5.54,OWID,5537579.0,99956199.6
Zimbabwe,1995,Lithium,Production,EI_CSV,0.519999981,EI_Excel,0.5199999999999999,0.0
Zimbabwe,1996,Coal,Production,EI_CSV,5.17,OWID,5174685.0,100090519.0
Zimbabwe,1996,Lithium,Production,EI_CSV,0.5,EI_Excel,0.5,0.0
Zimbabwe,1997,Coal,Production,EI_CSV,5.3,OWID,5300749.0,100014032.1
Zimbabwe,1997,Lithium,Production,EI_CSV,0.699999988,EI_Excel,0.7,0.0
Zimbabwe,1998,Coal,Production,EI_CSV,5.47,OWID,5046977.0,92266389.9
Zimbabwe,1998,Lithium,Production,EI_CSV,1.0,EI_Excel,1.0,0.0
Zimbabwe,1999,Coal,Production,EI_CSV,4.98,OWID,4977355.0,99946787.6
Zimbabwe,1999,Lithium,Production,EI_CSV,0.699999988,EI_Excel,0.7,0.0
Zimbabwe,2000,Coal,Production,EI_CSV,4.41,OWID,3986202.0,90389968.0
Zimbabwe,2000,Lithium,Production,EI_CSV,0.74000001,EI_Excel,0.74,0.0
Zimbabwe,2001,Coal,Production,EI_CSV,4.511447,OWID,4511447.0,99999900.0
Zimbabwe,2001,Lithium,Production,EI_CSV,0.699999988,EI_Excel,0.7,0.0
Zimbabwe,2002,Coal,Production,EI_CSV,3.938175,OWID,3938175.0,99999900.0
Zimbabwe,2002,Lithium,Production,EI_CSV,0.639999986,EI_Excel,0.6399999999999999,0.0
Zimbabwe,2003,Coal,Production,EI_CSV,2.824362,OWID,2824362.0,99999900.0
Zimbabwe,2003,Lithium,Production,EI_CSV,0.479999989,EI_Excel,0.48,0.0
Zimbabwe,2004,Coal,Production,EI_CSV,3.797669,OWID,3797669.0,99999900.0
Zimbabwe,2004,Lithium,Production,EI_CSV,0.239999995,EI_Excel,0.24,0.0
Zimbabwe,2005,Coal,Production,EI_CSV,3.370826,OWID,3370826.0,99999900.0
Zimbabwe,2005,Lithium,Production,EI_CSV,0.25999999,EI_Excel,0.25999999999999995,0.0
Zimbabwe,2006,Coal,Production,EI_CSV,2.107115,OWID,2107115.0,99999900.0
Zimbabwe,2006,Lithium,Production,EI_CSV,0.600000024,EI_Excel,0.6,0.0
Zimbabwe,2007,Coal,Production,EI_CSV,2.080221,OWID,2080221.0,99999900.0
Zimbabwe,2007,Lithium,Production,EI_CSV,0.300000012,EI_Excel,0.3,0.0
Zimbabwe,2008,Coal,Production,EI_CSV,1.50908,OWID,1509080.0,99999900.0
Zimbabwe,2008,Lithium,Production,EI_CSV,0.5,EI_Excel,0.5,0.0
Zimbabwe,2009,Coal,Production,EI_CSV,1.667346,OWID,1667346.0,99999900.0
Zimbabwe,2009,Lithium,Production,EI_CSV,0.400000006,EI_Excel,0.39999999999999997,0.0
Zimbabwe,2010,Coal,Production,EI_CSV,2.668183,OWID,2668183.0,99999900.0
Zimbabwe,2010,Lithium,Production,EI_CSV,0.469999999,EI_Excel,0.47,0.0
Zimbabwe,2011,Coal,Production,EI_CSV,2.562054,OWID,2562054.0,99999900.0
Zimbabwe,2011,Lithium,Production,EI_CSV,0.469999999,EI_Excel,0.47,0.0
Zimbabwe,2012,Coal,Production,EI_CSV,1.5936,OWID,1593600.0,99999900.0
Zimbabwe,2012,Lithium,Production,EI_CSV,1.059999943,EI_Excel,1.06,0.0
Zimbabwe,2013,Coal,Production,EI_CSV,3.1142,OWID,3114200.0,99999900.0
Zimbabwe,2013,Lithium,Production,EI_CSV,1.0,EI_Excel,1.0,0.0
Zimbabwe,2014,Coal,Production,EI_CSV,5.7826,OWID,5782600.0,99999900.0
Zimbabwe,2014,Lithium,Production,EI_CSV,0.899999976,EI_Excel,0.9,0.0
Zimbabwe,2014,Platinum Group,Production,EI_Excel,22.6,OWID,10.138,55.1
Zimbabwe,2015,Coal,Production,EI_CSV,4.336193,OWID,4336100.0,99997755.3
Zimbabwe,2015,Lithium,Production,EI_CSV,0.899999976,EI_Excel,0.9,0.0
Zimbabwe,2015,Platinum Group,Production,EI_Excel,22.6,OWID,10.055,55.5
Zimbabwe,2016,Coal,Production,EI_CSV,2.701719,OWID,1635800.0,60546537.2
Zimbabwe,2016,Lithium,Production,EI_CSV,1.0,EI_Excel,1.0,0.0
Zimbabwe,2016,Platinum Group,Production,EI_Excel,26.9,OWID,12.222,54.6
Zimbabwe,2017,Coal,Production,EI_CSV,2.928,OWID,2928000.0,99999900.0
Zimbabwe,2017,Lithium,Production,EI_CSV,0.800000012,EI_Excel,0.7999999999999999,0.0
Zimbabwe,2017,Platinum Group,Production,EI_Excel,26.0,OWID,11.822,54.5
Zimbabwe,2018,Coal,Production,EI_CSV,3.347764,OWID,3347500.0,99992014.1
Zimbabwe,2018,Lithium,Production,EI_CSV,1.600000024,EI_Excel,1.5999999999999999,0.0
Zimbabwe,2018,Platinum Group,Production,EI_Excel,26.0,OWID,12.094,53.5
Zimbabwe,2019,Coal,Production,EI_CSV,2.627011,OWID,2729922.0,103917317.9
Zimbabwe,2019,Lithium,Production,EI_CSV,1.200000048,EI_Excel,1.2,0.0
Zimbabwe,2019,Platinum Group,Production,EI_Excel,24.9,OWID,11.639,53.3
Zimbabwe,2020,Coal,Production,EI_CSV,2.7059355,OWID,2750883.0,101660970.6
Zimbabwe,2020,Lithium,Production,EI_CSV,0.416999996,EI_Excel,0.417,0.0
Zimbabwe,2020,Lithium,Production,EI_CSV,0.416999996,OWID,417.0,99900.0
Zimbabwe,2020,Platinum Group,Production,EI_Excel,27.9,OWID,12.9,53.8
Zimbabwe,2021,Coal,Production,EI_CSV,3.23921509,OWID,3246000.0,100209361.5
Zimbabwe,2021,Lithium,Production,EI_CSV,0.709999979,EI_Excel,0.71,0.0
Zimbabwe,2021,Lithium,Production,EI_CSV,0.709999979,OWID,710.0,99900.0
Zimbabwe,2021,Platinum Group,Production,EI_Excel,27.1,OWID,12.4,54.2
Zimbabwe,2022,Coal,Production,EI_CSV,3.94099848,OWID,4185417.0,106201844.0
Zimbabwe,2022,Lithium,Production,EI_CSV,1.029999971,EI_Excel,1.0299999999999998,0.0
Zimbabwe,2022,Lithium,Production,EI_CSV,1.029999971,OWID,1030.0,99900.0
Zimbabwe,2022,Platinum Group,Production,EI_Excel,31.3,OWID,14.3,54.3
Zimbabwe,2023,Coal,Production,EI_CSV,4.989015,OWID,4898735.0,98190324.4
Zimbabwe,2023,Lithium,Production,EI_CSV,14.89999962,EI_Excel,14.9,0.0
Zimbabwe,2023,Lithium,Production,EI_CSV,14.89999962,OWID,14900.0,99900.0
Zimbabwe,2023,Platinum Group,Production,EI_Excel,35.1,OWID,15.9,54.7
Zimbabwe,2024,Lithium,Production,EI_CSV,22.0,EI_Excel,22.0,0.0
Zimbabwe,2024,Lithium,Production,EI_CSV,22.0,EI_Excel,0.4765100671140938,97.8
Zimbabwe,2024,Lithium,Production,EI_CSV,22.0,EI_Excel,0.08992923361902876,99.6
Zimbabwe,2024,Lithium,Production,EI_CSV,22.0,OWID,22000.0,99900.0
Zimbabwe,2024,Lithium,Reserves,EI_CSV,480.0,EI_Excel,480.0,0.0
Zimbabwe,2024,Lithium,Reserves,EI_CSV,480.0,OWID,480000.0,99900.0
Zimbabwe,2024,Platinum Group,Production,EI_Excel,34.0,EI_Excel,-0.031339031339031376,100.1
Zimbabwe,2024,Platinum Group,Production,EI_Excel,34.0,EI_Excel,0.09497206703910614,99.7
Zimbabwe,2024,Platinum Group,Production,EI_Excel,34.0,OWID,15.0,55.9
Zimbabwe,2024,Platinum Group,Reserves,EI_Excel,1200.0,OWID,1200.0,0.0
