Lithium_Resource,ID_ATLAS_FAENA,COMMTYPE,COMMENTS,MULTI_PROD,OrdReg,MODELO_DEPOSITO,FRANJA_METALOGENICA,ECAP,Nitrate_Reserve,Cobalt_Resource,SISTEMA_MINERAL,Potassium_Reserve,COMB_CRIT_COD,SOURCE,ESTADO_DEPOSITO,CRITICO_4,NOMBRE_DEPOSITO,Potassium_Resource,Molybdenum_Reserve,YEAR,LATITUD,Silver_Resource,DDLAT,LOCACC,ISO_CC,Molybdenum_Resource,REGION,FACID_NUM,Nitrate_Resource,MULTI_COMM,OWNER,LOCNAME,Manganese_Resource,Zinc_Reserve,Titanium_Resource,OrdFranj,Boron_Reserve,UNITS,OPERATOR_NAME,Silver_Reserve,Copper_Reserve,Rare Earths_Resource,COMBOCAP,CAPACITY_UNITS,OTROS_NOMBRES,ID,CRITICO_2,LOCDESC,Iron_Resource,VALOR_DATO,CRITICO_3,COUNTRY,FACILITY_TYPE,OPERATOR,DDLONG,PRIMARY_COMMODITY,ROWID,LONGITUD,SOURCEID,FACILITY_NAME,OTROS_CRITICOS,STATUS,CAPACITY,ANNCAP,COMMODITY,Lithium_Reserve,Copper_Resource,Boron_Resource,FACID,Gold_Reserve,ADM1,Iodine_Resource,COMUNA,ELEVACION,Gold_Resource,CRITICO_1,Iron_Reserve,COMBINACION_CRITICO,MIN_PROD,OBJECTID,ID_SIA_YACIMIENTO,PROVINCIA,Iodine_Reserve,Zinc_Resource,GRUPO_MODELO,REFERENCIA,OWNER_NAME,FACTYPE,ALL_COMMODITIES_RAW,N_COMMODITIES
,,,,,3,Campo de nitrato-yodo,Mioceno-Pleistoceno,,,,Sedimentario-Atmosférico,,"MIN_14, MIN_16",Sernageomin_2025,Mina paralizada,,Aguas Blancas,,,,-24.13999999999993,,,,,,Antofagasta,,3377115.0,,,,,,,11,,,Atacama Minerals Chile Minera ,,,,,,,1,Yodo,,,Actualizado,,,Mine (idle),,,Nitrate,,-69.85999999999996,,Aguas Blancas,,Idle,,,,,,,,,,67580.8,Antofagasta,,,Nitrato,,Nitrato-Yodo,,1,,Antofagasta,38403.07,,Campo de nitrato-yodo,https://www.sernageomin.cl/planes-de-cierre/,SCM Bullmine and RB Energy,,Nitrato-Yodo,2
,,,,,7,Epitermal de baja sulfuración,Cretácico Superior,,,,Magmático-Hidrotermal,,"MIN_12, MIN_17, MIN_18",Sernageomin_2025,Mina en producción,,Alhué,,,,-34.00799999999998,191.2,,,,,Metropolitana de Santiago,,,,,,,29700.0,,6,,,,67.2,,,,,"Minera Florida, Florida",2,Plata,,,Actualizado,Cinc,,Mine (active),,,Gold,,-70.97799999999995,,Alhué,,Active,,,,,,,,9.624,,,Alhué,,37.07,Oro,,Oro-Plata-Cinc,,2,"4242, 4289, 4290",Melipilla,,112180.0,Epitermales,https://panamericansilver.com/operations/reserves-and-resources/,,,Oro-Plata-Cinc,3
,,,,,3,Estratoligado,Cretácico Inferior,,,,Magmático-Hidrotermal,,MIN_01,Sernageomin_2025,Mina en producción,,Altamira,,,,-25.835999999999956,,,,,,Antofagasta,,,,,,,,,5,,,,,,,,,,3,,,,Actualizado,,,Mine (active),,,Copper,,-69.85699999999997,,Altamira,,Active,,,,,429878.0,,,,,,Taltal,,,Cobre,,Cobre,,3,2470,Antofagasta,,,Estratoligado,https://www.sernageomin.cl/planes-de-cierre/,,,Cobre,1
,,,,,5,Epitermal de alta sulfuración,Mioceno,,,,Magmático-Hidrotermal,,"MIN_17, MIN_18",Sernageomin_2025,Prospecto/Proyecto,,Alturas,,,,-30.017299999999977,,,,,,Coquimbo,,,,,,,,,9,,,,,,,,,,4,Plata,,,Histórico,,,Prospect/Project,,,Gold,,-69.93159999999995,,Alturas,,Prospect/Project,,,,,,,,,,,Vicuña,,170.48,Oro,,Oro-Plata,,4,,Elqui,,,Epitermales,https://www.annualreports.com/HostedData/AnnualReportArchive/b/TSX_ABX_2015.pdf,,,Oro-Plata,2
,,,,,3,Epitermal de baja sulfuración,Paleoceno-Eoceno,,,,Magmático-Hidrotermal,,"MIN_17, MIN_18",Sernageomin_2025,Mina en producción,,Amancaya,,,,-25.57899999999995,7.32105,,,,,Antofagasta,,,,,,,,,7,,,,3.79056,,,,,Operación Guanaco-Amancaya,5,Plata,,,Actualizado,,,Mine (active),,,Gold,,-69.81299999999999,,Amancaya,,Active,,,,,,,,1.52874,,,Taltal,,3.17864,Oro,,Oro-Plata,,5,6962,Antofagasta,,,Epitermales,https://australgold.com/wp-content/uploads/2023/03/SLR-Austral-Guanaco-Amancaya-NI-43-101-FINAL-25-March-2022-1.pdf,,,Oro-Plata,2
,,,,,6,Pórfido de Cu-Mo,Mioceno-Plioceno,,,,Magmático-Hidrotermal,,"MIN_01, MIN_03, MIN_04",Sernageomin_2025,Prospecto/Proyecto,,Amos,,,,-32.27999999999997,,,,,,Valparaíso,,,,,,,,,10,,,,,,,,,Amos-Andrés,6,Molibdeno,,,Sin información,,,Prospect/Project,,,Copper,,-70.30699999999996,,Amos,Renio,Prospect/Project,,,,,,,,,,,Putaendo,,,Cobre,,Cobre-Molibdeno,,6,5516,San Felipe de Aconcagua,,,Pórfidos,,,,Cobre-Molibdeno,2
,,,,,16,VMS,Jurásico-Cretácico,,,,Volcanogénico,,"MIN_01, MIN_12",Sernageomin_2025,Prospecto/Proyecto,,Ancón Sin Salida,,,,-52.212999999999965,,,,,,Magallanes y de la Antártica Chilena,,,,,,,,,4,,,,,,,,,,7,Cinc,,,Sin información,,,Prospect/Project,,,Copper,,-73.41199999999998,,Ancón Sin Salida,,Prospect/Project,,,,,,,,,,,Natales,,,Cobre,,Cobre-Cinc,,7,6357,Última Esperanza,,,VMS,,,,Cobre-Cinc,2
,,,,,5,Epitermal de baja sulfuración,Cretácico Inferior,,,,Magmático-Hidrotermal,,MIN_17,Sernageomin_2025,Mina en producción,,Andacollo Oro,,,,-30.23121999999995,,,,,,Coquimbo,,,,,,,,,5,,,Compañía Minera Carmen de Andacollo ,,,,,,,8,,,,Actualizado,,,Mine (active),,,Gold,,-71.10096999999996,,Andacollo Oro,,Active,,,,,,,,,,,Andacollo,,68.0,Oro,,Oro,,8,3282,Elqui,,,Epitermales,https://www.sernageomin.cl/planes-de-cierre/,"Teck Cominco Ltd., 90%, and Empresa Nacional de Minería (ENAMI) (Government, 100%), 10%",,Oro,1
,,,,,6,Pórfido de Cu-Mo,Mioceno-Plioceno,,,,Magmático-Hidrotermal,,"MIN_01, MIN_03, MIN_04",Sernageomin_2025,Mina en producción,,Andina,,,,-33.148999999999944,,,,,,Valparaíso,,,,,,,,,10,,,Corporación Nacional del Cobre (CODELCO),,7814600.0,,,,Río Blanco,9,Molibdeno,,,Actualizado,Renio,,Mine (active),,,Copper,,-70.25399999999996,,Andina,,Active,,,,,134175600.0,,,,,,Los Andes,,,Cobre,,Cobre-Molibdeno-Renio,,9,"7434, 7044, 7436",Los Andes,,,Pórfidos,https://www.codelco.com/prontus_codelco/site/docs/20250329/20250329202724/codelco_memoria_anual_2024.pdf,"Government, 100%",,Cobre-Molibdeno-Renio,3
,,,,,3,Pórfido de Cu,Cretácico Inferior,,,,Magmático-Hidrotermal,,MIN_01,Sernageomin_2025,Mina en producción,,Antucoya,,,,-22.637999999999977,,,,,,Antofagasta,,,,,,,,,5,,,Antofagasta plc,,2074200.0,,,,,10,,,,Actualizado,,,Mine (active),,,Copper,,-69.88299999999998,,Antucoya,,Active,,,,,3038910.0,,,,,,María Elena,,,Cobre,,Cobre,,10,,Tocopilla,,,Pórfidos,https://www.aminerals.cl/docs/default-source/archivo/reportes/annual-report-2024.pdf?sfvrsn=3a957ff4_4,"Antofagasta plc, 70%, Marubeni Corp., 30%",,Cobre,1
,,,,,5,Epitermal de baja sulfuración,Cretácico Superior,,,,Magmático-Hidrotermal,,MIN_18,Sernageomin_2025,Mina paralizada,,Arqueros,,,,-29.84499999999997,,,,,,Coquimbo,,,,,,,,,6,,,,,,,,,,11,,,,Sin información,,,Mine (idle),,,Silver,,-70.91899999999998,,Arqueros,,Idle,,,,,,,,,,,Vicuña,,,Plata,,Plata,,11,,Elqui,,,Epitermales,,,,Plata,1
,,,,,3,IOCG,Cretácico Inferior,,,,Magmático-Hidrotermal,,MIN_01,Sernageomin_2025,Mina en producción,,Barreal Seco,,,,-25.92199999999997,,,,,,Antofagasta,,,,,,,,,5,,,,,,,,,Teresa de Colmo,12,,,,Actualizado,,,Mine (active),,,Copper,,-70.05499999999995,,Barreal Seco,,Active,,,,,541645.0,,,,,,Taltal,,,Cobre,,Cobre,,12,2570,Antofagasta,,,IOCG,https://www.sernageomin.cl/planes-de-cierre/,,,Cobre,1
,,,,,4,Pórfido de Cu,Cretácico Inferior,,,,Magmático-Hidrotermal,,MIN_01,Sernageomin_2025,Prospecto/Proyecto,,Berta,,,,-26.71799999999996,,,,,,Atacama,,,,,,,,,5,,,Minera Pacífico Ltda.,,,,,,Berta Este,13,,,,Sin información,,,Prospect/Project,,,Copper,,-70.05599999999998,,Berta,,Prospect/Project,,,,,,,,,,,Diego de Almagro,,,Cobre,,Cobre,,13,1373,Chañaral,,,Pórfidos,,Minera Pacífico Ltda.,,Cobre,1
,,,,,4,IOA,Cretácico Inferior,,,,Magmático-Hidrotermal,,MIN_15,Sernageomin_2025,Mina paralizada,,Boqueron Chañar,,,,-28.06950999999998,,,,,,Atacama,,,,,,,,,5,,,,,,,,,,14,,,162324.2,Histórico,,,Mine (idle),,,Iron,,-70.69988999999998,,Boqueron Chañar,,Idle,,,,,,,,,,,Vallenar,,,Hierro,,Hierro,,14,M-490,Huasco,,,IOA,https://repositorio.sernageomin.cl/items/6a534a1c-0e76-47fb-b72c-33febf88c011,,,Hierro,1
,,,,,5,Pórfido de Cu-Mo,Eoceno-Oligoceno,,,,Magmático-Hidrotermal,,"MIN_01, MIN_03, MIN_04",Sernageomin_2025,Prospecto/Proyecto,,Bornita,,,,-30.90599999999995,,,,,,Coquimbo,,,,,,,,,8,,,,,,,,,,15,Molibdeno,,,Sin información,,,Prospect/Project,,,Copper,,-70.39199999999994,,Bornita,Renio,Prospect/Project,,,,,,,,,,,Monte Patria,,,Cobre,,Cobre-Molibdeno,,15,,Limarí,,,Pórfidos,,,,Cobre-Molibdeno,2
,,,,,9,Pórfido de Cu-Mo,Mioceno-Plioceno,,,,Magmático-Hidrotermal,,MIN_01,Sernageomin_2025,Prospecto/Proyecto,,Brahma,,,,-35.761999999999944,,,,,,Maule,,,,,,,,,10,,,,,,,,,,16,,,,Sin información,,,Prospect/Project,,,Copper,,-71.20299999999997,,Brahma,,Prospect/Project,,,,,,,,,,,Colbún,,,Cobre,,Cobre,,16,,Linares,,,Pórfidos,,,,Cobre,1
,,,,,3,Pórfido de Cu-Mo,Eoceno-Oligoceno,,,,Magmático-Hidrotermal,,MIN_01,Sernageomin_2025,Prospecto/Proyecto,,Brujulina,,,,-21.93599999999998,,,,,,Antofagasta,,,,,,,,,8,,,,,,,,,,17,,,,Actualizado,,,Prospect/Project,,,Copper,,-68.86099999999993,,Brujulina,,Prospect/Project,,,,,434630.0,,,,,,Calama,,,Cobre,,Cobre,,17,,El Loa,,,Pórfidos,https://www.aminerals.cl/docs/default-source/archivo/reportes/annual-report-2024.pdf?sfvrsn=3a957ff4_4,,,Cobre,1
,,,,,3,Estratoligado,Jurásico,,,,Magmático-Hidrotermal,,MIN_01,Sernageomin_2025,Mina paralizada,,Buena Esperanza,,,,-22.164999999999964,,,,,,Antofagasta,,,,,,,,,3,,,,,,,,,,18,,,,Histórico,,,Mine (idle),,,Copper,,-70.20999999999998,,Buena Esperanza,,Idle,,,,,203000.0,,,,,,Tocopilla,,,Cobre,,Cobre,,18,2690,Tocopilla,,,Estratoligado,https://repositorio.uchile.cl/handle/2250/151836,,,Cobre,1
,,,,,3,Pórfido de Cu-Mo,Paleoceno-Eoceno,,,,Magmático-Hidrotermal,,MIN_01,Sernageomin_2025,Prospecto/Proyecto,,Búfalo,,,,-23.635999999999967,,,,,,Antofagasta,,,,,,,,,7,,,,,,,,,,19,,,,Sin información,,,Prospect/Project,,,Copper,,-69.29399999999998,,Búfalo,,Prospect/Project,,,,,,,,,,,Sierra Gorda,,,Cobre,,Cobre,,19,,Antofagasta,,,Pórfidos,,,,Cobre,1
,,,,,3,Epitermal de baja sulfuración,Paleoceno-Eoceno,,,,Magmático-Hidrotermal,,"MIN_17, MIN_18",Sernageomin_2025,Prospecto/Proyecto,,Cachinal,,,,-24.964999999999975,586.9,,,,,Antofagasta,,,,,,,,,7,,,,,,,,,Cachinal de la Sierra,20,Oro,,,Actualizado,,,Prospect/Project,,,Silver,,-69.54833299999996,,Cachinal,,Prospect/Project,,,,,,,,,,,Taltal,,0.736,Plata,,Plata-Oro,,20,3205,Antofagasta,,,Epitermales,https://aftermathsilver.com/projects/cachinal/overview/,,,Plata-Oro,2
,,,,,3,Estratoligado,Cretácico Inferior,,,,Magmático-Hidrotermal,,"MIN_01, MIN_18",Sernageomin_2025,Prospecto/Proyecto,,Cachorro,,,,-22.975999999999942,978.147,,,,,Antofagasta,,,,,,,,,5,,,,,,,,,,21,Plata,,,Actualizado,,,Prospect/Project,,,Copper,,-69.74499999999995,,Cachorro,,Prospect/Project,,,,,3216780.0,,,,,,Sierra Gorda,,,Cobre,,Cobre-Plata,,21,,Antofagasta,,,Estratoligado,https://www.aminerals.cl/docs/default-source/archivo/reportes/annual-report-2024.pdf?sfvrsn=3a957ff4_4,,,Cobre-Plata,2
,,,,,2,Campo de nitrato-yodo,Mioceno-Pleistoceno,,,,Sedimentario-Atmosférico,,"MIN_14, MIN_16",Sernageomin_2025,Mina en producción,,Cala Cala,,,,-20.234999999999957,,,,,,Tarapacá,,,,,,,,,11,,,,,,,,,,22,Yodo,,,Actualizado,,,Mine (active),,,Nitrate,,-69.79299999999995,,Cala Cala,,Active,,,,,,,,,,27815.4,Pozo Almonte,,,Nitrato,,Nitrato-Yodo,,22,,Tamarugal,,,Campo de nitrato-yodo,https://www.sernageomin.cl/planes-de-cierre/,,,Nitrato-Yodo,2
,,,,,2,Campo de nitrato-yodo,Mioceno-Pleistoceno,,,,Sedimentario-Atmosférico,,"MIN_14, MIN_16",Sernageomin_2025,Mina paralizada,,Calichera,,,,-19.869999999999948,,,,,,Tarapacá,,,,,,,,,11,,,,,,,,,,23,Yodo,,,Sin información,,,Mine (idle),,,Nitrate,,-69.85999999999996,,Calichera,,Idle,,,,,,,,,,,Huara,,,Nitrato,,Nitrato-Yodo,,23,,Tamarugal,,,Campo de nitrato-yodo,,,,Nitrato-Yodo,2
,,,,,4,Epitermal de alta sulfuración,Mioceno,,,,Magmático-Hidrotermal,,"MIN_17, MIN_18",Sernageomin_2025,Mina paralizada,,Can Can,,,,-26.802221999999972,,,,,,Atacama,,,,,,,,,9,,,,,,,,,,24,Plata,,,Histórico,,,Mine (idle),,,Gold,,-69.26305599999995,,Can Can,,Idle,,,,,,,,,,,Copiapó,,0.78,Oro,,Oro-Plata,,24,1302,Copiapó,,,Epitermales,http://www.andeangeology.cl/index.php/revista1/article/view/V48n1-3294,,,Oro-Plata,2
,,,,,3,Pórfido de Cu,Cretácico Inferior,,,,Magmático-Hidrotermal,,"MIN_01, MIN_03, MIN_04, MIN_17",Sernageomin_2025,Prospecto/Proyecto,,Canchas,,,,-25.458999999999946,,,,,15000.0,Antofagasta,,,,,,,,,5,,,,,,,,,,25,Molibdeno,,,Histórico,,,Prospect/Project,,,Copper,,-70.20699999999994,,Canchas,"Oro, Renio",Prospect/Project,,,,,63000.0,,,,,,Taltal,,,Cobre,,Cobre-Molibdeno,,25,,Antofagasta,,,Pórfidos,https://repositorio.sernageomin.cl/items/a8faf057-5764-4d2d-a6eb-5c9c152fbe50/full,,,Cobre-Molibdeno,2
,,,,,4,IOCG,Cretácico Inferior,,,,Magmático-Hidrotermal,,"MIN_01, MIN_15, MIN_17, MIN_18",Sernageomin_2025,Mina en producción,,Candelaria,,,,-27.51699999999994,2883.394,,,,,Atacama,,,,,,,,,5,,,Cía. Contractual Minera Candelaria ,933.168,2923927.0,,,,"Ojos del Salado, Alcaparrosa, Punta del Cobre",26,Oro,,,Actualizado,Plata,,Mine (active),,,Copper,,-70.29099999999994,,Candelaria,Hierro,Active,,,,,8702610.0,,,68.43232,,,Tierra Amarilla,,192.2894,Cobre,,Cobre-Oro-Plata,,26,"1066, 1077",Copiapó,,,IOCG,https://lundinmining.com/operations/reserves-and-resources/,"Lundin Mining Corp., 80%; Sumitomo Metal Mining Co. Ltd., 16%; Sumitomo Corp., 4%",,Cobre-Oro-Plata,3
,,,,,4,IOA,Cretácico Inferior,,,,Magmático-Hidrotermal,,MIN_15,Sernageomin_2025,Mina paralizada,,Carmen,,,,-26.346089999999947,,,,,,Atacama,,,,,,,,,5,,,Compañía Minera Carmen de Andacollo ,,,,,,,27,,,,Histórico,,,Mine (idle),,,Iron,,-70.14299999999997,,Carmen,,Idle,,,,,,,,,,,Diego de Almagro,,,Hierro,,Hierro,,27,M-714,Chañaral,,,IOA,https://repositorio.uchile.cl/handle/2250/115255,"Teck Cominco Ltd., 90%, and Empresa Nacional de Minería (ENAMI) (Government, 100%), 10%",,Hierro,1
,,,,,5,Pórfido de Cu,Cretácico Inferior,,,,Magmático-Hidrotermal,,"MIN_01, MIN_17",Sernageomin_2025,Mina en producción,,Carmen de Andacollo,,,,-30.249999999999943,,,,,,Coquimbo,,,,,,,,,5,,,Compañía Minera Carmen de Andacollo ,,739040.0,,,,Andacollo,28,Oro,,,Actualizado,,,Mine (active),,,Copper,,-71.09999999999997,,Carmen de Andacollo,,Active,,,,,1201240.0,,,23.84,,,Andacollo,,41.593,Cobre,,Cobre-Oro,,28,3294,Elqui,,,Pórfidos,https://www.teck.com/media/AIF-2025.pdf,"Teck Cominco Ltd., 90%, and Empresa Nacional de Minería (ENAMI) (Government, 100%), 10%",,Cobre-Oro,2
,,,,,6,Estratoligado,Cretácico Inferior,,,,Magmático-Hidrotermal,,MIN_01,Sernageomin_2025,Mina en producción,,Carmen-Margarita,,,,-32.49199999999996,,,,,,Valparaíso,,,,,,,,,5,,,,,,,,,,29,,,,Actualizado,,,Mine (active),,,Copper,,-71.07099999999997,,Carmen-Margarita,,Active,,,,,25298.0,,,,,,Cabildo,,,Cobre,,Cobre,,29,5526,Petorca,,,Estratoligado,https://www.sernageomin.cl/planes-de-cierre/,,,Cobre,1
,,,,,4,Pórfido de Cu-Mo,Mioceno,,,,Magmático-Hidrotermal,,"MIN_01, MIN_03, MIN_04",Sernageomin_2025,Mina en producción,,Caserones,,88430.6,,-28.16599999999994,,,,,145128.3,Atacama,,,,,,,,,9,,,Minera Lumina Copper Chile (MILCC),,2564488.0,,,,Regalito,30,Molibdeno,,,Actualizado,Renio,,Mine (active),,,Copper,,-69.54099999999994,,Caserones,,Active,,,,,3990248.0,,,,,,Tierra Amarilla,,,Cobre,,Cobre-Molibdeno-Renio,,30,7219,Copiapó,,,Pórfidos,https://lundinmining.com/operations/reserves-and-resources/,"Pan Pacific Copper Co., 77.4%",,Cobre-Molibdeno-Renio,3
,,,,,4,Pórfido de Au,Mioceno,,,,Magmático-Hidrotermal,,"MIN_01, MIN_17, MIN_18",Sernageomin_2025,Prospecto/Proyecto,,Caspiche,,,,-27.68999999999994,932.2955,,,,,Atacama,,,,,,,,,9,,,,,,,,,Norte Abierto,31,Plata,,,Actualizado,Cobre,,Prospect/Project,,,Gold,,-69.29399999999998,,Caspiche,,Prospect/Project,,,,,1409800.0,,,,,,Tierra Amarilla,,389.5755,Oro,,Oro-Plata-Cobre,,31,991,Copiapó,,,Pórfidos,https://www.sedarplus.ca/landingpage/,,,Oro-Plata-Cobre,3
,,,,,3,IOCG,Cretácico Inferior,,,,Magmático-Hidrotermal,,MIN_01,Sernageomin_2025,Prospecto/Proyecto,,Casualidad,,,,-25.74599999999998,,,,,,Antofagasta,,,,,,,,,5,,,,,,,,,Corea,32,,,,Histórico,,,Prospect/Project,,,Copper,,-69.96499999999997,,Casualidad,,Prospect/Project,,,,,1500000.0,,,,,,Taltal,,,Cobre,,Cobre,,32,2703,Antofagasta,,,IOCG,https://repositorio.sernageomin.cl/items/5eb51a48-20a0-4dab-ba29-e86c55d1fed2,,,Cobre,1
,,,,,5,Placer,Mioceno-Holoceno,,,,Sedimentario de placer,,MIN_17,Sernageomin_2025,Mina paralizada,,Casuto,,,,-31.787399999999934,,,,,,Coquimbo,,,,,,,,,12,,,,,,,,,,33,,,,Sin información,,,Mine (idle),,,Gold,,-71.44476999999995,,Casuto,,Idle,,,,,,,,,,,Los Vilos,,,Oro,,Oro,,33,4853,Choapa,,,Placer,,,,Oro,1
,,,,,6,Estratoligado,Cretácico Inferior,,,,Magmático-Hidrotermal,,MIN_01,Sernageomin_2025,Mina en producción,,Catemu,,,,-32.72399999999993,,,,,,Valparaíso,,,,,,,,,5,,,,,,,,,"Planta Catemu, Uva, El Seco, Uva Este",34,,,,Actualizado,,,Mine (active),,,Copper,,-70.95699999999994,,Catemu,,Active,,,,,59110.0,,,,,,Catemu,,,Cobre,,Cobre,,34,,San Felipe de Aconcagua,,,Estratoligado,https://www.sernageomin.cl/planes-de-cierre/,,,Cobre,1
,,,,,3,Pórfido de Cu-Mo,Eoceno-Oligoceno,,,,Magmático-Hidrotermal,,"MIN_01, MIN_03, MIN_04, MIN_17",Sernageomin_2025,Mina en producción,Renio,Centinela,,312078.0,,-22.987999999999943,,,,,591504.0,Antofagasta,,,,,,,,,8,,,Antofagasta plc,,10468530.0,,,,,35,Molibdeno,,,Actualizado,Oro,,Mine (active),,,Copper,,-69.07599999999996,,Centinela,,Active,,,,,18148900.0,,,336.084,,,Sierra Gorda,,542.212,Cobre,,Cobre-Molibdeno-Oro-Renio,,35,2273. 2886. 2887.7216,Antofagasta,,,Pórfidos,https://www.aminerals.cl/docs/default-source/archivo/reportes/annual-report-2024.pdf?sfvrsn=3a957ff4_4,"Antofagasta plc, 70%, and Marubeni Corp., 30%",,Cobre-Molibdeno-Oro-Renio,4
,,,,,15,Epitermal de metales preciosos,Cretácico Inferior,,,,Magmático-Hidrotermal,,"MIN_17, MIN_18",Sernageomin_2025,Mina en producción,,Cerro Bayo,,,,-46.509999999999934,660.676,,,,,Aysén del General Carlos Ibáñez del Campo,,,,,,,,,5,,,Compañía Minera Cerro Bayo Ltda. ,462.172,,,,,Fachinal,36,Plata,,,Actualizado,,,Mine (active),,,Gold,,-71.96999999999997,,Cerro Bayo,,Active,,,,,,,,4.39776,,,Chile Chico,,7.319321,Oro,,Oro-Plata,,36,,General Carrera,,,Epitermales,https://www.sernageomin.cl/planes-de-cierre/,"Mandalay Resources Corp., 100%",,Oro-Plata,2
,,,,,4,Ti asociado a rocas ígneas,Cretácico Inferior,,,,Magmático,,MIN_07,Sernageomin_2025,Prospecto/Proyecto,,Cerro Blanco,,,,-28.678999999999974,,,,,,Atacama,,,,,,,,2868770.0,5,,,,,,,,,,37,,,,Actualizado,,,Prospect/Project,,,Titanium,,-71.07799999999997,,Cerro Blanco,,Prospect/Project,,,,,,,,,,,Vallenar,,,Titanio,,Titanio,,37,,Huasco,,,Ti asociado a rocas ígneas,https://www.prnewswire.com/news-releases/white-mountain-announces-updated-ni-43-101-geological-report-and-mineral-resource-estimate-for-the-cerro-blanco-project-214113691.html,,,Titanio,1
,,,,,4,Skarn,Cretácico Inferior,,,,Magmático-Hidrotermal,,MIN_05,Sernageomin_2025,Prospecto/Proyecto,,Cerro Carmen,,,,-26.361999999999966,,,,,,Atacama,,,,,,,,,5,,,,,,,,,,38,,,,Sin información,,,Prospect/Project,,,Rare Earths,,-70.18499999999995,,Cerro Carmen,,Prospect/Project,,,,,,,,,,,Diego de Almagro,,,Tierras raras,,Tierras raras,,38,,Chañaral,,,Skarn,,,,Tierras raras,1
,,,,,4,Pórfido de Au,Mioceno,,,,Magmático-Hidrotermal,,"MIN_01, MIN_17, MIN_18",Sernageomin_2025,Prospecto/Proyecto,,Cerro Casale,,,,-27.793999999999983,416.351,,,,,Atacama,,,,,,,,,9,,,,910.176,1317360.0,,,,"Aldebaran, Norte Abierto",39,Plata,,,Actualizado,Cobre,,Prospect/Project,,,Gold,,-69.27899999999994,,Cerro Casale,,Prospect/Project,,,,,704552.0,,,359.28,,,Tierra Amarilla,,146.8436,Oro,,Oro-Plata-Cobre,,39,998,Copiapó,,,Pórfidos,https://www.sedarplus.ca/landingpage/,,,Oro-Plata-Cobre,3
,,,,,2,Pórfido de Cu-Mo,Paleoceno-Eoceno,,,,Magmático-Hidrotermal,,MIN_01,Sernageomin_2025,Mina paralizada,,Cerro Colorado,,,,-20.043999999999983,,,,,,Tarapacá,,,,,,,,,7,,,Compañía Minera Cerro Colorado ,,,,,,,40,,,,Actualizado,,,Mine (idle),,,Copper,,-69.26499999999999,,Cerro Colorado,,Idle,,,,,9146200.0,,,,,,Pozo Almonte,,,Cobre,,Cobre,,40,2162,Tamarugal,,,Pórfidos,https://www.bhp.com/-/media/documents/investors/annual-reports/2024/240827_bhpannualreport2024.pdf,"BHP Billiton plc, 100%",,Cobre,1
,,,,,4,IOA,Cretácico Inferior,,,,Magmático-Hidrotermal,,MIN_15,Sernageomin_2025,Mina paralizada,,Cerro Imán,,,,-27.26499999999993,,,,,,Atacama,,,,,,,,,5,,,,,,,,,,41,,,,Sin información,,,Mine (idle),,,Iron,,-70.41666699999996,,Cerro Imán,,Idle,,,,,,,,,,,Copiapó,,,Hierro,,Hierro,,41,M777,Copiapó,,,IOA,,,,Hierro,1
,,,,,6,Estratoligado,Cretácico Superior,,,,Magmático-Hidrotermal,,"MIN_01, MIN_18",Sernageomin_2025,Mina en producción,,Cerro Negro,,,,-32.577999999999975,,,,,,Valparaíso,,,,,,,,,6,,,,,,,,,,42,Plata,,,Actualizado,,,Mine (active),,,Copper,,-70.85699999999997,,Cerro Negro,,Active,,,,,234330.0,,,,,,Cabildo,,,Cobre,,Cobre-Plata,,42,4695,Petorca,,,Estratoligado,https://www.sernageomin.cl/planes-de-cierre/,,,Cobre-Plata,2
,,,,,4,IOA,Cretácico Inferior,,,,Magmático-Hidrotermal,,MIN_15,Sernageomin_2025,Mina en producción,,Cerro Negro Norte,,,,-27.10833299999996,,,,,,Atacama,,,,,,,,,5,,,,,,,,,,43,,,186809800.0,Actualizado,,,Mine (active),,,Iron,,-70.34305599999993,,Cerro Negro Norte,,Active,,,,,,,,,,,Copiapó,,,Hierro,127710000.0,Hierro,,43,M-732,Copiapó,,,IOA,https://www.cmp.cl/wp-content/uploads/2024/08/memoria-espanol28.08_compressed.pdf,,,Hierro,1
,,,,,2,Epitermal de baja sulfuración,Cretácico Superior,,,,Magmático-Hidrotermal,,"MIN_17, MIN_18",Sernageomin_2025,Prospecto/Proyecto,,Challacollo,,,,-20.89539999999994,1443.172,,,,,Tarapacá,,,,,,,,,6,,,,,,,,,,44,Oro,,,Actualizado,,,Prospect/Project,,,Silver,,-69.33932999999996,,Challacollo,,Prospect/Project,,,,,,,,,,,Pozo Almonte,,2.26931,Plata,,Plata-Oro,,44,,Tamarugal,,,Epitermales,https://aftermathsilver.com/projects/cachinal/overview/,,,Plata-Oro,2
,,,,,4,Mesotermal,Cretácico Superior,,,,Magmático-Hidrotermal,,MIN_18,Sernageomin_2025,Mina paralizada,,Chañarcillo,,,,-27.81388899999996,,,,,,Atacama,,,,,,,,,6,,,,,,,,,,45,,,,Sin información,,,Mine (idle),,,Silver,,-70.41888899999998,,Chañarcillo,,Idle,,,,,,,,,,,Copiapó,,,Plata,,Plata,,45,,Copiapó,,,Mesotermal,,,,Plata,1
,,,,,3,Pórfido de Cu-Mo,Eoceno-Oligoceno,,,,Magmático-Hidrotermal,,MIN_01,Sernageomin_2025,Prospecto/Proyecto,,Chimborazo,,,,-24.147999999999968,,,,,,Antofagasta,,,,,,,,,8,,,,,,,,,,46,,,,Actualizado,,,Prospect/Project,,,Copper,,-69.13599999999997,,Chimborazo,,Prospect/Project,,,,,1161000.0,,,,,,Antofagasta,,,Cobre,,Cobre,,46,3084,Antofagasta,,,Pórfidos,https://www.bhp.com/-/media/documents/investors/annual-reports/2024/240827_bhpannualreport2024.pdf,,,Cobre,1
,,,,,2,Campo de nitrato-yodo,Mioceno-Pleistoceno,,,,Sedimentario-Atmosférico,,"MIN_14, MIN_16",Sernageomin_2025,Mina paralizada,,Chiquinquira,,,,-19.749999999999943,,,,,,Tarapacá,,,,,,,,,11,,,,,,,,,,47,Yodo,,,Sin información,,,Mine (idle),,,Nitrate,,-69.91999999999996,,Chiquinquira,,Idle,,,,,,,,,,,Huara,,,Nitrato,,Nitrato-Yodo,,47,,Tamarugal,,,Campo de nitrato-yodo,,,,Nitrato-Yodo,2
,,,,,1,Epitermal de alta sulfuración,Mioceno,,,,Magmático-Hidrotermal,,"MIN_17, MIN_18",Sernageomin_2025,Mina paralizada,,Choquelimpie,,,,-18.30899999999997,,,,,,Arica y Parinacota,,,,,,,,,9,,,,,,,,,,48,Plata,,,Histórico,,,Mine (idle),,,Gold,,-69.25799999999998,,Choquelimpie,,Idle,,,,,,,,,,,Putre,,24.53,Oro,,Oro-Plata,,48,,Parinacota,,,Epitermales,http://www.andeangeology.cl/index.php/revista1/article/view/V48n1-3294,,,Oro-Plata,2
,,,,,3,Pórfido de Cu-Mo,Eoceno-Oligoceno,,,,Magmático-Hidrotermal,,"MIN_01, MIN_03, MIN_04",Sernageomin_2025,Mina en producción,,Chuquicamata,,,,-22.299999999999955,,,,,,Antofagasta,,,,,,,,,8,,,Corporación Nacional del Cobre (CODELCO),,7692300.0,,,,,49,Molibdeno,,,Actualizado,Renio,,Mine (active),,,Copper,,-68.89499999999998,,Chuquicamata,,Active,,,,,61713600.0,,,,,,Calama,,,Cobre,,Cobre-Molibdeno-Renio,,49,2763,El Loa,,,Pórfidos,https://www.codelco.com/prontus_codelco/site/docs/20250329/20250329202724/codelco_memoria_anual_2024.pdf,"Government, 100%",,Cobre-Molibdeno-Renio,3
,,,,,3,Epitermal de sulfuración intermedia,Eoceno-Oligoceno,,,,Magmático-Hidrotermal,,"MIN_01, MIN_12, MIN_17, MIN_18",Sernageomin_2025,Prospecto/Proyecto,Oro,Ciclón-Exploradora,,,,-25.84299999999996,616.1,,,,,Antofagasta,,,,,,,,,8,,,,,,,,,,50,Cinc,,,Actualizado,Plata,,Prospect/Project,,,Copper,,-69.30499999999995,,Ciclón-Exploradora,,Prospect/Project,,,,,103020.0,,,,,,Taltal,,2.222,Cobre,,Cobre-Cinc-Plata-Oro,,50,,Antofagasta,,255530.0,Epitermales,https://www.minmineria.cl/pdac/doctos_descarga/InvestChile_Portafolio_Mineria_ESP.pdf,,,Cobre-Cinc-Plata-Oro,4
,,,,,5,Estratoligado,Cretácico Inferior,,,,Magmático-Hidrotermal,,"MIN_01, MIN_18",Sernageomin_2025,Mina en producción,,Cinabrio,,,,-30.71999999999997,,,,,,Coquimbo,,,,,,,,,5,,,,,41949.47,,,,,51,,,,Actualizado,,,Mine (active),,,Copper,,-71.21299999999997,,Cinabrio,Plata,Active,,,,,,,,,,,Ovalle,,,Cobre,,Cobre,,51,5626,Limarí,,,Estratoligado,https://www.sernageomin.cl/planes-de-cierre/,,,Cobre,1
,,,,,2,Pórfido de Cu-Mo,Eoceno-Oligoceno,,,,Magmático-Hidrotermal,,"MIN_01, MIN_03, MIN_04",Sernageomin_2025,Mina en producción,,Collahuasi,,862809.0,,-20.972999999999956,,,,,1113394.0,Tarapacá,,,,,,,,,8,,,Compañía Minera Doña Inés de Collahuasi SCM ,,32791190.0,,,,Doña Inés de Collahuasi,52,Molibdeno,,,Actualizado,Renio,,Mine (active),,,Copper,,-68.70299999999997,,Collahuasi,,Active,,,,,48367870.0,,,,,,Pica,,,Cobre,,Cobre-Molibdeno-Renio,,52,2287,Tamarugal,,,Pórfidos,https://www.angloamerican.com/~/media/Files/A/Anglo-American-Group-v9/PLC/investors/annual-reporting/2024/anglo-american-ore-reserves-and-mineral-resources-report-2024.pdf,"Anglo American plc, 44%; Glencore plc, 44%; companies led by Mitsui & Co. Ltd., 12%",,Cobre-Molibdeno-Renio,3
,,,,,6,Pórfido de Au,Cretácico Inferior,,,,Magmático-Hidrotermal,,MIN_17,Sernageomin_2025,Mina en producción,,Colliguay,,,,-33.190999999999974,,,,,,Valparaíso,,,,,,,,,5,,,,,,,,,,53,,,,Sin información,,,Mine (active),,,Gold,,-71.14899999999994,,Colliguay,,Active,,,,,,,,,,,Quilpué,,,Oro,,Oro,,53,7205,Marga Marga,,,Pórfidos,,,,Oro,1
,,,,,2,Pórfido de Cu-Mo,Eoceno-Oligoceno,,,,Magmático-Hidrotermal,,"MIN_01, MIN_03, MIN_04",Sernageomin_2025,Prospecto/Proyecto,,Copaquire,,,,-20.91599999999994,,,,,45000.0,Tarapacá,,,,,,,,,8,,,,,,,,,"Cerro Moly, Huatacondo, Marta, Sulfato, Sulphato",54,Molibdeno,,,Histórico,,,Prospect/Project,,,Copper,,-68.89399999999995,,Copaquire,Renio,Prospect/Project,,,,,60000.0,,,,,,Pica,,,Cobre,,Cobre-Molibdeno,,54,2275,Tamarugal,,,Pórfidos,https://repositorio.sernageomin.cl/items/a8faf057-5764-4d2d-a6eb-5c9c152fbe50/full,,,Cobre-Molibdeno,2
,,,,,4,Estratoligado,Cretácico Inferior,,,,Magmático-Hidrotermal,,MIN_06,Sernageomin_2025,Mina paralizada,,Coquimbana,,,,-28.369999999999948,,,,,,Atacama,,,,,,,,,5,,,,,,,,,,55,,,,Sin información,,,Mine (idle),,,Manganese,,-70.85199999999998,,Coquimbana,,Idle,,,,,,,,,,,Freirina,,,Manganeso,,Manganeso,,55,,Huasco,,,Estratoligado,,,,Manganeso,1
,,,,,4,Pórfido de Cu,Cretácico Inferior,,,,Magmático-Hidrotermal,,"MIN_01, MIN_03, MIN_04, MIN_17, MIN_18",Sernageomin_2025,Prospecto/Proyecto,Molibdeno,Costa Fuego,,48694.0,,-28.714999999999975,472.08,,,,80213.0,Atacama,,,,,,,,,5,,,,245.98,1857400.0,,,,"Productora, Cortadera, San Antonio, El Fuego, Alice",56,Oro,,,Actualizado,Plata,,Prospect/Project,,,Copper,,-70.80499999999995,,Costa Fuego,Renio,Prospect/Project,,,,,3460100.0,,,50.2,,,Vallenar,,91.98,Cobre,,Cobre-Oro-Plata-Molibdeno,,56,1676,Huasco,,,Pórfidos,https://es.hotchili.net.au/UploadImages/announcements/2881436-663.pdf,,,Cobre-Oro-Plata-Molibdeno,4
,,,,,4,IOA,Cretácico Inferior,,,,Magmático-Hidrotermal,,MIN_15,Sernageomin_2025,Mina paralizada,,Cristales,,,,-29.15095999999994,,,,,,Atacama,,,,,,,,,5,,,Compañía Minera del Pacífico S.A. (CMP),,,,,,,57,,,48872000.0,Actualizado,,,Mine (idle),,,Iron,,-71.04173899999995,,Cristales,,Idle,,,,,,,,,,,Freirina,,,Hierro,,Hierro,,57,M-981,Huasco,,,IOA,https://www.cmp.cl/wp-content/uploads/2024/08/memoria-espanol28.08_compressed.pdf,"CAP S.A., 75%, and MC Inversiones Ltda., 25%",,Hierro,1
,,,,,4,IOCG,Cretácico Inferior,,,,Magmático-Hidrotermal,,"MIN_01, MIN_17",Sernageomin_2025,Prospecto/Proyecto,,Diego de Almagro,,,,-26.375999999999976,,,,,,Atacama,,,,,,,,,5,,,,,,,,,,58,Oro,,,Histórico,,,Prospect/Project,,,Copper,,-70.16299999999995,,Diego de Almagro,,Prospect/Project,,,,,465400.0,,,,,,Diego de Almagro,,3.58,Cobre,,Cobre-Oro,,58,,Chañaral,,,IOCG,https://app.ingemmet.gob.pe/biblioteca/pdf/CPG14-162.pdf,,,Cobre-Oro,2
,,,,,4,IOCG,Cretácico Inferior,,,,Magmático-Hidrotermal,,"MIN_01, MIN_08",Sernageomin_2025,Mina paralizada,,Distrito Algarrobo-El Roble,,,,-27.029999999999973,,,,,,Atacama,,,,,,,,,5,,,,,,,,,,59,Cobalto,,,Sin información,,,Mine (idle),,,Copper,,-70.52999999999997,,Distrito Algarrobo-El Roble,,Idle,,,,,,,,,,,Caldera,,,Cobre,,Cobre-Cobalto,,59,,Copiapó,,,IOCG,,,,Cobre-Cobalto,2
,,,,,5,Estratoligado,Cretácico Inferior,,,,Magmático-Hidrotermal,,"MIN_01, MIN_06, MIN_18",Sernageomin_2025,Mina paralizada,,Distrito Arqueros,,,,-29.786999999999978,,,,,,Coquimbo,,,,,,,,,5,,,,,,,,,,60,Plata,,,Sin información,Manganeso,,Mine (idle),,,Copper,,-70.91399999999999,,Distrito Arqueros,,Idle,,,,,,,,,,,La Serena,,,Cobre,,Cobre-Plata-Manganeso,,60,,Elqui,,,Estratoligado,,,,Cobre-Plata-Manganeso,3
,,,,,4,IOCG,Jurásico-Cretácico,,,,Magmático-Hidrotermal,,"MIN_01, MIN_08",Sernageomin_2025,Mina paralizada,,Distrito Astilla,,,,-28.289999999999964,,,,,,Atacama,,,,,,,,,4,,,,,,,,,,61,Cobalto,,,Sin información,,,Mine (idle),,,Copper,,-70.86999999999995,,Distrito Astilla,,Idle,,,,,,,,,,,Huasco,,,Cobre,,Cobre-Cobalto,,61,,Huasco,,,IOCG,,,,Cobre-Cobalto,2
,,,,,3,Epitermal de baja sulfuración,Cretácico Superior,,,,Magmático-Hidrotermal,,MIN_18,Sernageomin_2025,Mina paralizada,,Distrito Caracoles,,,,-23.053610999999933,,,,,,Antofagasta,,,,,,,,,6,,,,,,,,,,62,,,,Sin información,,,Mine (idle),,,Silver,,-69.00888899999995,,Distrito Caracoles,,Idle,,,,,,,,,,,Sierra Gorda,,,Plata,,Plata,,62,,Antofagasta,,,Epitermales,,,,Plata,1
,,,,,4,IOCG,Jurásico,,,,Magmático-Hidrotermal,,"MIN_01, MIN_08",Sernageomin_2025,Mina paralizada,,Distrito Carrizal Alto,,,,-28.085999999999956,,,,,,Atacama,,,,,,,,,3,,,,,,,,,,63,Cobalto,,,Sin información,,,Mine (idle),,,Copper,,-70.90199999999999,,Distrito Carrizal Alto,,Idle,,,,,,,,,,,Huasco,,,Cobre,,Cobre-Cobalto,,63,,Huasco,,,IOCG,,,,Cobre-Cobalto,2
,,,,,6,Mesotermal,Jurásico,,,,Magmático-Hidrotermal,,MIN_17,Sernageomin_2025,Mina paralizada,,Distrito Cerro El Álamo,,,,-33.22399999999993,,,,,,Valparaíso,,,,,,,,,3,,,,,,,,,,64,,,,Sin información,,,Mine (idle),,,Gold,,-71.23499999999996,,Distrito Cerro El Álamo,,Idle,,,,,,,,,,,Quilpué,,,Oro,,Oro,,64,,Marga Marga,,,Mesotermal,,,,Oro,1
,,,,,5,Epitermal de baja sulfuración,Cretácico Superior,,,,Magmático-Hidrotermal,,"MIN_01, MIN_17, MIN_18",Sernageomin_2025,Mina paralizada,,Distrito Condoriaco,,,,-29.68799999999993,,,,,,Coquimbo,,,,,,,,,6,,,,,,,,,,65,Oro,,,Sin información,Cobre,,Mine (idle),,,Silver,,-70.86599999999999,,Distrito Condoriaco,,Idle,,,,,,,,,,,La Serena,,,Plata,,Plata-Oro-Cobre,,65,,Elqui,,,Epitermales,,,,Plata-Oro-Cobre,3
,,,,,5,Estratoligado,Cretácico Inferior,,,,Magmático-Hidrotermal,,MIN_06,Sernageomin_2025,Mina paralizada,,Distrito Corral Quemado,,,,-30.247999999999934,,,,,,Coquimbo,,,,,,,,,5,,,,,,,,,,66,,,,Sin información,,,Mine (idle),,,Manganese,,-70.94399999999996,,Distrito Corral Quemado,,Idle,,,,,,,,,,,Andacollo,,,Manganeso,,Manganeso,,66,,Elqui,,,Estratoligado,,,,Manganeso,1
,,,,,4,IOCG,Cretácico Inferior,,,,Magmático-Hidrotermal,,MIN_15,Sernageomin_2025,Mina en producción,,Distrito El Algarrobo,,,,-28.64584099999996,,,,,,Atacama,,,,,,,,,5,,,,,,,,,"Inc Alcaparra, Domeyko, Ojos de Agiua, Charaña",67,,,339481200.0,Actualizado,,,Mine (active),,,Iron,,-70.91579699999994,,Distrito El Algarrobo,,Active,,,,,,,,,,,Vallenar,,,Hierro,41890000.0,Hierro,,67,s/n,Huasco,,,IOCG,https://www.cmp.cl/wp-content/uploads/2024/08/memoria-espanol28.08_compressed.pdf,,,Hierro,1
,,,,,3,Epitermal de alta sulfuración,Paleoceno-Eoceno,,,,Magmático-Hidrotermal,,"MIN_17, MIN_18",Sernageomin_2025,Mina paralizada,,Distrito El Inca,,,,-22.259999999999934,,,,,,Antofagasta,,,,,,,,,7,,,,,,,,,,68,Oro,,,Sin información,,,Mine (idle),,,Silver,,-69.08599999999996,,Distrito El Inca,,Idle,,,,,,,,,,,Calama,,,Plata,,Plata-Oro,,68,,El Loa,,,Epitermales,,,,Plata-Oro,2
,,,,,4,IOCG,Jurásico,,,,Magmático-Hidrotermal,,"MIN_01, MIN_08, MIN_17",Sernageomin_2025,Mina paralizada,,Distrito Fraguita,,,,-29.075999999999965,,,,,,Atacama,,,,,,,,,3,,,,,,,,,,69,Oro,,,Sin información,Cobalto,,Mine (idle),,,Copper,,-70.79399999999998,,Distrito Fraguita,,Idle,,,,,,,,,,,Vallenar,,,Cobre,,Cobre-Oro-Cobalto,,69,,Huasco,,,IOCG,,,,Cobre-Oro-Cobalto,3
,,,,,3,IOCG,Jurásico,,,,Magmático-Hidrotermal,,"MIN_01, MIN_17",Sernageomin_2025,Mina paralizada,,Distrito Gatico,,,,-22.473999999999933,,,,,,Antofagasta,,,,,,,,,3,,,,,,,,,Toldo-Velarde,70,Oro,,,Sin información,,,Mine (idle),,,Copper,,-70.21599999999995,,Distrito Gatico,,Idle,,,,,,,,,,,Tocopilla,,,Cobre,,Cobre-Oro,,70,,Tocopilla,,,IOCG,,,,Cobre-Oro,2
,,,,,2,Skarn,Jurásico,,,,Magmático-Hidrotermal,,MIN_01,Sernageomin_2025,Mina paralizada,,Distrito Huara,,,,-20.047999999999945,,,,,,Tarapacá,,,,,,,,,3,,,,,,,,,,71,,,,Sin información,,,Mine (idle),,,Copper,,-69.91099999999994,,Distrito Huara,,Idle,,,,,,,,,,,Huara,,,Cobre,,Cobre,,71,,Tamarugal,,,Skarn,,,,Cobre,1
,,,,,3,IOCG,Jurásico,,,,Magmático-Hidrotermal,,MIN_01,Sernageomin_2025,Mina en producción,,Distrito Julia,,,,-24.900999999999954,,,,,,Antofagasta,,,,,,,,,3,,,,,,,,,,72,,,,Sin información,,,Mine (active),,,Copper,,-70.27099999999996,,Distrito Julia,,Active,,,,,,,,,,,Taltal,,,Cobre,,Cobre,,72,,Antofagasta,,,IOCG,,,,Cobre,1
,,,,,6,Skarn,Cretácico Inferior,,,,Magmático-Hidrotermal,,MIN_01,Sernageomin_2025,Mina paralizada,,Distrito La Campana,,,,-32.96199999999993,,,,,,Valparaíso,,,,,,,,,5,,,,,,,,,,73,,,,Sin información,,,Mine (idle),,,Copper,,-71.12199999999996,,Distrito La Campana,,Idle,,,,,,,,,,,Olmué,,,Cobre,,Cobre,,73,,Marga Marga,,,Skarn,,,,Cobre,1
,,,,,5,Estratoligado,Cretácico Inferior,,,,Magmático-Hidrotermal,,"MIN_01, MIN_06",Sernageomin_2025,Mina paralizada,,Distrito Lambert,,,,-29.84699999999998,,,,,,Coquimbo,,,,,,,,,5,,,,,,,,,,74,Manganeso,,,Sin información,,,Mine (idle),,,Copper,,-71.10099999999994,,Distrito Lambert,,Idle,,,,,,,,,,,La Serena,,,Cobre,,Cobre-Manganeso,,74,,Elqui,,,Estratoligado,,,,Cobre-Manganeso,2
,,,,,4,IOCG,Jurásico,,,,Magmático-Hidrotermal,,"MIN_01, MIN_08",Sernageomin_2025,Mina paralizada,,Distrito Las Ánimas,,,,-26.42999999999995,,,,,,Atacama,,,,,,,,,3,,,,,,,,,Cañón,75,Cobalto,,,Sin información,,,Mine (idle),,,Copper,,-70.46999999999997,,Distrito Las Ánimas,,Idle,,,,,,,,,,,Chañaral,,,Cobre,,Cobre-Cobalto,,75,,Chañaral,,,IOCG,,,,Cobre-Cobalto,2
,,,,,4,IOCG,Cretácico Inferior,,,,Magmático-Hidrotermal,,"MIN_01, MIN_08",Sernageomin_2025,Mina paralizada,,Distrito Las Pintadas,,,,-27.559999999999945,,,,,,Atacama,,,,,,,,,5,,,,,,,,,,76,Cobalto,,,Sin información,,,Mine (idle),,,Copper,,-70.31999999999994,,Distrito Las Pintadas,,Idle,,,,,,,,,,,Tierra Amarilla,,,Cobre,,Cobre-Cobalto,,76,,Copiapó,,,IOCG,,,,Cobre-Cobalto,2
,,,,,6,Placer,Mioceno-Holoceno,,,,Sedimentario de placer,,MIN_17,Sernageomin_2025,Mina paralizada,,Distrito Marga Marga,,,,-33.087999999999965,,,,,,Valparaíso,,,,,,,,,12,,,,,,,,,,77,,,,Sin información,,,Mine (idle),,,Gold,,-71.42199999999997,,Distrito Marga Marga,,Idle,,,,,,,,,,,Quilpué,,,Oro,,Oro,,77,,Marga Marga,,,Placer,,,,Oro,1
,,,,,3,Estratoligado,Jurásico,,,,Magmático-Hidrotermal,,MIN_01,Sernageomin_2025,Mina en producción,,Distrito Michilla,,,,-22.682999999999936,,,,,,Antofagasta,,,,,,,,,3,,,,,,,,,"Lince, Estefanía, La Reina",78,,,,Actualizado,,,Mine (active),,,Copper,,-70.17799999999994,,Distrito Michilla,,Active,,,,,606592.8,,,,,,Mejillones,,,Cobre,,Cobre,,78,,Antofagasta,,,Estratoligado,https://www.sernageomin.cl/planes-de-cierre/,,,Cobre,1
,,,,,3,IOCG,Jurásico,,,,Magmático-Hidrotermal,,MIN_01,Sernageomin_2025,Mina en producción,,Distrito Montecristo,,,,-24.96799999999996,,,,,,Antofagasta,,,,,,,,,3,,,,,,,,,,79,,,,Histórico,,,Mine (active),,,Copper,,-70.39299999999997,,Distrito Montecristo,,Active,,,,,240000.0,,,,,,Taltal,,,Cobre,,Cobre,,79,,Antofagasta,,,IOCG,https://link.springer.com/article/10.1007/s00126-003-0379-7,,,Cobre,1
,,,,,4,IOCG,Jurásico,,,,Magmático-Hidrotermal,,"MIN_01, MIN_08",Sernageomin_2025,Mina paralizada,,Distrito Relincho,,,,-27.249999999999943,,,,,,Atacama,,,,,,,,,3,,,,,,,,,,80,Cobalto,,,Sin información,,,Mine (idle),,,Copper,,-70.61999999999995,,Distrito Relincho,,Idle,,,,,,,,,,,Copiapó,,,Cobre,,Cobre-Cobalto,,80,,Copiapó,,,IOCG,,,,Cobre-Cobalto,2
,,,,,4,IOCG,Jurásico,,,,Magmático-Hidrotermal,,"MIN_01, MIN_08",Sernageomin_2025,Prospecto/Proyecto,,Distrito San Juan,,,,-28.720999999999947,,,,,,Atacama,,,,,,,,,3,,,,,,,,,La Cobaltera,81,Cobalto,,,Sin información,,,Prospect/Project,,,Copper,,-71.21199999999999,,Distrito San Juan,,Prospect/Project,,,,,,,,,,,Freirina,,,Cobre,,Cobre-Cobalto,,81,,Huasco,,,IOCG,,,,Cobre-Cobalto,2
,,,,,4,Estratoligado,Cretácico Inferior,,,,Magmático-Hidrotermal,,MIN_06,Sernageomin_2025,Mina paralizada,,Distrito Sierra La Bandera,,,,-28.409999999999968,,,,,,Atacama,,,,,,,,,5,,,,,,,,,,82,,,,Sin información,,,Mine (idle),,,Manganese,,-70.87999999999994,,Distrito Sierra La Bandera,,Idle,,,,,,,,,,,Freirina,,,Manganeso,,Manganeso,,82,,Huasco,,,Estratoligado,,,,Manganeso,1
,,,,,3,Mesotermal,Cretácico Inferior,,,,Magmático-Hidrotermal,,"MIN_01, MIN_17",Sernageomin_2025,Mina paralizada,,Distrito Sierra Overa,,,,-25.77472199999994,,,,,,Antofagasta,,,,,,,,,5,,,,,,,,,,83,Cobre,,,Sin información,,,Mine (idle),,,Gold,,-69.90749999999997,,Distrito Sierra Overa,,Idle,,,,,,,,,,,Taltal,,,Oro,,Oro-Cobre,,83,,Antofagasta,,,Mesotermal,,,,Oro-Cobre,2
,,,,,5,IOCG,Cretácico Inferior,,,,Magmático-Hidrotermal,,"MIN_01, MIN_08",Sernageomin_2025,Mina paralizada,,Distrito Tambillos,,,,-30.196999999999946,,,,,,Coquimbo,,,,,,,,,5,,,,,,,,,,84,Cobalto,,,Sin información,,,Mine (idle),,,Copper,,-71.20899999999995,,Distrito Tambillos,,Idle,,,,,,,,,,,Coquimbo,,,Cobre,,Cobre-Cobalto,,84,,Elqui,,,IOCG,,,,Cobre-Cobalto,2
,,,,,3,IOCG,Jurásico,,,,Magmático-Hidrotermal,,"MIN_01, MIN_08",Sernageomin_2025,Mina paralizada,,Distrito Tocopilla,,,,-22.06699999999995,,,,,,Antofagasta,,,,,,,,,3,,,,,,,,,Minita-Despreciada,85,,,,Sin información,,,Mine (idle),,,Copper,,-70.16699999999997,,Distrito Tocopilla,Cobalto,Idle,,,,,,,,,,,Tocopilla,,,Cobre,,Cobre,,85,,Tocopilla,,,IOCG,,,,Cobre,1
,,,,,4,Epitermal de baja sulfuración,Cretácico Superior,,,,Magmático-Hidrotermal,,MIN_18,Sernageomin_2025,Mina paralizada,,Distrito Tres Puntas-Chimberos,,,,-26.892999999999972,,,,,,Atacama,,,,,,,,,6,,,,,,,,,,86,,,,Sin información,,,Mine (idle),,,Silver,,-69.95899999999995,,Distrito Tres Puntas-Chimberos,,Idle,,,,,,,,,,,Copiapó,,,Plata,,Plata,,86,,Copiapó,,,Epitermales,,,,Plata,1
,,,,,4,Pórfido de Cu,Cretácico Inferior,,,,Magmático-Hidrotermal,,"MIN_01, MIN_17",Sernageomin_2025,Prospecto/Proyecto,,Domeyko,,,,-28.99099999999993,,,,,,Atacama,,,,,,,,,5,,,,,,,,,"Dos Amigos, Domeyko Sulfuros",87,Oro,,,Actualizado,,,Prospect/Project,,,Copper,,-70.87999999999994,,Domeyko,,Prospect/Project,,,,,1160572.0,,,,,,Vallenar,,81.753,Cobre,,Cobre-Oro,,87,M-1745,Huasco,,,Pórfidos,https://www.sedarplus.ca/csa-party/records/document.html?id=75ee6869988e46d19720b91ecf5a9982349360167756edf4b8bea43194e8e906,,,Cobre-Oro,2
,,,,,5,IOCG,Cretácico Inferior,,,,Magmático-Hidrotermal,,"MIN_01, MIN_08, MIN_15, MIN_17",Sernageomin_2025,Prospecto/Proyecto,,Dominga,,,,-29.37999999999994,,,,,,Coquimbo,,,,,,,,,5,,,,,,,,,,88,Cobre,,485106000.0,Histórico,,,Prospect/Project,,,Iron,,-71.18699999999995,,Dominga,"Cobalto, Oro",Prospect/Project,,,,,1457400.0,,,,,,La Higuera,,,Hierro,,Hierro-Cobre,,88,M-6538,Elqui,,,IOCG,https://repositorio.sernageomin.cl/server/api/core/bitstreams/39c93d98-35f8-4ebd-b8b3-541bf8f3b601/content,,,Hierro-Cobre,2
,,,,,6,Estratoligado,Cretácico Inferior,,,,Magmático-Hidrotermal,,MIN_01,Sernageomin_2025,Mina en producción,,Don Jaime,,,,-32.537999999999954,,,,,,Valparaíso,,,,,,,,,5,,,,,,,,,,89,,,,Actualizado,,,Mine (active),,,Copper,,-71.00399999999996,,Don Jaime,,Active,,,,,17199.0,,,,,,Cabildo,,,Cobre,,Cobre,,89,M-6979,Petorca,,,Estratoligado,https://www.sernageomin.cl/planes-de-cierre/,,,Cobre,1
,,,,,3,Estratoligado,Jurásico,,,,Magmático-Hidrotermal,,MIN_01,Sernageomin_2025,Mina en producción,,Doña Elba,,,,-25.611999999999966,,,,,,Antofagasta,,,,,,,,,3,,,,,,,,,,90,,,,Actualizado,,,Mine (active),,,Copper,,-70.39699999999993,,Doña Elba,,Active,,,,,60442.0,,,,,,Taltal,,,Cobre,,Cobre,,90,,Antofagasta,,,Estratoligado,https://www.sernageomin.cl/planes-de-cierre/,,,Cobre,1
,,,,,3,Pórfido de Cu-Mo,Eoceno-Oligoceno,,,,Magmático-Hidrotermal,,"MIN_01, MIN_03, MIN_04, MIN_17, MIN_18",Sernageomin_2025,Mina en producción,Plata,El Abra,,,,-21.923999999999978,5426.4,,,,476000.0,Antofagasta,,,,,,,,,8,,,Sociedad Contractual Minera El Abra ,,2641700.0,,,,,91,Oro,,,Actualizado,Molibdeno,,Mine (active),,,Copper,,-68.83399999999995,,El Abra,Renio,Active,,,,,17503500.0,,,,,,Calama,,95.2,Cobre,,Cobre-Oro-Molibdeno-Plata,,91,M-2626,El Loa,,,Pórfidos,https://s22.q4cdn.com/529358580/files/doc_financials/10-K/10_k2024.pdf,"Freeport-McMoRan Copper & Gold Inc., 51%, and Corporación Nacional del Cobre (CODELCO) (Government, 100%), 49%",,Cobre-Oro-Molibdeno-Plata,4
,,,,,4,IOA,Cretácico Inferior,,,,Magmático-Hidrotermal,,MIN_15,Sernageomin_2025,Mina en producción,,El Algarrobo,,,,-28.798610999999937,,,,,,Atacama,,,,,,,,,5,,,Compañía Minera del Pacífico S.A. (CMP),,,,,,,92,,,63407200.0,Actualizado,,,Mine (active),,,Iron,,-70.99249999999995,,El Algarrobo,,Active,,,,,,,,,,,Vallenar,,,Hierro,38038000.0,Hierro,,92,"M-171, M-49",Huasco,,,IOA,https://www.cmp.cl/wp-content/uploads/2024/08/memoria-espanol28.08_compressed.pdf,"CAP S.A., 75%, and MC Inversiones Ltda., 25%",,Hierro,1
,,,,,6,Epitermal de baja sulfuración,Cretácico Superior,,,,Magmático-Hidrotermal,,"MIN_01, MIN_17, MIN_18",Sernageomin_2025,Mina paralizada,,El Bronce,,,,-32.18333299999995,14.33513,,,,,Valparaíso,,,,,,,,,6,,,,,,,,,El Bronce de Petorca,93,Plata,,,Actualizado,Cobre,,Mine (idle),,,Gold,,-70.93333299999995,,El Bronce,,Idle,,,,,2819.655,,,,,,Petorca,,4.545284,Oro,,Oro-Plata-Cobre,,93,M-4502,Petorca,,,Epitermales,https://www.sernageomin.cl/planes-de-cierre/,,,Oro-Plata-Cobre,3
,,,,,9,Epitermal de metales preciosos,Jurásico-Cretácico,,,,Magmático-Hidrotermal,,MIN_17,Sernageomin_2025,Mina paralizada,,El Chivato,,,,-35.52999999999997,,,,,,Maule,,,,,,,,,4,,,,,,,,,,94,,,,Sin información,,,Mine (idle),,,Gold,,-71.70999999999998,,El Chivato,,Idle,,,,,,,,,,,Maule,,,Oro,,Oro,,94,,Talca,,,Epitermales,,,,Oro,1
,,,,,5,IOCG,Cretácico Superior,,,,Magmático-Hidrotermal,,"MIN_01, MIN_08, MIN_17",Sernageomin_2025,Mina en producción,,El Espino,,,,-31.372999999999934,,,,,,Coquimbo,,,,,,,,,6,,,,,,,,,,95,Oro,,,Actualizado,,,Mine (active),,,Copper,,-71.09799999999996,,El Espino,Cobalto,Active,,,,,702000.0,,,,,,Illapel,,17.55,Cobre,,Cobre-Oro,,95,M-5182,Choapa,,,IOCG,https://www.cmfchile.cl/sitio/aplic/serdoc/ver_sgd.php?s567=bc8b74dbff50cde53c13dc8dcd692dd5VFdwQmVVNVVRWHBOUkVsNlQwUkZlRTUzUFQwPQ==&secuencia=-1&t=1756324614,,,Cobre-Oro,2
,,,,,4,Epitermal de alta sulfuración,Eoceno-Oligoceno,,,,Magmático-Hidrotermal,,"MIN_17, MIN_18",Sernageomin_2025,Mina paralizada,,El Hueso,,,,-26.466666999999973,32.0,,,,,Atacama,,,,,,,,,8,,,,,,,,,,96,Plata,,,Histórico,,,Mine (idle),,,Gold,,-69.38333299999994,,El Hueso,,Idle,,,,,,,,,,,Diego de Almagro,,26.88,Oro,,Oro-Plata,,96,,Chañaral,,,Epitermales,http://www.andeangeology.cl/index.php/revista1/article/view/V48n1-3294,,,Oro-Plata,2
,,,,,5,Epitermal de alta sulfuración,Mioceno,,,,Magmático-Hidrotermal,,MIN_17,Sernageomin_2025,Mina paralizada,,El Indio,,,,-29.77166699999998,,,,,,Coquimbo,,,,,,,,,9,,,,,,,,,,97,,,,Sin información,,,Mine (idle),,,Gold,,-69.98805599999997,,El Indio,,Idle,,,,,,,,,,,Vicuña,,,Oro,,Oro,,97,,Elqui,,,Epitermales,,,,Oro,1
,,,,,3,IOA,No asignado,,,,Magmático,,MIN_15,Sernageomin_2025,Prospecto/Proyecto,,El Laco,,,,-23.82666699999993,,,,,,Antofagasta,,,,,,,,,99,,,,,,,,,,98,,,361078800.0,Actualizado,,,Prospect/Project,,,Iron,,-67.47666699999996,,El Laco,,Prospect/Project,,,,,,,,,,,San Pedro de Atacama,,,Hierro,213192000.0,Hierro,,98,M-3069,El Loa,,,IOA,https://www.cmp.cl/wp-content/uploads/2024/08/memoria-espanol28.08_compressed.pdf,,,Hierro,1
,,,,,3,Pórfido de Cu,Carbonífero-Triásico,,,,Magmático-Hidrotermal,,MIN_01,Sernageomin_2025,Prospecto/Proyecto,,El Loa,,,,-21.256999999999948,,,,,,Antofagasta,,,,,,,,,2,,,,,,,,,,99,,,,Sin información,,,Prospect/Project,,,Copper,,-68.58299999999997,,El Loa,,Prospect/Project,,,,,,,,,,,Calama,,,Cobre,,Cobre,,99,,El Loa,,,Pórfidos,,,,Cobre,1
,,,,,3,Epitermal de baja sulfuración,Paleoceno-Eoceno,,,,Magmático-Hidrotermal,,"MIN_17, MIN_18",Sernageomin_2025,Mina en producción,,El Peñón,,,,-24.39416699999998,1574.4,,,,,Antofagasta,,,,,,,,,7,,,Minera Meridian Ltda. ,690.4,,,,,,100,Plata,,,Actualizado,,,Mine (active),,,Gold,,-69.49305599999997,,El Peñón,,Active,,,,,,,,20.328,,,Antofagasta,,46.864,Oro,,Oro-Plata,,100,,Antofagasta,,,Epitermales,https://panamericansilver.com/operations/reserves-and-resources/,"Yamana Gold Inc., 100%",,Oro-Plata,2
,,,,,6,Estratoligado,Cretácico Inferior,,,,Magmático-Hidrotermal,,MIN_01,Sernageomin_2025,Mina en producción,,El Sauce,,,,-32.45699999999994,,,,,,Valparaíso,,,,,,,,,5,,,,,,,,,,101,,,,Actualizado,,,Mine (active),,,Copper,,-71.07099999999997,,El Sauce,,Active,,,,,29280.0,,,,,,Cabildo,,,Cobre,,Cobre,,101,,Petorca,,,Estratoligado,https://www.sernageomin.cl/planes-de-cierre/,,,Cobre,1
,,,,,6,Estratoligado,Cretácico Inferior,,,,Magmático-Hidrotermal,,MIN_01,Sernageomin_2025,Mina Paralizada,,El Sauce,,,,-32.87399999999997,,,,,,Valparaíso,,,,,,,,,5,,,,,,,,,Los Loros,102,,,,Sin información,,,Mine (idle),,,Copper,,-70.89299999999997,,El Sauce,,Idle,,,,,,,,,,,Cabildo,,,Cobre,,Cobre,,102,,Petorca,,,Estratoligado,,,,Cobre,1
,,,,,6,Estratoligado,Cretácico Inferior,,,,Magmático-Hidrotermal,,"MIN_01, MIN_18",Sernageomin_2025,Mina en producción,,El Soldado,,,,-32.611999999999966,,,,,,Valparaíso,,,,,,,,,5,,,Anglo American Sur S.A. ,,175600.0,,,,,103,,,,Actualizado,,,Mine (active),,,Copper,,-71.12799999999999,,El Soldado,Plata,Active,,,,,1170830.0,,,,,,La Ligua,,,Cobre,,Cobre,,103,,Petorca,,,Estratoligado,https://www.angloamerican.com/~/media/Files/A/Anglo-American-Group-v9/PLC/investors/annual-reporting/2024/anglo-american-ore-reserves-and-mineral-resources-report-2024.pdf,"Anglo American plc, 50.1%, Mitsubishi Corp., 20.4%, Corporación Nacional del Cobre, 20%, and Mitsui & Co., Ltd., 9.5% ",,Cobre,1
,,,,,8,Pórfido de Cu-Mo,Mioceno-Plioceno,,,,Magmático-Hidrotermal,,"MIN_01, MIN_03, MIN_04",Sernageomin_2025,Mina en producción,,El Teniente,,,,-34.091999999999985,,,,,,Libertador General Bernardo O'Higgins,,,,,,,,,10,,,Corporación Nacional del Cobre (CODELCO),,8773100.0,,,,,104,Molibdeno,,,Actualizado,Renio,,Mine (active),,,Copper,,-70.33799999999997,,El Teniente,,Active,,,,,92476800.0,,,,,,Machalí,,,Cobre,,Cobre-Molibdeno-Renio,,104,,Cachapoal,,,Pórfidos,https://www.codelco.com/prontus_codelco/site/docs/20250329/20250329202724/codelco_memoria_anual_2024.pdf,"Government, 100%",,Cobre-Molibdeno-Renio,3
,,,,,15,Skarn,Jurásico-Cretácico,,,,Magmático-Hidrotermal,,"MIN_01, MIN_12, MIN_17, MIN_18",Sernageomin_2025,Mina en producción,Cobre,El Toqui,,,,-45.01699999999994,198.8992,,,,,Aysén del General Carlos Ibáñez del Campo,,,,,,,,,4,,,Sociedad Contractual Minera El Toqui Ltda. ,,,,,,"Doña Rosa, Estatuas, Concordia",105,Oro,,,Actualizado,Plata,,Mine (active),,,Zinc,,-71.89999999999998,,El Toqui,,Active,,,,,19404.8,,,,,,Coyhaique,,12.24928,Cinc,,Cinc-Oro-Plata-Cobre,,105,,Coyhaique,,620953.6,Skarn,https://www.sernageomin.cl/planes-de-cierre/,"Nyrstar NV, 100%",,Cinc-Oro-Plata-Cobre,4
,,,,,4,Pórfido de Cu-Mo,Mioceno,,,,Magmático-Hidrotermal,,"MIN_01, MIN_03, MIN_04, MIN_17",Sernageomin_2025,Prospecto/Proyecto,,Encierro,,,,-29.063999999999965,,,,,36561.0,Atacama,,,,,,,,,9,,,,,,,,,,106,Molibdeno,,,Actualizado,Oro,,Prospect/Project,,,Copper,,-69.92699999999996,,Encierro,Renio,Prospect/Project,,,,,3394950.0,,,,,,Alto del Carmen,,114.906,Cobre,,Cobre-Molibdeno-Oro,,106,,Huasco,,,Pórfidos,https://www.aminerals.cl/docs/default-source/archivo/reportes/annual-report-2024.pdf?sfvrsn=3a957ff4_4,,,Cobre-Molibdeno-Oro,3
,,,,,14,Mesotermal,Mioceno,,,,Magmático-Hidrotermal,,"MIN_01, MIN_17",Sernageomin_2025,Prospecto/Proyecto,,Ensenada Necul,,,,-42.02027799999996,,,,,,Los Lagos,,,,,,,,,9,,,,,,,,,,107,Cobre,,,Sin información,,,Prospect/Project,,,Gold,,-72.55416699999995,,Ensenada Necul,,Prospect/Project,,,,,,,,,,,Hualaihué,,,Oro,,Oro-Cobre,,107,,Palena,,,Mesotermal,,,,Oro-Cobre,2
,,,,,7,Pórfido de Cu-Mo,Mioceno-Plioceno,,,,Magmático-Hidrotermal,,"MIN_01, MIN_03, MIN_04, MIN_17, MIN_18",Sernageomin_2025,Prospecto/Proyecto,Plata,Escalones,,,,-34.12099999999998,521.5068,,,,25818.79,Metropolitana de Santiago,,,,,,,,,10,,,,,,,,,,108,Molibdeno,,,Actualizado,Oro,,Prospect/Project,,,Copper,,-69.96499999999997,,Escalones,Renio,Prospect/Project,,,,,1724337.0,,,,,,San José de Maipo,,21.0285,Cobre,,Cobre-Molibdeno-Oro-Plata,,108,,Cordillera,,,Pórfidos,https://portalgeo.sernageomin.cl/Sigex/ESCALONES_13_151/NI_43_101_2012_PB154907.pdf,,,Cobre-Molibdeno-Oro-Plata,4
,,,,,3,Pórfido de Cu-Mo,Eoceno-Oligoceno,,,,Magmático-Hidrotermal,,MIN_01,Sernageomin_2025,Mina en producción,,Escondida,,,,-24.274999999999977,,,,,,Antofagasta,,,,,,,,,8,,,Minera Escondida Ltda.,,35983200.0,,,,,109,,,,Actualizado,,,Mine (active),,,Copper,,-69.05799999999994,,Escondida,,Active,,,,,100646500.0,,,,,,Antofagasta,,,Cobre,,Cobre,,109,,Antofagasta,,,Pórfidos,https://www.bhp.com/-/media/documents/investors/annual-reports/2024/240827_bhpannualreport2024.pdf,"Minera Escondida Ltda., 100%",,Cobre,1
,,,,,3,Pórfido de Cu-Mo,Eoceno-Oligoceno,,,,Magmático-Hidrotermal,,"MIN_01, MIN_17",Sernageomin_2025,Prospecto/Proyecto,,Exploradora,,,,-25.805999999999983,,,,,,Antofagasta,,,,,,,,,8,,,,,,,,,,110,Oro,,,Histórico,,,Prospect/Project,,,Copper,,-69.23699999999997,,Exploradora,,Prospect/Project,,,,,500000.0,,,,,,Taltal,,20.0,Cobre,,Cobre-Oro,,110,,Antofagasta,,,Pórfidos,https://repositorio.sernageomin.cl/items/a8faf057-5764-4d2d-a6eb-5c9c152fbe50/full,,,Cobre-Oro,2
,,,,,3,Epitermal de baja sulfuración,Paleoceno-Eoceno,,,,Magmático-Hidrotermal,,"MIN_17, MIN_18",Sernageomin_2025,Mina Paralizada,,Faride,,,,-22.809999999999945,,,,,,Antofagasta,,,,,,,,,7,,,,,,,,,,111,Oro,,,Sin información,,,Mine (idle),,,Silver,,-69.39999999999998,,Faride,,Idle,,,,,,,,,,,Sierra Gorda,,,Plata,,Plata-Oro,,111,,Antofagasta,,,Epitermales,,,,Plata-Oro,2
,,,,,4,Epitermal de baja sulfuración,Mioceno,,,,Magmático-Hidrotermal,,MIN_17,Sernageomin_2025,Prospecto/Proyecto,,Fenix,,,,-27.010999999999967,,,,,,Atacama,,,,,,,,,9,,,,,,,,,,112,,,,Actualizado,,,Prospect/Project,,,Gold,,-69.20299999999997,,Fenix,,Prospect/Project,,,,,,,,55.056,,,Copiapó,,177.86,Oro,,Oro,,112,,Copiapó,,,Epitermales,https://www.fenixgold.cl/proyecto/geologia-recursos,,,Oro,1
,,,,,3,Campo de nitrato-yodo,Mioceno-Pleistoceno,,,,Sedimentario-Atmosférico,,"MIN_14, MIN_16",Sernageomin_2025,Mina paralizada,,Florencia,,,,-23.41999999999996,,,,,,Antofagasta,,,,,,,,,11,,,,,,,,,,113,Yodo,,,Sin información,,,Mine (idle),,,Nitrate,,-69.54999999999995,,Florencia,,Idle,,,,,,,,,,,Sierra Gorda,,,Nitrato,,Nitrato-Yodo,,113,,Antofagasta,,,Campo de nitrato-yodo,,,,Nitrato-Yodo,2
,,,,,3,Estratoligado,Cretácico Inferior,,,,Magmático-Hidrotermal,,MIN_01,Sernageomin_2025,Mina en producción,,Franke,,,,-25.82899999999995,,,,,,Antofagasta,,,,,,,,,5,,,Sociedad Contractual Minera Franke ,,,,,,,114,,,,Actualizado,,,Mine (active),,,Copper,,-69.86399999999998,,Franke,,Active,,,,,106043.9,,,,,,Taltal,,,Cobre,,Cobre,,114,,Antofagasta,,,Estratoligado,https://www.sernageomin.cl/planes-de-cierre/,"KGHM International Ltd., 100%",,Cobre,1
,,,,,5,Pórfido de Cu-Mo,Mioceno-Plioceno,,,,Magmático-Hidrotermal,,"MIN_01, MIN_17",Sernageomin_2025,Prospecto/Proyecto,,Frontera,,,,-31.728999999999928,,,,,,Coquimbo,,,,,,,,,10,,,,,,,,,,115,Oro,,,Histórico,,,Prospect/Project,,,Copper,,-70.47799999999995,,Frontera,,Prospect/Project,,,,,3640000.0,,,,,,Salamanca,,70.0,Cobre,,Cobre-Oro,,115,,Choapa,,,Pórfidos,http://www.andeangeology.cl/index.php/revista1/article/view/V48n1-3294,,,Cobre-Oro,2
,,,,,3,Pórfido de Cu-Mo,Eoceno-Oligoceno,,,,Magmático-Hidrotermal,,MIN_01,Sernageomin_2025,Mina en producción,,Gabriela Mistral,,,,-23.41799999999995,,,,,,Antofagasta,,,,,,,,,8,,,Minera Gaby S.A. ,,588000.0,,,,Gaby,116,,,,Actualizado,,,Mine (active),,,Copper,,-68.81099999999998,,Gabriela Mistral,,Active,,,,,6966400.0,,,,,,Sierra Gorda,,,Cobre,,Cobre,,116,,Antofagasta,,,Pórfidos,https://www.codelco.com/prontus_codelco/site/docs/20250329/20250329202724/codelco_memoria_anual_2024.pdf,"Corporación Nacional del Cobre (CODELCO) (Government, 100%), 100%",,Cobre,1
,,,,,12,Pórfido de Cu,Cretácico Superior,,,,Magmático-Hidrotermal,,MIN_01,Sernageomin_2025,Prospecto/Proyecto,,Galletué,,,,-38.716999999999985,,,,,,La Araucanía,,,,,,,,,6,,,,,,,,,,117,,,,Sin información,,,Prospect/Project,,,Copper,,-71.32699999999994,,Galletué,,Prospect/Project,,,,,,,,,,,Lonquimay,,,Cobre,,Cobre,,117,,Malleco,,,Pórfidos,,,,Cobre,1
,,,,,3,Pórfido de Cu-Mo,Eoceno-Oligoceno,,,,Magmático-Hidrotermal,,MIN_01,Sernageomin_2025,Prospecto/Proyecto,,Genoveva,,,,-22.408999999999935,,,,,,Antofagasta,,,,,,,,,8,,,,,,,,,,118,,,,Sin información,,,Prospect/Project,,,Copper,,-68.96399999999994,,Genoveva,,Prospect/Project,,,,,,,,,,,Calama,,,Cobre,,Cobre,,118,,El Loa,,,Pórfidos,nan,,,Cobre,1
,,,,,3,Epitermal de alta sulfuración,Paleoceno-Eoceno,,,,Magmático-Hidrotermal,,"MIN_17, MIN_18",Sernageomin_2025,Mina en producción,,Guanaco,,,,-25.108888999999976,63.98101,,,,,Antofagasta,,,,,,,,,7,,,,32.4608,,,,,Operación Guanaco-Amancaya,119,Plata,,,Actualizado,,,Mine (active),,,Gold,,-69.55694399999999,,Guanaco,,Active,,,,,,,,6.9632,,,Taltal,,13.07473,Oro,,Oro-Plata,,119,,Antofagasta,,,Epitermales,https://australgold.com/wp-content/uploads/2023/03/SLR-Austral-Guanaco-Amancaya-NI-43-101-FINAL-25-March-2022-1.pdf,,,Oro-Plata,2
,,,,,2,Epitermal de baja sulfuración,Jurásico,,,,Magmático-Hidrotermal,,MIN_18,Sernageomin_2025,Mina paralizada,,Huantajaya,,,,-20.23194399999994,480.0,,,,,Tarapacá,,,,,,,,,3,,,,,,,,,,120,,,,Histórico,,,Mine (idle),,,Silver,,-70.05694399999999,,Huantajaya,,Idle,,,,,,,,,,,Alto Hospicio,,,Plata,,Plata,,120,,Iquique,,,Epitermales,https://catalogobiblioteca.sernageomin.cl/cgi-bin/koha/opac-detail.pl?biblionumber=271338,,,Plata,1
,,,,,4,Pórfido de Cu-Mo,Cretácico Superior,,,,Magmático-Hidrotermal,,MIN_01,Sernageomin_2025,Mina en producción,,Inca de Oro,,,,-26.837999999999965,,,,,,Atacama,,,,,,,,,6,,,,,,,,,,121,,,,Histórico,,,Mine (active),,,Copper,,-69.95399999999995,,Inca de Oro,,Active,,,,,1517100.0,,,,,,Diego de Almagro,,,Cobre,,Cobre,,121,,Chañaral,,,Pórfidos,https://pubs.geoscienceworld.org/segweb/economicgeology/article/112/2/295/172169/Contrasting-Tectonic-Settings-and-Sulfur-Contents,,,Cobre,1
,,,,,3,Epitermal de alta sulfuración,Paleoceno-Eoceno,,,,Magmático-Hidrotermal,,"MIN_17, MIN_18",Sernageomin_2025,Prospecto/Proyecto,,Inesperada,,,,-25.146999999999935,25.10476,,,,,Antofagasta,,,,,,,,,7,,,,23.12473,,,,,Operación Guanaco-Amancaya,122,Plata,,,Actualizado,,,Prospect/Project,,,Gold,,-69.60299999999995,,Inesperada,,Prospect/Project,,,,,,,,1.68735,,,Taltal,,1.83344,Oro,,Oro-Plata,,122,,Antofagasta,,,Epitermales,https://australgold.com/wp-content/uploads/2023/03/SLR-Austral-Guanaco-Amancaya-NI-43-101-FINAL-25-March-2022-1.pdf,,,Oro-Plata,2
,,,,,3,Estratoligado,Cretácico Inferior,,,,Magmático-Hidrotermal,,MIN_01,Sernageomin_2025,Mina paralizada,,Iván Zar,,,,-23.347999999999956,,,,,,Antofagasta,,,,,,,,,5,,,,,,,,,,123,,,,Actualizado,,,Mine (idle),,,Copper,,-70.27199999999993,,Iván Zar,,Idle,,,,,60489.73,,,,,,Antofagasta,,,Cobre,,Cobre,,123,,Antofagasta,,,Estratoligado,https://www.sernageomin.cl/planes-de-cierre/,,,Cobre,1
,,,,,4,Epitermal de alta sulfuración,Mioceno,,,,Magmático-Hidrotermal,,"MIN_17, MIN_18",Sernageomin_2025,Mina en producción,,La Coipa,,,,-26.83499999999998,1218.936,,,,,Atacama,,,,,,,,,9,,,Compañía Minera Mantos de Oro ,494.722,,,,,Compañía Minera Mantos de Oro,124,Plata,,,Actualizado,,,Mine (active),,,Gold,,-69.25249999999994,,La Coipa,,Active,,,,,,,,19.9994,,,Copiapó,,46.3478,Oro,,Oro-Plata,,124,,Copiapó,,,Epitermales,https://s204.q4cdn.com/896213035/files/doc_financials/2026/q1/Kinross-Gold-2024-Annual-Report-Final.pdf,"Kinross Gold Corp., 100%",,Oro-Plata,2
,,,,,14,Skarn,Cretácico Inferior,,,,Magmático-Hidrotermal,,MIN_17,Sernageomin_2025,Prospecto/Proyecto,,La Esperanza,,,,-43.83972199999994,,,,,,Los Lagos,,,,,,,,,5,,,,,,,,,,125,,,,Sin información,,,Prospect/Project,,,Gold,,-71.82444399999997,,La Esperanza,,Prospect/Project,,,,,,,,,,,Palena,,,Oro,,Oro,,125,,Palena,,,Skarn,,,,Oro,1
,,,,,4,Pórfido de Cu-Mo,Eoceno-Oligoceno,,,,Magmático-Hidrotermal,,"MIN_01, MIN_17, MIN_18",Sernageomin_2025,Prospecto/Proyecto,,La Fortuna,,,,-28.633999999999958,748.71,,,,,Atacama,,,,,,,,,8,,,,545.76,3479220.0,,,,"Nueva Unión (Relincho + La Fortuna), El Morro",126,Oro,,,Actualizado,Plata,,Prospect/Project,,,Copper,,-69.88399999999996,,La Fortuna,,Prospect/Project,,,,,3310200.0,,,320.634,,,Alto del Carmen,,336.045,Cobre,,Cobre-Oro-Plata,,126,,Huasco,,,Pórfidos,https://www.teck.com/media/AIF-2025.pdf,,,Cobre-Oro-Plata,3
,,,,,7,Mesotermal,Cretácico Inferior,,,,Magmático-Hidrotermal,,"MIN_01, MIN_08",Sernageomin_2025,Mina paralizada,,La Golondrina,,,,-33.83099999999996,,,,,,Metropolitana de Santiago,,,,,,,,,5,,,,,,,,,,127,Cobalto,,,Sin información,,,Mine (idle),,,Copper,,-70.19199999999995,,La Golondrina,,Idle,,,,,,,,,,,San José de Maipo,,,Cobre,,Cobre-Cobalto,,127,,Cordillera,,,Mesotermal,,,,Cobre-Cobalto,2
,,,,,5,IOCG,Cretácico Inferior,,,,Magmático-Hidrotermal,,"MIN_01, MIN_08",Sernageomin_2025,Prospecto/Proyecto,,La Higuera,,,,-29.522999999999968,,,,,,Coquimbo,,,,,,,,,5,,,,,,,,,,128,Cobalto,,,Sin información,,,Prospect/Project,,,Copper,,-71.20799999999997,,La Higuera,,Prospect/Project,,,,,,,,,,,La Higuera,,,Cobre,,Cobre-Cobalto,,128,,Elqui,,,IOCG,,,,Cobre-Cobalto,2
,,,,,8,Pórfido de Cu-Mo,Mioceno-Plioceno,,,,Magmático-Hidrotermal,,"MIN_01, MIN_03",Sernageomin_2025,Prospecto/Proyecto,,La Huifa,,,,-34.06299999999993,,,,,,Libertador General Bernardo O'Higgins,,,,,,,,,10,,,,,,,,,,129,Molibdeno,,,Sin información,,,Prospect/Project,,,Copper,,-70.33299999999997,,La Huifa,,Prospect/Project,,,,,,,,,,,Machalí,,,Cobre,,Cobre-Molibdeno,,129,,Cachapoal,,,Pórfidos,nan,,,Cobre-Molibdeno,2
,,,,,4,Ti asociado a rocas ígneas,Cretácico Inferior,,,,Magmático,,MIN_07,Sernageomin_2025,Prospecto/Proyecto,,La Martina,,,,-28.70999999999998,,,,,,Atacama,,,,,,,,,5,,,,,,,,,,130,,,,Sin información,,,Prospect/Project,,,Titanium,,-71.17999999999995,,La Martina,,Prospect/Project,,,,,,,,,,,Freirina,,,Titanio,,Titanio,,130,,Huasco,,,Ti asociado a rocas ígneas,,,,Titanio,1
,,,,,4,Estratoligado,Cretácico Inferior,,,,Magmático-Hidrotermal,,MIN_06,Sernageomin_2025,Mina paralizada,,La Negra,,,,-28.339999999999975,,,,,,Atacama,,,,,,,,,5,,,,,,,,,,131,,,,Sin información,,,Mine (idle),,,Manganese,,-70.83099999999996,,La Negra,,Idle,,,,,,,,,,,Freirina,,,Manganeso,,Manganeso,,131,,Huasco,,,Estratoligado,,,,Manganeso,1
,,,,,4,Pórfido de Au,Mioceno,,,,Magmático-Hidrotermal,,MIN_17,Sernageomin_2025,Prospecto/Proyecto,,La Pepa,,,,-27.285999999999945,,,,,,Atacama,,,,,,,,,9,,,,,,,,,,132,,,,Actualizado,,,Prospect/Project,,,Gold,,-69.23899999999998,,La Pepa,,Prospect/Project,,,,,,,,,,,Tierra Amarilla,,63.558,Oro,,Oro,,132,,Copiapó,,,Pórfidos,https://panamericansilver.com/operations/reserves-and-resources/,,,Oro,1
,,,,,2,Pórfido de Cu-Mo,Eoceno-Oligoceno,,,,Magmático-Hidrotermal,,"MIN_01, MIN_03",Sernageomin_2025,Prospecto/Proyecto,,La Planada,,,,-20.17199999999997,,,,,,Tarapacá,,,,,,,,,8,,,,,,,,,,133,Molibdeno,,,Histórico,,,Prospect/Project,,,Copper,,-69.06399999999996,,La Planada,,Prospect/Project,,,,,120000.0,,,,,,Pozo Almonte,,,Cobre,,Cobre-Molibdeno,,133,,Tamarugal,,,Pórfidos,https://repositorio.sernageomin.cl/items/a8faf057-5764-4d2d-a6eb-5c9c152fbe50/full,,,Cobre-Molibdeno,2
,,,,,16,Epitermal de metales preciosos,Jurásico-Cretácico,,,,Magmático-Hidrotermal,,"MIN_01, MIN_12",Sernageomin_2025,Prospecto/Proyecto,,La Serena,,,,-52.787999999999954,,,,,,Magallanes y de la Antártica Chilena,,,,,,,,,4,,,Compañía Minera El Sauce Ltda.,,,,,,,134,Cinc,,,Sin información,,,Prospect/Project,,,Copper,,-72.91999999999996,,La Serena,,Prospect/Project,,,,,,,,,,,Río Verde,,,Cobre,,Cobre-Cinc,,134,,Magallanes,,,Epitermales,,Compañía Minera El Sauce Ltda.,,Cobre-Cinc,2
,,,,,4,IOCG,Jurásico-Cretácico,,,,Magmático-Hidrotermal,,MIN_15,Sernageomin_2025,Mina paralizada,,La Suerte,,,,-26.339999999999975,,,,,,Atacama,,,,,,,,,4,,,,,,,,,,135,,,,Sin información,,,Mine (idle),,,Iron,,-70.40999999999997,,La Suerte,,Idle,,,,,,,,,,,Chañaral,,,Hierro,,Hierro,,135,M-6821,Chañaral,,,IOCG,,,,Hierro,1
,,,,,2,Campo de nitrato-yodo,Mioceno-Pleistoceno,,,,Sedimentario-Atmosférico,,"MIN_14, MIN_16",Sernageomin_2025,Mina paralizada,,Lagunas,,,,-20.95999999999998,,,,,,Tarapacá,,,,,,,,,11,,,ACF Minera S.A.,,,,,,,136,Yodo,,,Actualizado,,,Mine (idle),,,Nitrate,,-69.66999999999996,,Lagunas,,Idle,,,,,,,,,,16039.0,Pozo Almonte,,,Nitrato,,Nitrato-Yodo,,136,,Tamarugal,,,Campo de nitrato-yodo,https://www.sernageomin.cl/planes-de-cierre/,ACF Minera S.A.,,Nitrato-Yodo,2
,,,,,5,Pórfido de Cu,Cretácico Superior,,,,Magmático-Hidrotermal,,"MIN_01, MIN_03",Sernageomin_2025,Prospecto/Proyecto,,Lana Corina,,,,-31.124999999999943,,,,,,Coquimbo,,,,,,,,,6,,,,,,,,,,137,Molibdeno,,,Sin información,,,Prospect/Project,,,Copper,,-71.11599999999999,,Lana Corina,,Prospect/Project,,,,,,,,,,,Combarbalá,,,Cobre,,Cobre-Molibdeno,,137,,Limarí,,,Pórfidos,,,,Cobre-Molibdeno,2
,,,,,14,Epitermal de metales preciosos,Jurásico-Cretácico,,,,Magmático-Hidrotermal,,"MIN_01, MIN_12",Sernageomin_2025,Prospecto/Proyecto,,Las Juntas,,,,-43.67199999999997,,,,,,Los Lagos,,,,,,,,,4,,,,,,,,,,138,Cinc,,,Sin información,,,Prospect/Project,,,Copper,,-71.79199999999997,,Las Juntas,,Prospect/Project,,,,,,,,,,,Palena,,,Cobre,,Cobre-Cinc,,138,,Palena,,,Epitermales,,,,Cobre-Cinc,2
,,,,,3,Estratoligado,Jurásico,,,,Magmático-Hidrotermal,,MIN_01,Sernageomin_2025,Mina en producción,,Las Luces,,,,-25.69799999999998,,,,,,Antofagasta,,,,,,,,,3,,,Groupo Cenizas,,,,,,,139,,,,Actualizado,,,Mine (active),,,Copper,,-70.49599999999998,,Las Luces,,Active,,,,,541645.0,,,,,,Taltal,,,Cobre,,Cobre,,139,,Antofagasta,,,Estratoligado,https://www.sernageomin.cl/planes-de-cierre/,Groupo Cenizas,,Cobre,1
,,,,,9,Epitermal de baja sulfuración,Cretácico Inferior,,,,Magmático-Hidrotermal,,MIN_17,Sernageomin_2025,Mina Paralizada,,Las Palmas,,,,-35.17249999999996,,,,,,Maule,,,,,,,,,5,,,,,,,,,,140,,,,Histórico,,,Mine (idle),,,Gold,,-71.76666699999998,,Las Palmas,,Idle,,,,,,,,,,,Pencahue,,9.0,Oro,,Oro,,140,,Talca,,,Epitermales,http://www.andeangeology.cl/index.php/revista1/article/view/V48n1-3294,,,Oro,1
,,,,,14,Placer,Mioceno-Holoceno,,,,Sedimentario de placer,,MIN_17,Sernageomin_2025,Mina paralizada,,Lavadero Ayacara-Huequi,,,,-42.301110999999935,,,,,,Los Lagos,,,,,,,,,12,,,,,,,,,,141,,,,Sin información,,,Mine (idle),,,Gold,,-72.69472199999996,,Lavadero Ayacara-Huequi,,Idle,,,,,,,,,,,Chaitén,,,Oro,,Oro,,141,,Palena,,,Placer,,,,Oro,1
,,,,,14,Placer,Mioceno-Holoceno,,,,Sedimentario de placer,,MIN_17,Sernageomin_2025,Mina paralizada,,Lavadero Caleta Zorra,,,,-43.12944399999998,,,,,,Los Lagos,,,,,,,,,12,,,,,,,,,,142,,,,Sin información,,,Mine (idle),,,Gold,,-74.30305599999997,,Lavadero Caleta Zorra,,Idle,,,,,,,,,,,Quellón,,,Oro,,Oro,,142,,Chiloé,,,Placer,,,,Oro,1
,,,,,14,Placer,Mioceno-Holoceno,,,,Sedimentario de placer,,MIN_17,Sernageomin_2025,Mina paralizada,,Lavadero Carelmapu,,,,-41.71666699999997,,,,,,Los Lagos,,,,,,,,,12,,,,,,,,,,143,,,,Sin información,,,Mine (idle),,,Gold,,-73.71333299999998,,Lavadero Carelmapu,,Idle,,,,,,,,,,,Maullín,,,Oro,,Oro,,143,,Llanquihue,,,Placer,,,,Oro,1
,,,,,14,Placer,Mioceno-Holoceno,,,,Sedimentario de placer,,MIN_17,Sernageomin_2025,Mina paralizada,,Lavadero Contaco,,,,-40.631110999999976,,,,,,Los Lagos,,,,,,,,,12,,,,,,,,,,144,,,,Sin información,,,Mine (idle),,,Gold,,-73.49833299999995,,Lavadero Contaco,,Idle,,,,,,,,,,,San Juan de la Costa,,,Oro,,Oro,,144,,Osorno,,,Placer,,,,Oro,1
,,,,,14,Placer,Mioceno-Holoceno,,,,Sedimentario de placer,,MIN_17,Sernageomin_2025,Mina paralizada,,Lavadero Cucao-Rahue,,,,-42.664999999999964,,,,,,Los Lagos,,,,,,,,,12,,,,,,,,,,145,,,,Sin información,,,Mine (idle),,,Gold,,-74.11999999999995,,Lavadero Cucao-Rahue,,Idle,,,,,,,,,,,Chonchi,,,Oro,,Oro,,145,,Chiloé,,,Placer,,,,Oro,1
,,,,,6,Placer,Mioceno-Holoceno,,,,Sedimentario de placer,,MIN_17,Sernageomin_2025,Mina paralizada,,Lavadero El Toro,,,,-33.289999999999964,,,,,,Valparaíso,,,,,,,,,12,,,,,,,,,,146,,,,Sin información,,,Mine (idle),,,Gold,,-71.48599999999993,,Lavadero El Toro,,Idle,,,,,,,,,,,Casablanca,,,Oro,,Oro,,146,,Valparaíso,,,Placer,,,,Oro,1
,,,,,16,Placer,Mioceno-Holoceno,,,,Sedimentario de placer,,MIN_17,Sernageomin_2025,Mina paralizada,,Lavadero Isla Navarino,,,,-55.11666699999995,,,,,,Magallanes y de la Antártica Chilena,,,,,,,,,12,,,,,,,,,,147,,,,Sin información,,,Mine (idle),,,Gold,,-67.69999999999999,,Lavadero Isla Navarino,,Idle,,,,,,,,,,,Cabo de Hornos,,,Oro,,Oro,,147,,Antártica Chilena,,,Placer,,,,Oro,1
,,,,,16,Placer,Mioceno-Holoceno,,,,Sedimentario de placer,,MIN_17,Sernageomin_2025,Mina paralizada,,Lavadero Isla Picton,,,,-55.03333299999997,,,,,,Magallanes y de la Antártica Chilena,,,,,,,,,12,,,,,,,,,,148,,,,Sin información,,,Mine (idle),,,Gold,,-66.94999999999999,,Lavadero Isla Picton,,Idle,,,,,,,,,,,Cabo de Hornos,,,Oro,,Oro,,148,,Antártica Chilena,,,Placer,,,,Oro,1
,,,,,14,Placer,Mioceno-Holoceno,,,,Sedimentario de placer,,MIN_17,Sernageomin_2025,Mina paralizada,,Lavadero Marilán,,,,-41.24999999999994,,,,,,Los Lagos,,,,,,,,,12,,,,,,,,,,149,,,,Sin información,,,Mine (idle),,,Gold,,-73.81666699999994,,Lavadero Marilán,,Idle,,,,,,,,,,,Fresia,,,Oro,,Oro,,149,,Llanquihue,,,Placer,,,,Oro,1
,,,,,14,Placer,Mioceno-Holoceno,,,,Sedimentario de placer,,MIN_17,Sernageomin_2025,Mina paralizada,,Lavadero Millacoya,,,,-40.74166699999995,,,,,,Los Lagos,,,,,,,,,12,,,,,,,,,,150,,,,Sin información,,,Mine (idle),,,Gold,,-73.52499999999998,,Lavadero Millacoya,,Idle,,,,,,,,,,,San Juan de la Costa,,,Oro,,Oro,,150,,Osorno,,,Placer,,,,Oro,1
,,,,,16,Placer,Mioceno-Holoceno,,,,Sedimentario de placer,,MIN_17,Sernageomin_2025,Mina paralizada,,Lavadero Río del Oro,,,,-52.91666699999996,,,,,,Magallanes y de la Antártica Chilena,,,,,,,,,12,,,,,,,,,,151,,,,Sin información,,,Mine (idle),,,Gold,,-69.83333299999998,,Lavadero Río del Oro,,Idle,,,,,,,,,,,Primavera,,,Oro,,Oro,,151,,Tierra del Fuego,,,Placer,,,,Oro,1
,,,,,16,Placer,Mioceno-Holoceno,,,,Sedimentario de placer,,MIN_17,Sernageomin_2025,Mina paralizada,,Lavadero Río Oscar,,,,-52.94999999999993,,,,,,Magallanes y de la Antártica Chilena,,,,,,,,,12,,,,,,,,,,152,,,,Sin información,,,Mine (idle),,,Gold,,-69.66666699999996,,Lavadero Río Oscar,,Idle,,,,,,,,,,,Primavera,,,Oro,,Oro,,152,,Tierra del Fuego,,,Placer,,,,Oro,1
,,,,,3,Pórfido de Cu,Carbonífero-Triásico,,,,Magmático-Hidrotermal,,MIN_01,Sernageomin_2025,Prospecto/Proyecto,,Lila,,,,-23.82699999999994,,,,,,Antofagasta,,,,,,,,,2,,,,,,,,,,153,,,,Sin información,,,Prospect/Project,,,Copper,,-68.95099999999996,,Lila,,Prospect/Project,,,,,,,,,,,Antofagasta,,,Cobre,,Cobre,,153,,Antofagasta,,,Pórfidos,,,,Cobre,1
,,,,,5,Pórfido de Cu-Mo,Cretácico Superior,,,,Magmático-Hidrotermal,,"MIN_01, MIN_03, MIN_04, MIN_17",Sernageomin_2025,Prospecto/Proyecto,,Llahuín,,,,-31.333999999999946,,,,,12920.0,Coquimbo,,,,,,,,,6,,,,,,,,,,154,Oro,,,Actualizado,Molibdeno,,Prospect/Project,,,Copper,,-71.02099999999996,,Llahuín,Renio,Prospect/Project,,,,,472100.0,,,,,,Combarbalá,,21.68,Cobre,,Cobre-Oro-Molibdeno,,154,,Limarí,,,Pórfidos,https://www.shmining.com.au/wp-content/uploads/2025/05/SUHMedia_CorporatePresentation_LlahuinCopperGold_April2025.pdf,,,Cobre-Oro-Molibdeno,3
,,,,,7,Estratoligado,Cretácico Inferior,,,,Magmático-Hidrotermal,,MIN_01,Sernageomin_2025,Mina Paralizada,,Lo Aguirre,,,,-33.43999999999994,,,,,,Metropolitana de Santiago,,,,,,,,,5,,,,,,,,,,155,,,,Sin información,,,Mine (idle),,,Copper,,-70.91999999999996,,Lo Aguirre,,Idle,,,,,,,,,,,Pudahuel,,,Cobre,,Cobre,,155,,Santiago,,,Estratoligado,,,,Cobre,1
,,,,,4,Pórfido de Au,Mioceno,,,,Magmático-Hidrotermal,,"MIN_17, MIN_18",Sernageomin_2025,Prospecto/Proyecto,,Lobo-Marte,,,,-27.16666699999996,,,,,,Atacama,,,,,,,,,9,,,,,,,,,,156,Plata,,,Actualizado,,,Prospect/Project,,,Gold,,-69.03333299999997,,Lobo-Marte,,Prospect/Project,,,,,,,,208.9126,,,Copiapó,,82.5398,Oro,,Oro-Plata,,156,,Copiapó,,,Pórfidos,https://s204.q4cdn.com/896213035/files/doc_financials/2026/q1/Kinross-Gold-2024-Annual-Report-Final.pdf,,,Oro-Plata,2
,,,,,5,Pórfido de Cu-Mo,Eoceno-Oligoceno,,,,Magmático-Hidrotermal,,"MIN_01, MIN_17",Sernageomin_2025,Prospecto/Proyecto,,Loica,,,,-31.063999999999965,,,,,,Coquimbo,,,,,,,,,8,,,,,,,,,,157,Oro,,,Histórico,,,Prospect/Project,,,Copper,,-70.66099999999994,,Loica,,Prospect/Project,,,,,1250000.0,,,,,,Monte Patria,,20.0,Cobre,,Cobre-Oro,,157,,Limarí,,,Pórfidos,https://repositorio.sernageomin.cl/items/a8faf057-5764-4d2d-a6eb-5c9c152fbe50/full,,,Cobre-Oro,2
,,,,,3,Pórfido de Cu-Mo,Paleoceno-Eoceno,,,,Magmático-Hidrotermal,,"MIN_01, MIN_03",Sernageomin_2025,Mina en producción,,Lomas Bayas,,,,-23.430999999999983,,,,,,Antofagasta,,,,,,,,,7,,,Compañía Minera Xstrata Lomas Bayas ,,819600.0,,,,,158,Molibdeno,,,Actualizado,,,Mine (active),,,Copper,,-69.50699999999995,,Lomas Bayas,,Active,,,,,6090515.0,,,,,,Sierra Gorda,,,Cobre,,Cobre-Molibdeno,,158,,Antofagasta,,,Pórfidos,https://www.glencore.com/.rest/api/v1/documents/static/a53e27b1-6025-4ef2-9be8-f3be543dfb26/GLENCORE-Resources-and-Reserves-report-2023.pdf,"Glencore plc, 100%",,Cobre-Molibdeno,2
,,,,,7,Pórfido de Cu-Mo,Mioceno-Plioceno,,,,Magmático-Hidrotermal,,"MIN_01, MIN_03, MIN_04",Sernageomin_2025,Mina en producción,,Los Bronces,,155556.0,,-33.150999999999954,,,,,362625.0,Metropolitana de Santiago,,,,,,,,,10,,,Anglo American Sur S.A. ,,7691020.0,,,,,159,Molibdeno,,,Actualizado,Renio,,Mine (active),,,Copper,,-70.28499999999997,,Los Bronces,,Active,,,,,15751630.0,,,,,,Lo Barnechea,,,Cobre,,Cobre-Molibdeno-Renio,,159,,Santiago,,,Pórfidos,https://www.angloamerican.com/~/media/Files/A/Anglo-American-Group-v9/PLC/investors/annual-reporting/2024/anglo-american-ore-reserves-and-mineral-resources-report-2024.pdf,"Anglo American plc, 50.1%, Mitsubishi Corp., 20.4%, Corporación Nacional del Cobre, 20%, and Mitsui & Co., Ltd., 9.5% ",,Cobre-Molibdeno-Renio,3
,,,,,7,Pórfido de Cu-Mo,Mioceno-Plioceno,,,,Magmático-Hidrotermal,,"MIN_01, MIN_03, MIN_04",Sernageomin_2025,Prospecto/Proyecto,,Los Bronces Subterráneo,,,,-33.19999999999993,,,,,814871.0,Metropolitana de Santiago,,,,,,,,,10,,,Anglo American Sur S.A. ,,,,,,,160,Molibdeno,,,Actualizado,Renio,,Prospect/Project,,,Copper,,-70.23999999999995,,Los Bronces Subterráneo,,Prospect/Project,,,,,49653860.0,,,,,,Lo Barnechea,,,Cobre,,Cobre-Molibdeno-Renio,,160,,Santiago,,,Pórfidos,https://www.angloamerican.com/~/media/Files/A/Anglo-American-Group-v9/PLC/investors/annual-reporting/2024/anglo-american-ore-reserves-and-mineral-resources-report-2024.pdf,"Anglo American plc, 50.1%, Mitsubishi Corp., 20.4%, Corporación Nacional del Cobre, 20%, and Mitsui & Co., Ltd., 9.5% ",,Cobre-Molibdeno-Renio,3
,,,,,6,Pórfido de Cu-Mo,Mioceno-Plioceno,,,,Magmático-Hidrotermal,,"MIN_01, MIN_03, MIN_04",Sernageomin_2025,Prospecto/Proyecto,,Los Bronces Sur,,,,-33.12999999999994,,,,,315134.0,Valparaíso,,,,,,,,,10,,,Anglo American Sur S.A. ,,,,,,,161,Molibdeno,,,Actualizado,Renio,,Prospect/Project,,,Copper,,-70.25999999999993,,Los Bronces Sur,,Prospect/Project,,,,,10283320.0,,,,,,Los Andes,,,Cobre,,Cobre-Molibdeno-Renio,,161,,Los Andes,,,Pórfidos,https://www.angloamerican.com/~/media/Files/A/Anglo-American-Group-v9/PLC/investors/annual-reporting/2024/anglo-american-ore-reserves-and-mineral-resources-report-2024.pdf,"Anglo American plc, 50.1%, Mitsubishi Corp., 20.4%, Corporación Nacional del Cobre, 20%, and Mitsui & Co., Ltd., 9.5% ",,Cobre-Molibdeno-Renio,3
,,,,,4,IOA,Cretácico Inferior,,,,Magmático-Hidrotermal,,MIN_15,Sernageomin_2025,Mina en producción,,Los Colorados,,,,-28.312299999999937,,,,,,Atacama,,,,,,,,,5,,,Compañía Minera del Pacífico S.A. (CMP),,,,,,,162,,,288234800.0,Actualizado,,,Mine (active),,,Iron,,-70.81779999999998,,Los Colorados,,Active,,,,,,,,,,,Huasco,,,Hierro,69960000.0,Hierro,,162,M-533,Huasco,,,IOA,https://www.cmp.cl/wp-content/uploads/2024/08/memoria-espanol28.08_compressed.pdf,"CAP S.A., 75%, and MC Inversiones Ltda., 25%",,Hierro,1
,,,,,4,Pórfido de Cu-Mo,Mioceno,,,,Magmático-Hidrotermal,,"MIN_01, MIN_17, MIN_18",Sernageomin_2025,Prospecto/Proyecto,,Los Helados,,,,-28.34099999999995,4632.0,,,,,Atacama,,,,,,,,,9,,,,,,,,,Distrito Vicuña,163,Oro,,,Actualizado,Plata,,Prospect/Project,,,Copper,,-69.58599999999996,,Los Helados,,Prospect/Project,,,,,11992000.0,,,,,,Tierra Amarilla,,420.0,Cobre,,Cobre-Oro-Plata,,163,,Copiapó,,,Pórfidos,https://wp-ngexminerals-2024.s3.ca-central-1.amazonaws.com/media/2024/04/los-helados-updated-resource-2023.pdf,,,Cobre-Oro-Plata,3
,,,,,5,Pórfido de Cu-Mo,Mioceno-Plioceno,,,,Magmático-Hidrotermal,,"MIN_01, MIN_03, MIN_04, MIN_17",Sernageomin_2025,Mina en producción,Renio,Los Pelambres,,164115.0,,-31.714999999999975,,,,,1031186.0,Coquimbo,,,,,,,,,10,,,Antofagasta plc,,4532700.0,,,,,164,Molibdeno,,,Actualizado,Oro,,Mine (active),,,Copper,,-70.49899999999997,,Los Pelambres,,Active,,,,,29115840.0,,,39.075,,,Salamanca,,303.29,Cobre,,Cobre-Molibdeno-Oro-Renio,,164,,Choapa,,,Pórfidos,https://www.aminerals.cl/docs/default-source/archivo/reportes/annual-report-2024.pdf?sfvrsn=3a957ff4_4,"Antofagasta plc, 60%; JX Nippon Mining Metals Corp, 15%; Mitsubishi Materials Corp., 10%; Marubeni Corp., 8.75%; Mitsubishi Corp., 5%; Mitsui & Co. Ltd., 1.25%",,Cobre-Molibdeno-Oro-Renio,4
,,,,,1,Estratoligado,No asignado,,,,Magmático-Hidrotermal,,MIN_06,Sernageomin_2025,Prospecto/Proyecto,,Los Pumas,,,,-18.039999999999964,,,,,,Arica y Parinacota,,,,,,1890720.0,,,99,,,,,,,,,,165,,,,Actualizado,,,Prospect/Project,,,Manganese,,-69.62999999999994,,Los Pumas,,Prospect/Project,,,,,,,,,,,Putre,,,Manganeso,,Manganeso,,165,,Parinacota,,,Estratoligado,https://www.shmining.com.au/wp-content/uploads/2025/05/SUHMedia_CorporatePresentation_LlahuinCopperGold_April2025.pdf,,,Manganeso,1
,,,,,7,Pórfido de Cu-Mo,Mioceno-Plioceno,,,,Magmático-Hidrotermal,,"MIN_01, MIN_03, MIN_04",Sernageomin_2025,Prospecto/Proyecto,,Los Sulfatos,,,,-33.198999999999955,,,,,240000.0,Metropolitana de Santiago,,,,,,,,,10,,,,,,,,,,166,Molibdeno,,,Histórico,,,Prospect/Project,,,Copper,,-70.25599999999997,,Los Sulfatos,Renio,Prospect/Project,,,,,17520000.0,,,,,,Lo Barnechea,,,Cobre,,Cobre-Molibdeno,,166,,Santiago,,,Pórfidos,https://repositorio.uchile.cl/handle/2250/144522,,,Cobre-Molibdeno,2
,,,,,3,Pórfido de Cu-Mo,Eoceno-Oligoceno,,,,Magmático-Hidrotermal,,"MIN_01, MIN_03, MIN_04",Sernageomin_2025,Prospecto/Proyecto,,Los Volcanes,,,,-21.987999999999943,,,,,209308.0,Antofagasta,,,,,,,,,8,,,,,,,,,Conchi Viejo,167,Molibdeno,,,Actualizado,,,Prospect/Project,,,Copper,,-68.76099999999997,,Los Volcanes,Renio,Prospect/Project,,,,,9474640.0,,,,,,Calama,,,Cobre,,Cobre-Molibdeno,,167,,El Loa,,,Pórfidos,https://www.aminerals.cl/docs/default-source/archivo/reportes/annual-report-2024.pdf?sfvrsn=3a957ff4_4,,,Cobre-Molibdeno,2
,,,,,13,Placer,Mioceno-Holoceno,,,,Magmático-Hidrotermal,,MIN_17,Sernageomin_2025,Mina Paralizada,,Madre de Dios,,,,-39.62499999999994,,,,,,Los Ríos,,,,,,,,,12,,,,,,,,,,168,,,,Sin información,,,Mine (idle),,,Gold,,-72.66666699999996,,Madre de Dios,,Idle,,,,,,,,,,,Máfil,,,Oro,,Oro,,168,,Valdivia,,,Placer,,,,Oro,1
,,,,,3,Estratoligado,Jurásico,,,,Magmático-Hidrotermal,,"MIN_01, MIN_18",Sernageomin_2025,Mina en producción,,Mantos Blancos,,,,-23.42199999999997,927.032,,,,,Antofagasta,,,,,,,,,3,,,Empresa Minera de Mantos Blancos S.A. ,556.985,737178.3,,,,,169,Plata,,,Actualizado,,,Mine (active),,,Copper,,-70.07199999999995,,Mantos Blancos,,Active,,,,,1460165.0,,,,,,Antofagasta,,,Cobre,,Cobre-Plata,,169,,Antofagasta,,,Estratoligado,https://capstonecopper.com/operations/mineral-reserves-and-resources/,"Anglo American plc, 99.9%, and other private, 0.1%",,Cobre-Plata,2
,,,,,6,Estratoligado,Cretácico Superior,,,,Magmático-Hidrotermal,,MIN_01,Sernageomin_2025,Mina en producción,,Mantos de Catemu,,,,-32.67599999999993,,,,,,Valparaíso,,,,,,,,,6,,,Compania Mantos de la Luna,,,,,,"Distrito Catemu, Distrito Ñilhue",170,,,,Histórico,,,Mine (active),,,Copper,,-70.89699999999993,,Mantos de Catemu,,Active,,,,,43750.0,,,,,,Catemu,,,Cobre,,Cobre,,170,4694,San Felipe de Aconcagua,,,Estratoligado,https://repositorio.sernageomin.cl/search?spc.page=1&query=serie%20base%20de%20datos%20valparaiso,"Izquierdo Menendez Group, 100%",,Cobre,1
,,,,,3,Estratoligado,Jurásico,,,,Magmático-Hidrotermal,,MIN_01,Sernageomin_2025,Mina en producción,,Mantos de la Luna,,,,-22.38299999999998,,,,,,Antofagasta,,,,,,,,,3,,,Compania Mantos de la Luna,,,,,,,171,,,,Actualizado,,,Mine (active),,,Copper,,-70.21799999999996,,Mantos de la Luna,,Active,,,,,281374.5,,,,,,Tocopilla,,,Cobre,,Cobre,,171,,Tocopilla,,,Estratoligado,https://www.sernageomin.cl/planes-de-cierre/,"Izquierdo Menendez Group, 100%",,Cobre,1
,,,,,5,Epitermal de baja sulfuración,Cretácico Inferior,,,,Magmático-Hidrotermal,,"MIN_01, MIN_17",Sernageomin_2025,Mina en producción,,Mantos de Punitaqui,,,,-30.860999999999933,,,,,,Coquimbo,,,,,,,,,5,,,Compania Mantos de la Luna,,,,,,Los Mantos de Punitaqui,172,Cobre,,,Histórico,,,Mine (active),,,Gold,,-71.22699999999998,,Mantos de Punitaqui,,Active,,,,,3360.0,,,,,,Punitaqui,,2.076,Oro,,Oro-Cobre,,172,,Limarí,,,Epitermales,https://repositorio.sernageomin.cl/items/39ed041a-797a-4cc8-a508-605c4fe0b97c,"Izquierdo Menendez Group, 100%",,Oro-Cobre,2
,,,,,3,Estratoligado,Jurásico,,,,Magmático-Hidrotermal,,MIN_01,Sernageomin_2025,Mina en producción,,Mantos del Pacífico,,,,-22.53099999999995,,,,,,Antofagasta,,,,,,,,,3,,,Compania Mantos de la Luna,,,,,,,173,,,,Actualizado,,,Mine (active),,,Copper,,-70.22099999999995,,Mantos del Pacífico,,Active,,,,,69985.37,,,,,,Tocopilla,,,Cobre,,Cobre,,173,,Tocopilla,,,Estratoligado,https://www.sernageomin.cl/planes-de-cierre/,"Izquierdo Menendez Group, 100%",,Cobre,1
,,,,,4,IOCG,Cretácico Inferior,,,,Magmático-Hidrotermal,,"MIN_01, MIN_08, MIN_17",Sernageomin_2025,Mina en producción,,Mantoverde,,,,-26.55899999999997,,,,,,Atacama,,,,,,,,,5,,,Empresa Minera de Mantos Blancos S.A. ,,2580679.0,,,,,174,Oro,,,Actualizado,,,Mine (active),,,Copper,,-70.31499999999994,,Mantoverde,Cobalto,Active,,,,,6358908.0,,,39.5475,,,Chañaral,,104.5117,Cobre,,Cobre-Oro,,174,,Chañaral,,,IOCG,https://capstonecopper.com/operations/mineral-reserves-and-resources/,"Anglo American plc, 99.9%, and other private, 0.1%",,Cobre-Oro,2
,,,,,3,Campo de nitrato-yodo,Mioceno-Pleistoceno,,9907200.0,,Sedimentario-Atmosférico,,"MIN_14, MIN_16",Sernageomin_2025,Mina en producción,,María Elena,,,,-22.378999999999962,,,,,,Antofagasta,,26953400.0,,,,,,,11,,,,,,,,,,175,Yodo,,,Actualizado,,,Mine (active),,,Nitrate,,-69.74599999999998,,María Elena,,Active,,,,,,,,,,135156.5,María Elena,,,Nitrato,,Nitrato-Yodo,,175,,Tocopilla,58755.2,,Campo de nitrato-yodo,https://ir.sqm.com/system/files-encrypted/nasdaq_kms/assets/2025/04/08/1-00-07/MEMORIA%20SQM%202024_esp.pdf,,,Nitrato-Yodo,2
,,,,,4,Pórfido de Au,Mioceno,,,,Magmático-Hidrotermal,,MIN_17,Sernageomin_2025,Mina paralizada,,Maricunga,,,,-27.549999999999955,,,,,,Atacama,,,,,,,,,9,,,Compañía Minera Maricunga ,,,,,,"Compañía Minera Maricunga (CMM), Refugio",176,,,,Actualizado,,,Mine (idle),,,Gold,,-69.29999999999995,,Maricunga,,Idle,,,,,,,,,,,Tierra Amarilla,,330.3528,Oro,,Oro,,176,,Copiapó,,,Pórfidos,https://s204.q4cdn.com/896213035/files/doc_financials/2026/q1/Kinross-Gold-2024-Annual-Report-Final.pdf,"Kinross Gold Corp., 100%",,Oro,1
,,,,,3,IOCG,Jurásico,,,,Magmático-Hidrotermal,,MIN_01,Sernageomin_2025,Prospecto/Proyecto,,Marimaca,,,,-23.18799999999993,,,,,,Antofagasta,,,,,,,,,3,,,,,,,,,,177,,,,Actualizado,,,Prospect/Project,,,Copper,,-70.22199999999998,,Marimaca,,Prospect/Project,,,,,955265.9,,,,,,Mejillones,,,Cobre,,Cobre,,177,,Antofagasta,,,IOCG,https://marimaca.com/presentations/,,,Cobre,1
,,,,,14,Sedimentario de Ti,No asignado,,,,Sedimentario de placer,,MIN_07,Sernageomin_2025,Prospecto/Proyecto,,Maullín,,,,-41.62399999999997,,,,,,Los Lagos,,,,,,,,,99,,,,,,,,,,178,,,,Sin información,,,Prospect/Project,,,Titanium,,-73.60399999999998,,Maullín,,Prospect/Project,,,,,,,,,,,Maullín,,,Titanio,,Titanio,,178,,Llanquihue,,,Sedimentario de Ti,,,,Titanio,1
,,,,,7,Mesotermal,Cretácico Inferior,,,,Magmático-Hidrotermal,,"MIN_01, MIN_08",Sernageomin_2025,Mina paralizada,,Mercedita,,,,-33.50399999999996,,,,,,Metropolitana de Santiago,,,,,,,,,5,,,,,,,,,Merceditas de Volcán,179,Cobalto,,,Sin información,,,Mine (idle),,,Copper,,-70.18499999999995,,Mercedita,,Idle,,,,,,,,,,,San José de Maipo,,,Cobre,,Cobre-Cobalto,,179,,Cordillera,,,Mesotermal,,,,Cobre-Cobalto,2
,,,,,15,Skarn,Jurásico-Cretácico,,,,Magmático-Hidrotermal,,MIN_12,Sernageomin_2025,Mina paralizada,,Mina Silva,,,,-46.549999999999955,,,,,,Aysén del General Carlos Ibáñez del Campo,,,,,,,,,4,,,,,,,,,,180,,,,Sin información,,,Mine (idle),,,Zinc,,-72.40799999999996,,Mina Silva,,Idle,,,,,,,,,,,Río Ibáñez,,,Cinc,,Cinc,,180,,General Carrera,,,Skarn,,,,Cinc,1
,,,,,12,VMS,No asignado,,,,Volcanogénico,,"MIN_01, MIN_12",Sernageomin_2025,Mina paralizada,,Mina Vieja de Tirúa,,,,-38.384999999999934,,,,,,La Araucanía,,,,,,,,,99,,,,,,,,,,181,Cinc,,,Sin información,,,Mine (idle),,,Copper,,-73.52799999999996,,Mina Vieja de Tirúa,,Idle,,,,,,,,,,,Tirúa,,,Cobre,,Cobre-Cinc,,181,,Arauco,,,VMS,,,,Cobre-Cinc,2
,,,,,3,Pórfido de Cu-Mo,Eoceno-Oligoceno,,,,Magmático-Hidrotermal,,MIN_01,Sernageomin_2025,Mina en producción,,Ministro Hales,,,,-22.378999999999962,,,,,,Antofagasta,,,,,,,,,8,,,CODELCO,,3803300.0,,,,,182,,,,Actualizado,,,Mine (active),,,Copper,,-68.91299999999995,,Ministro Hales,,Active,,,,,17753700.0,,,,,,Calama,,,Cobre,,Cobre,,182,,El Loa,,,Pórfidos,https://www.codelco.com/prontus_codelco/site/docs/20250329/20250329202724/codelco_memoria_anual_2024.pdf,CODELCO,,Cobre,1
,,,,,3,Pórfido de Cu-Mo,Eoceno-Oligoceno,,,,Magmático-Hidrotermal,,"MIN_01, MIN_03, MIN_04, MIN_17",Sernageomin_2025,Prospecto/Proyecto,,Mirador,,,,-22.950999999999965,,,,,6680.0,Antofagasta,,,,,,,,,8,,,,,,,,,,183,Molibdeno,,,Actualizado,Oro,,Prospect/Project,,,Copper,,-69.02399999999994,,Mirador,Renio,Prospect/Project,,,,,359520.0,,,,,,Sierra Gorda,,7.515,Cobre,,Cobre-Molibdeno-Oro,,183,,Antofagasta,,,Pórfidos,https://www.aminerals.cl/docs/default-source/archivo/reportes/annual-report-2024.pdf?sfvrsn=3a957ff4_4,,,Cobre-Molibdeno-Oro,3
,,,,,2,Pórfido de Cu-Mo,Paleoceno-Eoceno,,,,Magmático-Hidrotermal,,MIN_01,Sernageomin_2025,Prospecto/Proyecto,,Mocha,,,,-19.809999999999945,,,,,,Tarapacá,,,,,,,,,7,,,,,,,,,,184,,,,Histórico,,,Prospect/Project,,,Copper,,-69.28099999999995,,Mocha,,Prospect/Project,,,,,1135000.0,,,,,,Huara,,,Cobre,,Cobre,,184,,Tamarugal,,,Pórfidos,https://repositorio.sernageomin.cl/items/a8faf057-5764-4d2d-a6eb-5c9c152fbe50/full,,,Cobre,1
,,,,,11,ETR adsorbidos en arcillas,Carbonífero,,,,Supergénico,,MIN_05,Sernageomin_2025,Prospecto/Proyecto,,Módulo Penco,,,,-36.75599999999997,,,,,,Biobío,,,,,,,,,1,,,,,,66428.3,,,El Cabrito,185,,,,Actualizado,,,Prospect/Project,,,Rare Earths,,-72.96499999999997,,Módulo Penco,,Prospect/Project,,,,,,,,,,,Penco,,,Tierras raras,,Tierras raras,,185,,Concepción,,,ETR adsorbidos en arcillas,https://www.juniorminingnetwork.com/junior-miner-news/press-releases/3072-tsx/ara/132214-aclara-provides-an-update-on-the-mineral-resource-estimate-at-the-penco-module-project.html,,,Tierras raras,1
,,,,,5,Pórfido de Cu-Mo,Paleoceno-Eoceno,,,,Magmático-Hidrotermal,,MIN_01,Sernageomin_2025,Prospecto/Proyecto,,Mollacas,,,,-30.738999999999976,,,,,,Coquimbo,,,,,,,,,7,,,,,,,,,,186,,,,Sin información,,,Prospect/Project,,,Copper,,-70.66799999999995,,Mollacas,,Prospect/Project,,,,,,,,,,,Monte Patria,,,Cobre,,Cobre,,186,,Limarí,,,Pórfidos,,,,Cobre,1
,,,,,2,Campo de nitrato-yodo,Mioceno-Pleistoceno,,,,Sedimentario-Atmosférico,,"MIN_14, MIN_16",Sernageomin_2025,Mina en producción,,Negreiros,,,,-19.872999999999934,,,,,,Tarapacá,,,,,,,,,11,,,,,,,,,,187,Yodo,,,Actualizado,,,Mine (active),,,Nitrate,,-69.87299999999993,,Negreiros,,Active,,,,,,,,,,107399.2,Huara,,,Nitrato,,Nitrato-Yodo,,187,,Tamarugal,38574.54,,Campo de nitrato-yodo,https://www.sernageomin.cl/planes-de-cierre/,,,Nitrato-Yodo,2
,,,,,6,Pórfido de Cu-Mo,Mioceno-Plioceno,,,,Magmático-Hidrotermal,,MIN_01,Sernageomin_2025,Prospecto/Proyecto,,Novicio,,,,-32.54899999999998,,,,,,Valparaíso,,,,,,,,,10,,,,,,,,,,188,,,,Sin información,,,Prospect/Project,,,Copper,,-70.25299999999999,,Novicio,,Prospect/Project,,,,,,,,,,,San Esteban,,,Cobre,,Cobre,,188,,Los Andes,,,Pórfidos,,,,Cobre,1
,,,,,4,Pórfido de Cu-Mo,Eoceno-Oligoceno,,,,Magmático-Hidrotermal,,"MIN_01, MIN_03",Sernageomin_2025,Prospecto/Proyecto,,Nuevo Cobre,,,,-26.498999999999967,,,,,,Atacama,,,,,,,,,8,,,,,,,,,"Distrito Potrerillos, Agua de la Falda",189,Molibdeno,,,Sin información,,,Prospect/Project,,,Copper,,-69.36899999999997,,Nuevo Cobre,,Prospect/Project,,,,,,,,,,,Diego de Almagro,,,Cobre,,Cobre-Molibdeno,,189,,Chañaral,,,Pórfidos,,,,Cobre-Molibdeno,2
,,,,,3,Pórfido de Cu-Mo,Eoceno-Oligoceno,,,,Magmático-Hidrotermal,,MIN_01,Sernageomin_2025,Prospecto/Proyecto,,Opache,,,,-22.448999999999955,,,,,,Antofagasta,,,,,,,,,8,,,,,,,,,,190,,,,Sin información,,,Prospect/Project,,,Copper,,-68.97199999999998,,Opache,,Prospect/Project,,,,,,,,,,,Calama,,,Cobre,,Cobre,,190,,El Loa,,,Pórfidos,nan,,,Cobre,1
,,,,,2,Epitermal de sulfuración intermedia,Eoceno-Oligoceno,,,,Magmático-Hidrotermal,,"MIN_12, MIN_17, MIN_18",Sernageomin_2025,Prospecto/Proyecto,,Paguanta,,,,-19.77899999999994,369.6,,,,,Tarapacá,,,,,,,,,8,,,,,,,,,,191,Plata,,,Actualizado,Oro,,Prospect/Project,,,Zinc,,-69.06699999999995,,Paguanta,,Prospect/Project,,,,,,,,,,,Huara,,0.88,Cinc,,Cinc-Plata-Oro,,191,,Tamarugal,,162800.0,Epitermales,https://www.aspecthuntley.com.au/asxdata/20160728/pdf/01761306.pdf,,,Cinc-Plata-Oro,3
,,,,,5,Estratoligado,Cretácico Inferior,,,,Magmático-Hidrotermal,,"MIN_01, MIN_06",Sernageomin_2025,Mina paralizada,,Palmira,,,,-29.811999999999955,,,,,,Coquimbo,,,,,,,,,5,,,,,,,,,,192,Cobre,,,Sin información,,,Mine (idle),,,Manganese,,-70.94999999999999,,Palmira,,Idle,,,,,,,,,,,La Serena,,,Manganeso,,Manganeso-Cobre,,192,,Elqui,,,Estratoligado,,,,Manganeso-Cobre,2
,,,,,1,Estratoligado,Jurásico,,,,Magmático-Hidrotermal,,MIN_01,Sernageomin_2025,Mina en producción,,Pampa Camarones,,,,-18.92199999999997,,,,,,Arica y Parinacota,,,,,,,,,3,,,,,,,,,Salamanqueja,193,,,,Actualizado,,,Mine (active),,,Copper,,-70.23299999999995,,Pampa Camarones,,Active,,,,,86424.0,,,,,,Camarones,,,Cobre,,Cobre,,193,,Arica,,,Estratoligado,https://www.sonami.cl/v2/wp-content/uploads/2016/03/03.-Proyecto-Pampa-Camarones-XV-Region-Arica-y-Parinacota.pdf,,,Cobre,1
,,,,,3,Pórfido de Cu-Mo,Eoceno-Oligoceno,,,,Magmático-Hidrotermal,,"MIN_01, MIN_17",Sernageomin_2025,Prospecto/Proyecto,,Pampa Escondida,,,,-24.24599999999998,,,,,,Antofagasta,,,,,,,,,8,,,,,,,,,,194,Oro,,,Actualizado,,,Prospect/Project,,,Copper,,-69.03399999999993,,Pampa Escondida,,Prospect/Project,,,,,31464000.0,,,,,,Antofagasta,,410.4,Cobre,,Cobre-Oro,,194,,Antofagasta,,,Pórfidos,https://www.bhp.com/-/media/documents/investors/annual-reports/2024/240827_bhpannualreport2024.pdf,,,Cobre-Oro,2
,,,,,3,Epitermal de baja sulfuración,Paleoceno-Eoceno,,,,Magmático-Hidrotermal,,"MIN_17, MIN_18",Sernageomin_2025,Prospecto/Proyecto,,Pampa Paciencia,,,,-22.727999999999952,,,,,,Antofagasta,,,,,,,,,7,,,,,,,,,,195,Oro,,,Sin información,,,Prospect/Project,,,Silver,,-69.41299999999995,,Pampa Paciencia,,Prospect/Project,,,,,,,,,,,María Elena,,,Plata,,Plata-Oro,,195,,Tocopilla,,,Epitermales,,,,Plata-Oro,2
,,,,,4,Pórfido de Au,Mioceno,,,,Magmático-Hidrotermal,,MIN_17,Sernageomin_2025,Prospecto/Proyecto,,Pantanillo,,,,-27.482999999999947,,,,,,Atacama,,,,,,,,,9,,,,,,,,,,196,,,,Actualizado,,,Prospect/Project,,,Gold,,-69.07499999999999,,Pantanillo,,Prospect/Project,,,,,,,,,,,Tierra Amarilla,,32.75491,Oro,,Oro,,196,,Copiapó,,,Pórfidos,https://portalgeo.sernageomin.cl/Sigex/PANTANILLO_13_163/PantanilloNorteProperty_2010.pdf,,,Oro,1
,,,,,5,IOCG,Cretácico Inferior,,,,Magmático-Hidrotermal,,MIN_01,Sernageomin_2025,Mina en producción,,Panulcillo,,,,-30.460999999999956,,,,,,Coquimbo,,,,,,,,,5,,,,,,,,,Delta,197,,,,Actualizado,,,Mine (active),,,Copper,,-71.21899999999994,,Panulcillo,,Active,,,,,89505.38,,,,,,Ovalle,,,Cobre,,Cobre,,197,,Limarí,,,IOCG,https://www.comisionminera.cl/wp-content/uploads/2023/03/5-Plan-Cierre-Mina-Delta-VU-Panulcillo-Neira-Moreno-Enami.pdf,,,Cobre,1
,,,,,4,Epitermal de alta sulfuración,Mioceno,,,,Magmático-Hidrotermal,,"MIN_17, MIN_18",Sernageomin_2025,Prospecto/Proyecto,,Pascua Lama,,,,-29.32099999999997,3960.0,,,,,Atacama,,,,,,,,,9,,,,20990.0,,,,,,198,Plata,,,Actualizado,,,Prospect/Project,,,Gold,,-70.02699999999999,,Pascua Lama,,Prospect/Project,,,,,,,,478.0,,,Alto del Carmen,,231.0,Oro,,Oro-Plata,,198,,Huasco,,,Epitermales,https://www.sernageomin.cl/planes-de-cierre/,,,Oro-Plata,2
,,,,,3,Campo de nitrato-yodo,Mioceno-Pleistoceno,,15403000.0,,Sedimentario-Atmosférico,,"MIN_14, MIN_16",Sernageomin_2025,Mina paralizada,,Pedro de Valdivia,,,,-22.801999999999964,,,,,,Antofagasta,,13490000.0,,,,,,,11,,,SQM Químicos S.A. ,,,,,,,199,Yodo,,,Actualizado,,,Mine (idle),,,Nitrate,,-69.80199999999996,,Pedro de Valdivia,,Idle,,,,,,,,,,98990.0,María Elena,,,Nitrato,,Nitrato-Yodo,,199,,Tocopilla,92629.0,,Campo de nitrato-yodo,https://ir.sqm.com/system/files-encrypted/nasdaq_kms/assets/2025/04/08/1-00-07/MEMORIA%20SQM%202024_esp.pdf,"Sociedad Química y Minera de Chile S.A. (SQM), 100%",,Nitrato-Yodo,2
,,,,,3,Pórfido de Cu-Mo,Paleoceno-Eoceno,,,,Magmático-Hidrotermal,,"MIN_01, MIN_17",Sernageomin_2025,Prospecto/Proyecto,,Penacho Blanco,,,,-23.146999999999935,,,,,,Antofagasta,,,,,,,,,7,,,,,,,,,,200,Oro,,,Actualizado,,,Prospect/Project,,,Copper,,-69.16299999999995,,Penacho Blanco,,Prospect/Project,,,,,1902300.0,,,,,,Sierra Gorda,,27.06,Cobre,,Cobre-Oro,,200,,Antofagasta,,,Pórfidos,https://www.aminerals.cl/docs/default-source/archivo/reportes/annual-report-2024.pdf?sfvrsn=3a957ff4_4,,,Cobre-Oro,2
,,,,,14,Mesotermal,Mioceno,,,,Magmático-Hidrotermal,,MIN_17,Sernageomin_2025,Prospecto/Proyecto,,Pichicolo,,,,-41.98222199999998,,,,,,Los Lagos,,,,,,,,,9,,,,,,,,,,201,,,,Sin información,,,Prospect/Project,,,Gold,,-72.59194399999996,,Pichicolo,,Prospect/Project,,,,,,,,,,,Hualaihué,,,Oro,,Oro,,201,,Palena,,,Mesotermal,,,,Oro,1
,,,,,6,Pórfido de Cu-Mo,Mioceno-Plioceno,,,,Magmático-Hidrotermal,,"MIN_01, MIN_17",Sernageomin_2025,Prospecto/Proyecto,,Pimentón,,,,-32.48299999999995,,,,,,Valparaíso,,,,,,,,,10,,,,,,,,,,202,Oro,,,Histórico,,,Prospect/Project,,,Copper,,-70.20199999999994,,Pimentón,,Prospect/Project,,,,,1640000.0,,,,,,San Esteban,,20.0,Cobre,,Cobre-Oro,,202,,Los Andes,,,Pórfidos,http://www.andeangeology.cl/index.php/revista1/article/view/V48n1-3294,,,Cobre-Oro,2
,,,,,3,Pórfido de Cu-Mo,Eoceno-Oligoceno,,,,Magmático-Hidrotermal,,MIN_01,Sernageomin_2025,Prospecto/Proyecto,,Pinta Verde,,,,-24.22999999999996,,,,,,Antofagasta,,,,,,,,,8,,,,,,,,,,203,,,,Actualizado,,,Prospect/Project,,,Copper,,-69.08099999999996,,Pinta Verde,,Prospect/Project,,,,,1334800.0,,,,,,Antofagasta,,,Cobre,,Cobre,,203,,Antofagasta,,,Pórfidos,https://www.bhp.com/-/media/documents/investors/annual-reports/2024/240827_bhpannualreport2024.pdf,,,Cobre,1
,,,,,12,VMS,Jurásico-Cretácico,,,,Volcanogénico,,"MIN_01, MIN_12",Sernageomin_2025,Prospecto/Proyecto,,Pirén Alto,,,,-39.36599999999993,,,,,,La Araucanía,,,,,,,,,4,,,,,,,,,,204,Cinc,,,Sin información,,,Prospect/Project,,,Copper,,-73.08899999999994,,Pirén Alto,,Prospect/Project,,,,,,,,,,,Toltén,,,Cobre,,Cobre-Cinc,,204,,Cautín,,,VMS,,,,Cobre-Cinc,2
,,,,,4,IOCG,Cretácico Inferior,,,,Magmático-Hidrotermal,,"MIN_01, MIN_08",Sernageomin_2025,Prospecto/Proyecto,,Playa,,,,-26.789999999999964,,,,,,Atacama,,,,,,,,,5,,,,,,,,,,205,Cobalto,,,Sin información,,,Prospect/Project,,,Copper,,-70.37399999999997,,Playa,,Prospect/Project,,,,,,,,,,,Chañaral,,,Cobre,,Cobre-Cobalto,,205,,Chañaral,,,IOCG,,,,Cobre-Cobalto,2
,,,,,3,Pórfido de Cu-Mo,Eoceno-Oligoceno,,,,Magmático-Hidrotermal,,"MIN_01, MIN_03, MIN_04, MIN_17",Sernageomin_2025,Prospecto/Proyecto,,Polo Sur,,,,-23.299999999999955,,,,,96534.0,Antofagasta,,,,,,,,,8,,,,,,,,,,206,Molibdeno,,,Actualizado,Oro,,Prospect/Project,,,Copper,,-69.23299999999995,,Polo Sur,Renio,Prospect/Project,,,,,5681940.0,,,,,,Sierra Gorda,,80.445,Cobre,,Cobre-Molibdeno-Oro,,206,,Antofagasta,,,Pórfidos,https://www.aminerals.cl/docs/default-source/archivo/reportes/annual-report-2024.pdf?sfvrsn=3a957ff4_4,,,Cobre-Molibdeno-Oro,3
,,,,,6,Mesotermal,Cretácico Inferior,,,,Magmático-Hidrotermal,,MIN_17,Sernageomin_2025,Mina en producción,,Pullalli,,,,-32.422999999999945,,,,,,Valparaíso,,,,,,,,,5,,,,,,,,,,207,,,,Histórico,,,Mine (active),,,Gold,,-71.28899999999999,,Pullalli,,Active,,,,,,,,,,,La Ligua,,14.4,Oro,,Oro,,207,,Petorca,,,Mesotermal,http://www.andeangeology.cl/index.php/revista1/article/view/V48n1-3294,,,Oro,1
,,,,,9,Sedimentario de Ti,No asignado,,,,Sedimentario de placer,,MIN_07,Sernageomin_2025,Prospecto/Proyecto,,Putu,,,,-35.212999999999965,,,,,,Maule,,,,,,,,,99,,,,,,,,,,208,,,,Sin información,,,Prospect/Project,,,Titanium,,-72.30799999999994,,Putu,,Prospect/Project,,,,,,,,,,,Constitución,,,Titanio,,Titanio,,208,,Talca,,,Sedimentario de Ti,,,,Titanio,1
,,,,,2,Pórfido de Cu-Mo,Eoceno-Oligoceno,,,,Magmático-Hidrotermal,,"MIN_01, MIN_03, MIN_04, MIN_18",Sernageomin_2025,Mina en producción,,Quebrada Blanca,,288288.0,,-21.006999999999948,9031.66,,,,1361940.0,Tarapacá,,,,,,,,,8,,,Compañía Minera Quebrada Blanca ,1784.64,7138560.0,,,,Quebrada Blanca Fase II,209,Molibdeno,,,Actualizado,Plata,,Mine (active),,,Copper,,-68.81199999999995,,Quebrada Blanca,Renio,Active,,,,,29191760.0,,,,,,Pica,,,Cobre,,Cobre-Molibdeno-Plata,,209,,Tamarugal,,,Pórfidos,https://www.teck.com/media/AIF-2025.pdf,"Teck Cominco Ltd., 76.5%; Inversiones Mineras S.A., 13.5%; Empresa Nacional de Minería (ENAMI) (Government, 100%), 10%",,Cobre-Molibdeno-Plata,3
,,,,,2,Pórfido de Cu-Mo,Eoceno-Oligoceno,,,,Magmático-Hidrotermal,,"MIN_01, MIN_03",Sernageomin_2025,Prospecto/Proyecto,,Queen Elizabeth,,,,-19.874999999999943,,,,,,Tarapacá,,,,,,,,,8,,,,,,,,,,210,Molibdeno,,,Histórico,,,Prospect/Project,,,Copper,,-68.95899999999995,,Queen Elizabeth,,Prospect/Project,,,,,500000.0,,,,,,Pica,,,Cobre,,Cobre-Molibdeno,,210,,Tamarugal,,,Pórfidos,https://repositorio.sernageomin.cl/items/a8faf057-5764-4d2d-a6eb-5c9c152fbe50/full,,,Cobre-Molibdeno,2
,,,,,3,Pórfido de Cu-Mo,Eoceno-Oligoceno,,,,Magmático-Hidrotermal,,MIN_01,Sernageomin_2025,Prospecto/Proyecto,,Quetena,,,,-22.409999999999968,,,,,,Antofagasta,,,,,,,,,8,,,,,,,,,,211,,,,Sin información,,,Prospect/Project,,,Copper,,-68.95999999999998,,Quetena,,Prospect/Project,,,,,,,,,,,Calama,,,Cobre,,Cobre,,211,,El Loa,,,Pórfidos,,,,Cobre,1
,,,,,3,Pórfido de Cu-Mo,Eoceno-Oligoceno,,,,Magmático-Hidrotermal,,"MIN_01, MIN_03, MIN_04",Sernageomin_2025,Mina en producción,,Radomiro Tomic,,,,-22.226999999999975,,,,,,Antofagasta,,,,,,,,,8,,,Corporación Nacional del Cobre (CODELCO),,10304700.0,,,,RT,212,Molibdeno,,,Actualizado,Renio,,Mine (active),,,Copper,,-68.88299999999998,,Radomiro Tomic,,Active,,,,,32460000.0,,,,,,Calama,,,Cobre,,Cobre-Molibdeno-Renio,,212,,El Loa,,,Pórfidos,https://www.codelco.com/prontus_codelco/site/docs/20250329/20250329202724/codelco_memoria_anual_2024.pdf,"Government, 100%",,Cobre-Molibdeno-Renio,3
,,,,,16,VMS,Jurásico-Cretácico,,,,Volcanogénico,,"MIN_01, MIN_17, MIN_18",Sernageomin_2025,Prospecto/Proyecto,,Redhill,,,,-53.347999999999956,141.9,,,,,Magallanes y de la Antártica Chilena,,,,,,,,,4,,,,,,,,,Cutter Cove,213,Oro,,,Actualizado,Plata,,Prospect/Project,,,Copper,,-72.42799999999994,,Redhill,,Prospect/Project,,,,,73100.0,,,,,,Punta Arenas,,1.29,Cobre,,Cobre-Oro-Plata,,213,6353,Magallanes,,,VMS,https://cdn.prod.website-files.com/6405c53fe8bfaf72c92da2c0/65d7c288d6ed058a80c91426_2023%20Mineral%20Resources%20and%20Ore%20Reserves%20Estimates.pdf,,,Cobre-Oro-Plata,3
,,,,,4,Pórfido de Cu-Mo,Paleoceno-Eoceno,,,,Magmático-Hidrotermal,,"MIN_01, MIN_03, MIN_04, MIN_18",Sernageomin_2025,Prospecto/Proyecto,,Relincho,,248608.0,,-28.520999999999958,1816.71,,,,147774.0,Atacama,,,,,,,,,7,,,,2330.7,5438300.0,,,,"Nueva Unión (Relincho + La Fortuna), Porvenir",214,Molibdeno,,,Actualizado,Plata,,Prospect/Project,,,Copper,,-70.30999999999995,,Relincho,Renio,Prospect/Project,,,,,4418820.0,,,,,,Vallenar,,,Cobre,,Cobre-Molibdeno-Plata,,214,,Huasco,,,Pórfidos,https://www.teck.com/media/AIF-2025.pdf,,,Cobre-Molibdeno-Plata,3
,,,,,5,IOA,Cretácico Inferior,,,,Magmático-Hidrotermal,,MIN_15,Sernageomin_2025,Mina en producción,,Romeral,,,,-29.715832999999975,,,,,,Coquimbo,,,,,,,,,5,,,Compañía Minera del Pacífico S.A. (CMP),,,,,,Inc Acopios,215,,,176436000.0,Actualizado,,,Mine (active),,,Iron,,-71.24166699999995,,Romeral,,Active,,,,,,,,,,,La Serena,,,Hierro,25730000.0,Hierro,,215,M-3655,Elqui,,,IOA,https://www.cmp.cl/wp-content/uploads/2024/08/memoria-espanol28.08_compressed.pdf,"CAP S.A., 75%, and MC Inversiones Ltda., 25%",,Hierro,1
,,,,,8,Pórfido de Cu-Mo,Mioceno-Plioceno,,,,Magmático-Hidrotermal,,"MIN_01, MIN_03, MIN_04",Sernageomin_2025,Prospecto/Proyecto,,Rosario de Rengo,,,,-34.557999999999936,,,,,60930.0,Libertador General Bernardo O'Higgins,,,,,,,,,10,,,,,,,,,,216,Molibdeno,,,Histórico,,,Prospect/Project,,,Copper,,-70.50899999999996,,Rosario de Rengo,Renio,Prospect/Project,,,,,1898480.0,,,,,,Rengo,,,Cobre,,Cobre-Molibdeno,,216,,Cachapoal,,,Pórfidos,https://enernews.com/public/archivos/weE5IjYwn0La9dfDTaIr0YBVrlGzl4tGLYEztYLF.pdf,,,Cobre-Molibdeno,2
,,,,,4,Epitermal de alta sulfuración,Mioceno,,,,Magmático-Hidrotermal,,"MIN_17, MIN_18",Sernageomin_2025,Mina en producción,,Salares Norte,,,,-26.011999999999944,1519.67,,,,,Atacama,,,,,,,,,9,,,,1429.56,,,,,,217,Plata,,,Actualizado,,,Mine (active),,,Gold,,-68.89027999999996,,Salares Norte,,Active,,,,,,,,106.128,,,Diego de Almagro,,113.16,Oro,,Oro-Plata,,217,,Chañaral,,,Epitermales,https://www.goldfields.com/pdf/investors/integrated-annual-reports/2024/gold-fields-mrmr-2024-supplement.pdf,,,Oro-Plata,2
,,,,,4,Pórfido de Cu-Mo,Eoceno-Oligoceno,,,,Magmático-Hidrotermal,,"MIN_01, MIN_03, MIN_04",Sernageomin_2025,Mina en producción,,Salvador,,,,-26.24099999999993,,,,,,Atacama,,,,,,,,,8,,,Corporación Nacional del Cobre (CODELCO),,3748500.0,,,,,218,Molibdeno,,,Actualizado,Renio,,Mine (active),,,Copper,,-69.56999999999994,,Salvador,,Active,,,,,14695200.0,,,,,,Diego de Almagro,,,Cobre,,Cobre-Molibdeno-Renio,,218,,Chañaral,,,Pórfidos,https://www.codelco.com/prontus_codelco/site/docs/20250329/20250329202724/codelco_memoria_anual_2024.pdf,"Government, 100%",,Cobre-Molibdeno-Renio,3
,,,,,3,Epitermal de baja sulfuración,Paleoceno-Eoceno,,,,Magmático-Hidrotermal,,"MIN_17, MIN_18",Sernageomin_2025,Mina paralizada,,San Cristóbal,,,,-23.529999999999973,,,,,,Antofagasta,,,,,,,,,7,,,,,,,,,,219,Plata,,,Sin información,,,Mine (idle),,,Gold,,-69.57999999999998,,San Cristóbal,,Idle,,,,,,,,,,,Sierra Gorda,,,Oro,,Oro-Plata,,219,,Antofagasta,,,Epitermales,,,,Oro-Plata,2
,,,,,2,Campo de nitrato-yodo,Mioceno-Pleistoceno,,,,Sedimentario-Atmosférico,,"MIN_14, MIN_16",Sernageomin_2025,Mina paralizada,,San Lorenzo,,,,-20.519999999999982,,,,,,Tarapacá,,,,,,,,,11,,,,,,,,,,220,Yodo,,,Sin información,,,Mine (idle),,,Nitrate,,-69.95999999999998,,San Lorenzo,,Idle,,,,,,,,,,,Pozo Almonte,,,Nitrato,,Nitrato-Yodo,,220,,Tamarugal,,,Campo de nitrato-yodo,,,,Nitrato-Yodo,2
,,,,,4,IOCG,Cretácico Inferior,,,,Magmático-Hidrotermal,,"MIN_01, MIN_08",Sernageomin_2025,Prospecto/Proyecto,,San Pietro,,,,-26.474999999999966,,,,,,Atacama,,,,,,,,,5,,,,,,,,,,221,Cobalto,,,Sin información,,,Prospect/Project,,,Copper,,-70.10299999999995,,San Pietro,,Prospect/Project,,,,,,,,,,,Diego de Almagro,,,Cobre,,Cobre-Cobalto,,221,,Chañaral,,,IOCG,,,,Cobre-Cobalto,2
,,,,,7,Mesotermal,Cretácico Superior,,,,Magmático-Hidrotermal,,"MIN_01, MIN_08",Sernageomin_2025,Mina paralizada,,Santa Herminia,,,,-33.82099999999997,,,,,,Metropolitana de Santiago,,,,,,,,,6,,,,,,,,,Ingenio,222,Cobalto,,,Sin información,,,Mine (idle),,,Copper,,-70.20199999999994,,Santa Herminia,,Idle,,,,,,,,,,,San José de Maipo,,,Cobre,,Cobre-Cobalto,,222,,Cordillera,,,Mesotermal,,,,Cobre-Cobalto,2
,,,,,3,Campo de nitrato-yodo,Mioceno-Pleistoceno,,,,Sedimentario-Atmosférico,,"MIN_14, MIN_16",Sernageomin_2025,Mina paralizada,,Santa Luisa,,,,-25.22999999999996,,,,,,Antofagasta,,,,,,,,,11,,,,,,,,,,223,Yodo,,,Sin información,,,Mine (idle),,,Nitrate,,-70.12999999999994,,Santa Luisa,,Idle,,,,,,,,,,,Taltal,,,Nitrato,,Nitrato-Yodo,,223,,Antofagasta,,,Campo de nitrato-yodo,,,,Nitrato-Yodo,2
,,,,,2,Epitermal de baja sulfuración,Jurásico,,,,Magmático-Hidrotermal,,MIN_18,Sernageomin_2025,Mina paralizada,,Santa Rosa,,,,-20.28388899999993,24.0,,,,,Tarapacá,,,,,,,,,3,,,,,,,,,,224,,,,Histórico,,,Mine (idle),,,Silver,,-70.03499999999997,,Santa Rosa,,Idle,,,,,,,,,,,Alto Hospicio,,,Plata,,Plata,,224,,Iquique,,,Epitermales,https://catalogobiblioteca.sernageomin.cl/cgi-bin/koha/opac-detail.pl?biblionumber=271338,,,Plata,1
,,,,,4,IOCG,Cretácico Inferior,,,132195.0,Magmático-Hidrotermal,,"MIN_01, MIN_08, MIN_15, MIN_17",Sernageomin_2025,Prospecto/Proyecto,Cobalto,Santo Domingo,,,,-26.42599999999993,,,,,,Atacama,,,,,,,,,5,,,,,1176900.0,,,,,225,Oro,,149472000.0,Actualizado,Hierro,,Prospect/Project,,,Copper,,-70.01599999999996,,Santo Domingo,,Prospect/Project,,,,,1718400.0,,,15.692,,,Diego de Almagro,,22.56,Cobre,110628600.0,Cobre-Oro-Hierro-Cobalto,,225,,Chañaral,,,IOCG,https://minedocs.com/20/SantoDomingo_PEA_02192020.pdf,,,Cobre-Oro-Hierro-Cobalto,4
,,,,,3,Pórfido de Cu,Cretácico Inferior,,,,Magmático-Hidrotermal,,MIN_01,Sernageomin_2025,Prospecto/Proyecto,,Sierra,,,,-23.15199999999993,,,,,,Antofagasta,,,,,,,,,5,,,KGHM International Ltd.,,,,,,,226,,,,Actualizado,,,Prospect/Project,,,Copper,,-69.96999999999997,,Sierra,,Prospect/Project,,,,,367830.0,,,,,,Sierra Gorda,,,Cobre,,Cobre,,226,,Antofagasta,,,Pórfidos,https://www.aminerals.cl/docs/default-source/archivo/reportes/annual-report-2024.pdf?sfvrsn=3a957ff4_4,"KGHM International Ltd. (55%), Sumitomo Metal Mining (31.5%) and Sumitomo Corporation (13.5%)",,Cobre,1
,,,,,4,Skarn,Cretácico Inferior,,,,Magmático-Hidrotermal,,MIN_05,Sernageomin_2025,Prospecto/Proyecto,,Sierra Áspera,,,,-26.315999999999974,,,,,,Atacama,,,,,,,,,5,,,,,,,,,,227,,,,Sin información,,,Prospect/Project,,,Rare Earths,,-70.15399999999994,,Sierra Áspera,,Prospect/Project,,,,,,,,,,,Diego de Almagro,,,Tierras raras,,Tierras raras,,227,,Chañaral,,,Skarn,,,,Tierras raras,1
,,,,,3,IOCG,Jurásico,,,,Magmático-Hidrotermal,,MIN_01,Sernageomin_2025,Mina en producción,,Sierra Atacama,,,,-23.238999999999976,,,,,,Antofagasta,,,,,,,,,3,,,,,,,,,Sierra Miranda,228,,,,Histórico,,,Mine (active),,,Copper,,-70.11899999999997,,Sierra Atacama,,Active,,,,,367025.0,,,,,,Antofagasta,,,Cobre,,Cobre,,228,,Antofagasta,,,IOCG,https://repositorio.uchile.cl/handle/2250/114316?show=full,,,Cobre,1
,,,,,3,Pórfido de Cu-Mo,Paleoceno-Eoceno,,,,Magmático-Hidrotermal,,"MIN_01, MIN_03, MIN_04, MIN_17",Sernageomin_2025,Mina en producción,Renio,Sierra Gorda,,152830.0,,-22.84699999999998,,,,,297830.0,Antofagasta,,,,,,,,,7,,,KGHM International Ltd.,,2993700.0,,,,,229,Molibdeno,,,Actualizado,Oro,,Mine (active),,,Copper,,-69.33899999999994,,Sierra Gorda,,Active,,,,,6694800.0,,,46.41,,,Sierra Gorda,,111.75,Cobre,,Cobre-Molibdeno-Oro-Renio,,229,,Antofagasta,,,Pórfidos,https://www.south32.net/docs/default-source/exchange-releases/sierra-gorda---ore-reserve-and-mineral-resource-0x33239be9cf2a34d4.pdf?sfvrsn=6a85274d_0,"KGHM International Ltd. (55%), Sumitomo Metal Mining (31.5%) and Sumitomo Corporation (13.5%)",,Cobre-Molibdeno-Oro-Renio,4
,,,,,3,Pórfido de Cu-Mo,Eoceno-Oligoceno,,,,Magmático-Hidrotermal,,MIN_01,Sernageomin_2025,Prospecto/Proyecto,,Sierra Jardín,,,,-25.90599999999995,,,,,,Antofagasta,,,,,,,,,8,,,,,,,,,,230,,,,Histórico,,,Prospect/Project,,,Copper,,-69.48399999999998,,Sierra Jardín,,Prospect/Project,,,,,125000.0,,,,,,Taltal,,,Cobre,,Cobre,,230,,Antofagasta,,,Pórfidos,https://repositorio.sernageomin.cl/items/a8faf057-5764-4d2d-a6eb-5c9c152fbe50/full,,,Cobre,1
,,,,,2,Campo de nitrato-yodo,Mioceno-Pleistoceno,,,,Sedimentario-Atmosférico,,"MIN_14, MIN_16",Sernageomin_2025,Mina en producción,,Soledad,,,,-20.408999999999935,,,,,,Tarapacá,,,,,,,,,11,,,,,,,,,,231,Yodo,,,Actualizado,,,Mine (active),,,Nitrate,,-69.79299999999995,,Soledad,,Active,,,,,,,,,,82843.3,Pozo Almonte,,,Nitrato,,Nitrato-Yodo,,231,,Tamarugal,32904.0,,Campo de nitrato-yodo,https://www.sernageomin.cl/planes-de-cierre/,,,Nitrato-Yodo,2
,,,,,3,Pórfido de Cu-Mo,Paleoceno-Eoceno,,,,Magmático-Hidrotermal,,"MIN_01, MIN_03, MIN_04",Sernageomin_2025,Mina en producción,,Spence,,125320.0,,-22.785999999999945,,,,,290200.0,Antofagasta,,,,,,,,,7,,,Minera Spence S.A. ,,4781000.0,,,,,232,Molibdeno,,,Actualizado,,,Mine (active),,,Copper,,-69.24399999999997,,Spence,Renio,Active,,,,,10316800.0,,,,,,Sierra Gorda,,,Cobre,,Cobre-Molibdeno,,232,,Antofagasta,,,Pórfidos,https://www.bhp.com/-/media/documents/investors/annual-reports/2024/240827_bhpannualreport2024.pdf,"BHP Billiton plc, 100%",,Cobre-Molibdeno,2
,,,,,5,Estratoligado,Cretácico Inferior,,,,Magmático-Hidrotermal,,"MIN_01, MIN_06, MIN_18",Sernageomin_2025,Mina en producción,,Talcuna,,,,-29.888999999999953,406.0264,,,,,Coquimbo,,,,,,,,,5,,,,,,,,,Distrito Talcuna,233,Plata,,,Actualizado,,,Mine (active),,,Copper,,-70.88199999999995,,Talcuna,Manganeso,Active,,,,,228509.3,,,,,,Vicuña,,,Cobre,,Cobre-Plata,,233,,Elqui,,,Estratoligado,https://www.sernageomin.cl/planes-de-cierre/,,,Cobre-Plata,2
,,,,,5,Epitermal de alta sulfuración,Mioceno,,,,Magmático-Hidrotermal,,MIN_17,Sernageomin_2025,Mina paralizada,,Tambo,,,,-29.81666699999994,,,,,,Coquimbo,,,,,,,,,9,,,,,,,,,,234,,,,Sin información,,,Mine (idle),,,Gold,,-69.97499999999997,,Tambo,,Idle,,,,,,,,,,,Vicuña,,,Oro,,Oro,,234,,Elqui,,,Epitermales,,,,Oro,1
,,,,,1,Pórfido de Cu-Mo,Eoceno-Oligoceno,,,,Magmático-Hidrotermal,,"MIN_01, MIN_03",Sernageomin_2025,Prospecto/Proyecto,,Ticnamar,,,,-18.59299999999996,,,,,,Arica y Parinacota,,,,,,,,,8,,,,,,,,,,235,Molibdeno,,,Histórico,,,Prospect/Project,,,Copper,,-69.44999999999999,,Ticnamar,,Prospect/Project,,,,,1000.0,,,,,,Putre,,,Cobre,,Cobre-Molibdeno,,235,,Parinacota,,,Pórfidos,https://catalogobiblioteca.sernageomin.cl/cgi-bin/koha/opac-detail.pl?biblionumber=271338,,,Cobre-Molibdeno,2
,,,,,5,IOA,Cretácico Inferior,,,,Magmático-Hidrotermal,,MIN_15,Sernageomin_2025,Mina en producción,,Tofo,,,,-29.448999999999955,,,,,,Coquimbo,,,,,,,,,5,,,Compañía Minera del Pacífico S.A. (CMP),,,,,,Distrito Pleito,236,,,848745000.0,Actualizado,,,Mine (active),,,Iron,,-71.23569999999995,,Tofo,,Active,,,,,,,,,,,La Higuera,,,Hierro,234127000.0,Hierro,,236,M-521,Elqui,,,IOA,https://www.cmp.cl/wp-content/uploads/2024/08/memoria-espanol28.08_compressed.pdf,"CAP S.A., 75%, and MC Inversiones Ltda., 25%",,Hierro,1
,,,,,3,Pórfido de Cu-Mo,Eoceno-Oligoceno,,,,Magmático-Hidrotermal,,MIN_01,Sernageomin_2025,Prospecto/Proyecto,,Toki,,,,-22.41599999999994,,,,,,Antofagasta,,,,,,,,,8,,,,,,,,,,237,,,,Sin información,,,Prospect/Project,,,Copper,,-68.94799999999998,,Toki,,Prospect/Project,,,,,,,,,,,Calama,,,Cobre,,Cobre,,237,,El Loa,,,Pórfidos,nan,,,Cobre,1
,,,,,3,Pórfido de Cu,Cretácico Inferior,,,,Magmático-Hidrotermal,,MIN_01,Sernageomin_2025,Prospecto/Proyecto,,Tovaku,,,,-21.94599999999997,,,,,,Antofagasta,,,,,,,,,5,,,,,,,,,Puntillas-Galenosa,238,,,,Actualizado,,,Prospect/Project,,,Copper,,-69.78299999999996,,Tovaku,,Prospect/Project,,,,,1445900.0,,,,,,María Elena,,,Cobre,,Cobre,,238,,Tocopilla,,,Pórfidos,https://www.cmfchile.cl/sitio/aplic/serdoc/ver_sgd.php?s567=bc8b74dbff50cde53c13dc8dcd692dd5VFdwQmVVNVVRWHBOUkVsNlQwUkZlRTUzUFQwPQ==&secuencia=-1&t=1756324614,,,Cobre,1
,,,,,4,Pórfido de Cu-Mo,Mioceno,,,,Magmático-Hidrotermal,,"MIN_01, MIN_03, MIN_04, MIN_17, MIN_18",Sernageomin_2025,Prospecto/Proyecto,Molibdeno,Valeriano,,,,-29.113999999999976,1430.55,,,,90168.0,Atacama,,,,,,,,,9,,,,,,,,,,239,Oro,,,Actualizado,Plata,,Prospect/Project,,,Copper,,-69.87099999999998,,Valeriano,Renio,Prospect/Project,,,,,7080500.0,,,,,,Alto del Carmen,,303.45,Cobre,,Cobre-Oro-Plata-Molibdeno,,239,,Huasco,,,Pórfidos,https://www.atexresources.com/_resources/reports/SRK_ATEX_NI_43-101_Valeriano.pdf?v=121301,,,Cobre-Oro-Plata-Molibdeno,4
,,,,,14,Skarn,Jurásico-Cretácico,,,,Magmático-Hidrotermal,,MIN_12,Sernageomin_2025,Prospecto/Proyecto,,Valle Tigre Este,,,,-43.686999999999955,,,,,,Los Lagos,,,,,,,,,4,,,,,,,,,,240,,,,Sin información,,,Prospect/Project,,,Zinc,,-71.81699999999995,,Valle Tigre Este,,Prospect/Project,,,,,,,,,,,Palena,,,Cinc,,Cinc,,240,,Palena,,,Skarn,,,,Cinc,1
,,,,,3,Epitermal de baja sulfuración,Paleoceno-Eoceno,,,,Magmático-Hidrotermal,,"MIN_17, MIN_18",Sernageomin_2025,Mina paralizada,,Vaquillas,,,,-25.369999999999948,,,,,,Antofagasta,,,,,,,,,7,,,,,,,,,,241,Oro,,,Sin información,,,Mine (idle),,,Silver,,-69.30638899999997,,Vaquillas,,Idle,,,,,,,,,,,Taltal,,,Plata,,Plata-Oro,,241,,Antofagasta,,,Epitermales,,,,Plata-Oro,2
,,,,,6,Pórfido de Cu-Mo,Mioceno-Plioceno,,,,Magmático-Hidrotermal,,"MIN_01, MIN_03, MIN_04, MIN_18",Sernageomin_2025,Prospecto/Proyecto,,Vizcachitas,,165920.0,,-32.40599999999995,3263.6,,,,462520.0,Valparaíso,,,,,,,,,10,,,,1342.0,4392000.0,,,,,242,Molibdeno,,,Actualizado,Plata,,Prospect/Project,,,Copper,,-70.42499999999995,,Vizcachitas,Renio,Prospect/Project,,,,,12146390.0,,,,,,Putaendo,,,Cobre,,Cobre-Molibdeno-Plata,,242,,San Felipe de Aconcagua,,,Pórfidos,https://losandescopper.com/projects/reserve-resource-statement/,,,Cobre-Molibdeno-Plata,3
,,,,,4,Epitermal de alta sulfuración,Mioceno,,,,Magmático-Hidrotermal,,MIN_17,Sernageomin_2025,Prospecto/Proyecto,,Volcán,,,,-27.378999999999962,,,,,,Atacama,,,,,,,,,9,,,,,,,,,,243,,,,Actualizado,,,Prospect/Project,,,Gold,,-69.16399999999999,,Volcán,,Prospect/Project,,,,,,,,,,,Tierra Amarilla,,344.0,Oro,,Oro,,243,,Copiapó,,,Epitermales,https://minedocs.com/24/Volcan-PEA-03152023.pdf,,,Oro,1
,,,,,6,Pórfido de Cu-Mo,Mioceno-Plioceno,,,,Magmático-Hidrotermal,,"MIN_01, MIN_03, MIN_04",Sernageomin_2025,Prospecto/Proyecto,,West Wall,,,,-32.567999999999984,,,,,160020.0,Valparaíso,,,,,,,,,10,,,,,,,,,,244,Molibdeno,,,Actualizado,,,Prospect/Project,,,Copper,,-70.33299999999997,,West Wall,Renio,Prospect/Project,,,,,10075200.0,,,,,,San Esteban,,,Cobre,,Cobre-Molibdeno,,244,,Los Andes,,,Pórfidos,https://www.angloamerican.com/~/media/Files/A/Anglo-American-Group-v9/PLC/investors/annual-reporting/2024/anglo-american-ore-reserves-and-mineral-resources-report-2024.pdf,,,Cobre-Molibdeno,2
,,,,,16,VMS,Jurásico-Cretácico,,,,Volcanogénico,,"MIN_01, MIN_12",Sernageomin_2025,Prospecto/Proyecto,,Yendegaia,,,,-54.91699999999997,,,,,,Magallanes y de la Antártica Chilena,,,,,,,,,4,,,,,,,,,,245,Cinc,,,Sin información,,,Prospect/Project,,,Copper,,-68.96699999999998,,Yendegaia,,Prospect/Project,,,,,,,,,,,Cabo de Hornos,,,Cobre,,Cobre-Cinc,,245,,Antártica Chilena,,,VMS,,,,Cobre-Cinc,2
,,,,,3,Campo de nitrato-yodo,Mioceno-Pleistoceno,,,,Sedimentario-Atmosférico,,"MIN_14, MIN_16",Sernageomin_2025,Mina paralizada,,Yumbes,,,,-24.829999999999927,,,,,,Antofagasta,,,,,,,,,11,,,,,,,,,,246,Yodo,,,Sin información,,,Mine (idle),,,Nitrate,,-70.32999999999998,,Yumbes,,Idle,,,,,,,,,,,Taltal,,,Nitrato,,Nitrato-Yodo,,246,,Antofagasta,,,Campo de nitrato-yodo,,,,Nitrato-Yodo,2
,,,,,3,Pórfido de Cu-Mo,Eoceno-Oligoceno,,,,Magmático-Hidrotermal,,MIN_01,Sernageomin_2025,Mina en producción,,Zaldivar,,,,-24.20799999999997,,,,,,Antofagasta,,,,,,,,,8,,,,,1509300.0,,,,,247,,,,Actualizado,,,Mine (active),,,Copper,,-69.06699999999995,,Zaldivar,,Active,,,,,3487360.0,,,,,,Antofagasta,,,Cobre,,Cobre,,247,,Antofagasta,,,Pórfidos,https://www.aminerals.cl/docs/default-source/archivo/reportes/annual-report-2024.pdf?sfvrsn=3a957ff4_4,,,Cobre,1
,,,,,3,Campo de nitrato-yodo,Mioceno-Pleistoceno,,4590000.0,,Sedimentario-Atmosférico,,"MIN_14, MIN_16",Sernageomin_2025,Mina en producción,,Pampa Blanca,,,,-23.159,,,,,,Antofagasta,,47360000.0,,,,,,,11,,,SQM Químicos S.A. ,,,,,,,248,Yodo,,,Actualizado,,,Mine (active),,,Nitrate,,-69.637,,Pampa Blanca,,Active,,,,,,,,,,424664.0,Sierra Gorda,,,Nitrato,,Nitrato-Yodo,,248,,Antofagasta,33320.0,,Campo de nitrato-yodo,https://ir.sqm.com/system/files-encrypted/nasdaq_kms/assets/2025/04/08/1-00-07/MEMORIA%20SQM%202024_esp.pdf,"Sociedad Química y Minera de Chile S.A. (SQM), 100%",,Nitrato-Yodo,2
,,,,,2,Campo de nitrato-yodo,Mioceno-Pleistoceno,,49728000.0,,Sedimentario-Atmosférico,,"MIN_14, MIN_16",Sernageomin_2025,Mina en producción,,Nueva Victoria,,,,-20.951,,,,,,Tarapacá,,12101000.0,,,,,,,11,,,SQM Químicos S.A. ,,,,,,,249,Yodo,,,Actualizado,,,Mine (active),,,Nitrate,,-69.67,,Nueva Victoria,,Active,,,,,,,,,,78156.0,Pozo Almonte,,,Nitrato,,Nitrato-Yodo,,249,,Tarapaca,329448.0,,Campo de nitrato-yodo,https://ir.sqm.com/system/files-encrypted/nasdaq_kms/assets/2025/04/08/1-00-07/MEMORIA%20SQM%202024_esp.pdf,"Sociedad Química y Minera de Chile S.A. (SQM), 100%",,Nitrato-Yodo,2
,,,,,2,Campo de nitrato-yodo,Mioceno-Pleistoceno,,21321000.0,,Sedimentario-Atmosférico,,"MIN_14, MIN_16",Sernageomin_2025,Mina en producción,,Pampa Orcoma ,,,,-19.919,,,,,,Tarapacá,,1332000.0,,,,,,,11,,,,,,,,,,250,Yodo,,,Actualizado,,,Mine (active),,,Nitrate,,-69.95,,Pampa Orcoma ,,Active,,,,,,,,,,8226.0,Huara ,,,Nitrato,,Nitrato-Yodo,,250,,Tarapaca,127617.0,,Campo de nitrato-yodo,https://ir.sqm.com/system/files-encrypted/nasdaq_kms/assets/2025/04/08/1-00-07/MEMORIA%20SQM%202024_esp.pdf,,,Nitrato-Yodo,2
173000.0,,,,,4,Salar de Li-K-B±Cs-Sr,Pleistoceno,,,,Salmueras residuales,,"MIN_02, MIN_13, MIN_19",Sernageomin_2025,Prospecto/Proyecto,,Laguna Negro Francisco,,,,-27.46999999999997,,,,,,Atacama,,,,,,,,,13,,,,,,,,,Viento Andino,251,Potasio,,,Actualizado,Boro,,Prospect/Project,,,Lithium,,-69.21999999999997,,Laguna Negro Francisco,,Prospect/Project,,,,,,,,,,,Tierra Amarilla,,,Litio,,Litio-Potasio-Boro,,251,,Copiapó,,,Salar de Li-K-B±Cs-Sr,https://wp-ctlithium-rebuild-2022.s3.eu-west-2.amazonaws.com/media/2024/08/CTL-Company-Presentation-August-2024.pdf,,,Litio-Potasio-Boro,3
338000.0,,,,,4,Salar de Li-K-B±Cs-Sr,Pleistoceno,,,,Salmueras residuales,,"MIN_02, MIN_13, MIN_19",Sernageomin_2025,Prospecto/Proyecto,,Laguna Verde,,,,-26.869999999999948,,,,,,Atacama,,,,,,,,,13,,,,,,,,,,252,Potasio,,,Actualizado,Boro,,Prospect/Project,,,Lithium,,-68.47999999999996,,Laguna Verde,,Prospect/Project,,,,,,,,,,,Copiapó,,,Litio,,Litio-Potasio-Boro,,252,,Copiapó,,,Salar de Li-K-B±Cs-Sr,https://wp-ctlithium-rebuild-2022.s3.eu-west-2.amazonaws.com/media/2024/08/CTL-Company-Presentation-August-2024.pdf,,,Litio-Potasio-Boro,3
,,,,,3,Salar de Li-K-B±Cs-Sr,Pleistoceno,,,,Salmueras residuales,,MIN_13,Sernageomin_2025,Prospecto/Proyecto,,Salar Aguas Calientes Norte,,,,-23.119999999999948,,,,,,Antofagasta,,,,,,,,,13,,,,,,,,,,253,,,,Sin información,,,Prospect/Project,,,Boron,,-67.40999999999997,,Salar Aguas Calientes Norte,,Prospect/Project,,,,,,,,,,,San Pedro de Atacama,,,Boro,,Boro,,253,,El Loa,,,Salar de Li-K-B±Cs-Sr,,,,Boro,1
,,,,,3,Salar de Li-K-B±Cs-Sr,Pleistoceno,,,,Salmueras residuales,,MIN_13,Sernageomin_2025,Prospecto/Proyecto,,Salar Aguas Calientes Sur,,,,-24.989999999999952,,,,,,Antofagasta,,,,,,,,,13,,,,,,,,,,254,,,,Sin información,,,Prospect/Project,,,Boron,,-68.63999999999999,,Salar Aguas Calientes Sur,,Prospect/Project,,,,,,,,,,,Antofagasta,,,Boro,,Boro,,254,,Antofagasta,,,Salar de Li-K-B±Cs-Sr,,,,Boro,1
,,,,,3,Salar de Li-K-B±Cs-Sr,Pleistoceno,,,,Salmueras residuales,,MIN_13,Sernageomin_2025,Prospecto/Proyecto,,Salar Carcote,,,,-21.37999999999994,,,,,,Antofagasta,,,,,,,,,13,,,,,,,,,,255,,,,Sin información,,,Prospect/Project,,,Boron,,-68.37999999999994,,Salar Carcote,,Prospect/Project,,,,,,,,,,,Ollagüe,,,Boro,,Boro,,255,,El Loa,,,Salar de Li-K-B±Cs-Sr,,,,Boro,1
,,,,,1,Salar de Li-K-B±Cs-Sr,Pleistoceno,,,,Salmueras residuales,,MIN_13,Sernageomin_2025,Prospecto/Proyecto,,Salar Colpitas,,,,-17.95999999999998,,,,,,Arica y Parinacota,,,,,,,,,13,,,,,,,,,,256,,,,Sin información,,,Prospect/Project,,,Boron,,-69.41999999999996,,Salar Colpitas,,Prospect/Project,,,,,,,,,,,General Lagos,,,Boro,,Boro,,256,,Parinacota,,,Salar de Li-K-B±Cs-Sr,,,,Boro,1
,,,,,4,Salar de Li-K-B±Cs-Sr,Pleistoceno,,,,Salmueras residuales,,"MIN_02, MIN_13, MIN_19",Sernageomin_2025,Prospecto/Proyecto,,Salar de Aguilar,,,,-25.799999999999955,,,,,,Atacama,,,,,,,,,13,,,Química Industrial del Bórax Ltda. ,,,,,,,257,Potasio,,,Sin información,Boro,,Prospect/Project,,,Lithium,,-68.88999999999999,,Salar de Aguilar,,Prospect/Project,,,,,,,,,,,Diego de Almagro,,,Litio,,Litio-Potasio-Boro,,257,,Chañaral,,,Salar de Li-K-B±Cs-Sr,,"Private, Chile-based investors, 100%",,Litio-Potasio-Boro,3
,,,,,3,Salar de Li-K-B±Cs-Sr,Pleistoceno,,,,Salmueras residuales,,MIN_13,Sernageomin_2025,Prospecto/Proyecto,,Salar de Ascotan,,,,-21.549999999999955,,,,,,Antofagasta,,,,,,,,,13,,,Química Industrial del Bórax Ltda. ,,,,,,,258,,,,Sin información,,,Prospect/Project,,,Boron,,-68.27999999999997,,Salar de Ascotan,,Prospect/Project,,,,,,,,,,,Ollagüe,,,Boro,,Boro,,258,,El Loa,,,Salar de Li-K-B±Cs-Sr,,"Private, Chile-based investors, 100%",,Boro,1
13320030.0,,,,,3,Salar de Li-K-B±Cs-Sr,Pleistoceno,,,,Salmueras residuales,7414550.0,"MIN_02, MIN_13, MIN_19",Sernageomin_2025,Mina en producción,,Salar de Atacama,114112500.0,,,-23.46999999999997,,,,,,Antofagasta,,,,,,,,,13,,,Química Industrial del Bórax Ltda. ,,,,,,,259,Potasio,,,Actualizado,Boro,,Mine (active),,,Lithium,,-68.29999999999995,,Salar de Atacama,,Active,,,,1459660.0,,,,,,,San Pedro de Atacama,,,Litio,,Litio-Potasio-Boro,,259,,El Loa,,,Salar de Li-K-B±Cs-Sr,https://ir.sqm.com/system/files-encrypted/nasdaq_kms/assets/2025/04/08/1-00-07/MEMORIA%20SQM%202024_esp.pdf,"Private, Chile-based investors, 100%",,Litio-Potasio-Boro,3
,,,,,4,Salar de Li-K-B±Cs-Sr,Pleistoceno,,,,Salmueras residuales,,"MIN_02, MIN_13, MIN_19",Sernageomin_2025,Prospecto/Proyecto,,Salar de la Isla,,,,-25.749999999999943,,,,,,Atacama,,,,,,,,,13,,,Química Industrial del Bórax Ltda. ,,,,,,,260,Potasio,,,Sin información,Boro,,Prospect/Project,,,Lithium,,-68.62999999999994,,Salar de la Isla,,Prospect/Project,,,,,,,,,,,Diego de Almagro,,,Litio,,Litio-Potasio-Boro,,260,,Chañaral,,,Salar de Li-K-B±Cs-Sr,,"Private, Chile-based investors, 100%",,Litio-Potasio-Boro,3
,,,,,4,Salar de Li-K-B±Cs-Sr,Pleistoceno,,,,Salmueras residuales,,"MIN_02, MIN_13, MIN_19",Sernageomin_2025,Prospecto/Proyecto,,Salar de las Parinas,,,,-25.819999999999936,,,,,,Atacama,,,,,,,,,13,,,Química Industrial del Bórax Ltda. ,,,,,,,261,Potasio,,,Sin información,Boro,,Prospect/Project,,,Lithium,,-68.50999999999993,,Salar de las Parinas,,Prospect/Project,,,,,,,,,,,Diego de Almagro,,,Litio,,Litio-Potasio-Boro,,261,,Chañaral,,,Salar de Li-K-B±Cs-Sr,,"Private, Chile-based investors, 100%",,Litio-Potasio-Boro,3
360234.0,,,,,4,Salar de Li-K-B±Cs-Sr,Pleistoceno,,,,Salmueras residuales,,"MIN_02, MIN_13, MIN_19",Sernageomin_2025,Prospecto/Proyecto,,Salar de Maricunga,2620674.0,,,-26.92999999999995,,,,,,Atacama,,,,,,,,,13,,,Química Industrial del Bórax Ltda. ,,,,,,,262,Potasio,,,Actualizado,Boro,,Prospect/Project,,,Lithium,,-69.07999999999998,,Salar de Maricunga,,Prospect/Project,,,,89792.0,,,,,,,Copiapó,,,Litio,,Litio-Potasio-Boro,,262,,Copiapó,,,Salar de Li-K-B±Cs-Sr,https://lithiumpowerinternational.com/wp-content/uploads/2022/01/NI43-101_DFS2022_LR.pdf,"Private, Chile-based investors, 100%",,Litio-Potasio-Boro,3
,,,,,3,Salar de Li-K-B±Cs-Sr,Pleistoceno,,,,Salmueras residuales,,"MIN_02, MIN_13, MIN_19",Sernageomin_2025,Prospecto/Proyecto,,Salar de Pajonales,,,,-25.13999999999993,,,,,,Antofagasta,,,,,,,,,13,,,Química Industrial del Bórax Ltda. ,,,,,,,263,Potasio,,,Actualizado,Boro,,Prospect/Project,,,Lithium,,-68.81999999999994,,Salar de Pajonales,,Prospect/Project,,,,,,,,,,,Antofagasta,,,Litio,,Litio-Potasio-Boro,,263,,Antofagasta,,,Salar de Li-K-B±Cs-Sr,,"Private, Chile-based investors, 100%",,Litio-Potasio-Boro,3
,,,,,4,Salar de Li-K-B±Cs-Sr,Pleistoceno,,,,Salmueras residuales,,"MIN_02, MIN_13, MIN_19",Sernageomin_2025,Prospecto/Proyecto,,Salar de Pedernales,,,,-26.20999999999998,,,,,,Atacama,,,,,,,,,13,,,Química Industrial del Bórax Ltda. ,,,,,,,264,Potasio,,,Sin información,Boro,,Prospect/Project,,,Lithium,,-69.14999999999998,,Salar de Pedernales,,Prospect/Project,,,,,,,,,,,Diego de Almagro,,,Litio,,Litio-Potasio-Boro,,264,,Chañaral,,,Salar de Li-K-B±Cs-Sr,,"Private, Chile-based investors, 100%",,Litio-Potasio-Boro,3
,,,,,3,Salar de Li-K-B±Cs-Sr,Pleistoceno,,,,Salmueras residuales,,MIN_13,Sernageomin_2025,Prospecto/Proyecto,,Salar de Quisquiro,,,,-23.21999999999997,,,,,,Antofagasta,,,,,,,,,13,,,Química Industrial del Bórax Ltda. ,,,,,,,265,,,,Sin información,,,Prospect/Project,,,Boron,,-67.26999999999998,,Salar de Quisquiro,,Prospect/Project,,,,,,,,,,,San Pedro de Atacama,,,Boro,,Boro,,265,,El Loa,,,Salar de Li-K-B±Cs-Sr,,"Private, Chile-based investors, 100%",,Boro,1
,,,,,3,Salar de Li-K-B±Cs-Sr,Pleistoceno,,,,Salmueras residuales,,MIN_13,Sernageomin_2025,Prospecto/Proyecto,,Salar Punta Negra,,,,-24.529999999999973,,,,,,Antofagasta,,,,,,,,,13,,,,,,,,,,266,,,,Sin información,,,Prospect/Project,,,Boron,,-68.92999999999995,,Salar Punta Negra,,Prospect/Project,,,,,,,,,,,Antofagasta,,,Boro,,Boro,,266,,Antofagasta,,,Salar de Li-K-B±Cs-Sr,,,,Boro,1
,,,,,1,Salar de Li-K-B±Cs-Sr,Pleistoceno,,,,Salmueras residuales,,MIN_13,Sernageomin_2025,Prospecto/Proyecto,,Salar Surire,,,,-18.819999999999936,,,,,,Arica y Parinacota,,,,,,,,,13,1727154.0,,,,,,,,,267,,,,Actualizado,,,Prospect/Project,,,Boron,,-69.04999999999995,,Salar Surire,,Prospect/Project,,,,,,5451403.0,,,,,Putre,,,Boro,,Boro,,267,,Parinacota,,,Salar de Li-K-B±Cs-Sr,https://www.sernageomin.cl/planes-de-cierre/,,,Boro,1
,,Fuel,,,,,,e,,,,,,USGS_MINFAC_2017,,,,,,2015,-32.9286,,-32.9286,E,CL,,Valparaíso,10,,,"Government, 100%",Aconcagua refineries,,,,,,t42-gb,Empresa Nacional del Petróleo (ENAP),,,,***CL10-12,t42-gb,,,,"Aconcagua, Bio Bio, and Gregorio refineries",,,,Chile,Refinery,Empresa Nacional del Petróleo (ENAP),-71.4994,Petroleum,507,-71.4994,521,Aconcagua refineries,,Active,"90,000","90,000",Petroleum,,,,CL10,,Valparaíso,,,,,,,,Refinery products,,,,,,,,"Government, 100%",OR,Petroleum,1
,,Metal,,,,,,e,,,,,,USGS_MINFAC_2017,,,,,,2014,-21.9859,,-21.9859,E,CL,,Antofagasta,76,,,"Freeport-McMoRan Copper & Gold Inc., 51%, and Corporación Nacional del Cobre (CODELCO) (Government, 100%), 49%",Al Elbra SX-EW plant,,,,,,tmt,Sociedad Contractual Minera El Abra ,,,,***CL76-77,tmt,,,,"El Abra Mine and SX-EW plant, near Calama, Antofagasta (Region II)",,,,Chile,SX-EW Plant,Sociedad Contractual Minera El Abra ,-68.6886,Copper,508,-68.6886,"601, 1599",Al Elbra SX-EW plant,,Active,225,225,Copper,,,,CL76,,Antofagasta,,,,,,,,Copper,,,,,,,,"Freeport-McMoRan Copper & Gold Inc., 51%, and Corporación Nacional del Cobre (CODELCO) (Government, 100%), 49%",P,Copper,1
,,Metal,,,,,,e,,,,,,USGS_MINFAC_2017,,,,,,2014,-23.8247,,-23.8247,E,CL,,Antofagasta,13,,Y,Glencore Copper Chile S.A. ,Altonorte smelter,,,,,,tmt,Glencore Copper Chile S.A. ,,,,,tmt,,,,"Altonorte smelter, La Negra, Antofagasta (Region II)",,,,Chile,Smelter,Glencore Copper Chile S.A. ,-70.3178,Copper,509,-70.3178,524,Altonorte smelter,,Active,300,300,Copper,,,,CL13,,Antofagasta,,,,,,,,Anodes and blister (Cu content),,,,,,,,Glencore Copper Chile S.A. ,P,Copper,1
,,Industrial,,,,,,e,,,,,,USGS_MINFAC_2017,,,,,,2014,-23.8247,,-23.8247,E,CL,,Antofagasta,13,,Y,Glencore Copper Chile S.A. ,Altonorte smelter,,,,,,tmt,Glencore Copper Chile S.A. ,,,,,tmt,,,,"Altonorte smelter, La Negra, Antofagasta (Region II)",,,,Chile,Smelter,Glencore Copper Chile S.A. ,-70.3178,Sulfuric Acid,510,-70.3178,525,Altonorte smelter,,Active,900,900,Sulfuric acid,,,,CL13,,Antofagasta,,,,,,,,Sulfuric acid,,,,,,,,Glencore Copper Chile S.A. ,P,Sulfuric acid,1
,,Metal,,,,,,,,,,,,USGS_MINFAC_2017,,,,,,2014,-22.6298,,-22.6298,E,CL,,Antofagasta,320,,Y,"Antofagasta plc, 70%, Marubeni Corp., 30%",Antucoya SX-EW plant,,,,,,,Antofagasta plc,,,,,,,,,Antucoya Mine and SX-EW plant,,,,Chile,SX-EW Plant,Antofagasta plc,-69.8832,Copper,515,-69.8832,2000,Antucoya SX-EW plant,,Active,,,Copper,,,,CL320,,Antofagasta,,,,,,,,Copper,,,,,,,,"Antofagasta plc, 70%, Marubeni Corp., 30%",P,Copper,1
,,Industrial,,,,,,e,,,,,,USGS_MINFAC_2017,,,,,,2014,-27.0923,,-27.0923,E,CL,,Coquimbo,208,,,"TEHMCORP S.A., 100%",Bahia Inglesa plant at Caldera,,,,,,tmt,Compañía Minera de Fosfatos Naturales Ltda. (Bifox Ltda.),,,,***CL208-209,tmt,,,,"Mines at and around Bahia Inglesa; Osorno plant near Bahia Inglesa, Atacama (Region III); and Bahia Inglesa plant at Caldera, Coquimbo (Region IV)",,,,Chile,Processing Plant,Compañía Minera de Fosfatos Naturales Ltda. (Bifox Ltda.),-70.799,Phosphate,516,-70.799,774,Bahia Inglesa plant at Caldera,,Active,45,45,Phosphatic materials,,,,CL208,,Coquimbo,,,,,,,,Phosphorite,,,,,,,,"TEHMCORP S.A., 100%",P,Phosphatic materials,1
,,Fuel,,,,,,e,,,,,,USGS_MINFAC_2017,,,,,,2015,-36.7789,,-36.7789,E,CL,,Biobío,11,,,"Government, 100%",Bio Bio refineries,,,,,,t42-gb,Empresa Nacional del Petróleo (ENAP),,,,***CL10-12,t42-gb,,,,"Aconcagua, Bio Bio, and Gregorio refineries",,,,Chile,Refinery,Empresa Nacional del Petróleo (ENAP),-73.1205,Petroleum,519,-73.1205,522,Bio Bio refineries,,Active,"90,000","90,000",Petroleum,,,,CL11,,Biobío,,,,,,,,Refinery products,,,,,,,,"Government, 100%",OR,Petroleum,1
,,Metal,,,,,,,,,,,,USGS_MINFAC_2017,,,,,,2014,-27.5734,,-27.5734,E,CL,,Atacama,330,,,Sociedad Punta del Cobre S.A (Pucobre) (100%),Biocobre refinery,,,,,,,Sociedad Punta del Cobre S.A (Pucobre),,,,,,,,,Biocobre refinery,,,,Chile,Refinery,Sociedad Punta del Cobre S.A (Pucobre),-70.2484,Copper,520,-70.2484,2000,Biocobre refinery,,Active,,,Copper,,,,CL330,,Atacama,,,,,,,,Copper,,,,,,,,Sociedad Punta del Cobre S.A (Pucobre) (100%),P,Copper,1
,,Industrial,,,,,,e,,,,,,USGS_MINFAC_2017,,,,,,2014,-18.4414,,-18.4414,E,CL,,Arica y Parinacota,311,,,"Private, Chile-based investors, 100%",Boric acid and agrochemical plants,,,,,,tmt,Química Industrial del Bórax Ltda. ,,,,***CL311-312,tmt,,,,"Ulexite mine at Salar del Surire, and boric acid and agrochemical plants near Arica, Arica y Parinacota (Region XV)",,,,Chile,Processing Plant,Química Industrial del Bórax Ltda. ,-69.879,Boron,521,-69.879,888,Boric acid and agrochemical plants,,Active,550,550,Boron,,,,CL311,,Arica y Parinacota,,,,,,,,Boron compounds (B2O3 content),,,,,,,,"Private, Chile-based investors, 100%",P,Boron,1
,,Industrial,,,,,,e,,,,,,USGS_MINFAC_2017,,,,,,2014,-23.6427,,-23.6427,E,CL,,Antofagasta,195,,,"Sociedad Química y Minera de Chile S.A. (SQM), 100%",Boric acid plant at Antofagasta,,,,,,tmt,S.Q.M. Salar S.A. ,,,,***CL195-196,tmt,,,,"Mine brines of Atacama Salar, and boric acid plant at Antofagasta, Region II",,,,Chile,Processing Plant,S.Q.M. Salar S.A. ,-70.2567,Boron,522,-70.2567,754,Boric acid plant at Antofagasta,,Active,200,200,Boron,,,,CL195,,Antofagasta,,,,,,,,Boron compounds (B2O3 content),,,,,,,,"Sociedad Química y Minera de Chile S.A. (SQM), 100%",P,Boron,1
,,Industrial,,,,,,e,,,,,,USGS_MINFAC_2017,,,,,,2014,-34.1046,,-34.1046,E,CL,,Libertador General Bernardo O'Higgins,25,,,"Government, 100%",Caletones plant,,,,,,tmt,Corporación Nacional del Cobre (CODELCO),,,,,tmt,,,,"Caletones plant, Libertador General Bernardo O'Higgins (Region VI)",,,,Chile,Processing Plant,Corporación Nacional del Cobre (CODELCO),-70.4505,Sulfuric Acid,523,-70.4505,"540, 1854",Caletones plant,,Active,"1,000","1,000",Sulfuric acid,,,,CL25,,Libertador General Bernardo O'Higgins,,,,,,,,Sulfuric acid,,,,,,,,"Government, 100%",P,Sulfuric acid,1
,,Metal,,,,,,e,,,,,,USGS_MINFAC_2017,,,,,,2014,-34.1046,,-34.1046,E,CL,,Libertador General Bernardo O'Higgins,94,,,"Government, 100%","Caletones smelter (anodes). refinery (fire-refined ingots), and SX-EW plant",,,,,,tmt,Corporación Nacional del Cobre (CODELCO),,,,***CL94-95,tmt,,,,"El Teniente Division and Mine, and Caletones smelter (anodes) and refinery (fire-refined ingots), Libertador General Bernardo O'Higgins (Region VI)",,,,Chile,Smelter,Corporación Nacional del Cobre (CODELCO),-70.4505,Copper,524,-70.4505,"620, 1855","Caletones smelter (anodes). refinery (fire-refined ingots), and SX-EW plant",,Active,430,430,Copper,,,,CL94,,Libertador General Bernardo O'Higgins,,,,,,,,Copper,,,,,,,,"Government, 100%",P,Copper,1
,,Metal,,,,,,,,,,,,USGS_MINFAC_2017,,,,,,2014,-22.9275,,-22.9275,E,CL,,Antofagasta,31,,,"Antofagasta plc, 70%, and Marubeni Corp., 30%",Centinela oxide and sulfide plant,,,,,,tmt,Antofagasta plc,,,,,tmt,,,,"Centinela oxide and sulfide mines and plant, Antofagasta (Region II)",,,,Chile,Processing Plant,Antofagasta plc,-69.0965,Copper,533,-69.0965,"548, 1627",Centinela oxide and sulfide plant,,Active,300,300,Copper,,,,CL31,,Antofagasta,,,,,,,,Copper,,,,,,,,"Antofagasta plc, 70%, and Marubeni Corp., 30%",P,Copper,1
,,Metal,,,,,,e,,,,,,USGS_MINFAC_2017,,,,,,2014,-46.5463,,-46.5463,E,CL,,Aysén,32,,,"Mandalay Resources Corp., 100%",Cerro Bayo concentration plant,,,,,,kg,Compañía Minera Cerro Bayo Ltda. ,,,,***CL32-33,kg,,,,"Cerro Bayo Mine and concentration plant, Aysén (Region XI)",,,,Chile,Concentrator,Compañía Minera Cerro Bayo Ltda. ,-71.9995,Gold,534,-71.9995,549,Cerro Bayo concentration plant,,Active,950,950,Gold,,,,CL32,,Aysén,,,,,,,,Gold,,,,,,,,"Mandalay Resources Corp., 100%",P,Gold,1
,,Industrial,,,,,,,,,,,,USGS_MINFAC_2017,,,,,,2014,-33.1505,,-33.1505,E,CL,,Santiago,35,,,"Holcim Ltd., 54.3%; Compañía de Consumidores de Gas de Santiago, 40.9%; other, 4.8%)",Cerro Blanco plant,,,,,,,Cemento Polpaico S.A. ,,,,,,,,,"Cerro Blanco plant, Santiago Metropolitan Region",,,,Chile,Processing Plant,Cemento Polpaico S.A. ,-70.8318,Cement,537,-70.8318,553,Cerro Blanco plant,,Active,"1,600","1,600",Cement,,,,CL35,,Santiago,,,,,,,,Cement,,,,,,,,"Holcim Ltd., 54.3%; Compañía de Consumidores de Gas de Santiago, 40.9%; other, 4.8%)",P,Cement,1
,,Metal,,,,,,e,,,,,,USGS_MINFAC_2017,,,,,,2014,-20.0624,,-20.0624,E,CL,,Tarapacá,39,,,"BHP Billiton plc, 100%",Cerro Colorado SX-EW plant,,,,,,tmt,Compañía Minera Cerro Colorado ,,,,***CL38-39,tmt,,,,"Cerro Colorado Mine and SX-EW plant, Tarapacá (Region I)",,,,Chile,SX-EW Plant,Compañía Minera Cerro Colorado ,-69.2663,Copper,539,-69.2663,"557, 1636",Cerro Colorado SX-EW plant,,Active,120,120,Copper,,,,CL39,,Tarapacá,,,,,,,,Copper,,,,,,,,"BHP Billiton plc, 100%",P,Copper,1
,,Industrial,,,,,,e,,,,,,USGS_MINFAC_2017,,,,,,2014,-32.804,,-32.804,E,CL,,Valparaíso,41,,,"Anglo American plc, 50.1%, Mitsubishi Corp., 20.4%, Corporación Nacional del Cobre, 20%, and Mitsui & Co., Ltd., 9.5% ",Chagres smelter,,,,,,tmt,Anglo American Sur S.A. ,,,,,tmt,,,,"Chagres smelter, Valparaíso (Region V)",,,,Chile,Smelter,Anglo American Sur S.A. ,-70.9561,Sulfuric Acid,541,-70.9561,560,Chagres smelter,,Active,500,500,Sulfuric acid,,,,CL41,,Valparaíso,,,,,,,,Sulfuric acid,,,,,,,,"Anglo American plc, 50.1%, Mitsubishi Corp., 20.4%, Corporación Nacional del Cobre, 20%, and Mitsui & Co., Ltd., 9.5% ",P,Sulfuric acid,1
,,Metal,,,,,,,,,,,,USGS_MINFAC_2017,,,,,,2014,-32.8047,,-32.8047,E,CL,,Valparaíso,40,,,"Government, 100%",Chagres smelter (anodes and blister),,,,,,tmt,Empresa Nacional de Minería (ENAMI),,,,,tmt,,,,"Chagres smelter (anodes and blister), Valparaíso (Region V)",,,,Chile,Smelter,Empresa Nacional de Minería (ENAMI),-70.9554,Copper,542,-70.9554,558,Chagres smelter (anodes and blister),,Active,175,175,Copper,,,,CL40,,Valparaíso,,,,,,,,Anodes and blister (Cu content),,,,,,,,"Government, 100%",P,Copper,1
,,Industrial,,Y,,,,e,,,,,,USGS_MINFAC_2017,,,,,,2014,-23.7593,,-23.7593,E,CL,,Antofagasta,44,,,"Rockwood Holdings Inc., 100%",Chemetall Foote plant,,,,,,mt,Rockwood Lithium Ltda. ,,,,,mt,,,,"Chemetall Foote plant at La Negra, near Antofagasta City, Antofagasta (Region II)",,,,Chile,Processing Plant,Rockwood Lithium Ltda. ,-70.3112,Lithium,543,-70.3112,563,Chemetall Foote plant,,Active,"26,000","26,000",Lithium,,,,CL44,,Antofagasta,,,,,,,,Lithium carbonate,,,,,,,,"Rockwood Holdings Inc., 100%",B,Lithium,1
,,Industrial,,Y,,,,e,,,,,,USGS_MINFAC_2017,,,,,,2014,-23.7593,,-23.7593,E,CL,,Antofagasta,44,,,"Rockwood Holdings Inc., 100%",Chemetall Foote plant,,,,,,mt,Rockwood Lithium Ltda. ,,,,,mt,,,,"Chemetall Foote plant at La Negra, near Antofagasta City, Antofagasta (Region II)",,,,Chile,Processing Plant,Rockwood Lithium Ltda. ,-70.3112,Lithium,544,-70.3112,564,Chemetall Foote plant,,Active,"6,000","6,000",Lithium,,,,CL44,,Antofagasta,,,,,,,,Lithium chloride,,,,,,,,"Rockwood Holdings Inc., 100%",B,Lithium,1
,,Industrial,,Y,,,,e,,,,,,USGS_MINFAC_2017,,,,,,2014,-23.7593,,-23.7593,E,CL,,Antofagasta,44,,,"Rockwood Holdings Inc., 100%",Chemetall Foote plant,,,,,,mt,Rockwood Lithium Ltda. ,,,,,mt,,,,"Chemetall Foote plant at La Negra, near Antofagasta City, Antofagasta (Region II)",,,,Chile,Processing Plant,Rockwood Lithium Ltda. ,-70.3112,Lithium,545,-70.3112,565,Chemetall Foote plant,,Active,"6,000","6,000",Lithium,,,,CL44,,Antofagasta,,,,,,,,Lithium hydroxide,,,,,,,,"Rockwood Holdings Inc., 100%",B,Lithium,1
,,Industrial,,,,,,e,,,,,,USGS_MINFAC_2017,,,,,,2014,-23.7593,,-23.7593,E,CL,,Antofagasta,42,,,"Rockwood Holdings Inc., 100%",Chemetall Foote plant at La Negra,,,,,,tmt,Rockwood Lithium Ltda. ,,,,***CL42-43,tmt,,,,"Chemetall Foote plant at La Negra, Antofagasta (Region II); and Salar de Atacama, Atacama (Region III)",,,,Chile,Processing Plant,Rockwood Lithium Ltda. ,-70.3112,Potash,546,-70.3112,561,Chemetall Foote plant at La Negra,,Active,50,50,Potash,,,,CL42,,Antofagasta,,,,,,,,Potash (KCl and K2SO4) [K2O content],,,,,,,,"Rockwood Holdings Inc., 100%",P,Potash,1
,,Metal,,,,,,e,,,,,,USGS_MINFAC_2017,,,,,,2014,-22.3013,,-22.3013,E,CL,,Antofagasta,247,,,"Codelco Technologies Ltd., 100%",Chuquicamata Division,,,,,,tmt,EcoMetales Ltd. ,,,,,tmt,,,,"Plant to remove the arsenic and antimony contained in smelting residues from the Chuquicamata Division, Antofagasta (Region II)",,,,Chile,Processing Plant,EcoMetales Ltd. ,-68.8404,Arsenic,548,-68.8404,820,Chuquicamata Division,,Active,10,10,Arsenic,,,,CL247,,Antofagasta,,,,,,,,Arsenic (stabilized as nonhazardous waste),,,,,,,,"Codelco Technologies Ltd., 100%",P,Arsenic,1
,,Metal,,,,,,e,,,,,,USGS_MINFAC_2017,,,,,,2014,-22.3013,,-22.3013,E,CL,,Antofagasta,246,,,"Codelco Technologies Ltd., 100%",Chuquicamata Mine (plant to acid-leach fine copper),,,,,,tmt,EcoMetales Ltd. ,,,,,tmt,,,,"Plant to acid-leach fine copper at Chuquicamata Mine, produced by the Antofagasta (Region II) (from residual material Chuquicamata and El Teniente Divisions)",,,,Chile,Processing Plant,EcoMetales Ltd. ,-68.8404,Copper,552,-68.8404,819,Chuquicamata Mine (plant to acid-leach fine copper),,Active,25,25,Copper,,,,CL246,,Antofagasta,,,,,,,,Copper,,,,,,,,"Codelco Technologies Ltd., 100%",P,Copper,1
,,Industrial,,,,,,e,,,,,,USGS_MINFAC_2017,,,,,,2014,-22.3137,,-22.3137,E,CL,,Antofagasta,51,,,"Government, 100%",Chuquicamata plant,,,,,,tmt,Corporación Nacional del Cobre (CODELCO),,,,,tmt,,,,"Chuquicamata plant, Antofagasta (Region II)",,,,Chile,Processing Plant,Corporación Nacional del Cobre (CODELCO),-68.8895,Sulfuric Acid,554,-68.8895,572,Chuquicamata plant,,Active,500,500,Sulfuric acid,,,,CL51,,Antofagasta,,,,,,,,Sulfuric acid,,,,,,,,"Government, 100%",P,Sulfuric acid,1
,,Metal,,,,,,e,,,,,,USGS_MINFAC_2017,,,,,,2014,-22.3137,,-22.3137,E,CL,,Antofagasta,49,,,"Government, 100%",Chuquicamata SX-EW plant (oxide) and smelter,,,,,,tmt,Corporación Nacional del Cobre (CODELCO),,,,***CL48-50,tmt,,,,"Chuquicamata Division, including Chuquicamata and Mina Sur Mines; Chuquicamata SX-EW plant (oxide), smelter, and refinery (oxide and sulfide), Antofagasta (Region II)",,,,Chile,Smelter,Corporación Nacional del Cobre (CODELCO),-68.8895,Copper,555,-68.8895,570,Chuquicamata SX-EW plant (oxide) and smelter,,Active,450,450,Copper,,,,CL49,,Antofagasta,,,,,,,,Copper,,,,,,,,"Government, 100%",P,Copper,1
,,Metal,,,,,,,,,,,,USGS_MINFAC_2017,,,,,,2014,-20.9761,,-20.9761,E,CL,,Tarapacá,56,,Y,"Anglo American plc, 44%; Glencore plc, 44%; companies led by Mitsui & Co. Ltd., 12%",Collahuasi plants,,,,,,,Compañía Minera Doña Inés de Collahuasi SCM ,,,,,,,,,"Collahuasi Mine and plants, Tarapacá (Region I)",,,,Chile,Processing Plant,Compañía Minera Doña Inés de Collahuasi SCM ,-68.6272,Gold,561,-68.6272,578,Collahuasi plants,,Active,,,Gold,,,,CL56,,Tarapacá,,,,,,,,Gold,,,,,,,,"Anglo American plc, 44%; Glencore plc, 44%; companies led by Mitsui & Co. Ltd., 12%",P,Gold,1
,,Metal,,,,,,,,,,,,USGS_MINFAC_2017,,,,,,2014,-20.9761,,-20.9761,E,CL,,Tarapacá,56,,Y,"Anglo American plc, 44%; Glencore plc, 44%; companies led by Mitsui & Co. Ltd., 12%",Collahuasi plants,,,,,,kg,Compañía Minera Doña Inés de Collahuasi SCM ,,,,***CL55-56,kg,,,,"Collahuasi Mine and plants, Tarapacá (Region I)",,,,Chile,Processing Plant,Compañía Minera Doña Inés de Collahuasi SCM ,-68.6272,Silver,562,-68.6272,579,Collahuasi plants,,Active,"60,000","60,000",Silver,,,,CL56,,Tarapacá,,,,,,,,Silver,,,,,,,,"Anglo American plc, 44%; Glencore plc, 44%; companies led by Mitsui & Co. Ltd., 12%",P,Silver,1
,,Metal,,,,,,e,,,,,,USGS_MINFAC_2017,,,,,,2014,-20.9779,,-20.9779,E,CL,,Tarapacá,58,,,"Anglo American plc, 44%; Glencore plc, 44%; companies led by Mitsui & Co. Ltd., 12%",Collahuasi SX-EW plant,,,,,,tmt,Compañía Minera Doña Inés de Collahuasi SCM ,,,,***CL57-58,tmt,,,,"Collahuasi open pit mine, concentration plant, and SX-EW plant, at Ujina, Tarapacá (Region I)",,,,Chile,SX-EW Plant,Compañía Minera Doña Inés de Collahuasi SCM ,-68.6315,Copper,563,-68.6315,582,Collahuasi SX-EW plant,,Active,400,400,Copper,,,,CL58,,Tarapacá,,,,,,,,Copper,,,,,,,,"Anglo American plc, 44%; Glencore plc, 44%; companies led by Mitsui & Co. Ltd., 12%",P,Copper,1
,,Metal,,,,,,e,,,,,,USGS_MINFAC_2017,,,,,,2014,-46.5463,,-46.5463,E,CL,,Aysén,34,,,"Mandalay Resources Corp., 100%",Concentration plant,,,,,,kg,Compañía Minera Cerro Bayo Ltda. ,,,,***CL33-34,kg,,,,"Cerro Bayo Mine and concentration plant, Aysén (Region XI)",,,,Chile,Concentrator,Compañía Minera Cerro Bayo Ltda. ,-71.9995,Silver,564,-71.9995,552,Concentration plant,,Active,"110,000","110,000",Silver,,,,CL34,,Aysén,,,,,,,,Silver,,,,,,,,"Mandalay Resources Corp., 100%",P,Silver,1
,,Industrial,,,,,,,,,,,,USGS_MINFAC_2017,,,,,,2014,-36.9783,,-36.9783,E,CL,,Biobío,36,,,"Holcim Ltd., 54.3%; Compañía de Consumidores de Gas de Santiago, 40.9%; other, 4.8%)",Coronel grinding plant,,,,,,,Cemento Polpaico S.A. ,,,,,,,,,"Coronel plant, Biobío (Region VIII)",,,,Chile,Grinding Plant,Cemento Polpaico S.A. ,-73.1745,Cement,565,-73.1745,554,Coronel grinding plant,,Active,800,800,Cement,,,,CL36,,Biobío,,,,,,,,Cement,,,,,,,,"Holcim Ltd., 54.3%; Compañía de Consumidores de Gas de Santiago, 40.9%; other, 4.8%)",P,Cement,1
,,Industrial,,Y,,,,e,,,,,,USGS_MINFAC_2017,,,,,,2013,-22.3962,,-22.3962,E,CL,,Antofagasta,100,,,"Sociedad Química y Minera de Chile S.A. (SQM), 100%",Coya Sur plant,,,,,,tmt,SQM Nitratos S.A. ,,,,***CL100-104,tmt,,,,"El Toco Mine and Maria Elena plant; Pampa Blanca and Pedro de Valdivia Mines and plants; and Coya Sur plant, Antofagasta (Region II)",,,,Chile,Processing Plant,SQM Nitratos S.A. ,-69.6207,Nitrate,566,-69.6207,626,Coya Sur plant,,Active,950,950,Nitrates,,,,CL100,,Antofagasta,,,,,,,,Potassium nitrate,,,,,,,,"Sociedad Química y Minera de Chile S.A. (SQM), 100%",P,Nitrates,1
,,Industrial,,Y,,,,e,,,,,,USGS_MINFAC_2017,,,,,,2013,-22.3962,,-22.3962,E,CL,,Antofagasta,100,,,"Sociedad Química y Minera de Chile S.A. (SQM), 100%",Coya Sur plant,,,,,,tmt,SQM Nitratos S.A. ,,,,***CL100-104,tmt,,,,"El Toco Mine and Maria Elena plant; Pampa Blanca and Pedro de Valdivia Mines and plants; and Coya Sur plant, Antofagasta (Region II)",,,,Chile,Processing Plant,SQM Nitratos S.A. ,-69.6207,Nitrate,567,-69.6207,627,Coya Sur plant,,Active,770,770,Nitrates,,,,CL100,,Antofagasta,,,,,,,,Sodium nitrate,,,,,,,,"Sociedad Química y Minera de Chile S.A. (SQM), 100%",P,Nitrates,1
,,Industrial,,,,,,e,,,,,,USGS_MINFAC_2017,,,,,,2014,-22.3962,,-22.3962,E,CL,,Antofagasta,221,,,"Sociedad Química y Minera de Chile S.A. (SQM), 100%",Coya Sur plant,,,,,,mt,SQM Químicos S.A. ,,,,***CL221-223,mt,,,,"Nueva Victoria Mine, Tarapacá (Region I), and Maria Elena Mine and Coya Sur plant, Antofagasta (Region II)",,,,Chile,Processing Plant,SQM Químicos S.A. ,-69.6207,Sodium Sulfate,568,-69.6207,788,Coya Sur plant,,Active,"80,000","80,000",Sodium sulfate,,,,CL221,,Antofagasta,,,,,,,,Sodium sulfate,,,,,,,,"Sociedad Química y Minera de Chile S.A. (SQM), 100%",P,Sodium sulfate,1
,,Metal,,,,,,e,,,,,,USGS_MINFAC_2017,,,,,,2014,-45.0341,,-45.0341,E,CL,,Aysén,107,,Y,"Nyrstar NV, 100%",Doña Rosa concentration plant,,,,,,kg,Sociedad Contractual Minera El Toqui Ltda. ,,,,***CL107-108,kg,,,,"El Toqui Mine and Doña Rosa concentration plant, Aysén (Region XI), 120 kilometers north of Coyhaique",,,,Chile,Concentrator,Sociedad Contractual Minera El Toqui Ltda. ,-71.9341,Gold,572,-71.9341,638,Doña Rosa concentration plant,,Active,"1,600","1,600",Gold,,,,CL107,,Aysén,,,,,,,,Gold,,,,,,,,"Nyrstar NV, 100%",P,Gold,1
,,Metal,,,,,,e,,,,,,USGS_MINFAC_2017,,,,,,2014,-45.0341,,-45.0341,E,CL,,Aysén,107,,Y,"Nyrstar NV, 100%",Doña Rosa concentration plant,,,,,,mt,Sociedad Contractual Minera El Toqui Ltda. ,,,,***CL107-108,mt,,,,"El Toqui Mine and Doña Rosa concentration plant, Aysén (Region XI), 120 kilometers north of Coyhaique",,,,Chile,Concentrator,Sociedad Contractual Minera El Toqui Ltda. ,-71.9341,Lead,573,-71.9341,639,Doña Rosa concentration plant,,Active,"3,000","3,000",Lead,,,,CL107,,Aysén,,,,,,,,Lead (mine output),,,,,,,,"Nyrstar NV, 100%",P,Lead,1
,,Metal,,,,,,e,,,,,,USGS_MINFAC_2017,,,,,,2014,-45.0341,,-45.0341,E,CL,,Aysén,107,,Y,"Nyrstar NV, 100%",Doña Rosa concentration plant,,,,,,kg,Sociedad Contractual Minera El Toqui Ltda. ,,,,***CL107-107,kg,,,,"El Toqui Mine and Doña Rosa concentration plant, Aysén (Region XI), 120 kilometers north of Coyhaique",,,,Chile,Concentrator,Sociedad Contractual Minera El Toqui Ltda. ,-71.9341,Silver,574,-71.9341,640,Doña Rosa concentration plant,,Active,"11,000","11,000",Silver,,,,CL107,,Aysén,,,,,,,,Silver,,,,,,,,"Nyrstar NV, 100%",P,Silver,1
,,Metal,,,,,,e,,,,,,USGS_MINFAC_2017,,,,,,2014,-45.0341,,-45.0341,E,CL,,Aysén,107,,Y,"Nyrstar NV, 100%",Doña Rosa concentration plant,,,,,,mt,Sociedad Contractual Minera El Toqui Ltda. ,,,,***CL105-106,mt,,,,"El Toqui Mine and Doña Rosa concentration Aysén (Region XI), 120 kilometers north of Coyhaique",,,,Chile,Concentrator,Sociedad Contractual Minera El Toqui Ltda. ,-71.9341,Zinc,575,-71.9341,636,Doña Rosa concentration plant,,Active,"35,000","35,000",Zinc,,,,CL107,,Aysén,,,,,,,,Concentrate,,,,,,,,"Nyrstar NV, 100%",P,Zinc,1
,,Metal,,,,,,,,,,,,USGS_MINFAC_2017,,,,,,2014,-28.9869,,-28.9869,E,CL,,Atacama,321,,Y,CEMIN,Dos Amigos SX-EW plant,,,,,,,CEMIN,,,,,,,,,Dos Amigos Mine and SX-EW plant,,,,Chile,SX-EW Plant,CEMIN,-70.8859,Copper,577,-70.8859,2000,Dos Amigos SX-EW plant,,Active,,,Copper,,,,CL321,,Atacama,,,,,,,,Copper,,,,,,,,CEMIN,P,Copper,1
,,Industrial,,,,,,e,,,,,,USGS_MINFAC_2017,,,,,,2014,-23.6351,,-23.6351,E,CL,,Antofagasta,5,,,"Sociedad Química y Minera de Chile S.A. (SQM), 100%",Dual-use plant at Salar del Carmen,,,,,,tmt,SQM Salar S.A. ,,,,***CL5-6,tmt,,,,"A dual-use plant and three KCl plants at Salar del Carmen, near the city of Antofagasta, Antofagasta (Region II)",,,,Chile,Processing Plant,SQM Salar S.A. ,-70.2595,Potash,578,-70.2595,513,Dual-use plant at Salar del Carmen,,Active,"2,600","2,600",Potash,,,,CL5,,Antofagasta,,,,,,,,Potash (KCl and K2SO4) [K2O content],,,,,,,,"Sociedad Química y Minera de Chile S.A. (SQM), 100%",P,Potash,1
,,Metal,,,,,,e,,,,,,USGS_MINFAC_2017,,,,,,2014,-28.8028,,-28.8028,E,CL,,Atacama,64,,,"CAP S.A., 75%, and MC Inversiones Ltda., 25%",El Algarrobito concentration plant,,,,,,tmt,Compañía Minera del Pacífico S.A. (CMP),,,,***CL63-74,tmt,,,,"Cristales and El Algarrobo Mines, El Algarrobito and Huasco concentration plants, Huasco pellets plant, and Los Colorados Mine and concentration plant, Atacama (Region III); El Romeral and El Tofo Mines, and El Romeral concentration and pellet-feed plants, Coquimbo (Region IV); and El Laco concentration plant, Antofagasta (Region II)",,,,Chile,Concentrator,Compañía Minera del Pacífico S.A. (CMP),-70.9839,Iron,580,-70.9839,588,El Algarrobito concentration plant,,Active,"1,300","1,300",Iron and steel,,,,CL64,,Atacama,,,,,,,,Iron ore (Fe content),,,,,,,,"CAP S.A., 75%, and MC Inversiones Ltda., 25%",P,Iron and steel,1
,,Metal,,,,,,e,,,,,,USGS_MINFAC_2017,,,,,,2014,-23.8435,,-23.8435,E,CL,,Antofagasta,66,,,"CAP S.A., 75%, and MC Inversiones Ltda., 25%",El Laco concentration plant,,,,,,tmt,Compañía Minera del Pacífico S.A. (CMP),,,,***CL63-74,tmt,,,,"Cristales and El Algarrobo Mines, El Algarrobito and Huasco concentration plants, Huasco pellets plant, and Los Colorados Mine and concentration plant, Atacama (Region III); El Romeral and El Tofo Mines, and El Romeral concentration and pellet-feed plants, Coquimbo (Region IV); and El Laco concentration plant, Antofagasta (Region II)",,,,Chile,Concentrator,Compañía Minera del Pacífico S.A. (CMP),-67.4856,Iron,584,-67.4856,590,El Laco concentration plant,,Active,"1,300","1,300",Iron and steel,,,,CL66,,Antofagasta,,,,,,,,Iron ore (Fe content),,,,,,,,"CAP S.A., 75%, and MC Inversiones Ltda., 25%",P,Iron and steel,1
,,Metal,,,,,,e,,,,,,USGS_MINFAC_2017,,,,,,2014,-24.4116,,-24.4116,E,CL,,Antofagasta,81,,,"Yamana Gold Inc., 100%",El Peñón concentration plant,,,,,,kg,Minera Meridian Ltda. ,,,,***CL81-82,kg,,,,"El Peñón Mine and concentration plant, Antofagasta (Region II)",,,,Chile,Concentrator,Minera Meridian Ltda. ,-69.4969,Gold,585,-69.4969,605,El Peñón concentration plant,,Active,"10,500","10,500",Gold,,,,CL81,,Antofagasta,,,,,,,,Gold,,,,,,,,"Yamana Gold Inc., 100%",P,Gold,1
,,Metal,,,,,,e,,,,,,USGS_MINFAC_2017,,,,,,2014,-24.4116,,-24.4116,E,CL,,Antofagasta,81,,,"Yamana Gold Inc., 100%",El Peñón concentration plant,,,,,,kg,Minera Meridian Ltds. ,,,,***CL81-82,kg,,,,"El Peñón Mine and concentration plant, Antofagasta (Region II)",,,,Chile,Concentrator,Minera Meridian Ltds. ,-69.4969,Silver,586,-69.4969,606,El Peñón concentration plant,,Active,"300,000","300,000",Silver,,,,CL81,,Antofagasta,,,,,,,,Silver,,,,,,,,"Yamana Gold Inc., 100%",P,Silver,1
,,Metal,,,,,,e,,,,,,USGS_MINFAC_2017,,,,,,2014,-29.7282,,-29.7282,E,CL,,Coquimbo,67,,,"CAP S.A., 75%, and MC Inversiones Ltda., 25%",El Romeral concentration plant,,,,,,tmt,Compañía Minera del Pacífico S.A. (CMP),,,,***CL63-74,tmt,,,,"Cristales and El Algarrobo Mines, El Algarrobito and Huasco concentration plants, Huasco pellets plant, and Los Colorados Mine and concentration plant, Atacama (Region III); El Romeral and El Tofo Mines, and El Romeral concentration and pellet-feed plants, Coquimbo (Region IV); and El Laco concentration plant, Antofagasta (Region II)",,,,Chile,Concentrator,Compañía Minera del Pacífico S.A. (CMP),-71.2317,Iron,590,-71.2317,591,El Romeral concentration plant,,Active,"1,300","1,300",Iron and steel,,,,CL67,,Coquimbo,,,,,,,,Iron ore (Fe content),,,,,,,,"CAP S.A., 75%, and MC Inversiones Ltda., 25%",P,Iron and steel,1
,,Metal,,,,,,e,,,,,,USGS_MINFAC_2017,,,,,,2014,-29.7308,,-29.7308,E,CL,,Coquimbo,69,,,"CAP S.A., 75%, and MC Inversiones Ltda., 25%",El Romeral pellet-feed plant,,,,,,tmt,Compañía Minera del Pacífico S.A. (CMP),,,,***CL63-74,tmt,,,,"Cristales and El Algarrobo Mines, El Algarrobito and Huasco concentration plants, Huasco pellets plant, and Los Colorados Mine and concentration plant, Atacama (Region III); El Romeral and El Tofo Mines, and El Romeral concentration and pellet-feed plants, Coquimbo (Region IV); and El Laco concentration plant, Antofagasta (Region II)",,,,Chile,Pellet Plant,Compañía Minera del Pacífico S.A. (CMP),-71.2325,Iron,592,-71.2325,"593, 1653",El Romeral pellet-feed plant,,Active,"1,300","1,300",Iron and steel,,,,CL69,,Coquimbo,,,,,,,,Iron ore (Fe content),,,,,,,,"CAP S.A., 75%, and MC Inversiones Ltda., 25%",P,Iron and steel,1
,,Industrial,,,,,,e,,,,,,USGS_MINFAC_2017,,,,,,2014,-33.0866,,-33.0866,E,CL,,Santiago,211,,,Minera San Pedro Ltda.,El Rulo plant at Til-Til,,,,,,tmt,Minera San Pedro Ltda.,,,,,tmt,,,,"Natacha Mine and El Rulo plant at Til-Til, Santiago Metropolitan Region",,,,Chile,Processing Plant,Minera San Pedro Ltda.,-71.0125,Silica,594,-71.0125,777,El Rulo plant at Til-Til,,Active,30,30,Silica,,,,CL211,,Santiago,,,,,,,,Silica (quartz),,,,,,,,Minera San Pedro Ltda.,P,Silica,1
,,Metal,,,,,,e,,,,,,USGS_MINFAC_2017,,,,,,2014,-32.6593,,-32.6593,E,CL,,Valparaíso,93,,,"Anglo American plc, 50.1%, Mitsubishi Corp., 20.4%, Corporación Nacional del Cobre, 20%, and Mitsui & Co., Ltd., 9.5% ",El Soldado SX-EW plant,,,,,,tmt,Anglo American Sur S.A. ,,,,***CL92-93,tmt,,,,El Soldado Mine (cathode and concentrates) and SX-EW plant Valparaíso (Region V),,,,Chile,SX-EW Plant,Anglo American Sur S.A. ,-71.1448,Copper,598,-71.1448,619,El Soldado SX-EW plant,,Active,50,50,Copper,,,,CL93,,Valparaíso,,,,,,,,Copper,,,,,,,,"Anglo American plc, 50.1%, Mitsubishi Corp., 20.4%, Corporación Nacional del Cobre, 20%, and Mitsui & Co., Ltd., 9.5% ",P,Copper,1
,,Metal,,,,,,e,,,,,,USGS_MINFAC_2017,,,,,,2014,-34.0886,,-34.0886,E,CL,,Libertador General Bernardo O'Higgins,97,,,"Government, 100%",El Teniente plant,,,,,,mt,Corporación Nacional del Cobre (CODELCO),,,,***CL96-97,mt,,,,"El Teniente Mine and plant, Libertador General Bernardo O'Higgins (Region VI)",,,,Chile,Processing Plant,Corporación Nacional del Cobre (CODELCO),-70.4555,Molybdenum,603,-70.4555,623,El Teniente plant,,Active,"6,500","6,500",Molybdenum,,,,CL97,,Libertador General Bernardo O'Higgins,,,,,,,,Molybdenum (mine output),,,,,,,,"Government, 100%",P,Molybdenum,1
,,Metal,,,,,,e,,,,,,USGS_MINFAC_2017,,,,,,2014,-22.9277,,-22.9277,E,CL,,Antofagasta,99,,,"Antofagasta plc, 70%, and Marubeni Corp., 30%",El Tesoro SX-EW plant,,,,,,tmt,Minera El Tesoro S.A. ,,,,***CL98-99,tmt,,,,"El Tesoro open pit mine and SX-EW plant, Antofagasta (Region II)",,,,Chile,SX-EW Plant,Minera El Tesoro S.A. ,-69.0976,Copper,605,-69.0976,"625, 1623",El Tesoro SX-EW plant,,Active,110,110,Copper,,,,CL99,,Antofagasta,,,,,,,,Copper,,,,,,,,"Antofagasta plc, 70%, and Marubeni Corp., 30%",P,Copper,1
,,Metal,,,,,,e,,,,,,USGS_MINFAC_2017,,,,,,2014,-24.2628,,-24.2628,E,CL,,Antofagasta,112,,Y,"Minera Escondida Ltda., 100%",Escondida concentrator,,,,,,tmt,Minera Escondida Ltda.,,,,***CL112-115,tmt,,,,"Escondida Mine and concentrators, Antofagasta (Region II)",,,,Chile,Concentrator,Minera Escondida Ltda.,-69.0581,Copper,616,-69.0581,"650, 1640",Escondida concentrator,,Active,"1,300","1,300",Copper,,,,CL112,,Antofagasta,,,,,,,,Copper,,,,,,,,"Minera Escondida Ltda., 100%",P,Copper,1
,,Metal,,,,,,e,,,,,,USGS_MINFAC_2017,,,,,,2014,-24.2628,,-24.2628,E,CL,,Antofagasta,112,,Y,"Minera Escondida Ltda., 100%",Escondida concentrator,,,,,,kg,Minera Escondida Ltda.,,,,***CL112-113,kg,,,,"Escondida Mine and concentrators, Antofagasta (Region II)",,,,Chile,Concentrator,Minera Escondida Ltda.,-69.0581,Gold,617,-69.0581,2001,Escondida concentrator,,Active,"4,500","4,500",Gold,,,,CL112,,Antofagasta,,,,,,,,Gold,,,,,,,,"Minera Escondida Ltda., 100%",P,Gold,1
,,Metal,,,,,,e,,,,,,USGS_MINFAC_2017,,,,,,2014,-24.2628,,-24.2628,E,CL,,Antofagasta,112,,Y,"Minera Escondida Ltda., 100%",Escondida concentrator,,,,,,kg,Minera Escondida Ltda.,,,,***CL112-113,kg,,,,"Escondida Mine and concentrators, Antofagasta (Region II)",,,,Chile,Concentrator,Minera Escondida Ltda.,-69.0581,Silver,618,-69.0581,2001,Escondida concentrator,,Active,"180,000","180,000",Silver,,,,CL112,,Antofagasta,,,,,,,,Silver,,,,,,,,"Minera Escondida Ltda., 100%",P,Silver,1
,,Metal,,,,,,e,,,,,,USGS_MINFAC_2017,,,,,,2014,-24.2536,,-24.2536,E,CL,,Antofagasta,114,,,"BHP Billiton plc, 57.5%; Rio Tinto plc, 30%; Japan Escondida Corp., 10%; International Finance Corp., 2.5%",Escondida oxide plant for cathode production (SX-EW),,,,,,tmt,Minera Escondida Ltda. ,,,,***CL112-115,tmt,,,,"Escondida Mine and concentrators, Antofagasta (Region II)",,,,Chile,SX-EW Plant,Minera Escondida Ltda. ,-69.1008,Copper,622,-69.1008,2001,Escondida oxide plant for cathode production (SX-EW),,Active,"1,300","1,300",Copper,,,,CL114,,Antofagasta,,,,,,,,Copper,,,,,,,,"BHP Billiton plc, 57.5%; Rio Tinto plc, 30%; Japan Escondida Corp., 10%; International Finance Corp., 2.5%",P,Copper,1
,,Metal,,,,,,e,,,,,,USGS_MINFAC_2017,,,,,,2014,-24.2601,,-24.2601,E,CL,,Antofagasta,115,,,"BHP Billiton plc, 57.5%; Rio Tinto plc, 30%; Japan Escondida Corp., 10%; International Finance Corp., 2.5%",Escondida sulfide-leach plant for cathode production,,,,,,tmt,Minera Escondida Ltda. ,,,,***CL112-115,tmt,,,,"Escondida Mine and concentrators, Antofagasta (Region II)",,,,Chile,Processing Plant,Minera Escondida Ltda. ,-68.9925,Copper,623,-68.9925,2001,Escondida sulfide-leach plant for cathode production,,Active,"1,300","1,300",Copper,,,,CL115,,Antofagasta,,,,,,,,Copper,,,,,,,,"BHP Billiton plc, 57.5%; Rio Tinto plc, 30%; Japan Escondida Corp., 10%; International Finance Corp., 2.5%",P,Copper,1
,,Metal,,,,,,e,,,,,,USGS_MINFAC_2017,,,,,,2014,-22.9998,,-22.9998,E,CL,,Antofagasta,116,,,"Antofagasta plc, 70%, and Marubeni Corp., 30%",Esperanza milling/flotation plant,,,,,,kg,Minera Esperanza S.A. ,,,,***CL116-117,kg,,,,"Esperanza sulfides mine and milling/flotation plant, Antofagasta (Region II)",,,,Chile,Concentrator,Minera Esperanza S.A. ,-69.1036,Gold,624,-69.1036,"655, 1624",Esperanza milling/flotation plant,,Active,"8,000","8,000",Gold,,,,CL116,,Antofagasta,,,,,,,,Gold,,,,,,,,"Antofagasta plc, 70%, and Marubeni Corp., 30%",P,Gold,1
,,Metal,,,,,,e,,,,,,USGS_MINFAC_2017,,,,,,2014,-34.2383,,-34.2383,E,CL,,Libertador General Bernardo O'Higgins,119,,,"Amerigo Resources Ltd., 100%",Facilities near Rancagua,,,,,,tmt,Minera Valle Central S.A. ,,,,,tmt,,,,"Facilities near Rancagua, Libertador General Bernardo O'Higgins (Region VI), to process tailings of the Collahuasi and El Teniente Mines",,,,Chile,Processing Plant,Minera Valle Central S.A. ,-70.685,Copper,628,-70.685,"658, 1738",Facilities near Rancagua,,Active,30,30,Copper,,,,CL119,,Libertador General Bernardo O'Higgins,,,,,,,,Copper,,,,,,,,"Amerigo Resources Ltd., 100%",P,Copper,1
,,Metal,,,,,,,,,,,,USGS_MINFAC_2017,,,,,,2015,-25.8334,,-25.8334,E,CL,,Antofagasta,324,,,"KGHM International Ltd., 100%",Franke SX-EW Plant,,,,,,,Sociedad Contractual Minera Franke ,,,,,,,,,64 km north of Diego de Almagro,,,,Chile,SX-EW Plant,Sociedad Contractual Minera Franke ,-69.8639,Copper,630,-69.8639,2000,Franke SX-EW Plant,,Active,,,Copper,,,,CL324,,Antofagasta,,,,,,,,Cathode,,,,,,,,"KGHM International Ltd., 100%",P,Copper,1
,,Metal,,,,,,e,,,,,,USGS_MINFAC_2017,,,,,,2014,-23.4173,,-23.4173,E,CL,,Antofagasta,121,,,"Corporación Nacional del Cobre (CODELCO) (Government, 100%), 100%",Gabriela Mistral SX-EW plant,,,,,,tmt,Minera Gaby S.A. ,,,,***CL120-121,tmt,,,,"Gabriela Mistral Mine and SX-EW plant, Sierra Gorda, Antofagasta (Region II)",,,,Chile,SX-EW Plant,Minera Gaby S.A. ,-68.7838,Copper,632,-68.7838,660,Gabriela Mistral SX-EW plant,,Active,170,170,Copper,,,,CL121,,Antofagasta,,,,,,,,Copper,,,,,,,,"Corporación Nacional del Cobre (CODELCO) (Government, 100%), 100%",P,Copper,1
,,Industrial,,,,,,e,,,,,,USGS_MINFAC_2017,,,,,,2014,-37.4167,,-37.4167,E,CL,,Biobío,164,,,Vidrios Lirquén S.A.,Glass plant at Lirquen,,,,,,tmt,Vidrios Lirquén S.A.,,,,***CL164-165,tmt,,,,"Mine and glass plant at Lirquen, Biobío (Region VIII)",,,,Chile,Processing Plant,Vidrios Lirquén S.A.,-73.2477,Silica,633,-73.2477,719,Glass plant at Lirquen,,Active,80,80,Silica,,,,CL164,,Biobío,,,,,,,,Silica (quartz),,,,,,,,Vidrios Lirquén S.A.,P,Silica,1
,,Fuel,,,,,,e,,,,,,USGS_MINFAC_2017,,,,,,2015,-52.6225,,-52.6225,E,CL,,Magallanes y de la Antártica Chilena,12,,,"Government, 100%",Gregorio refineries,,,,,,t42-gb,Empresa Nacional del Petróleo (ENAP),,,,***CL10-12,t42-gb,,,,"Aconcagua, Bio Bio, and Gregorio refineries",,,,Chile,Refinery,Empresa Nacional del Petróleo (ENAP),-70.2015,Petroleum,634,-70.2015,523,Gregorio refineries,,Active,"90,000","90,000",Petroleum,,,,CL12,,Magallanes y de la Antártica Chilena,,,,,,,,Refinery products,,,,,,,,"Government, 100%",OR,Petroleum,1
,,Industrial,,,,,,e,,,,,,USGS_MINFAC_2017,,,,,,2014,-41.5338,,-41.5338,E,CL,,Los Lagos,126,,,"Inversiones Brescia S.A., 99.24%, and other private, 0.76%",Grinding plant at Puerto Montt,,,,,,tmt,Melón S.A. ,,,,***CL126-127,tmt,,,,"La Calera plant, Valparaíso (Region V), and grinding plant at Puerto Montt, Los Lagos (Region X)",,,,Chile,Grinding Plant,Melón S.A. ,-73.1301,Cement,635,-73.1301,"665, 1727",Grinding plant at Puerto Montt,,Active,"1,800","1,800",Cement,,,,CL126,,Los Lagos,,,,,,,,Cement,,,,,,,,"Inversiones Brescia S.A., 99.24%, and other private, 0.76%",P,Cement,1
,,Industrial,,,,,,e,,,,,,USGS_MINFAC_2017,,,,,,2014,-33.5972,,-33.5972,E,CL,,Valparaíso,122,,,"Private, 100%",Grinding plant at San Antonio,,,,,,tmt,Cementos Bío Bío S.A. ,,,,,tmt,,,,"Grinding plant at San Antonio, Valparaíso (Region V)",,,,Chile,Grinding Plant,Cementos Bío Bío S.A. ,-71.5881,Cement,636,-71.5881,661,Grinding plant at San Antonio,,Active,300,300,Cement,,,,CL122,,Valparaíso,,,,,,,,Cement,,,,,,,,"Private, 100%",P,Cement,1
,,Industrial,,,,,,e,,,,,,USGS_MINFAC_2017,,,,,,2014,-27.4198,,-27.4198,E,CL,,Atacama,124,,,"Government, 100%",Hernán Videla Lira smelter,,,,,,tmt,Empresa Nacional de Minería (ENAMI),,,,,tmt,,,,"Hernán Videla Lira smelter, Paipote, Atacama (Region III)",,,,Chile,Smelter,Empresa Nacional de Minería (ENAMI),-70.2577,Sulfuric Acid,637,-70.2577,"663, 1871",Hernán Videla Lira smelter,,Active,290,290,Sulfuric acid,,,,CL124,,Atacama,,,,,,,,Sulfuric acid,,,,,,,,"Government, 100%",P,Sulfuric acid,1
,,Metal,,,,,,e,,,,,,USGS_MINFAC_2017,,,,,,2014,-27.4198,,-27.4198,E,CL,,Atacama,123,,,"Government, 100%",Hernán Videla Lira smelter (anodes and blister),,,,,,tmt,Empresa Nacional de Minería (ENAMI),,,,,tmt,,,,"Hernán Videla Lira smelter (anodes and blister), Paipote, Atacama(Region III)",,,,Chile,Smelter,Empresa Nacional de Minería (ENAMI),-70.2577,Copper,638,-70.2577,"662, 1870",Hernán Videla Lira smelter (anodes and blister),,Active,340,340,Copper,,,,CL123,,Atacama,,,,,,,,Copper,,,,,,,,"Government, 100%",P,Copper,1
,,Metal,,,,,,e,,,,,,USGS_MINFAC_2017,,,,,,2014,-28.2907,,-28.2907,E,CL,,Atacama,71,,,"CAP S.A., 75%, and MC Inversiones Ltda., 25%",Huasco concentration plant,,,,,,tmt,Compañía Minera del Pacífico S.A. (CMP),,,,***CL63-74,tmt,,,,"Cristales and El Algarrobo Mines, El Algarrobito and Huasco concentration plants, Huasco pellets plant, and Los Colorados Mine and concentration plant, Atacama (Region III); El Romeral and El Tofo Mines, and El Romeral concentration and pellet-feed plants, Coquimbo (Region IV); and El Laco concentration plant, Antofagasta (Region II)",,,,Chile,Concentrator,Compañía Minera del Pacífico S.A. (CMP),-70.8125,Iron,640,-70.8125,595,Huasco concentration plant,,Active,"1,300","1,300",Iron and steel,,,,CL71,,Atacama,,,,,,,,Iron ore (Fe content),,,,,,,,"CAP S.A., 75%, and MC Inversiones Ltda., 25%",P,Iron and steel,1
,,Metal,,,,,,e,,,,,,USGS_MINFAC_2017,,,,,,2014,-28.4808,,-28.4808,E,CL,,Atacama,72,,,"CAP S.A., 75%, and MC Inversiones Ltda., 25%",Huasco pellet plant,,,,,,tmt,Compañía Minera del Pacífico S.A. (CMP),,,,***CL63-74,tmt,,,,"Cristales and El Algarrobo Mines, El Algarrobito and Huasco concentration plants, Huasco pellets plant, and Los Colorados Mine and concentration plant, Atacama (Region III); El Romeral and El Tofo Mines, and El Romeral concentration and pellet-feed plants, Coquimbo (Region IV); and El Laco concentration plant, Antofagasta (Region II)",,,,Chile,Pellet Plant,Compañía Minera del Pacífico S.A. (CMP),-71.2485,Iron,641,-71.2485,596,Huasco pellet plant,,Active,"1,300","1,300",Iron and steel,,,,CL72,,Atacama,,,,,,,,Iron ore (Fe content),,,,,,,,"CAP S.A., 75%, and MC Inversiones Ltda., 25%",P,Iron and steel,1
,,Industrial,,,,,,e,,,,,,USGS_MINFAC_2017,,,,,,2014,-20.9622,,-20.9622,E,CL,,Tarapacá,215,,,"Sociedad Química y Minera de Chile S.A. (SQM), 100%",Iris Plant,,,,,,mt,SQM Químicos S.A. ,,,,***CL214-220,mt,,,,"Nueva Victoria Mine and plant and Iris plant, Tarapacá (Region I); El Toco Mine and María Elena plant; and Pampa Blanca and Pedro de Valdivia Mines and plants, Antofagasta (Region II)",,,,Chile,Processing Plant,SQM Químicos S.A. ,-69.6625,Iodine,643,-69.6625,782,Iris Plant,,Active,"13,300","13,300",Iodine,,,,CL215,,Tarapacá,,,,,,,,Iodine,,,,,,,,"Sociedad Química y Minera de Chile S.A. (SQM), 100%",P,Iodine,1
,,Metal,,,,,,e,,,,,,USGS_MINFAC_2017,,,,,,2014,-25.3963,,-25.3963,E,CL,,Antofagasta,59,,,"Government, 100%",José Antonio Moreno,,,,,,tmt,Empresa Nacional de Minería (ENAMI),,,,***CL59-62,tmt,,,,"Concentration plants: Manuel Antonio Matta, Paipote; Osvaldo Martínez, El Salado; and Vallenar, Atacama (Region III); and José Antonio Moreno, Taltal, Antofagasta (Region II)",,,,Chile,Processing Plant,Empresa Nacional de Minería (ENAMI),-70.4742,Copper,645,-70.4742,"583, 1860",José Antonio Moreno,,Active,180,180,Copper,,,,CL59,,Antofagasta,,,,,,,,Copper,,,,,,,,"Government, 100%",P,Copper,1
,,Metal,,,,,,e,,,,,,USGS_MINFAC_2017,,,,,,2014,-25.3963,,-25.3963,E,CL,,Antofagasta,152,,Y,"Government, 100%",José Antonio Moreno plant,,,,,,kg,Empresa Nacional de Minería (ENAMI),,,,***CL152-155,kg,,,,"Manuel Antonio Matta plant, Paipote; Osvaldo Martínez plant, El Salado; and Vallenar plant, Atacama (Region III); and José Antonio Moreno plant, Taltal, Antofagasta (Region II)",,,,Chile,Processing Plant,Empresa Nacional de Minería (ENAMI),-70.4742,Gold,646,-70.4742,"707, 1861",José Antonio Moreno plant,,Active,400,400,Gold,,,,CL152,,Antofagasta,,,,,,,,Gold,,,,,,,,"Government, 100%",P,Gold,1
,,Metal,,,,,,e,,,,,,USGS_MINFAC_2017,,,,,,2014,-25.3963,,-25.3963,E,CL,,Antofagasta,152,,Y,"Government, 100%",José Antonio Moreno plant,,,,,,kg,Empresa Nacional de Minería (ENAMI),,,,***CL156-159,kg,,,,"Manuel Antonio Matta plant, Paipote; Osvaldo Martínez plant, El Salado; Vallenar plant, Atacama (Region III); and José Antonio Moreno plant, Taltal, Antofagasta (Region II)",,,,Chile,Processing Plant,Empresa Nacional de Minería (ENAMI),-70.4742,Silver,647,-70.4742,"711, 1862",José Antonio Moreno plant,,Active,"6,000","6,000",Silver,,,,CL152,,Antofagasta,,,,,,,,Silver,,,,,,,,"Government, 100%",P,Silver,1
,,Industrial,,,,,,e,,,,,,USGS_MINFAC_2017,,,,,,2014,-32.7901,,-32.7901,E,CL,,Valparaíso,127,,,"Inversiones Brescia S.A., 99.24%, and other private, 0.76%",La Calera plant,,,,,,tmt,Melón S.A. ,,,,***CL126-127,tmt,,,,"La Calera plant, Valparaíso (Region V), and grinding plant at Puerto Montt, Los Lagos (Region X)",,,,Chile,Processing Plant,Melón S.A. ,-71.1973,Cement,648,-71.1973,666,La Calera plant,,Active,"1,800","1,800",Cement,,,,CL127,,Valparaíso,,,,,,,,Cement,,,,,,,,"Inversiones Brescia S.A., 99.24%, and other private, 0.76%",P,Cement,1
,,Metal,,,,,,,,,,,,USGS_MINFAC_2017,,,,,,2014,-20.1873,,-20.1873,E,CL,,Tarapacá,296,,,"Haldeman Mining Company S.A., 100%",La Cascada SX-EW plant,,,,,,,Haldeman Mining Company S.A. ,,,,,,,,,"Quebrada Sagasca open pit mine and La Cascada SX-EW plant, 110 km east of Iquiuqe, Tarapacá (Region I)",,,,Chile,SX-EW Plant,Haldeman Mining Company S.A. ,-69.3329,Copper,649,-69.3329,"875, 1699",La Cascada SX-EW plant,,Active,,,Copper,,,,CL296,,Tarapacá,,,,,,,,Copper,,,,,,,,"Haldeman Mining Company S.A., 100%",P,Copper,1
,,Metal,,,,,,e,,,,,,USGS_MINFAC_2017,,,,,,2014,-32.7618,,-32.7618,E,CL,,Valparaíso,313,,Y,"Government, 100%",Las Ventanas refinery and smelter,,,,,,tmt,Corporación Nacional del Cobre (CODELCO),,,,,tmt,,,,"Las Ventanas refinery and smelter, Valparaíso (Region V)",,,,Chile,Smelter,Corporación Nacional del Cobre (CODELCO),-71.4812,Copper,660,-71.4812,890,Las Ventanas refinery and smelter,,Active,402,402,Copper,,,,CL313,,Valparaíso,,,,,,,,Copper,,,,,,,,"Government, 100%",P,Copper,1
,,Metal,,,,,,e,,,,,,USGS_MINFAC_2017,,,,,,2014,-23.4318,,-23.4318,E,CL,,Antofagasta,138,,,"Glencore plc, 100%",Lomas Bayas SX-EW plant,,,,,,tmt,Compañía Minera Xstrata Lomas Bayas ,,,,***CL137-138,tmt,,,,"Lomas Bayas Mine and SX-EW plant, Antofagasta (Region II)",,,,Chile,SX-EW Plant,Compañía Minera Xstrata Lomas Bayas ,-69.5017,Copper,662,-69.5017,686,Lomas Bayas SX-EW plant,,Active,75,75,Copper,,,,CL138,,Antofagasta,,,,,,,,Copper,,,,,,,,"Glencore plc, 100%",P,Copper,1
,,Metal,,,,,,e,,,,,,USGS_MINFAC_2017,,,,,,2014,-33.1409,,-33.1409,E,CL,,Santiago,140,,,"Anglo American plc, 50.1%, Mitsubishi Corp., 20.4%, Corporación Nacional del Cobre, 20%, and Mitsui & Co., Ltd., 9.5% ",Los Bronces (Tortolas) SX-EW plant (cathodes),,,,,,tmt,Anglo American Sur S.A. ,,,,***CL139-140,tmt,,,,"Los Bronces Mine (concentrates) and Los Bronces (Tortolas) SX-EW plant (cathodes), Santiago Metropolitan Region",,,,Chile,SX-EW Plant,Anglo American Sur S.A. ,-70.7086,Copper,663,-70.7086,"688, 1617",Los Bronces (Tortolas) SX-EW plant (cathodes),,Active,490,490,Copper,,,,CL140,,Santiago,,,,,,,,Copper,,,,,,,,"Anglo American plc, 50.1%, Mitsubishi Corp., 20.4%, Corporación Nacional del Cobre, 20%, and Mitsui & Co., Ltd., 9.5% ",P,Copper,1
,,Metal,,,,,,,,,,,,USGS_MINFAC_2017,,,,,,2014,-33.1462,,-33.1462,E,CL,,Santiago,142,,,"Anglo American plc, 50.1%, Mitsubishi Corp., 20.4%, Corporación Nacional del Cobre, 20%, and Mitsui & Co., Ltd., 9.5% ",Los Bronces Plants,,,,,,kg,Anglo American Sur S.A. ,,,,***CL141-142,kg,,,,"Los Bronces Mine and plants, Santiago Metropolitan Region",,,,Chile,Processing Plant,Anglo American Sur S.A. ,-70.2863,Silver,667,-70.2863,"690, 1619",Los Bronces Plants,,Active,"35,000","35,000",Silver,,,,CL142,,Santiago,,,,,,,,Silver,,,,,,,,"Anglo American plc, 50.1%, Mitsubishi Corp., 20.4%, Corporación Nacional del Cobre, 20%, and Mitsui & Co., Ltd., 9.5% ",P,Silver,1
,,Metal,,,,,,e,,,,,,USGS_MINFAC_2017,,,,,,2014,-28.291,,-28.291,E,CL,,Atacama,73,,,"CAP S.A., 75%, and MC Inversiones Ltda., 25%",Los Colorados concentration plant,,,,,,tmt,Compañía Minera del Pacífico S.A. (CMP),,,,***CL63-74,tmt,,,,"Cristales and El Algarrobo Mines, El Algarrobito and Huasco concentration plants, Huasco pellets plant, and Los Colorados Mine and concentration plant, Atacama (Region III); El Romeral and El Tofo Mines, and El Romeral concentration and pellet-feed plants, Coquimbo (Region IV); and El Laco concentration plant, Antofagasta (Region II)",,,,Chile,Concentrator,Compañía Minera del Pacífico S.A. (CMP),-70.8129,Iron,668,-70.8129,597,Los Colorados concentration plant,,Active,"1,300","1,300",Iron and steel,,,,CL73,,Atacama,,,,,,,,Iron ore (Fe content),,,,,,,,"CAP S.A., 75%, and MC Inversiones Ltda., 25%",P,Iron and steel,1
,,Metal,,,,,,e,,,,,,USGS_MINFAC_2017,,,,,,2014,-31.8134,,-31.8134,E,CL,,Coquimbo,146,,Y,"Antofagasta plc, 60%; JX Nippon Mining Metals Corp, 15%; Mitsubishi Materials Corp., 10%; Marubeni Corp., 8.75%; Mitsubishi Corp., 5%; Mitsui & Co. Ltd., 1.25%",Los Pelambres plant,,,,,,kg,Antofagasta plc,,,,***CL145-146,kg,,,,"Los Pelambres Mine and plant, Coquimbo (Region IV)",,,,Chile,Processing Plant,Antofagasta plc,-70.5823,Gold,674,-70.5823,696,Los Pelambres plant,,Active,"1,700","1,700",Gold,,,,CL146,,Coquimbo,,,,,,,,Gold,,,,,,,,"Antofagasta plc, 60%; JX Nippon Mining Metals Corp, 15%; Mitsubishi Materials Corp., 10%; Marubeni Corp., 8.75%; Mitsubishi Corp., 5%; Mitsui & Co. Ltd., 1.25%",P,Gold,1
,,Metal,,,,,,e,,,,,,USGS_MINFAC_2017,,,,,,2014,-31.8134,,-31.8134,E,CL,,Coquimbo,146,,Y,"Antofagasta plc, 60%; JX Nippon Mining Metals Corp, 15%; Mitsubishi Materials Corp., 10%; Marubeni Corp., 8.75%; Mitsubishi Corp., 5%; Mitsui & Co. Ltd., 1.25%",Los Pelambres plant,,,,,,mt,Antofagasta plc,,,,***CL145-146,mt,,,,"Los Pelambres Mine and plant, Coquimbo (Region IV)",,,,Chile,Processing Plant,Antofagasta plc,-70.5823,Molybdenum,675,-70.5823,697,Los Pelambres plant,,Active,"12,500","12,500",Molybdenum,,,,CL146,,Coquimbo,,,,,,,,Molybdenum (mine output),,,,,,,,"Antofagasta plc, 60%; JX Nippon Mining Metals Corp, 15%; Mitsubishi Materials Corp., 10%; Marubeni Corp., 8.75%; Mitsubishi Corp., 5%; Mitsui & Co. Ltd., 1.25%",P,Molybdenum,1
,,Metal,,,,,,,,,,,,USGS_MINFAC_2017,,,,,,2014,-31.8134,,-31.8134,E,CL,,Coquimbo,146,,Y,"Antofagasta plc, 60%; JX Nippon Mining Metals Corp, 15%; Mitsubishi Materials Corp., 10%; Marubeni Corp., 8.75%; Mitsubishi Corp., 5%; Mitsui & Co. Ltd., 1.25%",Los Pelambres plant,,,,,,kg,Antofagasta plc,,,,***CL145-146,kg,,,,"Los Pelambres Mine and plant, Coquimbo (Region IV)",,,,Chile,Processing Plant,Antofagasta plc,-70.5823,Silver,676,-70.5823,698,Los Pelambres plant,,Active,"42,000","42,000",Silver,,,,CL146,,Coquimbo,,,,,,,,Silver,,,,,,,,"Antofagasta plc, 60%; JX Nippon Mining Metals Corp, 15%; Mitsubishi Materials Corp., 10%; Marubeni Corp., 8.75%; Mitsubishi Corp., 5%; Mitsui & Co. Ltd., 1.25%",P,Silver,1
,,Metal,,,,,,e,,,,,,USGS_MINFAC_2017,,,,,,2014,-27.5218,,-27.5218,E,CL,,Atacama,146,,,"CAP S.A., 75%, and MC Inversiones Ltda., 25%",Magnetite plant to process tailings from the Candelaria Mine and other iron-bearing raw materials from third parties,,,,,,tmt,Compañía Minera del Pacífico S.A. (CMP),,,,,tmt,,,,"Magnetite plant to process tailings from the Candelaria Mine and other iron-bearing raw materials from third parties, near Copiapo, Atacama (Region III)",,,,Chile,Processing Plant,Compañía Minera del Pacífico S.A. (CMP),-70.3192,Iron,677,-70.3192,701,Magnetite plant to process tailings from the Candelaria Mine and other iron-bearing raw materials from third parties,,Active,"2,000","2,000",Iron and steel,,,,CL146,,Atacama,,,,,,,,Iron ore (Fe content),,,,,,,,"CAP S.A., 75%, and MC Inversiones Ltda., 25%",P,Iron and steel,1
,,Metal,,,,,,e,,,,,,USGS_MINFAC_2017,,,,,,2014,-23.4397,,-23.4397,E,CL,,Antofagasta,148,,,"Anglo American plc, 99.9%, and other private, 0.1%",Mantos Blancos SX-EW plant,,,,,,tmt,Empresa Minera de Mantos Blancos S.A. ,,,,***CL147-148,tmt,,,,"Mantos Blancos open pit mine and SX-EW plant, Antofagasta (Region II)",,,,Chile,SX-EW Plant,Empresa Minera de Mantos Blancos S.A. ,-70.0734,Copper,681,-70.0734,703,Mantos Blancos SX-EW plant,,Active,100,100,Copper,,,,CL148,,Antofagasta,,,,,,,,Copper,,,,,,,,"Anglo American plc, 99.9%, and other private, 0.1%",P,Copper,1
,,Metal,,,,,,,,,,,,USGS_MINFAC_2017,,,,,,2014,-22.3851,,-22.3851,E,CL,,Antofagasta,322,,Y,"Izquierdo Menendez Group, 100%",Mantos de la Luna SX-EW plant,,,,,,,Compania Mantos de la Luna,,,,,,,,,Mantos de la Luna Mine and SX-EW plant,,,,Chile,SX-EW Plant,Compania Mantos de la Luna,-70.1782,Copper,683,-70.1782,2000,Mantos de la Luna SX-EW plant,,Active,,,Copper,,,,CL322,,Antofagasta,,,,,,,,Copper,,,,,,,,"Izquierdo Menendez Group, 100%",P,Copper,1
,,Metal,,,,,,e,,,,,,USGS_MINFAC_2017,,,,,,2014,-26.5615,,-26.5615,E,CL,,Atacama,151,,,"Anglo American plc, 99.9%, and other private, 0.1%",Mantoverde SX-EW plant,,,,,,tmt,Empresa Minera de Mantos Blancos S.A. ,,,,***CL150-151,tmt,,,,"Mantoverde open pit mine and SX-EW plant, Atacama (Region III)",,,,Chile,SX-EW Plant,Empresa Minera de Mantos Blancos S.A. ,-70.3253,Copper,686,-70.3253,706,Mantoverde SX-EW plant,,Active,65,65,Copper,,,,CL151,,Atacama,,,,,,,,Copper,,,,,,,,"Anglo American plc, 99.9%, and other private, 0.1%",P,Copper,1
,,Metal,,,,,,e,,,,,,USGS_MINFAC_2017,,,,,,2014,-27.4131,,-27.4131,E,CL,,Atacama,60,,,"Government, 100%",Manuel Antonio Matta,,,,,,tmt,Empresa Nacional de Minería (ENAMI),,,,***CL59-62,tmt,,,,"Concentration plants: Manuel Antonio Matta, Paipote; Osvaldo Martínez, El Salado; and Vallenar, Atacama (Region III); and José Antonio Moreno, Taltal, Antofagasta (Region II)",,,,Chile,Processing Plant,Empresa Nacional de Minería (ENAMI),-70.2517,Copper,687,-70.2517,"584, 1869",Manuel Antonio Matta,,Active,180,180,Copper,,,,CL60,,Atacama,,,,,,,,Copper,,,,,,,,"Government, 100%",P,Copper,1
,,Metal,,,,,,e,,,,,,USGS_MINFAC_2017,,,,,,2014,-27.4131,,-27.4131,E,CL,,Atacama,153,,Y,"Government, 100%",Manuel Antonio Matta plant,,,,,,kg,Empresa Nacional de Minería (ENAMI),,,,***CL152-155,kg,,,,"Manuel Antonio Matta plant, Paipote; Osvaldo Martínez plant, El Salado; and Vallenar plant, Atacama (Region III); and José Antonio Moreno plant, Taltal, Antofagasta (Region II)",,,,Chile,Processing Plant,Empresa Nacional de Minería (ENAMI),-70.2517,Gold,688,-70.2517,"708, 1872",Manuel Antonio Matta plant,,Active,400,400,Gold,,,,CL153,,Atacama,,,,,,,,Gold,,,,,,,,"Government, 100%",P,Gold,1
,,Metal,,,,,,e,,,,,,USGS_MINFAC_2017,,,,,,2014,-27.4131,,-27.4131,E,CL,,Atacama,153,,Y,"Government, 100%",Manuel Antonio Matta plant,,,,,,kg,Empresa Nacional de Minería (ENAMI),,,,***CL156-159,kg,,,,"Manuel Antonio Matta plant, Paipote; Osvaldo Martínez plant, El Salado; Vallenar plant, Atacama (Region III); and José Antonio Moreno plant, Taltal, Antofagasta (Region II)",,,,Chile,Processing Plant,Empresa Nacional de Minería (ENAMI),-70.2517,Silver,689,-70.2517,"712, 1873",Manuel Antonio Matta plant,,Active,"6,000","6,000",Silver,,,,CL153,,Atacama,,,,,,,,Silver,,,,,,,,"Government, 100%",P,Silver,1
,,Industrial,,Y,,,,e,,,,,,USGS_MINFAC_2017,,,,,,2013,-22.3367,,-22.3367,E,CL,,Antofagasta,102,,,"Sociedad Química y Minera de Chile S.A. (SQM), 100%",Maria Elena plant,,,,,,tmt,SQM Nitratos S.A. ,,,,***CL100-104,tmt,,,,"El Toco Mine and Maria Elena plant; Pampa Blanca and Pedro de Valdivia Mines and plants; and Coya Sur plant, Antofagasta (Region II)",,,,Chile,Processing Plant,SQM Nitratos S.A. ,-69.6595,Nitrate,691,-69.6595,630,Maria Elena plant,,Active,950,950,Nitrates,,,,CL102,,Antofagasta,,,,,,,,Potassium nitrate,,,,,,,,"Sociedad Química y Minera de Chile S.A. (SQM), 100%",P,Nitrates,1
,,Industrial,,Y,,,,e,,,,,,USGS_MINFAC_2017,,,,,,2013,-22.3367,,-22.3367,E,CL,,Antofagasta,102,,,"Sociedad Química y Minera de Chile S.A. (SQM), 100%",Maria Elena plant,,,,,,tmt,SQM Nitratos S.A. ,,,,***CL100-104,tmt,,,,"El Toco Mine and Maria Elena plant; Pampa Blanca and Pedro de Valdivia Mines and plants; and Coya Sur plant, Antofagasta (Region II)",,,,Chile,Processing Plant,SQM Nitratos S.A. ,-69.6595,Nitrate,692,-69.6595,631,Maria Elena plant,,Active,770,770,Nitrates,,,,CL102,,Antofagasta,,,,,,,,Sodium nitrate,,,,,,,,"Sociedad Química y Minera de Chile S.A. (SQM), 100%",P,Nitrates,1
,,Industrial,,,,,,e,,,,,,USGS_MINFAC_2017,,,,,,2014,-22.3367,,-22.3367,E,CL,,Antofagasta,216,,,"Sociedad Química y Minera de Chile S.A. (SQM), 100%",María Elena plant,,,,,,mt,SQM Químicos S.A. ,,,,***CL214-220,mt,,,,"Nueva Victoria Mine and plant and Iris plant, Tarapacá (Region I); El Toco Mine and María Elena plant; and Pampa Blanca and Pedro de Valdivia Mines and plants, Antofagasta (Region II)",,,,Chile,Processing Plant,SQM Químicos S.A. ,-69.6595,Iodine,693,-69.6595,783,María Elena plant,,Active,"13,300","13,300",Iodine,,,,CL216,,Antofagasta,,,,,,,,Iodine,,,,,,,,"Sociedad Química y Minera de Chile S.A. (SQM), 100%",P,Iodine,1
,,Industrial,,,,,,,,,,,,USGS_MINFAC_2017,,,,,,2014,-23.0964,,-23.0964,E,CL,,Antofagasta,37,,,"Holcim Ltd., 54.3%; Compañía de Consumidores de Gas de Santiago, 40.9%; other, 4.8%)",Mejillones grinding plant,,,,,,,Cemento Polpaico S.A. ,,,,,,,,,"Mejillones plant, Antofagasta (Region II)",,,,Chile,Grinding Plant,Cemento Polpaico S.A. ,-70.4133,Cement,695,-70.4133,"555, 1700",Mejillones grinding plant,,Active,300,300,Cement,,,,CL37,,Antofagasta,,,,,,,,Cement,,,,,,,,"Holcim Ltd., 54.3%; Compañía de Consumidores de Gas de Santiago, 40.9%; other, 4.8%)",P,Cement,1
,,Metal,,,,,,e,,,,,,USGS_MINFAC_2017,,,,,,2014,-22.6791,,-22.6791,E,CL,,Antofagasta,162,,,"Antofagasta plc, 74.2%, and other private Chilean investors, 25.8%",Michilla SX-EW/sulfide-leaching plant,,,,,,tmt,Minera Michilla S.A. ,,,,***CL161-162,tmt,,,,"Michilla Mine and SX-EW/sulfide-leaching plant, Antofagasta (Region II)",,,,Chile,SX-EW Plant,Minera Michilla S.A. ,-70.1883,Copper,697,-70.1883,717,Michilla SX-EW/sulfide-leaching plant,,Active,45,45,Copper,,,,CL162,,Antofagasta,,,,,,,,Copper,,,,,,,,"Antofagasta plc, 74.2%, and other private Chilean investors, 25.8%",P,Copper,1
,,Industrial,,,,,,e,,,,,,USGS_MINFAC_2017,,,,,,2014,-33.5176,,-33.5176,E,CL,,Valparaíso,110,,,Minera Granos Industriales Ltda.,Migrin Plant near Cartagena,,,,,,tmt,Minera Granos Industriales Ltda.,,,,***CL109-110,tmt,,,,"El Turco Mine and Migrin Plant near Cartagena, Valparaíso (Region V)",,,,Chile,Processing Plant,Minera Granos Industriales Ltda.,-71.598,Silica,698,-71.598,645,Migrin Plant near Cartagena,,Active,250,250,Silica,,,,CL110,,Valparaíso,,,,,,,,Silica (quartz),,,,,,,,Minera Granos Industriales Ltda.,P,Silica,1
,,Industrial,,Y,,,,,,,,,,USGS_MINFAC_2017,,,,,,2014,-23.4874,,-23.4874,E,CL,,Antofagasta,196,,,"Sociedad Química y Minera de Chile S.A. (SQM), 100%",Mine brines of Atacama Salar,,,,,,mt,S.Q.M. Salar S.A. ,,,,,mt,,,,"Mine brines of Atacama Salar, and boric acid plant at Antofagasta, Region II",,,,Chile,Processing Plant,S.Q.M. Salar S.A. ,-68.3354,Lithium,709,-68.3354,756,Mine brines of Atacama Salar,,Active,"6,000","6,000",Lithium,,,,CL196,,Antofagasta,,,,,,,,Lithium hydroxide,,,,,,,,"Sociedad Química y Minera de Chile S.A. (SQM), 100%",B,Lithium,1
,,Metal,,,,,,e,,,,,,USGS_MINFAC_2017,,,,,,2014,-34.0348,,-34.0348,E,CL,,Santiago,206,,Y,"Yamana Gold Inc., 100%",Minera Florida concentration plant,,,,,,kg,Minera Florida S.A. ,,,,***CL206-207,kg,,,,"Minera Florida Mine and concentration plant, Santiago Metropolitan Region",,,,Chile,Concentrator,Minera Florida S.A. ,-71.0265,Gold,731,-71.0265,768,Minera Florida concentration plant,,Active,"3,100","3,100",Gold,,,,CL206,,Santiago,,,,,,,,Gold,,,,,,,,"Yamana Gold Inc., 100%",P,Gold,1
,,Metal,,,,,,,,,,,,USGS_MINFAC_2017,,,,,,2014,-34.0348,,-34.0348,E,CL,,Santiago,206,,Y,"Yamana Gold Inc., 100%",Minera Florida concentration plant,,,,,,,Minera Florida S.A. ,,,,,,,,,"Minera Florida Mine and concentration plant, Santiago Metropolitan Region",,,,Chile,Concentrator,Minera Florida S.A. ,-71.0265,Lead,732,-71.0265,"769, 1843",Minera Florida concentration plant,,Active,,,Lead,,,,CL206,,Santiago,,,,,,,,Lead (mine output),,,,,,,,"Yamana Gold Inc., 100%",P,Lead,1
,,Metal,,,,,,e,,,,,,USGS_MINFAC_2017,,,,,,2014,-34.0348,,-34.0348,E,CL,,Santiago,206,,Y,"Yamana Gold Inc., 100%",Minera Florida concentration plant,,,,,,kg,Minera Florida S.A. ,,,,***CL206-207,kg,,,,"Minera Florida Mine and concentration plant, Santiago Metropolitan Region",,,,Chile,Concentrator,Minera Florida S.A. ,-71.0265,Silver,733,-71.0265,"766, 1841",Minera Florida concentration plant,,Active,"31,000","31,000",Silver,,,,CL206,,Santiago,,,,,,,,Silver,,,,,,,,"Yamana Gold Inc., 100%",P,Silver,1
,,Metal,,,,,,e,,,,,,USGS_MINFAC_2017,,,,,,2014,-34.0348,,-34.0348,E,CL,,Santiago,206,,Y,"Yamana Gold Inc., 100%",Minera Florida concentration plant,,,,,,mt,Minera Florida S.A. ,,,,***CL206-207,mt,,,,"Minera Florida Mine and concentration plant, Santiago Metropolitan Region",,,,Chile,Concentrator,Minera Florida S.A. ,-71.0265,Zinc,734,-71.0265,"767, 1842",Minera Florida concentration plant,,Active,"6,500","6,500",Zinc,,,,CL206,,Santiago,,,,,,,,Concentrate,,,,,,,,"Yamana Gold Inc., 100%",P,Zinc,1
,,Metal,,,,,,e,,,,,,USGS_MINFAC_2017,,,,,,2014,-20.9761,,-20.9761,E,CL,,Tarapacá,54,,,"Anglo American plc, 44%; Glencore plc, 44%; companies led by Mitsui & Co. Ltd., 12%",Molybdenum plant,,,,,,mt,Compañía Minera Doña Inés de Collahuasi SCM ,,,,***CL53-54,mt,,,,"Collahuasi Mine and molybdenum plant, Tarapacá (Region I)",,,,Chile,Processing Plant,Compañía Minera Doña Inés de Collahuasi SCM ,-68.6272,Molybdenum,743,-68.6272,575,Molybdenum plant,,Active,"6,000","6,000",Molybdenum,,,,CL54,,Tarapacá,,,,,,,,Molybdenum (mine output),,,,,,,,"Anglo American plc, 44%; Glencore plc, 44%; companies led by Mitsui & Co. Ltd., 12%",P,Molybdenum,1
,,Metal,,,,,,e,,,,,,USGS_MINFAC_2017,,,,,,2014,-33.6065,,-33.6065,E,CL,,Santiago,213,,Y,"Private, 100%",Nos plant,,,,,,tmt,Molibdenos y Metales S.A. (MOLYMET),,,,,tmt,,,,"Nos plant, San Bernardo, 30 kilometers south of Santiago, Santiago Metropolitan Region",,,,Chile,Processing Plant,Molibdenos y Metales S.A. (MOLYMET),-70.7441,Ferroalloys,745,-70.7441,780,Nos plant,,Active,25,25,Ferroalloys,,,,CL213,,Santiago,,,,,,,,Ferroalloys (ferromolybdenum),,,,,,,,"Private, 100%",P,Ferroalloys,1
,,Metal,,,,,,e,,,,,,USGS_MINFAC_2017,,,,,,2014,-33.6065,,-33.6065,E,CL,,Santiago,213,,Y,"Private, 100%",Nos plant,,,,,,kg,Molibdenos y Metales S.A. (MOLYMET),,,,,kg,,,,"Nos plant, San Bernardo, 30 kilometers south of Santiago, Santiago Metropolitan Region",,,,Chile,Processing Plant,Molibdenos y Metales S.A. (MOLYMET),-70.7441,Rhenium,746,-70.7441,"779, 1742",Nos plant,,Active,"30,000","30,000",Rhenium,,,,CL213,,Santiago,,,,,,,,Metal,,,,,,,,"Private, 100%",P,Rhenium,1
,,Industrial,,,,,,e,,,,,,USGS_MINFAC_2017,,,,,,2014,-20.9592,,-20.9592,E,CL,,Tarapacá,218,,,"Sociedad Química y Minera de Chile S.A. (SQM), 100%",Nueva Victoria plant,,,,,,mt,SQM Químicos S.A. ,,,,***CL214-220,mt,,,,"Nueva Victoria Mine and plant and Iris plant, Tarapacá (Region I); El Toco Mine and María Elena plant; and Pampa Blanca and Pedro de Valdivia Mines and plants, Antofagasta (Region II)",,,,Chile,Processing Plant,SQM Químicos S.A. ,-69.6633,Iodine,749,-69.6633,785,Nueva Victoria plant,,Active,"13,300","13,300",Iodine,,,,CL218,,Tarapacá,,,,,,,,Iodine,,,,,,,,"Sociedad Química y Minera de Chile S.A. (SQM), 100%",P,Iodine,1
,,Metal,,,,,,e,,,,,,USGS_MINFAC_2017,,,,,,2014,-26.4196,,-26.4196,E,CL,,Atacama,61,,,"Government, 100%",Osvaldo Martínez,,,,,,tmt,Empresa Nacional de Minería (ENAMI),,,,***CL59-62,tmt,,,,"Concentration plants: Manuel Antonio Matta, Paipote; Osvaldo Martínez, El Salado; and Vallenar, Atacama (Region III); and José Antonio Moreno, Taltal, Antofagasta (Region II)",,,,Chile,Processing Plant,Empresa Nacional de Minería (ENAMI),-70.3172,Copper,758,-70.3172,"585, 1866",Osvaldo Martínez,,Active,180,180,Copper,,,,CL61,,Atacama,,,,,,,,Copper,,,,,,,,"Government, 100%",P,Copper,1
,,Metal,,,,,,e,,,,,,USGS_MINFAC_2017,,,,,,2014,-26.4196,,-26.4196,E,CL,,Atacama,154,,Y,"Government, 100%",Osvaldo Martínez plant,,,,,,kg,Empresa Nacional de Minería (ENAMI),,,,***CL152-155,kg,,,,"Manuel Antonio Matta plant, Paipote; Osvaldo Martínez plant, El Salado; and Vallenar plant, Atacama (Region III); and José Antonio Moreno plant, Taltal, Antofagasta (Region II)",,,,Chile,Processing Plant,Empresa Nacional de Minería (ENAMI),-70.3172,Gold,759,-70.3172,"709, 1867",Osvaldo Martínez plant,,Active,400,400,Gold,,,,CL154,,Atacama,,,,,,,,Gold,,,,,,,,"Government, 100%",P,Gold,1
,,Metal,,,,,,e,,,,,,USGS_MINFAC_2017,,,,,,2014,-26.4196,,-26.4196,E,CL,,Atacama,154,,Y,"Government, 100%",Osvaldo Martínez plant,,,,,,kg,Empresa Nacional de Minería (ENAMI),,,,***CL156-159,kg,,,,"Manuel Antonio Matta plant, Paipote; Osvaldo Martínez plant, El Salado; Vallenar plant, Atacama (Region III); and José Antonio Moreno plant, Taltal, Antofagasta (Region II)",,,,Chile,Processing Plant,Empresa Nacional de Minería (ENAMI),-70.3172,Silver,760,-70.3172,"713, 1868",Osvaldo Martínez plant,,Active,"6,000","6,000",Silver,,,,CL154,,Atacama,,,,,,,,Silver,,,,,,,,"Government, 100%",P,Silver,1
,,Industrial,,,,,,,,,,,,USGS_MINFAC_2017,,,,,,2014,-31.0252,,-31.0252,E,CL,,Coquimbo,193,,,Minera Trucco Ltda.,Plant,,,,,,,Minera Trucco Ltda.,,,,,,,,,"Mine and plant, Santiago Metropolitan Region",,,,Chile,Processing Plant,Minera Trucco Ltda.,-71.4618,Calcium Carbonate,768,-71.4618,752,Plant,,Active,,,Calcium carbonate,,,,CL193,,Coquimbo,,,,,,,,Calcium carbonate (natural),,,,,,,,Minera Trucco Ltda.,P,Calcium carbonate,1
,,Metal,,,,,,e,,,,,,USGS_MINFAC_2017,,,,,,2014,-32.5838,,-32.5838,E,CL,,Valparaíso,250,,,Compañía Minera Cerro Negro,Plant at Cabildo,,,,,,mt,Compañía Minera Cerro Negro,,,,***CL250-251,mt,,,,"Portales Mine and a plant at Cabildo, Valparaíso (Region V)",,,,Chile,Processing Plant,Compañía Minera Cerro Negro,-70.8762,Copper,769,-70.8762,823,Plant at Cabildo,,Active,200,200,Copper,,,,CL250,,Valparaíso,,,,,,,,Copper sulfate,,,,,,,,Compañía Minera Cerro Negro,P,Copper,1
,,Industrial,,,,,,e,,,,,,USGS_MINFAC_2017,,,,,,2014,-22.4494,,-22.4494,E,CL,,Antofagasta,264,,,Canteras de Atacama S.A.,Plant at Calama,,,,,,mt,Canteras de Atacama S.A.,,,,***CL264-265,mt,,,,"Quarry and plant at Calama, Antofagasta (Region II)",,,,Chile,Processing Plant,Canteras de Atacama S.A.,-68.8081,Travertine,770,-68.8081,837,Plant at Calama,,Active,"6,000","6,000",Travertine,,,,CL264,,Antofagasta,,,,,,,,Travertine (dimension stone),,,,,,,,Canteras de Atacama S.A.,P,Travertine,1
,,Industrial,,,,,,,,,,,,USGS_MINFAC_2017,,,,,,2014,-26.5391,,-26.5391,E,CL,,Atacama,229,,,César B. Formas Ortiz S.A.,Plant at Chañaral,,,,,,,César B. Formas Ortiz S.A.,,,,,,,,,"Plant at Chañaral, Atacama (Region III) ",,,,Chile,Processing Plant,César B. Formas Ortiz S.A.,-70.6967,Calcium Carbonate,771,-70.6967,799,Plant at Chañaral,,Active,,,Calcium carbonate,,,,CL229,,Atacama,,,,,,,,Calcium carbonate (natural),,,,,,,,César B. Formas Ortiz S.A.,P,Calcium carbonate,1
,,Industrial,,,,,,e,,,,,,USGS_MINFAC_2017,,,,,,2014,-35.4391,,-35.4391,E,CL,,Maule,167,,,SLM Santa Dorila de las Arenitas,Plant at Constitucion,,,,,,tmt,SLM Santa Dorila de las Arenitas,,,,***CL166-167,tmt,,,,"Mine and plant at Constitucion, Maule (Region VII)",,,,Chile,Processing Plant,SLM Santa Dorila de las Arenitas,-72.4594,Silica,772,-72.4594,722,Plant at Constitucion,,Active,250,250,Silica,,,,CL167,,Maule,,,,,,,,Silica (quartz),,,,,,,,SLM Santa Dorila de las Arenitas,P,Silica,1
,,Industrial,,,,,,,,,,,,USGS_MINFAC_2017,,,,,,2014,-30.2393,,-30.2393,E,CL,,Coquimbo,169,,,Sociedad Minera y Comercial Alegría y Cia Ltda.,Plant at Coquimbo (Region IV),,,,,,,Sociedad Minera y Comercial Alegría y Cia Ltda.,,,,,,,,,Mine and plant at Coquimbo (Region IV),,,,Chile,Processing Plant,Sociedad Minera y Comercial Alegría y Cia Ltda.,-71.4419,Calcium Carbonate,773,-71.4419,724,Plant at Coquimbo (Region IV),,Active,,,Calcium carbonate,,,,CL169,,Coquimbo,,,,,,,,Calcium carbonate (natural),,,,,,,,Sociedad Minera y Comercial Alegría y Cia Ltda.,P,Calcium carbonate,1
,,Industrial,,,,,,,,,,,,USGS_MINFAC_2017,,,,,,2014,-20.8652,,-20.8652,E,CL,,Tarapacá,202,,,Inversiones Alpina Ltda.,Plant at Iquique Region I,,,,,,,Inversiones Alpina Ltda.,,,,,,,,,"Mine in the Salar Grande Irlanda and plant at Iquique, Tarapacá (Region I)",,,,Chile,Processing Plant,Inversiones Alpina Ltda.,-70.0338,Salt,774,-70.0338,"762, 1783",Plant at Iquique Region I,,Active,,,Salt,,,,CL202,,Tarapacá,,,,,,,,Salt,,,,,,,,Inversiones Alpina Ltda.,P,Salt,1
,,Industrial,,,,,,,,,,,,USGS_MINFAC_2017,,,,,,2014,-31.2085,,-31.2085,E,CL,,Coquimbo,230,,Y,Mario Alberto Pizarro A.S.A.,Plant at Los Vilos,,,,,,,Mario Alberto Pizarro A.S.A.,,,,,,,,,"Plant at Los Vilos, Coquimbo (Region IV)",,,,Chile,Processing Plant,Mario Alberto Pizarro A.S.A.,-71.263,Calcium Carbonate,775,-71.263,800,Plant at Los Vilos,,Active,,,Calcium carbonate,,,,CL230,,Coquimbo,,,,,,,,Calcium carbonate (natural),,,,,,,,Mario Alberto Pizarro A.S.A.,P,Calcium carbonate,1
,,Industrial,,,,,,e,,,,,,USGS_MINFAC_2017,,,,,,2014,-31.0558,,-31.0558,E,CL,,Coquimbo,230,,Y,Mario Alberto Pizarro A.S.A.,Plant at Los Vilos,,,,,,mt,Mario Alberto Pizarro A.S.A.,,,,,mt,,,,"Plant at Los Vilos, Coquimbo (Region IV)",,,,Chile,Processing Plant,Mario Alberto Pizarro A.S.A.,-71.1239,Kaolin,776,-71.1239,801,Plant at Los Vilos,,Active,600,600,Kaolin,,,,CL230,,Coquimbo,,,,,,,,Kaolin,,,,,,,,Mario Alberto Pizarro A.S.A.,P,Kaolin,1
,,Industrial,,,,,,e,,,,,,USGS_MINFAC_2017,,,,,,2014,-31.068,,-31.068,E,CL,,Coquimbo,230,,Y,Mario Alberto Pizarro A.S.A.,Plant at Los Vilos,,,,,,mt,Mario Alberto Pizarro A.S.A.,,,,,mt,,,,"Plant at Los Vilos, Coquimbo (Region IV)",,,,Chile,Processing Plant,Mario Alberto Pizarro A.S.A.,-71.2022,Pyrophyllite,777,-71.2022,802,Plant at Los Vilos,,Active,"1,000","1,000",Pyrophyllite,,,,CL230,,Coquimbo,,,,,,,,Pyrophyllite,,,,,,,,Mario Alberto Pizarro A.S.A.,P,Pyrophyllite,1
,,Metal,,,,,,e,,,,,,USGS_MINFAC_2017,,,,,,2014,-33.6775,,-33.6775,E,CL,,Santiago,231,,,Soprocal Calerías e Industrias S.A.,Plant at Melipilla,,,,,,tmt,Soprocal Calerías e Industrias S.A.,,,,,tmt,,,,"Plant at Melipilla, Santiago Metropolitan Region",,,,Chile,Processing Plant,Soprocal Calerías e Industrias S.A.,-71.215,Lime,778,-71.215,803,Plant at Melipilla,,Active,165,165,Lime,,,,CL231,,Santiago,,,,,,,,Lime (hydraulic),,,,,,,,Soprocal Calerías e Industrias S.A.,P,Lime,1
,,Industrial,,,,,,e,,,,,,USGS_MINFAC_2017,,,,,,2014,-18.4104,,-18.4104,E,CL,,Arica y Parinacota,233,,,"IMERYS S.A., 100%",Plant at Port of Arica,,,,,,tmt,Celite Chile Ltda. ,,,,***CL232-233,tmt,,,,"Plant at Port of Arica, and mining operations nearby in Regions I and XV",,,,Chile,Processing Plant,Celite Chile Ltda. ,-70.3086,Diatomite,779,-70.3086,805,Plant at Port of Arica,,Active,30,30,Diatomite,,,,CL233,,Arica y Parinacota,,,,,,,,Diatomite,,,,,,,,"IMERYS S.A., 100%",P,Diatomite,1
,,Industrial,,Y,,,,e,,,,,,USGS_MINFAC_2017,,,,,,2014,-23.6414,,-23.6414,E,CL,,Antofagasta,234,,,"Sociedad Química y Minera de Chile S.A. (SQM), 100%",Plant at Salar del Carmen,,,,,,mt,SQM Salar S.A. ,,,,,mt,,,,"Plant at Salar del Carmen, near the city of Antofagasta, Antofagasta (Region II)",,,,Chile,Processing Plant,SQM Salar S.A. ,-70.2593,Lithium,780,-70.2593,806,Plant at Salar del Carmen,,Active,"48,000","48,000",Lithium,,,,CL234,,Antofagasta,,,,,,,,Lithium carbonate,,,,,,,,"Sociedad Química y Minera de Chile S.A. (SQM), 100%",B,Lithium,1
,,Industrial,,Y,,,,,,,,,,USGS_MINFAC_2017,,,,,,2014,-23.6414,,-23.6414,E,CL,,Antofagasta,234,,,"Sociedad Química y Minera de Chile S.A. (SQM), 100%",Plant at Salar del Carmen,,,,,,,SQM Salar S.A. ,,,,,,,,,"Plant at Salar del Carmen, near the city of Antofagasta, Antofagasta (Region II)",,,,Chile,Processing Plant,SQM Salar S.A. ,-70.2593,Lithium,781,-70.2593,807,Plant at Salar del Carmen,,Active,,,Lithium,,,,CL234,,Antofagasta,,,,,,,,Lithium chloride,,,,,,,,"Sociedad Química y Minera de Chile S.A. (SQM), 100%",B,Lithium,1
,,Industrial,,,,,,,,,,,,USGS_MINFAC_2017,,,,,,2014,-28.823,,-28.823,E,CL,,Atacama,235,,,Compañía Minera Feltre Ltda.,Plant at Santiago,,,,,,,Compañía Minera Feltre Ltda.,,,,,,,,,"Plant at Santiago, Santiago Metropolitan Region ",,,,Chile,Processing Plant,Compañía Minera Feltre Ltda.,-70.2749,Calcium Carbonate,782,-70.2749,808,Plant at Santiago,,Active,,,Calcium carbonate,,,,CL235,,Atacama,,,,,,,,Calcium carbonate (natural),,,,,,,,Compañía Minera Feltre Ltda.,P,Calcium carbonate,1
,,Industrial,,,,,,,,,,,,USGS_MINFAC_2017,,,,,,2014,-29.8408,,-29.8408,E,CL,,Coquimbo,236,,,Compañía Minera Saturno Ltda.,Plant at Santiago,,,,,,,Compañía Minera Saturno Ltda.,,,,,,,,,"Plant at Santiago, Santiago Metropolitan Region ",,,,Chile,Processing Plant,Compañía Minera Saturno Ltda.,-71.096,Calcium Carbonate,783,-71.096,809,Plant at Santiago,,Active,,,Calcium carbonate,,,,CL236,,Coquimbo,,,,,,,,Calcium carbonate (natural),,,,,,,,Compañía Minera Saturno Ltda.,P,Calcium carbonate,1
,,Industrial,,,,,,,,,,,,USGS_MINFAC_2017,,,,,,2014,-35.5637,,-35.5637,E,CL,,Maule,237,,,Cristalerías Toro S.A.I.C.,Plant at Santiago,,,,,,,Cristalerías Toro S.A.I.C.,,,,,,,,,"Plant at Santiago, Santiago Metropolitan Region ",,,,Chile,Processing Plant,Cristalerías Toro S.A.I.C.,-72.5964,Calcium Carbonate,784,-72.5964,"810, 1784",Plant at Santiago,,Active,,,Calcium carbonate,,,,CL237,,Maule,,,,,,,,Calcium carbonate (natural),,,,,,,,Cristalerías Toro S.A.I.C.,P,Calcium carbonate,1
,,Industrial,,,,,,,,,,,,USGS_MINFAC_2017,,,,,,2014,-27.7598,,-27.7598,E,CL,,Atacama,238,,,Unimin Chile Ltda.,Plant at Santiago,,,,,,,Unimin Chile Ltda.,,,,,,,,,"Plant at Santiago, Santiago Metropolitan Region ",,,,Chile,Processing Plant,Unimin Chile Ltda.,-71.0102,Calcium Carbonate,785,-71.0102,811,Plant at Santiago,,Active,,,Calcium carbonate,,,,CL238,,Atacama,,,,,,,,Calcium carbonate (natural),,,,,,,,Unimin Chile Ltda.,P,Calcium carbonate,1
,,Industrial,,,,,,,,,,,,USGS_MINFAC_2017,,,,,,2014,-33.4035,,-33.4035,E,CL,,Santiago,135,,,"IMERYS S.A., 100%",Plant at Santiago,,,,,,,Harborlite Chile Ltda. ,,,,,,,,,"Laguna del Maule Mine at Talca, Maule (Region VII), and plant at Santiago, Santiago Metropolitan Region",,,,Chile,Processing Plant,Harborlite Chile Ltda. ,-70.8243,Pumicite,786,-70.8243,678,Plant at Santiago,,Active,,,Pumicite,,,,CL135,,Santiago,,,,,,,,Pumicite (including pozzolan),,,,,,,,"IMERYS S.A., 100%",P,Pumicite,1
,,Industrial,,,,,,e,,,,,,USGS_MINFAC_2017,,,,,,2014,-33.5401,,-33.5401,E,CL,,Santiago,289,,,Empresas El Melón S.A.,Plant at Santiago,,,,,,tmt,Empresas El Melón S.A.,,,,***CL289-290,tmt,,,,"Quarry at Rinconada Lo Vial near Maipu, and plant at Santiago, Santiago Metropolitan Region",,,,Chile,Processing Plant,Empresas El Melón S.A.,-70.7167,Pumicite,787,-70.7167,866,Plant at Santiago,,Active,"1,200","1,200",Pumicite,,,,CL289,,Santiago,,,,,,,,Pumicite (including pozzolan),,,,,,,,Empresas El Melón S.A.,P,Pumicite,1
,,Industrial,,,,,,,,,,,,USGS_MINFAC_2017,,,,,,2014,-35.0098,,-35.0098,E,CL,,Maule,266,,,"Cementos Bío Bío S.A., 100%",Plant at Teno,,,,,,,Minera Río Teno S.A. ,,,,,,,,,"Quarry and plant at Teno, near Curico, Maule (Region VII)",,,,Chile,Processing Plant,Minera Río Teno S.A. ,-70.4281,Calcium Carbonate,788,-70.4281,839,Plant at Teno,,Active,,,Calcium carbonate,,,,CL266,,Maule,,,,,,,,Calcium carbonate (natural),,,,,,,,"Cementos Bío Bío S.A., 100%",P,Calcium carbonate,1
,,Industrial,,,,,,,,,,,,USGS_MINFAC_2017,,,,,,2014,-33.0881,,-33.0881,E,CL,,Santiago,171,,,Minera Lealtad Ltda.,Plant at Til Til,,,,,,,Minera Lealtad Ltda.,,,,,,,,,"Mine and plant at Til Til, Santiago Metropolitan Region",,,,Chile,Processing Plant,Minera Lealtad Ltda.,-70.8963,Kaolin,789,-70.8963,726,Plant at Til Til,,Active,,,Kaolin,,,,CL171,,Santiago,,,,,,,,Kaolin,,,,,,,,Minera Lealtad Ltda.,P,Kaolin,1
,,Industrial,,,,,,,,,,,,USGS_MINFAC_2017,,,,,,2014,-50.3586,,-50.3586,E,CL,,Atacama,239,,,Imopac Ltda.,Plant at Vallenar,,,,,,,Imopac Ltda.,,,,,,,,,"Plant at Vallenar, Atacama (Region III)",,,,Chile,Processing Plant,Imopac Ltda.,-75.344,Calcium Carbonate,790,-75.344,812,Plant at Vallenar,,Active,,,Calcium carbonate,,,,CL239,,Atacama,,,,,,,,Calcium carbonate (natural),,,,,,,,Imopac Ltda.,P,Calcium carbonate,1
,,Industrial,,,,,,,,,,,,USGS_MINFAC_2017,,,,,,2014,-28.537,,-28.537,E,CL,,Atacama,269,,,Sociedad Contractual Minera Pirineos ,Plant at Vallenar,,,,,,,Sociedad Contractual Minera Pirineos ,,,,,,,,,"Quarry and plant at Vallenar, Atacama (Region III)",,,,Chile,Processing Plant,Sociedad Contractual Minera Pirineos ,-70.7417,Calcium Carbonate,791,-70.7417,842,Plant at Vallenar,,Active,,,Calcium carbonate,,,,CL269,,Atacama,,,,,,,,Calcium carbonate (natural),,,,,,,,Sociedad Contractual Minera Pirineos ,MP,Calcium carbonate,1
,,Industrial,,,,,,e,,,,,,USGS_MINFAC_2017,,,,,,2014,-24.1357,,-24.1357,E,CL,,Antofagasta,173,,,SCM Bullmine and RB Energy,Plant in Aguas Blancas,,,,,,mt,Atacama Minerals Chile Minera ,,,,***CL172-173,mt,,,,"Mine and plant in Aguas Blancas, Antofagasta (Region II)",,,,Chile,Processing Plant,Atacama Minerals Chile Minera ,-69.8671,Iodine,792,-69.8671,"728, 1629",Plant in Aguas Blancas,,Active,"2,200","2,200",Iodine,,,,CL173,,Antofagasta,,,,,,,,Iodine,,,,,,,,SCM Bullmine and RB Energy,P,Iodine,1
,,Industrial,,,,,,,,,,,,USGS_MINFAC_2017,,,,,,2014,-22.4495,,-22.4495,E,CL,,Antofagasta,271,,,Andes Travertine & Stones S.A.,Plant in Antofagasta (Region II),,,,,,,Andes Travertine & Stones S.A.,,,,,,,,,Quarry and plant in Antofagasta (Region II),,,,Chile,Processing Plant,Andes Travertine & Stones S.A.,-68.823,Travertine,793,-68.823,846,Plant in Antofagasta (Region II),,Active,,,Travertine,,,,CL271,,Antofagasta,,,,,,,,Travertine (dimension stone),,,,,,,,Andes Travertine & Stones S.A.,P,Travertine,1
,,Industrial,,,,,,e,,,,,,USGS_MINFAC_2017,,,,,,2014,-28.8282,,-28.8282,E,CL,,Atacama,273,,,Compañía Minera Feltre Ltda.,Plant in Atacama (Region III),,,,,,mt,Compañía Minera Feltre Ltda.,,,,***CL273-274,mt,,,,Quarry and plant in Atacama (Region III),,,,Chile,Processing Plant,Compañía Minera Feltre Ltda.,-70.2769,Marble,794,-70.2769,844,Plant in Atacama (Region III),,Active,"1,400","1,400",Marble,,,,CL273,,Atacama,,,,,,,,Marble (dimension stone),,,,,,,,Compañía Minera Feltre Ltda.,P,Marble,1
,,Metal,,,,,,e,,,,,,USGS_MINFAC_2017,,,,,,2014,-36.7495,,-36.7495,E,CL,,Biobío,240,,,"Subsidiary of CAP S.A. (private, 100%)",Plant in Bahia de San Vicente,,,,,,tmt,Cía. Siderúrgica Huachipato S.A. ,,,,,tmt,,,,"Plant in Bahia de San Vicente, Biobío (Region VIII), 14 kilometers northeast of Concepcion",,,,Chile,Processing Plant,Cía. Siderúrgica Huachipato S.A. ,-73.1295,Iron,795,-73.1295,813,Plant in Bahia de San Vicente,,Active,"1,200","1,200",Iron and steel,,,,CL240,,Biobío,,,,,,,,Pig iron,,,,,,,,"Subsidiary of CAP S.A. (private, 100%)",P,Iron and steel,1
,,Metal,,,,,,e,,,,,,USGS_MINFAC_2017,,,,,,2014,-29.9512,,-29.9512,E,CL,,Coquimbo,242,,,"Subsidiary of CAP S.A. (private, 100%)",Plant in Coquimbo city,,,,,,mt,Manganesos Atacama S.A. ,,,,,mt,,,,Plant in Coquimbo city and mines in Coquimbo (Region IV),,,,Chile,Processing Plant,Manganesos Atacama S.A. ,-71.2918,Manganese,796,-71.2918,815,Plant in Coquimbo city,,Care & Maintenance,"10,000","10,000",Manganese,,,,CL242,,Coquimbo,,,,,,,,Metal,,,,,,,,"Subsidiary of CAP S.A. (private, 100%)",P,Manganese,1
,,Industrial,,,,,,,,,,,,USGS_MINFAC_2017,,,,,,2014,-33.3889,,-33.3889,E,CL,,Santiago,243,,,"Sociedad Química y Minera de Chile S.A. (SQM), 100%",Plant in Santiago Metropolitan Region,,,,,,,S.Q.M. Salar S.A. ,,,,,,,,,Plant in Santiago Metropolitan Region,,,,Chile,Processing Plant,S.Q.M. Salar S.A. ,-70.6904,Boron,797,-70.6904,816,Plant in Santiago Metropolitan Region,,Active,,,Boron,,,,CL243,,Santiago,,,,,,,,Boron compounds (B2O3 content),,,,,,,,"Sociedad Química y Minera de Chile S.A. (SQM), 100%",P,Boron,1
,,Industrial,,,,,,,,,,,,USGS_MINFAC_2017,,,,,,2014,-33.1913,,-33.1913,E,CL,,Valparaíso,261,,,Minera Pacífico Ltda.,Plant in Santiago Metropolitan Region,,,,,,,Minera Pacífico Ltda.,,,,,,,,,"Quarries and plants in Libertador General Bernardo O'Higgins (Region VI), and plant in Santiago Metropolitan Region",,,,Chile,Processing Plant,Minera Pacífico Ltda.,-71.5565,Feldspar,798,-71.5565,834,Plant in Santiago Metropolitan Region,,Active,,,Feldspar,,,,CL261,,Valparaíso,,,,,,,,Feldspar,,,,,,,,Minera Pacífico Ltda.,P,Feldspar,1
,,Industrial,,,,,,,,,,,,USGS_MINFAC_2017,,,,,,2014,-32.9707,,-32.9707,E,CL,,Santiago,80,,,Compañía Minera Polpaico Ltda.,Plant in the Santiago Metropolitan Region,,,,,,,Compañía Minera Polpaico Ltda. ,,,,,,,,,El Guindo Mine and a plant in the Santiago Metropolitan Region,,,,Chile,Processing Plant,Compañía Minera Polpaico Ltda. ,-70.8137,Kaolin,799,-70.8137,604,Plant in the Santiago Metropolitan Region,,Active,,,Kaolin,,,,CL80,,Santiago,,,,,,,,Kaolin,,,,,,,,Compañía Minera Polpaico Ltda.,P,Kaolin,1
,,Industrial,,,,,,,,,,,,USGS_MINFAC_2017,,,,,,2014,-33.444,,-33.444,E,CL,,Santiago,255,,,Compañía Minera Polpaico Ltda. ,Plant in the Santiago Metropolitan Region,,,,,,,Compañía Minera Polpaico Ltda. ,,,,,,,,,"Puzolana Norte Mine, Antofagasta (Region II); and Puzolana Pudahuel Mine and a plant in the Santiago Metropolitan Region",,,,Chile,Processing Plant,Compañía Minera Polpaico Ltda. ,-70.793,Pumicite,800,-70.793,828,Plant in the Santiago Metropolitan Region,,Active,,,Pumicite,,,,CL255,,Santiago,,,,,,,,Pumicite (including pozzolan),,,,,,,,Compañía Minera Polpaico Ltda. ,P,Pumicite,1
,,Industrial,,,,,,e,,,,,,USGS_MINFAC_2017,,,,,,2014,-24.2369,,-24.2369,E,CL,,Antofagasta,257,,,"Cementos Bío Bío S.A., 100%",Plant near Antofagasta (Region II),,,,,,tmt,Minera El Way S.A. ,,,,***CL257-258,tmt,,,,Quarries and plant near Antofagasta (Region II),,,,Chile,Processing Plant,Minera El Way S.A. ,-70.0992,Pumicite,801,-70.0992,830,Plant near Antofagasta (Region II),,Active,100,100,Pumicite,,,,CL257,,Antofagasta,,,,,,,,Pumicite (including pozzolan),,,,,,,,"Cementos Bío Bío S.A., 100%",P,Pumicite,1
,,Industrial,,,,,,e,,,,,,USGS_MINFAC_2017,,,,,,2014,-23.783,,-23.783,E,CL,,Antofagasta,244,,,"Industria Nacional de Cemento S.A. (INACESA), 100%",Plant near Antofagasta City,,,,,,tmt,Industria Nacional de Cemento S.A. (INACESA),,,,,tmt,,,,"Plant near Antofagasta City, Antofagasta (Region II)",,,,Chile,Processing Plant,Industria Nacional de Cemento S.A. (INACESA),-70.3186,Cement,802,-70.3186,817,Plant near Antofagasta City,,Active,500,500,Cement,,,,CL244,,Antofagasta,,,,,,,,Cement,,,,,,,,"Industria Nacional de Cemento S.A. (INACESA), 100%",P,Cement,1
,,Metal,,,,,,e,,,,,,USGS_MINFAC_2017,,,,,,2014,-23.783,,-23.783,E,CL,,Antofagasta,248,,,"Cementos Bío Bío S.A., 100%",Plant near Antofagasta City,,,,,,tmt,Cales Inacesa S.A. (INACESA),,,,***CL248-249,tmt,,,,"Plants near Antofagasta City, Antofagasta (Region II), and near Copiapo City, Atacama (Region III)",,,,Chile,Processing Plant,Cales Inacesa S.A. (INACESA),-70.3186,Lime,803,-70.3186,821,Plant near Antofagasta City,,Active,"1,100","1,100",Lime,,,,CL248,,Antofagasta,,,,,,,,Lime (hydraulic),,,,,,,,"Cementos Bío Bío S.A., 100%",P,Lime,1
,,Industrial,,,,,,e,,,,,,USGS_MINFAC_2017,,,,,,2014,-18.3913,,-18.3913,E,CL,,Arica y Parinacota,276,,,Sociedad Legal Minera Mabel Dos Primera de Arica,Plant near Arica,,,,,,mt,Sociedad Legal Minera Mabel Dos Primera de Arica,,,,,mt,,,,"Quarry and plant near Arica, Arica y Parinacota (Region XV)",,,,Chile,Processing Plant,Sociedad Legal Minera Mabel Dos Primera de Arica,-70.2853,Bentonite,804,-70.2853,849,Plant near Arica,,Active,"1,500","1,500",Bentonite,,,,CL276,,Arica y Parinacota,,,,,,,,Bentonite,,,,,,,,Sociedad Legal Minera Mabel Dos Primera de Arica,MP,Bentonite,1
,,Industrial,,,,,,e,,,,,,USGS_MINFAC_2017,,,,,,2014,-22.9537,,-22.9537,E,CL,,Antofagasta,175,,,Cedric Fernández y Compañía Ltda.,Plant near Calama,,,,,,tmt,Cedric Fernández y Compañía Ltda.,,,,***CL174-175,tmt,,,,"Mine and plant near Calama, Antofagasta (Region II)",,,,Chile,Processing Plant,Cedric Fernández y Compañía Ltda.,-69.4069,Silica,805,-69.4069,730,Plant near Calama,,Active,100,100,Silica,,,,CL175,,Antofagasta,,,,,,,,Silica (quartz),,,,,,,,Cedric Fernández y Compañía Ltda.,p,Silica,1
,,Industrial,,,,,,e,,,,,,USGS_MINFAC_2017,,,,,,2014,-33.5127,,-33.5127,E,CL,,Valparaíso,84,,,Productora Cuarzo El Peral Ltda.,Plant near Cartagena,,,,,,tmt,Productora Cuarzo El Peral Ltda.,,,,,tmt,,,,"El Peral Mine and plant near Cartagena, Valparaíso (Region V)",,,,Chile,Processing Plant,Productora Cuarzo El Peral Ltda.,-71.5969,Silica,806,-71.5969,610,Plant near Cartagena,,Active,250,250,Silica,,,,CL84,,Valparaíso,,,,,,,,Silica (quartz),,,,,,,,Productora Cuarzo El Peral Ltda.,P,Silica,1
,,Industrial,,,,,,e,,,,,,USGS_MINFAC_2017,,,,,,2014,-27.4531,,-27.4531,E,CL,,Atacama,259,,,"Cementos Bío Bío S.A., 100%",Plant near Copiapo,,,,,,tmt,Minera El Jilguero S.A. ,,,,***CL259-260,tmt,,,,"Quarries and plant near Copiapo, Atacama (Region III)",,,,Chile,Processing Plant,Minera El Jilguero S.A. ,-70.2143,Dolomite,807,-70.2143,832,Plant near Copiapo,,Active,30,30,Dolomite,,,,CL259,,Atacama,,,,,,,,Dolomite,,,,,,,,"Cementos Bío Bío S.A., 100%",P,Dolomite,1
,,Industrial,,,,,,e,,,,,,USGS_MINFAC_2017,,,,,,2014,-26.7629,,-26.7629,E,CL,,Atacama,178,,,Sociedad Legal Minera Pedro Luís,Plant near Copiapo,,,,,,tmt,Sociedad Legal Minera Pedro Luís,,,,***CL177-178,tmt,,,,"Mine and plant near Copiapo, Atacama (Region III)",,,,Chile,Processing Plant,Sociedad Legal Minera Pedro Luís,-69.9778,Silica,808,-69.9778,733,Plant near Copiapo,,Active,120,120,Silica,,,,CL178,,Atacama,,,,,,,,Silica (quartz),,,,,,,,Sociedad Legal Minera Pedro Luís,P,Silica,1
,,Metal,,,,,,e,,,,,,USGS_MINFAC_2017,,,,,,2014,-27.3582,,-27.3582,E,CL,,Atacama,249,,,"Cementos Bío Bío S.A., 100%",Plant near Copiapo City,,,,,,tmt,Cales Inacesa S.A. (INACESA),,,,***CL248-249,tmt,,,,"Plants near Antofagasta City, Antofagasta (Region II), and near Copiapo City, Atacama (Region III)",,,,Chile,Processing Plant,Cales Inacesa S.A. (INACESA),-70.2221,Lime,809,-70.2221,822,Plant near Copiapo City,,Active,"1,100","1,100",Lime,,,,CL249,,Atacama,,,,,,,,Lime (hydraulic),,,,,,,,"Cementos Bío Bío S.A., 100%",P,Lime,1
,,Metal,,,,,,e,,,,,,USGS_MINFAC_2017,,,,,,2014,-29.8353,,-29.8353,E,CL,,Coquimbo,180,,,Compañía Minera San Gerónimo,Plant near Coquimbo (Region IV),,,,,,mt,Compañía Minera San Gerónimo,,,,***CL179-180,mt,,,,Mine and plant near Coquimbo (Region IV),,,,Chile,Processing Plant,Compañía Minera San Gerónimo,-71.1035,Copper,810,-71.1035,735,Plant near Coquimbo (Region IV),,Active,"10,000","10,000",Copper,,,,CL180,,Coquimbo,,,,,,,,Copper sulfate,,,,,,,,Compañía Minera San Gerónimo,P,Copper,1
,,Industrial,,,,,,e,,,,,,USGS_MINFAC_2017,,,,,,2014,-35.0098,,-35.0098,E,CL,,Libertador General Bernardo O'Higgins,277,,,"Cementos Bío Bío S.A., 100%",Plant near Curico,,,,,,tmt,Minera Río Teno S.A. ,,,,***CL277-278,tmt,,,,"Quarry and plant near Curico, Libertador General Bernardo O'Higgins (Region VI)",,,,Chile,Processing Plant,Minera Río Teno S.A. ,-70.4281,Pumicite,811,-70.4281,850,Plant near Curico,,Active,200,200,Pumicite,,,,CL277,,Libertador General Bernardo O'Higgins,,,,,,,,Pumicite (including pozzolan),,,,,,,,"Cementos Bío Bío S.A., 100%",P,Pumicite,1
,,Industrial,,,,,,e,,,,,,USGS_MINFAC_2017,,,,,,2014,-34.8657,,-34.8657,E,CL,,Maule,245,,,"Industria Nacional de Cemento S.A. (INACESA), 100%",Plant near Curico City,,,,,,tmt,Industria Nacional de Cemento S.A. (INACESA),,,,,tmt,,,,"Plant near Curico City, Maule (Region VII)",,,,Chile,Processing Plant,Industria Nacional de Cemento S.A. (INACESA),-71.1401,Cement,812,-71.1401,818,Plant near Curico City,,Active,"1,700","1,700",Cement,,,,CL245,,Maule,,,,,,,,Cement,,,,,,,,"Industria Nacional de Cemento S.A. (INACESA), 100%",P,Cement,1
,,Industrial,,,,,,e,,,,,,USGS_MINFAC_2017,,,,,,2014,-31.6429,,-31.6429,E,CL,,Coquimbo,279,,,Alfredo Villalobos Román Tarsicio S.A.,Plant near Illapel,,,,,,,Alfredo Villalobos Román Tarsicio S.A.,,,,,,,,,"Quarry and plant near Illapel, Coquimbo (Region IV) ",,,,Chile,Processing Plant,Alfredo Villalobos Román Tarsicio S.A.,-71.3819,Calcium Carbonate,813,-71.3819,852,Plant near Illapel,,Active,,,Calcium carbonate,,,,CL279,,Coquimbo,,,,,,,,Calcium carbonate (natural),,,,,,,,Alfredo Villalobos Román Tarsicio S.A.,P,Calcium carbonate,1
,,Industrial,,,,,,e,,,,,,USGS_MINFAC_2017,,,,,,2014,-20.223,,-20.223,E,CL,,Tarapacá,182,,Y,"Inverraz S.A., 100%",Plant near Iquique,,,,,,mt,Cosayach Nitratos S.A. ,,,,***CL181-182,mt,,,,"Mine and plant near Iquique, Tarapacá (Region I)",,,,Chile,Processing Plant,Cosayach Nitratos S.A. ,-69.7966,Iodine,814,-69.7966,739,Plant near Iquique,,Active,"3,000","3,000",Iodine,,,,CL182,,Tarapacá,,,,,,,,Iodine,,,,,,,,"Inverraz S.A., 100%",P,Iodine,1
,,Industrial,,,,,,e,,,,,,USGS_MINFAC_2017,,,,,,2013,-20.223,,-20.223,E,CL,,Tarapacá,182,,Y,"Inverraz S.A., 100%",Plant near Iquique,,,,,,tmt,Cosayach Nitratos S.A. ,,,,***CL181-182,tmt,,,,"Mine and plant near Iquique, Tarapacá (Region I)",,,,Chile,Processing Plant,Cosayach Nitratos S.A. ,-69.7966,Nitrate,815,-69.7966,740,Plant near Iquique,,Active,200,200,Nitrates,,,,CL182,,Tarapacá,,,,,,,,Nitrates (in fertilizers),,,,,,,,"Inverraz S.A., 100%",P,Nitrates,1
,,Industrial,,,,,,e,,,,,,USGS_MINFAC_2017,,,,,,2014,-20.3367,,-20.3367,E,CL,,Tarapacá,182,,,Guano Rojo Punta Gruesa Ltda.,Plant near Iquique,,,,,,tmt,Guano Rojo Punta Gruesa Ltda.,,,,,tmt,,,,"Mine and plant near Iquique, Tarapacá (Region I)",,,,Chile,Processing Plant,Guano Rojo Punta Gruesa Ltda.,-70.1405,Phosphate,816,-70.1405,741,Plant near Iquique,,Active,3,3,Phosphatic materials,,,,CL182,,Tarapacá,,,,,,,,Guano,,,,,,,,Guano Rojo Punta Gruesa Ltda.,P,Phosphatic materials,1
,,Industrial,,,,,,,,,,,,USGS_MINFAC_2017,,,,,,2014,-32.7637,,-32.7637,E,CL,,Valparaíso,281,,,J.B. Schiappacase A.,Plant near Limache,,,,,,,J.B. Schiappacase A.,,,,,,,,,"Quarry and plant near Limache, Valparaíso (Region V)",,,,Chile,Processing Plant,J.B. Schiappacase A.,-70.9003,Feldspar,817,-70.9003,854,Plant near Limache,,Active,,,Feldspar,,,,CL281,,Valparaíso,,,,,,,,Feldspar,,,,,,,,J.B. Schiappacase A.,P,Feldspar,1
,,Industrial,,,,,,,,,,,,USGS_MINFAC_2017,,,,,,2014,-33.4455,,-33.4455,E,CL,,Santiago,133,,,"Cementos Bío Bío S.A., 51%, and Soprocal Calerías e Industrias S.A., 49%",Plant near Melipilla,,,,,,,Minera Río Colorado S.A ,,,,,,,,,"La Perla Mine and plant near Melipilla, Santiago Metropolitan Region",,,,Chile,Processing Plant,Minera Río Colorado S.A ,-70.0237,Calcium Carbonate,818,-70.0237,676,Plant near Melipilla,,Active,,,Calcium carbonate,,,,CL133,,Santiago,,,,,,,,Calcium carbonate (natural),,,,,,,,"Cementos Bío Bío S.A., 51%, and Soprocal Calerías e Industrias S.A., 49%",P,Calcium carbonate,1
,,Industrial,,,,,,,,,,,,USGS_MINFAC_2017,,,,,,2014,-33.8315,,-33.8315,E,CL,,Santiago,185,,,"Soprocal Calerías e Industrias S.A., 100%",Plant near Melipilla,,,,,,,Sociedad Minera Las Abuelitas Ltda. ,,,,,,,,,"Mine and plant near Melipilla, Santiago Metropolitan Region",,,,Chile,Processing Plant,Sociedad Minera Las Abuelitas Ltda. ,-71.02,Calcium Carbonate,819,-71.02,744,Plant near Melipilla,,Active,,,Calcium carbonate,,,,CL185,,Santiago,,,,,,,,Calcium carbonate (natural),,,,,,,,"Soprocal Calerías e Industrias S.A., 100%",P,Calcium carbonate,1
,,Industrial,,,,,,,,,,,,USGS_MINFAC_2017,,,,,,2014,-32.8031,,-32.8031,A,CL,,Valparaíso,187,,,Sociedad Minera Godoy Schwenger y Cía.,Plant near Quillota,,,,,,,Sociedad Minera Godoy Schwenger y Cía.,,,,,,,,,"Mine and plant near Quillota, Region V",,,,Chile,Processing Plant,Sociedad Minera Godoy Schwenger y Cía.,-71.1457,Calcium Carbonate,820,-71.1457,746,Plant near Quillota,,Active,,,Calcium carbonate,,,,CL187,,Valparaíso,,,,,,,,Calcium carbonate (natural),,,,,,,,Sociedad Minera Godoy Schwenger y Cía.,P,Calcium carbonate,1
,,Industrial,,,,,,,,,,,,USGS_MINFAC_2017,,,,,,2014,-32.8031,,-32.8031,A,CL,,Valparaíso,283,,,Sociedad Minera Godoy Schwenger y Cía.,Plant near Quillota,,,,,,,Sociedad Minera Godoy Schwenger y Cía.,,,,,,,,,"Quarry and plant near Quillota, Valparaíso (Region V)",,,,Chile,Processing Plant,Sociedad Minera Godoy Schwenger y Cía.,-71.1457,Clay,821,-71.1457,856,Plant near Quillota,,Active,,,Clay,,,,CL283,,Valparaíso,,,,,,,,Clay,,,,,,,,Sociedad Minera Godoy Schwenger y Cía.,MP,Clay,1
,,Industrial,,,,,,,,,,,,USGS_MINFAC_2017,,,,,,2014,-33.3787,,-33.3787,E,CL,,Santiago,130,,Y,Antonio Zotti Rosetti y Cía. Sociedad Minera,Plant near Renca,,,,,,,Antonio Zotti Rosetti y Cía. Sociedad Minera,,,,,,,,,"La Confianza and San José Mines near Los Vilos, Coquimbo (Region IV); Margarita and San Nicolas Mines, and a plant near Renca, Santiago Metropolitan Region",,,,Chile,Processing Plant,Antonio Zotti Rosetti y Cía. Sociedad Minera,-70.7082,Gypsum,822,-70.7082,671,Plant near Renca,,Active,,,Gypsum,,,,CL130,,Santiago,,,,,,,,Gypsum (natural),,,,,,,,Antonio Zotti Rosetti y Cía. Sociedad Minera,P,Gypsum,1
,,Industrial,,,,,,e,,,,,,USGS_MINFAC_2017,,,,,,2014,-33.3787,,-33.3787,E,CL,,Santiago,130,,Y,Antonio Zotti Rosetti y Cía. Sociedad Minera,Plant near Renca,,,,,,tmt,Antonio Zotti Rosetti y Cía. Sociedad Minera,,,,***CL129-131,tmt,,,,"La Confianza and San José Mines near Los Vilos, Coquimbo (Region IV); Margarita and San Nicolas Mines, and a plant near Renca, Santiago Metropolitan Region",,,,Chile,Processing Plant,Antonio Zotti Rosetti y Cía. Sociedad Minera,-70.7082,Silica,823,-70.7082,672,Plant near Renca,,Active,20,20,Silica,,,,CL130,,Santiago,,,,,,,,Silica (quartz),,,,,,,,Antonio Zotti Rosetti y Cía. Sociedad Minera,P,Silica,1
,,Industrial,,,,,,e,,,,,,USGS_MINFAC_2017,,,,,,2014,-31.0252,,-31.0252,A,CL,,Coquimbo,189,,,Minera Trucco Ltda.,Plant near Santiago,,,,,,,Minera Trucco Ltda.,,,,,,,,,"Mine and plant near Santiago, Santiago Metropolitan Region",,,,Chile,Processing Plant,Minera Trucco Ltda.,-71.4618,Talc,824,-71.4618,748,Plant near Santiago,,Active,,,Talc,,,,CL189,,Coquimbo,,,,,,,,Talc,,,,,,,,Minera Trucco Ltda.,P,Talc,1
,,Metal,,,,,,e,,,,,,USGS_MINFAC_2017,,,,,,2014,-21.9459,,-21.9459,E,CL,,Antofagasta,191,,,Minera Capacho Viejo Ltda. ,Plant near Tocopilla,,,,,,mt,Minera Capacho Viejo Ltda. ,,,,***CL190-191,mt,,,,"Mine and plant near Tocopilla, Antofagasta (Region II)",,,,Chile,Processing Plant,Minera Capacho Viejo Ltda. ,-69.8715,Copper,825,-69.8715,750,Plant near Tocopilla,,Active,"5,000","5,000",Copper,,,,CL191,,Antofagasta,,,,,,,,Copper sulfate,,,,,,,,Minera Capacho Viejo Ltda. ,P,Copper,1
,,Industrial,,,,,,,,,,,,USGS_MINFAC_2017,,,,,,2014,-30.3058,,-30.3058,E,CL,,Coquimbo,284,,,Explotaciones de Minas Tongoy Ltda.,Plant near Tongoy,,,,,,,Explotaciones de Minas Tongoy Ltda.,,,,,,,,,"Quarry and plant near Tongoy, Coquimbo (Region IV)",,,,Chile,Processing Plant,Explotaciones de Minas Tongoy Ltda.,-71.5062,Calcium Carbonate,826,-71.5062,"857, 1587",Plant near Tongoy,,Active,,,Calcium carbonate,,,,CL284,,Coquimbo,,,,,,,,Calcium carbonate (natural),,,,,,,,Explotaciones de Minas Tongoy Ltda.,P,Calcium carbonate,1
,,Industrial,,,,,,,,,,,,USGS_MINFAC_2017,,,,,,2014,-34.2315,,-34.2315,A,CL,,Libertador General Bernardo O'Higgins,262,,,Minera Pacífico Ltda.,Plants in Libertador General Bernardo O'Higgins (Region VI),,,,,,,Minera Pacífico Ltda.,,,,,,,,,"Quarries and plants in Libertador General Bernardo O'Higgins (Region VI), and plant in Santiago Metropolitan Region",,,,Chile,Processing Plant,Minera Pacífico Ltda.,-71.649,Feldspar,827,-71.649,835,Plants in Libertador General Bernardo O'Higgins (Region VI),,Active,,,Feldspar,,,,CL262,,Libertador General Bernardo O'Higgins,,,,,,,,Feldspar,,,,,,,,Minera Pacífico Ltda.,P,Feldspar,1
,,Industrial,,,,,,e,,,,,,USGS_MINFAC_2017,,,,,,2014,-20.7482,,-20.7482,E,CL,,Tarapacá,227,,,"K+S Aktiengesellschaft, 100%",Port facilities at Puerto Patillos,,,,,,tmt,Sociedad Minera Punta de Lobos S.A. ,,,,***CL226-227,tmt,,,,"Open pit mine in the Salar Grande de Tarapacá, Tarapacá (Region I), and port facilities at Puerto Patillos",,,,Chile,Processing Plant,Sociedad Minera Punta de Lobos S.A. ,-70.1914,Salt,828,-70.1914,797,Port facilities at Puerto Patillos,,Active,"8,000","8,000",Salt,,,,CL227,,Tarapacá,,,,,,,,Salt,,,,,,,,"K+S Aktiengesellschaft, 100%",P,Salt,1
,,Industrial,,,,,,e,,,,,,USGS_MINFAC_2017,,,,,,2014,-26.283,,-26.283,E,CL,,Atacama,252,,,"Government, 100%",Potrerillos plant,,,,,,tmt,Corporación Nacional del Cobre (CODELCO),,,,,tmt,,,,"Potrerillos plant, Atacama (Region III)",,,,Chile,Processing Plant,Corporación Nacional del Cobre (CODELCO),-69.5965,Sulfuric Acid,830,-69.5965,"825, 1875",Potrerillos plant,,Active,100,100,Sulfuric acid,,,,CL252,,Atacama,,,,,,,,Sulfuric acid,,,,,,,,"Government, 100%",P,Sulfuric acid,1
,,Metal,,,,,,e,,,,,,USGS_MINFAC_2017,,,,,,2014,-26.283,,-26.283,E,CL,,Atacama,90,,,"Government, 100%",Potrerillos SX-EW refinery and smelter,,,,,,tmt,Corporación Nacional del Cobre (CODELCO),,,,***CL87-90,tmt,,,,"El Salvador Division, including Campamento Antiguo and Damiana Norte open pit mines; Inca underground mine; and Potrerillos SX-EW plant and refinery, Atacama (Region III)",,,,Chile,Smelter,Corporación Nacional del Cobre (CODELCO),-69.5965,Copper,831,-69.5965,"616, 1874",Potrerillos SX-EW refinery and smelter,,Active,70,70,Copper,,,,CL90,,Atacama,,,,,,,,Copper,,,,,,,,"Government, 100%",P,Copper,1
,,Metal,,,,,,e,,,,,,USGS_MINFAC_2017,,,,,,2014,-36.7495,,-36.7495,E,CL,,Biobío,253,,,"Subsidiary of CAP S.A. (private, 100%)",Primary plant in Talcahuano,,,,,,tmt,Compañía Siderúrgica Huachipato S.A. ,,,,,tmt,,,,Primary plant in Talcahuano (Region VIII),,,,Chile,Processing Plant,Compañía Siderúrgica Huachipato S.A. ,-73.1295,Iron,832,-73.1295,826,Primary plant in Talcahuano,,Active,"1,500","1,500",Iron and steel,,,,CL253,,Biobío,,,,,,,,Steel (crude),,,,,,,,"Subsidiary of CAP S.A. (private, 100%)",P,Iron and steel,1
,,Industrial,,,,,,,,,,,,USGS_MINFAC_2017,,,,,,2014,-33.1911,,-33.1911,E,CL,,Santiago,286,,Y,Minera Alfa Quintay Ltda.,"Quarry and plant, Valparaíso",,,,,,,Minera Alfa Quintay Ltda.,,,,,,,,,"Quarry and plant, Valparaíso",,,,Chile,Processing Plant,Minera Alfa Quintay Ltda.,-71.5535,Feldspar,841,-71.5535,859,"Quarry and plant, Valparaíso",,Active,,,Feldspar,,,,CL286,,Santiago,,,,,,,,Feldspar,,,,,,,,Minera Alfa Quintay Ltda.,MP,Feldspar,1
,,Industrial,,,,,,e,,,,,,USGS_MINFAC_2017,,,,,,2014,-33.1911,,-33.1911,E,CL,,Santiago,286,,Y,Minera Alfa Quintay Ltda.,"Quarry and plant, Valparaíso",,,,,,tmt,Minera Alfa Quintay Ltda.,,,,,tmt,,,,"Quarry and plant, Valparaíso",,,,Chile,Processing Plant,Minera Alfa Quintay Ltda.,-71.5535,Silica,842,-71.5535,860,"Quarry and plant, Valparaíso",,Active,30,30,Silica,,,,CL286,,Santiago,,,,,,,,Silica (quartz),,,,,,,,Minera Alfa Quintay Ltda.,MP,Silica,1
,,Industrial,,,,,,,,,,,,USGS_MINFAC_2017,,,,,,2014,-33.1911,,-33.1911,E,CL,,Santiago,287,,,Minera Pacífico Ltda.,"Quarry and plant, Valparaíso",,,,,,,Minera Pacífico Ltda.,,,,,,,,,"Quarry and plant, Valparaíso",,,,Chile,Processing Plant,Minera Pacífico Ltda.,-71.5535,Silica,843,-71.5535,861,"Quarry and plant, Valparaíso",,Active,,,Silica,,,,CL287,,Santiago,,,,,,,,Silica (quartz),,,,,,,,Minera Pacífico Ltda.,MP,Silica,1
,,Metal,,,,,,e,,,,,,USGS_MINFAC_2017,,,,,,2014,-21.0027,,-21.0027,E,CL,,Tarapacá,295,,,"Teck Cominco Ltd., 76.5%; Inversiones Mineras S.A., 13.5%; Empresa Nacional de Minería (ENAMI) (Government, 100%), 10%",Quebrada Blanca SX-EW plant,,,,,,tmt,Compañía Minera Quebrada Blanca ,,,,***CL294-295,tmt,,,,"Quebrada Blanca open pit mine and SX-EW plant, Tarapacá (Region I)",,,,Chile,SX-EW Plant,Compañía Minera Quebrada Blanca ,-68.7964,Copper,858,-68.7964,"872, 1799",Quebrada Blanca SX-EW plant,,Active,100,100,Copper,,,,CL295,,Tarapacá,,,,,,,,Copper,,,,,,,,"Teck Cominco Ltd., 76.5%; Inversiones Mineras S.A., 13.5%; Empresa Nacional de Minería (ENAMI) (Government, 100%), 10%",P,Copper,1
,,Metal,,,,,,e,,,,,,USGS_MINFAC_2017,,,,,,2014,-22.1927,,-22.1927,E,CL,,Antofagasta,299,,,"Government, 100%",Radomiro Tomic SX-EW plant,,,,,,tmt,Corporación Nacional del Cobre (CODELCO),,,,***CL298-299,tmt,,,,"Radomiro Tomic Division Mine, and Radomiro Tomic SX-EW plant, Antofagasta (Region II)",,,,Chile,SX-EW Plant,Corporación Nacional del Cobre (CODELCO),-68.8674,Copper,863,-68.8674,"874, 1858",Radomiro Tomic SX-EW plant,,Active,480,480,Copper,,,,CL299,,Antofagasta,,,,,,,,Copper,,,,,,,,"Government, 100%",P,Copper,1
,,Industrial,,,,,,e,,,,,,USGS_MINFAC_2017,,,,,,2014,-36.2496,,-36.2496,E,CL,,Maule,303,,,Sociedad Legal Minera Serrín Tercera,Remulcao Plant at Talca,,,,,,mt,Sociedad Legal Minera Serrín Tercera,,,,***CL303-304,mt,,,,"Serrin Tercera Mine and Remulcao Plant at Talca, Maule (Region VII)",,,,Chile,Processing Plant,Sociedad Legal Minera Serrín Tercera,-71.693,Zeolites,864,-71.693,880,Remulcao Plant at Talca,,Active,300,300,Zeolites,,,,CL303,,Maule,,,,,,,,Zeolites,,,,,,,,Sociedad Legal Minera Serrín Tercera,P,Zeolites,1
,,Industrial,,,,,,e,,,,,,USGS_MINFAC_2017,,,,,,2014,-23.7593,,-23.7593,E,CL,,Atacama,43,,,"Rockwood Holdings Inc., 100%",Salar de Atacama,,,,,,tmt,Rockwood Lithium Ltda. ,,,,***CL42-43,tmt,,,,"Chemetall Foote plant at La Negra, Antofagasta (Region II); and Salar de Atacama, Atacama (Region III)",,,,Chile,Processing Plant,Rockwood Lithium Ltda. ,-70.3112,Potash,866,-70.3112,562,Salar de Atacama,,Active,50,50,Potash,,,,CL43,,Atacama,,,,,,,,Potash (KCl and K2SO4) [K2O content],,,,,,,,"Rockwood Holdings Inc., 100%",B,Potash,1
,,Metal,,,,,,e,,,,,,USGS_MINFAC_2017,,,,,,2014,-22.8015,,-22.8015,E,CL,,Antofagasta,306,,,"BHP Billiton plc, 100%",Spence SX-EW plant,,,,,,tmt,Minera Spence S.A. ,,,,***CL305-306,tmt,,,,"Spence Mine and SX-EW plant, Antofagasta (Region II)",,,,Chile,SX-EW Plant,Minera Spence S.A. ,-69.2818,Copper,877,-69.2818,"883, 1646",Spence SX-EW plant,,Active,200,200,Copper,,,,CL306,,Antofagasta,,,,,,,,Copper,,,,,,,,"BHP Billiton plc, 100%",P,Copper,1
,,Metal,,,,,,e,,,,,,USGS_MINFAC_2017,,,,,,2014,-33.296,,-33.296,E,CL,,Santiago,307,,,Gerdau AZA S.A.,Steel plant in Colina,,,,,,tmt,Gerdau AZA S.A.,,,,***CL307-308,tmt,,,,"Steel plants in Renca and Colina, Santiago Metropolitan Region",,,,Chile,Steel Plant,Gerdau AZA S.A.,-70.7281,Iron,878,-70.7281,"884, 1685",Steel plant in Colina,,Active,520,520,Iron and steel,,,,CL307,,Santiago,,,,,,,,Steel (crude),,,,,,,,Gerdau AZA S.A.,P,Iron and steel,1
,,Metal,,,,,,e,,,,,,USGS_MINFAC_2017,,,,,,2014,-33.402,,-33.402,E,CL,,Santiago,308,,,Gerdau AZA S.A.,Steel plant in Renca,,,,,,tmt,Gerdau AZA S.A.,,,,***CL307-308,tmt,,,,"Steel plants in Renca and Colina, Santiago Metropolitan Region",,,,Chile,Steel Plant,Gerdau AZA S.A.,-70.6846,Iron,879,-70.6846,"885, 1686",Steel plant in Renca,,Active,520,520,Iron and steel,,,,CL308,,Santiago,,,,,,,,Steel (crude),,,,,,,,Gerdau AZA S.A.,P,Iron and steel,1
,,Metal,,,,,,e,,,,,,USGS_MINFAC_2017,,,,,,2014,-30.261,,-30.261,E,CL,,Coquimbo,28,,,"Teck Cominco Ltd., 90%, and Empresa Nacional de Minería (ENAMI) (Government, 100%), 10%",SX-EW plant,,,,,,tmt,Compañía Minera Carmen de Andacollo ,,,,***CL27-28,tmt,,,,"Carmen de Andacollo Mine and SX-EW plant, Coquimbo (Region IV)",,,,Chile,SX-EW Plant,Compañía Minera Carmen de Andacollo ,-71.0917,Copper,881,-71.0917,"545, 1797",SX-EW plant,,Active,22,22,Copper,,,,CL28,,Coquimbo,,,,,,,,Copper,,,,,,,,"Teck Cominco Ltd., 90%, and Empresa Nacional de Minería (ENAMI) (Government, 100%), 10%",P,Copper,1
,,Industrial,,,,,,e,,,,,,USGS_MINFAC_2017,,,,,,2014,-36.7425,,-36.7425,E,CL,,Biobío,309,,,"Private, 100%",Talcahuano plant,,,,,,tmt,Cementos Bío Bío S.A. ,,,,,tmt,,,,"Talcahuano plant, Biobío (Region VIII)",,,,Chile,Processing Plant,Cementos Bío Bío S.A. ,-73.119,Cement,882,-73.119,886,Talcahuano plant,,Active,750,750,Cement,,,,CL309,,Biobío,,,,,,,,Cement,,,,,,,,"Private, 100%",P,Cement,1
,,Industrial,,,,,,e,,,,,,USGS_MINFAC_2017,,,,,,2014,-23.6351,,-23.6351,E,CL,,Antofagasta,6,,,"Sociedad Química y Minera de Chile S.A. (SQM), 100%",Three KCl plants at Salar del Carmen,,,,,,tmt,SQM Salar S.A. ,,,,***CL5-6,tmt,,,,"A dual-use plant and three KCl plants at Salar del Carmen, near the city of Antofagasta, Antofagasta (Region II)",,,,Chile,Processing Plant,SQM Salar S.A. ,-70.2595,Potash,883,-70.2595,514,Three KCl plants at Salar del Carmen,,Active,"2,600","2,600",Potash,,,,CL6,,Antofagasta,,,,,,,,Potash (KCl and K2SO4) [K2O content],,,,,,,,"Sociedad Química y Minera de Chile S.A. (SQM), 100%",P,Potash,1
,,Metal,,,,,,e,,,,,,USGS_MINFAC_2017,,,,,,2014,-33.1409,,-33.1409,E,CL,,Santiago,144,,,"Anglo American plc, 50.1%, Mitsubishi Corp., 20.4%, Corporación Nacional del Cobre, 20%, and Mitsui & Co., Ltd., 9.5% ",Tortolas molybdenum flotation plant,,,,,,mt,Anglo American Sur S.A. ,,,,***CL143-144,mt,,,,"Los Bronces Mine and Tortolas molybdenum flotation plant, Santiago Metropolitan Region",,,,Chile,Concentrator,Anglo American Sur S.A. ,-70.7086,Molybdenum,886,-70.7086,"692, 1621",Tortolas molybdenum flotation plant,,Active,"3,000","3,000",Molybdenum,,,,CL144,,Santiago,,,,,,,,Molybdenum (mine output),,,,,,,,"Anglo American plc, 50.1%, Mitsubishi Corp., 20.4%, Corporación Nacional del Cobre, 20%, and Mitsui & Co., Ltd., 9.5% ",P,Molybdenum,1
,,Metal,,,,,,,,,,,,USGS_MINFAC_2017,,,,,,2014,-31.7364,,-31.7364,E,CL,,Coquimbo,323,,Y,Vecchiola SA,Tres Valles SX-EW plant,,,,,,,Vecchiola SA,,,,,,,,,Tres Valles Mine and SX-EW plant,,,,Chile,SX-EW Plant,Vecchiola SA,-71.0165,Copper,888,-71.0165,2000,Tres Valles SX-EW plant,,Active,,,Copper,,,,CL323,,Coquimbo,,,,,,,,Copper,,,,,,,,Vecchiola SA,P,Copper,1
,,Fuel,,,,,,e,,,,,,USGS_MINFAC_2017,,,,,,2014,-52.9431,,-52.9431,E,CL,,Magallanes y de la Antártica Chilena,310,,,"Methanex Corp., 100%",Two methanol plants at Cabo Negro,,,,,,mt,Methanex Chile S.A. ,,,,,mt,,,,"Two methanol plants at Cabo Negro, near Punta Arenas City, Magallanes y de la Antártica Chilena (Region XII)",,,,Chile,Processing Plant,Methanex Chile S.A. ,-70.8099,Methanol,889,-70.8099,"887, 1885",Two methanol plants at Cabo Negro,,Active,"3,800","3,800",Methanol,,,,CL310,,Magallanes y de la Antártica Chilena,,,,,,,,Methanol,,,,,,,,"Methanex Corp., 100%",P,Methanol,1
,,Metal,Different FACIDs for different products,,,,,e,,,,,,USGS_MINFAC_2017,,,,,,2014,-28.5652,,-28.5652,E,CL,,Atacama,62,,,"Government, 100%",Vallenar plant,,,,,,tmt,Empresa Nacional de Minería (ENAMI),,,,***CL59-62,tmt,,,,"Concentration plants: Manuel Antonio Matta, Paipote; Osvaldo Martínez, El Salado; and Vallenar, Atacama (Region III); and José Antonio Moreno, Taltal, Antofagasta (Region II)",,,,Chile,Processing Plant,Empresa Nacional de Minería (ENAMI),-70.7387,Copper,891,-70.7387,"586, 1863",Vallenar plant,,Active,180,180,Copper,,,,CL62,,Atacama,,,,,,,,Copper,,,,,,,,"Government, 100%",P,Copper,1
,,Metal,Different FACIDs for different products,,,,,e,,,,,,USGS_MINFAC_2017,,,,,,2014,-28.5652,,-28.5652,E,CL,,Atacama,155,,,"Government, 100%",Vallenar plant,,,,,,kg,Empresa Nacional de Minería (ENAMI),,,,***CL152-155,kg,,,,"Manuel Antonio Matta plant, Paipote; Osvaldo Martínez plant, El Salado; and Vallenar plant, Atacama (Region III); and José Antonio Moreno plant, Taltal, Antofagasta (Region II)",,,,Chile,Processing Plant,Empresa Nacional de Minería (ENAMI),-70.7387,Gold,892,-70.7387,"710, 1864",Vallenar plant,,Active,400,400,Gold,,,,CL155,,Atacama,,,,,,,,Gold,,,,,,,,"Government, 100%",P,Gold,1
,,Metal,Different FACIDs for different products,,,,,e,,,,,,USGS_MINFAC_2017,,,,,,2014,-28.5652,,-28.5652,E,CL,,Atacama,159,,,"Government, 100%",Vallenar plant,,,,,,kg,Empresa Nacional de Minería (ENAMI),,,,***CL156-159,kg,,,,"Manuel Antonio Matta plant, Paipote; Osvaldo Martínez plant, El Salado; Vallenar plant, Atacama (Region III); and José Antonio Moreno plant, Taltal, Antofagasta (Region II)",,,,Chile,Processing Plant,Empresa Nacional de Minería (ENAMI),-70.7387,Silver,893,-70.7387,"714, 1865",Vallenar plant,,Active,"6,000","6,000",Silver,,,,CL159,,Atacama,,,,,,,,Silver,,,,,,,,"Government, 100%",P,Silver,1
,,Metal,,,,,,e,,,,,,USGS_MINFAC_2017,,,,,,2014,-32.7618,,-32.7618,E,CL,,Valparaíso,313,,Y,"Government, 100%",Ventanas refinery and smelter,,,,,,kg,Corporación Nacional del Cobre (CODELCO),,,,,kg,,,,"Ventanas refinery, Valparaíso (Region V)",,,,Chile,Smelter,Corporación Nacional del Cobre (CODELCO),-71.4812,Gold,894,-71.4812,891,Ventanas refinery and smelter,,Active,"12,000","12,000",Gold,,,,CL313,,Valparaíso,,,,,,,,Ingots,,,,,,,,"Government, 100%",P,Gold,1
,,Metal,,,,,,e,,,,,,USGS_MINFAC_2017,,,,,,2014,-32.7618,,-32.7618,E,CL,,Valparaíso,313,,Y,"Government, 100%",Ventanas refinery and smelter,,,,,,mt,Corporación Nacional del Cobre (CODELCO),,,,,mt,,,,"Ventanas refinery, Valparaíso (Region V)",,,,Chile,Smelter,Corporación Nacional del Cobre (CODELCO),-71.4812,Selenium,895,-71.4812,892,Ventanas refinery and smelter,,Active,95,95,Selenium,,,,CL313,,Valparaíso,,,,,,,,Selenium,,,,,,,,"Government, 100%",P,Selenium,1
,,Metal,,,,,,e,,,,,,USGS_MINFAC_2017,,,,,,2014,-32.7618,,-32.7618,E,CL,,Valparaíso,313,,Y,"Government, 100%",Ventanas refinery and smelter,,,,,,kg,Corporación Nacional del Cobre (CODELCO),,,,,kg,,,,"Ventanas refinery, Valparaíso (Region V)",,,,Chile,Smelter,Corporación Nacional del Cobre (CODELCO),-71.4812,Silver,896,-71.4812,2001,Ventanas refinery and smelter,,Active,"220,000","220,000",Silver,,,,CL313,,Valparaíso,,,,,,,,Metal (grains),,,,,,,,"Government, 100%",P,Silver,1
,,Industrial,,,,,,e,,,,,,USGS_MINFAC_2017,,,,,,2014,-32.7618,,-32.7618,E,CL,,Valparaíso,313,,Y,"Government, 100%",Ventanas refinery and smelter,,,,,,tmt,Corporación Nacional del Cobre (CODELCO),,,,,tmt,,,,"Ventanas refinery, Valparaíso (Region V)",,,,Chile,Smelter,Corporación Nacional del Cobre (CODELCO),-71.4812,Sulfuric Acid,897,-71.4812,894,Ventanas refinery and smelter,,Active,380,380,Sulfuric acid,,,,CL313,,Valparaíso,,,,,,,,Sulfuric acid,,,,,,,,"Government, 100%",P,Sulfuric acid,1
,,Metal,,,,,,e,,,,,,USGS_MINFAC_2017,,,,,,2014,-24.201,,-24.201,E,CL,,Antofagasta,317,,,"Barrick Gold Corp., 100%",Zaldívar SX-EW plant,,,,,,tmt,Compañía Minera Zaldívar ,,,,***CL316-317,tmt,,,,"Zaldívar open pit mine and SX-EW plant, Antofagasta (Region II)",,,,Chile,SX-EW Plant,Compañía Minera Zaldívar ,-69.0689,Copper,900,-69.0689,"897, 1633",Zaldívar SX-EW plant,,Active,150,150,Copper,,,,CL317,,Antofagasta,,,,,,,,Copper,,,,,,,,"Barrick Gold Corp., 100%",P,Copper,1
