MINE_NAME,MINE_IDX,MINE_TYPE,MINE_STATUS,MINE_LAT,MINE_LON,MINE_REGION,MINE_OPERATOR,PLANT_NAME,PLANT_IDX,PLANT_TYPE,PLANT_STATUS,PLANT_LAT,PLANT_LON,PLANT_OPERATOR,PLANT_OWNER,PLANT_CAPACITY,PLANT_CAPACITY_UNITS,SHARED_COMMODITIES,DISTANCE_KM
Aguas Blancas,0,Mine (idle),Idle,-24.13999999999993,-69.85999999999996,Antofagasta,Atacama Minerals Chile Minera ,Plant in Aguas Blancas,397,Processing Plant,Active,-24.1357,-69.8671,Atacama Minerals Chile Minera ,SCM Bullmine and RB Energy,"2,200",mt,Iodine,0.9
Alhué,1,Mine (active),Active,-34.00799999999998,-70.97799999999995,Metropolitana de Santiago,,Minera Florida concentration plant,362,Concentrator,Active,-34.0348,-71.0265,Minera Florida S.A. ,"Yamana Gold Inc., 100%","3,100",kg,Gold,5.4
Alhué,1,Mine (active),Active,-34.00799999999998,-70.97799999999995,Metropolitana de Santiago,,Minera Florida concentration plant,364,Concentrator,Active,-34.0348,-71.0265,Minera Florida S.A. ,"Yamana Gold Inc., 100%","31,000",kg,Silver,5.4
Alhué,1,Mine (active),Active,-34.00799999999998,-70.97799999999995,Metropolitana de Santiago,,Minera Florida concentration plant,365,Concentrator,Active,-34.0348,-71.0265,Minera Florida S.A. ,"Yamana Gold Inc., 100%","6,500",mt,Zinc,5.4
Alhué,1,Mine (active),Active,-34.00799999999998,-70.97799999999995,Metropolitana de Santiago,,Los Bronces Plants,343,Processing Plant,Active,-33.1462,-70.2863,Anglo American Sur S.A. ,"Anglo American plc, 50.1%, Mitsubishi Corp., 20.4%, Corporación Nacional del Cobre, 20%, and Mitsui & Co., Ltd., 9.5% ","35,000",kg,Silver,115.3
Alhué,1,Mine (active),Active,-34.00799999999998,-70.97799999999995,Metropolitana de Santiago,,Ventanas refinery and smelter,456,Smelter,Active,-32.7618,-71.4812,Corporación Nacional del Cobre (CODELCO),"Government, 100%","12,000",kg,Gold,146.2
Alhué,1,Mine (active),Active,-34.00799999999998,-70.97799999999995,Metropolitana de Santiago,,Ventanas refinery and smelter,458,Smelter,Active,-32.7618,-71.4812,Corporación Nacional del Cobre (CODELCO),"Government, 100%","220,000",kg,Silver,146.2
Altamira,2,Mine (active),Active,-25.835999999999956,-69.85699999999997,Antofagasta,,Franke SX-EW Plant,324,SX-EW Plant,Active,-25.8334,-69.8639,Sociedad Contractual Minera Franke ,"KGHM International Ltd., 100%",,,Copper,0.7
Altamira,2,Mine (active),Active,-25.835999999999956,-69.85699999999997,Antofagasta,,Potrerillos SX-EW refinery and smelter,435,Smelter,Active,-26.283,-69.5965,Corporación Nacional del Cobre (CODELCO),"Government, 100%",70,tmt,Copper,56.1
Altamira,2,Mine (active),Active,-25.835999999999956,-69.85699999999997,Antofagasta,,José Antonio Moreno,335,Processing Plant,Active,-25.3963,-70.4742,Empresa Nacional de Minería (ENAMI),"Government, 100%",180,tmt,Copper,78.9
Altamira,2,Mine (active),Active,-25.835999999999956,-69.85699999999997,Antofagasta,,Osvaldo Martínez,370,Processing Plant,Active,-26.4196,-70.3172,Empresa Nacional de Minería (ENAMI),"Government, 100%",180,tmt,Copper,79.5
Altamira,2,Mine (active),Active,-25.835999999999956,-69.85699999999997,Antofagasta,,Mantoverde SX-EW plant,351,SX-EW Plant,Active,-26.5615,-70.3253,Empresa Minera de Mantos Blancos S.A. ,"Anglo American plc, 99.9%, and other private, 0.1%",65,tmt,Copper,93.2
Amancaya,4,Mine (active),Active,-25.57899999999995,-69.81299999999999,Antofagasta,,José Antonio Moreno plant,336,Processing Plant,Active,-25.3963,-70.4742,Empresa Nacional de Minería (ENAMI),"Government, 100%",400,kg,Gold,69.4
Amancaya,4,Mine (active),Active,-25.57899999999995,-69.81299999999999,Antofagasta,,José Antonio Moreno plant,337,Processing Plant,Active,-25.3963,-70.4742,Empresa Nacional de Minería (ENAMI),"Government, 100%","6,000",kg,Silver,69.4
Amancaya,4,Mine (active),Active,-25.57899999999995,-69.81299999999999,Antofagasta,,Osvaldo Martínez plant,371,Processing Plant,Active,-26.4196,-70.3172,Empresa Nacional de Minería (ENAMI),"Government, 100%",400,kg,Gold,106.2
Amancaya,4,Mine (active),Active,-25.57899999999995,-69.81299999999999,Antofagasta,,Osvaldo Martínez plant,372,Processing Plant,Active,-26.4196,-70.3172,Empresa Nacional de Minería (ENAMI),"Government, 100%","6,000",kg,Silver,106.2
Amancaya,4,Mine (active),Active,-25.57899999999995,-69.81299999999999,Antofagasta,,El Peñón concentration plant,309,Concentrator,Active,-24.4116,-69.4969,Minera Meridian Ltda. ,"Yamana Gold Inc., 100%","10,500",kg,Gold,133.7
Amancaya,4,Mine (active),Active,-25.57899999999995,-69.81299999999999,Antofagasta,,El Peñón concentration plant,310,Concentrator,Active,-24.4116,-69.4969,Minera Meridian Ltds. ,"Yamana Gold Inc., 100%","300,000",kg,Silver,133.7
Amos,5,Prospect/Project,Prospect/Project,-32.27999999999997,-70.30699999999996,Valparaíso,,Los Pelambres plant,346,Processing Plant,Active,-31.8134,-70.5823,Antofagasta plc,"Antofagasta plc, 60%; JX Nippon Mining Metals Corp, 15%; Mitsubishi Materials Corp., 10%; Marubeni Corp., 8.75%; Mitsubishi Corp., 5%; Mitsui & Co. Ltd., 1.25%","12,500",mt,Molybdenum,58.0
Amos,5,Prospect/Project,Prospect/Project,-32.27999999999997,-70.30699999999996,Valparaíso,,Plant at Cabildo,374,Processing Plant,Active,-32.5838,-70.8762,Compañía Minera Cerro Negro,Compañía Minera Cerro Negro,200,mt,Copper,63.2
Amos,5,Prospect/Project,Prospect/Project,-32.27999999999997,-70.30699999999996,Valparaíso,,Chagres smelter (anodes and blister),284,Smelter,Active,-32.8047,-70.9554,Empresa Nacional de Minería (ENAMI),"Government, 100%",175,tmt,Copper,84.2
Amos,5,Prospect/Project,Prospect/Project,-32.27999999999997,-70.30699999999996,Valparaíso,,El Soldado SX-EW plant,314,SX-EW Plant,Active,-32.6593,-71.1448,Anglo American Sur S.A. ,"Anglo American plc, 50.1%, Mitsubishi Corp., 20.4%, Corporación Nacional del Cobre, 20%, and Mitsui & Co., Ltd., 9.5% ",50,tmt,Copper,89.2
Amos,5,Prospect/Project,Prospect/Project,-32.27999999999997,-70.30699999999996,Valparaíso,,Tres Valles SX-EW plant,451,SX-EW Plant,Active,-31.7364,-71.0165,Vecchiola SA,Vecchiola SA,,,Copper,90.2
Amos,5,Prospect/Project,Prospect/Project,-32.27999999999997,-70.30699999999996,Valparaíso,,Los Bronces (Tortolas) SX-EW plant (cathodes),342,SX-EW Plant,Active,-33.1409,-70.7086,Anglo American Sur S.A. ,"Anglo American plc, 50.1%, Mitsubishi Corp., 20.4%, Corporación Nacional del Cobre, 20%, and Mitsui & Co., Ltd., 9.5% ",490,tmt,Copper,102.8
Amos,5,Prospect/Project,Prospect/Project,-32.27999999999997,-70.30699999999996,Valparaíso,,Tortolas molybdenum flotation plant,450,Concentrator,Active,-33.1409,-70.7086,Anglo American Sur S.A. ,"Anglo American plc, 50.1%, Mitsubishi Corp., 20.4%, Corporación Nacional del Cobre, 20%, and Mitsui & Co., Ltd., 9.5% ","3,000",mt,Molybdenum,102.8
Amos,5,Prospect/Project,Prospect/Project,-32.27999999999997,-70.30699999999996,Valparaíso,,Las Ventanas refinery and smelter,340,Smelter,Active,-32.7618,-71.4812,Corporación Nacional del Cobre (CODELCO),"Government, 100%",402,tmt,Copper,122.4
Andina,8,Mine (active),Active,-33.148999999999944,-70.25399999999996,Valparaíso,Corporación Nacional del Cobre (CODELCO),Los Bronces (Tortolas) SX-EW plant (cathodes),342,SX-EW Plant,Active,-33.1409,-70.7086,Anglo American Sur S.A. ,"Anglo American plc, 50.1%, Mitsubishi Corp., 20.4%, Corporación Nacional del Cobre, 20%, and Mitsui & Co., Ltd., 9.5% ",490,tmt,Copper,42.3
Andina,8,Mine (active),Active,-33.148999999999944,-70.25399999999996,Valparaíso,Corporación Nacional del Cobre (CODELCO),Tortolas molybdenum flotation plant,450,Concentrator,Active,-33.1409,-70.7086,Anglo American Sur S.A. ,"Anglo American plc, 50.1%, Mitsubishi Corp., 20.4%, Corporación Nacional del Cobre, 20%, and Mitsui & Co., Ltd., 9.5% ","3,000",mt,Molybdenum,42.3
Andina,8,Mine (active),Active,-33.148999999999944,-70.25399999999996,Valparaíso,Corporación Nacional del Cobre (CODELCO),Nos plant,368,Processing Plant,Active,-33.6065,-70.7441,Molibdenos y Metales S.A. (MOLYMET),"Private, 100%","30,000",kg,Rhenium,68.3
Andina,8,Mine (active),Active,-33.148999999999944,-70.25399999999996,Valparaíso,Corporación Nacional del Cobre (CODELCO),Chagres smelter (anodes and blister),284,Smelter,Active,-32.8047,-70.9554,Empresa Nacional de Minería (ENAMI),"Government, 100%",175,tmt,Copper,75.8
Andina,8,Mine (active),Active,-33.148999999999944,-70.25399999999996,Valparaíso,Corporación Nacional del Cobre (CODELCO),Plant at Cabildo,374,Processing Plant,Active,-32.5838,-70.8762,Compañía Minera Cerro Negro,Compañía Minera Cerro Negro,200,mt,Copper,85.6
Andina,8,Mine (active),Active,-33.148999999999944,-70.25399999999996,Valparaíso,Corporación Nacional del Cobre (CODELCO),El Soldado SX-EW plant,314,SX-EW Plant,Active,-32.6593,-71.1448,Anglo American Sur S.A. ,"Anglo American plc, 50.1%, Mitsubishi Corp., 20.4%, Corporación Nacional del Cobre, 20%, and Mitsui & Co., Ltd., 9.5% ",50,tmt,Copper,99.4
Andina,8,Mine (active),Active,-33.148999999999944,-70.25399999999996,Valparaíso,Corporación Nacional del Cobre (CODELCO),El Teniente plant,315,Processing Plant,Active,-34.0886,-70.4555,Corporación Nacional del Cobre (CODELCO),"Government, 100%","6,500",mt,Molybdenum,106.1
Andina,8,Mine (active),Active,-33.148999999999944,-70.25399999999996,Valparaíso,Corporación Nacional del Cobre (CODELCO),"Caletones smelter (anodes). refinery (fire-refined ingots), and SX-EW plant",278,Smelter,Active,-34.1046,-70.4505,Corporación Nacional del Cobre (CODELCO),"Government, 100%",430,tmt,Copper,107.8
Andina,8,Mine (active),Active,-33.148999999999944,-70.25399999999996,Valparaíso,Corporación Nacional del Cobre (CODELCO),Las Ventanas refinery and smelter,340,Smelter,Active,-32.7618,-71.4812,Corporación Nacional del Cobre (CODELCO),"Government, 100%",402,tmt,Copper,122.3
Andina,8,Mine (active),Active,-33.148999999999944,-70.25399999999996,Valparaíso,Corporación Nacional del Cobre (CODELCO),Facilities near Rancagua,323,Processing Plant,Active,-34.2383,-70.685,Minera Valle Central S.A. ,"Amerigo Resources Ltd., 100%",30,tmt,Copper,127.5
Antucoya,9,Mine (active),Active,-22.637999999999977,-69.88299999999998,Antofagasta,Antofagasta plc,Antucoya SX-EW plant,271,SX-EW Plant,Active,-22.6298,-69.8832,Antofagasta plc,"Antofagasta plc, 70%, Marubeni Corp., 30%",,,Copper,0.9
Antucoya,9,Mine (active),Active,-22.637999999999977,-69.88299999999998,Antofagasta,Antofagasta plc,Michilla SX-EW/sulfide-leaching plant,359,SX-EW Plant,Active,-22.6791,-70.1883,Minera Michilla S.A. ,"Antofagasta plc, 74.2%, and other private Chilean investors, 25.8%",45,tmt,Copper,31.7
Antucoya,9,Mine (active),Active,-22.637999999999977,-69.88299999999998,Antofagasta,Antofagasta plc,Mantos de la Luna SX-EW plant,350,SX-EW Plant,Active,-22.3851,-70.1782,Compania Mantos de la Luna,"Izquierdo Menendez Group, 100%",,,Copper,41.4
Antucoya,9,Mine (active),Active,-22.637999999999977,-69.88299999999998,Antofagasta,Antofagasta plc,Spence SX-EW plant,444,SX-EW Plant,Active,-22.8015,-69.2818,Minera Spence S.A. ,"BHP Billiton plc, 100%",200,tmt,Copper,64.3
Antucoya,9,Mine (active),Active,-22.637999999999977,-69.88299999999998,Antofagasta,Antofagasta plc,Plant near Tocopilla,430,Processing Plant,Active,-21.9459,-69.8715,Minera Capacho Viejo Ltda. ,Minera Capacho Viejo Ltda. ,"5,000",mt,Copper,77.0
Antucoya,9,Mine (active),Active,-22.637999999999977,-69.88299999999998,Antofagasta,Antofagasta plc,El Tesoro SX-EW plant,316,SX-EW Plant,Active,-22.9277,-69.0976,Minera El Tesoro S.A. ,"Antofagasta plc, 70%, and Marubeni Corp., 30%",110,tmt,Copper,86.7
Antucoya,9,Mine (active),Active,-22.637999999999977,-69.88299999999998,Antofagasta,Antofagasta plc,Centinela oxide and sulfide plant,279,Processing Plant,Active,-22.9275,-69.0965,Antofagasta plc,"Antofagasta plc, 70%, and Marubeni Corp., 30%",300,tmt,Copper,86.8
Antucoya,9,Mine (active),Active,-22.637999999999977,-69.88299999999998,Antofagasta,Antofagasta plc,Mantos Blancos SX-EW plant,349,SX-EW Plant,Active,-23.4397,-70.0734,Empresa Minera de Mantos Blancos S.A. ,"Anglo American plc, 99.9%, and other private, 0.1%",100,tmt,Copper,91.2
Antucoya,9,Mine (active),Active,-22.637999999999977,-69.88299999999998,Antofagasta,Antofagasta plc,Lomas Bayas SX-EW plant,341,SX-EW Plant,Active,-23.4318,-69.5017,Compañía Minera Xstrata Lomas Bayas ,"Glencore plc, 100%",75,tmt,Copper,96.5
Antucoya,9,Mine (active),Active,-22.637999999999977,-69.88299999999998,Antofagasta,Antofagasta plc,Chuquicamata SX-EW plant (oxide) and smelter,292,Smelter,Active,-22.3137,-68.8895,Corporación Nacional del Cobre (CODELCO),"Government, 100%",450,tmt,Copper,108.3
Antucoya,9,Mine (active),Active,-22.637999999999977,-69.88299999999998,Antofagasta,Antofagasta plc,Chuquicamata Mine (plant to acid-leach fine copper),290,Processing Plant,Active,-22.3013,-68.8404,EcoMetales Ltd. ,"Codelco Technologies Ltd., 100%",25,tmt,Copper,113.5
Antucoya,9,Mine (active),Active,-22.637999999999977,-69.88299999999998,Antofagasta,Antofagasta plc,Radomiro Tomic SX-EW plant,441,SX-EW Plant,Active,-22.1927,-68.8674,Corporación Nacional del Cobre (CODELCO),"Government, 100%",480,tmt,Copper,115.5
Antucoya,9,Mine (active),Active,-22.637999999999977,-69.88299999999998,Antofagasta,Antofagasta plc,Altonorte smelter,269,Smelter,Active,-23.8247,-70.3178,Glencore Copper Chile S.A. ,Glencore Copper Chile S.A. ,300,tmt,Copper,139.2
Antucoya,9,Mine (active),Active,-22.637999999999977,-69.88299999999998,Antofagasta,Antofagasta plc,Gabriela Mistral SX-EW plant,325,SX-EW Plant,Active,-23.4173,-68.7838,Minera Gaby S.A. ,"Corporación Nacional del Cobre (CODELCO) (Government, 100%), 100%",170,tmt,Copper,142.0
Antucoya,9,Mine (active),Active,-22.637999999999977,-69.88299999999998,Antofagasta,Antofagasta plc,Al Elbra SX-EW plant,268,SX-EW Plant,Active,-21.9859,-68.6886,Sociedad Contractual Minera El Abra ,"Freeport-McMoRan Copper & Gold Inc., 51%, and Corporación Nacional del Cobre (CODELCO) (Government, 100%), 49%",225,tmt,Copper,142.7
Arqueros,10,Mine (idle),Idle,-29.84499999999997,-70.91899999999998,Coquimbo,,Vallenar plant,455,Processing Plant,Active,-28.5652,-70.7387,Empresa Nacional de Minería (ENAMI),"Government, 100%","6,000",kg,Silver,143.4
Barreal Seco,11,Mine (active),Active,-25.92199999999997,-70.05499999999995,Antofagasta,,Franke SX-EW Plant,324,SX-EW Plant,Active,-25.8334,-69.8639,Sociedad Contractual Minera Franke ,"KGHM International Ltd., 100%",,,Copper,21.5
Barreal Seco,11,Mine (active),Active,-25.92199999999997,-70.05499999999995,Antofagasta,,Potrerillos SX-EW refinery and smelter,435,Smelter,Active,-26.283,-69.5965,Corporación Nacional del Cobre (CODELCO),"Government, 100%",70,tmt,Copper,60.9
Barreal Seco,11,Mine (active),Active,-25.92199999999997,-70.05499999999995,Antofagasta,,Osvaldo Martínez,370,Processing Plant,Active,-26.4196,-70.3172,Empresa Nacional de Minería (ENAMI),"Government, 100%",180,tmt,Copper,61.2
Barreal Seco,11,Mine (active),Active,-25.92199999999997,-70.05499999999995,Antofagasta,,José Antonio Moreno,335,Processing Plant,Active,-25.3963,-70.4742,Empresa Nacional de Minería (ENAMI),"Government, 100%",180,tmt,Copper,72.0
Barreal Seco,11,Mine (active),Active,-25.92199999999997,-70.05499999999995,Antofagasta,,Mantoverde SX-EW plant,351,SX-EW Plant,Active,-26.5615,-70.3253,Empresa Minera de Mantos Blancos S.A. ,"Anglo American plc, 99.9%, and other private, 0.1%",65,tmt,Copper,76.0
Berta,12,Prospect/Project,Prospect/Project,-26.71799999999996,-70.05599999999998,Atacama,Minera Pacífico Ltda.,Mantoverde SX-EW plant,351,SX-EW Plant,Active,-26.5615,-70.3253,Empresa Minera de Mantos Blancos S.A. ,"Anglo American plc, 99.9%, and other private, 0.1%",65,tmt,Copper,31.9
Berta,12,Prospect/Project,Prospect/Project,-26.71799999999996,-70.05599999999998,Atacama,Minera Pacífico Ltda.,Osvaldo Martínez,370,Processing Plant,Active,-26.4196,-70.3172,Empresa Nacional de Minería (ENAMI),"Government, 100%",180,tmt,Copper,42.1
Berta,12,Prospect/Project,Prospect/Project,-26.71799999999996,-70.05599999999998,Atacama,Minera Pacífico Ltda.,Potrerillos SX-EW refinery and smelter,435,Smelter,Active,-26.283,-69.5965,Corporación Nacional del Cobre (CODELCO),"Government, 100%",70,tmt,Copper,66.6
Berta,12,Prospect/Project,Prospect/Project,-26.71799999999996,-70.05599999999998,Atacama,Minera Pacífico Ltda.,Manuel Antonio Matta,352,Processing Plant,Active,-27.4131,-70.2517,Empresa Nacional de Minería (ENAMI),"Government, 100%",180,tmt,Copper,79.7
Berta,12,Prospect/Project,Prospect/Project,-26.71799999999996,-70.05599999999998,Atacama,Minera Pacífico Ltda.,Hernán Videla Lira smelter (anodes and blister),331,Smelter,Active,-27.4198,-70.2577,Empresa Nacional de Minería (ENAMI),"Government, 100%",340,tmt,Copper,80.6
Berta,12,Prospect/Project,Prospect/Project,-26.71799999999996,-70.05599999999998,Atacama,Minera Pacífico Ltda.,Biocobre refinery,274,Refinery,Active,-27.5734,-70.2484,Sociedad Punta del Cobre S.A (Pucobre),Sociedad Punta del Cobre S.A (Pucobre) (100%),,,Copper,97.0
Berta,12,Prospect/Project,Prospect/Project,-26.71799999999996,-70.05599999999998,Atacama,Minera Pacífico Ltda.,Franke SX-EW Plant,324,SX-EW Plant,Active,-25.8334,-69.8639,Sociedad Contractual Minera Franke ,"KGHM International Ltd., 100%",,,Copper,100.2
Boqueron Chañar,13,Mine (idle),Idle,-28.06950999999998,-70.69988999999998,Atacama,,Huasco concentration plant,332,Concentrator,Active,-28.2907,-70.8125,Compañía Minera del Pacífico S.A. (CMP),"CAP S.A., 75%, and MC Inversiones Ltda., 25%","1,300",tmt,Iron,27.0
Boqueron Chañar,13,Mine (idle),Idle,-28.06950999999998,-70.69988999999998,Atacama,,Los Colorados concentration plant,344,Concentrator,Active,-28.291,-70.8129,Compañía Minera del Pacífico S.A. (CMP),"CAP S.A., 75%, and MC Inversiones Ltda., 25%","1,300",tmt,Iron,27.0
Boqueron Chañar,13,Mine (idle),Idle,-28.06950999999998,-70.69988999999998,Atacama,,Huasco pellet plant,333,Pellet Plant,Active,-28.4808,-71.2485,Compañía Minera del Pacífico S.A. (CMP),"CAP S.A., 75%, and MC Inversiones Ltda., 25%","1,300",tmt,Iron,70.6
Boqueron Chañar,13,Mine (idle),Idle,-28.06950999999998,-70.69988999999998,Atacama,,Magnetite plant to process tailings from the Candelaria Mine and other iron-bearing raw materials from third parties,348,Processing Plant,Active,-27.5218,-70.3192,Compañía Minera del Pacífico S.A. (CMP),"CAP S.A., 75%, and MC Inversiones Ltda., 25%","2,000",tmt,Iron,71.5
Boqueron Chañar,13,Mine (idle),Idle,-28.06950999999998,-70.69988999999998,Atacama,,El Algarrobito concentration plant,307,Concentrator,Active,-28.8028,-70.9839,Compañía Minera del Pacífico S.A. (CMP),"CAP S.A., 75%, and MC Inversiones Ltda., 25%","1,300",tmt,Iron,86.1
Bornita,14,Prospect/Project,Prospect/Project,-30.90599999999995,-70.39199999999994,Coquimbo,,SX-EW plant,447,SX-EW Plant,Active,-30.261,-71.0917,Compañía Minera Carmen de Andacollo ,"Teck Cominco Ltd., 90%, and Empresa Nacional de Minería (ENAMI) (Government, 100%), 10%",22,tmt,Copper,98.1
Bornita,14,Prospect/Project,Prospect/Project,-30.90599999999995,-70.39199999999994,Coquimbo,,Los Pelambres plant,346,Processing Plant,Active,-31.8134,-70.5823,Antofagasta plc,"Antofagasta plc, 60%; JX Nippon Mining Metals Corp, 15%; Mitsubishi Materials Corp., 10%; Marubeni Corp., 8.75%; Mitsubishi Corp., 5%; Mitsui & Co. Ltd., 1.25%","12,500",mt,Molybdenum,102.5
Bornita,14,Prospect/Project,Prospect/Project,-30.90599999999995,-70.39199999999994,Coquimbo,,Tres Valles SX-EW plant,451,SX-EW Plant,Active,-31.7364,-71.0165,Vecchiola SA,Vecchiola SA,,,Copper,109.7
Bornita,14,Prospect/Project,Prospect/Project,-30.90599999999995,-70.39199999999994,Coquimbo,,Plant near Coquimbo (Region IV),415,Processing Plant,Active,-29.8353,-71.1035,Compañía Minera San Gerónimo,Compañía Minera San Gerónimo,"10,000",mt,Copper,137.2
Brujulina,16,Prospect/Project,Prospect/Project,-21.93599999999998,-68.86099999999993,Antofagasta,,Al Elbra SX-EW plant,268,SX-EW Plant,Active,-21.9859,-68.6886,Sociedad Contractual Minera El Abra ,"Freeport-McMoRan Copper & Gold Inc., 51%, and Corporación Nacional del Cobre (CODELCO) (Government, 100%), 49%",225,tmt,Copper,18.6
Brujulina,16,Prospect/Project,Prospect/Project,-21.93599999999998,-68.86099999999993,Antofagasta,,Radomiro Tomic SX-EW plant,441,SX-EW Plant,Active,-22.1927,-68.8674,Corporación Nacional del Cobre (CODELCO),"Government, 100%",480,tmt,Copper,28.6
Brujulina,16,Prospect/Project,Prospect/Project,-21.93599999999998,-68.86099999999993,Antofagasta,,Chuquicamata Mine (plant to acid-leach fine copper),290,Processing Plant,Active,-22.3013,-68.8404,EcoMetales Ltd. ,"Codelco Technologies Ltd., 100%",25,tmt,Copper,40.7
Brujulina,16,Prospect/Project,Prospect/Project,-21.93599999999998,-68.86099999999993,Antofagasta,,Chuquicamata SX-EW plant (oxide) and smelter,292,Smelter,Active,-22.3137,-68.8895,Corporación Nacional del Cobre (CODELCO),"Government, 100%",450,tmt,Copper,42.1
Brujulina,16,Prospect/Project,Prospect/Project,-21.93599999999998,-68.86099999999993,Antofagasta,,Quebrada Blanca SX-EW plant,440,SX-EW Plant,Active,-21.0027,-68.7964,Compañía Minera Quebrada Blanca ,"Teck Cominco Ltd., 76.5%; Inversiones Mineras S.A., 13.5%; Empresa Nacional de Minería (ENAMI) (Government, 100%), 10%",100,tmt,Copper,104.0
Brujulina,16,Prospect/Project,Prospect/Project,-21.93599999999998,-68.86099999999993,Antofagasta,,Plant near Tocopilla,430,Processing Plant,Active,-21.9459,-69.8715,Minera Capacho Viejo Ltda. ,Minera Capacho Viejo Ltda. ,"5,000",mt,Copper,104.2
Brujulina,16,Prospect/Project,Prospect/Project,-21.93599999999998,-68.86099999999993,Antofagasta,,Spence SX-EW plant,444,SX-EW Plant,Active,-22.8015,-69.2818,Minera Spence S.A. ,"BHP Billiton plc, 100%",200,tmt,Copper,105.5
Brujulina,16,Prospect/Project,Prospect/Project,-21.93599999999998,-68.86099999999993,Antofagasta,,Collahuasi SX-EW plant,295,SX-EW Plant,Active,-20.9779,-68.6315,Compañía Minera Doña Inés de Collahuasi SCM ,"Anglo American plc, 44%; Glencore plc, 44%; companies led by Mitsui & Co. Ltd., 12%",400,tmt,Copper,109.2
Brujulina,16,Prospect/Project,Prospect/Project,-21.93599999999998,-68.86099999999993,Antofagasta,,Centinela oxide and sulfide plant,279,Processing Plant,Active,-22.9275,-69.0965,Antofagasta plc,"Antofagasta plc, 70%, and Marubeni Corp., 30%",300,tmt,Copper,112.9
Brujulina,16,Prospect/Project,Prospect/Project,-21.93599999999998,-68.86099999999993,Antofagasta,,El Tesoro SX-EW plant,316,SX-EW Plant,Active,-22.9277,-69.0976,Minera El Tesoro S.A. ,"Antofagasta plc, 70%, and Marubeni Corp., 30%",110,tmt,Copper,112.9
Brujulina,16,Prospect/Project,Prospect/Project,-21.93599999999998,-68.86099999999993,Antofagasta,,Antucoya SX-EW plant,271,SX-EW Plant,Active,-22.6298,-69.8832,Antofagasta plc,"Antofagasta plc, 70%, Marubeni Corp., 30%",,,Copper,130.4
Brujulina,16,Prospect/Project,Prospect/Project,-21.93599999999998,-68.86099999999993,Antofagasta,,Mantos de la Luna SX-EW plant,350,SX-EW Plant,Active,-22.3851,-70.1782,Compania Mantos de la Luna,"Izquierdo Menendez Group, 100%",,,Copper,144.5
Buena Esperanza,17,Mine (idle),Idle,-22.164999999999964,-70.20999999999998,Antofagasta,,Mantos de la Luna SX-EW plant,350,SX-EW Plant,Active,-22.3851,-70.1782,Compania Mantos de la Luna,"Izquierdo Menendez Group, 100%",,,Copper,24.7
Buena Esperanza,17,Mine (idle),Idle,-22.164999999999964,-70.20999999999998,Antofagasta,,Plant near Tocopilla,430,Processing Plant,Active,-21.9459,-69.8715,Minera Capacho Viejo Ltda. ,Minera Capacho Viejo Ltda. ,"5,000",mt,Copper,42.6
Buena Esperanza,17,Mine (idle),Idle,-22.164999999999964,-70.20999999999998,Antofagasta,,Michilla SX-EW/sulfide-leaching plant,359,SX-EW Plant,Active,-22.6791,-70.1883,Minera Michilla S.A. ,"Antofagasta plc, 74.2%, and other private Chilean investors, 25.8%",45,tmt,Copper,57.2
Buena Esperanza,17,Mine (idle),Idle,-22.164999999999964,-70.20999999999998,Antofagasta,,Antucoya SX-EW plant,271,SX-EW Plant,Active,-22.6298,-69.8832,Antofagasta plc,"Antofagasta plc, 70%, Marubeni Corp., 30%",,,Copper,61.6
Buena Esperanza,17,Mine (idle),Idle,-22.164999999999964,-70.20999999999998,Antofagasta,,Spence SX-EW plant,444,SX-EW Plant,Active,-22.8015,-69.2818,Minera Spence S.A. ,"BHP Billiton plc, 100%",200,tmt,Copper,118.8
Buena Esperanza,17,Mine (idle),Idle,-22.164999999999964,-70.20999999999998,Antofagasta,,Chuquicamata SX-EW plant (oxide) and smelter,292,Smelter,Active,-22.3137,-68.8895,Corporación Nacional del Cobre (CODELCO),"Government, 100%",450,tmt,Copper,136.9
Buena Esperanza,17,Mine (idle),Idle,-22.164999999999964,-70.20999999999998,Antofagasta,,Radomiro Tomic SX-EW plant,441,SX-EW Plant,Active,-22.1927,-68.8674,Corporación Nacional del Cobre (CODELCO),"Government, 100%",480,tmt,Copper,138.3
Buena Esperanza,17,Mine (idle),Idle,-22.164999999999964,-70.20999999999998,Antofagasta,,Chuquicamata Mine (plant to acid-leach fine copper),290,Processing Plant,Active,-22.3013,-68.8404,EcoMetales Ltd. ,"Codelco Technologies Ltd., 100%",25,tmt,Copper,141.8
Buena Esperanza,17,Mine (idle),Idle,-22.164999999999964,-70.20999999999998,Antofagasta,,El Tesoro SX-EW plant,316,SX-EW Plant,Active,-22.9277,-69.0976,Minera El Tesoro S.A. ,"Antofagasta plc, 70%, and Marubeni Corp., 30%",110,tmt,Copper,142.3
Buena Esperanza,17,Mine (idle),Idle,-22.164999999999964,-70.20999999999998,Antofagasta,,Centinela oxide and sulfide plant,279,Processing Plant,Active,-22.9275,-69.0965,Antofagasta plc,"Antofagasta plc, 70%, and Marubeni Corp., 30%",300,tmt,Copper,142.4
Buena Esperanza,17,Mine (idle),Idle,-22.164999999999964,-70.20999999999998,Antofagasta,,Mantos Blancos SX-EW plant,349,SX-EW Plant,Active,-23.4397,-70.0734,Empresa Minera de Mantos Blancos S.A. ,"Anglo American plc, 99.9%, and other private, 0.1%",100,tmt,Copper,142.4
Búfalo,18,Prospect/Project,Prospect/Project,-23.635999999999967,-69.29399999999998,Antofagasta,,Lomas Bayas SX-EW plant,341,SX-EW Plant,Active,-23.4318,-69.5017,Compañía Minera Xstrata Lomas Bayas ,"Glencore plc, 100%",75,tmt,Copper,31.0
Búfalo,18,Prospect/Project,Prospect/Project,-23.635999999999967,-69.29399999999998,Antofagasta,,Gabriela Mistral SX-EW plant,325,SX-EW Plant,Active,-23.4173,-68.7838,Minera Gaby S.A. ,"Corporación Nacional del Cobre (CODELCO) (Government, 100%), 100%",170,tmt,Copper,57.4
Búfalo,18,Prospect/Project,Prospect/Project,-23.635999999999967,-69.29399999999998,Antofagasta,,Zaldívar SX-EW plant,460,SX-EW Plant,Active,-24.201,-69.0689,Compañía Minera Zaldívar ,"Barrick Gold Corp., 100%",150,tmt,Copper,66.9
Búfalo,18,Prospect/Project,Prospect/Project,-23.635999999999967,-69.29399999999998,Antofagasta,,Escondida oxide plant for cathode production (SX-EW),320,SX-EW Plant,Active,-24.2536,-69.1008,Minera Escondida Ltda. ,"BHP Billiton plc, 57.5%; Rio Tinto plc, 30%; Japan Escondida Corp., 10%; International Finance Corp., 2.5%","1,300",tmt,Copper,71.4
Búfalo,18,Prospect/Project,Prospect/Project,-23.635999999999967,-69.29399999999998,Antofagasta,,Escondida concentrator,317,Concentrator,Active,-24.2628,-69.0581,Minera Escondida Ltda.,"Minera Escondida Ltda., 100%","1,300",tmt,Copper,73.7
Búfalo,18,Prospect/Project,Prospect/Project,-23.635999999999967,-69.29399999999998,Antofagasta,,Escondida sulfide-leach plant for cathode production,321,Processing Plant,Active,-24.2601,-68.9925,Minera Escondida Ltda. ,"BHP Billiton plc, 57.5%; Rio Tinto plc, 30%; Japan Escondida Corp., 10%; International Finance Corp., 2.5%","1,300",tmt,Copper,75.9
Búfalo,18,Prospect/Project,Prospect/Project,-23.635999999999967,-69.29399999999998,Antofagasta,,Centinela oxide and sulfide plant,279,Processing Plant,Active,-22.9275,-69.0965,Antofagasta plc,"Antofagasta plc, 70%, and Marubeni Corp., 30%",300,tmt,Copper,81.3
Búfalo,18,Prospect/Project,Prospect/Project,-23.635999999999967,-69.29399999999998,Antofagasta,,El Tesoro SX-EW plant,316,SX-EW Plant,Active,-22.9277,-69.0976,Minera El Tesoro S.A. ,"Antofagasta plc, 70%, and Marubeni Corp., 30%",110,tmt,Copper,81.3
Búfalo,18,Prospect/Project,Prospect/Project,-23.635999999999967,-69.29399999999998,Antofagasta,,Mantos Blancos SX-EW plant,349,SX-EW Plant,Active,-23.4397,-70.0734,Empresa Minera de Mantos Blancos S.A. ,"Anglo American plc, 99.9%, and other private, 0.1%",100,tmt,Copper,82.4
Búfalo,18,Prospect/Project,Prospect/Project,-23.635999999999967,-69.29399999999998,Antofagasta,,Spence SX-EW plant,444,SX-EW Plant,Active,-22.8015,-69.2818,Minera Spence S.A. ,"BHP Billiton plc, 100%",200,tmt,Copper,92.8
Búfalo,18,Prospect/Project,Prospect/Project,-23.635999999999967,-69.29399999999998,Antofagasta,,Altonorte smelter,269,Smelter,Active,-23.8247,-70.3178,Glencore Copper Chile S.A. ,Glencore Copper Chile S.A. ,300,tmt,Copper,106.3
Búfalo,18,Prospect/Project,Prospect/Project,-23.635999999999967,-69.29399999999998,Antofagasta,,Antucoya SX-EW plant,271,SX-EW Plant,Active,-22.6298,-69.8832,Antofagasta plc,"Antofagasta plc, 70%, Marubeni Corp., 30%",,,Copper,127.1
Búfalo,18,Prospect/Project,Prospect/Project,-23.635999999999967,-69.29399999999998,Antofagasta,,Michilla SX-EW/sulfide-leaching plant,359,SX-EW Plant,Active,-22.6791,-70.1883,Minera Michilla S.A. ,"Antofagasta plc, 74.2%, and other private Chilean investors, 25.8%",45,tmt,Copper,140.3
Cachinal,19,Prospect/Project,Prospect/Project,-24.964999999999975,-69.54833299999996,Antofagasta,,El Peñón concentration plant,309,Concentrator,Active,-24.4116,-69.4969,Minera Meridian Ltda. ,"Yamana Gold Inc., 100%","10,500",kg,Gold,61.8
Cachinal,19,Prospect/Project,Prospect/Project,-24.964999999999975,-69.54833299999996,Antofagasta,,El Peñón concentration plant,310,Concentrator,Active,-24.4116,-69.4969,Minera Meridian Ltds. ,"Yamana Gold Inc., 100%","300,000",kg,Silver,61.8
Cachinal,19,Prospect/Project,Prospect/Project,-24.964999999999975,-69.54833299999996,Antofagasta,,Escondida concentrator,318,Concentrator,Active,-24.2628,-69.0581,Minera Escondida Ltda.,"Minera Escondida Ltda., 100%","4,500",kg,Gold,92.5
Cachinal,19,Prospect/Project,Prospect/Project,-24.964999999999975,-69.54833299999996,Antofagasta,,Escondida concentrator,319,Concentrator,Active,-24.2628,-69.0581,Minera Escondida Ltda.,"Minera Escondida Ltda., 100%","180,000",kg,Silver,92.5
Cachinal,19,Prospect/Project,Prospect/Project,-24.964999999999975,-69.54833299999996,Antofagasta,,José Antonio Moreno plant,336,Processing Plant,Active,-25.3963,-70.4742,Empresa Nacional de Minería (ENAMI),"Government, 100%",400,kg,Gold,104.8
Cachinal,19,Prospect/Project,Prospect/Project,-24.964999999999975,-69.54833299999996,Antofagasta,,José Antonio Moreno plant,337,Processing Plant,Active,-25.3963,-70.4742,Empresa Nacional de Minería (ENAMI),"Government, 100%","6,000",kg,Silver,104.8
Cachorro,20,Prospect/Project,Prospect/Project,-22.975999999999942,-69.74499999999995,Antofagasta,,Antucoya SX-EW plant,271,SX-EW Plant,Active,-22.6298,-69.8832,Antofagasta plc,"Antofagasta plc, 70%, Marubeni Corp., 30%",,,Copper,41.0
Cachorro,20,Prospect/Project,Prospect/Project,-22.975999999999942,-69.74499999999995,Antofagasta,,Spence SX-EW plant,444,SX-EW Plant,Active,-22.8015,-69.2818,Minera Spence S.A. ,"BHP Billiton plc, 100%",200,tmt,Copper,51.3
Cachorro,20,Prospect/Project,Prospect/Project,-22.975999999999942,-69.74499999999995,Antofagasta,,Michilla SX-EW/sulfide-leaching plant,359,SX-EW Plant,Active,-22.6791,-70.1883,Minera Michilla S.A. ,"Antofagasta plc, 74.2%, and other private Chilean investors, 25.8%",45,tmt,Copper,56.2
Cachorro,20,Prospect/Project,Prospect/Project,-22.975999999999942,-69.74499999999995,Antofagasta,,Lomas Bayas SX-EW plant,341,SX-EW Plant,Active,-23.4318,-69.5017,Compañía Minera Xstrata Lomas Bayas ,"Glencore plc, 100%",75,tmt,Copper,56.5
Cachorro,20,Prospect/Project,Prospect/Project,-22.975999999999942,-69.74499999999995,Antofagasta,,Mantos Blancos SX-EW plant,349,SX-EW Plant,Active,-23.4397,-70.0734,Empresa Minera de Mantos Blancos S.A. ,"Anglo American plc, 99.9%, and other private, 0.1%",100,tmt,Copper,61.5
Cachorro,20,Prospect/Project,Prospect/Project,-22.975999999999942,-69.74499999999995,Antofagasta,,El Tesoro SX-EW plant,316,SX-EW Plant,Active,-22.9277,-69.0976,Minera El Tesoro S.A. ,"Antofagasta plc, 70%, and Marubeni Corp., 30%",110,tmt,Copper,66.5
Cachorro,20,Prospect/Project,Prospect/Project,-22.975999999999942,-69.74499999999995,Antofagasta,,Centinela oxide and sulfide plant,279,Processing Plant,Active,-22.9275,-69.0965,Antofagasta plc,"Antofagasta plc, 70%, and Marubeni Corp., 30%",300,tmt,Copper,66.6
Cachorro,20,Prospect/Project,Prospect/Project,-22.975999999999942,-69.74499999999995,Antofagasta,,Mantos de la Luna SX-EW plant,350,SX-EW Plant,Active,-22.3851,-70.1782,Compania Mantos de la Luna,"Izquierdo Menendez Group, 100%",,,Copper,79.3
Cachorro,20,Prospect/Project,Prospect/Project,-22.975999999999942,-69.74499999999995,Antofagasta,,Gabriela Mistral SX-EW plant,325,SX-EW Plant,Active,-23.4173,-68.7838,Minera Gaby S.A. ,"Corporación Nacional del Cobre (CODELCO) (Government, 100%), 100%",170,tmt,Copper,109.8
Cachorro,20,Prospect/Project,Prospect/Project,-22.975999999999942,-69.74499999999995,Antofagasta,,Altonorte smelter,269,Smelter,Active,-23.8247,-70.3178,Glencore Copper Chile S.A. ,Glencore Copper Chile S.A. ,300,tmt,Copper,111.0
Cachorro,20,Prospect/Project,Prospect/Project,-22.975999999999942,-69.74499999999995,Antofagasta,,Chuquicamata SX-EW plant (oxide) and smelter,292,Smelter,Active,-22.3137,-68.8895,Corporación Nacional del Cobre (CODELCO),"Government, 100%",450,tmt,Copper,114.6
Cachorro,20,Prospect/Project,Prospect/Project,-22.975999999999942,-69.74499999999995,Antofagasta,,Plant near Tocopilla,430,Processing Plant,Active,-21.9459,-69.8715,Minera Capacho Viejo Ltda. ,Minera Capacho Viejo Ltda. ,"5,000",mt,Copper,115.3
Cachorro,20,Prospect/Project,Prospect/Project,-22.975999999999942,-69.74499999999995,Antofagasta,,Chuquicamata Mine (plant to acid-leach fine copper),290,Processing Plant,Active,-22.3013,-68.8404,EcoMetales Ltd. ,"Codelco Technologies Ltd., 100%",25,tmt,Copper,119.4
Cachorro,20,Prospect/Project,Prospect/Project,-22.975999999999942,-69.74499999999995,Antofagasta,,Radomiro Tomic SX-EW plant,441,SX-EW Plant,Active,-22.1927,-68.8674,Corporación Nacional del Cobre (CODELCO),"Government, 100%",480,tmt,Copper,125.3
Cala Cala,21,Mine (active),Active,-20.234999999999957,-69.79299999999995,Tarapacá,,Plant near Iquique,419,Processing Plant,Active,-20.223,-69.7966,Cosayach Nitratos S.A. ,"Inverraz S.A., 100%","3,000",mt,Iodine,1.4
Cala Cala,21,Mine (active),Active,-20.234999999999957,-69.79299999999995,Tarapacá,,Plant near Iquique,420,Processing Plant,Active,-20.223,-69.7966,Cosayach Nitratos S.A. ,"Inverraz S.A., 100%",200,tmt,Nitrate,1.4
Cala Cala,21,Mine (active),Active,-20.234999999999957,-69.79299999999995,Tarapacá,,Nueva Victoria plant,369,Processing Plant,Active,-20.9592,-69.6633,SQM Químicos S.A. ,"Sociedad Química y Minera de Chile S.A. (SQM), 100%","13,300",mt,Iodine,81.7
Cala Cala,21,Mine (active),Active,-20.234999999999957,-69.79299999999995,Tarapacá,,Iris Plant,334,Processing Plant,Active,-20.9622,-69.6625,SQM Químicos S.A. ,"Sociedad Química y Minera de Chile S.A. (SQM), 100%","13,300",mt,Iodine,82.0
Calichera,22,Mine (idle),Idle,-19.869999999999948,-69.85999999999996,Tarapacá,,Plant near Iquique,419,Processing Plant,Active,-20.223,-69.7966,Cosayach Nitratos S.A. ,"Inverraz S.A., 100%","3,000",mt,Iodine,39.8
Calichera,22,Mine (idle),Idle,-19.869999999999948,-69.85999999999996,Tarapacá,,Plant near Iquique,420,Processing Plant,Active,-20.223,-69.7966,Cosayach Nitratos S.A. ,"Inverraz S.A., 100%",200,tmt,Nitrate,39.8
Calichera,22,Mine (idle),Idle,-19.869999999999948,-69.85999999999996,Tarapacá,,Nueva Victoria plant,369,Processing Plant,Active,-20.9592,-69.6633,SQM Químicos S.A. ,"Sociedad Química y Minera de Chile S.A. (SQM), 100%","13,300",mt,Iodine,122.8
Calichera,22,Mine (idle),Idle,-19.869999999999948,-69.85999999999996,Tarapacá,,Iris Plant,334,Processing Plant,Active,-20.9622,-69.6625,SQM Químicos S.A. ,"Sociedad Química y Minera de Chile S.A. (SQM), 100%","13,300",mt,Iodine,123.2
Can Can,23,Mine (idle),Idle,-26.802221999999972,-69.26305599999995,Atacama,,Osvaldo Martínez plant,371,Processing Plant,Active,-26.4196,-70.3172,Empresa Nacional de Minería (ENAMI),"Government, 100%",400,kg,Gold,113.1
Can Can,23,Mine (idle),Idle,-26.802221999999972,-69.26305599999995,Atacama,,Osvaldo Martínez plant,372,Processing Plant,Active,-26.4196,-70.3172,Empresa Nacional de Minería (ENAMI),"Government, 100%","6,000",kg,Silver,113.1
Can Can,23,Mine (idle),Idle,-26.802221999999972,-69.26305599999995,Atacama,,Manuel Antonio Matta plant,353,Processing Plant,Active,-27.4131,-70.2517,Empresa Nacional de Minería (ENAMI),"Government, 100%",400,kg,Gold,119.1
Can Can,23,Mine (idle),Idle,-26.802221999999972,-69.26305599999995,Atacama,,Manuel Antonio Matta plant,354,Processing Plant,Active,-27.4131,-70.2517,Empresa Nacional de Minería (ENAMI),"Government, 100%","6,000",kg,Silver,119.1
Canchas,24,Prospect/Project,Prospect/Project,-25.458999999999946,-70.20699999999994,Antofagasta,,José Antonio Moreno,335,Processing Plant,Active,-25.3963,-70.4742,Empresa Nacional de Minería (ENAMI),"Government, 100%",180,tmt,Copper,27.7
Canchas,24,Prospect/Project,Prospect/Project,-25.458999999999946,-70.20699999999994,Antofagasta,,Franke SX-EW Plant,324,SX-EW Plant,Active,-25.8334,-69.8639,Sociedad Contractual Minera Franke ,"KGHM International Ltd., 100%",,,Copper,54.0
Canchas,24,Prospect/Project,Prospect/Project,-25.458999999999946,-70.20699999999994,Antofagasta,,Osvaldo Martínez,370,Processing Plant,Active,-26.4196,-70.3172,Empresa Nacional de Minería (ENAMI),"Government, 100%",180,tmt,Copper,107.4
Canchas,24,Prospect/Project,Prospect/Project,-25.458999999999946,-70.20699999999994,Antofagasta,,Potrerillos SX-EW refinery and smelter,435,Smelter,Active,-26.283,-69.5965,Corporación Nacional del Cobre (CODELCO),"Government, 100%",70,tmt,Copper,110.1
Canchas,24,Prospect/Project,Prospect/Project,-25.458999999999946,-70.20699999999994,Antofagasta,,Mantoverde SX-EW plant,351,SX-EW Plant,Active,-26.5615,-70.3253,Empresa Minera de Mantos Blancos S.A. ,"Anglo American plc, 99.9%, and other private, 0.1%",65,tmt,Copper,123.2
Candelaria,25,Mine (active),Active,-27.51699999999994,-70.29099999999994,Atacama,Cía. Contractual Minera Candelaria ,Biocobre refinery,274,Refinery,Active,-27.5734,-70.2484,Sociedad Punta del Cobre S.A (Pucobre),Sociedad Punta del Cobre S.A (Pucobre) (100%),,,Copper,7.5
Candelaria,25,Mine (active),Active,-27.51699999999994,-70.29099999999994,Atacama,Cía. Contractual Minera Candelaria ,Hernán Videla Lira smelter (anodes and blister),331,Smelter,Active,-27.4198,-70.2577,Empresa Nacional de Minería (ENAMI),"Government, 100%",340,tmt,Copper,11.3
Candelaria,25,Mine (active),Active,-27.51699999999994,-70.29099999999994,Atacama,Cía. Contractual Minera Candelaria ,Manuel Antonio Matta,352,Processing Plant,Active,-27.4131,-70.2517,Empresa Nacional de Minería (ENAMI),"Government, 100%",180,tmt,Copper,12.2
Candelaria,25,Mine (active),Active,-27.51699999999994,-70.29099999999994,Atacama,Cía. Contractual Minera Candelaria ,Manuel Antonio Matta plant,353,Processing Plant,Active,-27.4131,-70.2517,Empresa Nacional de Minería (ENAMI),"Government, 100%",400,kg,Gold,12.2
Candelaria,25,Mine (active),Active,-27.51699999999994,-70.29099999999994,Atacama,Cía. Contractual Minera Candelaria ,Manuel Antonio Matta plant,354,Processing Plant,Active,-27.4131,-70.2517,Empresa Nacional de Minería (ENAMI),"Government, 100%","6,000",kg,Silver,12.2
Candelaria,25,Mine (active),Active,-27.51699999999994,-70.29099999999994,Atacama,Cía. Contractual Minera Candelaria ,Mantoverde SX-EW plant,351,SX-EW Plant,Active,-26.5615,-70.3253,Empresa Minera de Mantos Blancos S.A. ,"Anglo American plc, 99.9%, and other private, 0.1%",65,tmt,Copper,106.3
Candelaria,25,Mine (active),Active,-27.51699999999994,-70.29099999999994,Atacama,Cía. Contractual Minera Candelaria ,Osvaldo Martínez,370,Processing Plant,Active,-26.4196,-70.3172,Empresa Nacional de Minería (ENAMI),"Government, 100%",180,tmt,Copper,122.1
Candelaria,25,Mine (active),Active,-27.51699999999994,-70.29099999999994,Atacama,Cía. Contractual Minera Candelaria ,Osvaldo Martínez plant,371,Processing Plant,Active,-26.4196,-70.3172,Empresa Nacional de Minería (ENAMI),"Government, 100%",400,kg,Gold,122.1
Candelaria,25,Mine (active),Active,-27.51699999999994,-70.29099999999994,Atacama,Cía. Contractual Minera Candelaria ,Osvaldo Martínez plant,372,Processing Plant,Active,-26.4196,-70.3172,Empresa Nacional de Minería (ENAMI),"Government, 100%","6,000",kg,Silver,122.1
Candelaria,25,Mine (active),Active,-27.51699999999994,-70.29099999999994,Atacama,Cía. Contractual Minera Candelaria ,Vallenar plant,453,Processing Plant,Active,-28.5652,-70.7387,Empresa Nacional de Minería (ENAMI),"Government, 100%",180,tmt,Copper,124.6
Candelaria,25,Mine (active),Active,-27.51699999999994,-70.29099999999994,Atacama,Cía. Contractual Minera Candelaria ,Vallenar plant,454,Processing Plant,Active,-28.5652,-70.7387,Empresa Nacional de Minería (ENAMI),"Government, 100%",400,kg,Gold,124.6
Candelaria,25,Mine (active),Active,-27.51699999999994,-70.29099999999994,Atacama,Cía. Contractual Minera Candelaria ,Vallenar plant,455,Processing Plant,Active,-28.5652,-70.7387,Empresa Nacional de Minería (ENAMI),"Government, 100%","6,000",kg,Silver,124.6
Carmen,26,Mine (idle),Idle,-26.346089999999947,-70.14299999999997,Atacama,Compañía Minera Carmen de Andacollo ,Magnetite plant to process tailings from the Candelaria Mine and other iron-bearing raw materials from third parties,348,Processing Plant,Active,-27.5218,-70.3192,Compañía Minera del Pacífico S.A. (CMP),"CAP S.A., 75%, and MC Inversiones Ltda., 25%","2,000",tmt,Iron,131.9
Carmen de Andacollo,27,Mine (active),Active,-30.249999999999943,-71.09999999999997,Coquimbo,Compañía Minera Carmen de Andacollo ,SX-EW plant,447,SX-EW Plant,Active,-30.261,-71.0917,Compañía Minera Carmen de Andacollo ,"Teck Cominco Ltd., 90%, and Empresa Nacional de Minería (ENAMI) (Government, 100%), 10%",22,tmt,Copper,1.5
Carmen de Andacollo,27,Mine (active),Active,-30.249999999999943,-71.09999999999997,Coquimbo,Compañía Minera Carmen de Andacollo ,Plant near Coquimbo (Region IV),415,Processing Plant,Active,-29.8353,-71.1035,Compañía Minera San Gerónimo,Compañía Minera San Gerónimo,"10,000",mt,Copper,46.1
Carmen de Andacollo,27,Mine (active),Active,-30.249999999999943,-71.09999999999997,Coquimbo,Compañía Minera Carmen de Andacollo ,Dos Amigos SX-EW plant,305,SX-EW Plant,Active,-28.9869,-70.8859,CEMIN,CEMIN,,,Copper,142.0
Carmen-Margarita,28,Mine (active),Active,-32.49199999999996,-71.07099999999997,Valparaíso,,El Soldado SX-EW plant,314,SX-EW Plant,Active,-32.6593,-71.1448,Anglo American Sur S.A. ,"Anglo American plc, 50.1%, Mitsubishi Corp., 20.4%, Corporación Nacional del Cobre, 20%, and Mitsui & Co., Ltd., 9.5% ",50,tmt,Copper,19.8
Carmen-Margarita,28,Mine (active),Active,-32.49199999999996,-71.07099999999997,Valparaíso,,Plant at Cabildo,374,Processing Plant,Active,-32.5838,-70.8762,Compañía Minera Cerro Negro,Compañía Minera Cerro Negro,200,mt,Copper,20.9
Carmen-Margarita,28,Mine (active),Active,-32.49199999999996,-71.07099999999997,Valparaíso,,Chagres smelter (anodes and blister),284,Smelter,Active,-32.8047,-70.9554,Empresa Nacional de Minería (ENAMI),"Government, 100%",175,tmt,Copper,36.4
Carmen-Margarita,28,Mine (active),Active,-32.49199999999996,-71.07099999999997,Valparaíso,,Las Ventanas refinery and smelter,340,Smelter,Active,-32.7618,-71.4812,Corporación Nacional del Cobre (CODELCO),"Government, 100%",402,tmt,Copper,48.7
Carmen-Margarita,28,Mine (active),Active,-32.49199999999996,-71.07099999999997,Valparaíso,,Los Bronces (Tortolas) SX-EW plant (cathodes),342,SX-EW Plant,Active,-33.1409,-70.7086,Anglo American Sur S.A. ,"Anglo American plc, 50.1%, Mitsubishi Corp., 20.4%, Corporación Nacional del Cobre, 20%, and Mitsui & Co., Ltd., 9.5% ",490,tmt,Copper,79.7
Carmen-Margarita,28,Mine (active),Active,-32.49199999999996,-71.07099999999997,Valparaíso,,Tres Valles SX-EW plant,451,SX-EW Plant,Active,-31.7364,-71.0165,Vecchiola SA,Vecchiola SA,,,Copper,84.2
Caserones,29,Mine (active),Active,-28.16599999999994,-69.54099999999994,Atacama,Minera Lumina Copper Chile (MILCC),Biocobre refinery,274,Refinery,Active,-27.5734,-70.2484,Sociedad Punta del Cobre S.A (Pucobre),Sociedad Punta del Cobre S.A (Pucobre) (100%),,,Copper,95.8
Caserones,29,Mine (active),Active,-28.16599999999994,-69.54099999999994,Atacama,Minera Lumina Copper Chile (MILCC),Hernán Videla Lira smelter (anodes and blister),331,Smelter,Active,-27.4198,-70.2577,Empresa Nacional de Minería (ENAMI),"Government, 100%",340,tmt,Copper,108.9
Caserones,29,Mine (active),Active,-28.16599999999994,-69.54099999999994,Atacama,Minera Lumina Copper Chile (MILCC),Manuel Antonio Matta,352,Processing Plant,Active,-27.4131,-70.2517,Empresa Nacional de Minería (ENAMI),"Government, 100%",180,tmt,Copper,109.1
Caserones,29,Mine (active),Active,-28.16599999999994,-69.54099999999994,Atacama,Minera Lumina Copper Chile (MILCC),Vallenar plant,453,Processing Plant,Active,-28.5652,-70.7387,Empresa Nacional de Minería (ENAMI),"Government, 100%",180,tmt,Copper,125.3
Caspiche,30,Prospect/Project,Prospect/Project,-27.68999999999994,-69.29399999999998,Atacama,,Biocobre refinery,274,Refinery,Active,-27.5734,-70.2484,Sociedad Punta del Cobre S.A (Pucobre),Sociedad Punta del Cobre S.A (Pucobre) (100%),,,Copper,94.9
Caspiche,30,Prospect/Project,Prospect/Project,-27.68999999999994,-69.29399999999998,Atacama,,Manuel Antonio Matta,352,Processing Plant,Active,-27.4131,-70.2517,Empresa Nacional de Minería (ENAMI),"Government, 100%",180,tmt,Copper,99.3
Caspiche,30,Prospect/Project,Prospect/Project,-27.68999999999994,-69.29399999999998,Atacama,,Manuel Antonio Matta plant,353,Processing Plant,Active,-27.4131,-70.2517,Empresa Nacional de Minería (ENAMI),"Government, 100%",400,kg,Gold,99.3
Caspiche,30,Prospect/Project,Prospect/Project,-27.68999999999994,-69.29399999999998,Atacama,,Manuel Antonio Matta plant,354,Processing Plant,Active,-27.4131,-70.2517,Empresa Nacional de Minería (ENAMI),"Government, 100%","6,000",kg,Silver,99.3
Caspiche,30,Prospect/Project,Prospect/Project,-27.68999999999994,-69.29399999999998,Atacama,,Hernán Videla Lira smelter (anodes and blister),331,Smelter,Active,-27.4198,-70.2577,Empresa Nacional de Minería (ENAMI),"Government, 100%",340,tmt,Copper,99.6
Casualidad,31,Prospect/Project,Prospect/Project,-25.74599999999998,-69.96499999999997,Antofagasta,,Franke SX-EW Plant,324,SX-EW Plant,Active,-25.8334,-69.8639,Sociedad Contractual Minera Franke ,"KGHM International Ltd., 100%",,,Copper,14.0
Casualidad,31,Prospect/Project,Prospect/Project,-25.74599999999998,-69.96499999999997,Antofagasta,,José Antonio Moreno,335,Processing Plant,Active,-25.3963,-70.4742,Empresa Nacional de Minería (ENAMI),"Government, 100%",180,tmt,Copper,64.2
Casualidad,31,Prospect/Project,Prospect/Project,-25.74599999999998,-69.96499999999997,Antofagasta,,Potrerillos SX-EW refinery and smelter,435,Smelter,Active,-26.283,-69.5965,Corporación Nacional del Cobre (CODELCO),"Government, 100%",70,tmt,Copper,70.2
Casualidad,31,Prospect/Project,Prospect/Project,-25.74599999999998,-69.96499999999997,Antofagasta,,Osvaldo Martínez,370,Processing Plant,Active,-26.4196,-70.3172,Empresa Nacional de Minería (ENAMI),"Government, 100%",180,tmt,Copper,82.7
Casualidad,31,Prospect/Project,Prospect/Project,-25.74599999999998,-69.96499999999997,Antofagasta,,Mantoverde SX-EW plant,351,SX-EW Plant,Active,-26.5615,-70.3253,Empresa Minera de Mantos Blancos S.A. ,"Anglo American plc, 99.9%, and other private, 0.1%",65,tmt,Copper,97.5
Casuto,32,Mine (idle),Idle,-31.787399999999934,-71.44476999999995,Coquimbo,,Los Pelambres plant,345,Processing Plant,Active,-31.8134,-70.5823,Antofagasta plc,"Antofagasta plc, 60%; JX Nippon Mining Metals Corp, 15%; Mitsubishi Materials Corp., 10%; Marubeni Corp., 8.75%; Mitsubishi Corp., 5%; Mitsui & Co. Ltd., 1.25%","1,700",kg,Gold,81.6
Casuto,32,Mine (idle),Idle,-31.787399999999934,-71.44476999999995,Coquimbo,,Ventanas refinery and smelter,456,Smelter,Active,-32.7618,-71.4812,Corporación Nacional del Cobre (CODELCO),"Government, 100%","12,000",kg,Gold,108.4
Catemu,33,Mine (active),Active,-32.72399999999993,-70.95699999999994,Valparaíso,,Chagres smelter (anodes and blister),284,Smelter,Active,-32.8047,-70.9554,Empresa Nacional de Minería (ENAMI),"Government, 100%",175,tmt,Copper,9.0
Catemu,33,Mine (active),Active,-32.72399999999993,-70.95699999999994,Valparaíso,,Plant at Cabildo,374,Processing Plant,Active,-32.5838,-70.8762,Compañía Minera Cerro Negro,Compañía Minera Cerro Negro,200,mt,Copper,17.3
Catemu,33,Mine (active),Active,-32.72399999999993,-70.95699999999994,Valparaíso,,El Soldado SX-EW plant,314,SX-EW Plant,Active,-32.6593,-71.1448,Anglo American Sur S.A. ,"Anglo American plc, 50.1%, Mitsubishi Corp., 20.4%, Corporación Nacional del Cobre, 20%, and Mitsui & Co., Ltd., 9.5% ",50,tmt,Copper,19.0
Catemu,33,Mine (active),Active,-32.72399999999993,-70.95699999999994,Valparaíso,,Las Ventanas refinery and smelter,340,Smelter,Active,-32.7618,-71.4812,Corporación Nacional del Cobre (CODELCO),"Government, 100%",402,tmt,Copper,49.2
Catemu,33,Mine (active),Active,-32.72399999999993,-70.95699999999994,Valparaíso,,Los Bronces (Tortolas) SX-EW plant (cathodes),342,SX-EW Plant,Active,-33.1409,-70.7086,Anglo American Sur S.A. ,"Anglo American plc, 50.1%, Mitsubishi Corp., 20.4%, Corporación Nacional del Cobre, 20%, and Mitsui & Co., Ltd., 9.5% ",490,tmt,Copper,51.8
Catemu,33,Mine (active),Active,-32.72399999999993,-70.95699999999994,Valparaíso,,Tres Valles SX-EW plant,451,SX-EW Plant,Active,-31.7364,-71.0165,Vecchiola SA,Vecchiola SA,,,Copper,110.0
Centinela,34,Mine (active),Active,-22.987999999999943,-69.07599999999996,Antofagasta,Antofagasta plc,Esperanza milling/flotation plant,322,Concentrator,Active,-22.9998,-69.1036,Minera Esperanza S.A. ,"Antofagasta plc, 70%, and Marubeni Corp., 30%","8,000",kg,Gold,3.1
Centinela,34,Mine (active),Active,-22.987999999999943,-69.07599999999996,Antofagasta,Antofagasta plc,Centinela oxide and sulfide plant,279,Processing Plant,Active,-22.9275,-69.0965,Antofagasta plc,"Antofagasta plc, 70%, and Marubeni Corp., 30%",300,tmt,Copper,7.0
Centinela,34,Mine (active),Active,-22.987999999999943,-69.07599999999996,Antofagasta,Antofagasta plc,El Tesoro SX-EW plant,316,SX-EW Plant,Active,-22.9277,-69.0976,Minera El Tesoro S.A. ,"Antofagasta plc, 70%, and Marubeni Corp., 30%",110,tmt,Copper,7.1
Centinela,34,Mine (active),Active,-22.987999999999943,-69.07599999999996,Antofagasta,Antofagasta plc,Spence SX-EW plant,444,SX-EW Plant,Active,-22.8015,-69.2818,Minera Spence S.A. ,"BHP Billiton plc, 100%",200,tmt,Copper,29.6
Centinela,34,Mine (active),Active,-22.987999999999943,-69.07599999999996,Antofagasta,Antofagasta plc,Gabriela Mistral SX-EW plant,325,SX-EW Plant,Active,-23.4173,-68.7838,Minera Gaby S.A. ,"Corporación Nacional del Cobre (CODELCO) (Government, 100%), 100%",170,tmt,Copper,56.3
Centinela,34,Mine (active),Active,-22.987999999999943,-69.07599999999996,Antofagasta,Antofagasta plc,Lomas Bayas SX-EW plant,341,SX-EW Plant,Active,-23.4318,-69.5017,Compañía Minera Xstrata Lomas Bayas ,"Glencore plc, 100%",75,tmt,Copper,65.8
Centinela,34,Mine (active),Active,-22.987999999999943,-69.07599999999996,Antofagasta,Antofagasta plc,Chuquicamata SX-EW plant (oxide) and smelter,292,Smelter,Active,-22.3137,-68.8895,Corporación Nacional del Cobre (CODELCO),"Government, 100%",450,tmt,Copper,77.4
Centinela,34,Mine (active),Active,-22.987999999999943,-69.07599999999996,Antofagasta,Antofagasta plc,Chuquicamata Mine (plant to acid-leach fine copper),290,Processing Plant,Active,-22.3013,-68.8404,EcoMetales Ltd. ,"Codelco Technologies Ltd., 100%",25,tmt,Copper,80.1
Centinela,34,Mine (active),Active,-22.987999999999943,-69.07599999999996,Antofagasta,Antofagasta plc,Radomiro Tomic SX-EW plant,441,SX-EW Plant,Active,-22.1927,-68.8674,Corporación Nacional del Cobre (CODELCO),"Government, 100%",480,tmt,Copper,91.0
Centinela,34,Mine (active),Active,-22.987999999999943,-69.07599999999996,Antofagasta,Antofagasta plc,Antucoya SX-EW plant,271,SX-EW Plant,Active,-22.6298,-69.8832,Antofagasta plc,"Antofagasta plc, 70%, Marubeni Corp., 30%",,,Copper,91.8
Centinela,34,Mine (active),Active,-22.987999999999943,-69.07599999999996,Antofagasta,Antofagasta plc,Mantos Blancos SX-EW plant,349,SX-EW Plant,Active,-23.4397,-70.0734,Empresa Minera de Mantos Blancos S.A. ,"Anglo American plc, 99.9%, and other private, 0.1%",100,tmt,Copper,113.6
Centinela,34,Mine (active),Active,-22.987999999999943,-69.07599999999996,Antofagasta,Antofagasta plc,Al Elbra SX-EW plant,268,SX-EW Plant,Active,-21.9859,-68.6886,Sociedad Contractual Minera El Abra ,"Freeport-McMoRan Copper & Gold Inc., 51%, and Corporación Nacional del Cobre (CODELCO) (Government, 100%), 49%",225,tmt,Copper,118.3
Centinela,34,Mine (active),Active,-22.987999999999943,-69.07599999999996,Antofagasta,Antofagasta plc,Michilla SX-EW/sulfide-leaching plant,359,SX-EW Plant,Active,-22.6791,-70.1883,Minera Michilla S.A. ,"Antofagasta plc, 74.2%, and other private Chilean investors, 25.8%",45,tmt,Copper,119.1
Centinela,34,Mine (active),Active,-22.987999999999943,-69.07599999999996,Antofagasta,Antofagasta plc,Mantos de la Luna SX-EW plant,350,SX-EW Plant,Active,-22.3851,-70.1782,Compania Mantos de la Luna,"Izquierdo Menendez Group, 100%",,,Copper,131.5
Centinela,34,Mine (active),Active,-22.987999999999943,-69.07599999999996,Antofagasta,Antofagasta plc,Zaldívar SX-EW plant,460,SX-EW Plant,Active,-24.201,-69.0689,Compañía Minera Zaldívar ,"Barrick Gold Corp., 100%",150,tmt,Copper,134.9
Centinela,34,Mine (active),Active,-22.987999999999943,-69.07599999999996,Antofagasta,Antofagasta plc,Escondida oxide plant for cathode production (SX-EW),320,SX-EW Plant,Active,-24.2536,-69.1008,Minera Escondida Ltda. ,"BHP Billiton plc, 57.5%; Rio Tinto plc, 30%; Japan Escondida Corp., 10%; International Finance Corp., 2.5%","1,300",tmt,Copper,140.8
Centinela,34,Mine (active),Active,-22.987999999999943,-69.07599999999996,Antofagasta,Antofagasta plc,Escondida sulfide-leach plant for cathode production,321,Processing Plant,Active,-24.2601,-68.9925,Minera Escondida Ltda. ,"BHP Billiton plc, 57.5%; Rio Tinto plc, 30%; Japan Escondida Corp., 10%; International Finance Corp., 2.5%","1,300",tmt,Copper,141.7
Centinela,34,Mine (active),Active,-22.987999999999943,-69.07599999999996,Antofagasta,Antofagasta plc,Escondida concentrator,317,Concentrator,Active,-24.2628,-69.0581,Minera Escondida Ltda.,"Minera Escondida Ltda., 100%","1,300",tmt,Copper,141.8
Centinela,34,Mine (active),Active,-22.987999999999943,-69.07599999999996,Antofagasta,Antofagasta plc,Escondida concentrator,318,Concentrator,Active,-24.2628,-69.0581,Minera Escondida Ltda.,"Minera Escondida Ltda., 100%","4,500",kg,Gold,141.8
Centinela,34,Mine (active),Active,-22.987999999999943,-69.07599999999996,Antofagasta,Antofagasta plc,Plant near Tocopilla,430,Processing Plant,Active,-21.9459,-69.8715,Minera Capacho Viejo Ltda. ,Minera Capacho Viejo Ltda. ,"5,000",mt,Copper,141.8
Cerro Bayo,35,Mine (active),Active,-46.509999999999934,-71.96999999999997,Aysén del General Carlos Ibáñez del Campo,Compañía Minera Cerro Bayo Ltda. ,Cerro Bayo concentration plant,280,Concentrator,Active,-46.5463,-71.9995,Compañía Minera Cerro Bayo Ltda. ,"Mandalay Resources Corp., 100%",950,kg,Gold,4.6
Cerro Bayo,35,Mine (active),Active,-46.509999999999934,-71.96999999999997,Aysén del General Carlos Ibáñez del Campo,Compañía Minera Cerro Bayo Ltda. ,Concentration plant,296,Concentrator,Active,-46.5463,-71.9995,Compañía Minera Cerro Bayo Ltda. ,"Mandalay Resources Corp., 100%","110,000",kg,Silver,4.6
Cerro Casale,38,Prospect/Project,Prospect/Project,-27.793999999999983,-69.27899999999994,Atacama,,Biocobre refinery,274,Refinery,Active,-27.5734,-70.2484,Sociedad Punta del Cobre S.A (Pucobre),Sociedad Punta del Cobre S.A (Pucobre) (100%),,,Copper,98.6
Cerro Casale,38,Prospect/Project,Prospect/Project,-27.793999999999983,-69.27899999999994,Atacama,,Manuel Antonio Matta,352,Processing Plant,Active,-27.4131,-70.2517,Empresa Nacional de Minería (ENAMI),"Government, 100%",180,tmt,Copper,104.8
Cerro Casale,38,Prospect/Project,Prospect/Project,-27.793999999999983,-69.27899999999994,Atacama,,Manuel Antonio Matta plant,353,Processing Plant,Active,-27.4131,-70.2517,Empresa Nacional de Minería (ENAMI),"Government, 100%",400,kg,Gold,104.8
Cerro Casale,38,Prospect/Project,Prospect/Project,-27.793999999999983,-69.27899999999994,Atacama,,Manuel Antonio Matta plant,354,Processing Plant,Active,-27.4131,-70.2517,Empresa Nacional de Minería (ENAMI),"Government, 100%","6,000",kg,Silver,104.8
Cerro Casale,38,Prospect/Project,Prospect/Project,-27.793999999999983,-69.27899999999994,Atacama,,Hernán Videla Lira smelter (anodes and blister),331,Smelter,Active,-27.4198,-70.2577,Empresa Nacional de Minería (ENAMI),"Government, 100%",340,tmt,Copper,105.0
Cerro Colorado,39,Mine (idle),Idle,-20.043999999999983,-69.26499999999999,Tarapacá,Compañía Minera Cerro Colorado ,Cerro Colorado SX-EW plant,282,SX-EW Plant,Active,-20.0624,-69.2663,Compañía Minera Cerro Colorado ,"BHP Billiton plc, 100%",120,tmt,Copper,2.1
Cerro Colorado,39,Mine (idle),Idle,-20.043999999999983,-69.26499999999999,Tarapacá,Compañía Minera Cerro Colorado ,La Cascada SX-EW plant,339,SX-EW Plant,Active,-20.1873,-69.3329,Haldeman Mining Company S.A. ,"Haldeman Mining Company S.A., 100%",,,Copper,17.4
Cerro Colorado,39,Mine (idle),Idle,-20.043999999999983,-69.26499999999999,Tarapacá,Compañía Minera Cerro Colorado ,Quebrada Blanca SX-EW plant,440,SX-EW Plant,Active,-21.0027,-68.7964,Compañía Minera Quebrada Blanca ,"Teck Cominco Ltd., 76.5%; Inversiones Mineras S.A., 13.5%; Empresa Nacional de Minería (ENAMI) (Government, 100%), 10%",100,tmt,Copper,117.2
Cerro Colorado,39,Mine (idle),Idle,-20.043999999999983,-69.26499999999999,Tarapacá,Compañía Minera Cerro Colorado ,Collahuasi SX-EW plant,295,SX-EW Plant,Active,-20.9779,-68.6315,Compañía Minera Doña Inés de Collahuasi SCM ,"Anglo American plc, 44%; Glencore plc, 44%; companies led by Mitsui & Co. Ltd., 12%",400,tmt,Copper,123.0
Cerro Imán,40,Mine (idle),Idle,-27.26499999999993,-70.41666699999996,Atacama,,Magnetite plant to process tailings from the Candelaria Mine and other iron-bearing raw materials from third parties,348,Processing Plant,Active,-27.5218,-70.3192,Compañía Minera del Pacífico S.A. (CMP),"CAP S.A., 75%, and MC Inversiones Ltda., 25%","2,000",tmt,Iron,30.1
Cerro Imán,40,Mine (idle),Idle,-27.26499999999993,-70.41666699999996,Atacama,,Huasco concentration plant,332,Concentrator,Active,-28.2907,-70.8125,Compañía Minera del Pacífico S.A. (CMP),"CAP S.A., 75%, and MC Inversiones Ltda., 25%","1,300",tmt,Iron,120.5
Cerro Imán,40,Mine (idle),Idle,-27.26499999999993,-70.41666699999996,Atacama,,Los Colorados concentration plant,344,Concentrator,Active,-28.291,-70.8129,Compañía Minera del Pacífico S.A. (CMP),"CAP S.A., 75%, and MC Inversiones Ltda., 25%","1,300",tmt,Iron,120.6
Cerro Negro,41,Mine (active),Active,-32.577999999999975,-70.85699999999997,Valparaíso,,Plant at Cabildo,374,Processing Plant,Active,-32.5838,-70.8762,Compañía Minera Cerro Negro,Compañía Minera Cerro Negro,200,mt,Copper,1.9
Cerro Negro,41,Mine (active),Active,-32.577999999999975,-70.85699999999997,Valparaíso,,Chagres smelter (anodes and blister),284,Smelter,Active,-32.8047,-70.9554,Empresa Nacional de Minería (ENAMI),"Government, 100%",175,tmt,Copper,26.8
Cerro Negro,41,Mine (active),Active,-32.577999999999975,-70.85699999999997,Valparaíso,,El Soldado SX-EW plant,314,SX-EW Plant,Active,-32.6593,-71.1448,Anglo American Sur S.A. ,"Anglo American plc, 50.1%, Mitsubishi Corp., 20.4%, Corporación Nacional del Cobre, 20%, and Mitsui & Co., Ltd., 9.5% ",50,tmt,Copper,28.4
Cerro Negro,41,Mine (active),Active,-32.577999999999975,-70.85699999999997,Valparaíso,,Las Ventanas refinery and smelter,340,Smelter,Active,-32.7618,-71.4812,Corporación Nacional del Cobre (CODELCO),"Government, 100%",402,tmt,Copper,61.9
Cerro Negro,41,Mine (active),Active,-32.577999999999975,-70.85699999999997,Valparaíso,,Ventanas refinery and smelter,458,Smelter,Active,-32.7618,-71.4812,Corporación Nacional del Cobre (CODELCO),"Government, 100%","220,000",kg,Silver,61.9
Cerro Negro,41,Mine (active),Active,-32.577999999999975,-70.85699999999997,Valparaíso,,Los Bronces (Tortolas) SX-EW plant (cathodes),342,SX-EW Plant,Active,-33.1409,-70.7086,Anglo American Sur S.A. ,"Anglo American plc, 50.1%, Mitsubishi Corp., 20.4%, Corporación Nacional del Cobre, 20%, and Mitsui & Co., Ltd., 9.5% ",490,tmt,Copper,64.1
Cerro Negro,41,Mine (active),Active,-32.577999999999975,-70.85699999999997,Valparaíso,,Los Bronces Plants,343,Processing Plant,Active,-33.1462,-70.2863,Anglo American Sur S.A. ,"Anglo American plc, 50.1%, Mitsubishi Corp., 20.4%, Corporación Nacional del Cobre, 20%, and Mitsui & Co., Ltd., 9.5% ","35,000",kg,Silver,82.7
Cerro Negro,41,Mine (active),Active,-32.577999999999975,-70.85699999999997,Valparaíso,,Los Pelambres plant,347,Processing Plant,Active,-31.8134,-70.5823,Antofagasta plc,"Antofagasta plc, 60%; JX Nippon Mining Metals Corp, 15%; Mitsubishi Materials Corp., 10%; Marubeni Corp., 8.75%; Mitsubishi Corp., 5%; Mitsui & Co. Ltd., 1.25%","42,000",kg,Silver,88.9
Cerro Negro,41,Mine (active),Active,-32.577999999999975,-70.85699999999997,Valparaíso,,Tres Valles SX-EW plant,451,SX-EW Plant,Active,-31.7364,-71.0165,Vecchiola SA,Vecchiola SA,,,Copper,94.8
Cerro Negro Norte,42,Mine (active),Active,-27.10833299999996,-70.34305599999993,Atacama,,Magnetite plant to process tailings from the Candelaria Mine and other iron-bearing raw materials from third parties,348,Processing Plant,Active,-27.5218,-70.3192,Compañía Minera del Pacífico S.A. (CMP),"CAP S.A., 75%, and MC Inversiones Ltda., 25%","2,000",tmt,Iron,46.0
Cerro Negro Norte,42,Mine (active),Active,-27.10833299999996,-70.34305599999993,Atacama,,Huasco concentration plant,332,Concentrator,Active,-28.2907,-70.8125,Compañía Minera del Pacífico S.A. (CMP),"CAP S.A., 75%, and MC Inversiones Ltda., 25%","1,300",tmt,Iron,139.4
Cerro Negro Norte,42,Mine (active),Active,-27.10833299999996,-70.34305599999993,Atacama,,Los Colorados concentration plant,344,Concentrator,Active,-28.291,-70.8129,Compañía Minera del Pacífico S.A. (CMP),"CAP S.A., 75%, and MC Inversiones Ltda., 25%","1,300",tmt,Iron,139.4
Challacollo,43,Prospect/Project,Prospect/Project,-20.89539999999994,-69.33932999999996,Tarapacá,,Collahuasi plants,293,Processing Plant,Active,-20.9761,-68.6272,Compañía Minera Doña Inés de Collahuasi SCM ,"Anglo American plc, 44%; Glencore plc, 44%; companies led by Mitsui & Co. Ltd., 12%",,,Gold,74.5
Challacollo,43,Prospect/Project,Prospect/Project,-20.89539999999994,-69.33932999999996,Tarapacá,,Collahuasi plants,294,Processing Plant,Active,-20.9761,-68.6272,Compañía Minera Doña Inés de Collahuasi SCM ,"Anglo American plc, 44%; Glencore plc, 44%; companies led by Mitsui & Co. Ltd., 12%","60,000",kg,Silver,74.5
Chañarcillo,44,Mine (idle),Idle,-27.81388899999996,-70.41888899999998,Atacama,,Manuel Antonio Matta plant,354,Processing Plant,Active,-27.4131,-70.2517,Empresa Nacional de Minería (ENAMI),"Government, 100%","6,000",kg,Silver,47.5
Chañarcillo,44,Mine (idle),Idle,-27.81388899999996,-70.41888899999998,Atacama,,Vallenar plant,455,Processing Plant,Active,-28.5652,-70.7387,Empresa Nacional de Minería (ENAMI),"Government, 100%","6,000",kg,Silver,89.2
Chimborazo,45,Prospect/Project,Prospect/Project,-24.147999999999968,-69.13599999999997,Antofagasta,,Zaldívar SX-EW plant,460,SX-EW Plant,Active,-24.201,-69.0689,Compañía Minera Zaldívar ,"Barrick Gold Corp., 100%",150,tmt,Copper,9.0
Chimborazo,45,Prospect/Project,Prospect/Project,-24.147999999999968,-69.13599999999997,Antofagasta,,Escondida oxide plant for cathode production (SX-EW),320,SX-EW Plant,Active,-24.2536,-69.1008,Minera Escondida Ltda. ,"BHP Billiton plc, 57.5%; Rio Tinto plc, 30%; Japan Escondida Corp., 10%; International Finance Corp., 2.5%","1,300",tmt,Copper,12.3
Chimborazo,45,Prospect/Project,Prospect/Project,-24.147999999999968,-69.13599999999997,Antofagasta,,Escondida concentrator,317,Concentrator,Active,-24.2628,-69.0581,Minera Escondida Ltda.,"Minera Escondida Ltda., 100%","1,300",tmt,Copper,15.0
Chimborazo,45,Prospect/Project,Prospect/Project,-24.147999999999968,-69.13599999999997,Antofagasta,,Escondida sulfide-leach plant for cathode production,321,Processing Plant,Active,-24.2601,-68.9925,Minera Escondida Ltda. ,"BHP Billiton plc, 57.5%; Rio Tinto plc, 30%; Japan Escondida Corp., 10%; International Finance Corp., 2.5%","1,300",tmt,Copper,19.2
Chimborazo,45,Prospect/Project,Prospect/Project,-24.147999999999968,-69.13599999999997,Antofagasta,,Lomas Bayas SX-EW plant,341,SX-EW Plant,Active,-23.4318,-69.5017,Compañía Minera Xstrata Lomas Bayas ,"Glencore plc, 100%",75,tmt,Copper,87.9
Chimborazo,45,Prospect/Project,Prospect/Project,-24.147999999999968,-69.13599999999997,Antofagasta,,Gabriela Mistral SX-EW plant,325,SX-EW Plant,Active,-23.4173,-68.7838,Minera Gaby S.A. ,"Corporación Nacional del Cobre (CODELCO) (Government, 100%), 100%",170,tmt,Copper,88.8
Chimborazo,45,Prospect/Project,Prospect/Project,-24.147999999999968,-69.13599999999997,Antofagasta,,Mantos Blancos SX-EW plant,349,SX-EW Plant,Active,-23.4397,-70.0734,Empresa Minera de Mantos Blancos S.A. ,"Anglo American plc, 99.9%, and other private, 0.1%",100,tmt,Copper,123.7
Chimborazo,45,Prospect/Project,Prospect/Project,-24.147999999999968,-69.13599999999997,Antofagasta,,Altonorte smelter,269,Smelter,Active,-23.8247,-70.3178,Glencore Copper Chile S.A. ,Glencore Copper Chile S.A. ,300,tmt,Copper,125.3
Chimborazo,45,Prospect/Project,Prospect/Project,-24.147999999999968,-69.13599999999997,Antofagasta,,El Tesoro SX-EW plant,316,SX-EW Plant,Active,-22.9277,-69.0976,Minera El Tesoro S.A. ,"Antofagasta plc, 70%, and Marubeni Corp., 30%",110,tmt,Copper,135.7
Chimborazo,45,Prospect/Project,Prospect/Project,-24.147999999999968,-69.13599999999997,Antofagasta,,Centinela oxide and sulfide plant,279,Processing Plant,Active,-22.9275,-69.0965,Antofagasta plc,"Antofagasta plc, 70%, and Marubeni Corp., 30%",300,tmt,Copper,135.8
Chiquinquira,46,Mine (idle),Idle,-19.749999999999943,-69.91999999999996,Tarapacá,,Plant near Iquique,419,Processing Plant,Active,-20.223,-69.7966,Cosayach Nitratos S.A. ,"Inverraz S.A., 100%","3,000",mt,Iodine,54.2
Chiquinquira,46,Mine (idle),Idle,-19.749999999999943,-69.91999999999996,Tarapacá,,Plant near Iquique,420,Processing Plant,Active,-20.223,-69.7966,Cosayach Nitratos S.A. ,"Inverraz S.A., 100%",200,tmt,Nitrate,54.2
Chiquinquira,46,Mine (idle),Idle,-19.749999999999943,-69.91999999999996,Tarapacá,,Nueva Victoria plant,369,Processing Plant,Active,-20.9592,-69.6633,SQM Químicos S.A. ,"Sociedad Química y Minera de Chile S.A. (SQM), 100%","13,300",mt,Iodine,137.1
Chiquinquira,46,Mine (idle),Idle,-19.749999999999943,-69.91999999999996,Tarapacá,,Iris Plant,334,Processing Plant,Active,-20.9622,-69.6625,SQM Químicos S.A. ,"Sociedad Química y Minera de Chile S.A. (SQM), 100%","13,300",mt,Iodine,137.4
Chuquicamata,48,Mine (active),Active,-22.299999999999955,-68.89499999999998,Antofagasta,Corporación Nacional del Cobre (CODELCO),Chuquicamata SX-EW plant (oxide) and smelter,292,Smelter,Active,-22.3137,-68.8895,Corporación Nacional del Cobre (CODELCO),"Government, 100%",450,tmt,Copper,1.6
Chuquicamata,48,Mine (active),Active,-22.299999999999955,-68.89499999999998,Antofagasta,Corporación Nacional del Cobre (CODELCO),Chuquicamata Mine (plant to acid-leach fine copper),290,Processing Plant,Active,-22.3013,-68.8404,EcoMetales Ltd. ,"Codelco Technologies Ltd., 100%",25,tmt,Copper,5.6
Chuquicamata,48,Mine (active),Active,-22.299999999999955,-68.89499999999998,Antofagasta,Corporación Nacional del Cobre (CODELCO),Radomiro Tomic SX-EW plant,441,SX-EW Plant,Active,-22.1927,-68.8674,Corporación Nacional del Cobre (CODELCO),"Government, 100%",480,tmt,Copper,12.3
Chuquicamata,48,Mine (active),Active,-22.299999999999955,-68.89499999999998,Antofagasta,Corporación Nacional del Cobre (CODELCO),Al Elbra SX-EW plant,268,SX-EW Plant,Active,-21.9859,-68.6886,Sociedad Contractual Minera El Abra ,"Freeport-McMoRan Copper & Gold Inc., 51%, and Corporación Nacional del Cobre (CODELCO) (Government, 100%), 49%",225,tmt,Copper,40.9
Chuquicamata,48,Mine (active),Active,-22.299999999999955,-68.89499999999998,Antofagasta,Corporación Nacional del Cobre (CODELCO),Spence SX-EW plant,444,SX-EW Plant,Active,-22.8015,-69.2818,Minera Spence S.A. ,"BHP Billiton plc, 100%",200,tmt,Copper,68.5
Chuquicamata,48,Mine (active),Active,-22.299999999999955,-68.89499999999998,Antofagasta,Corporación Nacional del Cobre (CODELCO),Centinela oxide and sulfide plant,279,Processing Plant,Active,-22.9275,-69.0965,Antofagasta plc,"Antofagasta plc, 70%, and Marubeni Corp., 30%",300,tmt,Copper,72.8
Chuquicamata,48,Mine (active),Active,-22.299999999999955,-68.89499999999998,Antofagasta,Corporación Nacional del Cobre (CODELCO),El Tesoro SX-EW plant,316,SX-EW Plant,Active,-22.9277,-69.0976,Minera El Tesoro S.A. ,"Antofagasta plc, 70%, and Marubeni Corp., 30%",110,tmt,Copper,72.8
Chuquicamata,48,Mine (active),Active,-22.299999999999955,-68.89499999999998,Antofagasta,Corporación Nacional del Cobre (CODELCO),Antucoya SX-EW plant,271,SX-EW Plant,Active,-22.6298,-69.8832,Antofagasta plc,"Antofagasta plc, 70%, Marubeni Corp., 30%",,,Copper,108.0
Chuquicamata,48,Mine (active),Active,-22.299999999999955,-68.89499999999998,Antofagasta,Corporación Nacional del Cobre (CODELCO),Plant near Tocopilla,430,Processing Plant,Active,-21.9459,-69.8715,Minera Capacho Viejo Ltda. ,Minera Capacho Viejo Ltda. ,"5,000",mt,Copper,108.0
Chuquicamata,48,Mine (active),Active,-22.299999999999955,-68.89499999999998,Antofagasta,Corporación Nacional del Cobre (CODELCO),Gabriela Mistral SX-EW plant,325,SX-EW Plant,Active,-23.4173,-68.7838,Minera Gaby S.A. ,"Corporación Nacional del Cobre (CODELCO) (Government, 100%), 100%",170,tmt,Copper,124.8
Chuquicamata,48,Mine (active),Active,-22.299999999999955,-68.89499999999998,Antofagasta,Corporación Nacional del Cobre (CODELCO),Mantos de la Luna SX-EW plant,350,SX-EW Plant,Active,-22.3851,-70.1782,Compania Mantos de la Luna,"Izquierdo Menendez Group, 100%",,,Copper,132.3
Chuquicamata,48,Mine (active),Active,-22.299999999999955,-68.89499999999998,Antofagasta,Corporación Nacional del Cobre (CODELCO),Michilla SX-EW/sulfide-leaching plant,359,SX-EW Plant,Active,-22.6791,-70.1883,Minera Michilla S.A. ,"Antofagasta plc, 74.2%, and other private Chilean investors, 25.8%",45,tmt,Copper,139.4
Chuquicamata,48,Mine (active),Active,-22.299999999999955,-68.89499999999998,Antofagasta,Corporación Nacional del Cobre (CODELCO),Lomas Bayas SX-EW plant,341,SX-EW Plant,Active,-23.4318,-69.5017,Compañía Minera Xstrata Lomas Bayas ,"Glencore plc, 100%",75,tmt,Copper,140.4
Chuquicamata,48,Mine (active),Active,-22.299999999999955,-68.89499999999998,Antofagasta,Corporación Nacional del Cobre (CODELCO),Quebrada Blanca SX-EW plant,440,SX-EW Plant,Active,-21.0027,-68.7964,Compañía Minera Quebrada Blanca ,"Teck Cominco Ltd., 76.5%; Inversiones Mineras S.A., 13.5%; Empresa Nacional de Minería (ENAMI) (Government, 100%), 10%",100,tmt,Copper,144.6
Chuquicamata,48,Mine (active),Active,-22.299999999999955,-68.89499999999998,Antofagasta,Corporación Nacional del Cobre (CODELCO),Collahuasi SX-EW plant,295,SX-EW Plant,Active,-20.9779,-68.6315,Compañía Minera Doña Inés de Collahuasi SCM ,"Anglo American plc, 44%; Glencore plc, 44%; companies led by Mitsui & Co. Ltd., 12%",400,tmt,Copper,149.5
Chuquicamata,48,Mine (active),Active,-22.299999999999955,-68.89499999999998,Antofagasta,Corporación Nacional del Cobre (CODELCO),Molybdenum plant,366,Processing Plant,Active,-20.9761,-68.6272,Compañía Minera Doña Inés de Collahuasi SCM ,"Anglo American plc, 44%; Glencore plc, 44%; companies led by Mitsui & Co. Ltd., 12%","6,000",mt,Molybdenum,149.8
Ciclón-Exploradora,49,Prospect/Project,Prospect/Project,-25.84299999999996,-69.30499999999995,Antofagasta,,Franke SX-EW Plant,324,SX-EW Plant,Active,-25.8334,-69.8639,Sociedad Contractual Minera Franke ,"KGHM International Ltd., 100%",,,Copper,55.9
Ciclón-Exploradora,49,Prospect/Project,Prospect/Project,-25.84299999999996,-69.30499999999995,Antofagasta,,Potrerillos SX-EW refinery and smelter,435,Smelter,Active,-26.283,-69.5965,Corporación Nacional del Cobre (CODELCO),"Government, 100%",70,tmt,Copper,56.9
Ciclón-Exploradora,49,Prospect/Project,Prospect/Project,-25.84299999999996,-69.30499999999995,Antofagasta,,Osvaldo Martínez,370,Processing Plant,Active,-26.4196,-70.3172,Empresa Nacional de Minería (ENAMI),"Government, 100%",180,tmt,Copper,119.7
Ciclón-Exploradora,49,Prospect/Project,Prospect/Project,-25.84299999999996,-69.30499999999995,Antofagasta,,Osvaldo Martínez plant,371,Processing Plant,Active,-26.4196,-70.3172,Empresa Nacional de Minería (ENAMI),"Government, 100%",400,kg,Gold,119.7
Ciclón-Exploradora,49,Prospect/Project,Prospect/Project,-25.84299999999996,-69.30499999999995,Antofagasta,,Osvaldo Martínez plant,372,Processing Plant,Active,-26.4196,-70.3172,Empresa Nacional de Minería (ENAMI),"Government, 100%","6,000",kg,Silver,119.7
Ciclón-Exploradora,49,Prospect/Project,Prospect/Project,-25.84299999999996,-69.30499999999995,Antofagasta,,José Antonio Moreno,335,Processing Plant,Active,-25.3963,-70.4742,Empresa Nacional de Minería (ENAMI),"Government, 100%",180,tmt,Copper,127.3
Ciclón-Exploradora,49,Prospect/Project,Prospect/Project,-25.84299999999996,-69.30499999999995,Antofagasta,,José Antonio Moreno plant,336,Processing Plant,Active,-25.3963,-70.4742,Empresa Nacional de Minería (ENAMI),"Government, 100%",400,kg,Gold,127.3
Ciclón-Exploradora,49,Prospect/Project,Prospect/Project,-25.84299999999996,-69.30499999999995,Antofagasta,,José Antonio Moreno plant,337,Processing Plant,Active,-25.3963,-70.4742,Empresa Nacional de Minería (ENAMI),"Government, 100%","6,000",kg,Silver,127.3
Ciclón-Exploradora,49,Prospect/Project,Prospect/Project,-25.84299999999996,-69.30499999999995,Antofagasta,,Mantoverde SX-EW plant,351,SX-EW Plant,Active,-26.5615,-70.3253,Empresa Minera de Mantos Blancos S.A. ,"Anglo American plc, 99.9%, and other private, 0.1%",65,tmt,Copper,129.4
Cinabrio,50,Mine (active),Active,-30.71999999999997,-71.21299999999997,Coquimbo,,SX-EW plant,447,SX-EW Plant,Active,-30.261,-71.0917,Compañía Minera Carmen de Andacollo ,"Teck Cominco Ltd., 90%, and Empresa Nacional de Minería (ENAMI) (Government, 100%), 10%",22,tmt,Copper,52.3
Cinabrio,50,Mine (active),Active,-30.71999999999997,-71.21299999999997,Coquimbo,,Plant near Coquimbo (Region IV),415,Processing Plant,Active,-29.8353,-71.1035,Compañía Minera San Gerónimo,Compañía Minera San Gerónimo,"10,000",mt,Copper,98.9
Cinabrio,50,Mine (active),Active,-30.71999999999997,-71.21299999999997,Coquimbo,,Tres Valles SX-EW plant,451,SX-EW Plant,Active,-31.7364,-71.0165,Vecchiola SA,Vecchiola SA,,,Copper,114.6
Collahuasi,51,Mine (active),Active,-20.972999999999956,-68.70299999999997,Tarapacá,Compañía Minera Doña Inés de Collahuasi SCM ,Collahuasi SX-EW plant,295,SX-EW Plant,Active,-20.9779,-68.6315,Compañía Minera Doña Inés de Collahuasi SCM ,"Anglo American plc, 44%; Glencore plc, 44%; companies led by Mitsui & Co. Ltd., 12%",400,tmt,Copper,7.4
Collahuasi,51,Mine (active),Active,-20.972999999999956,-68.70299999999997,Tarapacá,Compañía Minera Doña Inés de Collahuasi SCM ,Molybdenum plant,366,Processing Plant,Active,-20.9761,-68.6272,Compañía Minera Doña Inés de Collahuasi SCM ,"Anglo American plc, 44%; Glencore plc, 44%; companies led by Mitsui & Co. Ltd., 12%","6,000",mt,Molybdenum,7.9
Collahuasi,51,Mine (active),Active,-20.972999999999956,-68.70299999999997,Tarapacá,Compañía Minera Doña Inés de Collahuasi SCM ,Quebrada Blanca SX-EW plant,440,SX-EW Plant,Active,-21.0027,-68.7964,Compañía Minera Quebrada Blanca ,"Teck Cominco Ltd., 76.5%; Inversiones Mineras S.A., 13.5%; Empresa Nacional de Minería (ENAMI) (Government, 100%), 10%",100,tmt,Copper,10.2
Collahuasi,51,Mine (active),Active,-20.972999999999956,-68.70299999999997,Tarapacá,Compañía Minera Doña Inés de Collahuasi SCM ,La Cascada SX-EW plant,339,SX-EW Plant,Active,-20.1873,-69.3329,Haldeman Mining Company S.A. ,"Haldeman Mining Company S.A., 100%",,,Copper,109.2
Collahuasi,51,Mine (active),Active,-20.972999999999956,-68.70299999999997,Tarapacá,Compañía Minera Doña Inés de Collahuasi SCM ,Al Elbra SX-EW plant,268,SX-EW Plant,Active,-21.9859,-68.6886,Sociedad Contractual Minera El Abra ,"Freeport-McMoRan Copper & Gold Inc., 51%, and Corporación Nacional del Cobre (CODELCO) (Government, 100%), 49%",225,tmt,Copper,112.6
Collahuasi,51,Mine (active),Active,-20.972999999999956,-68.70299999999997,Tarapacá,Compañía Minera Doña Inés de Collahuasi SCM ,Cerro Colorado SX-EW plant,282,SX-EW Plant,Active,-20.0624,-69.2663,Compañía Minera Cerro Colorado ,"BHP Billiton plc, 100%",120,tmt,Copper,117.0
Collahuasi,51,Mine (active),Active,-20.972999999999956,-68.70299999999997,Tarapacá,Compañía Minera Doña Inés de Collahuasi SCM ,Radomiro Tomic SX-EW plant,441,SX-EW Plant,Active,-22.1927,-68.8674,Corporación Nacional del Cobre (CODELCO),"Government, 100%",480,tmt,Copper,136.7
Collahuasi,51,Mine (active),Active,-20.972999999999956,-68.70299999999997,Tarapacá,Compañía Minera Doña Inés de Collahuasi SCM ,Chuquicamata Mine (plant to acid-leach fine copper),290,Processing Plant,Active,-22.3013,-68.8404,EcoMetales Ltd. ,"Codelco Technologies Ltd., 100%",25,tmt,Copper,148.4
Colliguay,52,Mine (active),Active,-33.190999999999974,-71.14899999999994,Valparaíso,,Ventanas refinery and smelter,456,Smelter,Active,-32.7618,-71.4812,Corporación Nacional del Cobre (CODELCO),"Government, 100%","12,000",kg,Gold,56.9
Colliguay,52,Mine (active),Active,-33.190999999999974,-71.14899999999994,Valparaíso,,Minera Florida concentration plant,362,Concentrator,Active,-34.0348,-71.0265,Minera Florida S.A. ,"Yamana Gold Inc., 100%","3,100",kg,Gold,94.5
Copaquire,53,Prospect/Project,Prospect/Project,-20.91599999999994,-68.89399999999995,Tarapacá,,Quebrada Blanca SX-EW plant,440,SX-EW Plant,Active,-21.0027,-68.7964,Compañía Minera Quebrada Blanca ,"Teck Cominco Ltd., 76.5%; Inversiones Mineras S.A., 13.5%; Empresa Nacional de Minería (ENAMI) (Government, 100%), 10%",100,tmt,Copper,14.0
Copaquire,53,Prospect/Project,Prospect/Project,-20.91599999999994,-68.89399999999995,Tarapacá,,Collahuasi SX-EW plant,295,SX-EW Plant,Active,-20.9779,-68.6315,Compañía Minera Doña Inés de Collahuasi SCM ,"Anglo American plc, 44%; Glencore plc, 44%; companies led by Mitsui & Co. Ltd., 12%",400,tmt,Copper,28.1
Copaquire,53,Prospect/Project,Prospect/Project,-20.91599999999994,-68.89399999999995,Tarapacá,,Molybdenum plant,366,Processing Plant,Active,-20.9761,-68.6272,Compañía Minera Doña Inés de Collahuasi SCM ,"Anglo American plc, 44%; Glencore plc, 44%; companies led by Mitsui & Co. Ltd., 12%","6,000",mt,Molybdenum,28.5
Copaquire,53,Prospect/Project,Prospect/Project,-20.91599999999994,-68.89399999999995,Tarapacá,,La Cascada SX-EW plant,339,SX-EW Plant,Active,-20.1873,-69.3329,Haldeman Mining Company S.A. ,"Haldeman Mining Company S.A., 100%",,,Copper,93.0
Copaquire,53,Prospect/Project,Prospect/Project,-20.91599999999994,-68.89399999999995,Tarapacá,,Cerro Colorado SX-EW plant,282,SX-EW Plant,Active,-20.0624,-69.2663,Compañía Minera Cerro Colorado ,"BHP Billiton plc, 100%",120,tmt,Copper,102.5
Copaquire,53,Prospect/Project,Prospect/Project,-20.91599999999994,-68.89399999999995,Tarapacá,,Al Elbra SX-EW plant,268,SX-EW Plant,Active,-21.9859,-68.6886,Sociedad Contractual Minera El Abra ,"Freeport-McMoRan Copper & Gold Inc., 51%, and Corporación Nacional del Cobre (CODELCO) (Government, 100%), 49%",225,tmt,Copper,120.9
Copaquire,53,Prospect/Project,Prospect/Project,-20.91599999999994,-68.89399999999995,Tarapacá,,Radomiro Tomic SX-EW plant,441,SX-EW Plant,Active,-22.1927,-68.8674,Corporación Nacional del Cobre (CODELCO),"Government, 100%",480,tmt,Copper,142.0
Costa Fuego,55,Prospect/Project,Prospect/Project,-28.714999999999975,-70.80499999999995,Atacama,,Vallenar plant,453,Processing Plant,Active,-28.5652,-70.7387,Empresa Nacional de Minería (ENAMI),"Government, 100%",180,tmt,Copper,17.9
Costa Fuego,55,Prospect/Project,Prospect/Project,-28.714999999999975,-70.80499999999995,Atacama,,Vallenar plant,454,Processing Plant,Active,-28.5652,-70.7387,Empresa Nacional de Minería (ENAMI),"Government, 100%",400,kg,Gold,17.9
Costa Fuego,55,Prospect/Project,Prospect/Project,-28.714999999999975,-70.80499999999995,Atacama,,Vallenar plant,455,Processing Plant,Active,-28.5652,-70.7387,Empresa Nacional de Minería (ENAMI),"Government, 100%","6,000",kg,Silver,17.9
Costa Fuego,55,Prospect/Project,Prospect/Project,-28.714999999999975,-70.80499999999995,Atacama,,Dos Amigos SX-EW plant,305,SX-EW Plant,Active,-28.9869,-70.8859,CEMIN,CEMIN,,,Copper,31.2
Costa Fuego,55,Prospect/Project,Prospect/Project,-28.714999999999975,-70.80499999999995,Atacama,,Plant near Coquimbo (Region IV),415,Processing Plant,Active,-29.8353,-71.1035,Compañía Minera San Gerónimo,Compañía Minera San Gerónimo,"10,000",mt,Copper,127.9
Costa Fuego,55,Prospect/Project,Prospect/Project,-28.714999999999975,-70.80499999999995,Atacama,,Biocobre refinery,274,Refinery,Active,-27.5734,-70.2484,Sociedad Punta del Cobre S.A (Pucobre),Sociedad Punta del Cobre S.A (Pucobre) (100%),,,Copper,138.2
Cristales,56,Mine (idle),Idle,-29.15095999999994,-71.04173899999995,Atacama,Compañía Minera del Pacífico S.A. (CMP),El Algarrobito concentration plant,307,Concentrator,Active,-28.8028,-70.9839,Compañía Minera del Pacífico S.A. (CMP),"CAP S.A., 75%, and MC Inversiones Ltda., 25%","1,300",tmt,Iron,39.1
Cristales,56,Mine (idle),Idle,-29.15095999999994,-71.04173899999995,Atacama,Compañía Minera del Pacífico S.A. (CMP),El Romeral concentration plant,311,Concentrator,Active,-29.7282,-71.2317,Compañía Minera del Pacífico S.A. (CMP),"CAP S.A., 75%, and MC Inversiones Ltda., 25%","1,300",tmt,Iron,66.8
Cristales,56,Mine (idle),Idle,-29.15095999999994,-71.04173899999995,Atacama,Compañía Minera del Pacífico S.A. (CMP),El Romeral pellet-feed plant,312,Pellet Plant,Active,-29.7308,-71.2325,Compañía Minera del Pacífico S.A. (CMP),"CAP S.A., 75%, and MC Inversiones Ltda., 25%","1,300",tmt,Iron,67.1
Cristales,56,Mine (idle),Idle,-29.15095999999994,-71.04173899999995,Atacama,Compañía Minera del Pacífico S.A. (CMP),Huasco pellet plant,333,Pellet Plant,Active,-28.4808,-71.2485,Compañía Minera del Pacífico S.A. (CMP),"CAP S.A., 75%, and MC Inversiones Ltda., 25%","1,300",tmt,Iron,77.2
Cristales,56,Mine (idle),Idle,-29.15095999999994,-71.04173899999995,Atacama,Compañía Minera del Pacífico S.A. (CMP),Huasco concentration plant,332,Concentrator,Active,-28.2907,-70.8125,Compañía Minera del Pacífico S.A. (CMP),"CAP S.A., 75%, and MC Inversiones Ltda., 25%","1,300",tmt,Iron,98.2
Cristales,56,Mine (idle),Idle,-29.15095999999994,-71.04173899999995,Atacama,Compañía Minera del Pacífico S.A. (CMP),Los Colorados concentration plant,344,Concentrator,Active,-28.291,-70.8129,Compañía Minera del Pacífico S.A. (CMP),"CAP S.A., 75%, and MC Inversiones Ltda., 25%","1,300",tmt,Iron,98.2
Diego de Almagro,57,Prospect/Project,Prospect/Project,-26.375999999999976,-70.16299999999995,Atacama,,Osvaldo Martínez,370,Processing Plant,Active,-26.4196,-70.3172,Empresa Nacional de Minería (ENAMI),"Government, 100%",180,tmt,Copper,16.1
Diego de Almagro,57,Prospect/Project,Prospect/Project,-26.375999999999976,-70.16299999999995,Atacama,,Osvaldo Martínez plant,371,Processing Plant,Active,-26.4196,-70.3172,Empresa Nacional de Minería (ENAMI),"Government, 100%",400,kg,Gold,16.1
Diego de Almagro,57,Prospect/Project,Prospect/Project,-26.375999999999976,-70.16299999999995,Atacama,,Mantoverde SX-EW plant,351,SX-EW Plant,Active,-26.5615,-70.3253,Empresa Minera de Mantos Blancos S.A. ,"Anglo American plc, 99.9%, and other private, 0.1%",65,tmt,Copper,26.2
Diego de Almagro,57,Prospect/Project,Prospect/Project,-26.375999999999976,-70.16299999999995,Atacama,,Potrerillos SX-EW refinery and smelter,435,Smelter,Active,-26.283,-69.5965,Corporación Nacional del Cobre (CODELCO),"Government, 100%",70,tmt,Copper,57.4
Diego de Almagro,57,Prospect/Project,Prospect/Project,-26.375999999999976,-70.16299999999995,Atacama,,Franke SX-EW Plant,324,SX-EW Plant,Active,-25.8334,-69.8639,Sociedad Contractual Minera Franke ,"KGHM International Ltd., 100%",,,Copper,67.3
Diego de Almagro,57,Prospect/Project,Prospect/Project,-26.375999999999976,-70.16299999999995,Atacama,,José Antonio Moreno,335,Processing Plant,Active,-25.3963,-70.4742,Empresa Nacional de Minería (ENAMI),"Government, 100%",180,tmt,Copper,113.3
Diego de Almagro,57,Prospect/Project,Prospect/Project,-26.375999999999976,-70.16299999999995,Atacama,,José Antonio Moreno plant,336,Processing Plant,Active,-25.3963,-70.4742,Empresa Nacional de Minería (ENAMI),"Government, 100%",400,kg,Gold,113.3
Diego de Almagro,57,Prospect/Project,Prospect/Project,-26.375999999999976,-70.16299999999995,Atacama,,Manuel Antonio Matta,352,Processing Plant,Active,-27.4131,-70.2517,Empresa Nacional de Minería (ENAMI),"Government, 100%",180,tmt,Copper,115.7
Diego de Almagro,57,Prospect/Project,Prospect/Project,-26.375999999999976,-70.16299999999995,Atacama,,Manuel Antonio Matta plant,353,Processing Plant,Active,-27.4131,-70.2517,Empresa Nacional de Minería (ENAMI),"Government, 100%",400,kg,Gold,115.7
Diego de Almagro,57,Prospect/Project,Prospect/Project,-26.375999999999976,-70.16299999999995,Atacama,,Hernán Videla Lira smelter (anodes and blister),331,Smelter,Active,-27.4198,-70.2577,Empresa Nacional de Minería (ENAMI),"Government, 100%",340,tmt,Copper,116.4
Diego de Almagro,57,Prospect/Project,Prospect/Project,-26.375999999999976,-70.16299999999995,Atacama,,Biocobre refinery,274,Refinery,Active,-27.5734,-70.2484,Sociedad Punta del Cobre S.A (Pucobre),Sociedad Punta del Cobre S.A (Pucobre) (100%),,,Copper,133.4
Distrito Algarrobo-El Roble,58,Mine (idle),Idle,-27.029999999999973,-70.52999999999997,Atacama,,Manuel Antonio Matta,352,Processing Plant,Active,-27.4131,-70.2517,Empresa Nacional de Minería (ENAMI),"Government, 100%",180,tmt,Copper,50.7
Distrito Algarrobo-El Roble,58,Mine (idle),Idle,-27.029999999999973,-70.52999999999997,Atacama,,Hernán Videla Lira smelter (anodes and blister),331,Smelter,Active,-27.4198,-70.2577,Empresa Nacional de Minería (ENAMI),"Government, 100%",340,tmt,Copper,51.0
Distrito Algarrobo-El Roble,58,Mine (idle),Idle,-27.029999999999973,-70.52999999999997,Atacama,,Mantoverde SX-EW plant,351,SX-EW Plant,Active,-26.5615,-70.3253,Empresa Minera de Mantos Blancos S.A. ,"Anglo American plc, 99.9%, and other private, 0.1%",65,tmt,Copper,55.9
Distrito Algarrobo-El Roble,58,Mine (idle),Idle,-27.029999999999973,-70.52999999999997,Atacama,,Biocobre refinery,274,Refinery,Active,-27.5734,-70.2484,Sociedad Punta del Cobre S.A (Pucobre),Sociedad Punta del Cobre S.A (Pucobre) (100%),,,Copper,66.5
Distrito Algarrobo-El Roble,58,Mine (idle),Idle,-27.029999999999973,-70.52999999999997,Atacama,,Osvaldo Martínez,370,Processing Plant,Active,-26.4196,-70.3172,Empresa Nacional de Minería (ENAMI),"Government, 100%",180,tmt,Copper,71.1
Distrito Algarrobo-El Roble,58,Mine (idle),Idle,-27.029999999999973,-70.52999999999997,Atacama,,Potrerillos SX-EW refinery and smelter,435,Smelter,Active,-26.283,-69.5965,Corporación Nacional del Cobre (CODELCO),"Government, 100%",70,tmt,Copper,124.5
Distrito Algarrobo-El Roble,58,Mine (idle),Idle,-27.029999999999973,-70.52999999999997,Atacama,,Franke SX-EW Plant,324,SX-EW Plant,Active,-25.8334,-69.8639,Sociedad Contractual Minera Franke ,"KGHM International Ltd., 100%",,,Copper,148.7
Distrito Arqueros,59,Mine (idle),Idle,-29.786999999999978,-70.91399999999999,Coquimbo,,Plant near Coquimbo (Region IV),415,Processing Plant,Active,-29.8353,-71.1035,Compañía Minera San Gerónimo,Compañía Minera San Gerónimo,"10,000",mt,Copper,19.1
Distrito Arqueros,59,Mine (idle),Idle,-29.786999999999978,-70.91399999999999,Coquimbo,,Plant in Coquimbo city,401,Processing Plant,Care & Maintenance,-29.9512,-71.2918,Manganesos Atacama S.A. ,"Subsidiary of CAP S.A. (private, 100%)","10,000",mt,Manganese,40.7
Distrito Arqueros,59,Mine (idle),Idle,-29.786999999999978,-70.91399999999999,Coquimbo,,SX-EW plant,447,SX-EW Plant,Active,-30.261,-71.0917,Compañía Minera Carmen de Andacollo ,"Teck Cominco Ltd., 90%, and Empresa Nacional de Minería (ENAMI) (Government, 100%), 10%",22,tmt,Copper,55.4
Distrito Arqueros,59,Mine (idle),Idle,-29.786999999999978,-70.91399999999999,Coquimbo,,Dos Amigos SX-EW plant,305,SX-EW Plant,Active,-28.9869,-70.8859,CEMIN,CEMIN,,,Copper,89.0
Distrito Arqueros,59,Mine (idle),Idle,-29.786999999999978,-70.91399999999999,Coquimbo,,Vallenar plant,453,Processing Plant,Active,-28.5652,-70.7387,Empresa Nacional de Minería (ENAMI),"Government, 100%",180,tmt,Copper,136.9
Distrito Arqueros,59,Mine (idle),Idle,-29.786999999999978,-70.91399999999999,Coquimbo,,Vallenar plant,455,Processing Plant,Active,-28.5652,-70.7387,Empresa Nacional de Minería (ENAMI),"Government, 100%","6,000",kg,Silver,136.9
Distrito Astilla,60,Mine (idle),Idle,-28.289999999999964,-70.86999999999995,Atacama,,Vallenar plant,453,Processing Plant,Active,-28.5652,-70.7387,Empresa Nacional de Minería (ENAMI),"Government, 100%",180,tmt,Copper,33.2
Distrito Astilla,60,Mine (idle),Idle,-28.289999999999964,-70.86999999999995,Atacama,,Dos Amigos SX-EW plant,305,SX-EW Plant,Active,-28.9869,-70.8859,CEMIN,CEMIN,,,Copper,77.5
Distrito Astilla,60,Mine (idle),Idle,-28.289999999999964,-70.86999999999995,Atacama,,Biocobre refinery,274,Refinery,Active,-27.5734,-70.2484,Sociedad Punta del Cobre S.A (Pucobre),Sociedad Punta del Cobre S.A (Pucobre) (100%),,,Copper,100.4
Distrito Astilla,60,Mine (idle),Idle,-28.289999999999964,-70.86999999999995,Atacama,,Hernán Videla Lira smelter (anodes and blister),331,Smelter,Active,-27.4198,-70.2577,Empresa Nacional de Minería (ENAMI),"Government, 100%",340,tmt,Copper,114.0
Distrito Astilla,60,Mine (idle),Idle,-28.289999999999964,-70.86999999999995,Atacama,,Manuel Antonio Matta,352,Processing Plant,Active,-27.4131,-70.2517,Empresa Nacional de Minería (ENAMI),"Government, 100%",180,tmt,Copper,114.9
Distrito Caracoles,61,Mine (idle),Idle,-23.053610999999933,-69.00888899999995,Antofagasta,,Escondida concentrator,319,Concentrator,Active,-24.2628,-69.0581,Minera Escondida Ltda.,"Minera Escondida Ltda., 100%","180,000",kg,Silver,134.5
Distrito Carrizal Alto,62,Mine (idle),Idle,-28.085999999999956,-70.90199999999999,Atacama,,Vallenar plant,453,Processing Plant,Active,-28.5652,-70.7387,Empresa Nacional de Minería (ENAMI),"Government, 100%",180,tmt,Copper,55.6
Distrito Carrizal Alto,62,Mine (idle),Idle,-28.085999999999956,-70.90199999999999,Atacama,,Biocobre refinery,274,Refinery,Active,-27.5734,-70.2484,Sociedad Punta del Cobre S.A (Pucobre),Sociedad Punta del Cobre S.A (Pucobre) (100%),,,Copper,85.9
Distrito Carrizal Alto,62,Mine (idle),Idle,-28.085999999999956,-70.90199999999999,Atacama,,Hernán Videla Lira smelter (anodes and blister),331,Smelter,Active,-27.4198,-70.2577,Empresa Nacional de Minería (ENAMI),"Government, 100%",340,tmt,Copper,97.5
Distrito Carrizal Alto,62,Mine (idle),Idle,-28.085999999999956,-70.90199999999999,Atacama,,Manuel Antonio Matta,352,Processing Plant,Active,-27.4131,-70.2517,Empresa Nacional de Minería (ENAMI),"Government, 100%",180,tmt,Copper,98.5
Distrito Carrizal Alto,62,Mine (idle),Idle,-28.085999999999956,-70.90199999999999,Atacama,,Dos Amigos SX-EW plant,305,SX-EW Plant,Active,-28.9869,-70.8859,CEMIN,CEMIN,,,Copper,100.2
Distrito Cerro El Álamo,63,Mine (idle),Idle,-33.22399999999993,-71.23499999999996,Valparaíso,,Ventanas refinery and smelter,456,Smelter,Active,-32.7618,-71.4812,Corporación Nacional del Cobre (CODELCO),"Government, 100%","12,000",kg,Gold,56.3
Distrito Cerro El Álamo,63,Mine (idle),Idle,-33.22399999999993,-71.23499999999996,Valparaíso,,Minera Florida concentration plant,362,Concentrator,Active,-34.0348,-71.0265,Minera Florida S.A. ,"Yamana Gold Inc., 100%","3,100",kg,Gold,92.2
Distrito Condoriaco,64,Mine (idle),Idle,-29.68799999999993,-70.86599999999999,Coquimbo,,Plant near Coquimbo (Region IV),415,Processing Plant,Active,-29.8353,-71.1035,Compañía Minera San Gerónimo,Compañía Minera San Gerónimo,"10,000",mt,Copper,28.2
Distrito Condoriaco,64,Mine (idle),Idle,-29.68799999999993,-70.86599999999999,Coquimbo,,SX-EW plant,447,SX-EW Plant,Active,-30.261,-71.0917,Compañía Minera Carmen de Andacollo ,"Teck Cominco Ltd., 90%, and Empresa Nacional de Minería (ENAMI) (Government, 100%), 10%",22,tmt,Copper,67.3
Distrito Condoriaco,64,Mine (idle),Idle,-29.68799999999993,-70.86599999999999,Coquimbo,,Dos Amigos SX-EW plant,305,SX-EW Plant,Active,-28.9869,-70.8859,CEMIN,CEMIN,,,Copper,78.0
Distrito Condoriaco,64,Mine (idle),Idle,-29.68799999999993,-70.86599999999999,Coquimbo,,Vallenar plant,453,Processing Plant,Active,-28.5652,-70.7387,Empresa Nacional de Minería (ENAMI),"Government, 100%",180,tmt,Copper,125.5
Distrito Condoriaco,64,Mine (idle),Idle,-29.68799999999993,-70.86599999999999,Coquimbo,,Vallenar plant,454,Processing Plant,Active,-28.5652,-70.7387,Empresa Nacional de Minería (ENAMI),"Government, 100%",400,kg,Gold,125.5
Distrito Condoriaco,64,Mine (idle),Idle,-29.68799999999993,-70.86599999999999,Coquimbo,,Vallenar plant,455,Processing Plant,Active,-28.5652,-70.7387,Empresa Nacional de Minería (ENAMI),"Government, 100%","6,000",kg,Silver,125.5
Distrito Corral Quemado,65,Mine (idle),Idle,-30.247999999999934,-70.94399999999996,Coquimbo,,Plant in Coquimbo city,401,Processing Plant,Care & Maintenance,-29.9512,-71.2918,Manganesos Atacama S.A. ,"Subsidiary of CAP S.A. (private, 100%)","10,000",mt,Manganese,47.0
Distrito El Algarrobo,66,Mine (active),Active,-28.64584099999996,-70.91579699999994,Atacama,,El Algarrobito concentration plant,307,Concentrator,Active,-28.8028,-70.9839,Compañía Minera del Pacífico S.A. (CMP),"CAP S.A., 75%, and MC Inversiones Ltda., 25%","1,300",tmt,Iron,18.7
Distrito El Algarrobo,66,Mine (active),Active,-28.64584099999996,-70.91579699999994,Atacama,,Huasco pellet plant,333,Pellet Plant,Active,-28.4808,-71.2485,Compañía Minera del Pacífico S.A. (CMP),"CAP S.A., 75%, and MC Inversiones Ltda., 25%","1,300",tmt,Iron,37.3
Distrito El Algarrobo,66,Mine (active),Active,-28.64584099999996,-70.91579699999994,Atacama,,Los Colorados concentration plant,344,Concentrator,Active,-28.291,-70.8129,Compañía Minera del Pacífico S.A. (CMP),"CAP S.A., 75%, and MC Inversiones Ltda., 25%","1,300",tmt,Iron,40.7
Distrito El Algarrobo,66,Mine (active),Active,-28.64584099999996,-70.91579699999994,Atacama,,Huasco concentration plant,332,Concentrator,Active,-28.2907,-70.8125,Compañía Minera del Pacífico S.A. (CMP),"CAP S.A., 75%, and MC Inversiones Ltda., 25%","1,300",tmt,Iron,40.8
Distrito El Algarrobo,66,Mine (active),Active,-28.64584099999996,-70.91579699999994,Atacama,,El Romeral concentration plant,311,Concentrator,Active,-29.7282,-71.2317,Compañía Minera del Pacífico S.A. (CMP),"CAP S.A., 75%, and MC Inversiones Ltda., 25%","1,300",tmt,Iron,124.2
Distrito El Algarrobo,66,Mine (active),Active,-28.64584099999996,-70.91579699999994,Atacama,,El Romeral pellet-feed plant,312,Pellet Plant,Active,-29.7308,-71.2325,Compañía Minera del Pacífico S.A. (CMP),"CAP S.A., 75%, and MC Inversiones Ltda., 25%","1,300",tmt,Iron,124.5
Distrito El Algarrobo,66,Mine (active),Active,-28.64584099999996,-70.91579699999994,Atacama,,Magnetite plant to process tailings from the Candelaria Mine and other iron-bearing raw materials from third parties,348,Processing Plant,Active,-27.5218,-70.3192,Compañía Minera del Pacífico S.A. (CMP),"CAP S.A., 75%, and MC Inversiones Ltda., 25%","2,000",tmt,Iron,138.0
Distrito El Inca,67,Mine (idle),Idle,-22.259999999999934,-69.08599999999996,Antofagasta,,Esperanza milling/flotation plant,322,Concentrator,Active,-22.9998,-69.1036,Minera Esperanza S.A. ,"Antofagasta plc, 70%, and Marubeni Corp., 30%","8,000",kg,Gold,82.3
Distrito Fraguita,68,Mine (idle),Idle,-29.075999999999965,-70.79399999999998,Atacama,,Dos Amigos SX-EW plant,305,SX-EW Plant,Active,-28.9869,-70.8859,CEMIN,CEMIN,,,Copper,13.3
Distrito Fraguita,68,Mine (idle),Idle,-29.075999999999965,-70.79399999999998,Atacama,,Vallenar plant,453,Processing Plant,Active,-28.5652,-70.7387,Empresa Nacional de Minería (ENAMI),"Government, 100%",180,tmt,Copper,57.1
Distrito Fraguita,68,Mine (idle),Idle,-29.075999999999965,-70.79399999999998,Atacama,,Vallenar plant,454,Processing Plant,Active,-28.5652,-70.7387,Empresa Nacional de Minería (ENAMI),"Government, 100%",400,kg,Gold,57.1
Distrito Fraguita,68,Mine (idle),Idle,-29.075999999999965,-70.79399999999998,Atacama,,Plant near Coquimbo (Region IV),415,Processing Plant,Active,-29.8353,-71.1035,Compañía Minera San Gerónimo,Compañía Minera San Gerónimo,"10,000",mt,Copper,89.6
Distrito Fraguita,68,Mine (idle),Idle,-29.075999999999965,-70.79399999999998,Atacama,,SX-EW plant,447,SX-EW Plant,Active,-30.261,-71.0917,Compañía Minera Carmen de Andacollo ,"Teck Cominco Ltd., 90%, and Empresa Nacional de Minería (ENAMI) (Government, 100%), 10%",22,tmt,Copper,134.9
Distrito Gatico,69,Mine (idle),Idle,-22.473999999999933,-70.21599999999995,Antofagasta,,Mantos de la Luna SX-EW plant,350,SX-EW Plant,Active,-22.3851,-70.1782,Compania Mantos de la Luna,"Izquierdo Menendez Group, 100%",,,Copper,10.6
Distrito Gatico,69,Mine (idle),Idle,-22.473999999999933,-70.21599999999995,Antofagasta,,Michilla SX-EW/sulfide-leaching plant,359,SX-EW Plant,Active,-22.6791,-70.1883,Minera Michilla S.A. ,"Antofagasta plc, 74.2%, and other private Chilean investors, 25.8%",45,tmt,Copper,23.0
Distrito Gatico,69,Mine (idle),Idle,-22.473999999999933,-70.21599999999995,Antofagasta,,Antucoya SX-EW plant,271,SX-EW Plant,Active,-22.6298,-69.8832,Antofagasta plc,"Antofagasta plc, 70%, Marubeni Corp., 30%",,,Copper,38.3
Distrito Gatico,69,Mine (idle),Idle,-22.473999999999933,-70.21599999999995,Antofagasta,,Plant near Tocopilla,430,Processing Plant,Active,-21.9459,-69.8715,Minera Capacho Viejo Ltda. ,Minera Capacho Viejo Ltda. ,"5,000",mt,Copper,68.6
Distrito Gatico,69,Mine (idle),Idle,-22.473999999999933,-70.21599999999995,Antofagasta,,Spence SX-EW plant,444,SX-EW Plant,Active,-22.8015,-69.2818,Minera Spence S.A. ,"BHP Billiton plc, 100%",200,tmt,Copper,102.6
Distrito Gatico,69,Mine (idle),Idle,-22.473999999999933,-70.21599999999995,Antofagasta,,Mantos Blancos SX-EW plant,349,SX-EW Plant,Active,-23.4397,-70.0734,Empresa Minera de Mantos Blancos S.A. ,"Anglo American plc, 99.9%, and other private, 0.1%",100,tmt,Copper,108.4
Distrito Gatico,69,Mine (idle),Idle,-22.473999999999933,-70.21599999999995,Antofagasta,,El Tesoro SX-EW plant,316,SX-EW Plant,Active,-22.9277,-69.0976,Minera El Tesoro S.A. ,"Antofagasta plc, 70%, and Marubeni Corp., 30%",110,tmt,Copper,125.3
Distrito Gatico,69,Mine (idle),Idle,-22.473999999999933,-70.21599999999995,Antofagasta,,Centinela oxide and sulfide plant,279,Processing Plant,Active,-22.9275,-69.0965,Antofagasta plc,"Antofagasta plc, 70%, and Marubeni Corp., 30%",300,tmt,Copper,125.4
Distrito Gatico,69,Mine (idle),Idle,-22.473999999999933,-70.21599999999995,Antofagasta,,Esperanza milling/flotation plant,322,Concentrator,Active,-22.9998,-69.1036,Minera Esperanza S.A. ,"Antofagasta plc, 70%, and Marubeni Corp., 30%","8,000",kg,Gold,128.2
Distrito Gatico,69,Mine (idle),Idle,-22.473999999999933,-70.21599999999995,Antofagasta,,Lomas Bayas SX-EW plant,341,SX-EW Plant,Active,-23.4318,-69.5017,Compañía Minera Xstrata Lomas Bayas ,"Glencore plc, 100%",75,tmt,Copper,129.2
Distrito Gatico,69,Mine (idle),Idle,-22.473999999999933,-70.21599999999995,Antofagasta,,Chuquicamata SX-EW plant (oxide) and smelter,292,Smelter,Active,-22.3137,-68.8895,Corporación Nacional del Cobre (CODELCO),"Government, 100%",450,tmt,Copper,137.5
Distrito Gatico,69,Mine (idle),Idle,-22.473999999999933,-70.21599999999995,Antofagasta,,Radomiro Tomic SX-EW plant,441,SX-EW Plant,Active,-22.1927,-68.8674,Corporación Nacional del Cobre (CODELCO),"Government, 100%",480,tmt,Copper,142.2
Distrito Gatico,69,Mine (idle),Idle,-22.473999999999933,-70.21599999999995,Antofagasta,,Chuquicamata Mine (plant to acid-leach fine copper),290,Processing Plant,Active,-22.3013,-68.8404,EcoMetales Ltd. ,"Codelco Technologies Ltd., 100%",25,tmt,Copper,142.7
Distrito Huara,70,Mine (idle),Idle,-20.047999999999945,-69.91099999999994,Tarapacá,,La Cascada SX-EW plant,339,SX-EW Plant,Active,-20.1873,-69.3329,Haldeman Mining Company S.A. ,"Haldeman Mining Company S.A., 100%",,,Copper,62.3
Distrito Huara,70,Mine (idle),Idle,-20.047999999999945,-69.91099999999994,Tarapacá,,Cerro Colorado SX-EW plant,282,SX-EW Plant,Active,-20.0624,-69.2663,Compañía Minera Cerro Colorado ,"BHP Billiton plc, 100%",120,tmt,Copper,67.4
Distrito Julia,71,Mine (active),Active,-24.900999999999954,-70.27099999999996,Antofagasta,,José Antonio Moreno,335,Processing Plant,Active,-25.3963,-70.4742,Empresa Nacional de Minería (ENAMI),"Government, 100%",180,tmt,Copper,58.7
Distrito Julia,71,Mine (active),Active,-24.900999999999954,-70.27099999999996,Antofagasta,,Franke SX-EW Plant,324,SX-EW Plant,Active,-25.8334,-69.8639,Sociedad Contractual Minera Franke ,"KGHM International Ltd., 100%",,,Copper,111.5
Distrito Julia,71,Mine (active),Active,-24.900999999999954,-70.27099999999996,Antofagasta,,Altonorte smelter,269,Smelter,Active,-23.8247,-70.3178,Glencore Copper Chile S.A. ,Glencore Copper Chile S.A. ,300,tmt,Copper,119.8
Distrito Julia,71,Mine (active),Active,-24.900999999999954,-70.27099999999996,Antofagasta,,Escondida oxide plant for cathode production (SX-EW),320,SX-EW Plant,Active,-24.2536,-69.1008,Minera Escondida Ltda. ,"BHP Billiton plc, 57.5%; Rio Tinto plc, 30%; Japan Escondida Corp., 10%; International Finance Corp., 2.5%","1,300",tmt,Copper,138.5
Distrito Julia,71,Mine (active),Active,-24.900999999999954,-70.27099999999996,Antofagasta,,Escondida concentrator,317,Concentrator,Active,-24.2628,-69.0581,Minera Escondida Ltda.,"Minera Escondida Ltda., 100%","1,300",tmt,Copper,141.7
Distrito Julia,71,Mine (active),Active,-24.900999999999954,-70.27099999999996,Antofagasta,,Zaldívar SX-EW plant,460,SX-EW Plant,Active,-24.201,-69.0689,Compañía Minera Zaldívar ,"Barrick Gold Corp., 100%",150,tmt,Copper,144.4
Distrito Julia,71,Mine (active),Active,-24.900999999999954,-70.27099999999996,Antofagasta,,Escondida sulfide-leach plant for cathode production,321,Processing Plant,Active,-24.2601,-68.9925,Minera Escondida Ltda. ,"BHP Billiton plc, 57.5%; Rio Tinto plc, 30%; Japan Escondida Corp., 10%; International Finance Corp., 2.5%","1,300",tmt,Copper,147.6
Distrito La Campana,72,Mine (idle),Idle,-32.96199999999993,-71.12199999999996,Valparaíso,,Chagres smelter (anodes and blister),284,Smelter,Active,-32.8047,-70.9554,Empresa Nacional de Minería (ENAMI),"Government, 100%",175,tmt,Copper,23.4
Distrito La Campana,72,Mine (idle),Idle,-32.96199999999993,-71.12199999999996,Valparaíso,,El Soldado SX-EW plant,314,SX-EW Plant,Active,-32.6593,-71.1448,Anglo American Sur S.A. ,"Anglo American plc, 50.1%, Mitsubishi Corp., 20.4%, Corporación Nacional del Cobre, 20%, and Mitsui & Co., Ltd., 9.5% ",50,tmt,Copper,33.7
Distrito La Campana,72,Mine (idle),Idle,-32.96199999999993,-71.12199999999996,Valparaíso,,Las Ventanas refinery and smelter,340,Smelter,Active,-32.7618,-71.4812,Corporación Nacional del Cobre (CODELCO),"Government, 100%",402,tmt,Copper,40.3
Distrito La Campana,72,Mine (idle),Idle,-32.96199999999993,-71.12199999999996,Valparaíso,,Los Bronces (Tortolas) SX-EW plant (cathodes),342,SX-EW Plant,Active,-33.1409,-70.7086,Anglo American Sur S.A. ,"Anglo American plc, 50.1%, Mitsubishi Corp., 20.4%, Corporación Nacional del Cobre, 20%, and Mitsui & Co., Ltd., 9.5% ",490,tmt,Copper,43.4
Distrito La Campana,72,Mine (idle),Idle,-32.96199999999993,-71.12199999999996,Valparaíso,,Plant at Cabildo,374,Processing Plant,Active,-32.5838,-70.8762,Compañía Minera Cerro Negro,Compañía Minera Cerro Negro,200,mt,Copper,47.9
Distrito La Campana,72,Mine (idle),Idle,-32.96199999999993,-71.12199999999996,Valparaíso,,Tres Valles SX-EW plant,451,SX-EW Plant,Active,-31.7364,-71.0165,Vecchiola SA,Vecchiola SA,,,Copper,136.6
Distrito La Campana,72,Mine (idle),Idle,-32.96199999999993,-71.12199999999996,Valparaíso,,"Caletones smelter (anodes). refinery (fire-refined ingots), and SX-EW plant",278,Smelter,Active,-34.1046,-70.4505,Corporación Nacional del Cobre (CODELCO),"Government, 100%",430,tmt,Copper,141.5
Distrito La Campana,72,Mine (idle),Idle,-32.96199999999993,-71.12199999999996,Valparaíso,,Facilities near Rancagua,323,Processing Plant,Active,-34.2383,-70.685,Minera Valle Central S.A. ,"Amerigo Resources Ltd., 100%",30,tmt,Copper,147.6
Distrito Lambert,73,Mine (idle),Idle,-29.84699999999998,-71.10099999999994,Coquimbo,,Plant near Coquimbo (Region IV),415,Processing Plant,Active,-29.8353,-71.1035,Compañía Minera San Gerónimo,Compañía Minera San Gerónimo,"10,000",mt,Copper,1.3
Distrito Lambert,73,Mine (idle),Idle,-29.84699999999998,-71.10099999999994,Coquimbo,,Plant in Coquimbo city,401,Processing Plant,Care & Maintenance,-29.9512,-71.2918,Manganesos Atacama S.A. ,"Subsidiary of CAP S.A. (private, 100%)","10,000",mt,Manganese,21.7
Distrito Lambert,73,Mine (idle),Idle,-29.84699999999998,-71.10099999999994,Coquimbo,,SX-EW plant,447,SX-EW Plant,Active,-30.261,-71.0917,Compañía Minera Carmen de Andacollo ,"Teck Cominco Ltd., 90%, and Empresa Nacional de Minería (ENAMI) (Government, 100%), 10%",22,tmt,Copper,46.0
Distrito Lambert,73,Mine (idle),Idle,-29.84699999999998,-71.10099999999994,Coquimbo,,Dos Amigos SX-EW plant,305,SX-EW Plant,Active,-28.9869,-70.8859,CEMIN,CEMIN,,,Copper,97.9
Distrito Lambert,73,Mine (idle),Idle,-29.84699999999998,-71.10099999999994,Coquimbo,,Vallenar plant,453,Processing Plant,Active,-28.5652,-70.7387,Empresa Nacional de Minería (ENAMI),"Government, 100%",180,tmt,Copper,146.8
Distrito Las Pintadas,75,Mine (idle),Idle,-27.559999999999945,-70.31999999999994,Atacama,,Biocobre refinery,274,Refinery,Active,-27.5734,-70.2484,Sociedad Punta del Cobre S.A (Pucobre),Sociedad Punta del Cobre S.A (Pucobre) (100%),,,Copper,7.2
Distrito Las Pintadas,75,Mine (idle),Idle,-27.559999999999945,-70.31999999999994,Atacama,,Hernán Videla Lira smelter (anodes and blister),331,Smelter,Active,-27.4198,-70.2577,Empresa Nacional de Minería (ENAMI),"Government, 100%",340,tmt,Copper,16.8
Distrito Las Pintadas,75,Mine (idle),Idle,-27.559999999999945,-70.31999999999994,Atacama,,Manuel Antonio Matta,352,Processing Plant,Active,-27.4131,-70.2517,Empresa Nacional de Minería (ENAMI),"Government, 100%",180,tmt,Copper,17.7
Distrito Las Pintadas,75,Mine (idle),Idle,-27.559999999999945,-70.31999999999994,Atacama,,Mantoverde SX-EW plant,351,SX-EW Plant,Active,-26.5615,-70.3253,Empresa Minera de Mantos Blancos S.A. ,"Anglo American plc, 99.9%, and other private, 0.1%",65,tmt,Copper,111.0
Distrito Las Pintadas,75,Mine (idle),Idle,-27.559999999999945,-70.31999999999994,Atacama,,Vallenar plant,453,Processing Plant,Active,-28.5652,-70.7387,Empresa Nacional de Minería (ENAMI),"Government, 100%",180,tmt,Copper,119.1
Distrito Las Pintadas,75,Mine (idle),Idle,-27.559999999999945,-70.31999999999994,Atacama,,Osvaldo Martínez,370,Processing Plant,Active,-26.4196,-70.3172,Empresa Nacional de Minería (ENAMI),"Government, 100%",180,tmt,Copper,126.8
Distrito Las Ánimas,74,Mine (idle),Idle,-26.42999999999995,-70.46999999999997,Atacama,,Osvaldo Martínez,370,Processing Plant,Active,-26.4196,-70.3172,Empresa Nacional de Minería (ENAMI),"Government, 100%",180,tmt,Copper,15.3
Distrito Las Ánimas,74,Mine (idle),Idle,-26.42999999999995,-70.46999999999997,Atacama,,Mantoverde SX-EW plant,351,SX-EW Plant,Active,-26.5615,-70.3253,Empresa Minera de Mantos Blancos S.A. ,"Anglo American plc, 99.9%, and other private, 0.1%",65,tmt,Copper,20.5
Distrito Las Ánimas,74,Mine (idle),Idle,-26.42999999999995,-70.46999999999997,Atacama,,Potrerillos SX-EW refinery and smelter,435,Smelter,Active,-26.283,-69.5965,Corporación Nacional del Cobre (CODELCO),"Government, 100%",70,tmt,Copper,88.6
Distrito Las Ánimas,74,Mine (idle),Idle,-26.42999999999995,-70.46999999999997,Atacama,,Franke SX-EW Plant,324,SX-EW Plant,Active,-25.8334,-69.8639,Sociedad Contractual Minera Franke ,"KGHM International Ltd., 100%",,,Copper,89.8
Distrito Las Ánimas,74,Mine (idle),Idle,-26.42999999999995,-70.46999999999997,Atacama,,Manuel Antonio Matta,352,Processing Plant,Active,-27.4131,-70.2517,Empresa Nacional de Minería (ENAMI),"Government, 100%",180,tmt,Copper,111.4
Distrito Las Ánimas,74,Mine (idle),Idle,-26.42999999999995,-70.46999999999997,Atacama,,Hernán Videla Lira smelter (anodes and blister),331,Smelter,Active,-27.4198,-70.2577,Empresa Nacional de Minería (ENAMI),"Government, 100%",340,tmt,Copper,112.1
Distrito Las Ánimas,74,Mine (idle),Idle,-26.42999999999995,-70.46999999999997,Atacama,,José Antonio Moreno,335,Processing Plant,Active,-25.3963,-70.4742,Empresa Nacional de Minería (ENAMI),"Government, 100%",180,tmt,Copper,114.9
Distrito Las Ánimas,74,Mine (idle),Idle,-26.42999999999995,-70.46999999999997,Atacama,,Biocobre refinery,274,Refinery,Active,-27.5734,-70.2484,Sociedad Punta del Cobre S.A (Pucobre),Sociedad Punta del Cobre S.A (Pucobre) (100%),,,Copper,129.0
Distrito Marga Marga,76,Mine (idle),Idle,-33.087999999999965,-71.42199999999997,Valparaíso,,Ventanas refinery and smelter,456,Smelter,Active,-32.7618,-71.4812,Corporación Nacional del Cobre (CODELCO),"Government, 100%","12,000",kg,Gold,36.7
Distrito Marga Marga,76,Mine (idle),Idle,-33.087999999999965,-71.42199999999997,Valparaíso,,Minera Florida concentration plant,362,Concentrator,Active,-34.0348,-71.0265,Minera Florida S.A. ,"Yamana Gold Inc., 100%","3,100",kg,Gold,111.5
Distrito Michilla,77,Mine (active),Active,-22.682999999999936,-70.17799999999994,Antofagasta,,Michilla SX-EW/sulfide-leaching plant,359,SX-EW Plant,Active,-22.6791,-70.1883,Minera Michilla S.A. ,"Antofagasta plc, 74.2%, and other private Chilean investors, 25.8%",45,tmt,Copper,1.1
Distrito Michilla,77,Mine (active),Active,-22.682999999999936,-70.17799999999994,Antofagasta,,Antucoya SX-EW plant,271,SX-EW Plant,Active,-22.6298,-69.8832,Antofagasta plc,"Antofagasta plc, 70%, Marubeni Corp., 30%",,,Copper,30.8
Distrito Michilla,77,Mine (active),Active,-22.682999999999936,-70.17799999999994,Antofagasta,,Mantos de la Luna SX-EW plant,350,SX-EW Plant,Active,-22.3851,-70.1782,Compania Mantos de la Luna,"Izquierdo Menendez Group, 100%",,,Copper,33.1
Distrito Michilla,77,Mine (active),Active,-22.682999999999936,-70.17799999999994,Antofagasta,,Mantos Blancos SX-EW plant,349,SX-EW Plant,Active,-23.4397,-70.0734,Empresa Minera de Mantos Blancos S.A. ,"Anglo American plc, 99.9%, and other private, 0.1%",100,tmt,Copper,84.8
Distrito Michilla,77,Mine (active),Active,-22.682999999999936,-70.17799999999994,Antofagasta,,Plant near Tocopilla,430,Processing Plant,Active,-21.9459,-69.8715,Minera Capacho Viejo Ltda. ,Minera Capacho Viejo Ltda. ,"5,000",mt,Copper,87.8
Distrito Michilla,77,Mine (active),Active,-22.682999999999936,-70.17799999999994,Antofagasta,,Spence SX-EW plant,444,SX-EW Plant,Active,-22.8015,-69.2818,Minera Spence S.A. ,"BHP Billiton plc, 100%",200,tmt,Copper,92.8
Distrito Michilla,77,Mine (active),Active,-22.682999999999936,-70.17799999999994,Antofagasta,,Lomas Bayas SX-EW plant,341,SX-EW Plant,Active,-23.4318,-69.5017,Compañía Minera Xstrata Lomas Bayas ,"Glencore plc, 100%",75,tmt,Copper,108.3
Distrito Michilla,77,Mine (active),Active,-22.682999999999936,-70.17799999999994,Antofagasta,,El Tesoro SX-EW plant,316,SX-EW Plant,Active,-22.9277,-69.0976,Minera El Tesoro S.A. ,"Antofagasta plc, 70%, and Marubeni Corp., 30%",110,tmt,Copper,114.0
Distrito Michilla,77,Mine (active),Active,-22.682999999999936,-70.17799999999994,Antofagasta,,Centinela oxide and sulfide plant,279,Processing Plant,Active,-22.9275,-69.0965,Antofagasta plc,"Antofagasta plc, 70%, and Marubeni Corp., 30%",300,tmt,Copper,114.1
Distrito Michilla,77,Mine (active),Active,-22.682999999999936,-70.17799999999994,Antofagasta,,Altonorte smelter,269,Smelter,Active,-23.8247,-70.3178,Glencore Copper Chile S.A. ,Glencore Copper Chile S.A. ,300,tmt,Copper,127.8
Distrito Michilla,77,Mine (active),Active,-22.682999999999936,-70.17799999999994,Antofagasta,,Chuquicamata SX-EW plant (oxide) and smelter,292,Smelter,Active,-22.3137,-68.8895,Corporación Nacional del Cobre (CODELCO),"Government, 100%",450,tmt,Copper,138.6
Distrito Michilla,77,Mine (active),Active,-22.682999999999936,-70.17799999999994,Antofagasta,,Chuquicamata Mine (plant to acid-leach fine copper),290,Processing Plant,Active,-22.3013,-68.8404,EcoMetales Ltd. ,"Codelco Technologies Ltd., 100%",25,tmt,Copper,143.8
Distrito Michilla,77,Mine (active),Active,-22.682999999999936,-70.17799999999994,Antofagasta,,Radomiro Tomic SX-EW plant,441,SX-EW Plant,Active,-22.1927,-68.8674,Corporación Nacional del Cobre (CODELCO),"Government, 100%",480,tmt,Copper,145.3
Distrito Montecristo,78,Mine (active),Active,-24.96799999999996,-70.39299999999997,Antofagasta,,José Antonio Moreno,335,Processing Plant,Active,-25.3963,-70.4742,Empresa Nacional de Minería (ENAMI),"Government, 100%",180,tmt,Copper,48.3
Distrito Montecristo,78,Mine (active),Active,-24.96799999999996,-70.39299999999997,Antofagasta,,Franke SX-EW Plant,324,SX-EW Plant,Active,-25.8334,-69.8639,Sociedad Contractual Minera Franke ,"KGHM International Ltd., 100%",,,Copper,109.9
Distrito Montecristo,78,Mine (active),Active,-24.96799999999996,-70.39299999999997,Antofagasta,,Altonorte smelter,269,Smelter,Active,-23.8247,-70.3178,Glencore Copper Chile S.A. ,Glencore Copper Chile S.A. ,300,tmt,Copper,127.4
Distrito Relincho,79,Mine (idle),Idle,-27.249999999999943,-70.61999999999995,Atacama,,Hernán Videla Lira smelter (anodes and blister),331,Smelter,Active,-27.4198,-70.2577,Empresa Nacional de Minería (ENAMI),"Government, 100%",340,tmt,Copper,40.5
Distrito Relincho,79,Mine (idle),Idle,-27.249999999999943,-70.61999999999995,Atacama,,Manuel Antonio Matta,352,Processing Plant,Active,-27.4131,-70.2517,Empresa Nacional de Minería (ENAMI),"Government, 100%",180,tmt,Copper,40.7
Distrito Relincho,79,Mine (idle),Idle,-27.249999999999943,-70.61999999999995,Atacama,,Biocobre refinery,274,Refinery,Active,-27.5734,-70.2484,Sociedad Punta del Cobre S.A (Pucobre),Sociedad Punta del Cobre S.A (Pucobre) (100%),,,Copper,51.4
Distrito Relincho,79,Mine (idle),Idle,-27.249999999999943,-70.61999999999995,Atacama,,Mantoverde SX-EW plant,351,SX-EW Plant,Active,-26.5615,-70.3253,Empresa Minera de Mantos Blancos S.A. ,"Anglo American plc, 99.9%, and other private, 0.1%",65,tmt,Copper,81.9
Distrito Relincho,79,Mine (idle),Idle,-27.249999999999943,-70.61999999999995,Atacama,,Osvaldo Martínez,370,Processing Plant,Active,-26.4196,-70.3172,Empresa Nacional de Minería (ENAMI),"Government, 100%",180,tmt,Copper,97.1
Distrito Relincho,79,Mine (idle),Idle,-27.249999999999943,-70.61999999999995,Atacama,,Vallenar plant,453,Processing Plant,Active,-28.5652,-70.7387,Empresa Nacional de Minería (ENAMI),"Government, 100%",180,tmt,Copper,146.7
Distrito Relincho,79,Mine (idle),Idle,-27.249999999999943,-70.61999999999995,Atacama,,Potrerillos SX-EW refinery and smelter,435,Smelter,Active,-26.283,-69.5965,Corporación Nacional del Cobre (CODELCO),"Government, 100%",70,tmt,Copper,147.9
Distrito San Juan,80,Prospect/Project,Prospect/Project,-28.720999999999947,-71.21199999999999,Atacama,,Dos Amigos SX-EW plant,305,SX-EW Plant,Active,-28.9869,-70.8859,CEMIN,CEMIN,,,Copper,43.4
Distrito San Juan,80,Prospect/Project,Prospect/Project,-28.720999999999947,-71.21199999999999,Atacama,,Vallenar plant,453,Processing Plant,Active,-28.5652,-70.7387,Empresa Nacional de Minería (ENAMI),"Government, 100%",180,tmt,Copper,49.3
Distrito San Juan,80,Prospect/Project,Prospect/Project,-28.720999999999947,-71.21199999999999,Atacama,,Plant near Coquimbo (Region IV),415,Processing Plant,Active,-29.8353,-71.1035,Compañía Minera San Gerónimo,Compañía Minera San Gerónimo,"10,000",mt,Copper,124.4
Distrito Sierra Overa,82,Mine (idle),Idle,-25.77472199999994,-69.90749999999997,Antofagasta,,Franke SX-EW Plant,324,SX-EW Plant,Active,-25.8334,-69.8639,Sociedad Contractual Minera Franke ,"KGHM International Ltd., 100%",,,Copper,7.8
Distrito Sierra Overa,82,Mine (idle),Idle,-25.77472199999994,-69.90749999999997,Antofagasta,,Potrerillos SX-EW refinery and smelter,435,Smelter,Active,-26.283,-69.5965,Corporación Nacional del Cobre (CODELCO),"Government, 100%",70,tmt,Copper,64.5
Distrito Sierra Overa,82,Mine (idle),Idle,-25.77472199999994,-69.90749999999997,Antofagasta,,José Antonio Moreno,335,Processing Plant,Active,-25.3963,-70.4742,Empresa Nacional de Minería (ENAMI),"Government, 100%",180,tmt,Copper,70.7
Distrito Sierra Overa,82,Mine (idle),Idle,-25.77472199999994,-69.90749999999997,Antofagasta,,José Antonio Moreno plant,336,Processing Plant,Active,-25.3963,-70.4742,Empresa Nacional de Minería (ENAMI),"Government, 100%",400,kg,Gold,70.7
Distrito Sierra Overa,82,Mine (idle),Idle,-25.77472199999994,-69.90749999999997,Antofagasta,,Osvaldo Martínez,370,Processing Plant,Active,-26.4196,-70.3172,Empresa Nacional de Minería (ENAMI),"Government, 100%",180,tmt,Copper,82.6
Distrito Sierra Overa,82,Mine (idle),Idle,-25.77472199999994,-69.90749999999997,Antofagasta,,Osvaldo Martínez plant,371,Processing Plant,Active,-26.4196,-70.3172,Empresa Nacional de Minería (ENAMI),"Government, 100%",400,kg,Gold,82.6
Distrito Sierra Overa,82,Mine (idle),Idle,-25.77472199999994,-69.90749999999997,Antofagasta,,Mantoverde SX-EW plant,351,SX-EW Plant,Active,-26.5615,-70.3253,Empresa Minera de Mantos Blancos S.A. ,"Anglo American plc, 99.9%, and other private, 0.1%",65,tmt,Copper,96.9
Distrito Tambillos,83,Mine (idle),Idle,-30.196999999999946,-71.20899999999995,Coquimbo,,SX-EW plant,447,SX-EW Plant,Active,-30.261,-71.0917,Compañía Minera Carmen de Andacollo ,"Teck Cominco Ltd., 90%, and Empresa Nacional de Minería (ENAMI) (Government, 100%), 10%",22,tmt,Copper,13.3
Distrito Tambillos,83,Mine (idle),Idle,-30.196999999999946,-71.20899999999995,Coquimbo,,Plant near Coquimbo (Region IV),415,Processing Plant,Active,-29.8353,-71.1035,Compañía Minera San Gerónimo,Compañía Minera San Gerónimo,"10,000",mt,Copper,41.5
Distrito Tambillos,83,Mine (idle),Idle,-30.196999999999946,-71.20899999999995,Coquimbo,,Dos Amigos SX-EW plant,305,SX-EW Plant,Active,-28.9869,-70.8859,CEMIN,CEMIN,,,Copper,138.1
Distrito Tocopilla,84,Mine (idle),Idle,-22.06699999999995,-70.16699999999997,Antofagasta,,Plant near Tocopilla,430,Processing Plant,Active,-21.9459,-69.8715,Minera Capacho Viejo Ltda. ,Minera Capacho Viejo Ltda. ,"5,000",mt,Copper,33.3
Distrito Tocopilla,84,Mine (idle),Idle,-22.06699999999995,-70.16699999999997,Antofagasta,,Mantos de la Luna SX-EW plant,350,SX-EW Plant,Active,-22.3851,-70.1782,Compania Mantos de la Luna,"Izquierdo Menendez Group, 100%",,,Copper,35.4
Distrito Tocopilla,84,Mine (idle),Idle,-22.06699999999995,-70.16699999999997,Antofagasta,,Michilla SX-EW/sulfide-leaching plant,359,SX-EW Plant,Active,-22.6791,-70.1883,Minera Michilla S.A. ,"Antofagasta plc, 74.2%, and other private Chilean investors, 25.8%",45,tmt,Copper,68.1
Distrito Tocopilla,84,Mine (idle),Idle,-22.06699999999995,-70.16699999999997,Antofagasta,,Antucoya SX-EW plant,271,SX-EW Plant,Active,-22.6298,-69.8832,Antofagasta plc,"Antofagasta plc, 70%, Marubeni Corp., 30%",,,Copper,69.1
Distrito Tocopilla,84,Mine (idle),Idle,-22.06699999999995,-70.16699999999997,Antofagasta,,Spence SX-EW plant,444,SX-EW Plant,Active,-22.8015,-69.2818,Minera Spence S.A. ,"BHP Billiton plc, 100%",200,tmt,Copper,122.3
Distrito Tocopilla,84,Mine (idle),Idle,-22.06699999999995,-70.16699999999997,Antofagasta,,Chuquicamata SX-EW plant (oxide) and smelter,292,Smelter,Active,-22.3137,-68.8895,Corporación Nacional del Cobre (CODELCO),"Government, 100%",450,tmt,Copper,134.4
Distrito Tocopilla,84,Mine (idle),Idle,-22.06699999999995,-70.16699999999997,Antofagasta,,Radomiro Tomic SX-EW plant,441,SX-EW Plant,Active,-22.1927,-68.8674,Corporación Nacional del Cobre (CODELCO),"Government, 100%",480,tmt,Copper,134.6
Distrito Tocopilla,84,Mine (idle),Idle,-22.06699999999995,-70.16699999999997,Antofagasta,,Chuquicamata Mine (plant to acid-leach fine copper),290,Processing Plant,Active,-22.3013,-68.8404,EcoMetales Ltd. ,"Codelco Technologies Ltd., 100%",25,tmt,Copper,139.1
Distrito Tocopilla,84,Mine (idle),Idle,-22.06699999999995,-70.16699999999997,Antofagasta,,El Tesoro SX-EW plant,316,SX-EW Plant,Active,-22.9277,-69.0976,Minera El Tesoro S.A. ,"Antofagasta plc, 70%, and Marubeni Corp., 30%",110,tmt,Copper,145.7
Distrito Tocopilla,84,Mine (idle),Idle,-22.06699999999995,-70.16699999999997,Antofagasta,,Centinela oxide and sulfide plant,279,Processing Plant,Active,-22.9275,-69.0965,Antofagasta plc,"Antofagasta plc, 70%, and Marubeni Corp., 30%",300,tmt,Copper,145.8
Distrito Tres Puntas-Chimberos,85,Mine (idle),Idle,-26.892999999999972,-69.95899999999995,Atacama,,Osvaldo Martínez plant,372,Processing Plant,Active,-26.4196,-70.3172,Empresa Nacional de Minería (ENAMI),"Government, 100%","6,000",kg,Silver,63.5
Distrito Tres Puntas-Chimberos,85,Mine (idle),Idle,-26.892999999999972,-69.95899999999995,Atacama,,Manuel Antonio Matta plant,354,Processing Plant,Active,-27.4131,-70.2517,Empresa Nacional de Minería (ENAMI),"Government, 100%","6,000",kg,Silver,64.7
Domeyko,86,Prospect/Project,Prospect/Project,-28.99099999999993,-70.87999999999994,Atacama,,Dos Amigos SX-EW plant,305,SX-EW Plant,Active,-28.9869,-70.8859,CEMIN,CEMIN,,,Copper,0.7
Domeyko,86,Prospect/Project,Prospect/Project,-28.99099999999993,-70.87999999999994,Atacama,,Vallenar plant,453,Processing Plant,Active,-28.5652,-70.7387,Empresa Nacional de Minería (ENAMI),"Government, 100%",180,tmt,Copper,49.3
Domeyko,86,Prospect/Project,Prospect/Project,-28.99099999999993,-70.87999999999994,Atacama,,Vallenar plant,454,Processing Plant,Active,-28.5652,-70.7387,Empresa Nacional de Minería (ENAMI),"Government, 100%",400,kg,Gold,49.3
Domeyko,86,Prospect/Project,Prospect/Project,-28.99099999999993,-70.87999999999994,Atacama,,Plant near Coquimbo (Region IV),415,Processing Plant,Active,-29.8353,-71.1035,Compañía Minera San Gerónimo,Compañía Minera San Gerónimo,"10,000",mt,Copper,96.3
Domeyko,86,Prospect/Project,Prospect/Project,-28.99099999999993,-70.87999999999994,Atacama,,SX-EW plant,447,SX-EW Plant,Active,-30.261,-71.0917,Compañía Minera Carmen de Andacollo ,"Teck Cominco Ltd., 90%, and Empresa Nacional de Minería (ENAMI) (Government, 100%), 10%",22,tmt,Copper,142.7
Dominga,87,Prospect/Project,Prospect/Project,-29.37999999999994,-71.18699999999995,Coquimbo,,El Romeral concentration plant,311,Concentrator,Active,-29.7282,-71.2317,Compañía Minera del Pacífico S.A. (CMP),"CAP S.A., 75%, and MC Inversiones Ltda., 25%","1,300",tmt,Iron,39.0
Dominga,87,Prospect/Project,Prospect/Project,-29.37999999999994,-71.18699999999995,Coquimbo,,El Romeral pellet-feed plant,312,Pellet Plant,Active,-29.7308,-71.2325,Compañía Minera del Pacífico S.A. (CMP),"CAP S.A., 75%, and MC Inversiones Ltda., 25%","1,300",tmt,Iron,39.3
Dominga,87,Prospect/Project,Prospect/Project,-29.37999999999994,-71.18699999999995,Coquimbo,,Plant near Coquimbo (Region IV),415,Processing Plant,Active,-29.8353,-71.1035,Compañía Minera San Gerónimo,Compañía Minera San Gerónimo,"10,000",mt,Copper,51.3
Dominga,87,Prospect/Project,Prospect/Project,-29.37999999999994,-71.18699999999995,Coquimbo,,Dos Amigos SX-EW plant,305,SX-EW Plant,Active,-28.9869,-70.8859,CEMIN,CEMIN,,,Copper,52.6
Dominga,87,Prospect/Project,Prospect/Project,-29.37999999999994,-71.18699999999995,Coquimbo,,El Algarrobito concentration plant,307,Concentrator,Active,-28.8028,-70.9839,Compañía Minera del Pacífico S.A. (CMP),"CAP S.A., 75%, and MC Inversiones Ltda., 25%","1,300",tmt,Iron,67.1
Dominga,87,Prospect/Project,Prospect/Project,-29.37999999999994,-71.18699999999995,Coquimbo,,SX-EW plant,447,SX-EW Plant,Active,-30.261,-71.0917,Compañía Minera Carmen de Andacollo ,"Teck Cominco Ltd., 90%, and Empresa Nacional de Minería (ENAMI) (Government, 100%), 10%",22,tmt,Copper,98.4
Dominga,87,Prospect/Project,Prospect/Project,-29.37999999999994,-71.18699999999995,Coquimbo,,Huasco pellet plant,333,Pellet Plant,Active,-28.4808,-71.2485,Compañía Minera del Pacífico S.A. (CMP),"CAP S.A., 75%, and MC Inversiones Ltda., 25%","1,300",tmt,Iron,100.2
Dominga,87,Prospect/Project,Prospect/Project,-29.37999999999994,-71.18699999999995,Coquimbo,,Vallenar plant,453,Processing Plant,Active,-28.5652,-70.7387,Empresa Nacional de Minería (ENAMI),"Government, 100%",180,tmt,Copper,100.6
Dominga,87,Prospect/Project,Prospect/Project,-29.37999999999994,-71.18699999999995,Coquimbo,,Huasco concentration plant,332,Concentrator,Active,-28.2907,-70.8125,Compañía Minera del Pacífico S.A. (CMP),"CAP S.A., 75%, and MC Inversiones Ltda., 25%","1,300",tmt,Iron,126.5
Dominga,87,Prospect/Project,Prospect/Project,-29.37999999999994,-71.18699999999995,Coquimbo,,Los Colorados concentration plant,344,Concentrator,Active,-28.291,-70.8129,Compañía Minera del Pacífico S.A. (CMP),"CAP S.A., 75%, and MC Inversiones Ltda., 25%","1,300",tmt,Iron,126.5
Don Jaime,88,Mine (active),Active,-32.537999999999954,-71.00399999999996,Valparaíso,,Plant at Cabildo,374,Processing Plant,Active,-32.5838,-70.8762,Compañía Minera Cerro Negro,Compañía Minera Cerro Negro,200,mt,Copper,13.0
Don Jaime,88,Mine (active),Active,-32.537999999999954,-71.00399999999996,Valparaíso,,El Soldado SX-EW plant,314,SX-EW Plant,Active,-32.6593,-71.1448,Anglo American Sur S.A. ,"Anglo American plc, 50.1%, Mitsubishi Corp., 20.4%, Corporación Nacional del Cobre, 20%, and Mitsui & Co., Ltd., 9.5% ",50,tmt,Copper,18.9
Don Jaime,88,Mine (active),Active,-32.537999999999954,-71.00399999999996,Valparaíso,,Chagres smelter (anodes and blister),284,Smelter,Active,-32.8047,-70.9554,Empresa Nacional de Minería (ENAMI),"Government, 100%",175,tmt,Copper,30.0
Don Jaime,88,Mine (active),Active,-32.537999999999954,-71.00399999999996,Valparaíso,,Las Ventanas refinery and smelter,340,Smelter,Active,-32.7618,-71.4812,Corporación Nacional del Cobre (CODELCO),"Government, 100%",402,tmt,Copper,51.1
Don Jaime,88,Mine (active),Active,-32.537999999999954,-71.00399999999996,Valparaíso,,Los Bronces (Tortolas) SX-EW plant (cathodes),342,SX-EW Plant,Active,-33.1409,-70.7086,Anglo American Sur S.A. ,"Anglo American plc, 50.1%, Mitsubishi Corp., 20.4%, Corporación Nacional del Cobre, 20%, and Mitsui & Co., Ltd., 9.5% ",490,tmt,Copper,72.5
Don Jaime,88,Mine (active),Active,-32.537999999999954,-71.00399999999996,Valparaíso,,Tres Valles SX-EW plant,451,SX-EW Plant,Active,-31.7364,-71.0165,Vecchiola SA,Vecchiola SA,,,Copper,89.1
Doña Elba,89,Mine (active),Active,-25.611999999999966,-70.39699999999993,Antofagasta,,José Antonio Moreno,335,Processing Plant,Active,-25.3963,-70.4742,Empresa Nacional de Minería (ENAMI),"Government, 100%",180,tmt,Copper,25.2
Doña Elba,89,Mine (active),Active,-25.611999999999966,-70.39699999999993,Antofagasta,,Franke SX-EW Plant,324,SX-EW Plant,Active,-25.8334,-69.8639,Sociedad Contractual Minera Franke ,"KGHM International Ltd., 100%",,,Copper,58.8
Doña Elba,89,Mine (active),Active,-25.611999999999966,-70.39699999999993,Antofagasta,,Osvaldo Martínez,370,Processing Plant,Active,-26.4196,-70.3172,Empresa Nacional de Minería (ENAMI),"Government, 100%",180,tmt,Copper,90.2
Doña Elba,89,Mine (active),Active,-25.611999999999966,-70.39699999999993,Antofagasta,,Mantoverde SX-EW plant,351,SX-EW Plant,Active,-26.5615,-70.3253,Empresa Minera de Mantos Blancos S.A. ,"Anglo American plc, 99.9%, and other private, 0.1%",65,tmt,Copper,105.8
Doña Elba,89,Mine (active),Active,-25.611999999999966,-70.39699999999993,Antofagasta,,Potrerillos SX-EW refinery and smelter,435,Smelter,Active,-26.283,-69.5965,Corporación Nacional del Cobre (CODELCO),"Government, 100%",70,tmt,Copper,109.4
El Abra,90,Mine (active),Active,-21.923999999999978,-68.83399999999995,Antofagasta,Sociedad Contractual Minera El Abra ,Al Elbra SX-EW plant,268,SX-EW Plant,Active,-21.9859,-68.6886,Sociedad Contractual Minera El Abra ,"Freeport-McMoRan Copper & Gold Inc., 51%, and Corporación Nacional del Cobre (CODELCO) (Government, 100%), 49%",225,tmt,Copper,16.5
El Abra,90,Mine (active),Active,-21.923999999999978,-68.83399999999995,Antofagasta,Sociedad Contractual Minera El Abra ,Radomiro Tomic SX-EW plant,441,SX-EW Plant,Active,-22.1927,-68.8674,Corporación Nacional del Cobre (CODELCO),"Government, 100%",480,tmt,Copper,30.1
El Abra,90,Mine (active),Active,-21.923999999999978,-68.83399999999995,Antofagasta,Sociedad Contractual Minera El Abra ,Chuquicamata Mine (plant to acid-leach fine copper),290,Processing Plant,Active,-22.3013,-68.8404,EcoMetales Ltd. ,"Codelco Technologies Ltd., 100%",25,tmt,Copper,42.0
El Abra,90,Mine (active),Active,-21.923999999999978,-68.83399999999995,Antofagasta,Sociedad Contractual Minera El Abra ,Chuquicamata SX-EW plant (oxide) and smelter,292,Smelter,Active,-22.3137,-68.8895,Corporación Nacional del Cobre (CODELCO),"Government, 100%",450,tmt,Copper,43.7
El Abra,90,Mine (active),Active,-21.923999999999978,-68.83399999999995,Antofagasta,Sociedad Contractual Minera El Abra ,Quebrada Blanca SX-EW plant,440,SX-EW Plant,Active,-21.0027,-68.7964,Compañía Minera Quebrada Blanca ,"Teck Cominco Ltd., 76.5%; Inversiones Mineras S.A., 13.5%; Empresa Nacional de Minería (ENAMI) (Government, 100%), 10%",100,tmt,Copper,102.5
El Abra,90,Mine (active),Active,-21.923999999999978,-68.83399999999995,Antofagasta,Sociedad Contractual Minera El Abra ,Plant near Tocopilla,430,Processing Plant,Active,-21.9459,-69.8715,Minera Capacho Viejo Ltda. ,Minera Capacho Viejo Ltda. ,"5,000",mt,Copper,107.0
El Abra,90,Mine (active),Active,-21.923999999999978,-68.83399999999995,Antofagasta,Sociedad Contractual Minera El Abra ,Collahuasi SX-EW plant,295,SX-EW Plant,Active,-20.9779,-68.6315,Compañía Minera Doña Inés de Collahuasi SCM ,"Anglo American plc, 44%; Glencore plc, 44%; companies led by Mitsui & Co. Ltd., 12%",400,tmt,Copper,107.3
El Abra,90,Mine (active),Active,-21.923999999999978,-68.83399999999995,Antofagasta,Sociedad Contractual Minera El Abra ,Collahuasi plants,293,Processing Plant,Active,-20.9761,-68.6272,Compañía Minera Doña Inés de Collahuasi SCM ,"Anglo American plc, 44%; Glencore plc, 44%; companies led by Mitsui & Co. Ltd., 12%",,,Gold,107.6
El Abra,90,Mine (active),Active,-21.923999999999978,-68.83399999999995,Antofagasta,Sociedad Contractual Minera El Abra ,Collahuasi plants,294,Processing Plant,Active,-20.9761,-68.6272,Compañía Minera Doña Inés de Collahuasi SCM ,"Anglo American plc, 44%; Glencore plc, 44%; companies led by Mitsui & Co. Ltd., 12%","60,000",kg,Silver,107.6
El Abra,90,Mine (active),Active,-21.923999999999978,-68.83399999999995,Antofagasta,Sociedad Contractual Minera El Abra ,Molybdenum plant,366,Processing Plant,Active,-20.9761,-68.6272,Compañía Minera Doña Inés de Collahuasi SCM ,"Anglo American plc, 44%; Glencore plc, 44%; companies led by Mitsui & Co. Ltd., 12%","6,000",mt,Molybdenum,107.6
El Abra,90,Mine (active),Active,-21.923999999999978,-68.83399999999995,Antofagasta,Sociedad Contractual Minera El Abra ,Spence SX-EW plant,444,SX-EW Plant,Active,-22.8015,-69.2818,Minera Spence S.A. ,"BHP Billiton plc, 100%",200,tmt,Copper,107.9
El Abra,90,Mine (active),Active,-21.923999999999978,-68.83399999999995,Antofagasta,Sociedad Contractual Minera El Abra ,Centinela oxide and sulfide plant,279,Processing Plant,Active,-22.9275,-69.0965,Antofagasta plc,"Antofagasta plc, 70%, and Marubeni Corp., 30%",300,tmt,Copper,114.8
El Abra,90,Mine (active),Active,-21.923999999999978,-68.83399999999995,Antofagasta,Sociedad Contractual Minera El Abra ,El Tesoro SX-EW plant,316,SX-EW Plant,Active,-22.9277,-69.0976,Minera El Tesoro S.A. ,"Antofagasta plc, 70%, and Marubeni Corp., 30%",110,tmt,Copper,114.8
El Abra,90,Mine (active),Active,-21.923999999999978,-68.83399999999995,Antofagasta,Sociedad Contractual Minera El Abra ,Esperanza milling/flotation plant,322,Concentrator,Active,-22.9998,-69.1036,Minera Esperanza S.A. ,"Antofagasta plc, 70%, and Marubeni Corp., 30%","8,000",kg,Gold,122.8
El Abra,90,Mine (active),Active,-21.923999999999978,-68.83399999999995,Antofagasta,Sociedad Contractual Minera El Abra ,Antucoya SX-EW plant,271,SX-EW Plant,Active,-22.6298,-69.8832,Antofagasta plc,"Antofagasta plc, 70%, Marubeni Corp., 30%",,,Copper,133.5
El Abra,90,Mine (active),Active,-21.923999999999978,-68.83399999999995,Antofagasta,Sociedad Contractual Minera El Abra ,Mantos de la Luna SX-EW plant,350,SX-EW Plant,Active,-22.3851,-70.1782,Compania Mantos de la Luna,"Izquierdo Menendez Group, 100%",,,Copper,147.6
El Algarrobo,91,Mine (active),Active,-28.798610999999937,-70.99249999999995,Atacama,Compañía Minera del Pacífico S.A. (CMP),El Algarrobito concentration plant,307,Concentrator,Active,-28.8028,-70.9839,Compañía Minera del Pacífico S.A. (CMP),"CAP S.A., 75%, and MC Inversiones Ltda., 25%","1,300",tmt,Iron,1.0
El Algarrobo,91,Mine (active),Active,-28.798610999999937,-70.99249999999995,Atacama,Compañía Minera del Pacífico S.A. (CMP),Huasco pellet plant,333,Pellet Plant,Active,-28.4808,-71.2485,Compañía Minera del Pacífico S.A. (CMP),"CAP S.A., 75%, and MC Inversiones Ltda., 25%","1,300",tmt,Iron,43.3
El Algarrobo,91,Mine (active),Active,-28.798610999999937,-70.99249999999995,Atacama,Compañía Minera del Pacífico S.A. (CMP),Los Colorados concentration plant,344,Concentrator,Active,-28.291,-70.8129,Compañía Minera del Pacífico S.A. (CMP),"CAP S.A., 75%, and MC Inversiones Ltda., 25%","1,300",tmt,Iron,59.1
El Algarrobo,91,Mine (active),Active,-28.798610999999937,-70.99249999999995,Atacama,Compañía Minera del Pacífico S.A. (CMP),Huasco concentration plant,332,Concentrator,Active,-28.2907,-70.8125,Compañía Minera del Pacífico S.A. (CMP),"CAP S.A., 75%, and MC Inversiones Ltda., 25%","1,300",tmt,Iron,59.2
El Algarrobo,91,Mine (active),Active,-28.798610999999937,-70.99249999999995,Atacama,Compañía Minera del Pacífico S.A. (CMP),El Romeral concentration plant,311,Concentrator,Active,-29.7282,-71.2317,Compañía Minera del Pacífico S.A. (CMP),"CAP S.A., 75%, and MC Inversiones Ltda., 25%","1,300",tmt,Iron,105.9
El Algarrobo,91,Mine (active),Active,-28.798610999999937,-70.99249999999995,Atacama,Compañía Minera del Pacífico S.A. (CMP),El Romeral pellet-feed plant,312,Pellet Plant,Active,-29.7308,-71.2325,Compañía Minera del Pacífico S.A. (CMP),"CAP S.A., 75%, and MC Inversiones Ltda., 25%","1,300",tmt,Iron,106.2
El Bronce,92,Mine (idle),Idle,-32.18333299999995,-70.93333299999995,Valparaíso,,Plant at Cabildo,374,Processing Plant,Active,-32.5838,-70.8762,Compañía Minera Cerro Negro,Compañía Minera Cerro Negro,200,mt,Copper,44.9
El Bronce,92,Mine (idle),Idle,-32.18333299999995,-70.93333299999995,Valparaíso,,Tres Valles SX-EW plant,451,SX-EW Plant,Active,-31.7364,-71.0165,Vecchiola SA,Vecchiola SA,,,Copper,50.3
El Bronce,92,Mine (idle),Idle,-32.18333299999995,-70.93333299999995,Valparaíso,,Los Pelambres plant,345,Processing Plant,Active,-31.8134,-70.5823,Antofagasta plc,"Antofagasta plc, 60%; JX Nippon Mining Metals Corp, 15%; Mitsubishi Materials Corp., 10%; Marubeni Corp., 8.75%; Mitsubishi Corp., 5%; Mitsui & Co. Ltd., 1.25%","1,700",kg,Gold,52.8
El Bronce,92,Mine (idle),Idle,-32.18333299999995,-70.93333299999995,Valparaíso,,Los Pelambres plant,347,Processing Plant,Active,-31.8134,-70.5823,Antofagasta plc,"Antofagasta plc, 60%; JX Nippon Mining Metals Corp, 15%; Mitsubishi Materials Corp., 10%; Marubeni Corp., 8.75%; Mitsubishi Corp., 5%; Mitsui & Co. Ltd., 1.25%","42,000",kg,Silver,52.8
El Bronce,92,Mine (idle),Idle,-32.18333299999995,-70.93333299999995,Valparaíso,,El Soldado SX-EW plant,314,SX-EW Plant,Active,-32.6593,-71.1448,Anglo American Sur S.A. ,"Anglo American plc, 50.1%, Mitsubishi Corp., 20.4%, Corporación Nacional del Cobre, 20%, and Mitsui & Co., Ltd., 9.5% ",50,tmt,Copper,56.5
El Bronce,92,Mine (idle),Idle,-32.18333299999995,-70.93333299999995,Valparaíso,,Chagres smelter (anodes and blister),284,Smelter,Active,-32.8047,-70.9554,Empresa Nacional de Minería (ENAMI),"Government, 100%",175,tmt,Copper,69.1
El Bronce,92,Mine (idle),Idle,-32.18333299999995,-70.93333299999995,Valparaíso,,Las Ventanas refinery and smelter,340,Smelter,Active,-32.7618,-71.4812,Corporación Nacional del Cobre (CODELCO),"Government, 100%",402,tmt,Copper,82.3
El Bronce,92,Mine (idle),Idle,-32.18333299999995,-70.93333299999995,Valparaíso,,Ventanas refinery and smelter,456,Smelter,Active,-32.7618,-71.4812,Corporación Nacional del Cobre (CODELCO),"Government, 100%","12,000",kg,Gold,82.3
El Bronce,92,Mine (idle),Idle,-32.18333299999995,-70.93333299999995,Valparaíso,,Ventanas refinery and smelter,458,Smelter,Active,-32.7618,-71.4812,Corporación Nacional del Cobre (CODELCO),"Government, 100%","220,000",kg,Silver,82.3
El Bronce,92,Mine (idle),Idle,-32.18333299999995,-70.93333299999995,Valparaíso,,Los Bronces (Tortolas) SX-EW plant (cathodes),342,SX-EW Plant,Active,-33.1409,-70.7086,Anglo American Sur S.A. ,"Anglo American plc, 50.1%, Mitsubishi Corp., 20.4%, Corporación Nacional del Cobre, 20%, and Mitsui & Co., Ltd., 9.5% ",490,tmt,Copper,108.5
El Bronce,92,Mine (idle),Idle,-32.18333299999995,-70.93333299999995,Valparaíso,,Los Bronces Plants,343,Processing Plant,Active,-33.1462,-70.2863,Anglo American Sur S.A. ,"Anglo American plc, 50.1%, Mitsubishi Corp., 20.4%, Corporación Nacional del Cobre, 20%, and Mitsui & Co., Ltd., 9.5% ","35,000",kg,Silver,123.0
El Espino,94,Mine (active),Active,-31.372999999999934,-71.09799999999996,Coquimbo,,Tres Valles SX-EW plant,451,SX-EW Plant,Active,-31.7364,-71.0165,Vecchiola SA,Vecchiola SA,,,Copper,41.1
El Espino,94,Mine (active),Active,-31.372999999999934,-71.09799999999996,Coquimbo,,Los Pelambres plant,345,Processing Plant,Active,-31.8134,-70.5823,Antofagasta plc,"Antofagasta plc, 60%; JX Nippon Mining Metals Corp, 15%; Mitsubishi Materials Corp., 10%; Marubeni Corp., 8.75%; Mitsubishi Corp., 5%; Mitsui & Co. Ltd., 1.25%","1,700",kg,Gold,69.2
El Espino,94,Mine (active),Active,-31.372999999999934,-71.09799999999996,Coquimbo,,SX-EW plant,447,SX-EW Plant,Active,-30.261,-71.0917,Compañía Minera Carmen de Andacollo ,"Teck Cominco Ltd., 90%, and Empresa Nacional de Minería (ENAMI) (Government, 100%), 10%",22,tmt,Copper,123.7
El Espino,94,Mine (active),Active,-31.372999999999934,-71.09799999999996,Coquimbo,,Plant at Cabildo,374,Processing Plant,Active,-32.5838,-70.8762,Compañía Minera Cerro Negro,Compañía Minera Cerro Negro,200,mt,Copper,136.3
El Espino,94,Mine (active),Active,-31.372999999999934,-71.09799999999996,Coquimbo,,El Soldado SX-EW plant,314,SX-EW Plant,Active,-32.6593,-71.1448,Anglo American Sur S.A. ,"Anglo American plc, 50.1%, Mitsubishi Corp., 20.4%, Corporación Nacional del Cobre, 20%, and Mitsui & Co., Ltd., 9.5% ",50,tmt,Copper,143.1
El Hueso,95,Mine (idle),Idle,-26.466666999999973,-69.38333299999994,Atacama,,Osvaldo Martínez plant,371,Processing Plant,Active,-26.4196,-70.3172,Empresa Nacional de Minería (ENAMI),"Government, 100%",400,kg,Gold,93.1
El Hueso,95,Mine (idle),Idle,-26.466666999999973,-69.38333299999994,Atacama,,Osvaldo Martínez plant,372,Processing Plant,Active,-26.4196,-70.3172,Empresa Nacional de Minería (ENAMI),"Government, 100%","6,000",kg,Silver,93.1
El Hueso,95,Mine (idle),Idle,-26.466666999999973,-69.38333299999994,Atacama,,Manuel Antonio Matta plant,353,Processing Plant,Active,-27.4131,-70.2517,Empresa Nacional de Minería (ENAMI),"Government, 100%",400,kg,Gold,136.0
El Hueso,95,Mine (idle),Idle,-26.466666999999973,-69.38333299999994,Atacama,,Manuel Antonio Matta plant,354,Processing Plant,Active,-27.4131,-70.2517,Empresa Nacional de Minería (ENAMI),"Government, 100%","6,000",kg,Silver,136.0
El Laco,97,Prospect/Project,Prospect/Project,-23.82666699999993,-67.47666699999996,Antofagasta,,El Laco concentration plant,308,Concentrator,Active,-23.8435,-67.4856,Compañía Minera del Pacífico S.A. (CMP),"CAP S.A., 75%, and MC Inversiones Ltda., 25%","1,300",tmt,Iron,2.1
El Loa,98,Prospect/Project,Prospect/Project,-21.256999999999948,-68.58299999999997,Antofagasta,,Collahuasi SX-EW plant,295,SX-EW Plant,Active,-20.9779,-68.6315,Compañía Minera Doña Inés de Collahuasi SCM ,"Anglo American plc, 44%; Glencore plc, 44%; companies led by Mitsui & Co. Ltd., 12%",400,tmt,Copper,31.4
El Loa,98,Prospect/Project,Prospect/Project,-21.256999999999948,-68.58299999999997,Antofagasta,,Quebrada Blanca SX-EW plant,440,SX-EW Plant,Active,-21.0027,-68.7964,Compañía Minera Quebrada Blanca ,"Teck Cominco Ltd., 76.5%; Inversiones Mineras S.A., 13.5%; Empresa Nacional de Minería (ENAMI) (Government, 100%), 10%",100,tmt,Copper,35.9
El Loa,98,Prospect/Project,Prospect/Project,-21.256999999999948,-68.58299999999997,Antofagasta,,Al Elbra SX-EW plant,268,SX-EW Plant,Active,-21.9859,-68.6886,Sociedad Contractual Minera El Abra ,"Freeport-McMoRan Copper & Gold Inc., 51%, and Corporación Nacional del Cobre (CODELCO) (Government, 100%), 49%",225,tmt,Copper,81.8
El Loa,98,Prospect/Project,Prospect/Project,-21.256999999999948,-68.58299999999997,Antofagasta,,Radomiro Tomic SX-EW plant,441,SX-EW Plant,Active,-22.1927,-68.8674,Corporación Nacional del Cobre (CODELCO),"Government, 100%",480,tmt,Copper,108.1
El Loa,98,Prospect/Project,Prospect/Project,-21.256999999999948,-68.58299999999997,Antofagasta,,Chuquicamata Mine (plant to acid-leach fine copper),290,Processing Plant,Active,-22.3013,-68.8404,EcoMetales Ltd. ,"Codelco Technologies Ltd., 100%",25,tmt,Copper,119.1
El Loa,98,Prospect/Project,Prospect/Project,-21.256999999999948,-68.58299999999997,Antofagasta,,Chuquicamata SX-EW plant (oxide) and smelter,292,Smelter,Active,-22.3137,-68.8895,Corporación Nacional del Cobre (CODELCO),"Government, 100%",450,tmt,Copper,121.7
El Loa,98,Prospect/Project,Prospect/Project,-21.256999999999948,-68.58299999999997,Antofagasta,,La Cascada SX-EW plant,339,SX-EW Plant,Active,-20.1873,-69.3329,Haldeman Mining Company S.A. ,"Haldeman Mining Company S.A., 100%",,,Copper,142.2
El Peñón,99,Mine (active),Active,-24.39416699999998,-69.49305599999997,Antofagasta,Minera Meridian Ltda. ,El Peñón concentration plant,309,Concentrator,Active,-24.4116,-69.4969,Minera Meridian Ltda. ,"Yamana Gold Inc., 100%","10,500",kg,Gold,2.0
El Peñón,99,Mine (active),Active,-24.39416699999998,-69.49305599999997,Antofagasta,Minera Meridian Ltda. ,El Peñón concentration plant,310,Concentrator,Active,-24.4116,-69.4969,Minera Meridian Ltds. ,"Yamana Gold Inc., 100%","300,000",kg,Silver,2.0
El Peñón,99,Mine (active),Active,-24.39416699999998,-69.49305599999997,Antofagasta,Minera Meridian Ltda. ,Escondida concentrator,318,Concentrator,Active,-24.2628,-69.0581,Minera Escondida Ltda.,"Minera Escondida Ltda., 100%","4,500",kg,Gold,46.4
El Peñón,99,Mine (active),Active,-24.39416699999998,-69.49305599999997,Antofagasta,Minera Meridian Ltda. ,Escondida concentrator,319,Concentrator,Active,-24.2628,-69.0581,Minera Escondida Ltda.,"Minera Escondida Ltda., 100%","180,000",kg,Silver,46.4
El Peñón,99,Mine (active),Active,-24.39416699999998,-69.49305599999997,Antofagasta,Minera Meridian Ltda. ,José Antonio Moreno plant,336,Processing Plant,Active,-25.3963,-70.4742,Empresa Nacional de Minería (ENAMI),"Government, 100%",400,kg,Gold,149.0
El Peñón,99,Mine (active),Active,-24.39416699999998,-69.49305599999997,Antofagasta,Minera Meridian Ltda. ,José Antonio Moreno plant,337,Processing Plant,Active,-25.3963,-70.4742,Empresa Nacional de Minería (ENAMI),"Government, 100%","6,000",kg,Silver,149.0
El Sauce,101,Mine (idle),Idle,-32.87399999999997,-70.89299999999997,Valparaíso,,Chagres smelter (anodes and blister),284,Smelter,Active,-32.8047,-70.9554,Empresa Nacional de Minería (ENAMI),"Government, 100%",175,tmt,Copper,9.7
El Sauce,100,Mine (active),Active,-32.45699999999994,-71.07099999999997,Valparaíso,,Plant at Cabildo,374,Processing Plant,Active,-32.5838,-70.8762,Compañía Minera Cerro Negro,Compañía Minera Cerro Negro,200,mt,Copper,23.1
El Sauce,100,Mine (active),Active,-32.45699999999994,-71.07099999999997,Valparaíso,,El Soldado SX-EW plant,314,SX-EW Plant,Active,-32.6593,-71.1448,Anglo American Sur S.A. ,"Anglo American plc, 50.1%, Mitsubishi Corp., 20.4%, Corporación Nacional del Cobre, 20%, and Mitsui & Co., Ltd., 9.5% ",50,tmt,Copper,23.5
El Sauce,101,Mine (idle),Idle,-32.87399999999997,-70.89299999999997,Valparaíso,,Plant at Cabildo,374,Processing Plant,Active,-32.5838,-70.8762,Compañía Minera Cerro Negro,Compañía Minera Cerro Negro,200,mt,Copper,32.3
El Sauce,101,Mine (idle),Idle,-32.87399999999997,-70.89299999999997,Valparaíso,,El Soldado SX-EW plant,314,SX-EW Plant,Active,-32.6593,-71.1448,Anglo American Sur S.A. ,"Anglo American plc, 50.1%, Mitsubishi Corp., 20.4%, Corporación Nacional del Cobre, 20%, and Mitsui & Co., Ltd., 9.5% ",50,tmt,Copper,33.5
El Sauce,101,Mine (idle),Idle,-32.87399999999997,-70.89299999999997,Valparaíso,,Los Bronces (Tortolas) SX-EW plant (cathodes),342,SX-EW Plant,Active,-33.1409,-70.7086,Anglo American Sur S.A. ,"Anglo American plc, 50.1%, Mitsubishi Corp., 20.4%, Corporación Nacional del Cobre, 20%, and Mitsui & Co., Ltd., 9.5% ",490,tmt,Copper,34.3
El Sauce,100,Mine (active),Active,-32.45699999999994,-71.07099999999997,Valparaíso,,Chagres smelter (anodes and blister),284,Smelter,Active,-32.8047,-70.9554,Empresa Nacional de Minería (ENAMI),"Government, 100%",175,tmt,Copper,40.1
El Sauce,100,Mine (active),Active,-32.45699999999994,-71.07099999999997,Valparaíso,,Las Ventanas refinery and smelter,340,Smelter,Active,-32.7618,-71.4812,Corporación Nacional del Cobre (CODELCO),"Government, 100%",402,tmt,Copper,51.2
El Sauce,101,Mine (idle),Idle,-32.87399999999997,-70.89299999999997,Valparaíso,,Las Ventanas refinery and smelter,340,Smelter,Active,-32.7618,-71.4812,Corporación Nacional del Cobre (CODELCO),"Government, 100%",402,tmt,Copper,56.4
El Sauce,100,Mine (active),Active,-32.45699999999994,-71.07099999999997,Valparaíso,,Tres Valles SX-EW plant,451,SX-EW Plant,Active,-31.7364,-71.0165,Vecchiola SA,Vecchiola SA,,,Copper,80.3
El Sauce,100,Mine (active),Active,-32.45699999999994,-71.07099999999997,Valparaíso,,Los Bronces (Tortolas) SX-EW plant (cathodes),342,SX-EW Plant,Active,-33.1409,-70.7086,Anglo American Sur S.A. ,"Anglo American plc, 50.1%, Mitsubishi Corp., 20.4%, Corporación Nacional del Cobre, 20%, and Mitsui & Co., Ltd., 9.5% ",490,tmt,Copper,83.2
El Sauce,101,Mine (idle),Idle,-32.87399999999997,-70.89299999999997,Valparaíso,,Tres Valles SX-EW plant,451,SX-EW Plant,Active,-31.7364,-71.0165,Vecchiola SA,Vecchiola SA,,,Copper,127.0
El Sauce,101,Mine (idle),Idle,-32.87399999999997,-70.89299999999997,Valparaíso,,"Caletones smelter (anodes). refinery (fire-refined ingots), and SX-EW plant",278,Smelter,Active,-34.1046,-70.4505,Corporación Nacional del Cobre (CODELCO),"Government, 100%",430,tmt,Copper,142.9
El Soldado,102,Mine (active),Active,-32.611999999999966,-71.12799999999999,Valparaíso,Anglo American Sur S.A. ,El Soldado SX-EW plant,314,SX-EW Plant,Active,-32.6593,-71.1448,Anglo American Sur S.A. ,"Anglo American plc, 50.1%, Mitsubishi Corp., 20.4%, Corporación Nacional del Cobre, 20%, and Mitsui & Co., Ltd., 9.5% ",50,tmt,Copper,5.5
El Soldado,102,Mine (active),Active,-32.611999999999966,-71.12799999999999,Valparaíso,Anglo American Sur S.A. ,Plant at Cabildo,374,Processing Plant,Active,-32.5838,-70.8762,Compañía Minera Cerro Negro,Compañía Minera Cerro Negro,200,mt,Copper,23.8
El Soldado,102,Mine (active),Active,-32.611999999999966,-71.12799999999999,Valparaíso,Anglo American Sur S.A. ,Chagres smelter (anodes and blister),284,Smelter,Active,-32.8047,-70.9554,Empresa Nacional de Minería (ENAMI),"Government, 100%",175,tmt,Copper,26.8
El Soldado,102,Mine (active),Active,-32.611999999999966,-71.12799999999999,Valparaíso,Anglo American Sur S.A. ,Las Ventanas refinery and smelter,340,Smelter,Active,-32.7618,-71.4812,Corporación Nacional del Cobre (CODELCO),"Government, 100%",402,tmt,Copper,37.0
El Soldado,102,Mine (active),Active,-32.611999999999966,-71.12799999999999,Valparaíso,Anglo American Sur S.A. ,Los Bronces (Tortolas) SX-EW plant (cathodes),342,SX-EW Plant,Active,-33.1409,-70.7086,Anglo American Sur S.A. ,"Anglo American plc, 50.1%, Mitsubishi Corp., 20.4%, Corporación Nacional del Cobre, 20%, and Mitsui & Co., Ltd., 9.5% ",490,tmt,Copper,70.7
El Soldado,102,Mine (active),Active,-32.611999999999966,-71.12799999999999,Valparaíso,Anglo American Sur S.A. ,Tres Valles SX-EW plant,451,SX-EW Plant,Active,-31.7364,-71.0165,Vecchiola SA,Vecchiola SA,,,Copper,97.9
El Teniente,103,Mine (active),Active,-34.091999999999985,-70.33799999999997,Libertador General Bernardo O'Higgins,Corporación Nacional del Cobre (CODELCO),"Caletones smelter (anodes). refinery (fire-refined ingots), and SX-EW plant",278,Smelter,Active,-34.1046,-70.4505,Corporación Nacional del Cobre (CODELCO),"Government, 100%",430,tmt,Copper,10.5
El Teniente,103,Mine (active),Active,-34.091999999999985,-70.33799999999997,Libertador General Bernardo O'Higgins,Corporación Nacional del Cobre (CODELCO),El Teniente plant,315,Processing Plant,Active,-34.0886,-70.4555,Corporación Nacional del Cobre (CODELCO),"Government, 100%","6,500",mt,Molybdenum,10.8
El Teniente,103,Mine (active),Active,-34.091999999999985,-70.33799999999997,Libertador General Bernardo O'Higgins,Corporación Nacional del Cobre (CODELCO),Facilities near Rancagua,323,Processing Plant,Active,-34.2383,-70.685,Minera Valle Central S.A. ,"Amerigo Resources Ltd., 100%",30,tmt,Copper,35.8
El Teniente,103,Mine (active),Active,-34.091999999999985,-70.33799999999997,Libertador General Bernardo O'Higgins,Corporación Nacional del Cobre (CODELCO),Nos plant,368,Processing Plant,Active,-33.6065,-70.7441,Molibdenos y Metales S.A. (MOLYMET),"Private, 100%","30,000",kg,Rhenium,65.7
El Teniente,103,Mine (active),Active,-34.091999999999985,-70.33799999999997,Libertador General Bernardo O'Higgins,Corporación Nacional del Cobre (CODELCO),Los Bronces (Tortolas) SX-EW plant (cathodes),342,SX-EW Plant,Active,-33.1409,-70.7086,Anglo American Sur S.A. ,"Anglo American plc, 50.1%, Mitsubishi Corp., 20.4%, Corporación Nacional del Cobre, 20%, and Mitsui & Co., Ltd., 9.5% ",490,tmt,Copper,111.2
El Teniente,103,Mine (active),Active,-34.091999999999985,-70.33799999999997,Libertador General Bernardo O'Higgins,Corporación Nacional del Cobre (CODELCO),Tortolas molybdenum flotation plant,450,Concentrator,Active,-33.1409,-70.7086,Anglo American Sur S.A. ,"Anglo American plc, 50.1%, Mitsubishi Corp., 20.4%, Corporación Nacional del Cobre, 20%, and Mitsui & Co., Ltd., 9.5% ","3,000",mt,Molybdenum,111.2
El Toqui,104,Mine (active),Active,-45.01699999999994,-71.89999999999998,Aysén del General Carlos Ibáñez del Campo,Sociedad Contractual Minera El Toqui Ltda. ,Doña Rosa concentration plant,301,Concentrator,Active,-45.0341,-71.9341,Sociedad Contractual Minera El Toqui Ltda. ,"Nyrstar NV, 100%","1,600",kg,Gold,3.3
El Toqui,104,Mine (active),Active,-45.01699999999994,-71.89999999999998,Aysén del General Carlos Ibáñez del Campo,Sociedad Contractual Minera El Toqui Ltda. ,Doña Rosa concentration plant,303,Concentrator,Active,-45.0341,-71.9341,Sociedad Contractual Minera El Toqui Ltda. ,"Nyrstar NV, 100%","11,000",kg,Silver,3.3
El Toqui,104,Mine (active),Active,-45.01699999999994,-71.89999999999998,Aysén del General Carlos Ibáñez del Campo,Sociedad Contractual Minera El Toqui Ltda. ,Doña Rosa concentration plant,304,Concentrator,Active,-45.0341,-71.9341,Sociedad Contractual Minera El Toqui Ltda. ,"Nyrstar NV, 100%","35,000",mt,Zinc,3.3
Encierro,105,Prospect/Project,Prospect/Project,-29.063999999999965,-69.92699999999996,Atacama,,Dos Amigos SX-EW plant,305,SX-EW Plant,Active,-28.9869,-70.8859,CEMIN,CEMIN,,,Copper,93.6
Encierro,105,Prospect/Project,Prospect/Project,-29.063999999999965,-69.92699999999996,Atacama,,Vallenar plant,453,Processing Plant,Active,-28.5652,-70.7387,Empresa Nacional de Minería (ENAMI),"Government, 100%",180,tmt,Copper,96.6
Encierro,105,Prospect/Project,Prospect/Project,-29.063999999999965,-69.92699999999996,Atacama,,Vallenar plant,454,Processing Plant,Active,-28.5652,-70.7387,Empresa Nacional de Minería (ENAMI),"Government, 100%",400,kg,Gold,96.6
Encierro,105,Prospect/Project,Prospect/Project,-29.063999999999965,-69.92699999999996,Atacama,,Plant near Coquimbo (Region IV),415,Processing Plant,Active,-29.8353,-71.1035,Compañía Minera San Gerónimo,Compañía Minera San Gerónimo,"10,000",mt,Copper,142.6
Escalones,107,Prospect/Project,Prospect/Project,-34.12099999999998,-69.96499999999997,Metropolitana de Santiago,,"Caletones smelter (anodes). refinery (fire-refined ingots), and SX-EW plant",278,Smelter,Active,-34.1046,-70.4505,Corporación Nacional del Cobre (CODELCO),"Government, 100%",430,tmt,Copper,44.7
Escalones,107,Prospect/Project,Prospect/Project,-34.12099999999998,-69.96499999999997,Metropolitana de Santiago,,El Teniente plant,315,Processing Plant,Active,-34.0886,-70.4555,Corporación Nacional del Cobre (CODELCO),"Government, 100%","6,500",mt,Molybdenum,45.3
Escalones,107,Prospect/Project,Prospect/Project,-34.12099999999998,-69.96499999999997,Metropolitana de Santiago,,Facilities near Rancagua,323,Processing Plant,Active,-34.2383,-70.685,Minera Valle Central S.A. ,"Amerigo Resources Ltd., 100%",30,tmt,Copper,67.5
Escalones,107,Prospect/Project,Prospect/Project,-34.12099999999998,-69.96499999999997,Metropolitana de Santiago,,Minera Florida concentration plant,362,Concentrator,Active,-34.0348,-71.0265,Minera Florida S.A. ,"Yamana Gold Inc., 100%","3,100",kg,Gold,98.2
Escalones,107,Prospect/Project,Prospect/Project,-34.12099999999998,-69.96499999999997,Metropolitana de Santiago,,Minera Florida concentration plant,364,Concentrator,Active,-34.0348,-71.0265,Minera Florida S.A. ,"Yamana Gold Inc., 100%","31,000",kg,Silver,98.2
Escalones,107,Prospect/Project,Prospect/Project,-34.12099999999998,-69.96499999999997,Metropolitana de Santiago,,Los Bronces Plants,343,Processing Plant,Active,-33.1462,-70.2863,Anglo American Sur S.A. ,"Anglo American plc, 50.1%, Mitsubishi Corp., 20.4%, Corporación Nacional del Cobre, 20%, and Mitsui & Co., Ltd., 9.5% ","35,000",kg,Silver,112.4
Escalones,107,Prospect/Project,Prospect/Project,-34.12099999999998,-69.96499999999997,Metropolitana de Santiago,,Los Bronces (Tortolas) SX-EW plant (cathodes),342,SX-EW Plant,Active,-33.1409,-70.7086,Anglo American Sur S.A. ,"Anglo American plc, 50.1%, Mitsubishi Corp., 20.4%, Corporación Nacional del Cobre, 20%, and Mitsui & Co., Ltd., 9.5% ",490,tmt,Copper,128.9
Escalones,107,Prospect/Project,Prospect/Project,-34.12099999999998,-69.96499999999997,Metropolitana de Santiago,,Tortolas molybdenum flotation plant,450,Concentrator,Active,-33.1409,-70.7086,Anglo American Sur S.A. ,"Anglo American plc, 50.1%, Mitsubishi Corp., 20.4%, Corporación Nacional del Cobre, 20%, and Mitsui & Co., Ltd., 9.5% ","3,000",mt,Molybdenum,128.9
Escondida,108,Mine (active),Active,-24.274999999999977,-69.05799999999994,Antofagasta,Minera Escondida Ltda.,Escondida concentrator,317,Concentrator,Active,-24.2628,-69.0581,Minera Escondida Ltda.,"Minera Escondida Ltda., 100%","1,300",tmt,Copper,1.4
Escondida,108,Mine (active),Active,-24.274999999999977,-69.05799999999994,Antofagasta,Minera Escondida Ltda.,Escondida oxide plant for cathode production (SX-EW),320,SX-EW Plant,Active,-24.2536,-69.1008,Minera Escondida Ltda. ,"BHP Billiton plc, 57.5%; Rio Tinto plc, 30%; Japan Escondida Corp., 10%; International Finance Corp., 2.5%","1,300",tmt,Copper,4.9
Escondida,108,Mine (active),Active,-24.274999999999977,-69.05799999999994,Antofagasta,Minera Escondida Ltda.,Escondida sulfide-leach plant for cathode production,321,Processing Plant,Active,-24.2601,-68.9925,Minera Escondida Ltda. ,"BHP Billiton plc, 57.5%; Rio Tinto plc, 30%; Japan Escondida Corp., 10%; International Finance Corp., 2.5%","1,300",tmt,Copper,6.8
Escondida,108,Mine (active),Active,-24.274999999999977,-69.05799999999994,Antofagasta,Minera Escondida Ltda.,Zaldívar SX-EW plant,460,SX-EW Plant,Active,-24.201,-69.0689,Compañía Minera Zaldívar ,"Barrick Gold Corp., 100%",150,tmt,Copper,8.3
Escondida,108,Mine (active),Active,-24.274999999999977,-69.05799999999994,Antofagasta,Minera Escondida Ltda.,Gabriela Mistral SX-EW plant,325,SX-EW Plant,Active,-23.4173,-68.7838,Minera Gaby S.A. ,"Corporación Nacional del Cobre (CODELCO) (Government, 100%), 100%",170,tmt,Copper,99.4
Escondida,108,Mine (active),Active,-24.274999999999977,-69.05799999999994,Antofagasta,Minera Escondida Ltda.,Lomas Bayas SX-EW plant,341,SX-EW Plant,Active,-23.4318,-69.5017,Compañía Minera Xstrata Lomas Bayas ,"Glencore plc, 100%",75,tmt,Copper,104.1
Escondida,108,Mine (active),Active,-24.274999999999977,-69.05799999999994,Antofagasta,Minera Escondida Ltda.,Altonorte smelter,269,Smelter,Active,-23.8247,-70.3178,Glencore Copper Chile S.A. ,Glencore Copper Chile S.A. ,300,tmt,Copper,137.4
Escondida,108,Mine (active),Active,-24.274999999999977,-69.05799999999994,Antofagasta,Minera Escondida Ltda.,Mantos Blancos SX-EW plant,349,SX-EW Plant,Active,-23.4397,-70.0734,Empresa Minera de Mantos Blancos S.A. ,"Anglo American plc, 99.9%, and other private, 0.1%",100,tmt,Copper,138.9
Escondida,108,Mine (active),Active,-24.274999999999977,-69.05799999999994,Antofagasta,Minera Escondida Ltda.,Centinela oxide and sulfide plant,279,Processing Plant,Active,-22.9275,-69.0965,Antofagasta plc,"Antofagasta plc, 70%, and Marubeni Corp., 30%",300,tmt,Copper,149.9
Escondida,108,Mine (active),Active,-24.274999999999977,-69.05799999999994,Antofagasta,Minera Escondida Ltda.,El Tesoro SX-EW plant,316,SX-EW Plant,Active,-22.9277,-69.0976,Minera El Tesoro S.A. ,"Antofagasta plc, 70%, and Marubeni Corp., 30%",110,tmt,Copper,149.9
Exploradora,109,Prospect/Project,Prospect/Project,-25.805999999999983,-69.23699999999997,Antofagasta,,Franke SX-EW Plant,324,SX-EW Plant,Active,-25.8334,-69.8639,Sociedad Contractual Minera Franke ,"KGHM International Ltd., 100%",,,Copper,62.8
Exploradora,109,Prospect/Project,Prospect/Project,-25.805999999999983,-69.23699999999997,Antofagasta,,Potrerillos SX-EW refinery and smelter,435,Smelter,Active,-26.283,-69.5965,Corporación Nacional del Cobre (CODELCO),"Government, 100%",70,tmt,Copper,64.1
Exploradora,109,Prospect/Project,Prospect/Project,-25.805999999999983,-69.23699999999997,Antofagasta,,Osvaldo Martínez,370,Processing Plant,Active,-26.4196,-70.3172,Empresa Nacional de Minería (ENAMI),"Government, 100%",180,tmt,Copper,127.6
Exploradora,109,Prospect/Project,Prospect/Project,-25.805999999999983,-69.23699999999997,Antofagasta,,Osvaldo Martínez plant,371,Processing Plant,Active,-26.4196,-70.3172,Empresa Nacional de Minería (ENAMI),"Government, 100%",400,kg,Gold,127.6
Exploradora,109,Prospect/Project,Prospect/Project,-25.805999999999983,-69.23699999999997,Antofagasta,,José Antonio Moreno,335,Processing Plant,Active,-25.3963,-70.4742,Empresa Nacional de Minería (ENAMI),"Government, 100%",180,tmt,Copper,132.2
Exploradora,109,Prospect/Project,Prospect/Project,-25.805999999999983,-69.23699999999997,Antofagasta,,José Antonio Moreno plant,336,Processing Plant,Active,-25.3963,-70.4742,Empresa Nacional de Minería (ENAMI),"Government, 100%",400,kg,Gold,132.2
Exploradora,109,Prospect/Project,Prospect/Project,-25.805999999999983,-69.23699999999997,Antofagasta,,Mantoverde SX-EW plant,351,SX-EW Plant,Active,-26.5615,-70.3253,Empresa Minera de Mantos Blancos S.A. ,"Anglo American plc, 99.9%, and other private, 0.1%",65,tmt,Copper,137.3
Faride,110,Mine (idle),Idle,-22.809999999999945,-69.39999999999998,Antofagasta,,Esperanza milling/flotation plant,322,Concentrator,Active,-22.9998,-69.1036,Minera Esperanza S.A. ,"Antofagasta plc, 70%, and Marubeni Corp., 30%","8,000",kg,Gold,37.0
Fenix,111,Prospect/Project,Prospect/Project,-27.010999999999967,-69.20299999999997,Atacama,,Manuel Antonio Matta plant,353,Processing Plant,Active,-27.4131,-70.2517,Empresa Nacional de Minería (ENAMI),"Government, 100%",400,kg,Gold,112.9
Fenix,111,Prospect/Project,Prospect/Project,-27.010999999999967,-69.20299999999997,Atacama,,Osvaldo Martínez plant,371,Processing Plant,Active,-26.4196,-70.3172,Empresa Nacional de Minería (ENAMI),"Government, 100%",400,kg,Gold,128.7
Florencia,112,Mine (idle),Idle,-23.41999999999996,-69.54999999999995,Antofagasta,,Plant in Aguas Blancas,397,Processing Plant,Active,-24.1357,-69.8671,Atacama Minerals Chile Minera ,SCM Bullmine and RB Energy,"2,200",mt,Iodine,85.9
Florencia,112,Mine (idle),Idle,-23.41999999999996,-69.54999999999995,Antofagasta,,Coya Sur plant,298,Processing Plant,Active,-22.3962,-69.6207,SQM Nitratos S.A. ,"Sociedad Química y Minera de Chile S.A. (SQM), 100%",950,tmt,Nitrate,114.1
Florencia,112,Mine (idle),Idle,-23.41999999999996,-69.54999999999995,Antofagasta,,Coya Sur plant,299,Processing Plant,Active,-22.3962,-69.6207,SQM Nitratos S.A. ,"Sociedad Química y Minera de Chile S.A. (SQM), 100%",770,tmt,Nitrate,114.1
Florencia,112,Mine (idle),Idle,-23.41999999999996,-69.54999999999995,Antofagasta,,Maria Elena plant,355,Processing Plant,Active,-22.3367,-69.6595,SQM Nitratos S.A. ,"Sociedad Química y Minera de Chile S.A. (SQM), 100%",950,tmt,Nitrate,121.0
Florencia,112,Mine (idle),Idle,-23.41999999999996,-69.54999999999995,Antofagasta,,Maria Elena plant,356,Processing Plant,Active,-22.3367,-69.6595,SQM Nitratos S.A. ,"Sociedad Química y Minera de Chile S.A. (SQM), 100%",770,tmt,Nitrate,121.0
Florencia,112,Mine (idle),Idle,-23.41999999999996,-69.54999999999995,Antofagasta,,María Elena plant,357,Processing Plant,Active,-22.3367,-69.6595,SQM Químicos S.A. ,"Sociedad Química y Minera de Chile S.A. (SQM), 100%","13,300",mt,Iodine,121.0
Franke,113,Mine (active),Active,-25.82899999999995,-69.86399999999998,Antofagasta,Sociedad Contractual Minera Franke ,Franke SX-EW Plant,324,SX-EW Plant,Active,-25.8334,-69.8639,Sociedad Contractual Minera Franke ,"KGHM International Ltd., 100%",,,Copper,0.5
Franke,113,Mine (active),Active,-25.82899999999995,-69.86399999999998,Antofagasta,Sociedad Contractual Minera Franke ,Potrerillos SX-EW refinery and smelter,435,Smelter,Active,-26.283,-69.5965,Corporación Nacional del Cobre (CODELCO),"Government, 100%",70,tmt,Copper,57.1
Franke,113,Mine (active),Active,-25.82899999999995,-69.86399999999998,Antofagasta,Sociedad Contractual Minera Franke ,José Antonio Moreno,335,Processing Plant,Active,-25.3963,-70.4742,Empresa Nacional de Minería (ENAMI),"Government, 100%",180,tmt,Copper,77.8
Franke,113,Mine (active),Active,-25.82899999999995,-69.86399999999998,Antofagasta,Sociedad Contractual Minera Franke ,Osvaldo Martínez,370,Processing Plant,Active,-26.4196,-70.3172,Empresa Nacional de Minería (ENAMI),"Government, 100%",180,tmt,Copper,79.7
Franke,113,Mine (active),Active,-25.82899999999995,-69.86399999999998,Antofagasta,Sociedad Contractual Minera Franke ,Mantoverde SX-EW plant,351,SX-EW Plant,Active,-26.5615,-70.3253,Empresa Minera de Mantos Blancos S.A. ,"Anglo American plc, 99.9%, and other private, 0.1%",65,tmt,Copper,93.6
Frontera,114,Prospect/Project,Prospect/Project,-31.728999999999928,-70.47799999999995,Coquimbo,,Los Pelambres plant,345,Processing Plant,Active,-31.8134,-70.5823,Antofagasta plc,"Antofagasta plc, 60%; JX Nippon Mining Metals Corp, 15%; Mitsubishi Materials Corp., 10%; Marubeni Corp., 8.75%; Mitsubishi Corp., 5%; Mitsui & Co. Ltd., 1.25%","1,700",kg,Gold,13.6
Frontera,114,Prospect/Project,Prospect/Project,-31.728999999999928,-70.47799999999995,Coquimbo,,Tres Valles SX-EW plant,451,SX-EW Plant,Active,-31.7364,-71.0165,Vecchiola SA,Vecchiola SA,,,Copper,50.9
Frontera,114,Prospect/Project,Prospect/Project,-31.728999999999928,-70.47799999999995,Coquimbo,,Plant at Cabildo,374,Processing Plant,Active,-32.5838,-70.8762,Compañía Minera Cerro Negro,Compañía Minera Cerro Negro,200,mt,Copper,102.2
Frontera,114,Prospect/Project,Prospect/Project,-31.728999999999928,-70.47799999999995,Coquimbo,,El Soldado SX-EW plant,314,SX-EW Plant,Active,-32.6593,-71.1448,Anglo American Sur S.A. ,"Anglo American plc, 50.1%, Mitsubishi Corp., 20.4%, Corporación Nacional del Cobre, 20%, and Mitsui & Co., Ltd., 9.5% ",50,tmt,Copper,121.0
Frontera,114,Prospect/Project,Prospect/Project,-31.728999999999928,-70.47799999999995,Coquimbo,,Chagres smelter (anodes and blister),284,Smelter,Active,-32.8047,-70.9554,Empresa Nacional de Minería (ENAMI),"Government, 100%",175,tmt,Copper,127.8
Frontera,114,Prospect/Project,Prospect/Project,-31.728999999999928,-70.47799999999995,Coquimbo,,Las Ventanas refinery and smelter,340,Smelter,Active,-32.7618,-71.4812,Corporación Nacional del Cobre (CODELCO),"Government, 100%",402,tmt,Copper,148.6
Frontera,114,Prospect/Project,Prospect/Project,-31.728999999999928,-70.47799999999995,Coquimbo,,Ventanas refinery and smelter,456,Smelter,Active,-32.7618,-71.4812,Corporación Nacional del Cobre (CODELCO),"Government, 100%","12,000",kg,Gold,148.6
Gabriela Mistral,115,Mine (active),Active,-23.41799999999995,-68.81099999999998,Antofagasta,Minera Gaby S.A. ,Gabriela Mistral SX-EW plant,325,SX-EW Plant,Active,-23.4173,-68.7838,Minera Gaby S.A. ,"Corporación Nacional del Cobre (CODELCO) (Government, 100%), 100%",170,tmt,Copper,2.8
Gabriela Mistral,115,Mine (active),Active,-23.41799999999995,-68.81099999999998,Antofagasta,Minera Gaby S.A. ,Centinela oxide and sulfide plant,279,Processing Plant,Active,-22.9275,-69.0965,Antofagasta plc,"Antofagasta plc, 70%, and Marubeni Corp., 30%",300,tmt,Copper,61.9
Gabriela Mistral,115,Mine (active),Active,-23.41799999999995,-68.81099999999998,Antofagasta,Minera Gaby S.A. ,El Tesoro SX-EW plant,316,SX-EW Plant,Active,-22.9277,-69.0976,Minera El Tesoro S.A. ,"Antofagasta plc, 70%, and Marubeni Corp., 30%",110,tmt,Copper,61.9
Gabriela Mistral,115,Mine (active),Active,-23.41799999999995,-68.81099999999998,Antofagasta,Minera Gaby S.A. ,Lomas Bayas SX-EW plant,341,SX-EW Plant,Active,-23.4318,-69.5017,Compañía Minera Xstrata Lomas Bayas ,"Glencore plc, 100%",75,tmt,Copper,70.5
Gabriela Mistral,115,Mine (active),Active,-23.41799999999995,-68.81099999999998,Antofagasta,Minera Gaby S.A. ,Spence SX-EW plant,444,SX-EW Plant,Active,-22.8015,-69.2818,Minera Spence S.A. ,"BHP Billiton plc, 100%",200,tmt,Copper,83.8
Gabriela Mistral,115,Mine (active),Active,-23.41799999999995,-68.81099999999998,Antofagasta,Minera Gaby S.A. ,Zaldívar SX-EW plant,460,SX-EW Plant,Active,-24.201,-69.0689,Compañía Minera Zaldívar ,"Barrick Gold Corp., 100%",150,tmt,Copper,90.9
Gabriela Mistral,115,Mine (active),Active,-23.41799999999995,-68.81099999999998,Antofagasta,Minera Gaby S.A. ,Escondida sulfide-leach plant for cathode production,321,Processing Plant,Active,-24.2601,-68.9925,Minera Escondida Ltda. ,"BHP Billiton plc, 57.5%; Rio Tinto plc, 30%; Japan Escondida Corp., 10%; International Finance Corp., 2.5%","1,300",tmt,Copper,95.4
Gabriela Mistral,115,Mine (active),Active,-23.41799999999995,-68.81099999999998,Antofagasta,Minera Gaby S.A. ,Escondida concentrator,317,Concentrator,Active,-24.2628,-69.0581,Minera Escondida Ltda.,"Minera Escondida Ltda., 100%","1,300",tmt,Copper,97.2
Gabriela Mistral,115,Mine (active),Active,-23.41799999999995,-68.81099999999998,Antofagasta,Minera Gaby S.A. ,Escondida oxide plant for cathode production (SX-EW),320,SX-EW Plant,Active,-24.2536,-69.1008,Minera Escondida Ltda. ,"BHP Billiton plc, 57.5%; Rio Tinto plc, 30%; Japan Escondida Corp., 10%; International Finance Corp., 2.5%","1,300",tmt,Copper,97.5
Gabriela Mistral,115,Mine (active),Active,-23.41799999999995,-68.81099999999998,Antofagasta,Minera Gaby S.A. ,Chuquicamata SX-EW plant (oxide) and smelter,292,Smelter,Active,-22.3137,-68.8895,Corporación Nacional del Cobre (CODELCO),"Government, 100%",450,tmt,Copper,123.1
Gabriela Mistral,115,Mine (active),Active,-23.41799999999995,-68.81099999999998,Antofagasta,Minera Gaby S.A. ,Chuquicamata Mine (plant to acid-leach fine copper),290,Processing Plant,Active,-22.3013,-68.8404,EcoMetales Ltd. ,"Codelco Technologies Ltd., 100%",25,tmt,Copper,124.2
Gabriela Mistral,115,Mine (active),Active,-23.41799999999995,-68.81099999999998,Antofagasta,Minera Gaby S.A. ,Mantos Blancos SX-EW plant,349,SX-EW Plant,Active,-23.4397,-70.0734,Empresa Minera de Mantos Blancos S.A. ,"Anglo American plc, 99.9%, and other private, 0.1%",100,tmt,Copper,128.8
Gabriela Mistral,115,Mine (active),Active,-23.41799999999995,-68.81099999999998,Antofagasta,Minera Gaby S.A. ,Radomiro Tomic SX-EW plant,441,SX-EW Plant,Active,-22.1927,-68.8674,Corporación Nacional del Cobre (CODELCO),"Government, 100%",480,tmt,Copper,136.4
Gabriela Mistral,115,Mine (active),Active,-23.41799999999995,-68.81099999999998,Antofagasta,Minera Gaby S.A. ,Antucoya SX-EW plant,271,SX-EW Plant,Active,-22.6298,-69.8832,Antofagasta plc,"Antofagasta plc, 70%, Marubeni Corp., 30%",,,Copper,140.4
Genoveva,117,Prospect/Project,Prospect/Project,-22.408999999999935,-68.96399999999994,Antofagasta,,Chuquicamata SX-EW plant (oxide) and smelter,292,Smelter,Active,-22.3137,-68.8895,Corporación Nacional del Cobre (CODELCO),"Government, 100%",450,tmt,Copper,13.1
Genoveva,117,Prospect/Project,Prospect/Project,-22.408999999999935,-68.96399999999994,Antofagasta,,Chuquicamata Mine (plant to acid-leach fine copper),290,Processing Plant,Active,-22.3013,-68.8404,EcoMetales Ltd. ,"Codelco Technologies Ltd., 100%",25,tmt,Copper,17.5
Genoveva,117,Prospect/Project,Prospect/Project,-22.408999999999935,-68.96399999999994,Antofagasta,,Radomiro Tomic SX-EW plant,441,SX-EW Plant,Active,-22.1927,-68.8674,Corporación Nacional del Cobre (CODELCO),"Government, 100%",480,tmt,Copper,26.0
Genoveva,117,Prospect/Project,Prospect/Project,-22.408999999999935,-68.96399999999994,Antofagasta,,Spence SX-EW plant,444,SX-EW Plant,Active,-22.8015,-69.2818,Minera Spence S.A. ,"BHP Billiton plc, 100%",200,tmt,Copper,54.5
Genoveva,117,Prospect/Project,Prospect/Project,-22.408999999999935,-68.96399999999994,Antofagasta,,Al Elbra SX-EW plant,268,SX-EW Plant,Active,-21.9859,-68.6886,Sociedad Contractual Minera El Abra ,"Freeport-McMoRan Copper & Gold Inc., 51%, and Corporación Nacional del Cobre (CODELCO) (Government, 100%), 49%",225,tmt,Copper,54.9
Genoveva,117,Prospect/Project,Prospect/Project,-22.408999999999935,-68.96399999999994,Antofagasta,,Centinela oxide and sulfide plant,279,Processing Plant,Active,-22.9275,-69.0965,Antofagasta plc,"Antofagasta plc, 70%, and Marubeni Corp., 30%",300,tmt,Copper,59.2
Genoveva,117,Prospect/Project,Prospect/Project,-22.408999999999935,-68.96399999999994,Antofagasta,,El Tesoro SX-EW plant,316,SX-EW Plant,Active,-22.9277,-69.0976,Minera El Tesoro S.A. ,"Antofagasta plc, 70%, and Marubeni Corp., 30%",110,tmt,Copper,59.3
Genoveva,117,Prospect/Project,Prospect/Project,-22.408999999999935,-68.96399999999994,Antofagasta,,Antucoya SX-EW plant,271,SX-EW Plant,Active,-22.6298,-69.8832,Antofagasta plc,"Antofagasta plc, 70%, Marubeni Corp., 30%",,,Copper,97.6
Genoveva,117,Prospect/Project,Prospect/Project,-22.408999999999935,-68.96399999999994,Antofagasta,,Plant near Tocopilla,430,Processing Plant,Active,-21.9459,-69.8715,Minera Capacho Viejo Ltda. ,Minera Capacho Viejo Ltda. ,"5,000",mt,Copper,106.7
Genoveva,117,Prospect/Project,Prospect/Project,-22.408999999999935,-68.96399999999994,Antofagasta,,Gabriela Mistral SX-EW plant,325,SX-EW Plant,Active,-23.4173,-68.7838,Minera Gaby S.A. ,"Corporación Nacional del Cobre (CODELCO) (Government, 100%), 100%",170,tmt,Copper,113.6
Genoveva,117,Prospect/Project,Prospect/Project,-22.408999999999935,-68.96399999999994,Antofagasta,,Mantos de la Luna SX-EW plant,350,SX-EW Plant,Active,-22.3851,-70.1782,Compania Mantos de la Luna,"Izquierdo Menendez Group, 100%",,,Copper,124.9
Genoveva,117,Prospect/Project,Prospect/Project,-22.408999999999935,-68.96399999999994,Antofagasta,,Lomas Bayas SX-EW plant,341,SX-EW Plant,Active,-23.4318,-69.5017,Compañía Minera Xstrata Lomas Bayas ,"Glencore plc, 100%",75,tmt,Copper,126.4
Genoveva,117,Prospect/Project,Prospect/Project,-22.408999999999935,-68.96399999999994,Antofagasta,,Michilla SX-EW/sulfide-leaching plant,359,SX-EW Plant,Active,-22.6791,-70.1883,Minera Michilla S.A. ,"Antofagasta plc, 74.2%, and other private Chilean investors, 25.8%",45,tmt,Copper,129.3
Guanaco,118,Mine (active),Active,-25.108888999999976,-69.55694399999999,Antofagasta,,El Peñón concentration plant,309,Concentrator,Active,-24.4116,-69.4969,Minera Meridian Ltda. ,"Yamana Gold Inc., 100%","10,500",kg,Gold,77.8
Guanaco,118,Mine (active),Active,-25.108888999999976,-69.55694399999999,Antofagasta,,El Peñón concentration plant,310,Concentrator,Active,-24.4116,-69.4969,Minera Meridian Ltds. ,"Yamana Gold Inc., 100%","300,000",kg,Silver,77.8
Guanaco,118,Mine (active),Active,-25.108888999999976,-69.55694399999999,Antofagasta,,José Antonio Moreno plant,336,Processing Plant,Active,-25.3963,-70.4742,Empresa Nacional de Minería (ENAMI),"Government, 100%",400,kg,Gold,97.6
Guanaco,118,Mine (active),Active,-25.108888999999976,-69.55694399999999,Antofagasta,,José Antonio Moreno plant,337,Processing Plant,Active,-25.3963,-70.4742,Empresa Nacional de Minería (ENAMI),"Government, 100%","6,000",kg,Silver,97.6
Guanaco,118,Mine (active),Active,-25.108888999999976,-69.55694399999999,Antofagasta,,Escondida concentrator,318,Concentrator,Active,-24.2628,-69.0581,Minera Escondida Ltda.,"Minera Escondida Ltda., 100%","4,500",kg,Gold,106.7
Guanaco,118,Mine (active),Active,-25.108888999999976,-69.55694399999999,Antofagasta,,Escondida concentrator,319,Concentrator,Active,-24.2628,-69.0581,Minera Escondida Ltda.,"Minera Escondida Ltda., 100%","180,000",kg,Silver,106.7
Inca de Oro,120,Mine (active),Active,-26.837999999999965,-69.95399999999995,Atacama,,Mantoverde SX-EW plant,351,SX-EW Plant,Active,-26.5615,-70.3253,Empresa Minera de Mantos Blancos S.A. ,"Anglo American plc, 99.9%, and other private, 0.1%",65,tmt,Copper,48.0
Inca de Oro,120,Mine (active),Active,-26.837999999999965,-69.95399999999995,Atacama,,Osvaldo Martínez,370,Processing Plant,Active,-26.4196,-70.3172,Empresa Nacional de Minería (ENAMI),"Government, 100%",180,tmt,Copper,58.9
Inca de Oro,120,Mine (active),Active,-26.837999999999965,-69.95399999999995,Atacama,,Manuel Antonio Matta,352,Processing Plant,Active,-27.4131,-70.2517,Empresa Nacional de Minería (ENAMI),"Government, 100%",180,tmt,Copper,70.4
Inca de Oro,120,Mine (active),Active,-26.837999999999965,-69.95399999999995,Atacama,,Potrerillos SX-EW refinery and smelter,435,Smelter,Active,-26.283,-69.5965,Corporación Nacional del Cobre (CODELCO),"Government, 100%",70,tmt,Copper,71.2
Inca de Oro,120,Mine (active),Active,-26.837999999999965,-69.95399999999995,Atacama,,Hernán Videla Lira smelter (anodes and blister),331,Smelter,Active,-27.4198,-70.2577,Empresa Nacional de Minería (ENAMI),"Government, 100%",340,tmt,Copper,71.3
Inca de Oro,120,Mine (active),Active,-26.837999999999965,-69.95399999999995,Atacama,,Biocobre refinery,274,Refinery,Active,-27.5734,-70.2484,Sociedad Punta del Cobre S.A (Pucobre),Sociedad Punta del Cobre S.A (Pucobre) (100%),,,Copper,86.8
Inca de Oro,120,Mine (active),Active,-26.837999999999965,-69.95399999999995,Atacama,,Franke SX-EW Plant,324,SX-EW Plant,Active,-25.8334,-69.8639,Sociedad Contractual Minera Franke ,"KGHM International Ltd., 100%",,,Copper,112.1
Inesperada,121,Prospect/Project,Prospect/Project,-25.146999999999935,-69.60299999999995,Antofagasta,,El Peñón concentration plant,309,Concentrator,Active,-24.4116,-69.4969,Minera Meridian Ltda. ,"Yamana Gold Inc., 100%","10,500",kg,Gold,82.5
Inesperada,121,Prospect/Project,Prospect/Project,-25.146999999999935,-69.60299999999995,Antofagasta,,El Peñón concentration plant,310,Concentrator,Active,-24.4116,-69.4969,Minera Meridian Ltds. ,"Yamana Gold Inc., 100%","300,000",kg,Silver,82.5
Inesperada,121,Prospect/Project,Prospect/Project,-25.146999999999935,-69.60299999999995,Antofagasta,,José Antonio Moreno plant,336,Processing Plant,Active,-25.3963,-70.4742,Empresa Nacional de Minería (ENAMI),"Government, 100%",400,kg,Gold,91.9
Inesperada,121,Prospect/Project,Prospect/Project,-25.146999999999935,-69.60299999999995,Antofagasta,,José Antonio Moreno plant,337,Processing Plant,Active,-25.3963,-70.4742,Empresa Nacional de Minería (ENAMI),"Government, 100%","6,000",kg,Silver,91.9
Inesperada,121,Prospect/Project,Prospect/Project,-25.146999999999935,-69.60299999999995,Antofagasta,,Escondida concentrator,318,Concentrator,Active,-24.2628,-69.0581,Minera Escondida Ltda.,"Minera Escondida Ltda., 100%","4,500",kg,Gold,112.7
Inesperada,121,Prospect/Project,Prospect/Project,-25.146999999999935,-69.60299999999995,Antofagasta,,Escondida concentrator,319,Concentrator,Active,-24.2628,-69.0581,Minera Escondida Ltda.,"Minera Escondida Ltda., 100%","180,000",kg,Silver,112.7
Iván Zar,122,Mine (idle),Idle,-23.347999999999956,-70.27199999999993,Antofagasta,,Mantos Blancos SX-EW plant,349,SX-EW Plant,Active,-23.4397,-70.0734,Empresa Minera de Mantos Blancos S.A. ,"Anglo American plc, 99.9%, and other private, 0.1%",100,tmt,Copper,22.7
Iván Zar,122,Mine (idle),Idle,-23.347999999999956,-70.27199999999993,Antofagasta,,Altonorte smelter,269,Smelter,Active,-23.8247,-70.3178,Glencore Copper Chile S.A. ,Glencore Copper Chile S.A. ,300,tmt,Copper,53.2
Iván Zar,122,Mine (idle),Idle,-23.347999999999956,-70.27199999999993,Antofagasta,,Michilla SX-EW/sulfide-leaching plant,359,SX-EW Plant,Active,-22.6791,-70.1883,Minera Michilla S.A. ,"Antofagasta plc, 74.2%, and other private Chilean investors, 25.8%",45,tmt,Copper,74.9
Iván Zar,122,Mine (idle),Idle,-23.347999999999956,-70.27199999999993,Antofagasta,,Lomas Bayas SX-EW plant,341,SX-EW Plant,Active,-23.4318,-69.5017,Compañía Minera Xstrata Lomas Bayas ,"Glencore plc, 100%",75,tmt,Copper,79.2
Iván Zar,122,Mine (idle),Idle,-23.347999999999956,-70.27199999999993,Antofagasta,,Antucoya SX-EW plant,271,SX-EW Plant,Active,-22.6298,-69.8832,Antofagasta plc,"Antofagasta plc, 70%, Marubeni Corp., 30%",,,Copper,89.2
Iván Zar,122,Mine (idle),Idle,-23.347999999999956,-70.27199999999993,Antofagasta,,Mantos de la Luna SX-EW plant,350,SX-EW Plant,Active,-22.3851,-70.1782,Compania Mantos de la Luna,"Izquierdo Menendez Group, 100%",,,Copper,107.5
Iván Zar,122,Mine (idle),Idle,-23.347999999999956,-70.27199999999993,Antofagasta,,Spence SX-EW plant,444,SX-EW Plant,Active,-22.8015,-69.2818,Minera Spence S.A. ,"BHP Billiton plc, 100%",200,tmt,Copper,118.1
Iván Zar,122,Mine (idle),Idle,-23.347999999999956,-70.27199999999993,Antofagasta,,El Tesoro SX-EW plant,316,SX-EW Plant,Active,-22.9277,-69.0976,Minera El Tesoro S.A. ,"Antofagasta plc, 70%, and Marubeni Corp., 30%",110,tmt,Copper,128.9
Iván Zar,122,Mine (idle),Idle,-23.347999999999956,-70.27199999999993,Antofagasta,,Centinela oxide and sulfide plant,279,Processing Plant,Active,-22.9275,-69.0965,Antofagasta plc,"Antofagasta plc, 70%, and Marubeni Corp., 30%",300,tmt,Copper,129.0
La Coipa,123,Mine (active),Active,-26.83499999999998,-69.25249999999994,Atacama,Compañía Minera Mantos de Oro ,Osvaldo Martínez plant,371,Processing Plant,Active,-26.4196,-70.3172,Empresa Nacional de Minería (ENAMI),"Government, 100%",400,kg,Gold,115.5
La Coipa,123,Mine (active),Active,-26.83499999999998,-69.25249999999994,Atacama,Compañía Minera Mantos de Oro ,Osvaldo Martínez plant,372,Processing Plant,Active,-26.4196,-70.3172,Empresa Nacional de Minería (ENAMI),"Government, 100%","6,000",kg,Silver,115.5
La Coipa,123,Mine (active),Active,-26.83499999999998,-69.25249999999994,Atacama,Compañía Minera Mantos de Oro ,Manuel Antonio Matta plant,353,Processing Plant,Active,-27.4131,-70.2517,Empresa Nacional de Minería (ENAMI),"Government, 100%",400,kg,Gold,117.9
La Coipa,123,Mine (active),Active,-26.83499999999998,-69.25249999999994,Atacama,Compañía Minera Mantos de Oro ,Manuel Antonio Matta plant,354,Processing Plant,Active,-27.4131,-70.2517,Empresa Nacional de Minería (ENAMI),"Government, 100%","6,000",kg,Silver,117.9
La Esperanza,124,Prospect/Project,Prospect/Project,-43.83972199999994,-71.82444399999997,Los Lagos,,Doña Rosa concentration plant,301,Concentrator,Active,-45.0341,-71.9341,Sociedad Contractual Minera El Toqui Ltda. ,"Nyrstar NV, 100%","1,600",kg,Gold,133.1
La Fortuna,125,Prospect/Project,Prospect/Project,-28.633999999999958,-69.88399999999996,Atacama,,Vallenar plant,453,Processing Plant,Active,-28.5652,-70.7387,Empresa Nacional de Minería (ENAMI),"Government, 100%",180,tmt,Copper,83.8
La Fortuna,125,Prospect/Project,Prospect/Project,-28.633999999999958,-69.88399999999996,Atacama,,Vallenar plant,454,Processing Plant,Active,-28.5652,-70.7387,Empresa Nacional de Minería (ENAMI),"Government, 100%",400,kg,Gold,83.8
La Fortuna,125,Prospect/Project,Prospect/Project,-28.633999999999958,-69.88399999999996,Atacama,,Vallenar plant,455,Processing Plant,Active,-28.5652,-70.7387,Empresa Nacional de Minería (ENAMI),"Government, 100%","6,000",kg,Silver,83.8
La Fortuna,125,Prospect/Project,Prospect/Project,-28.633999999999958,-69.88399999999996,Atacama,,Dos Amigos SX-EW plant,305,SX-EW Plant,Active,-28.9869,-70.8859,CEMIN,CEMIN,,,Copper,105.2
La Fortuna,125,Prospect/Project,Prospect/Project,-28.633999999999958,-69.88399999999996,Atacama,,Biocobre refinery,274,Refinery,Active,-27.5734,-70.2484,Sociedad Punta del Cobre S.A (Pucobre),Sociedad Punta del Cobre S.A (Pucobre) (100%),,,Copper,123.2
La Fortuna,125,Prospect/Project,Prospect/Project,-28.633999999999958,-69.88399999999996,Atacama,,Hernán Videla Lira smelter (anodes and blister),331,Smelter,Active,-27.4198,-70.2577,Empresa Nacional de Minería (ENAMI),"Government, 100%",340,tmt,Copper,139.9
La Fortuna,125,Prospect/Project,Prospect/Project,-28.633999999999958,-69.88399999999996,Atacama,,Manuel Antonio Matta,352,Processing Plant,Active,-27.4131,-70.2517,Empresa Nacional de Minería (ENAMI),"Government, 100%",180,tmt,Copper,140.5
La Fortuna,125,Prospect/Project,Prospect/Project,-28.633999999999958,-69.88399999999996,Atacama,,Manuel Antonio Matta plant,353,Processing Plant,Active,-27.4131,-70.2517,Empresa Nacional de Minería (ENAMI),"Government, 100%",400,kg,Gold,140.5
La Fortuna,125,Prospect/Project,Prospect/Project,-28.633999999999958,-69.88399999999996,Atacama,,Manuel Antonio Matta plant,354,Processing Plant,Active,-27.4131,-70.2517,Empresa Nacional de Minería (ENAMI),"Government, 100%","6,000",kg,Silver,140.5
La Golondrina,126,Mine (idle),Idle,-33.83099999999996,-70.19199999999995,Metropolitana de Santiago,,"Caletones smelter (anodes). refinery (fire-refined ingots), and SX-EW plant",278,Smelter,Active,-34.1046,-70.4505,Corporación Nacional del Cobre (CODELCO),"Government, 100%",430,tmt,Copper,38.7
La Golondrina,126,Mine (idle),Idle,-33.83099999999996,-70.19199999999995,Metropolitana de Santiago,,Facilities near Rancagua,323,Processing Plant,Active,-34.2383,-70.685,Minera Valle Central S.A. ,"Amerigo Resources Ltd., 100%",30,tmt,Copper,64.1
La Golondrina,126,Mine (idle),Idle,-33.83099999999996,-70.19199999999995,Metropolitana de Santiago,,Los Bronces (Tortolas) SX-EW plant (cathodes),342,SX-EW Plant,Active,-33.1409,-70.7086,Anglo American Sur S.A. ,"Anglo American plc, 50.1%, Mitsubishi Corp., 20.4%, Corporación Nacional del Cobre, 20%, and Mitsui & Co., Ltd., 9.5% ",490,tmt,Copper,90.5
La Golondrina,126,Mine (idle),Idle,-33.83099999999996,-70.19199999999995,Metropolitana de Santiago,,Chagres smelter (anodes and blister),284,Smelter,Active,-32.8047,-70.9554,Empresa Nacional de Minería (ENAMI),"Government, 100%",175,tmt,Copper,134.4
La Higuera,127,Prospect/Project,Prospect/Project,-29.522999999999968,-71.20799999999997,Coquimbo,,Plant near Coquimbo (Region IV),415,Processing Plant,Active,-29.8353,-71.1035,Compañía Minera San Gerónimo,Compañía Minera San Gerónimo,"10,000",mt,Copper,36.2
La Higuera,127,Prospect/Project,Prospect/Project,-29.522999999999968,-71.20799999999997,Coquimbo,,Dos Amigos SX-EW plant,305,SX-EW Plant,Active,-28.9869,-70.8859,CEMIN,CEMIN,,,Copper,67.3
La Higuera,127,Prospect/Project,Prospect/Project,-29.522999999999968,-71.20799999999997,Coquimbo,,SX-EW plant,447,SX-EW Plant,Active,-30.261,-71.0917,Compañía Minera Carmen de Andacollo ,"Teck Cominco Ltd., 90%, and Empresa Nacional de Minería (ENAMI) (Government, 100%), 10%",22,tmt,Copper,82.8
La Higuera,127,Prospect/Project,Prospect/Project,-29.522999999999968,-71.20799999999997,Coquimbo,,Vallenar plant,453,Processing Plant,Active,-28.5652,-70.7387,Empresa Nacional de Minería (ENAMI),"Government, 100%",180,tmt,Copper,115.9
La Huifa,128,Prospect/Project,Prospect/Project,-34.06299999999993,-70.33299999999997,Libertador General Bernardo O'Higgins,,El Teniente plant,315,Processing Plant,Active,-34.0886,-70.4555,Corporación Nacional del Cobre (CODELCO),"Government, 100%","6,500",mt,Molybdenum,11.6
La Huifa,128,Prospect/Project,Prospect/Project,-34.06299999999993,-70.33299999999997,Libertador General Bernardo O'Higgins,,"Caletones smelter (anodes). refinery (fire-refined ingots), and SX-EW plant",278,Smelter,Active,-34.1046,-70.4505,Corporación Nacional del Cobre (CODELCO),"Government, 100%",430,tmt,Copper,11.8
La Huifa,128,Prospect/Project,Prospect/Project,-34.06299999999993,-70.33299999999997,Libertador General Bernardo O'Higgins,,Facilities near Rancagua,323,Processing Plant,Active,-34.2383,-70.685,Minera Valle Central S.A. ,"Amerigo Resources Ltd., 100%",30,tmt,Copper,37.8
La Huifa,128,Prospect/Project,Prospect/Project,-34.06299999999993,-70.33299999999997,Libertador General Bernardo O'Higgins,,Los Bronces (Tortolas) SX-EW plant (cathodes),342,SX-EW Plant,Active,-33.1409,-70.7086,Anglo American Sur S.A. ,"Anglo American plc, 50.1%, Mitsubishi Corp., 20.4%, Corporación Nacional del Cobre, 20%, and Mitsui & Co., Ltd., 9.5% ",490,tmt,Copper,108.3
La Huifa,128,Prospect/Project,Prospect/Project,-34.06299999999993,-70.33299999999997,Libertador General Bernardo O'Higgins,,Tortolas molybdenum flotation plant,450,Concentrator,Active,-33.1409,-70.7086,Anglo American Sur S.A. ,"Anglo American plc, 50.1%, Mitsubishi Corp., 20.4%, Corporación Nacional del Cobre, 20%, and Mitsui & Co., Ltd., 9.5% ","3,000",mt,Molybdenum,108.3
La Pepa,131,Prospect/Project,Prospect/Project,-27.285999999999945,-69.23899999999998,Atacama,,Manuel Antonio Matta plant,353,Processing Plant,Active,-27.4131,-70.2517,Empresa Nacional de Minería (ENAMI),"Government, 100%",400,kg,Gold,101.0
La Pepa,131,Prospect/Project,Prospect/Project,-27.285999999999945,-69.23899999999998,Atacama,,Osvaldo Martínez plant,371,Processing Plant,Active,-26.4196,-70.3172,Empresa Nacional de Minería (ENAMI),"Government, 100%",400,kg,Gold,144.0
La Planada,132,Prospect/Project,Prospect/Project,-20.17199999999997,-69.06399999999996,Tarapacá,,Cerro Colorado SX-EW plant,282,SX-EW Plant,Active,-20.0624,-69.2663,Compañía Minera Cerro Colorado ,"BHP Billiton plc, 100%",120,tmt,Copper,24.4
La Planada,132,Prospect/Project,Prospect/Project,-20.17199999999997,-69.06399999999996,Tarapacá,,La Cascada SX-EW plant,339,SX-EW Plant,Active,-20.1873,-69.3329,Haldeman Mining Company S.A. ,"Haldeman Mining Company S.A., 100%",,,Copper,28.1
La Planada,132,Prospect/Project,Prospect/Project,-20.17199999999997,-69.06399999999996,Tarapacá,,Quebrada Blanca SX-EW plant,440,SX-EW Plant,Active,-21.0027,-68.7964,Compañía Minera Quebrada Blanca ,"Teck Cominco Ltd., 76.5%; Inversiones Mineras S.A., 13.5%; Empresa Nacional de Minería (ENAMI) (Government, 100%), 10%",100,tmt,Copper,96.5
La Planada,132,Prospect/Project,Prospect/Project,-20.17199999999997,-69.06399999999996,Tarapacá,,Collahuasi SX-EW plant,295,SX-EW Plant,Active,-20.9779,-68.6315,Compañía Minera Doña Inés de Collahuasi SCM ,"Anglo American plc, 44%; Glencore plc, 44%; companies led by Mitsui & Co. Ltd., 12%",400,tmt,Copper,100.3
La Planada,132,Prospect/Project,Prospect/Project,-20.17199999999997,-69.06399999999996,Tarapacá,,Molybdenum plant,366,Processing Plant,Active,-20.9761,-68.6272,Compañía Minera Doña Inés de Collahuasi SCM ,"Anglo American plc, 44%; Glencore plc, 44%; companies led by Mitsui & Co. Ltd., 12%","6,000",mt,Molybdenum,100.3
La Suerte,134,Mine (idle),Idle,-26.339999999999975,-70.40999999999997,Atacama,,Magnetite plant to process tailings from the Candelaria Mine and other iron-bearing raw materials from third parties,348,Processing Plant,Active,-27.5218,-70.3192,Compañía Minera del Pacífico S.A. (CMP),"CAP S.A., 75%, and MC Inversiones Ltda., 25%","2,000",tmt,Iron,131.7
Lagunas,135,Mine (idle),Idle,-20.95999999999998,-69.66999999999996,Tarapacá,ACF Minera S.A.,Nueva Victoria plant,369,Processing Plant,Active,-20.9592,-69.6633,SQM Químicos S.A. ,"Sociedad Química y Minera de Chile S.A. (SQM), 100%","13,300",mt,Iodine,0.7
Lagunas,135,Mine (idle),Idle,-20.95999999999998,-69.66999999999996,Tarapacá,ACF Minera S.A.,Iris Plant,334,Processing Plant,Active,-20.9622,-69.6625,SQM Químicos S.A. ,"Sociedad Química y Minera de Chile S.A. (SQM), 100%","13,300",mt,Iodine,0.8
Lagunas,135,Mine (idle),Idle,-20.95999999999998,-69.66999999999996,Tarapacá,ACF Minera S.A.,Plant near Iquique,419,Processing Plant,Active,-20.223,-69.7966,Cosayach Nitratos S.A. ,"Inverraz S.A., 100%","3,000",mt,Iodine,83.0
Lagunas,135,Mine (idle),Idle,-20.95999999999998,-69.66999999999996,Tarapacá,ACF Minera S.A.,Plant near Iquique,420,Processing Plant,Active,-20.223,-69.7966,Cosayach Nitratos S.A. ,"Inverraz S.A., 100%",200,tmt,Nitrate,83.0
Lana Corina,136,Prospect/Project,Prospect/Project,-31.124999999999943,-71.11599999999999,Coquimbo,,Tres Valles SX-EW plant,451,SX-EW Plant,Active,-31.7364,-71.0165,Vecchiola SA,Vecchiola SA,,,Copper,68.6
Lana Corina,136,Prospect/Project,Prospect/Project,-31.124999999999943,-71.11599999999999,Coquimbo,,Los Pelambres plant,346,Processing Plant,Active,-31.8134,-70.5823,Antofagasta plc,"Antofagasta plc, 60%; JX Nippon Mining Metals Corp, 15%; Mitsubishi Materials Corp., 10%; Marubeni Corp., 8.75%; Mitsubishi Corp., 5%; Mitsui & Co. Ltd., 1.25%","12,500",mt,Molybdenum,91.8
Lana Corina,136,Prospect/Project,Prospect/Project,-31.124999999999943,-71.11599999999999,Coquimbo,,SX-EW plant,447,SX-EW Plant,Active,-30.261,-71.0917,Compañía Minera Carmen de Andacollo ,"Teck Cominco Ltd., 90%, and Empresa Nacional de Minería (ENAMI) (Government, 100%), 10%",22,tmt,Copper,96.1
Lana Corina,136,Prospect/Project,Prospect/Project,-31.124999999999943,-71.11599999999999,Coquimbo,,Plant near Coquimbo (Region IV),415,Processing Plant,Active,-29.8353,-71.1035,Compañía Minera San Gerónimo,Compañía Minera San Gerónimo,"10,000",mt,Copper,143.4
Las Luces,138,Mine (active),Active,-25.69799999999998,-70.49599999999998,Antofagasta,Groupo Cenizas,José Antonio Moreno,335,Processing Plant,Active,-25.3963,-70.4742,Empresa Nacional de Minería (ENAMI),"Government, 100%",180,tmt,Copper,33.6
Las Luces,138,Mine (active),Active,-25.69799999999998,-70.49599999999998,Antofagasta,Groupo Cenizas,Franke SX-EW Plant,324,SX-EW Plant,Active,-25.8334,-69.8639,Sociedad Contractual Minera Franke ,"KGHM International Ltd., 100%",,,Copper,65.1
Las Luces,138,Mine (active),Active,-25.69799999999998,-70.49599999999998,Antofagasta,Groupo Cenizas,Osvaldo Martínez,370,Processing Plant,Active,-26.4196,-70.3172,Empresa Nacional de Minería (ENAMI),"Government, 100%",180,tmt,Copper,82.2
Las Luces,138,Mine (active),Active,-25.69799999999998,-70.49599999999998,Antofagasta,Groupo Cenizas,Mantoverde SX-EW plant,351,SX-EW Plant,Active,-26.5615,-70.3253,Empresa Minera de Mantos Blancos S.A. ,"Anglo American plc, 99.9%, and other private, 0.1%",65,tmt,Copper,97.5
Las Luces,138,Mine (active),Active,-25.69799999999998,-70.49599999999998,Antofagasta,Groupo Cenizas,Potrerillos SX-EW refinery and smelter,435,Smelter,Active,-26.283,-69.5965,Corporación Nacional del Cobre (CODELCO),"Government, 100%",70,tmt,Copper,111.0
Las Palmas,139,Mine (idle),Idle,-35.17249999999996,-71.76666699999998,Maule,,Minera Florida concentration plant,362,Concentrator,Active,-34.0348,-71.0265,Minera Florida S.A. ,"Yamana Gold Inc., 100%","3,100",kg,Gold,143.5
Lavadero El Toro,145,Mine (idle),Idle,-33.289999999999964,-71.48599999999993,Valparaíso,,Ventanas refinery and smelter,456,Smelter,Active,-32.7618,-71.4812,Corporación Nacional del Cobre (CODELCO),"Government, 100%","12,000",kg,Gold,58.7
Lavadero El Toro,145,Mine (idle),Idle,-33.289999999999964,-71.48599999999993,Valparaíso,,Minera Florida concentration plant,362,Concentrator,Active,-34.0348,-71.0265,Minera Florida S.A. ,"Yamana Gold Inc., 100%","3,100",kg,Gold,93.1
Lila,152,Prospect/Project,Prospect/Project,-23.82699999999994,-68.95099999999996,Antofagasta,,Zaldívar SX-EW plant,460,SX-EW Plant,Active,-24.201,-69.0689,Compañía Minera Zaldívar ,"Barrick Gold Corp., 100%",150,tmt,Copper,43.3
Lila,152,Prospect/Project,Prospect/Project,-23.82699999999994,-68.95099999999996,Antofagasta,,Escondida sulfide-leach plant for cathode production,321,Processing Plant,Active,-24.2601,-68.9925,Minera Escondida Ltda. ,"BHP Billiton plc, 57.5%; Rio Tinto plc, 30%; Japan Escondida Corp., 10%; International Finance Corp., 2.5%","1,300",tmt,Copper,48.3
Lila,152,Prospect/Project,Prospect/Project,-23.82699999999994,-68.95099999999996,Antofagasta,,Gabriela Mistral SX-EW plant,325,SX-EW Plant,Active,-23.4173,-68.7838,Minera Gaby S.A. ,"Corporación Nacional del Cobre (CODELCO) (Government, 100%), 100%",170,tmt,Copper,48.6
Lila,152,Prospect/Project,Prospect/Project,-23.82699999999994,-68.95099999999996,Antofagasta,,Escondida concentrator,317,Concentrator,Active,-24.2628,-69.0581,Minera Escondida Ltda.,"Minera Escondida Ltda., 100%","1,300",tmt,Copper,49.7
Lila,152,Prospect/Project,Prospect/Project,-23.82699999999994,-68.95099999999996,Antofagasta,,Escondida oxide plant for cathode production (SX-EW),320,SX-EW Plant,Active,-24.2536,-69.1008,Minera Escondida Ltda. ,"BHP Billiton plc, 57.5%; Rio Tinto plc, 30%; Japan Escondida Corp., 10%; International Finance Corp., 2.5%","1,300",tmt,Copper,49.8
Lila,152,Prospect/Project,Prospect/Project,-23.82699999999994,-68.95099999999996,Antofagasta,,Lomas Bayas SX-EW plant,341,SX-EW Plant,Active,-23.4318,-69.5017,Compañía Minera Xstrata Lomas Bayas ,"Glencore plc, 100%",75,tmt,Copper,71.3
Lila,152,Prospect/Project,Prospect/Project,-23.82699999999994,-68.95099999999996,Antofagasta,,Centinela oxide and sulfide plant,279,Processing Plant,Active,-22.9275,-69.0965,Antofagasta plc,"Antofagasta plc, 70%, and Marubeni Corp., 30%",300,tmt,Copper,101.1
Lila,152,Prospect/Project,Prospect/Project,-23.82699999999994,-68.95099999999996,Antofagasta,,El Tesoro SX-EW plant,316,SX-EW Plant,Active,-22.9277,-69.0976,Minera El Tesoro S.A. ,"Antofagasta plc, 70%, and Marubeni Corp., 30%",110,tmt,Copper,101.1
Lila,152,Prospect/Project,Prospect/Project,-23.82699999999994,-68.95099999999996,Antofagasta,,Spence SX-EW plant,444,SX-EW Plant,Active,-22.8015,-69.2818,Minera Spence S.A. ,"BHP Billiton plc, 100%",200,tmt,Copper,118.9
Lila,152,Prospect/Project,Prospect/Project,-23.82699999999994,-68.95099999999996,Antofagasta,,Mantos Blancos SX-EW plant,349,SX-EW Plant,Active,-23.4397,-70.0734,Empresa Minera de Mantos Blancos S.A. ,"Anglo American plc, 99.9%, and other private, 0.1%",100,tmt,Copper,122.2
Lila,152,Prospect/Project,Prospect/Project,-23.82699999999994,-68.95099999999996,Antofagasta,,Altonorte smelter,269,Smelter,Active,-23.8247,-70.3178,Glencore Copper Chile S.A. ,Glencore Copper Chile S.A. ,300,tmt,Copper,139.0
Llahuín,153,Prospect/Project,Prospect/Project,-31.333999999999946,-71.02099999999996,Coquimbo,,Tres Valles SX-EW plant,451,SX-EW Plant,Active,-31.7364,-71.0165,Vecchiola SA,Vecchiola SA,,,Copper,44.7
Llahuín,153,Prospect/Project,Prospect/Project,-31.333999999999946,-71.02099999999996,Coquimbo,,Los Pelambres plant,345,Processing Plant,Active,-31.8134,-70.5823,Antofagasta plc,"Antofagasta plc, 60%; JX Nippon Mining Metals Corp, 15%; Mitsubishi Materials Corp., 10%; Marubeni Corp., 8.75%; Mitsubishi Corp., 5%; Mitsui & Co. Ltd., 1.25%","1,700",kg,Gold,67.6
Llahuín,153,Prospect/Project,Prospect/Project,-31.333999999999946,-71.02099999999996,Coquimbo,,Los Pelambres plant,346,Processing Plant,Active,-31.8134,-70.5823,Antofagasta plc,"Antofagasta plc, 60%; JX Nippon Mining Metals Corp, 15%; Mitsubishi Materials Corp., 10%; Marubeni Corp., 8.75%; Mitsubishi Corp., 5%; Mitsui & Co. Ltd., 1.25%","12,500",mt,Molybdenum,67.6
Llahuín,153,Prospect/Project,Prospect/Project,-31.333999999999946,-71.02099999999996,Coquimbo,,SX-EW plant,447,SX-EW Plant,Active,-30.261,-71.0917,Compañía Minera Carmen de Andacollo ,"Teck Cominco Ltd., 90%, and Empresa Nacional de Minería (ENAMI) (Government, 100%), 10%",22,tmt,Copper,119.5
Llahuín,153,Prospect/Project,Prospect/Project,-31.333999999999946,-71.02099999999996,Coquimbo,,Plant at Cabildo,374,Processing Plant,Active,-32.5838,-70.8762,Compañía Minera Cerro Negro,Compañía Minera Cerro Negro,200,mt,Copper,139.6
Llahuín,153,Prospect/Project,Prospect/Project,-31.333999999999946,-71.02099999999996,Coquimbo,,El Soldado SX-EW plant,314,SX-EW Plant,Active,-32.6593,-71.1448,Anglo American Sur S.A. ,"Anglo American plc, 50.1%, Mitsubishi Corp., 20.4%, Corporación Nacional del Cobre, 20%, and Mitsui & Co., Ltd., 9.5% ",50,tmt,Copper,147.8
Lo Aguirre,154,Mine (idle),Idle,-33.43999999999994,-70.91999999999996,Metropolitana de Santiago,,Los Bronces (Tortolas) SX-EW plant (cathodes),342,SX-EW Plant,Active,-33.1409,-70.7086,Anglo American Sur S.A. ,"Anglo American plc, 50.1%, Mitsubishi Corp., 20.4%, Corporación Nacional del Cobre, 20%, and Mitsui & Co., Ltd., 9.5% ",490,tmt,Copper,38.6
Lo Aguirre,154,Mine (idle),Idle,-33.43999999999994,-70.91999999999996,Metropolitana de Santiago,,Chagres smelter (anodes and blister),284,Smelter,Active,-32.8047,-70.9554,Empresa Nacional de Minería (ENAMI),"Government, 100%",175,tmt,Copper,70.7
Lo Aguirre,154,Mine (idle),Idle,-33.43999999999994,-70.91999999999996,Metropolitana de Santiago,,"Caletones smelter (anodes). refinery (fire-refined ingots), and SX-EW plant",278,Smelter,Active,-34.1046,-70.4505,Corporación Nacional del Cobre (CODELCO),"Government, 100%",430,tmt,Copper,85.7
Lo Aguirre,154,Mine (idle),Idle,-33.43999999999994,-70.91999999999996,Metropolitana de Santiago,,El Soldado SX-EW plant,314,SX-EW Plant,Active,-32.6593,-71.1448,Anglo American Sur S.A. ,"Anglo American plc, 50.1%, Mitsubishi Corp., 20.4%, Corporación Nacional del Cobre, 20%, and Mitsui & Co., Ltd., 9.5% ",50,tmt,Copper,89.3
Lo Aguirre,154,Mine (idle),Idle,-33.43999999999994,-70.91999999999996,Metropolitana de Santiago,,Facilities near Rancagua,323,Processing Plant,Active,-34.2383,-70.685,Minera Valle Central S.A. ,"Amerigo Resources Ltd., 100%",30,tmt,Copper,91.4
Lo Aguirre,154,Mine (idle),Idle,-33.43999999999994,-70.91999999999996,Metropolitana de Santiago,,Las Ventanas refinery and smelter,340,Smelter,Active,-32.7618,-71.4812,Corporación Nacional del Cobre (CODELCO),"Government, 100%",402,tmt,Copper,91.8
Lo Aguirre,154,Mine (idle),Idle,-33.43999999999994,-70.91999999999996,Metropolitana de Santiago,,Plant at Cabildo,374,Processing Plant,Active,-32.5838,-70.8762,Compañía Minera Cerro Negro,Compañía Minera Cerro Negro,200,mt,Copper,95.3
Lobo-Marte,155,Prospect/Project,Prospect/Project,-27.16666699999996,-69.03333299999997,Atacama,,Manuel Antonio Matta plant,353,Processing Plant,Active,-27.4131,-70.2517,Empresa Nacional de Minería (ENAMI),"Government, 100%",400,kg,Gold,123.5
Lobo-Marte,155,Prospect/Project,Prospect/Project,-27.16666699999996,-69.03333299999997,Atacama,,Manuel Antonio Matta plant,354,Processing Plant,Active,-27.4131,-70.2517,Empresa Nacional de Minería (ENAMI),"Government, 100%","6,000",kg,Silver,123.5
Loica,156,Prospect/Project,Prospect/Project,-31.063999999999965,-70.66099999999994,Coquimbo,,Tres Valles SX-EW plant,451,SX-EW Plant,Active,-31.7364,-71.0165,Vecchiola SA,Vecchiola SA,,,Copper,82.0
Loica,156,Prospect/Project,Prospect/Project,-31.063999999999965,-70.66099999999994,Coquimbo,,Los Pelambres plant,345,Processing Plant,Active,-31.8134,-70.5823,Antofagasta plc,"Antofagasta plc, 60%; JX Nippon Mining Metals Corp, 15%; Mitsubishi Materials Corp., 10%; Marubeni Corp., 8.75%; Mitsubishi Corp., 5%; Mitsui & Co. Ltd., 1.25%","1,700",kg,Gold,83.7
Loica,156,Prospect/Project,Prospect/Project,-31.063999999999965,-70.66099999999994,Coquimbo,,SX-EW plant,447,SX-EW Plant,Active,-30.261,-71.0917,Compañía Minera Carmen de Andacollo ,"Teck Cominco Ltd., 90%, and Empresa Nacional de Minería (ENAMI) (Government, 100%), 10%",22,tmt,Copper,98.3
Loica,156,Prospect/Project,Prospect/Project,-31.063999999999965,-70.66099999999994,Coquimbo,,Plant near Coquimbo (Region IV),415,Processing Plant,Active,-29.8353,-71.1035,Compañía Minera San Gerónimo,Compañía Minera San Gerónimo,"10,000",mt,Copper,143.1
Lomas Bayas,157,Mine (active),Active,-23.430999999999983,-69.50699999999995,Antofagasta,Compañía Minera Xstrata Lomas Bayas ,Lomas Bayas SX-EW plant,341,SX-EW Plant,Active,-23.4318,-69.5017,Compañía Minera Xstrata Lomas Bayas ,"Glencore plc, 100%",75,tmt,Copper,0.5
Lomas Bayas,157,Mine (active),Active,-23.430999999999983,-69.50699999999995,Antofagasta,Compañía Minera Xstrata Lomas Bayas ,Mantos Blancos SX-EW plant,349,SX-EW Plant,Active,-23.4397,-70.0734,Empresa Minera de Mantos Blancos S.A. ,"Anglo American plc, 99.9%, and other private, 0.1%",100,tmt,Copper,57.8
Lomas Bayas,157,Mine (active),Active,-23.430999999999983,-69.50699999999995,Antofagasta,Compañía Minera Xstrata Lomas Bayas ,El Tesoro SX-EW plant,316,SX-EW Plant,Active,-22.9277,-69.0976,Minera El Tesoro S.A. ,"Antofagasta plc, 70%, and Marubeni Corp., 30%",110,tmt,Copper,69.9
Lomas Bayas,157,Mine (active),Active,-23.430999999999983,-69.50699999999995,Antofagasta,Compañía Minera Xstrata Lomas Bayas ,Centinela oxide and sulfide plant,279,Processing Plant,Active,-22.9275,-69.0965,Antofagasta plc,"Antofagasta plc, 70%, and Marubeni Corp., 30%",300,tmt,Copper,70.0
Lomas Bayas,157,Mine (active),Active,-23.430999999999983,-69.50699999999995,Antofagasta,Compañía Minera Xstrata Lomas Bayas ,Spence SX-EW plant,444,SX-EW Plant,Active,-22.8015,-69.2818,Minera Spence S.A. ,"BHP Billiton plc, 100%",200,tmt,Copper,73.7
Lomas Bayas,157,Mine (active),Active,-23.430999999999983,-69.50699999999995,Antofagasta,Compañía Minera Xstrata Lomas Bayas ,Gabriela Mistral SX-EW plant,325,SX-EW Plant,Active,-23.4173,-68.7838,Minera Gaby S.A. ,"Corporación Nacional del Cobre (CODELCO) (Government, 100%), 100%",170,tmt,Copper,73.8
Lomas Bayas,157,Mine (active),Active,-23.430999999999983,-69.50699999999995,Antofagasta,Compañía Minera Xstrata Lomas Bayas ,Altonorte smelter,269,Smelter,Active,-23.8247,-70.3178,Glencore Copper Chile S.A. ,Glencore Copper Chile S.A. ,300,tmt,Copper,93.5
Lomas Bayas,157,Mine (active),Active,-23.430999999999983,-69.50699999999995,Antofagasta,Compañía Minera Xstrata Lomas Bayas ,Zaldívar SX-EW plant,460,SX-EW Plant,Active,-24.201,-69.0689,Compañía Minera Zaldívar ,"Barrick Gold Corp., 100%",150,tmt,Copper,96.5
Lomas Bayas,157,Mine (active),Active,-23.430999999999983,-69.50699999999995,Antofagasta,Compañía Minera Xstrata Lomas Bayas ,Antucoya SX-EW plant,271,SX-EW Plant,Active,-22.6298,-69.8832,Antofagasta plc,"Antofagasta plc, 70%, Marubeni Corp., 30%",,,Copper,97.1
Lomas Bayas,157,Mine (active),Active,-23.430999999999983,-69.50699999999995,Antofagasta,Compañía Minera Xstrata Lomas Bayas ,Escondida oxide plant for cathode production (SX-EW),320,SX-EW Plant,Active,-24.2536,-69.1008,Minera Escondida Ltda. ,"BHP Billiton plc, 57.5%; Rio Tinto plc, 30%; Japan Escondida Corp., 10%; International Finance Corp., 2.5%","1,300",tmt,Copper,100.4
Lomas Bayas,157,Mine (active),Active,-23.430999999999983,-69.50699999999995,Antofagasta,Compañía Minera Xstrata Lomas Bayas ,Escondida concentrator,317,Concentrator,Active,-24.2628,-69.0581,Minera Escondida Ltda.,"Minera Escondida Ltda., 100%","1,300",tmt,Copper,103.1
Lomas Bayas,157,Mine (active),Active,-23.430999999999983,-69.50699999999995,Antofagasta,Compañía Minera Xstrata Lomas Bayas ,Escondida sulfide-leach plant for cathode production,321,Processing Plant,Active,-24.2601,-68.9925,Minera Escondida Ltda. ,"BHP Billiton plc, 57.5%; Rio Tinto plc, 30%; Japan Escondida Corp., 10%; International Finance Corp., 2.5%","1,300",tmt,Copper,106.0
Lomas Bayas,157,Mine (active),Active,-23.430999999999983,-69.50699999999995,Antofagasta,Compañía Minera Xstrata Lomas Bayas ,Michilla SX-EW/sulfide-leaching plant,359,SX-EW Plant,Active,-22.6791,-70.1883,Minera Michilla S.A. ,"Antofagasta plc, 74.2%, and other private Chilean investors, 25.8%",45,tmt,Copper,108.9
Lomas Bayas,157,Mine (active),Active,-23.430999999999983,-69.50699999999995,Antofagasta,Compañía Minera Xstrata Lomas Bayas ,Mantos de la Luna SX-EW plant,350,SX-EW Plant,Active,-22.3851,-70.1782,Compania Mantos de la Luna,"Izquierdo Menendez Group, 100%",,,Copper,135.1
Lomas Bayas,157,Mine (active),Active,-23.430999999999983,-69.50699999999995,Antofagasta,Compañía Minera Xstrata Lomas Bayas ,Chuquicamata SX-EW plant (oxide) and smelter,292,Smelter,Active,-22.3137,-68.8895,Corporación Nacional del Cobre (CODELCO),"Government, 100%",450,tmt,Copper,139.4
Lomas Bayas,157,Mine (active),Active,-23.430999999999983,-69.50699999999995,Antofagasta,Compañía Minera Xstrata Lomas Bayas ,Chuquicamata Mine (plant to acid-leach fine copper),290,Processing Plant,Active,-22.3013,-68.8404,EcoMetales Ltd. ,"Codelco Technologies Ltd., 100%",25,tmt,Copper,143.0
Los Bronces,158,Mine (active),Active,-33.150999999999954,-70.28499999999997,Metropolitana de Santiago,Anglo American Sur S.A. ,Los Bronces (Tortolas) SX-EW plant (cathodes),342,SX-EW Plant,Active,-33.1409,-70.7086,Anglo American Sur S.A. ,"Anglo American plc, 50.1%, Mitsubishi Corp., 20.4%, Corporación Nacional del Cobre, 20%, and Mitsui & Co., Ltd., 9.5% ",490,tmt,Copper,39.5
Los Bronces,158,Mine (active),Active,-33.150999999999954,-70.28499999999997,Metropolitana de Santiago,Anglo American Sur S.A. ,Tortolas molybdenum flotation plant,450,Concentrator,Active,-33.1409,-70.7086,Anglo American Sur S.A. ,"Anglo American plc, 50.1%, Mitsubishi Corp., 20.4%, Corporación Nacional del Cobre, 20%, and Mitsui & Co., Ltd., 9.5% ","3,000",mt,Molybdenum,39.5
Los Bronces,158,Mine (active),Active,-33.150999999999954,-70.28499999999997,Metropolitana de Santiago,Anglo American Sur S.A. ,Nos plant,368,Processing Plant,Active,-33.6065,-70.7441,Molibdenos y Metales S.A. (MOLYMET),"Private, 100%","30,000",kg,Rhenium,66.2
Los Bronces,158,Mine (active),Active,-33.150999999999954,-70.28499999999997,Metropolitana de Santiago,Anglo American Sur S.A. ,Chagres smelter (anodes and blister),284,Smelter,Active,-32.8047,-70.9554,Empresa Nacional de Minería (ENAMI),"Government, 100%",175,tmt,Copper,73.4
Los Bronces,158,Mine (active),Active,-33.150999999999954,-70.28499999999997,Metropolitana de Santiago,Anglo American Sur S.A. ,Plant at Cabildo,374,Processing Plant,Active,-32.5838,-70.8762,Compañía Minera Cerro Negro,Compañía Minera Cerro Negro,200,mt,Copper,83.8
Los Bronces,158,Mine (active),Active,-33.150999999999954,-70.28499999999997,Metropolitana de Santiago,Anglo American Sur S.A. ,El Soldado SX-EW plant,314,SX-EW Plant,Active,-32.6593,-71.1448,Anglo American Sur S.A. ,"Anglo American plc, 50.1%, Mitsubishi Corp., 20.4%, Corporación Nacional del Cobre, 20%, and Mitsui & Co., Ltd., 9.5% ",50,tmt,Copper,97.1
Los Bronces,158,Mine (active),Active,-33.150999999999954,-70.28499999999997,Metropolitana de Santiago,Anglo American Sur S.A. ,El Teniente plant,315,Processing Plant,Active,-34.0886,-70.4555,Corporación Nacional del Cobre (CODELCO),"Government, 100%","6,500",mt,Molybdenum,105.4
Los Bronces,158,Mine (active),Active,-33.150999999999954,-70.28499999999997,Metropolitana de Santiago,Anglo American Sur S.A. ,"Caletones smelter (anodes). refinery (fire-refined ingots), and SX-EW plant",278,Smelter,Active,-34.1046,-70.4505,Corporación Nacional del Cobre (CODELCO),"Government, 100%",430,tmt,Copper,107.1
Los Bronces,158,Mine (active),Active,-33.150999999999954,-70.28499999999997,Metropolitana de Santiago,Anglo American Sur S.A. ,Las Ventanas refinery and smelter,340,Smelter,Active,-32.7618,-71.4812,Corporación Nacional del Cobre (CODELCO),"Government, 100%",402,tmt,Copper,119.7
Los Bronces,158,Mine (active),Active,-33.150999999999954,-70.28499999999997,Metropolitana de Santiago,Anglo American Sur S.A. ,Facilities near Rancagua,323,Processing Plant,Active,-34.2383,-70.685,Minera Valle Central S.A. ,"Amerigo Resources Ltd., 100%",30,tmt,Copper,126.4
Los Bronces Subterráneo,159,Prospect/Project,Prospect/Project,-33.19999999999993,-70.23999999999995,Metropolitana de Santiago,Anglo American Sur S.A. ,Los Bronces (Tortolas) SX-EW plant (cathodes),342,SX-EW Plant,Active,-33.1409,-70.7086,Anglo American Sur S.A. ,"Anglo American plc, 50.1%, Mitsubishi Corp., 20.4%, Corporación Nacional del Cobre, 20%, and Mitsui & Co., Ltd., 9.5% ",490,tmt,Copper,44.1
Los Bronces Subterráneo,159,Prospect/Project,Prospect/Project,-33.19999999999993,-70.23999999999995,Metropolitana de Santiago,Anglo American Sur S.A. ,Tortolas molybdenum flotation plant,450,Concentrator,Active,-33.1409,-70.7086,Anglo American Sur S.A. ,"Anglo American plc, 50.1%, Mitsubishi Corp., 20.4%, Corporación Nacional del Cobre, 20%, and Mitsui & Co., Ltd., 9.5% ","3,000",mt,Molybdenum,44.1
Los Bronces Subterráneo,159,Prospect/Project,Prospect/Project,-33.19999999999993,-70.23999999999995,Metropolitana de Santiago,Anglo American Sur S.A. ,Nos plant,368,Processing Plant,Active,-33.6065,-70.7441,Molibdenos y Metales S.A. (MOLYMET),"Private, 100%","30,000",kg,Rhenium,65.1
Los Bronces Subterráneo,159,Prospect/Project,Prospect/Project,-33.19999999999993,-70.23999999999995,Metropolitana de Santiago,Anglo American Sur S.A. ,Chagres smelter (anodes and blister),284,Smelter,Active,-32.8047,-70.9554,Empresa Nacional de Minería (ENAMI),"Government, 100%",175,tmt,Copper,79.9
Los Bronces Subterráneo,159,Prospect/Project,Prospect/Project,-33.19999999999993,-70.23999999999995,Metropolitana de Santiago,Anglo American Sur S.A. ,Plant at Cabildo,374,Processing Plant,Active,-32.5838,-70.8762,Compañía Minera Cerro Negro,Compañía Minera Cerro Negro,200,mt,Copper,90.7
Los Bronces Subterráneo,159,Prospect/Project,Prospect/Project,-33.19999999999993,-70.23999999999995,Metropolitana de Santiago,Anglo American Sur S.A. ,El Teniente plant,315,Processing Plant,Active,-34.0886,-70.4555,Corporación Nacional del Cobre (CODELCO),"Government, 100%","6,500",mt,Molybdenum,100.8
Los Bronces Subterráneo,159,Prospect/Project,Prospect/Project,-33.19999999999993,-70.23999999999995,Metropolitana de Santiago,Anglo American Sur S.A. ,"Caletones smelter (anodes). refinery (fire-refined ingots), and SX-EW plant",278,Smelter,Active,-34.1046,-70.4505,Corporación Nacional del Cobre (CODELCO),"Government, 100%",430,tmt,Copper,102.5
Los Bronces Subterráneo,159,Prospect/Project,Prospect/Project,-33.19999999999993,-70.23999999999995,Metropolitana de Santiago,Anglo American Sur S.A. ,El Soldado SX-EW plant,314,SX-EW Plant,Active,-32.6593,-71.1448,Anglo American Sur S.A. ,"Anglo American plc, 50.1%, Mitsubishi Corp., 20.4%, Corporación Nacional del Cobre, 20%, and Mitsui & Co., Ltd., 9.5% ",50,tmt,Copper,103.7
Los Bronces Subterráneo,159,Prospect/Project,Prospect/Project,-33.19999999999993,-70.23999999999995,Metropolitana de Santiago,Anglo American Sur S.A. ,Facilities near Rancagua,323,Processing Plant,Active,-34.2383,-70.685,Minera Valle Central S.A. ,"Amerigo Resources Ltd., 100%",30,tmt,Copper,122.6
Los Bronces Subterráneo,159,Prospect/Project,Prospect/Project,-33.19999999999993,-70.23999999999995,Metropolitana de Santiago,Anglo American Sur S.A. ,Las Ventanas refinery and smelter,340,Smelter,Active,-32.7618,-71.4812,Corporación Nacional del Cobre (CODELCO),"Government, 100%",402,tmt,Copper,125.6
Los Bronces Sur,160,Prospect/Project,Prospect/Project,-33.12999999999994,-70.25999999999993,Valparaíso,Anglo American Sur S.A. ,Los Bronces (Tortolas) SX-EW plant (cathodes),342,SX-EW Plant,Active,-33.1409,-70.7086,Anglo American Sur S.A. ,"Anglo American plc, 50.1%, Mitsubishi Corp., 20.4%, Corporación Nacional del Cobre, 20%, and Mitsui & Co., Ltd., 9.5% ",490,tmt,Copper,41.8
Los Bronces Sur,160,Prospect/Project,Prospect/Project,-33.12999999999994,-70.25999999999993,Valparaíso,Anglo American Sur S.A. ,Tortolas molybdenum flotation plant,450,Concentrator,Active,-33.1409,-70.7086,Anglo American Sur S.A. ,"Anglo American plc, 50.1%, Mitsubishi Corp., 20.4%, Corporación Nacional del Cobre, 20%, and Mitsui & Co., Ltd., 9.5% ","3,000",mt,Molybdenum,41.8
Los Bronces Sur,160,Prospect/Project,Prospect/Project,-33.12999999999994,-70.25999999999993,Valparaíso,Anglo American Sur S.A. ,Nos plant,368,Processing Plant,Active,-33.6065,-70.7441,Molibdenos y Metales S.A. (MOLYMET),"Private, 100%","30,000",kg,Rhenium,69.5
Los Bronces Sur,160,Prospect/Project,Prospect/Project,-33.12999999999994,-70.25999999999993,Valparaíso,Anglo American Sur S.A. ,Chagres smelter (anodes and blister),284,Smelter,Active,-32.8047,-70.9554,Empresa Nacional de Minería (ENAMI),"Government, 100%",175,tmt,Copper,74.3
Los Bronces Sur,160,Prospect/Project,Prospect/Project,-33.12999999999994,-70.25999999999993,Valparaíso,Anglo American Sur S.A. ,Plant at Cabildo,374,Processing Plant,Active,-32.5838,-70.8762,Compañía Minera Cerro Negro,Compañía Minera Cerro Negro,200,mt,Copper,83.7
Los Bronces Sur,160,Prospect/Project,Prospect/Project,-33.12999999999994,-70.25999999999993,Valparaíso,Anglo American Sur S.A. ,El Soldado SX-EW plant,314,SX-EW Plant,Active,-32.6593,-71.1448,Anglo American Sur S.A. ,"Anglo American plc, 50.1%, Mitsubishi Corp., 20.4%, Corporación Nacional del Cobre, 20%, and Mitsui & Co., Ltd., 9.5% ",50,tmt,Copper,97.8
Los Bronces Sur,160,Prospect/Project,Prospect/Project,-33.12999999999994,-70.25999999999993,Valparaíso,Anglo American Sur S.A. ,El Teniente plant,315,Processing Plant,Active,-34.0886,-70.4555,Corporación Nacional del Cobre (CODELCO),"Government, 100%","6,500",mt,Molybdenum,108.1
Los Bronces Sur,160,Prospect/Project,Prospect/Project,-33.12999999999994,-70.25999999999993,Valparaíso,Anglo American Sur S.A. ,"Caletones smelter (anodes). refinery (fire-refined ingots), and SX-EW plant",278,Smelter,Active,-34.1046,-70.4505,Corporación Nacional del Cobre (CODELCO),"Government, 100%",430,tmt,Copper,109.8
Los Bronces Sur,160,Prospect/Project,Prospect/Project,-33.12999999999994,-70.25999999999993,Valparaíso,Anglo American Sur S.A. ,Las Ventanas refinery and smelter,340,Smelter,Active,-32.7618,-71.4812,Corporación Nacional del Cobre (CODELCO),"Government, 100%",402,tmt,Copper,121.1
Los Bronces Sur,160,Prospect/Project,Prospect/Project,-33.12999999999994,-70.25999999999993,Valparaíso,Anglo American Sur S.A. ,Facilities near Rancagua,323,Processing Plant,Active,-34.2383,-70.685,Minera Valle Central S.A. ,"Amerigo Resources Ltd., 100%",30,tmt,Copper,129.4
Los Bronces Sur,160,Prospect/Project,Prospect/Project,-33.12999999999994,-70.25999999999993,Valparaíso,Anglo American Sur S.A. ,Los Pelambres plant,346,Processing Plant,Active,-31.8134,-70.5823,Antofagasta plc,"Antofagasta plc, 60%; JX Nippon Mining Metals Corp, 15%; Mitsubishi Materials Corp., 10%; Marubeni Corp., 8.75%; Mitsubishi Corp., 5%; Mitsui & Co. Ltd., 1.25%","12,500",mt,Molybdenum,149.5
Los Colorados,161,Mine (active),Active,-28.312299999999937,-70.81779999999998,Atacama,Compañía Minera del Pacífico S.A. (CMP),Los Colorados concentration plant,344,Concentrator,Active,-28.291,-70.8129,Compañía Minera del Pacífico S.A. (CMP),"CAP S.A., 75%, and MC Inversiones Ltda., 25%","1,300",tmt,Iron,2.4
Los Colorados,161,Mine (active),Active,-28.312299999999937,-70.81779999999998,Atacama,Compañía Minera del Pacífico S.A. (CMP),Huasco concentration plant,332,Concentrator,Active,-28.2907,-70.8125,Compañía Minera del Pacífico S.A. (CMP),"CAP S.A., 75%, and MC Inversiones Ltda., 25%","1,300",tmt,Iron,2.5
Los Colorados,161,Mine (active),Active,-28.312299999999937,-70.81779999999998,Atacama,Compañía Minera del Pacífico S.A. (CMP),Huasco pellet plant,333,Pellet Plant,Active,-28.4808,-71.2485,Compañía Minera del Pacífico S.A. (CMP),"CAP S.A., 75%, and MC Inversiones Ltda., 25%","1,300",tmt,Iron,46.1
Los Colorados,161,Mine (active),Active,-28.312299999999937,-70.81779999999998,Atacama,Compañía Minera del Pacífico S.A. (CMP),El Algarrobito concentration plant,307,Concentrator,Active,-28.8028,-70.9839,Compañía Minera del Pacífico S.A. (CMP),"CAP S.A., 75%, and MC Inversiones Ltda., 25%","1,300",tmt,Iron,56.9
Los Colorados,161,Mine (active),Active,-28.312299999999937,-70.81779999999998,Atacama,Compañía Minera del Pacífico S.A. (CMP),Magnetite plant to process tailings from the Candelaria Mine and other iron-bearing raw materials from third parties,348,Processing Plant,Active,-27.5218,-70.3192,Compañía Minera del Pacífico S.A. (CMP),"CAP S.A., 75%, and MC Inversiones Ltda., 25%","2,000",tmt,Iron,100.6
Los Helados,162,Prospect/Project,Prospect/Project,-28.34099999999995,-69.58599999999996,Atacama,,Biocobre refinery,274,Refinery,Active,-27.5734,-70.2484,Sociedad Punta del Cobre S.A (Pucobre),Sociedad Punta del Cobre S.A (Pucobre) (100%),,,Copper,107.3
Los Helados,162,Prospect/Project,Prospect/Project,-28.34099999999995,-69.58599999999996,Atacama,,Vallenar plant,453,Processing Plant,Active,-28.5652,-70.7387,Empresa Nacional de Minería (ENAMI),"Government, 100%",180,tmt,Copper,115.4
Los Helados,162,Prospect/Project,Prospect/Project,-28.34099999999995,-69.58599999999996,Atacama,,Vallenar plant,454,Processing Plant,Active,-28.5652,-70.7387,Empresa Nacional de Minería (ENAMI),"Government, 100%",400,kg,Gold,115.4
Los Helados,162,Prospect/Project,Prospect/Project,-28.34099999999995,-69.58599999999996,Atacama,,Vallenar plant,455,Processing Plant,Active,-28.5652,-70.7387,Empresa Nacional de Minería (ENAMI),"Government, 100%","6,000",kg,Silver,115.4
Los Helados,162,Prospect/Project,Prospect/Project,-28.34099999999995,-69.58599999999996,Atacama,,Hernán Videla Lira smelter (anodes and blister),331,Smelter,Active,-27.4198,-70.2577,Empresa Nacional de Minería (ENAMI),"Government, 100%",340,tmt,Copper,121.9
Los Helados,162,Prospect/Project,Prospect/Project,-28.34099999999995,-69.58599999999996,Atacama,,Manuel Antonio Matta,352,Processing Plant,Active,-27.4131,-70.2517,Empresa Nacional de Minería (ENAMI),"Government, 100%",180,tmt,Copper,122.2
Los Helados,162,Prospect/Project,Prospect/Project,-28.34099999999995,-69.58599999999996,Atacama,,Manuel Antonio Matta plant,353,Processing Plant,Active,-27.4131,-70.2517,Empresa Nacional de Minería (ENAMI),"Government, 100%",400,kg,Gold,122.2
Los Helados,162,Prospect/Project,Prospect/Project,-28.34099999999995,-69.58599999999996,Atacama,,Manuel Antonio Matta plant,354,Processing Plant,Active,-27.4131,-70.2517,Empresa Nacional de Minería (ENAMI),"Government, 100%","6,000",kg,Silver,122.2
Los Helados,162,Prospect/Project,Prospect/Project,-28.34099999999995,-69.58599999999996,Atacama,,Dos Amigos SX-EW plant,305,SX-EW Plant,Active,-28.9869,-70.8859,CEMIN,CEMIN,,,Copper,145.8
Los Pelambres,163,Mine (active),Active,-31.714999999999975,-70.49899999999997,Coquimbo,Antofagasta plc,Los Pelambres plant,345,Processing Plant,Active,-31.8134,-70.5823,Antofagasta plc,"Antofagasta plc, 60%; JX Nippon Mining Metals Corp, 15%; Mitsubishi Materials Corp., 10%; Marubeni Corp., 8.75%; Mitsubishi Corp., 5%; Mitsui & Co. Ltd., 1.25%","1,700",kg,Gold,13.5
Los Pelambres,163,Mine (active),Active,-31.714999999999975,-70.49899999999997,Coquimbo,Antofagasta plc,Los Pelambres plant,346,Processing Plant,Active,-31.8134,-70.5823,Antofagasta plc,"Antofagasta plc, 60%; JX Nippon Mining Metals Corp, 15%; Mitsubishi Materials Corp., 10%; Marubeni Corp., 8.75%; Mitsubishi Corp., 5%; Mitsui & Co. Ltd., 1.25%","12,500",mt,Molybdenum,13.5
Los Pelambres,163,Mine (active),Active,-31.714999999999975,-70.49899999999997,Coquimbo,Antofagasta plc,Tres Valles SX-EW plant,451,SX-EW Plant,Active,-31.7364,-71.0165,Vecchiola SA,Vecchiola SA,,,Copper,49.0
Los Pelambres,163,Mine (active),Active,-31.714999999999975,-70.49899999999997,Coquimbo,Antofagasta plc,Plant at Cabildo,374,Processing Plant,Active,-32.5838,-70.8762,Compañía Minera Cerro Negro,Compañía Minera Cerro Negro,200,mt,Copper,102.9
Los Pelambres,163,Mine (active),Active,-31.714999999999975,-70.49899999999997,Coquimbo,Antofagasta plc,El Soldado SX-EW plant,314,SX-EW Plant,Active,-32.6593,-71.1448,Anglo American Sur S.A. ,"Anglo American plc, 50.1%, Mitsubishi Corp., 20.4%, Corporación Nacional del Cobre, 20%, and Mitsui & Co., Ltd., 9.5% ",50,tmt,Copper,121.3
Los Pelambres,163,Mine (active),Active,-31.714999999999975,-70.49899999999997,Coquimbo,Antofagasta plc,Chagres smelter (anodes and blister),284,Smelter,Active,-32.8047,-70.9554,Empresa Nacional de Minería (ENAMI),"Government, 100%",175,tmt,Copper,128.5
Los Pelambres,163,Mine (active),Active,-31.714999999999975,-70.49899999999997,Coquimbo,Antofagasta plc,Las Ventanas refinery and smelter,340,Smelter,Active,-32.7618,-71.4812,Corporación Nacional del Cobre (CODELCO),"Government, 100%",402,tmt,Copper,148.6
Los Pelambres,163,Mine (active),Active,-31.714999999999975,-70.49899999999997,Coquimbo,Antofagasta plc,Ventanas refinery and smelter,456,Smelter,Active,-32.7618,-71.4812,Corporación Nacional del Cobre (CODELCO),"Government, 100%","12,000",kg,Gold,148.6
Los Sulfatos,165,Prospect/Project,Prospect/Project,-33.198999999999955,-70.25599999999997,Metropolitana de Santiago,,Los Bronces (Tortolas) SX-EW plant (cathodes),342,SX-EW Plant,Active,-33.1409,-70.7086,Anglo American Sur S.A. ,"Anglo American plc, 50.1%, Mitsubishi Corp., 20.4%, Corporación Nacional del Cobre, 20%, and Mitsui & Co., Ltd., 9.5% ",490,tmt,Copper,42.6
Los Sulfatos,165,Prospect/Project,Prospect/Project,-33.198999999999955,-70.25599999999997,Metropolitana de Santiago,,Tortolas molybdenum flotation plant,450,Concentrator,Active,-33.1409,-70.7086,Anglo American Sur S.A. ,"Anglo American plc, 50.1%, Mitsubishi Corp., 20.4%, Corporación Nacional del Cobre, 20%, and Mitsui & Co., Ltd., 9.5% ","3,000",mt,Molybdenum,42.6
Los Sulfatos,165,Prospect/Project,Prospect/Project,-33.198999999999955,-70.25599999999997,Metropolitana de Santiago,,Chagres smelter (anodes and blister),284,Smelter,Active,-32.8047,-70.9554,Empresa Nacional de Minería (ENAMI),"Government, 100%",175,tmt,Copper,78.6
Los Sulfatos,165,Prospect/Project,Prospect/Project,-33.198999999999955,-70.25599999999997,Metropolitana de Santiago,,Plant at Cabildo,374,Processing Plant,Active,-32.5838,-70.8762,Compañía Minera Cerro Negro,Compañía Minera Cerro Negro,200,mt,Copper,89.6
Los Sulfatos,165,Prospect/Project,Prospect/Project,-33.198999999999955,-70.25599999999997,Metropolitana de Santiago,,El Teniente plant,315,Processing Plant,Active,-34.0886,-70.4555,Corporación Nacional del Cobre (CODELCO),"Government, 100%","6,500",mt,Molybdenum,100.6
Los Sulfatos,165,Prospect/Project,Prospect/Project,-33.198999999999955,-70.25599999999997,Metropolitana de Santiago,,"Caletones smelter (anodes). refinery (fire-refined ingots), and SX-EW plant",278,Smelter,Active,-34.1046,-70.4505,Corporación Nacional del Cobre (CODELCO),"Government, 100%",430,tmt,Copper,102.3
Los Sulfatos,165,Prospect/Project,Prospect/Project,-33.198999999999955,-70.25599999999997,Metropolitana de Santiago,,El Soldado SX-EW plant,314,SX-EW Plant,Active,-32.6593,-71.1448,Anglo American Sur S.A. ,"Anglo American plc, 50.1%, Mitsubishi Corp., 20.4%, Corporación Nacional del Cobre, 20%, and Mitsui & Co., Ltd., 9.5% ",50,tmt,Copper,102.4
Los Sulfatos,165,Prospect/Project,Prospect/Project,-33.198999999999955,-70.25599999999997,Metropolitana de Santiago,,Facilities near Rancagua,323,Processing Plant,Active,-34.2383,-70.685,Minera Valle Central S.A. ,"Amerigo Resources Ltd., 100%",30,tmt,Copper,122.2
Los Sulfatos,165,Prospect/Project,Prospect/Project,-33.198999999999955,-70.25599999999997,Metropolitana de Santiago,,Las Ventanas refinery and smelter,340,Smelter,Active,-32.7618,-71.4812,Corporación Nacional del Cobre (CODELCO),"Government, 100%",402,tmt,Copper,124.2
Los Volcanes,166,Prospect/Project,Prospect/Project,-21.987999999999943,-68.76099999999997,Antofagasta,,Al Elbra SX-EW plant,268,SX-EW Plant,Active,-21.9859,-68.6886,Sociedad Contractual Minera El Abra ,"Freeport-McMoRan Copper & Gold Inc., 51%, and Corporación Nacional del Cobre (CODELCO) (Government, 100%), 49%",225,tmt,Copper,7.5
Los Volcanes,166,Prospect/Project,Prospect/Project,-21.987999999999943,-68.76099999999997,Antofagasta,,Radomiro Tomic SX-EW plant,441,SX-EW Plant,Active,-22.1927,-68.8674,Corporación Nacional del Cobre (CODELCO),"Government, 100%",480,tmt,Copper,25.3
Los Volcanes,166,Prospect/Project,Prospect/Project,-21.987999999999943,-68.76099999999997,Antofagasta,,Chuquicamata Mine (plant to acid-leach fine copper),290,Processing Plant,Active,-22.3013,-68.8404,EcoMetales Ltd. ,"Codelco Technologies Ltd., 100%",25,tmt,Copper,35.8
Los Volcanes,166,Prospect/Project,Prospect/Project,-21.987999999999943,-68.76099999999997,Antofagasta,,Chuquicamata SX-EW plant (oxide) and smelter,292,Smelter,Active,-22.3137,-68.8895,Corporación Nacional del Cobre (CODELCO),"Government, 100%",450,tmt,Copper,38.6
Los Volcanes,166,Prospect/Project,Prospect/Project,-21.987999999999943,-68.76099999999997,Antofagasta,,Spence SX-EW plant,444,SX-EW Plant,Active,-22.8015,-69.2818,Minera Spence S.A. ,"BHP Billiton plc, 100%",200,tmt,Copper,105.1
Los Volcanes,166,Prospect/Project,Prospect/Project,-21.987999999999943,-68.76099999999997,Antofagasta,,Quebrada Blanca SX-EW plant,440,SX-EW Plant,Active,-21.0027,-68.7964,Compañía Minera Quebrada Blanca ,"Teck Cominco Ltd., 76.5%; Inversiones Mineras S.A., 13.5%; Empresa Nacional de Minería (ENAMI) (Government, 100%), 10%",100,tmt,Copper,109.6
Los Volcanes,166,Prospect/Project,Prospect/Project,-21.987999999999943,-68.76099999999997,Antofagasta,,Centinela oxide and sulfide plant,279,Processing Plant,Active,-22.9275,-69.0965,Antofagasta plc,"Antofagasta plc, 70%, and Marubeni Corp., 30%",300,tmt,Copper,110.0
Los Volcanes,166,Prospect/Project,Prospect/Project,-21.987999999999943,-68.76099999999997,Antofagasta,,El Tesoro SX-EW plant,316,SX-EW Plant,Active,-22.9277,-69.0976,Minera El Tesoro S.A. ,"Antofagasta plc, 70%, and Marubeni Corp., 30%",110,tmt,Copper,110.1
Los Volcanes,166,Prospect/Project,Prospect/Project,-21.987999999999943,-68.76099999999997,Antofagasta,,Collahuasi SX-EW plant,295,SX-EW Plant,Active,-20.9779,-68.6315,Compañía Minera Doña Inés de Collahuasi SCM ,"Anglo American plc, 44%; Glencore plc, 44%; companies led by Mitsui & Co. Ltd., 12%",400,tmt,Copper,113.1
Los Volcanes,166,Prospect/Project,Prospect/Project,-21.987999999999943,-68.76099999999997,Antofagasta,,Molybdenum plant,366,Processing Plant,Active,-20.9761,-68.6272,Compañía Minera Doña Inés de Collahuasi SCM ,"Anglo American plc, 44%; Glencore plc, 44%; companies led by Mitsui & Co. Ltd., 12%","6,000",mt,Molybdenum,113.4
Los Volcanes,166,Prospect/Project,Prospect/Project,-21.987999999999943,-68.76099999999997,Antofagasta,,Plant near Tocopilla,430,Processing Plant,Active,-21.9459,-69.8715,Minera Capacho Viejo Ltda. ,Minera Capacho Viejo Ltda. ,"5,000",mt,Copper,114.6
Los Volcanes,166,Prospect/Project,Prospect/Project,-21.987999999999943,-68.76099999999997,Antofagasta,,Antucoya SX-EW plant,271,SX-EW Plant,Active,-22.6298,-69.8832,Antofagasta plc,"Antofagasta plc, 70%, Marubeni Corp., 30%",,,Copper,135.7
Mantos Blancos,168,Mine (active),Active,-23.42199999999997,-70.07199999999995,Antofagasta,Empresa Minera de Mantos Blancos S.A. ,Mantos Blancos SX-EW plant,349,SX-EW Plant,Active,-23.4397,-70.0734,Empresa Minera de Mantos Blancos S.A. ,"Anglo American plc, 99.9%, and other private, 0.1%",100,tmt,Copper,2.0
Mantos Blancos,168,Mine (active),Active,-23.42199999999997,-70.07199999999995,Antofagasta,Empresa Minera de Mantos Blancos S.A. ,Altonorte smelter,269,Smelter,Active,-23.8247,-70.3178,Glencore Copper Chile S.A. ,Glencore Copper Chile S.A. ,300,tmt,Copper,51.3
Mantos Blancos,168,Mine (active),Active,-23.42199999999997,-70.07199999999995,Antofagasta,Empresa Minera de Mantos Blancos S.A. ,Lomas Bayas SX-EW plant,341,SX-EW Plant,Active,-23.4318,-69.5017,Compañía Minera Xstrata Lomas Bayas ,"Glencore plc, 100%",75,tmt,Copper,58.2
Mantos Blancos,168,Mine (active),Active,-23.42199999999997,-70.07199999999995,Antofagasta,Empresa Minera de Mantos Blancos S.A. ,Michilla SX-EW/sulfide-leaching plant,359,SX-EW Plant,Active,-22.6791,-70.1883,Minera Michilla S.A. ,"Antofagasta plc, 74.2%, and other private Chilean investors, 25.8%",45,tmt,Copper,83.5
Mantos Blancos,168,Mine (active),Active,-23.42199999999997,-70.07199999999995,Antofagasta,Empresa Minera de Mantos Blancos S.A. ,Antucoya SX-EW plant,271,SX-EW Plant,Active,-22.6298,-69.8832,Antofagasta plc,"Antofagasta plc, 70%, Marubeni Corp., 30%",,,Copper,90.2
Mantos Blancos,168,Mine (active),Active,-23.42199999999997,-70.07199999999995,Antofagasta,Empresa Minera de Mantos Blancos S.A. ,Spence SX-EW plant,444,SX-EW Plant,Active,-22.8015,-69.2818,Minera Spence S.A. ,"BHP Billiton plc, 100%",200,tmt,Copper,106.3
Mantos Blancos,168,Mine (active),Active,-23.42199999999997,-70.07199999999995,Antofagasta,Empresa Minera de Mantos Blancos S.A. ,El Tesoro SX-EW plant,316,SX-EW Plant,Active,-22.9277,-69.0976,Minera El Tesoro S.A. ,"Antofagasta plc, 70%, and Marubeni Corp., 30%",110,tmt,Copper,113.8
Mantos Blancos,168,Mine (active),Active,-23.42199999999997,-70.07199999999995,Antofagasta,Empresa Minera de Mantos Blancos S.A. ,Centinela oxide and sulfide plant,279,Processing Plant,Active,-22.9275,-69.0965,Antofagasta plc,"Antofagasta plc, 70%, and Marubeni Corp., 30%",300,tmt,Copper,113.9
Mantos Blancos,168,Mine (active),Active,-23.42199999999997,-70.07199999999995,Antofagasta,Empresa Minera de Mantos Blancos S.A. ,Mantos de la Luna SX-EW plant,350,SX-EW Plant,Active,-22.3851,-70.1782,Compania Mantos de la Luna,"Izquierdo Menendez Group, 100%",,,Copper,115.8
Mantos Blancos,168,Mine (active),Active,-23.42199999999997,-70.07199999999995,Antofagasta,Empresa Minera de Mantos Blancos S.A. ,El Peñón concentration plant,310,Concentrator,Active,-24.4116,-69.4969,Minera Meridian Ltds. ,"Yamana Gold Inc., 100%","300,000",kg,Silver,124.6
Mantos Blancos,168,Mine (active),Active,-23.42199999999997,-70.07199999999995,Antofagasta,Empresa Minera de Mantos Blancos S.A. ,Gabriela Mistral SX-EW plant,325,SX-EW Plant,Active,-23.4173,-68.7838,Minera Gaby S.A. ,"Corporación Nacional del Cobre (CODELCO) (Government, 100%), 100%",170,tmt,Copper,131.4
Mantos Blancos,168,Mine (active),Active,-23.42199999999997,-70.07199999999995,Antofagasta,Empresa Minera de Mantos Blancos S.A. ,Zaldívar SX-EW plant,460,SX-EW Plant,Active,-24.201,-69.0689,Compañía Minera Zaldívar ,"Barrick Gold Corp., 100%",150,tmt,Copper,133.9
Mantos Blancos,168,Mine (active),Active,-23.42199999999997,-70.07199999999995,Antofagasta,Empresa Minera de Mantos Blancos S.A. ,Escondida oxide plant for cathode production (SX-EW),320,SX-EW Plant,Active,-24.2536,-69.1008,Minera Escondida Ltda. ,"BHP Billiton plc, 57.5%; Rio Tinto plc, 30%; Japan Escondida Corp., 10%; International Finance Corp., 2.5%","1,300",tmt,Copper,135.3
Mantos Blancos,168,Mine (active),Active,-23.42199999999997,-70.07199999999995,Antofagasta,Empresa Minera de Mantos Blancos S.A. ,Escondida concentrator,317,Concentrator,Active,-24.2628,-69.0581,Minera Escondida Ltda.,"Minera Escondida Ltda., 100%","1,300",tmt,Copper,139.2
Mantos Blancos,168,Mine (active),Active,-23.42199999999997,-70.07199999999995,Antofagasta,Empresa Minera de Mantos Blancos S.A. ,Escondida concentrator,319,Concentrator,Active,-24.2628,-69.0581,Minera Escondida Ltda.,"Minera Escondida Ltda., 100%","180,000",kg,Silver,139.2
Mantos Blancos,168,Mine (active),Active,-23.42199999999997,-70.07199999999995,Antofagasta,Empresa Minera de Mantos Blancos S.A. ,Escondida sulfide-leach plant for cathode production,321,Processing Plant,Active,-24.2601,-68.9925,Minera Escondida Ltda. ,"BHP Billiton plc, 57.5%; Rio Tinto plc, 30%; Japan Escondida Corp., 10%; International Finance Corp., 2.5%","1,300",tmt,Copper,144.0
Mantos de Catemu,169,Mine (active),Active,-32.67599999999993,-70.89699999999993,Valparaíso,Compania Mantos de la Luna,Plant at Cabildo,374,Processing Plant,Active,-32.5838,-70.8762,Compañía Minera Cerro Negro,Compañía Minera Cerro Negro,200,mt,Copper,10.4
Mantos de Catemu,169,Mine (active),Active,-32.67599999999993,-70.89699999999993,Valparaíso,Compania Mantos de la Luna,Chagres smelter (anodes and blister),284,Smelter,Active,-32.8047,-70.9554,Empresa Nacional de Minería (ENAMI),"Government, 100%",175,tmt,Copper,15.3
Mantos de Catemu,169,Mine (active),Active,-32.67599999999993,-70.89699999999993,Valparaíso,Compania Mantos de la Luna,El Soldado SX-EW plant,314,SX-EW Plant,Active,-32.6593,-71.1448,Anglo American Sur S.A. ,"Anglo American plc, 50.1%, Mitsubishi Corp., 20.4%, Corporación Nacional del Cobre, 20%, and Mitsui & Co., Ltd., 9.5% ",50,tmt,Copper,23.3
Mantos de Catemu,169,Mine (active),Active,-32.67599999999993,-70.89699999999993,Valparaíso,Compania Mantos de la Luna,Los Bronces (Tortolas) SX-EW plant (cathodes),342,SX-EW Plant,Active,-33.1409,-70.7086,Anglo American Sur S.A. ,"Anglo American plc, 50.1%, Mitsubishi Corp., 20.4%, Corporación Nacional del Cobre, 20%, and Mitsui & Co., Ltd., 9.5% ",490,tmt,Copper,54.6
Mantos de Catemu,169,Mine (active),Active,-32.67599999999993,-70.89699999999993,Valparaíso,Compania Mantos de la Luna,Las Ventanas refinery and smelter,340,Smelter,Active,-32.7618,-71.4812,Corporación Nacional del Cobre (CODELCO),"Government, 100%",402,tmt,Copper,55.5
Mantos de Catemu,169,Mine (active),Active,-32.67599999999993,-70.89699999999993,Valparaíso,Compania Mantos de la Luna,Tres Valles SX-EW plant,451,SX-EW Plant,Active,-31.7364,-71.0165,Vecchiola SA,Vecchiola SA,,,Copper,105.1
Mantos de Punitaqui,171,Mine (active),Active,-30.860999999999933,-71.22699999999998,Coquimbo,Compania Mantos de la Luna,SX-EW plant,447,SX-EW Plant,Active,-30.261,-71.0917,Compañía Minera Carmen de Andacollo ,"Teck Cominco Ltd., 90%, and Empresa Nacional de Minería (ENAMI) (Government, 100%), 10%",22,tmt,Copper,68.0
Mantos de Punitaqui,171,Mine (active),Active,-30.860999999999933,-71.22699999999998,Coquimbo,Compania Mantos de la Luna,Tres Valles SX-EW plant,451,SX-EW Plant,Active,-31.7364,-71.0165,Vecchiola SA,Vecchiola SA,,,Copper,99.4
Mantos de Punitaqui,171,Mine (active),Active,-30.860999999999933,-71.22699999999998,Coquimbo,Compania Mantos de la Luna,Plant near Coquimbo (Region IV),415,Processing Plant,Active,-29.8353,-71.1035,Compañía Minera San Gerónimo,Compañía Minera San Gerónimo,"10,000",mt,Copper,114.7
Mantos de Punitaqui,171,Mine (active),Active,-30.860999999999933,-71.22699999999998,Coquimbo,Compania Mantos de la Luna,Los Pelambres plant,345,Processing Plant,Active,-31.8134,-70.5823,Antofagasta plc,"Antofagasta plc, 60%; JX Nippon Mining Metals Corp, 15%; Mitsubishi Materials Corp., 10%; Marubeni Corp., 8.75%; Mitsubishi Corp., 5%; Mitsui & Co. Ltd., 1.25%","1,700",kg,Gold,122.3
Mantos de la Luna,170,Mine (active),Active,-22.38299999999998,-70.21799999999996,Antofagasta,Compania Mantos de la Luna,Mantos de la Luna SX-EW plant,350,SX-EW Plant,Active,-22.3851,-70.1782,Compania Mantos de la Luna,"Izquierdo Menendez Group, 100%",,,Copper,4.1
Mantos de la Luna,170,Mine (active),Active,-22.38299999999998,-70.21799999999996,Antofagasta,Compania Mantos de la Luna,Michilla SX-EW/sulfide-leaching plant,359,SX-EW Plant,Active,-22.6791,-70.1883,Minera Michilla S.A. ,"Antofagasta plc, 74.2%, and other private Chilean investors, 25.8%",45,tmt,Copper,33.1
Mantos de la Luna,170,Mine (active),Active,-22.38299999999998,-70.21799999999996,Antofagasta,Compania Mantos de la Luna,Antucoya SX-EW plant,271,SX-EW Plant,Active,-22.6298,-69.8832,Antofagasta plc,"Antofagasta plc, 70%, Marubeni Corp., 30%",,,Copper,44.0
Mantos de la Luna,170,Mine (active),Active,-22.38299999999998,-70.21799999999996,Antofagasta,Compania Mantos de la Luna,Plant near Tocopilla,430,Processing Plant,Active,-21.9459,-69.8715,Minera Capacho Viejo Ltda. ,Minera Capacho Viejo Ltda. ,"5,000",mt,Copper,60.3
Mantos de la Luna,170,Mine (active),Active,-22.38299999999998,-70.21799999999996,Antofagasta,Compania Mantos de la Luna,Spence SX-EW plant,444,SX-EW Plant,Active,-22.8015,-69.2818,Minera Spence S.A. ,"BHP Billiton plc, 100%",200,tmt,Copper,106.8
Mantos de la Luna,170,Mine (active),Active,-22.38299999999998,-70.21799999999996,Antofagasta,Compania Mantos de la Luna,Mantos Blancos SX-EW plant,349,SX-EW Plant,Active,-23.4397,-70.0734,Empresa Minera de Mantos Blancos S.A. ,"Anglo American plc, 99.9%, and other private, 0.1%",100,tmt,Copper,118.4
Mantos de la Luna,170,Mine (active),Active,-22.38299999999998,-70.21799999999996,Antofagasta,Compania Mantos de la Luna,El Tesoro SX-EW plant,316,SX-EW Plant,Active,-22.9277,-69.0976,Minera El Tesoro S.A. ,"Antofagasta plc, 70%, and Marubeni Corp., 30%",110,tmt,Copper,129.9
Mantos de la Luna,170,Mine (active),Active,-22.38299999999998,-70.21799999999996,Antofagasta,Compania Mantos de la Luna,Centinela oxide and sulfide plant,279,Processing Plant,Active,-22.9275,-69.0965,Antofagasta plc,"Antofagasta plc, 70%, and Marubeni Corp., 30%",300,tmt,Copper,130.0
Mantos de la Luna,170,Mine (active),Active,-22.38299999999998,-70.21799999999996,Antofagasta,Compania Mantos de la Luna,Chuquicamata SX-EW plant (oxide) and smelter,292,Smelter,Active,-22.3137,-68.8895,Corporación Nacional del Cobre (CODELCO),"Government, 100%",450,tmt,Copper,136.8
Mantos de la Luna,170,Mine (active),Active,-22.38299999999998,-70.21799999999996,Antofagasta,Compania Mantos de la Luna,Lomas Bayas SX-EW plant,341,SX-EW Plant,Active,-23.4318,-69.5017,Compañía Minera Xstrata Lomas Bayas ,"Glencore plc, 100%",75,tmt,Copper,137.8
Mantos de la Luna,170,Mine (active),Active,-22.38299999999998,-70.21799999999996,Antofagasta,Compania Mantos de la Luna,Radomiro Tomic SX-EW plant,441,SX-EW Plant,Active,-22.1927,-68.8674,Corporación Nacional del Cobre (CODELCO),"Government, 100%",480,tmt,Copper,140.6
Mantos de la Luna,170,Mine (active),Active,-22.38299999999998,-70.21799999999996,Antofagasta,Compania Mantos de la Luna,Chuquicamata Mine (plant to acid-leach fine copper),290,Processing Plant,Active,-22.3013,-68.8404,EcoMetales Ltd. ,"Codelco Technologies Ltd., 100%",25,tmt,Copper,142.0
Mantos del Pacífico,172,Mine (active),Active,-22.53099999999995,-70.22099999999995,Antofagasta,Compania Mantos de la Luna,Mantos de la Luna SX-EW plant,350,SX-EW Plant,Active,-22.3851,-70.1782,Compania Mantos de la Luna,"Izquierdo Menendez Group, 100%",,,Copper,16.8
Mantos del Pacífico,172,Mine (active),Active,-22.53099999999995,-70.22099999999995,Antofagasta,Compania Mantos de la Luna,Michilla SX-EW/sulfide-leaching plant,359,SX-EW Plant,Active,-22.6791,-70.1883,Minera Michilla S.A. ,"Antofagasta plc, 74.2%, and other private Chilean investors, 25.8%",45,tmt,Copper,16.8
Mantos del Pacífico,172,Mine (active),Active,-22.53099999999995,-70.22099999999995,Antofagasta,Compania Mantos de la Luna,Antucoya SX-EW plant,271,SX-EW Plant,Active,-22.6298,-69.8832,Antofagasta plc,"Antofagasta plc, 70%, Marubeni Corp., 30%",,,Copper,36.4
Mantos del Pacífico,172,Mine (active),Active,-22.53099999999995,-70.22099999999995,Antofagasta,Compania Mantos de la Luna,Plant near Tocopilla,430,Processing Plant,Active,-21.9459,-69.8715,Minera Capacho Viejo Ltda. ,Minera Capacho Viejo Ltda. ,"5,000",mt,Copper,74.3
Mantos del Pacífico,172,Mine (active),Active,-22.53099999999995,-70.22099999999995,Antofagasta,Compania Mantos de la Luna,Spence SX-EW plant,444,SX-EW Plant,Active,-22.8015,-69.2818,Minera Spence S.A. ,"BHP Billiton plc, 100%",200,tmt,Copper,101.0
Mantos del Pacífico,172,Mine (active),Active,-22.53099999999995,-70.22099999999995,Antofagasta,Compania Mantos de la Luna,Mantos Blancos SX-EW plant,349,SX-EW Plant,Active,-23.4397,-70.0734,Empresa Minera de Mantos Blancos S.A. ,"Anglo American plc, 99.9%, and other private, 0.1%",100,tmt,Copper,102.2
Mantos del Pacífico,172,Mine (active),Active,-22.53099999999995,-70.22099999999995,Antofagasta,Compania Mantos de la Luna,El Tesoro SX-EW plant,316,SX-EW Plant,Active,-22.9277,-69.0976,Minera El Tesoro S.A. ,"Antofagasta plc, 70%, and Marubeni Corp., 30%",110,tmt,Copper,123.4
Mantos del Pacífico,172,Mine (active),Active,-22.53099999999995,-70.22099999999995,Antofagasta,Compania Mantos de la Luna,Centinela oxide and sulfide plant,279,Processing Plant,Active,-22.9275,-69.0965,Antofagasta plc,"Antofagasta plc, 70%, and Marubeni Corp., 30%",300,tmt,Copper,123.5
Mantos del Pacífico,172,Mine (active),Active,-22.53099999999995,-70.22099999999995,Antofagasta,Compania Mantos de la Luna,Lomas Bayas SX-EW plant,341,SX-EW Plant,Active,-23.4318,-69.5017,Compañía Minera Xstrata Lomas Bayas ,"Glencore plc, 100%",75,tmt,Copper,124.3
Mantos del Pacífico,172,Mine (active),Active,-22.53099999999995,-70.22099999999995,Antofagasta,Compania Mantos de la Luna,Chuquicamata SX-EW plant (oxide) and smelter,292,Smelter,Active,-22.3137,-68.8895,Corporación Nacional del Cobre (CODELCO),"Government, 100%",450,tmt,Copper,139.0
Mantos del Pacífico,172,Mine (active),Active,-22.53099999999995,-70.22099999999995,Antofagasta,Compania Mantos de la Luna,Altonorte smelter,269,Smelter,Active,-23.8247,-70.3178,Glencore Copper Chile S.A. ,Glencore Copper Chile S.A. ,300,tmt,Copper,144.2
Mantos del Pacífico,172,Mine (active),Active,-22.53099999999995,-70.22099999999995,Antofagasta,Compania Mantos de la Luna,Chuquicamata Mine (plant to acid-leach fine copper),290,Processing Plant,Active,-22.3013,-68.8404,EcoMetales Ltd. ,"Codelco Technologies Ltd., 100%",25,tmt,Copper,144.2
Mantos del Pacífico,172,Mine (active),Active,-22.53099999999995,-70.22099999999995,Antofagasta,Compania Mantos de la Luna,Radomiro Tomic SX-EW plant,441,SX-EW Plant,Active,-22.1927,-68.8674,Corporación Nacional del Cobre (CODELCO),"Government, 100%",480,tmt,Copper,144.2
Mantoverde,173,Mine (active),Active,-26.55899999999997,-70.31499999999994,Atacama,Empresa Minera de Mantos Blancos S.A. ,Mantoverde SX-EW plant,351,SX-EW Plant,Active,-26.5615,-70.3253,Empresa Minera de Mantos Blancos S.A. ,"Anglo American plc, 99.9%, and other private, 0.1%",65,tmt,Copper,1.1
Mantoverde,173,Mine (active),Active,-26.55899999999997,-70.31499999999994,Atacama,Empresa Minera de Mantos Blancos S.A. ,Osvaldo Martínez,370,Processing Plant,Active,-26.4196,-70.3172,Empresa Nacional de Minería (ENAMI),"Government, 100%",180,tmt,Copper,15.5
Mantoverde,173,Mine (active),Active,-26.55899999999997,-70.31499999999994,Atacama,Empresa Minera de Mantos Blancos S.A. ,Osvaldo Martínez plant,371,Processing Plant,Active,-26.4196,-70.3172,Empresa Nacional de Minería (ENAMI),"Government, 100%",400,kg,Gold,15.5
Mantoverde,173,Mine (active),Active,-26.55899999999997,-70.31499999999994,Atacama,Empresa Minera de Mantos Blancos S.A. ,Potrerillos SX-EW refinery and smelter,435,Smelter,Active,-26.283,-69.5965,Corporación Nacional del Cobre (CODELCO),"Government, 100%",70,tmt,Copper,77.9
Mantoverde,173,Mine (active),Active,-26.55899999999997,-70.31499999999994,Atacama,Empresa Minera de Mantos Blancos S.A. ,Franke SX-EW Plant,324,SX-EW Plant,Active,-25.8334,-69.8639,Sociedad Contractual Minera Franke ,"KGHM International Ltd., 100%",,,Copper,92.4
Mantoverde,173,Mine (active),Active,-26.55899999999997,-70.31499999999994,Atacama,Empresa Minera de Mantos Blancos S.A. ,Manuel Antonio Matta,352,Processing Plant,Active,-27.4131,-70.2517,Empresa Nacional de Minería (ENAMI),"Government, 100%",180,tmt,Copper,95.2
Mantoverde,173,Mine (active),Active,-26.55899999999997,-70.31499999999994,Atacama,Empresa Minera de Mantos Blancos S.A. ,Manuel Antonio Matta plant,353,Processing Plant,Active,-27.4131,-70.2517,Empresa Nacional de Minería (ENAMI),"Government, 100%",400,kg,Gold,95.2
Mantoverde,173,Mine (active),Active,-26.55899999999997,-70.31499999999994,Atacama,Empresa Minera de Mantos Blancos S.A. ,Hernán Videla Lira smelter (anodes and blister),331,Smelter,Active,-27.4198,-70.2577,Empresa Nacional de Minería (ENAMI),"Government, 100%",340,tmt,Copper,95.9
Mantoverde,173,Mine (active),Active,-26.55899999999997,-70.31499999999994,Atacama,Empresa Minera de Mantos Blancos S.A. ,Biocobre refinery,274,Refinery,Active,-27.5734,-70.2484,Sociedad Punta del Cobre S.A (Pucobre),Sociedad Punta del Cobre S.A (Pucobre) (100%),,,Copper,113.0
Mantoverde,173,Mine (active),Active,-26.55899999999997,-70.31499999999994,Atacama,Empresa Minera de Mantos Blancos S.A. ,José Antonio Moreno,335,Processing Plant,Active,-25.3963,-70.4742,Empresa Nacional de Minería (ENAMI),"Government, 100%",180,tmt,Copper,130.3
Mantoverde,173,Mine (active),Active,-26.55899999999997,-70.31499999999994,Atacama,Empresa Minera de Mantos Blancos S.A. ,José Antonio Moreno plant,336,Processing Plant,Active,-25.3963,-70.4742,Empresa Nacional de Minería (ENAMI),"Government, 100%",400,kg,Gold,130.3
Maricunga,175,Mine (idle),Idle,-27.549999999999955,-69.29999999999995,Atacama,Compañía Minera Maricunga ,Manuel Antonio Matta plant,353,Processing Plant,Active,-27.4131,-70.2517,Empresa Nacional de Minería (ENAMI),"Government, 100%",400,kg,Gold,95.1
Marimaca,176,Prospect/Project,Prospect/Project,-23.18799999999993,-70.22199999999998,Antofagasta,,Mantos Blancos SX-EW plant,349,SX-EW Plant,Active,-23.4397,-70.0734,Empresa Minera de Mantos Blancos S.A. ,"Anglo American plc, 99.9%, and other private, 0.1%",100,tmt,Copper,31.8
Marimaca,176,Prospect/Project,Prospect/Project,-23.18799999999993,-70.22199999999998,Antofagasta,,Michilla SX-EW/sulfide-leaching plant,359,SX-EW Plant,Active,-22.6791,-70.1883,Minera Michilla S.A. ,"Antofagasta plc, 74.2%, and other private Chilean investors, 25.8%",45,tmt,Copper,56.7
Marimaca,176,Prospect/Project,Prospect/Project,-23.18799999999993,-70.22199999999998,Antofagasta,,Antucoya SX-EW plant,271,SX-EW Plant,Active,-22.6298,-69.8832,Antofagasta plc,"Antofagasta plc, 70%, Marubeni Corp., 30%",,,Copper,71.1
Marimaca,176,Prospect/Project,Prospect/Project,-23.18799999999993,-70.22199999999998,Antofagasta,,Altonorte smelter,269,Smelter,Active,-23.8247,-70.3178,Glencore Copper Chile S.A. ,Glencore Copper Chile S.A. ,300,tmt,Copper,71.5
Marimaca,176,Prospect/Project,Prospect/Project,-23.18799999999993,-70.22199999999998,Antofagasta,,Lomas Bayas SX-EW plant,341,SX-EW Plant,Active,-23.4318,-69.5017,Compañía Minera Xstrata Lomas Bayas ,"Glencore plc, 100%",75,tmt,Copper,78.4
Marimaca,176,Prospect/Project,Prospect/Project,-23.18799999999993,-70.22199999999998,Antofagasta,,Mantos de la Luna SX-EW plant,350,SX-EW Plant,Active,-22.3851,-70.1782,Compania Mantos de la Luna,"Izquierdo Menendez Group, 100%",,,Copper,89.4
Marimaca,176,Prospect/Project,Prospect/Project,-23.18799999999993,-70.22199999999998,Antofagasta,,Spence SX-EW plant,444,SX-EW Plant,Active,-22.8015,-69.2818,Minera Spence S.A. ,"BHP Billiton plc, 100%",200,tmt,Copper,105.4
Marimaca,176,Prospect/Project,Prospect/Project,-23.18799999999993,-70.22199999999998,Antofagasta,,El Tesoro SX-EW plant,316,SX-EW Plant,Active,-22.9277,-69.0976,Minera El Tesoro S.A. ,"Antofagasta plc, 70%, and Marubeni Corp., 30%",110,tmt,Copper,118.6
Marimaca,176,Prospect/Project,Prospect/Project,-23.18799999999993,-70.22199999999998,Antofagasta,,Centinela oxide and sulfide plant,279,Processing Plant,Active,-22.9275,-69.0965,Antofagasta plc,"Antofagasta plc, 70%, and Marubeni Corp., 30%",300,tmt,Copper,118.7
Marimaca,176,Prospect/Project,Prospect/Project,-23.18799999999993,-70.22199999999998,Antofagasta,,Plant near Tocopilla,430,Processing Plant,Active,-21.9459,-69.8715,Minera Capacho Viejo Ltda. ,Minera Capacho Viejo Ltda. ,"5,000",mt,Copper,142.7
Marimaca,176,Prospect/Project,Prospect/Project,-23.18799999999993,-70.22199999999998,Antofagasta,,Gabriela Mistral SX-EW plant,325,SX-EW Plant,Active,-23.4173,-68.7838,Minera Gaby S.A. ,"Corporación Nacional del Cobre (CODELCO) (Government, 100%), 100%",170,tmt,Copper,149.1
María Elena,174,Mine (active),Active,-22.378999999999962,-69.74599999999998,Antofagasta,,Maria Elena plant,355,Processing Plant,Active,-22.3367,-69.6595,SQM Nitratos S.A. ,"Sociedad Química y Minera de Chile S.A. (SQM), 100%",950,tmt,Nitrate,10.1
María Elena,174,Mine (active),Active,-22.378999999999962,-69.74599999999998,Antofagasta,,Maria Elena plant,356,Processing Plant,Active,-22.3367,-69.6595,SQM Nitratos S.A. ,"Sociedad Química y Minera de Chile S.A. (SQM), 100%",770,tmt,Nitrate,10.1
María Elena,174,Mine (active),Active,-22.378999999999962,-69.74599999999998,Antofagasta,,María Elena plant,357,Processing Plant,Active,-22.3367,-69.6595,SQM Químicos S.A. ,"Sociedad Química y Minera de Chile S.A. (SQM), 100%","13,300",mt,Iodine,10.1
María Elena,174,Mine (active),Active,-22.378999999999962,-69.74599999999998,Antofagasta,,Coya Sur plant,298,Processing Plant,Active,-22.3962,-69.6207,SQM Nitratos S.A. ,"Sociedad Química y Minera de Chile S.A. (SQM), 100%",950,tmt,Nitrate,13.0
María Elena,174,Mine (active),Active,-22.378999999999962,-69.74599999999998,Antofagasta,,Coya Sur plant,299,Processing Plant,Active,-22.3962,-69.6207,SQM Nitratos S.A. ,"Sociedad Química y Minera de Chile S.A. (SQM), 100%",770,tmt,Nitrate,13.0
Mercedita,178,Mine (idle),Idle,-33.50399999999996,-70.18499999999995,Metropolitana de Santiago,,Los Bronces (Tortolas) SX-EW plant (cathodes),342,SX-EW Plant,Active,-33.1409,-70.7086,Anglo American Sur S.A. ,"Anglo American plc, 50.1%, Mitsubishi Corp., 20.4%, Corporación Nacional del Cobre, 20%, and Mitsui & Co., Ltd., 9.5% ",490,tmt,Copper,63.2
Mercedita,178,Mine (idle),Idle,-33.50399999999996,-70.18499999999995,Metropolitana de Santiago,,"Caletones smelter (anodes). refinery (fire-refined ingots), and SX-EW plant",278,Smelter,Active,-34.1046,-70.4505,Corporación Nacional del Cobre (CODELCO),"Government, 100%",430,tmt,Copper,71.1
Mercedita,178,Mine (idle),Idle,-33.50399999999996,-70.18499999999995,Metropolitana de Santiago,,Facilities near Rancagua,323,Processing Plant,Active,-34.2383,-70.685,Minera Valle Central S.A. ,"Amerigo Resources Ltd., 100%",30,tmt,Copper,93.8
Mercedita,178,Mine (idle),Idle,-33.50399999999996,-70.18499999999995,Metropolitana de Santiago,,Chagres smelter (anodes and blister),284,Smelter,Active,-32.8047,-70.9554,Empresa Nacional de Minería (ENAMI),"Government, 100%",175,tmt,Copper,105.8
Mercedita,178,Mine (idle),Idle,-33.50399999999996,-70.18499999999995,Metropolitana de Santiago,,Plant at Cabildo,374,Processing Plant,Active,-32.5838,-70.8762,Compañía Minera Cerro Negro,Compañía Minera Cerro Negro,200,mt,Copper,120.9
Mercedita,178,Mine (idle),Idle,-33.50399999999996,-70.18499999999995,Metropolitana de Santiago,,El Soldado SX-EW plant,314,SX-EW Plant,Active,-32.6593,-71.1448,Anglo American Sur S.A. ,"Anglo American plc, 50.1%, Mitsubishi Corp., 20.4%, Corporación Nacional del Cobre, 20%, and Mitsui & Co., Ltd., 9.5% ",50,tmt,Copper,129.7
Mercedita,178,Mine (idle),Idle,-33.50399999999996,-70.18499999999995,Metropolitana de Santiago,,Las Ventanas refinery and smelter,340,Smelter,Active,-32.7618,-71.4812,Corporación Nacional del Cobre (CODELCO),"Government, 100%",402,tmt,Copper,146.2
Ministro Hales,181,Mine (active),Active,-22.378999999999962,-68.91299999999995,Antofagasta,CODELCO,Chuquicamata SX-EW plant (oxide) and smelter,292,Smelter,Active,-22.3137,-68.8895,Corporación Nacional del Cobre (CODELCO),"Government, 100%",450,tmt,Copper,7.7
Ministro Hales,181,Mine (active),Active,-22.378999999999962,-68.91299999999995,Antofagasta,CODELCO,Chuquicamata Mine (plant to acid-leach fine copper),290,Processing Plant,Active,-22.3013,-68.8404,EcoMetales Ltd. ,"Codelco Technologies Ltd., 100%",25,tmt,Copper,11.4
Ministro Hales,181,Mine (active),Active,-22.378999999999962,-68.91299999999995,Antofagasta,CODELCO,Radomiro Tomic SX-EW plant,441,SX-EW Plant,Active,-22.1927,-68.8674,Corporación Nacional del Cobre (CODELCO),"Government, 100%",480,tmt,Copper,21.2
Ministro Hales,181,Mine (active),Active,-22.378999999999962,-68.91299999999995,Antofagasta,CODELCO,Al Elbra SX-EW plant,268,SX-EW Plant,Active,-21.9859,-68.6886,Sociedad Contractual Minera El Abra ,"Freeport-McMoRan Copper & Gold Inc., 51%, and Corporación Nacional del Cobre (CODELCO) (Government, 100%), 49%",225,tmt,Copper,49.4
Ministro Hales,181,Mine (active),Active,-22.378999999999962,-68.91299999999995,Antofagasta,CODELCO,Spence SX-EW plant,444,SX-EW Plant,Active,-22.8015,-69.2818,Minera Spence S.A. ,"BHP Billiton plc, 100%",200,tmt,Copper,60.3
Ministro Hales,181,Mine (active),Active,-22.378999999999962,-68.91299999999995,Antofagasta,CODELCO,Centinela oxide and sulfide plant,279,Processing Plant,Active,-22.9275,-69.0965,Antofagasta plc,"Antofagasta plc, 70%, and Marubeni Corp., 30%",300,tmt,Copper,63.8
Ministro Hales,181,Mine (active),Active,-22.378999999999962,-68.91299999999995,Antofagasta,CODELCO,El Tesoro SX-EW plant,316,SX-EW Plant,Active,-22.9277,-69.0976,Minera El Tesoro S.A. ,"Antofagasta plc, 70%, and Marubeni Corp., 30%",110,tmt,Copper,63.9
Ministro Hales,181,Mine (active),Active,-22.378999999999962,-68.91299999999995,Antofagasta,CODELCO,Antucoya SX-EW plant,271,SX-EW Plant,Active,-22.6298,-69.8832,Antofagasta plc,"Antofagasta plc, 70%, Marubeni Corp., 30%",,,Copper,103.5
Ministro Hales,181,Mine (active),Active,-22.378999999999962,-68.91299999999995,Antofagasta,CODELCO,Plant near Tocopilla,430,Processing Plant,Active,-21.9459,-69.8715,Minera Capacho Viejo Ltda. ,Minera Capacho Viejo Ltda. ,"5,000",mt,Copper,109.8
Ministro Hales,181,Mine (active),Active,-22.378999999999962,-68.91299999999995,Antofagasta,CODELCO,Gabriela Mistral SX-EW plant,325,SX-EW Plant,Active,-23.4173,-68.7838,Minera Gaby S.A. ,"Corporación Nacional del Cobre (CODELCO) (Government, 100%), 100%",170,tmt,Copper,116.2
Ministro Hales,181,Mine (active),Active,-22.378999999999962,-68.91299999999995,Antofagasta,CODELCO,Mantos de la Luna SX-EW plant,350,SX-EW Plant,Active,-22.3851,-70.1782,Compania Mantos de la Luna,"Izquierdo Menendez Group, 100%",,,Copper,130.1
Ministro Hales,181,Mine (active),Active,-22.378999999999962,-68.91299999999995,Antofagasta,CODELCO,Lomas Bayas SX-EW plant,341,SX-EW Plant,Active,-23.4318,-69.5017,Compañía Minera Xstrata Lomas Bayas ,"Glencore plc, 100%",75,tmt,Copper,131.7
Ministro Hales,181,Mine (active),Active,-22.378999999999962,-68.91299999999995,Antofagasta,CODELCO,Michilla SX-EW/sulfide-leaching plant,359,SX-EW Plant,Active,-22.6791,-70.1883,Minera Michilla S.A. ,"Antofagasta plc, 74.2%, and other private Chilean investors, 25.8%",45,tmt,Copper,135.2
Mirador,182,Prospect/Project,Prospect/Project,-22.950999999999965,-69.02399999999994,Antofagasta,,Centinela oxide and sulfide plant,279,Processing Plant,Active,-22.9275,-69.0965,Antofagasta plc,"Antofagasta plc, 70%, and Marubeni Corp., 30%",300,tmt,Copper,7.9
Mirador,182,Prospect/Project,Prospect/Project,-22.950999999999965,-69.02399999999994,Antofagasta,,El Tesoro SX-EW plant,316,SX-EW Plant,Active,-22.9277,-69.0976,Minera El Tesoro S.A. ,"Antofagasta plc, 70%, and Marubeni Corp., 30%",110,tmt,Copper,8.0
Mirador,182,Prospect/Project,Prospect/Project,-22.950999999999965,-69.02399999999994,Antofagasta,,Esperanza milling/flotation plant,322,Concentrator,Active,-22.9998,-69.1036,Minera Esperanza S.A. ,"Antofagasta plc, 70%, and Marubeni Corp., 30%","8,000",kg,Gold,9.8
Mirador,182,Prospect/Project,Prospect/Project,-22.950999999999965,-69.02399999999994,Antofagasta,,Spence SX-EW plant,444,SX-EW Plant,Active,-22.8015,-69.2818,Minera Spence S.A. ,"BHP Billiton plc, 100%",200,tmt,Copper,31.2
Mirador,182,Prospect/Project,Prospect/Project,-22.950999999999965,-69.02399999999994,Antofagasta,,Gabriela Mistral SX-EW plant,325,SX-EW Plant,Active,-23.4173,-68.7838,Minera Gaby S.A. ,"Corporación Nacional del Cobre (CODELCO) (Government, 100%), 100%",170,tmt,Copper,57.4
Mirador,182,Prospect/Project,Prospect/Project,-22.950999999999965,-69.02399999999994,Antofagasta,,Chuquicamata SX-EW plant (oxide) and smelter,292,Smelter,Active,-22.3137,-68.8895,Corporación Nacional del Cobre (CODELCO),"Government, 100%",450,tmt,Copper,72.2
Mirador,182,Prospect/Project,Prospect/Project,-22.950999999999965,-69.02399999999994,Antofagasta,,Lomas Bayas SX-EW plant,341,SX-EW Plant,Active,-23.4318,-69.5017,Compañía Minera Xstrata Lomas Bayas ,"Glencore plc, 100%",75,tmt,Copper,72.4
Mirador,182,Prospect/Project,Prospect/Project,-22.950999999999965,-69.02399999999994,Antofagasta,,Chuquicamata Mine (plant to acid-leach fine copper),290,Processing Plant,Active,-22.3013,-68.8404,EcoMetales Ltd. ,"Codelco Technologies Ltd., 100%",25,tmt,Copper,74.7
Mirador,182,Prospect/Project,Prospect/Project,-22.950999999999965,-69.02399999999994,Antofagasta,,Radomiro Tomic SX-EW plant,441,SX-EW Plant,Active,-22.1927,-68.8674,Corporación Nacional del Cobre (CODELCO),"Government, 100%",480,tmt,Copper,85.8
Mirador,182,Prospect/Project,Prospect/Project,-22.950999999999965,-69.02399999999994,Antofagasta,,Antucoya SX-EW plant,271,SX-EW Plant,Active,-22.6298,-69.8832,Antofagasta plc,"Antofagasta plc, 70%, Marubeni Corp., 30%",,,Copper,95.0
Mirador,182,Prospect/Project,Prospect/Project,-22.950999999999965,-69.02399999999994,Antofagasta,,Al Elbra SX-EW plant,268,SX-EW Plant,Active,-21.9859,-68.6886,Sociedad Contractual Minera El Abra ,"Freeport-McMoRan Copper & Gold Inc., 51%, and Corporación Nacional del Cobre (CODELCO) (Government, 100%), 49%",225,tmt,Copper,112.7
Mirador,182,Prospect/Project,Prospect/Project,-22.950999999999965,-69.02399999999994,Antofagasta,,Mantos Blancos SX-EW plant,349,SX-EW Plant,Active,-23.4397,-70.0734,Empresa Minera de Mantos Blancos S.A. ,"Anglo American plc, 99.9%, and other private, 0.1%",100,tmt,Copper,120.2
Mirador,182,Prospect/Project,Prospect/Project,-22.950999999999965,-69.02399999999994,Antofagasta,,Michilla SX-EW/sulfide-leaching plant,359,SX-EW Plant,Active,-22.6791,-70.1883,Minera Michilla S.A. ,"Antofagasta plc, 74.2%, and other private Chilean investors, 25.8%",45,tmt,Copper,123.1
Mirador,182,Prospect/Project,Prospect/Project,-22.950999999999965,-69.02399999999994,Antofagasta,,Mantos de la Luna SX-EW plant,350,SX-EW Plant,Active,-22.3851,-70.1782,Compania Mantos de la Luna,"Izquierdo Menendez Group, 100%",,,Copper,134.1
Mirador,182,Prospect/Project,Prospect/Project,-22.950999999999965,-69.02399999999994,Antofagasta,,Zaldívar SX-EW plant,460,SX-EW Plant,Active,-24.201,-69.0689,Compañía Minera Zaldívar ,"Barrick Gold Corp., 100%",150,tmt,Copper,139.1
Mirador,182,Prospect/Project,Prospect/Project,-22.950999999999965,-69.02399999999994,Antofagasta,,Plant near Tocopilla,430,Processing Plant,Active,-21.9459,-69.8715,Minera Capacho Viejo Ltda. ,Minera Capacho Viejo Ltda. ,"5,000",mt,Copper,141.7
Mirador,182,Prospect/Project,Prospect/Project,-22.950999999999965,-69.02399999999994,Antofagasta,,Escondida oxide plant for cathode production (SX-EW),320,SX-EW Plant,Active,-24.2536,-69.1008,Minera Escondida Ltda. ,"BHP Billiton plc, 57.5%; Rio Tinto plc, 30%; Japan Escondida Corp., 10%; International Finance Corp., 2.5%","1,300",tmt,Copper,145.1
Mirador,182,Prospect/Project,Prospect/Project,-22.950999999999965,-69.02399999999994,Antofagasta,,Escondida sulfide-leach plant for cathode production,321,Processing Plant,Active,-24.2601,-68.9925,Minera Escondida Ltda. ,"BHP Billiton plc, 57.5%; Rio Tinto plc, 30%; Japan Escondida Corp., 10%; International Finance Corp., 2.5%","1,300",tmt,Copper,145.6
Mirador,182,Prospect/Project,Prospect/Project,-22.950999999999965,-69.02399999999994,Antofagasta,,Escondida concentrator,317,Concentrator,Active,-24.2628,-69.0581,Minera Escondida Ltda.,"Minera Escondida Ltda., 100%","1,300",tmt,Copper,145.9
Mirador,182,Prospect/Project,Prospect/Project,-22.950999999999965,-69.02399999999994,Antofagasta,,Escondida concentrator,318,Concentrator,Active,-24.2628,-69.0581,Minera Escondida Ltda.,"Minera Escondida Ltda., 100%","4,500",kg,Gold,145.9
Mocha,183,Prospect/Project,Prospect/Project,-19.809999999999945,-69.28099999999995,Tarapacá,,Cerro Colorado SX-EW plant,282,SX-EW Plant,Active,-20.0624,-69.2663,Compañía Minera Cerro Colorado ,"BHP Billiton plc, 100%",120,tmt,Copper,28.1
Mocha,183,Prospect/Project,Prospect/Project,-19.809999999999945,-69.28099999999995,Tarapacá,,La Cascada SX-EW plant,339,SX-EW Plant,Active,-20.1873,-69.3329,Haldeman Mining Company S.A. ,"Haldeman Mining Company S.A., 100%",,,Copper,42.3
Mocha,183,Prospect/Project,Prospect/Project,-19.809999999999945,-69.28099999999995,Tarapacá,,Quebrada Blanca SX-EW plant,440,SX-EW Plant,Active,-21.0027,-68.7964,Compañía Minera Quebrada Blanca ,"Teck Cominco Ltd., 76.5%; Inversiones Mineras S.A., 13.5%; Empresa Nacional de Minería (ENAMI) (Government, 100%), 10%",100,tmt,Copper,141.9
Mocha,183,Prospect/Project,Prospect/Project,-19.809999999999945,-69.28099999999995,Tarapacá,,Collahuasi SX-EW plant,295,SX-EW Plant,Active,-20.9779,-68.6315,Compañía Minera Doña Inés de Collahuasi SCM ,"Anglo American plc, 44%; Glencore plc, 44%; companies led by Mitsui & Co. Ltd., 12%",400,tmt,Copper,146.4
Mollacas,185,Prospect/Project,Prospect/Project,-30.738999999999976,-70.66799999999995,Coquimbo,,SX-EW plant,447,SX-EW Plant,Active,-30.261,-71.0917,Compañía Minera Carmen de Andacollo ,"Teck Cominco Ltd., 90%, and Empresa Nacional de Minería (ENAMI) (Government, 100%), 10%",22,tmt,Copper,66.9
Mollacas,185,Prospect/Project,Prospect/Project,-30.738999999999976,-70.66799999999995,Coquimbo,,Plant near Coquimbo (Region IV),415,Processing Plant,Active,-29.8353,-71.1035,Compañía Minera San Gerónimo,Compañía Minera San Gerónimo,"10,000",mt,Copper,108.8
Mollacas,185,Prospect/Project,Prospect/Project,-30.738999999999976,-70.66799999999995,Coquimbo,,Tres Valles SX-EW plant,451,SX-EW Plant,Active,-31.7364,-71.0165,Vecchiola SA,Vecchiola SA,,,Copper,115.7
Negreiros,186,Mine (active),Active,-19.872999999999934,-69.87299999999993,Tarapacá,,Plant near Iquique,419,Processing Plant,Active,-20.223,-69.7966,Cosayach Nitratos S.A. ,"Inverraz S.A., 100%","3,000",mt,Iodine,39.7
Negreiros,186,Mine (active),Active,-19.872999999999934,-69.87299999999993,Tarapacá,,Plant near Iquique,420,Processing Plant,Active,-20.223,-69.7966,Cosayach Nitratos S.A. ,"Inverraz S.A., 100%",200,tmt,Nitrate,39.7
Negreiros,186,Mine (active),Active,-19.872999999999934,-69.87299999999993,Tarapacá,,Nueva Victoria plant,369,Processing Plant,Active,-20.9592,-69.6633,SQM Químicos S.A. ,"Sociedad Química y Minera de Chile S.A. (SQM), 100%","13,300",mt,Iodine,122.7
Negreiros,186,Mine (active),Active,-19.872999999999934,-69.87299999999993,Tarapacá,,Iris Plant,334,Processing Plant,Active,-20.9622,-69.6625,SQM Químicos S.A. ,"Sociedad Química y Minera de Chile S.A. (SQM), 100%","13,300",mt,Iodine,123.1
Novicio,187,Prospect/Project,Prospect/Project,-32.54899999999998,-70.25299999999999,Valparaíso,,Plant at Cabildo,374,Processing Plant,Active,-32.5838,-70.8762,Compañía Minera Cerro Negro,Compañía Minera Cerro Negro,200,mt,Copper,58.5
Novicio,187,Prospect/Project,Prospect/Project,-32.54899999999998,-70.25299999999999,Valparaíso,,Chagres smelter (anodes and blister),284,Smelter,Active,-32.8047,-70.9554,Empresa Nacional de Minería (ENAMI),"Government, 100%",175,tmt,Copper,71.6
Novicio,187,Prospect/Project,Prospect/Project,-32.54899999999998,-70.25299999999999,Valparaíso,,Los Bronces (Tortolas) SX-EW plant (cathodes),342,SX-EW Plant,Active,-33.1409,-70.7086,Anglo American Sur S.A. ,"Anglo American plc, 50.1%, Mitsubishi Corp., 20.4%, Corporación Nacional del Cobre, 20%, and Mitsui & Co., Ltd., 9.5% ",490,tmt,Copper,78.4
Novicio,187,Prospect/Project,Prospect/Project,-32.54899999999998,-70.25299999999999,Valparaíso,,El Soldado SX-EW plant,314,SX-EW Plant,Active,-32.6593,-71.1448,Anglo American Sur S.A. ,"Anglo American plc, 50.1%, Mitsubishi Corp., 20.4%, Corporación Nacional del Cobre, 20%, and Mitsui & Co., Ltd., 9.5% ",50,tmt,Copper,84.4
Novicio,187,Prospect/Project,Prospect/Project,-32.54899999999998,-70.25299999999999,Valparaíso,,Tres Valles SX-EW plant,451,SX-EW Plant,Active,-31.7364,-71.0165,Vecchiola SA,Vecchiola SA,,,Copper,115.5
Novicio,187,Prospect/Project,Prospect/Project,-32.54899999999998,-70.25299999999999,Valparaíso,,Las Ventanas refinery and smelter,340,Smelter,Active,-32.7618,-71.4812,Corporación Nacional del Cobre (CODELCO),"Government, 100%",402,tmt,Copper,117.4
Nueva Victoria,248,Mine (active),Active,-20.951,-69.67,Tarapacá,SQM Químicos S.A. ,Nueva Victoria plant,369,Processing Plant,Active,-20.9592,-69.6633,SQM Químicos S.A. ,"Sociedad Química y Minera de Chile S.A. (SQM), 100%","13,300",mt,Iodine,1.1
Nueva Victoria,248,Mine (active),Active,-20.951,-69.67,Tarapacá,SQM Químicos S.A. ,Iris Plant,334,Processing Plant,Active,-20.9622,-69.6625,SQM Químicos S.A. ,"Sociedad Química y Minera de Chile S.A. (SQM), 100%","13,300",mt,Iodine,1.5
Nueva Victoria,248,Mine (active),Active,-20.951,-69.67,Tarapacá,SQM Químicos S.A. ,Plant near Iquique,419,Processing Plant,Active,-20.223,-69.7966,Cosayach Nitratos S.A. ,"Inverraz S.A., 100%","3,000",mt,Iodine,82.0
Nueva Victoria,248,Mine (active),Active,-20.951,-69.67,Tarapacá,SQM Químicos S.A. ,Plant near Iquique,420,Processing Plant,Active,-20.223,-69.7966,Cosayach Nitratos S.A. ,"Inverraz S.A., 100%",200,tmt,Nitrate,82.0
Nuevo Cobre,188,Prospect/Project,Prospect/Project,-26.498999999999967,-69.36899999999997,Atacama,,Potrerillos SX-EW refinery and smelter,435,Smelter,Active,-26.283,-69.5965,Corporación Nacional del Cobre (CODELCO),"Government, 100%",70,tmt,Copper,33.0
Nuevo Cobre,188,Prospect/Project,Prospect/Project,-26.498999999999967,-69.36899999999997,Atacama,,Franke SX-EW Plant,324,SX-EW Plant,Active,-25.8334,-69.8639,Sociedad Contractual Minera Franke ,"KGHM International Ltd., 100%",,,Copper,89.0
Nuevo Cobre,188,Prospect/Project,Prospect/Project,-26.498999999999967,-69.36899999999997,Atacama,,Osvaldo Martínez,370,Processing Plant,Active,-26.4196,-70.3172,Empresa Nacional de Minería (ENAMI),"Government, 100%",180,tmt,Copper,94.8
Nuevo Cobre,188,Prospect/Project,Prospect/Project,-26.498999999999967,-69.36899999999997,Atacama,,Mantoverde SX-EW plant,351,SX-EW Plant,Active,-26.5615,-70.3253,Empresa Minera de Mantos Blancos S.A. ,"Anglo American plc, 99.9%, and other private, 0.1%",65,tmt,Copper,95.4
Nuevo Cobre,188,Prospect/Project,Prospect/Project,-26.498999999999967,-69.36899999999997,Atacama,,Manuel Antonio Matta,352,Processing Plant,Active,-27.4131,-70.2517,Empresa Nacional de Minería (ENAMI),"Government, 100%",180,tmt,Copper,134.1
Nuevo Cobre,188,Prospect/Project,Prospect/Project,-26.498999999999967,-69.36899999999997,Atacama,,Hernán Videla Lira smelter (anodes and blister),331,Smelter,Active,-27.4198,-70.2577,Empresa Nacional de Minería (ENAMI),"Government, 100%",340,tmt,Copper,135.1
Nuevo Cobre,188,Prospect/Project,Prospect/Project,-26.498999999999967,-69.36899999999997,Atacama,,Biocobre refinery,274,Refinery,Active,-27.5734,-70.2484,Sociedad Punta del Cobre S.A (Pucobre),Sociedad Punta del Cobre S.A (Pucobre) (100%),,,Copper,147.8
Opache,189,Prospect/Project,Prospect/Project,-22.448999999999955,-68.97199999999998,Antofagasta,,Chuquicamata SX-EW plant (oxide) and smelter,292,Smelter,Active,-22.3137,-68.8895,Corporación Nacional del Cobre (CODELCO),"Government, 100%",450,tmt,Copper,17.3
Opache,189,Prospect/Project,Prospect/Project,-22.448999999999955,-68.97199999999998,Antofagasta,,Chuquicamata Mine (plant to acid-leach fine copper),290,Processing Plant,Active,-22.3013,-68.8404,EcoMetales Ltd. ,"Codelco Technologies Ltd., 100%",25,tmt,Copper,21.3
Opache,189,Prospect/Project,Prospect/Project,-22.448999999999955,-68.97199999999998,Antofagasta,,Radomiro Tomic SX-EW plant,441,SX-EW Plant,Active,-22.1927,-68.8674,Corporación Nacional del Cobre (CODELCO),"Government, 100%",480,tmt,Copper,30.5
Opache,189,Prospect/Project,Prospect/Project,-22.448999999999955,-68.97199999999998,Antofagasta,,Spence SX-EW plant,444,SX-EW Plant,Active,-22.8015,-69.2818,Minera Spence S.A. ,"BHP Billiton plc, 100%",200,tmt,Copper,50.5
Opache,189,Prospect/Project,Prospect/Project,-22.448999999999955,-68.97199999999998,Antofagasta,,Centinela oxide and sulfide plant,279,Processing Plant,Active,-22.9275,-69.0965,Antofagasta plc,"Antofagasta plc, 70%, and Marubeni Corp., 30%",300,tmt,Copper,54.7
Opache,189,Prospect/Project,Prospect/Project,-22.448999999999955,-68.97199999999998,Antofagasta,,El Tesoro SX-EW plant,316,SX-EW Plant,Active,-22.9277,-69.0976,Minera El Tesoro S.A. ,"Antofagasta plc, 70%, and Marubeni Corp., 30%",110,tmt,Copper,54.8
Opache,189,Prospect/Project,Prospect/Project,-22.448999999999955,-68.97199999999998,Antofagasta,,Al Elbra SX-EW plant,268,SX-EW Plant,Active,-21.9859,-68.6886,Sociedad Contractual Minera El Abra ,"Freeport-McMoRan Copper & Gold Inc., 51%, and Corporación Nacional del Cobre (CODELCO) (Government, 100%), 49%",225,tmt,Copper,59.2
Opache,189,Prospect/Project,Prospect/Project,-22.448999999999955,-68.97199999999998,Antofagasta,,Antucoya SX-EW plant,271,SX-EW Plant,Active,-22.6298,-69.8832,Antofagasta plc,"Antofagasta plc, 70%, Marubeni Corp., 30%",,,Copper,95.7
Opache,189,Prospect/Project,Prospect/Project,-22.448999999999955,-68.97199999999998,Antofagasta,,Plant near Tocopilla,430,Processing Plant,Active,-21.9459,-69.8715,Minera Capacho Viejo Ltda. ,Minera Capacho Viejo Ltda. ,"5,000",mt,Copper,108.2
Opache,189,Prospect/Project,Prospect/Project,-22.448999999999955,-68.97199999999998,Antofagasta,,Gabriela Mistral SX-EW plant,325,SX-EW Plant,Active,-23.4173,-68.7838,Minera Gaby S.A. ,"Corporación Nacional del Cobre (CODELCO) (Government, 100%), 100%",170,tmt,Copper,109.4
Opache,189,Prospect/Project,Prospect/Project,-22.448999999999955,-68.97199999999998,Antofagasta,,Lomas Bayas SX-EW plant,341,SX-EW Plant,Active,-23.4318,-69.5017,Compañía Minera Xstrata Lomas Bayas ,"Glencore plc, 100%",75,tmt,Copper,122.0
Opache,189,Prospect/Project,Prospect/Project,-22.448999999999955,-68.97199999999998,Antofagasta,,Mantos de la Luna SX-EW plant,350,SX-EW Plant,Active,-22.3851,-70.1782,Compania Mantos de la Luna,"Izquierdo Menendez Group, 100%",,,Copper,124.2
Opache,189,Prospect/Project,Prospect/Project,-22.448999999999955,-68.97199999999998,Antofagasta,,Michilla SX-EW/sulfide-leaching plant,359,SX-EW Plant,Active,-22.6791,-70.1883,Minera Michilla S.A. ,"Antofagasta plc, 74.2%, and other private Chilean investors, 25.8%",45,tmt,Copper,127.5
Paguanta,190,Prospect/Project,Prospect/Project,-19.77899999999994,-69.06699999999995,Tarapacá,,Collahuasi plants,293,Processing Plant,Active,-20.9761,-68.6272,Compañía Minera Doña Inés de Collahuasi SCM ,"Anglo American plc, 44%; Glencore plc, 44%; companies led by Mitsui & Co. Ltd., 12%",,,Gold,140.8
Paguanta,190,Prospect/Project,Prospect/Project,-19.77899999999994,-69.06699999999995,Tarapacá,,Collahuasi plants,294,Processing Plant,Active,-20.9761,-68.6272,Compañía Minera Doña Inés de Collahuasi SCM ,"Anglo American plc, 44%; Glencore plc, 44%; companies led by Mitsui & Co. Ltd., 12%","60,000",kg,Silver,140.8
Palmira,191,Mine (idle),Idle,-29.811999999999955,-70.94999999999999,Coquimbo,,Plant near Coquimbo (Region IV),415,Processing Plant,Active,-29.8353,-71.1035,Compañía Minera San Gerónimo,Compañía Minera San Gerónimo,"10,000",mt,Copper,15.0
Palmira,191,Mine (idle),Idle,-29.811999999999955,-70.94999999999999,Coquimbo,,Plant in Coquimbo city,401,Processing Plant,Care & Maintenance,-29.9512,-71.2918,Manganesos Atacama S.A. ,"Subsidiary of CAP S.A. (private, 100%)","10,000",mt,Manganese,36.4
Palmira,191,Mine (idle),Idle,-29.811999999999955,-70.94999999999999,Coquimbo,,SX-EW plant,447,SX-EW Plant,Active,-30.261,-71.0917,Compañía Minera Carmen de Andacollo ,"Teck Cominco Ltd., 90%, and Empresa Nacional de Minería (ENAMI) (Government, 100%), 10%",22,tmt,Copper,51.8
Palmira,191,Mine (idle),Idle,-29.811999999999955,-70.94999999999999,Coquimbo,,Dos Amigos SX-EW plant,305,SX-EW Plant,Active,-28.9869,-70.8859,CEMIN,CEMIN,,,Copper,92.0
Palmira,191,Mine (idle),Idle,-29.811999999999955,-70.94999999999999,Coquimbo,,Vallenar plant,453,Processing Plant,Active,-28.5652,-70.7387,Empresa Nacional de Minería (ENAMI),"Government, 100%",180,tmt,Copper,140.1
Pampa Blanca,247,Mine (active),Active,-23.159,-69.637,Antofagasta,SQM Químicos S.A. ,Coya Sur plant,298,Processing Plant,Active,-22.3962,-69.6207,SQM Nitratos S.A. ,"Sociedad Química y Minera de Chile S.A. (SQM), 100%",950,tmt,Nitrate,84.8
Pampa Blanca,247,Mine (active),Active,-23.159,-69.637,Antofagasta,SQM Químicos S.A. ,Coya Sur plant,299,Processing Plant,Active,-22.3962,-69.6207,SQM Nitratos S.A. ,"Sociedad Química y Minera de Chile S.A. (SQM), 100%",770,tmt,Nitrate,84.8
Pampa Blanca,247,Mine (active),Active,-23.159,-69.637,Antofagasta,SQM Químicos S.A. ,Maria Elena plant,355,Processing Plant,Active,-22.3367,-69.6595,SQM Nitratos S.A. ,"Sociedad Química y Minera de Chile S.A. (SQM), 100%",950,tmt,Nitrate,91.5
Pampa Blanca,247,Mine (active),Active,-23.159,-69.637,Antofagasta,SQM Químicos S.A. ,Maria Elena plant,356,Processing Plant,Active,-22.3367,-69.6595,SQM Nitratos S.A. ,"Sociedad Química y Minera de Chile S.A. (SQM), 100%",770,tmt,Nitrate,91.5
Pampa Blanca,247,Mine (active),Active,-23.159,-69.637,Antofagasta,SQM Químicos S.A. ,María Elena plant,357,Processing Plant,Active,-22.3367,-69.6595,SQM Químicos S.A. ,"Sociedad Química y Minera de Chile S.A. (SQM), 100%","13,300",mt,Iodine,91.5
Pampa Blanca,247,Mine (active),Active,-23.159,-69.637,Antofagasta,SQM Químicos S.A. ,Plant in Aguas Blancas,397,Processing Plant,Active,-24.1357,-69.8671,Atacama Minerals Chile Minera ,SCM Bullmine and RB Energy,"2,200",mt,Iodine,111.1
Pampa Escondida,193,Prospect/Project,Prospect/Project,-24.24599999999998,-69.03399999999993,Antofagasta,,Escondida concentrator,317,Concentrator,Active,-24.2628,-69.0581,Minera Escondida Ltda.,"Minera Escondida Ltda., 100%","1,300",tmt,Copper,3.1
Pampa Escondida,193,Prospect/Project,Prospect/Project,-24.24599999999998,-69.03399999999993,Antofagasta,,Escondida concentrator,318,Concentrator,Active,-24.2628,-69.0581,Minera Escondida Ltda.,"Minera Escondida Ltda., 100%","4,500",kg,Gold,3.1
Pampa Escondida,193,Prospect/Project,Prospect/Project,-24.24599999999998,-69.03399999999993,Antofagasta,,Escondida sulfide-leach plant for cathode production,321,Processing Plant,Active,-24.2601,-68.9925,Minera Escondida Ltda. ,"BHP Billiton plc, 57.5%; Rio Tinto plc, 30%; Japan Escondida Corp., 10%; International Finance Corp., 2.5%","1,300",tmt,Copper,4.5
Pampa Escondida,193,Prospect/Project,Prospect/Project,-24.24599999999998,-69.03399999999993,Antofagasta,,Zaldívar SX-EW plant,460,SX-EW Plant,Active,-24.201,-69.0689,Compañía Minera Zaldívar ,"Barrick Gold Corp., 100%",150,tmt,Copper,6.1
Pampa Escondida,193,Prospect/Project,Prospect/Project,-24.24599999999998,-69.03399999999993,Antofagasta,,Escondida oxide plant for cathode production (SX-EW),320,SX-EW Plant,Active,-24.2536,-69.1008,Minera Escondida Ltda. ,"BHP Billiton plc, 57.5%; Rio Tinto plc, 30%; Japan Escondida Corp., 10%; International Finance Corp., 2.5%","1,300",tmt,Copper,6.8
Pampa Escondida,193,Prospect/Project,Prospect/Project,-24.24599999999998,-69.03399999999993,Antofagasta,,El Peñón concentration plant,309,Concentrator,Active,-24.4116,-69.4969,Minera Meridian Ltda. ,"Yamana Gold Inc., 100%","10,500",kg,Gold,50.4
Pampa Escondida,193,Prospect/Project,Prospect/Project,-24.24599999999998,-69.03399999999993,Antofagasta,,Gabriela Mistral SX-EW plant,325,SX-EW Plant,Active,-23.4173,-68.7838,Minera Gaby S.A. ,"Corporación Nacional del Cobre (CODELCO) (Government, 100%), 100%",170,tmt,Copper,95.6
Pampa Escondida,193,Prospect/Project,Prospect/Project,-24.24599999999998,-69.03399999999993,Antofagasta,,Lomas Bayas SX-EW plant,341,SX-EW Plant,Active,-23.4318,-69.5017,Compañía Minera Xstrata Lomas Bayas ,"Glencore plc, 100%",75,tmt,Copper,102.3
Pampa Escondida,193,Prospect/Project,Prospect/Project,-24.24599999999998,-69.03399999999993,Antofagasta,,Altonorte smelter,269,Smelter,Active,-23.8247,-70.3178,Glencore Copper Chile S.A. ,Glencore Copper Chile S.A. ,300,tmt,Copper,138.5
Pampa Escondida,193,Prospect/Project,Prospect/Project,-24.24599999999998,-69.03399999999993,Antofagasta,,Mantos Blancos SX-EW plant,349,SX-EW Plant,Active,-23.4397,-70.0734,Empresa Minera de Mantos Blancos S.A. ,"Anglo American plc, 99.9%, and other private, 0.1%",100,tmt,Copper,138.6
Pampa Escondida,193,Prospect/Project,Prospect/Project,-24.24599999999998,-69.03399999999993,Antofagasta,,Esperanza milling/flotation plant,322,Concentrator,Active,-22.9998,-69.1036,Minera Esperanza S.A. ,"Antofagasta plc, 70%, and Marubeni Corp., 30%","8,000",kg,Gold,138.8
Pampa Escondida,193,Prospect/Project,Prospect/Project,-24.24599999999998,-69.03399999999993,Antofagasta,,Centinela oxide and sulfide plant,279,Processing Plant,Active,-22.9275,-69.0965,Antofagasta plc,"Antofagasta plc, 70%, and Marubeni Corp., 30%",300,tmt,Copper,146.7
Pampa Escondida,193,Prospect/Project,Prospect/Project,-24.24599999999998,-69.03399999999993,Antofagasta,,El Tesoro SX-EW plant,316,SX-EW Plant,Active,-22.9277,-69.0976,Minera El Tesoro S.A. ,"Antofagasta plc, 70%, and Marubeni Corp., 30%",110,tmt,Copper,146.7
Pampa Orcoma ,249,Mine (active),Active,-19.919,-69.95,Tarapacá,,Plant near Iquique,419,Processing Plant,Active,-20.223,-69.7966,Cosayach Nitratos S.A. ,"Inverraz S.A., 100%","3,000",mt,Iodine,37.4
Pampa Orcoma ,249,Mine (active),Active,-19.919,-69.95,Tarapacá,,Plant near Iquique,420,Processing Plant,Active,-20.223,-69.7966,Cosayach Nitratos S.A. ,"Inverraz S.A., 100%",200,tmt,Nitrate,37.4
Pampa Orcoma ,249,Mine (active),Active,-19.919,-69.95,Tarapacá,,Nueva Victoria plant,369,Processing Plant,Active,-20.9592,-69.6633,SQM Químicos S.A. ,"Sociedad Química y Minera de Chile S.A. (SQM), 100%","13,300",mt,Iodine,119.5
Pampa Orcoma ,249,Mine (active),Active,-19.919,-69.95,Tarapacá,,Iris Plant,334,Processing Plant,Active,-20.9622,-69.6625,SQM Químicos S.A. ,"Sociedad Química y Minera de Chile S.A. (SQM), 100%","13,300",mt,Iodine,119.8
Pampa Paciencia,194,Prospect/Project,Prospect/Project,-22.727999999999952,-69.41299999999995,Antofagasta,,Esperanza milling/flotation plant,322,Concentrator,Active,-22.9998,-69.1036,Minera Esperanza S.A. ,"Antofagasta plc, 70%, and Marubeni Corp., 30%","8,000",kg,Gold,43.8
Pantanillo,195,Prospect/Project,Prospect/Project,-27.482999999999947,-69.07499999999999,Atacama,,Manuel Antonio Matta plant,353,Processing Plant,Active,-27.4131,-70.2517,Empresa Nacional de Minería (ENAMI),"Government, 100%",400,kg,Gold,116.4
Panulcillo,196,Mine (active),Active,-30.460999999999956,-71.21899999999994,Coquimbo,,SX-EW plant,447,SX-EW Plant,Active,-30.261,-71.0917,Compañía Minera Carmen de Andacollo ,"Teck Cominco Ltd., 90%, and Empresa Nacional de Minería (ENAMI) (Government, 100%), 10%",22,tmt,Copper,25.4
Panulcillo,196,Mine (active),Active,-30.460999999999956,-71.21899999999994,Coquimbo,,Plant near Coquimbo (Region IV),415,Processing Plant,Active,-29.8353,-71.1035,Compañía Minera San Gerónimo,Compañía Minera San Gerónimo,"10,000",mt,Copper,70.5
Panulcillo,196,Mine (active),Active,-30.460999999999956,-71.21899999999994,Coquimbo,,Tres Valles SX-EW plant,451,SX-EW Plant,Active,-31.7364,-71.0165,Vecchiola SA,Vecchiola SA,,,Copper,143.1
Pascua Lama,197,Prospect/Project,Prospect/Project,-29.32099999999997,-70.02699999999999,Atacama,,Vallenar plant,454,Processing Plant,Active,-28.5652,-70.7387,Empresa Nacional de Minería (ENAMI),"Government, 100%",400,kg,Gold,108.9
Pascua Lama,197,Prospect/Project,Prospect/Project,-29.32099999999997,-70.02699999999999,Atacama,,Vallenar plant,455,Processing Plant,Active,-28.5652,-70.7387,Empresa Nacional de Minería (ENAMI),"Government, 100%","6,000",kg,Silver,108.9
Pedro de Valdivia,198,Mine (idle),Idle,-22.801999999999964,-69.80199999999996,Antofagasta,SQM Químicos S.A. ,Coya Sur plant,298,Processing Plant,Active,-22.3962,-69.6207,SQM Nitratos S.A. ,"Sociedad Química y Minera de Chile S.A. (SQM), 100%",950,tmt,Nitrate,48.8
Pedro de Valdivia,198,Mine (idle),Idle,-22.801999999999964,-69.80199999999996,Antofagasta,SQM Químicos S.A. ,Coya Sur plant,299,Processing Plant,Active,-22.3962,-69.6207,SQM Nitratos S.A. ,"Sociedad Química y Minera de Chile S.A. (SQM), 100%",770,tmt,Nitrate,48.8
Pedro de Valdivia,198,Mine (idle),Idle,-22.801999999999964,-69.80199999999996,Antofagasta,SQM Químicos S.A. ,Maria Elena plant,355,Processing Plant,Active,-22.3367,-69.6595,SQM Nitratos S.A. ,"Sociedad Química y Minera de Chile S.A. (SQM), 100%",950,tmt,Nitrate,53.8
Pedro de Valdivia,198,Mine (idle),Idle,-22.801999999999964,-69.80199999999996,Antofagasta,SQM Químicos S.A. ,Maria Elena plant,356,Processing Plant,Active,-22.3367,-69.6595,SQM Nitratos S.A. ,"Sociedad Química y Minera de Chile S.A. (SQM), 100%",770,tmt,Nitrate,53.8
Pedro de Valdivia,198,Mine (idle),Idle,-22.801999999999964,-69.80199999999996,Antofagasta,SQM Químicos S.A. ,María Elena plant,357,Processing Plant,Active,-22.3367,-69.6595,SQM Químicos S.A. ,"Sociedad Química y Minera de Chile S.A. (SQM), 100%","13,300",mt,Iodine,53.8
Pedro de Valdivia,198,Mine (idle),Idle,-22.801999999999964,-69.80199999999996,Antofagasta,SQM Químicos S.A. ,Plant in Aguas Blancas,397,Processing Plant,Active,-24.1357,-69.8671,Atacama Minerals Chile Minera ,SCM Bullmine and RB Energy,"2,200",mt,Iodine,148.4
Penacho Blanco,199,Prospect/Project,Prospect/Project,-23.146999999999935,-69.16299999999995,Antofagasta,,Esperanza milling/flotation plant,322,Concentrator,Active,-22.9998,-69.1036,Minera Esperanza S.A. ,"Antofagasta plc, 70%, and Marubeni Corp., 30%","8,000",kg,Gold,17.5
Penacho Blanco,199,Prospect/Project,Prospect/Project,-23.146999999999935,-69.16299999999995,Antofagasta,,Centinela oxide and sulfide plant,279,Processing Plant,Active,-22.9275,-69.0965,Antofagasta plc,"Antofagasta plc, 70%, and Marubeni Corp., 30%",300,tmt,Copper,25.3
Penacho Blanco,199,Prospect/Project,Prospect/Project,-23.146999999999935,-69.16299999999995,Antofagasta,,El Tesoro SX-EW plant,316,SX-EW Plant,Active,-22.9277,-69.0976,Minera El Tesoro S.A. ,"Antofagasta plc, 70%, and Marubeni Corp., 30%",110,tmt,Copper,25.3
Penacho Blanco,199,Prospect/Project,Prospect/Project,-23.146999999999935,-69.16299999999995,Antofagasta,,Spence SX-EW plant,444,SX-EW Plant,Active,-22.8015,-69.2818,Minera Spence S.A. ,"BHP Billiton plc, 100%",200,tmt,Copper,40.3
Penacho Blanco,199,Prospect/Project,Prospect/Project,-23.146999999999935,-69.16299999999995,Antofagasta,,Lomas Bayas SX-EW plant,341,SX-EW Plant,Active,-23.4318,-69.5017,Compañía Minera Xstrata Lomas Bayas ,"Glencore plc, 100%",75,tmt,Copper,46.9
Penacho Blanco,199,Prospect/Project,Prospect/Project,-23.146999999999935,-69.16299999999995,Antofagasta,,Gabriela Mistral SX-EW plant,325,SX-EW Plant,Active,-23.4173,-68.7838,Minera Gaby S.A. ,"Corporación Nacional del Cobre (CODELCO) (Government, 100%), 100%",170,tmt,Copper,49.0
Penacho Blanco,199,Prospect/Project,Prospect/Project,-23.146999999999935,-69.16299999999995,Antofagasta,,Antucoya SX-EW plant,271,SX-EW Plant,Active,-22.6298,-69.8832,Antofagasta plc,"Antofagasta plc, 70%, Marubeni Corp., 30%",,,Copper,93.5
Penacho Blanco,199,Prospect/Project,Prospect/Project,-23.146999999999935,-69.16299999999995,Antofagasta,,Chuquicamata SX-EW plant (oxide) and smelter,292,Smelter,Active,-22.3137,-68.8895,Corporación Nacional del Cobre (CODELCO),"Government, 100%",450,tmt,Copper,96.8
Penacho Blanco,199,Prospect/Project,Prospect/Project,-23.146999999999935,-69.16299999999995,Antofagasta,,Mantos Blancos SX-EW plant,349,SX-EW Plant,Active,-23.4397,-70.0734,Empresa Minera de Mantos Blancos S.A. ,"Anglo American plc, 99.9%, and other private, 0.1%",100,tmt,Copper,98.5
Penacho Blanco,199,Prospect/Project,Prospect/Project,-23.146999999999935,-69.16299999999995,Antofagasta,,Chuquicamata Mine (plant to acid-leach fine copper),290,Processing Plant,Active,-22.3013,-68.8404,EcoMetales Ltd. ,"Codelco Technologies Ltd., 100%",25,tmt,Copper,99.7
Penacho Blanco,199,Prospect/Project,Prospect/Project,-23.146999999999935,-69.16299999999995,Antofagasta,,Radomiro Tomic SX-EW plant,441,SX-EW Plant,Active,-22.1927,-68.8674,Corporación Nacional del Cobre (CODELCO),"Government, 100%",480,tmt,Copper,110.4
Penacho Blanco,199,Prospect/Project,Prospect/Project,-23.146999999999935,-69.16299999999995,Antofagasta,,Michilla SX-EW/sulfide-leaching plant,359,SX-EW Plant,Active,-22.6791,-70.1883,Minera Michilla S.A. ,"Antofagasta plc, 74.2%, and other private Chilean investors, 25.8%",45,tmt,Copper,117.2
Penacho Blanco,199,Prospect/Project,Prospect/Project,-23.146999999999935,-69.16299999999995,Antofagasta,,Zaldívar SX-EW plant,460,SX-EW Plant,Active,-24.201,-69.0689,Compañía Minera Zaldívar ,"Barrick Gold Corp., 100%",150,tmt,Copper,117.6
Penacho Blanco,199,Prospect/Project,Prospect/Project,-23.146999999999935,-69.16299999999995,Antofagasta,,Escondida oxide plant for cathode production (SX-EW),320,SX-EW Plant,Active,-24.2536,-69.1008,Minera Escondida Ltda. ,"BHP Billiton plc, 57.5%; Rio Tinto plc, 30%; Japan Escondida Corp., 10%; International Finance Corp., 2.5%","1,300",tmt,Copper,123.2
Penacho Blanco,199,Prospect/Project,Prospect/Project,-23.146999999999935,-69.16299999999995,Antofagasta,,Escondida concentrator,317,Concentrator,Active,-24.2628,-69.0581,Minera Escondida Ltda.,"Minera Escondida Ltda., 100%","1,300",tmt,Copper,124.5
Penacho Blanco,199,Prospect/Project,Prospect/Project,-23.146999999999935,-69.16299999999995,Antofagasta,,Escondida concentrator,318,Concentrator,Active,-24.2628,-69.0581,Minera Escondida Ltda.,"Minera Escondida Ltda., 100%","4,500",kg,Gold,124.5
Penacho Blanco,199,Prospect/Project,Prospect/Project,-23.146999999999935,-69.16299999999995,Antofagasta,,Escondida sulfide-leach plant for cathode production,321,Processing Plant,Active,-24.2601,-68.9925,Minera Escondida Ltda. ,"BHP Billiton plc, 57.5%; Rio Tinto plc, 30%; Japan Escondida Corp., 10%; International Finance Corp., 2.5%","1,300",tmt,Copper,125.0
Penacho Blanco,199,Prospect/Project,Prospect/Project,-23.146999999999935,-69.16299999999995,Antofagasta,,Mantos de la Luna SX-EW plant,350,SX-EW Plant,Active,-22.3851,-70.1782,Compania Mantos de la Luna,"Izquierdo Menendez Group, 100%",,,Copper,134.2
Penacho Blanco,199,Prospect/Project,Prospect/Project,-23.146999999999935,-69.16299999999995,Antofagasta,,Al Elbra SX-EW plant,268,SX-EW Plant,Active,-21.9859,-68.6886,Sociedad Contractual Minera El Abra ,"Freeport-McMoRan Copper & Gold Inc., 51%, and Corporación Nacional del Cobre (CODELCO) (Government, 100%), 49%",225,tmt,Copper,138.0
Penacho Blanco,199,Prospect/Project,Prospect/Project,-23.146999999999935,-69.16299999999995,Antofagasta,,Altonorte smelter,269,Smelter,Active,-23.8247,-70.3178,Glencore Copper Chile S.A. ,Glencore Copper Chile S.A. ,300,tmt,Copper,139.8
Penacho Blanco,199,Prospect/Project,Prospect/Project,-23.146999999999935,-69.16299999999995,Antofagasta,,El Peñón concentration plant,309,Concentrator,Active,-24.4116,-69.4969,Minera Meridian Ltda. ,"Yamana Gold Inc., 100%","10,500",kg,Gold,144.7
Pimentón,201,Prospect/Project,Prospect/Project,-32.48299999999995,-70.20199999999994,Valparaíso,,Plant at Cabildo,374,Processing Plant,Active,-32.5838,-70.8762,Compañía Minera Cerro Negro,Compañía Minera Cerro Negro,200,mt,Copper,64.2
Pimentón,201,Prospect/Project,Prospect/Project,-32.48299999999995,-70.20199999999994,Valparaíso,,Chagres smelter (anodes and blister),284,Smelter,Active,-32.8047,-70.9554,Empresa Nacional de Minería (ENAMI),"Government, 100%",175,tmt,Copper,79.1
Pimentón,201,Prospect/Project,Prospect/Project,-32.48299999999995,-70.20199999999994,Valparaíso,,Los Pelambres plant,345,Processing Plant,Active,-31.8134,-70.5823,Antofagasta plc,"Antofagasta plc, 60%; JX Nippon Mining Metals Corp, 15%; Mitsubishi Materials Corp., 10%; Marubeni Corp., 8.75%; Mitsubishi Corp., 5%; Mitsui & Co. Ltd., 1.25%","1,700",kg,Gold,82.6
Pimentón,201,Prospect/Project,Prospect/Project,-32.48299999999995,-70.20199999999994,Valparaíso,,Los Bronces (Tortolas) SX-EW plant (cathodes),342,SX-EW Plant,Active,-33.1409,-70.7086,Anglo American Sur S.A. ,"Anglo American plc, 50.1%, Mitsubishi Corp., 20.4%, Corporación Nacional del Cobre, 20%, and Mitsui & Co., Ltd., 9.5% ",490,tmt,Copper,87.1
Pimentón,201,Prospect/Project,Prospect/Project,-32.48299999999995,-70.20199999999994,Valparaíso,,El Soldado SX-EW plant,314,SX-EW Plant,Active,-32.6593,-71.1448,Anglo American Sur S.A. ,"Anglo American plc, 50.1%, Mitsubishi Corp., 20.4%, Corporación Nacional del Cobre, 20%, and Mitsui & Co., Ltd., 9.5% ",50,tmt,Copper,90.5
Pimentón,201,Prospect/Project,Prospect/Project,-32.48299999999995,-70.20199999999994,Valparaíso,,Tres Valles SX-EW plant,451,SX-EW Plant,Active,-31.7364,-71.0165,Vecchiola SA,Vecchiola SA,,,Copper,113.0
Pimentón,201,Prospect/Project,Prospect/Project,-32.48299999999995,-70.20199999999994,Valparaíso,,Las Ventanas refinery and smelter,340,Smelter,Active,-32.7618,-71.4812,Corporación Nacional del Cobre (CODELCO),"Government, 100%",402,tmt,Copper,123.7
Pimentón,201,Prospect/Project,Prospect/Project,-32.48299999999995,-70.20199999999994,Valparaíso,,Ventanas refinery and smelter,456,Smelter,Active,-32.7618,-71.4812,Corporación Nacional del Cobre (CODELCO),"Government, 100%","12,000",kg,Gold,123.7
Pinta Verde,202,Prospect/Project,Prospect/Project,-24.22999999999996,-69.08099999999996,Antofagasta,,Escondida oxide plant for cathode production (SX-EW),320,SX-EW Plant,Active,-24.2536,-69.1008,Minera Escondida Ltda. ,"BHP Billiton plc, 57.5%; Rio Tinto plc, 30%; Japan Escondida Corp., 10%; International Finance Corp., 2.5%","1,300",tmt,Copper,3.3
Pinta Verde,202,Prospect/Project,Prospect/Project,-24.22999999999996,-69.08099999999996,Antofagasta,,Zaldívar SX-EW plant,460,SX-EW Plant,Active,-24.201,-69.0689,Compañía Minera Zaldívar ,"Barrick Gold Corp., 100%",150,tmt,Copper,3.5
Pinta Verde,202,Prospect/Project,Prospect/Project,-24.22999999999996,-69.08099999999996,Antofagasta,,Escondida concentrator,317,Concentrator,Active,-24.2628,-69.0581,Minera Escondida Ltda.,"Minera Escondida Ltda., 100%","1,300",tmt,Copper,4.3
Pinta Verde,202,Prospect/Project,Prospect/Project,-24.22999999999996,-69.08099999999996,Antofagasta,,Escondida sulfide-leach plant for cathode production,321,Processing Plant,Active,-24.2601,-68.9925,Minera Escondida Ltda. ,"BHP Billiton plc, 57.5%; Rio Tinto plc, 30%; Japan Escondida Corp., 10%; International Finance Corp., 2.5%","1,300",tmt,Copper,9.6
Pinta Verde,202,Prospect/Project,Prospect/Project,-24.22999999999996,-69.08099999999996,Antofagasta,,Gabriela Mistral SX-EW plant,325,SX-EW Plant,Active,-23.4173,-68.7838,Minera Gaby S.A. ,"Corporación Nacional del Cobre (CODELCO) (Government, 100%), 100%",170,tmt,Copper,95.3
Pinta Verde,202,Prospect/Project,Prospect/Project,-24.22999999999996,-69.08099999999996,Antofagasta,,Lomas Bayas SX-EW plant,341,SX-EW Plant,Active,-23.4318,-69.5017,Compañía Minera Xstrata Lomas Bayas ,"Glencore plc, 100%",75,tmt,Copper,98.5
Pinta Verde,202,Prospect/Project,Prospect/Project,-24.22999999999996,-69.08099999999996,Antofagasta,,Altonorte smelter,269,Smelter,Active,-23.8247,-70.3178,Glencore Copper Chile S.A. ,Glencore Copper Chile S.A. ,300,tmt,Copper,133.4
Pinta Verde,202,Prospect/Project,Prospect/Project,-24.22999999999996,-69.08099999999996,Antofagasta,,Mantos Blancos SX-EW plant,349,SX-EW Plant,Active,-23.4397,-70.0734,Empresa Minera de Mantos Blancos S.A. ,"Anglo American plc, 99.9%, and other private, 0.1%",100,tmt,Copper,133.8
Pinta Verde,202,Prospect/Project,Prospect/Project,-24.22999999999996,-69.08099999999996,Antofagasta,,Centinela oxide and sulfide plant,279,Processing Plant,Active,-22.9275,-69.0965,Antofagasta plc,"Antofagasta plc, 70%, and Marubeni Corp., 30%",300,tmt,Copper,144.8
Pinta Verde,202,Prospect/Project,Prospect/Project,-24.22999999999996,-69.08099999999996,Antofagasta,,El Tesoro SX-EW plant,316,SX-EW Plant,Active,-22.9277,-69.0976,Minera El Tesoro S.A. ,"Antofagasta plc, 70%, and Marubeni Corp., 30%",110,tmt,Copper,144.8
Playa,204,Prospect/Project,Prospect/Project,-26.789999999999964,-70.37399999999997,Atacama,,Mantoverde SX-EW plant,351,SX-EW Plant,Active,-26.5615,-70.3253,Empresa Minera de Mantos Blancos S.A. ,"Anglo American plc, 99.9%, and other private, 0.1%",65,tmt,Copper,25.9
Playa,204,Prospect/Project,Prospect/Project,-26.789999999999964,-70.37399999999997,Atacama,,Osvaldo Martínez,370,Processing Plant,Active,-26.4196,-70.3172,Empresa Nacional de Minería (ENAMI),"Government, 100%",180,tmt,Copper,41.6
Playa,204,Prospect/Project,Prospect/Project,-26.789999999999964,-70.37399999999997,Atacama,,Manuel Antonio Matta,352,Processing Plant,Active,-27.4131,-70.2517,Empresa Nacional de Minería (ENAMI),"Government, 100%",180,tmt,Copper,70.3
Playa,204,Prospect/Project,Prospect/Project,-26.789999999999964,-70.37399999999997,Atacama,,Hernán Videla Lira smelter (anodes and blister),331,Smelter,Active,-27.4198,-70.2577,Empresa Nacional de Minería (ENAMI),"Government, 100%",340,tmt,Copper,71.0
Playa,204,Prospect/Project,Prospect/Project,-26.789999999999964,-70.37399999999997,Atacama,,Biocobre refinery,274,Refinery,Active,-27.5734,-70.2484,Sociedad Punta del Cobre S.A (Pucobre),Sociedad Punta del Cobre S.A (Pucobre) (100%),,,Copper,88.0
Playa,204,Prospect/Project,Prospect/Project,-26.789999999999964,-70.37399999999997,Atacama,,Potrerillos SX-EW refinery and smelter,435,Smelter,Active,-26.283,-69.5965,Corporación Nacional del Cobre (CODELCO),"Government, 100%",70,tmt,Copper,95.7
Playa,204,Prospect/Project,Prospect/Project,-26.789999999999964,-70.37399999999997,Atacama,,Franke SX-EW Plant,324,SX-EW Plant,Active,-25.8334,-69.8639,Sociedad Contractual Minera Franke ,"KGHM International Ltd., 100%",,,Copper,117.9
Polo Sur,205,Prospect/Project,Prospect/Project,-23.299999999999955,-69.23299999999995,Antofagasta,,Lomas Bayas SX-EW plant,341,SX-EW Plant,Active,-23.4318,-69.5017,Compañía Minera Xstrata Lomas Bayas ,"Glencore plc, 100%",75,tmt,Copper,31.1
Polo Sur,205,Prospect/Project,Prospect/Project,-23.299999999999955,-69.23299999999995,Antofagasta,,Esperanza milling/flotation plant,322,Concentrator,Active,-22.9998,-69.1036,Minera Esperanza S.A. ,"Antofagasta plc, 70%, and Marubeni Corp., 30%","8,000",kg,Gold,35.9
Polo Sur,205,Prospect/Project,Prospect/Project,-23.299999999999955,-69.23299999999995,Antofagasta,,Centinela oxide and sulfide plant,279,Processing Plant,Active,-22.9275,-69.0965,Antofagasta plc,"Antofagasta plc, 70%, and Marubeni Corp., 30%",300,tmt,Copper,43.7
Polo Sur,205,Prospect/Project,Prospect/Project,-23.299999999999955,-69.23299999999995,Antofagasta,,El Tesoro SX-EW plant,316,SX-EW Plant,Active,-22.9277,-69.0976,Minera El Tesoro S.A. ,"Antofagasta plc, 70%, and Marubeni Corp., 30%",110,tmt,Copper,43.7
Polo Sur,205,Prospect/Project,Prospect/Project,-23.299999999999955,-69.23299999999995,Antofagasta,,Gabriela Mistral SX-EW plant,325,SX-EW Plant,Active,-23.4173,-68.7838,Minera Gaby S.A. ,"Corporación Nacional del Cobre (CODELCO) (Government, 100%), 100%",170,tmt,Copper,47.7
Polo Sur,205,Prospect/Project,Prospect/Project,-23.299999999999955,-69.23299999999995,Antofagasta,,Spence SX-EW plant,444,SX-EW Plant,Active,-22.8015,-69.2818,Minera Spence S.A. ,"BHP Billiton plc, 100%",200,tmt,Copper,55.7
Polo Sur,205,Prospect/Project,Prospect/Project,-23.299999999999955,-69.23299999999995,Antofagasta,,Mantos Blancos SX-EW plant,349,SX-EW Plant,Active,-23.4397,-70.0734,Empresa Minera de Mantos Blancos S.A. ,"Anglo American plc, 99.9%, and other private, 0.1%",100,tmt,Copper,87.2
Polo Sur,205,Prospect/Project,Prospect/Project,-23.299999999999955,-69.23299999999995,Antofagasta,,Antucoya SX-EW plant,271,SX-EW Plant,Active,-22.6298,-69.8832,Antofagasta plc,"Antofagasta plc, 70%, Marubeni Corp., 30%",,,Copper,99.9
Polo Sur,205,Prospect/Project,Prospect/Project,-23.299999999999955,-69.23299999999995,Antofagasta,,Zaldívar SX-EW plant,460,SX-EW Plant,Active,-24.201,-69.0689,Compañía Minera Zaldívar ,"Barrick Gold Corp., 100%",150,tmt,Copper,101.6
Polo Sur,205,Prospect/Project,Prospect/Project,-23.299999999999955,-69.23299999999995,Antofagasta,,Escondida oxide plant for cathode production (SX-EW),320,SX-EW Plant,Active,-24.2536,-69.1008,Minera Escondida Ltda. ,"BHP Billiton plc, 57.5%; Rio Tinto plc, 30%; Japan Escondida Corp., 10%; International Finance Corp., 2.5%","1,300",tmt,Copper,106.9
Polo Sur,205,Prospect/Project,Prospect/Project,-23.299999999999955,-69.23299999999995,Antofagasta,,Escondida concentrator,317,Concentrator,Active,-24.2628,-69.0581,Minera Escondida Ltda.,"Minera Escondida Ltda., 100%","1,300",tmt,Copper,108.5
Polo Sur,205,Prospect/Project,Prospect/Project,-23.299999999999955,-69.23299999999995,Antofagasta,,Escondida concentrator,318,Concentrator,Active,-24.2628,-69.0581,Minera Escondida Ltda.,"Minera Escondida Ltda., 100%","4,500",kg,Gold,108.5
Polo Sur,205,Prospect/Project,Prospect/Project,-23.299999999999955,-69.23299999999995,Antofagasta,,Escondida sulfide-leach plant for cathode production,321,Processing Plant,Active,-24.2601,-68.9925,Minera Escondida Ltda. ,"BHP Billiton plc, 57.5%; Rio Tinto plc, 30%; Japan Escondida Corp., 10%; International Finance Corp., 2.5%","1,300",tmt,Copper,109.5
Polo Sur,205,Prospect/Project,Prospect/Project,-23.299999999999955,-69.23299999999995,Antofagasta,,Chuquicamata SX-EW plant (oxide) and smelter,292,Smelter,Active,-22.3137,-68.8895,Corporación Nacional del Cobre (CODELCO),"Government, 100%",450,tmt,Copper,115.2
Polo Sur,205,Prospect/Project,Prospect/Project,-23.299999999999955,-69.23299999999995,Antofagasta,,Chuquicamata Mine (plant to acid-leach fine copper),290,Processing Plant,Active,-22.3013,-68.8404,EcoMetales Ltd. ,"Codelco Technologies Ltd., 100%",25,tmt,Copper,118.1
Polo Sur,205,Prospect/Project,Prospect/Project,-23.299999999999955,-69.23299999999995,Antofagasta,,Michilla SX-EW/sulfide-leaching plant,359,SX-EW Plant,Active,-22.6791,-70.1883,Minera Michilla S.A. ,"Antofagasta plc, 74.2%, and other private Chilean investors, 25.8%",45,tmt,Copper,119.7
Polo Sur,205,Prospect/Project,Prospect/Project,-23.299999999999955,-69.23299999999995,Antofagasta,,Altonorte smelter,269,Smelter,Active,-23.8247,-70.3178,Glencore Copper Chile S.A. ,Glencore Copper Chile S.A. ,300,tmt,Copper,125.0
Polo Sur,205,Prospect/Project,Prospect/Project,-23.299999999999955,-69.23299999999995,Antofagasta,,El Peñón concentration plant,309,Concentrator,Active,-24.4116,-69.4969,Minera Meridian Ltda. ,"Yamana Gold Inc., 100%","10,500",kg,Gold,126.5
Polo Sur,205,Prospect/Project,Prospect/Project,-23.299999999999955,-69.23299999999995,Antofagasta,,Radomiro Tomic SX-EW plant,441,SX-EW Plant,Active,-22.1927,-68.8674,Corporación Nacional del Cobre (CODELCO),"Government, 100%",480,tmt,Copper,128.7
Polo Sur,205,Prospect/Project,Prospect/Project,-23.299999999999955,-69.23299999999995,Antofagasta,,Mantos de la Luna SX-EW plant,350,SX-EW Plant,Active,-22.3851,-70.1782,Compania Mantos de la Luna,"Izquierdo Menendez Group, 100%",,,Copper,140.5
Pullalli,206,Mine (active),Active,-32.422999999999945,-71.28899999999999,Valparaíso,,Ventanas refinery and smelter,456,Smelter,Active,-32.7618,-71.4812,Corporación Nacional del Cobre (CODELCO),"Government, 100%","12,000",kg,Gold,41.8
Pullalli,206,Mine (active),Active,-32.422999999999945,-71.28899999999999,Valparaíso,,Los Pelambres plant,345,Processing Plant,Active,-31.8134,-70.5823,Antofagasta plc,"Antofagasta plc, 60%; JX Nippon Mining Metals Corp, 15%; Mitsubishi Materials Corp., 10%; Marubeni Corp., 8.75%; Mitsubishi Corp., 5%; Mitsui & Co. Ltd., 1.25%","1,700",kg,Gold,95.0
Quebrada Blanca,208,Mine (active),Active,-21.006999999999948,-68.81199999999995,Tarapacá,Compañía Minera Quebrada Blanca ,Quebrada Blanca SX-EW plant,440,SX-EW Plant,Active,-21.0027,-68.7964,Compañía Minera Quebrada Blanca ,"Teck Cominco Ltd., 76.5%; Inversiones Mineras S.A., 13.5%; Empresa Nacional de Minería (ENAMI) (Government, 100%), 10%",100,tmt,Copper,1.7
Quebrada Blanca,208,Mine (active),Active,-21.006999999999948,-68.81199999999995,Tarapacá,Compañía Minera Quebrada Blanca ,Collahuasi SX-EW plant,295,SX-EW Plant,Active,-20.9779,-68.6315,Compañía Minera Doña Inés de Collahuasi SCM ,"Anglo American plc, 44%; Glencore plc, 44%; companies led by Mitsui & Co. Ltd., 12%",400,tmt,Copper,19.0
Quebrada Blanca,208,Mine (active),Active,-21.006999999999948,-68.81199999999995,Tarapacá,Compañía Minera Quebrada Blanca ,Collahuasi plants,294,Processing Plant,Active,-20.9761,-68.6272,Compañía Minera Doña Inés de Collahuasi SCM ,"Anglo American plc, 44%; Glencore plc, 44%; companies led by Mitsui & Co. Ltd., 12%","60,000",kg,Silver,19.5
Quebrada Blanca,208,Mine (active),Active,-21.006999999999948,-68.81199999999995,Tarapacá,Compañía Minera Quebrada Blanca ,Molybdenum plant,366,Processing Plant,Active,-20.9761,-68.6272,Compañía Minera Doña Inés de Collahuasi SCM ,"Anglo American plc, 44%; Glencore plc, 44%; companies led by Mitsui & Co. Ltd., 12%","6,000",mt,Molybdenum,19.5
Quebrada Blanca,208,Mine (active),Active,-21.006999999999948,-68.81199999999995,Tarapacá,Compañía Minera Quebrada Blanca ,La Cascada SX-EW plant,339,SX-EW Plant,Active,-20.1873,-69.3329,Haldeman Mining Company S.A. ,"Haldeman Mining Company S.A., 100%",,,Copper,106.1
Quebrada Blanca,208,Mine (active),Active,-21.006999999999948,-68.81199999999995,Tarapacá,Compañía Minera Quebrada Blanca ,Al Elbra SX-EW plant,268,SX-EW Plant,Active,-21.9859,-68.6886,Sociedad Contractual Minera El Abra ,"Freeport-McMoRan Copper & Gold Inc., 51%, and Corporación Nacional del Cobre (CODELCO) (Government, 100%), 49%",225,tmt,Copper,109.6
Quebrada Blanca,208,Mine (active),Active,-21.006999999999948,-68.81199999999995,Tarapacá,Compañía Minera Quebrada Blanca ,Cerro Colorado SX-EW plant,282,SX-EW Plant,Active,-20.0624,-69.2663,Compañía Minera Cerro Colorado ,"BHP Billiton plc, 100%",120,tmt,Copper,115.2
Quebrada Blanca,208,Mine (active),Active,-21.006999999999948,-68.81199999999995,Tarapacá,Compañía Minera Quebrada Blanca ,Radomiro Tomic SX-EW plant,441,SX-EW Plant,Active,-22.1927,-68.8674,Corporación Nacional del Cobre (CODELCO),"Government, 100%",480,tmt,Copper,132.0
Quebrada Blanca,208,Mine (active),Active,-21.006999999999948,-68.81199999999995,Tarapacá,Compañía Minera Quebrada Blanca ,Chuquicamata Mine (plant to acid-leach fine copper),290,Processing Plant,Active,-22.3013,-68.8404,EcoMetales Ltd. ,"Codelco Technologies Ltd., 100%",25,tmt,Copper,143.9
Quebrada Blanca,208,Mine (active),Active,-21.006999999999948,-68.81199999999995,Tarapacá,Compañía Minera Quebrada Blanca ,Chuquicamata SX-EW plant (oxide) and smelter,292,Smelter,Active,-22.3137,-68.8895,Corporación Nacional del Cobre (CODELCO),"Government, 100%",450,tmt,Copper,145.5
Queen Elizabeth,209,Prospect/Project,Prospect/Project,-19.874999999999943,-68.95899999999995,Tarapacá,,Cerro Colorado SX-EW plant,282,SX-EW Plant,Active,-20.0624,-69.2663,Compañía Minera Cerro Colorado ,"BHP Billiton plc, 100%",120,tmt,Copper,38.3
Queen Elizabeth,209,Prospect/Project,Prospect/Project,-19.874999999999943,-68.95899999999995,Tarapacá,,La Cascada SX-EW plant,339,SX-EW Plant,Active,-20.1873,-69.3329,Haldeman Mining Company S.A. ,"Haldeman Mining Company S.A., 100%",,,Copper,52.3
Queen Elizabeth,209,Prospect/Project,Prospect/Project,-19.874999999999943,-68.95899999999995,Tarapacá,,Quebrada Blanca SX-EW plant,440,SX-EW Plant,Active,-21.0027,-68.7964,Compañía Minera Quebrada Blanca ,"Teck Cominco Ltd., 76.5%; Inversiones Mineras S.A., 13.5%; Empresa Nacional de Minería (ENAMI) (Government, 100%), 10%",100,tmt,Copper,126.5
Queen Elizabeth,209,Prospect/Project,Prospect/Project,-19.874999999999943,-68.95899999999995,Tarapacá,,Molybdenum plant,366,Processing Plant,Active,-20.9761,-68.6272,Compañía Minera Doña Inés de Collahuasi SCM ,"Anglo American plc, 44%; Glencore plc, 44%; companies led by Mitsui & Co. Ltd., 12%","6,000",mt,Molybdenum,127.2
Queen Elizabeth,209,Prospect/Project,Prospect/Project,-19.874999999999943,-68.95899999999995,Tarapacá,,Collahuasi SX-EW plant,295,SX-EW Plant,Active,-20.9779,-68.6315,Compañía Minera Doña Inés de Collahuasi SCM ,"Anglo American plc, 44%; Glencore plc, 44%; companies led by Mitsui & Co. Ltd., 12%",400,tmt,Copper,127.3
Quetena,210,Prospect/Project,Prospect/Project,-22.409999999999968,-68.95999999999998,Antofagasta,,Chuquicamata SX-EW plant (oxide) and smelter,292,Smelter,Active,-22.3137,-68.8895,Corporación Nacional del Cobre (CODELCO),"Government, 100%",450,tmt,Copper,12.9
Quetena,210,Prospect/Project,Prospect/Project,-22.409999999999968,-68.95999999999998,Antofagasta,,Chuquicamata Mine (plant to acid-leach fine copper),290,Processing Plant,Active,-22.3013,-68.8404,EcoMetales Ltd. ,"Codelco Technologies Ltd., 100%",25,tmt,Copper,17.2
Quetena,210,Prospect/Project,Prospect/Project,-22.409999999999968,-68.95999999999998,Antofagasta,,Radomiro Tomic SX-EW plant,441,SX-EW Plant,Active,-22.1927,-68.8674,Corporación Nacional del Cobre (CODELCO),"Government, 100%",480,tmt,Copper,26.0
Quetena,210,Prospect/Project,Prospect/Project,-22.409999999999968,-68.95999999999998,Antofagasta,,Spence SX-EW plant,444,SX-EW Plant,Active,-22.8015,-69.2818,Minera Spence S.A. ,"BHP Billiton plc, 100%",200,tmt,Copper,54.6
Quetena,210,Prospect/Project,Prospect/Project,-22.409999999999968,-68.95999999999998,Antofagasta,,Al Elbra SX-EW plant,268,SX-EW Plant,Active,-21.9859,-68.6886,Sociedad Contractual Minera El Abra ,"Freeport-McMoRan Copper & Gold Inc., 51%, and Corporación Nacional del Cobre (CODELCO) (Government, 100%), 49%",225,tmt,Copper,54.8
Quetena,210,Prospect/Project,Prospect/Project,-22.409999999999968,-68.95999999999998,Antofagasta,,Centinela oxide and sulfide plant,279,Processing Plant,Active,-22.9275,-69.0965,Antofagasta plc,"Antofagasta plc, 70%, and Marubeni Corp., 30%",300,tmt,Copper,59.2
Quetena,210,Prospect/Project,Prospect/Project,-22.409999999999968,-68.95999999999998,Antofagasta,,El Tesoro SX-EW plant,316,SX-EW Plant,Active,-22.9277,-69.0976,Minera El Tesoro S.A. ,"Antofagasta plc, 70%, and Marubeni Corp., 30%",110,tmt,Copper,59.3
Quetena,210,Prospect/Project,Prospect/Project,-22.409999999999968,-68.95999999999998,Antofagasta,,Antucoya SX-EW plant,271,SX-EW Plant,Active,-22.6298,-69.8832,Antofagasta plc,"Antofagasta plc, 70%, Marubeni Corp., 30%",,,Copper,97.9
Quetena,210,Prospect/Project,Prospect/Project,-22.409999999999968,-68.95999999999998,Antofagasta,,Plant near Tocopilla,430,Processing Plant,Active,-21.9459,-69.8715,Minera Capacho Viejo Ltda. ,Minera Capacho Viejo Ltda. ,"5,000",mt,Copper,107.1
Quetena,210,Prospect/Project,Prospect/Project,-22.409999999999968,-68.95999999999998,Antofagasta,,Gabriela Mistral SX-EW plant,325,SX-EW Plant,Active,-23.4173,-68.7838,Minera Gaby S.A. ,"Corporación Nacional del Cobre (CODELCO) (Government, 100%), 100%",170,tmt,Copper,113.5
Quetena,210,Prospect/Project,Prospect/Project,-22.409999999999968,-68.95999999999998,Antofagasta,,Mantos de la Luna SX-EW plant,350,SX-EW Plant,Active,-22.3851,-70.1782,Compania Mantos de la Luna,"Izquierdo Menendez Group, 100%",,,Copper,125.3
Quetena,210,Prospect/Project,Prospect/Project,-22.409999999999968,-68.95999999999998,Antofagasta,,Lomas Bayas SX-EW plant,341,SX-EW Plant,Active,-23.4318,-69.5017,Compañía Minera Xstrata Lomas Bayas ,"Glencore plc, 100%",75,tmt,Copper,126.4
Quetena,210,Prospect/Project,Prospect/Project,-22.409999999999968,-68.95999999999998,Antofagasta,,Michilla SX-EW/sulfide-leaching plant,359,SX-EW Plant,Active,-22.6791,-70.1883,Minera Michilla S.A. ,"Antofagasta plc, 74.2%, and other private Chilean investors, 25.8%",45,tmt,Copper,129.6
Radomiro Tomic,211,Mine (active),Active,-22.226999999999975,-68.88299999999998,Antofagasta,Corporación Nacional del Cobre (CODELCO),Radomiro Tomic SX-EW plant,441,SX-EW Plant,Active,-22.1927,-68.8674,Corporación Nacional del Cobre (CODELCO),"Government, 100%",480,tmt,Copper,4.1
Radomiro Tomic,211,Mine (active),Active,-22.226999999999975,-68.88299999999998,Antofagasta,Corporación Nacional del Cobre (CODELCO),Chuquicamata Mine (plant to acid-leach fine copper),290,Processing Plant,Active,-22.3013,-68.8404,EcoMetales Ltd. ,"Codelco Technologies Ltd., 100%",25,tmt,Copper,9.4
Radomiro Tomic,211,Mine (active),Active,-22.226999999999975,-68.88299999999998,Antofagasta,Corporación Nacional del Cobre (CODELCO),Chuquicamata SX-EW plant (oxide) and smelter,292,Smelter,Active,-22.3137,-68.8895,Corporación Nacional del Cobre (CODELCO),"Government, 100%",450,tmt,Copper,9.7
Radomiro Tomic,211,Mine (active),Active,-22.226999999999975,-68.88299999999998,Antofagasta,Corporación Nacional del Cobre (CODELCO),Al Elbra SX-EW plant,268,SX-EW Plant,Active,-21.9859,-68.6886,Sociedad Contractual Minera El Abra ,"Freeport-McMoRan Copper & Gold Inc., 51%, and Corporación Nacional del Cobre (CODELCO) (Government, 100%), 49%",225,tmt,Copper,33.5
Radomiro Tomic,211,Mine (active),Active,-22.226999999999975,-68.88299999999998,Antofagasta,Corporación Nacional del Cobre (CODELCO),Spence SX-EW plant,444,SX-EW Plant,Active,-22.8015,-69.2818,Minera Spence S.A. ,"BHP Billiton plc, 100%",200,tmt,Copper,75.9
Radomiro Tomic,211,Mine (active),Active,-22.226999999999975,-68.88299999999998,Antofagasta,Corporación Nacional del Cobre (CODELCO),Centinela oxide and sulfide plant,279,Processing Plant,Active,-22.9275,-69.0965,Antofagasta plc,"Antofagasta plc, 70%, and Marubeni Corp., 30%",300,tmt,Copper,80.9
Radomiro Tomic,211,Mine (active),Active,-22.226999999999975,-68.88299999999998,Antofagasta,Corporación Nacional del Cobre (CODELCO),El Tesoro SX-EW plant,316,SX-EW Plant,Active,-22.9277,-69.0976,Minera El Tesoro S.A. ,"Antofagasta plc, 70%, and Marubeni Corp., 30%",110,tmt,Copper,81.0
Radomiro Tomic,211,Mine (active),Active,-22.226999999999975,-68.88299999999998,Antofagasta,Corporación Nacional del Cobre (CODELCO),Plant near Tocopilla,430,Processing Plant,Active,-21.9459,-69.8715,Minera Capacho Viejo Ltda. ,Minera Capacho Viejo Ltda. ,"5,000",mt,Copper,106.5
Radomiro Tomic,211,Mine (active),Active,-22.226999999999975,-68.88299999999998,Antofagasta,Corporación Nacional del Cobre (CODELCO),Antucoya SX-EW plant,271,SX-EW Plant,Active,-22.6298,-69.8832,Antofagasta plc,"Antofagasta plc, 70%, Marubeni Corp., 30%",,,Copper,112.1
Radomiro Tomic,211,Mine (active),Active,-22.226999999999975,-68.88299999999998,Antofagasta,Corporación Nacional del Cobre (CODELCO),Gabriela Mistral SX-EW plant,325,SX-EW Plant,Active,-23.4173,-68.7838,Minera Gaby S.A. ,"Corporación Nacional del Cobre (CODELCO) (Government, 100%), 100%",170,tmt,Copper,132.7
Radomiro Tomic,211,Mine (active),Active,-22.226999999999975,-68.88299999999998,Antofagasta,Corporación Nacional del Cobre (CODELCO),Mantos de la Luna SX-EW plant,350,SX-EW Plant,Active,-22.3851,-70.1782,Compania Mantos de la Luna,"Izquierdo Menendez Group, 100%",,,Copper,134.4
Radomiro Tomic,211,Mine (active),Active,-22.226999999999975,-68.88299999999998,Antofagasta,Corporación Nacional del Cobre (CODELCO),Quebrada Blanca SX-EW plant,440,SX-EW Plant,Active,-21.0027,-68.7964,Compañía Minera Quebrada Blanca ,"Teck Cominco Ltd., 76.5%; Inversiones Mineras S.A., 13.5%; Empresa Nacional de Minería (ENAMI) (Government, 100%), 10%",100,tmt,Copper,136.4
Radomiro Tomic,211,Mine (active),Active,-22.226999999999975,-68.88299999999998,Antofagasta,Corporación Nacional del Cobre (CODELCO),Collahuasi SX-EW plant,295,SX-EW Plant,Active,-20.9779,-68.6315,Compañía Minera Doña Inés de Collahuasi SCM ,"Anglo American plc, 44%; Glencore plc, 44%; companies led by Mitsui & Co. Ltd., 12%",400,tmt,Copper,141.3
Radomiro Tomic,211,Mine (active),Active,-22.226999999999975,-68.88299999999998,Antofagasta,Corporación Nacional del Cobre (CODELCO),Molybdenum plant,366,Processing Plant,Active,-20.9761,-68.6272,Compañía Minera Doña Inés de Collahuasi SCM ,"Anglo American plc, 44%; Glencore plc, 44%; companies led by Mitsui & Co. Ltd., 12%","6,000",mt,Molybdenum,141.6
Radomiro Tomic,211,Mine (active),Active,-22.226999999999975,-68.88299999999998,Antofagasta,Corporación Nacional del Cobre (CODELCO),Michilla SX-EW/sulfide-leaching plant,359,SX-EW Plant,Active,-22.6791,-70.1883,Minera Michilla S.A. ,"Antofagasta plc, 74.2%, and other private Chilean investors, 25.8%",45,tmt,Copper,143.2
Radomiro Tomic,211,Mine (active),Active,-22.226999999999975,-68.88299999999998,Antofagasta,Corporación Nacional del Cobre (CODELCO),Lomas Bayas SX-EW plant,341,SX-EW Plant,Active,-23.4318,-69.5017,Compañía Minera Xstrata Lomas Bayas ,"Glencore plc, 100%",75,tmt,Copper,148.2
Relincho,213,Prospect/Project,Prospect/Project,-28.520999999999958,-70.30999999999995,Atacama,,Vallenar plant,453,Processing Plant,Active,-28.5652,-70.7387,Empresa Nacional de Minería (ENAMI),"Government, 100%",180,tmt,Copper,42.2
Relincho,213,Prospect/Project,Prospect/Project,-28.520999999999958,-70.30999999999995,Atacama,,Vallenar plant,455,Processing Plant,Active,-28.5652,-70.7387,Empresa Nacional de Minería (ENAMI),"Government, 100%","6,000",kg,Silver,42.2
Relincho,213,Prospect/Project,Prospect/Project,-28.520999999999958,-70.30999999999995,Atacama,,Dos Amigos SX-EW plant,305,SX-EW Plant,Active,-28.9869,-70.8859,CEMIN,CEMIN,,,Copper,76.4
Relincho,213,Prospect/Project,Prospect/Project,-28.520999999999958,-70.30999999999995,Atacama,,Biocobre refinery,274,Refinery,Active,-27.5734,-70.2484,Sociedad Punta del Cobre S.A (Pucobre),Sociedad Punta del Cobre S.A (Pucobre) (100%),,,Copper,105.5
Relincho,213,Prospect/Project,Prospect/Project,-28.520999999999958,-70.30999999999995,Atacama,,Hernán Videla Lira smelter (anodes and blister),331,Smelter,Active,-27.4198,-70.2577,Empresa Nacional de Minería (ENAMI),"Government, 100%",340,tmt,Copper,122.6
Relincho,213,Prospect/Project,Prospect/Project,-28.520999999999958,-70.30999999999995,Atacama,,Manuel Antonio Matta,352,Processing Plant,Active,-27.4131,-70.2517,Empresa Nacional de Minería (ENAMI),"Government, 100%",180,tmt,Copper,123.3
Relincho,213,Prospect/Project,Prospect/Project,-28.520999999999958,-70.30999999999995,Atacama,,Manuel Antonio Matta plant,354,Processing Plant,Active,-27.4131,-70.2517,Empresa Nacional de Minería (ENAMI),"Government, 100%","6,000",kg,Silver,123.3
Romeral,214,Mine (active),Active,-29.715832999999975,-71.24166699999995,Coquimbo,Compañía Minera del Pacífico S.A. (CMP),El Romeral concentration plant,311,Concentrator,Active,-29.7282,-71.2317,Compañía Minera del Pacífico S.A. (CMP),"CAP S.A., 75%, and MC Inversiones Ltda., 25%","1,300",tmt,Iron,1.7
Romeral,214,Mine (active),Active,-29.715832999999975,-71.24166699999995,Coquimbo,Compañía Minera del Pacífico S.A. (CMP),El Romeral pellet-feed plant,312,Pellet Plant,Active,-29.7308,-71.2325,Compañía Minera del Pacífico S.A. (CMP),"CAP S.A., 75%, and MC Inversiones Ltda., 25%","1,300",tmt,Iron,1.9
Romeral,214,Mine (active),Active,-29.715832999999975,-71.24166699999995,Coquimbo,Compañía Minera del Pacífico S.A. (CMP),El Algarrobito concentration plant,307,Concentrator,Active,-28.8028,-70.9839,Compañía Minera del Pacífico S.A. (CMP),"CAP S.A., 75%, and MC Inversiones Ltda., 25%","1,300",tmt,Iron,104.6
Romeral,214,Mine (active),Active,-29.715832999999975,-71.24166699999995,Coquimbo,Compañía Minera del Pacífico S.A. (CMP),Huasco pellet plant,333,Pellet Plant,Active,-28.4808,-71.2485,Compañía Minera del Pacífico S.A. (CMP),"CAP S.A., 75%, and MC Inversiones Ltda., 25%","1,300",tmt,Iron,137.3
Rosario de Rengo,215,Prospect/Project,Prospect/Project,-34.557999999999936,-70.50899999999996,Libertador General Bernardo O'Higgins,,Facilities near Rancagua,323,Processing Plant,Active,-34.2383,-70.685,Minera Valle Central S.A. ,"Amerigo Resources Ltd., 100%",30,tmt,Copper,39.0
Rosario de Rengo,215,Prospect/Project,Prospect/Project,-34.557999999999936,-70.50899999999996,Libertador General Bernardo O'Higgins,,"Caletones smelter (anodes). refinery (fire-refined ingots), and SX-EW plant",278,Smelter,Active,-34.1046,-70.4505,Corporación Nacional del Cobre (CODELCO),"Government, 100%",430,tmt,Copper,50.7
Rosario de Rengo,215,Prospect/Project,Prospect/Project,-34.557999999999936,-70.50899999999996,Libertador General Bernardo O'Higgins,,El Teniente plant,315,Processing Plant,Active,-34.0886,-70.4555,Corporación Nacional del Cobre (CODELCO),"Government, 100%","6,500",mt,Molybdenum,52.4
Salar Colpitas,255,Prospect/Project,Prospect/Project,-17.95999999999998,-69.41999999999996,Arica y Parinacota,,Boric acid and agrochemical plants,275,Processing Plant,Active,-18.4414,-69.879,Química Industrial del Bórax Ltda. ,"Private, Chile-based investors, 100%",550,tmt,Boron,72.2
Salar Surire,266,Prospect/Project,Prospect/Project,-18.819999999999936,-69.04999999999995,Arica y Parinacota,,Boric acid and agrochemical plants,275,Processing Plant,Active,-18.4414,-69.879,Química Industrial del Bórax Ltda. ,"Private, Chile-based investors, 100%",550,tmt,Boron,97.0
Salar de Atacama,258,Mine (active),Active,-23.46999999999997,-68.29999999999995,Antofagasta,Química Industrial del Bórax Ltda. ,Mine brines of Atacama Salar,361,Processing Plant,Active,-23.4874,-68.3354,S.Q.M. Salar S.A. ,"Sociedad Química y Minera de Chile S.A. (SQM), 100%","6,000",mt,Lithium,4.1
Salares Norte,216,Mine (active),Active,-26.011999999999944,-68.89027999999996,Atacama,,Osvaldo Martínez plant,371,Processing Plant,Active,-26.4196,-70.3172,Empresa Nacional de Minería (ENAMI),"Government, 100%",400,kg,Gold,149.4
Salares Norte,216,Mine (active),Active,-26.011999999999944,-68.89027999999996,Atacama,,Osvaldo Martínez plant,372,Processing Plant,Active,-26.4196,-70.3172,Empresa Nacional de Minería (ENAMI),"Government, 100%","6,000",kg,Silver,149.4
Salvador,217,Mine (active),Active,-26.24099999999993,-69.56999999999994,Atacama,Corporación Nacional del Cobre (CODELCO),Potrerillos SX-EW refinery and smelter,435,Smelter,Active,-26.283,-69.5965,Corporación Nacional del Cobre (CODELCO),"Government, 100%",70,tmt,Copper,5.4
Salvador,217,Mine (active),Active,-26.24099999999993,-69.56999999999994,Atacama,Corporación Nacional del Cobre (CODELCO),Franke SX-EW Plant,324,SX-EW Plant,Active,-25.8334,-69.8639,Sociedad Contractual Minera Franke ,"KGHM International Ltd., 100%",,,Copper,54.0
Salvador,217,Mine (active),Active,-26.24099999999993,-69.56999999999994,Atacama,Corporación Nacional del Cobre (CODELCO),Osvaldo Martínez,370,Processing Plant,Active,-26.4196,-70.3172,Empresa Nacional de Minería (ENAMI),"Government, 100%",180,tmt,Copper,77.1
Salvador,217,Mine (active),Active,-26.24099999999993,-69.56999999999994,Atacama,Corporación Nacional del Cobre (CODELCO),Mantoverde SX-EW plant,351,SX-EW Plant,Active,-26.5615,-70.3253,Empresa Minera de Mantos Blancos S.A. ,"Anglo American plc, 99.9%, and other private, 0.1%",65,tmt,Copper,83.2
Salvador,217,Mine (active),Active,-26.24099999999993,-69.56999999999994,Atacama,Corporación Nacional del Cobre (CODELCO),José Antonio Moreno,335,Processing Plant,Active,-25.3963,-70.4742,Empresa Nacional de Minería (ENAMI),"Government, 100%",180,tmt,Copper,130.4
Salvador,217,Mine (active),Active,-26.24099999999993,-69.56999999999994,Atacama,Corporación Nacional del Cobre (CODELCO),Manuel Antonio Matta,352,Processing Plant,Active,-27.4131,-70.2517,Empresa Nacional de Minería (ENAMI),"Government, 100%",180,tmt,Copper,146.8
Salvador,217,Mine (active),Active,-26.24099999999993,-69.56999999999994,Atacama,Corporación Nacional del Cobre (CODELCO),Hernán Videla Lira smelter (anodes and blister),331,Smelter,Active,-27.4198,-70.2577,Empresa Nacional de Minería (ENAMI),"Government, 100%",340,tmt,Copper,147.8
San Cristóbal,218,Mine (idle),Idle,-23.529999999999973,-69.57999999999998,Antofagasta,,Esperanza milling/flotation plant,322,Concentrator,Active,-22.9998,-69.1036,Minera Esperanza S.A. ,"Antofagasta plc, 70%, and Marubeni Corp., 30%","8,000",kg,Gold,76.4
San Cristóbal,218,Mine (idle),Idle,-23.529999999999973,-69.57999999999998,Antofagasta,,Escondida concentrator,318,Concentrator,Active,-24.2628,-69.0581,Minera Escondida Ltda.,"Minera Escondida Ltda., 100%","4,500",kg,Gold,97.2
San Cristóbal,218,Mine (idle),Idle,-23.529999999999973,-69.57999999999998,Antofagasta,,Escondida concentrator,319,Concentrator,Active,-24.2628,-69.0581,Minera Escondida Ltda.,"Minera Escondida Ltda., 100%","180,000",kg,Silver,97.2
San Cristóbal,218,Mine (idle),Idle,-23.529999999999973,-69.57999999999998,Antofagasta,,El Peñón concentration plant,309,Concentrator,Active,-24.4116,-69.4969,Minera Meridian Ltda. ,"Yamana Gold Inc., 100%","10,500",kg,Gold,98.4
San Cristóbal,218,Mine (idle),Idle,-23.529999999999973,-69.57999999999998,Antofagasta,,El Peñón concentration plant,310,Concentrator,Active,-24.4116,-69.4969,Minera Meridian Ltds. ,"Yamana Gold Inc., 100%","300,000",kg,Silver,98.4
San Lorenzo,219,Mine (idle),Idle,-20.519999999999982,-69.95999999999998,Tarapacá,,Plant near Iquique,419,Processing Plant,Active,-20.223,-69.7966,Cosayach Nitratos S.A. ,"Inverraz S.A., 100%","3,000",mt,Iodine,37.2
San Lorenzo,219,Mine (idle),Idle,-20.519999999999982,-69.95999999999998,Tarapacá,,Plant near Iquique,420,Processing Plant,Active,-20.223,-69.7966,Cosayach Nitratos S.A. ,"Inverraz S.A., 100%",200,tmt,Nitrate,37.2
San Lorenzo,219,Mine (idle),Idle,-20.519999999999982,-69.95999999999998,Tarapacá,,Nueva Victoria plant,369,Processing Plant,Active,-20.9592,-69.6633,SQM Químicos S.A. ,"Sociedad Química y Minera de Chile S.A. (SQM), 100%","13,300",mt,Iodine,57.8
San Lorenzo,219,Mine (idle),Idle,-20.519999999999982,-69.95999999999998,Tarapacá,,Iris Plant,334,Processing Plant,Active,-20.9622,-69.6625,SQM Químicos S.A. ,"Sociedad Química y Minera de Chile S.A. (SQM), 100%","13,300",mt,Iodine,58.1
San Pietro,220,Prospect/Project,Prospect/Project,-26.474999999999966,-70.10299999999995,Atacama,,Osvaldo Martínez,370,Processing Plant,Active,-26.4196,-70.3172,Empresa Nacional de Minería (ENAMI),"Government, 100%",180,tmt,Copper,22.2
San Pietro,220,Prospect/Project,Prospect/Project,-26.474999999999966,-70.10299999999995,Atacama,,Mantoverde SX-EW plant,351,SX-EW Plant,Active,-26.5615,-70.3253,Empresa Minera de Mantos Blancos S.A. ,"Anglo American plc, 99.9%, and other private, 0.1%",65,tmt,Copper,24.1
San Pietro,220,Prospect/Project,Prospect/Project,-26.474999999999966,-70.10299999999995,Atacama,,Potrerillos SX-EW refinery and smelter,435,Smelter,Active,-26.283,-69.5965,Corporación Nacional del Cobre (CODELCO),"Government, 100%",70,tmt,Copper,54.8
San Pietro,220,Prospect/Project,Prospect/Project,-26.474999999999966,-70.10299999999995,Atacama,,Franke SX-EW Plant,324,SX-EW Plant,Active,-25.8334,-69.8639,Sociedad Contractual Minera Franke ,"KGHM International Ltd., 100%",,,Copper,75.2
San Pietro,220,Prospect/Project,Prospect/Project,-26.474999999999966,-70.10299999999995,Atacama,,Manuel Antonio Matta,352,Processing Plant,Active,-27.4131,-70.2517,Empresa Nacional de Minería (ENAMI),"Government, 100%",180,tmt,Copper,105.3
San Pietro,220,Prospect/Project,Prospect/Project,-26.474999999999966,-70.10299999999995,Atacama,,Hernán Videla Lira smelter (anodes and blister),331,Smelter,Active,-27.4198,-70.2577,Empresa Nacional de Minería (ENAMI),"Government, 100%",340,tmt,Copper,106.2
San Pietro,220,Prospect/Project,Prospect/Project,-26.474999999999966,-70.10299999999995,Atacama,,Biocobre refinery,274,Refinery,Active,-27.5734,-70.2484,Sociedad Punta del Cobre S.A (Pucobre),Sociedad Punta del Cobre S.A (Pucobre) (100%),,,Copper,123.0
San Pietro,220,Prospect/Project,Prospect/Project,-26.474999999999966,-70.10299999999995,Atacama,,José Antonio Moreno,335,Processing Plant,Active,-25.3963,-70.4742,Empresa Nacional de Minería (ENAMI),"Government, 100%",180,tmt,Copper,125.6
Santa Herminia,221,Mine (idle),Idle,-33.82099999999997,-70.20199999999994,Metropolitana de Santiago,,"Caletones smelter (anodes). refinery (fire-refined ingots), and SX-EW plant",278,Smelter,Active,-34.1046,-70.4505,Corporación Nacional del Cobre (CODELCO),"Government, 100%",430,tmt,Copper,39.0
Santa Herminia,221,Mine (idle),Idle,-33.82099999999997,-70.20199999999994,Metropolitana de Santiago,,Facilities near Rancagua,323,Processing Plant,Active,-34.2383,-70.685,Minera Valle Central S.A. ,"Amerigo Resources Ltd., 100%",30,tmt,Copper,64.3
Santa Herminia,221,Mine (idle),Idle,-33.82099999999997,-70.20199999999994,Metropolitana de Santiago,,Los Bronces (Tortolas) SX-EW plant (cathodes),342,SX-EW Plant,Active,-33.1409,-70.7086,Anglo American Sur S.A. ,"Anglo American plc, 50.1%, Mitsubishi Corp., 20.4%, Corporación Nacional del Cobre, 20%, and Mitsui & Co., Ltd., 9.5% ",490,tmt,Copper,89.0
Santa Herminia,221,Mine (idle),Idle,-33.82099999999997,-70.20199999999994,Metropolitana de Santiago,,Chagres smelter (anodes and blister),284,Smelter,Active,-32.8047,-70.9554,Empresa Nacional de Minería (ENAMI),"Government, 100%",175,tmt,Copper,132.9
Santa Luisa,222,Mine (idle),Idle,-25.22999999999996,-70.12999999999994,Antofagasta,,Plant in Aguas Blancas,397,Processing Plant,Active,-24.1357,-69.8671,Atacama Minerals Chile Minera ,SCM Bullmine and RB Energy,"2,200",mt,Iodine,124.5
Santo Domingo,224,Prospect/Project,Prospect/Project,-26.42599999999993,-70.01599999999996,Atacama,,Osvaldo Martínez,370,Processing Plant,Active,-26.4196,-70.3172,Empresa Nacional de Minería (ENAMI),"Government, 100%",180,tmt,Copper,30.0
Santo Domingo,224,Prospect/Project,Prospect/Project,-26.42599999999993,-70.01599999999996,Atacama,,Osvaldo Martínez plant,371,Processing Plant,Active,-26.4196,-70.3172,Empresa Nacional de Minería (ENAMI),"Government, 100%",400,kg,Gold,30.0
Santo Domingo,224,Prospect/Project,Prospect/Project,-26.42599999999993,-70.01599999999996,Atacama,,Mantoverde SX-EW plant,351,SX-EW Plant,Active,-26.5615,-70.3253,Empresa Minera de Mantos Blancos S.A. ,"Anglo American plc, 99.9%, and other private, 0.1%",65,tmt,Copper,34.3
Santo Domingo,224,Prospect/Project,Prospect/Project,-26.42599999999993,-70.01599999999996,Atacama,,Potrerillos SX-EW refinery and smelter,435,Smelter,Active,-26.283,-69.5965,Corporación Nacional del Cobre (CODELCO),"Government, 100%",70,tmt,Copper,44.7
Santo Domingo,224,Prospect/Project,Prospect/Project,-26.42599999999993,-70.01599999999996,Atacama,,Franke SX-EW Plant,324,SX-EW Plant,Active,-25.8334,-69.8639,Sociedad Contractual Minera Franke ,"KGHM International Ltd., 100%",,,Copper,67.6
Santo Domingo,224,Prospect/Project,Prospect/Project,-26.42599999999993,-70.01599999999996,Atacama,,Manuel Antonio Matta,352,Processing Plant,Active,-27.4131,-70.2517,Empresa Nacional de Minería (ENAMI),"Government, 100%",180,tmt,Copper,112.2
Santo Domingo,224,Prospect/Project,Prospect/Project,-26.42599999999993,-70.01599999999996,Atacama,,Manuel Antonio Matta plant,353,Processing Plant,Active,-27.4131,-70.2517,Empresa Nacional de Minería (ENAMI),"Government, 100%",400,kg,Gold,112.2
Santo Domingo,224,Prospect/Project,Prospect/Project,-26.42599999999993,-70.01599999999996,Atacama,,Hernán Videla Lira smelter (anodes and blister),331,Smelter,Active,-27.4198,-70.2577,Empresa Nacional de Minería (ENAMI),"Government, 100%",340,tmt,Copper,113.1
Santo Domingo,224,Prospect/Project,Prospect/Project,-26.42599999999993,-70.01599999999996,Atacama,,José Antonio Moreno,335,Processing Plant,Active,-25.3963,-70.4742,Empresa Nacional de Minería (ENAMI),"Government, 100%",180,tmt,Copper,123.3
Santo Domingo,224,Prospect/Project,Prospect/Project,-26.42599999999993,-70.01599999999996,Atacama,,José Antonio Moreno plant,336,Processing Plant,Active,-25.3963,-70.4742,Empresa Nacional de Minería (ENAMI),"Government, 100%",400,kg,Gold,123.3
Santo Domingo,224,Prospect/Project,Prospect/Project,-26.42599999999993,-70.01599999999996,Atacama,,Magnetite plant to process tailings from the Candelaria Mine and other iron-bearing raw materials from third parties,348,Processing Plant,Active,-27.5218,-70.3192,Compañía Minera del Pacífico S.A. (CMP),"CAP S.A., 75%, and MC Inversiones Ltda., 25%","2,000",tmt,Iron,125.5
Santo Domingo,224,Prospect/Project,Prospect/Project,-26.42599999999993,-70.01599999999996,Atacama,,Biocobre refinery,274,Refinery,Active,-27.5734,-70.2484,Sociedad Punta del Cobre S.A (Pucobre),Sociedad Punta del Cobre S.A (Pucobre) (100%),,,Copper,129.6
Sierra,225,Prospect/Project,Prospect/Project,-23.15199999999993,-69.96999999999997,Antofagasta,KGHM International Ltd.,Mantos Blancos SX-EW plant,349,SX-EW Plant,Active,-23.4397,-70.0734,Empresa Minera de Mantos Blancos S.A. ,"Anglo American plc, 99.9%, and other private, 0.1%",100,tmt,Copper,33.7
Sierra,225,Prospect/Project,Prospect/Project,-23.15199999999993,-69.96999999999997,Antofagasta,KGHM International Ltd.,Lomas Bayas SX-EW plant,341,SX-EW Plant,Active,-23.4318,-69.5017,Compañía Minera Xstrata Lomas Bayas ,"Glencore plc, 100%",75,tmt,Copper,57.1
Sierra,225,Prospect/Project,Prospect/Project,-23.15199999999993,-69.96999999999997,Antofagasta,KGHM International Ltd.,Michilla SX-EW/sulfide-leaching plant,359,SX-EW Plant,Active,-22.6791,-70.1883,Minera Michilla S.A. ,"Antofagasta plc, 74.2%, and other private Chilean investors, 25.8%",45,tmt,Copper,57.1
Sierra,225,Prospect/Project,Prospect/Project,-23.15199999999993,-69.96999999999997,Antofagasta,KGHM International Ltd.,Antucoya SX-EW plant,271,SX-EW Plant,Active,-22.6298,-69.8832,Antofagasta plc,"Antofagasta plc, 70%, Marubeni Corp., 30%",,,Copper,58.7
Sierra,225,Prospect/Project,Prospect/Project,-23.15199999999993,-69.96999999999997,Antofagasta,KGHM International Ltd.,Spence SX-EW plant,444,SX-EW Plant,Active,-22.8015,-69.2818,Minera Spence S.A. ,"BHP Billiton plc, 100%",200,tmt,Copper,80.5
Sierra,225,Prospect/Project,Prospect/Project,-23.15199999999993,-69.96999999999997,Antofagasta,KGHM International Ltd.,Altonorte smelter,269,Smelter,Active,-23.8247,-70.3178,Glencore Copper Chile S.A. ,Glencore Copper Chile S.A. ,300,tmt,Copper,82.8
Sierra,225,Prospect/Project,Prospect/Project,-23.15199999999993,-69.96999999999997,Antofagasta,KGHM International Ltd.,Mantos de la Luna SX-EW plant,350,SX-EW Plant,Active,-22.3851,-70.1782,Compania Mantos de la Luna,"Izquierdo Menendez Group, 100%",,,Copper,87.9
Sierra,225,Prospect/Project,Prospect/Project,-23.15199999999993,-69.96999999999997,Antofagasta,KGHM International Ltd.,El Tesoro SX-EW plant,316,SX-EW Plant,Active,-22.9277,-69.0976,Minera El Tesoro S.A. ,"Antofagasta plc, 70%, and Marubeni Corp., 30%",110,tmt,Copper,92.7
Sierra,225,Prospect/Project,Prospect/Project,-23.15199999999993,-69.96999999999997,Antofagasta,KGHM International Ltd.,Centinela oxide and sulfide plant,279,Processing Plant,Active,-22.9275,-69.0965,Antofagasta plc,"Antofagasta plc, 70%, and Marubeni Corp., 30%",300,tmt,Copper,92.8
Sierra,225,Prospect/Project,Prospect/Project,-23.15199999999993,-69.96999999999997,Antofagasta,KGHM International Ltd.,Gabriela Mistral SX-EW plant,325,SX-EW Plant,Active,-23.4173,-68.7838,Minera Gaby S.A. ,"Corporación Nacional del Cobre (CODELCO) (Government, 100%), 100%",170,tmt,Copper,124.7
Sierra,225,Prospect/Project,Prospect/Project,-23.15199999999993,-69.96999999999997,Antofagasta,KGHM International Ltd.,Plant near Tocopilla,430,Processing Plant,Active,-21.9459,-69.8715,Minera Capacho Viejo Ltda. ,Minera Capacho Viejo Ltda. ,"5,000",mt,Copper,134.5
Sierra,225,Prospect/Project,Prospect/Project,-23.15199999999993,-69.96999999999997,Antofagasta,KGHM International Ltd.,Chuquicamata SX-EW plant (oxide) and smelter,292,Smelter,Active,-22.3137,-68.8895,Corporación Nacional del Cobre (CODELCO),"Government, 100%",450,tmt,Copper,144.8
Sierra,225,Prospect/Project,Prospect/Project,-23.15199999999993,-69.96999999999997,Antofagasta,KGHM International Ltd.,Zaldívar SX-EW plant,460,SX-EW Plant,Active,-24.201,-69.0689,Compañía Minera Zaldívar ,"Barrick Gold Corp., 100%",150,tmt,Copper,148.4
Sierra,225,Prospect/Project,Prospect/Project,-23.15199999999993,-69.96999999999997,Antofagasta,KGHM International Ltd.,Chuquicamata Mine (plant to acid-leach fine copper),290,Processing Plant,Active,-22.3013,-68.8404,EcoMetales Ltd. ,"Codelco Technologies Ltd., 100%",25,tmt,Copper,149.6
Sierra Atacama,227,Mine (active),Active,-23.238999999999976,-70.11899999999997,Antofagasta,,Mantos Blancos SX-EW plant,349,SX-EW Plant,Active,-23.4397,-70.0734,Empresa Minera de Mantos Blancos S.A. ,"Anglo American plc, 99.9%, and other private, 0.1%",100,tmt,Copper,22.8
Sierra Atacama,227,Mine (active),Active,-23.238999999999976,-70.11899999999997,Antofagasta,,Michilla SX-EW/sulfide-leaching plant,359,SX-EW Plant,Active,-22.6791,-70.1883,Minera Michilla S.A. ,"Antofagasta plc, 74.2%, and other private Chilean investors, 25.8%",45,tmt,Copper,62.7
Sierra Atacama,227,Mine (active),Active,-23.238999999999976,-70.11899999999997,Antofagasta,,Lomas Bayas SX-EW plant,341,SX-EW Plant,Active,-23.4318,-69.5017,Compañía Minera Xstrata Lomas Bayas ,"Glencore plc, 100%",75,tmt,Copper,66.6
Sierra Atacama,227,Mine (active),Active,-23.238999999999976,-70.11899999999997,Antofagasta,,Altonorte smelter,269,Smelter,Active,-23.8247,-70.3178,Glencore Copper Chile S.A. ,Glencore Copper Chile S.A. ,300,tmt,Copper,68.2
Sierra Atacama,227,Mine (active),Active,-23.238999999999976,-70.11899999999997,Antofagasta,,Antucoya SX-EW plant,271,SX-EW Plant,Active,-22.6298,-69.8832,Antofagasta plc,"Antofagasta plc, 70%, Marubeni Corp., 30%",,,Copper,71.9
Sierra Atacama,227,Mine (active),Active,-23.238999999999976,-70.11899999999997,Antofagasta,,Mantos de la Luna SX-EW plant,350,SX-EW Plant,Active,-22.3851,-70.1782,Compania Mantos de la Luna,"Izquierdo Menendez Group, 100%",,,Copper,95.1
Sierra Atacama,227,Mine (active),Active,-23.238999999999976,-70.11899999999997,Antofagasta,,Spence SX-EW plant,444,SX-EW Plant,Active,-22.8015,-69.2818,Minera Spence S.A. ,"BHP Billiton plc, 100%",200,tmt,Copper,98.5
Sierra Atacama,227,Mine (active),Active,-23.238999999999976,-70.11899999999997,Antofagasta,,El Tesoro SX-EW plant,316,SX-EW Plant,Active,-22.9277,-69.0976,Minera El Tesoro S.A. ,"Antofagasta plc, 70%, and Marubeni Corp., 30%",110,tmt,Copper,110.1
Sierra Atacama,227,Mine (active),Active,-23.238999999999976,-70.11899999999997,Antofagasta,,Centinela oxide and sulfide plant,279,Processing Plant,Active,-22.9275,-69.0965,Antofagasta plc,"Antofagasta plc, 70%, and Marubeni Corp., 30%",300,tmt,Copper,110.2
Sierra Atacama,227,Mine (active),Active,-23.238999999999976,-70.11899999999997,Antofagasta,,Gabriela Mistral SX-EW plant,325,SX-EW Plant,Active,-23.4173,-68.7838,Minera Gaby S.A. ,"Corporación Nacional del Cobre (CODELCO) (Government, 100%), 100%",170,tmt,Copper,137.8
Sierra Atacama,227,Mine (active),Active,-23.238999999999976,-70.11899999999997,Antofagasta,,Plant near Tocopilla,430,Processing Plant,Active,-21.9459,-69.8715,Minera Capacho Viejo Ltda. ,Minera Capacho Viejo Ltda. ,"5,000",mt,Copper,146.0
Sierra Gorda,228,Mine (active),Active,-22.84699999999998,-69.33899999999994,Antofagasta,KGHM International Ltd.,Spence SX-EW plant,444,SX-EW Plant,Active,-22.8015,-69.2818,Minera Spence S.A. ,"BHP Billiton plc, 100%",200,tmt,Copper,7.7
Sierra Gorda,228,Mine (active),Active,-22.84699999999998,-69.33899999999994,Antofagasta,KGHM International Ltd.,El Tesoro SX-EW plant,316,SX-EW Plant,Active,-22.9277,-69.0976,Minera El Tesoro S.A. ,"Antofagasta plc, 70%, and Marubeni Corp., 30%",110,tmt,Copper,26.3
Sierra Gorda,228,Mine (active),Active,-22.84699999999998,-69.33899999999994,Antofagasta,KGHM International Ltd.,Centinela oxide and sulfide plant,279,Processing Plant,Active,-22.9275,-69.0965,Antofagasta plc,"Antofagasta plc, 70%, and Marubeni Corp., 30%",300,tmt,Copper,26.4
Sierra Gorda,228,Mine (active),Active,-22.84699999999998,-69.33899999999994,Antofagasta,KGHM International Ltd.,Esperanza milling/flotation plant,322,Concentrator,Active,-22.9998,-69.1036,Minera Esperanza S.A. ,"Antofagasta plc, 70%, and Marubeni Corp., 30%","8,000",kg,Gold,29.5
Sierra Gorda,228,Mine (active),Active,-22.84699999999998,-69.33899999999994,Antofagasta,KGHM International Ltd.,Antucoya SX-EW plant,271,SX-EW Plant,Active,-22.6298,-69.8832,Antofagasta plc,"Antofagasta plc, 70%, Marubeni Corp., 30%",,,Copper,60.8
Sierra Gorda,228,Mine (active),Active,-22.84699999999998,-69.33899999999994,Antofagasta,KGHM International Ltd.,Lomas Bayas SX-EW plant,341,SX-EW Plant,Active,-23.4318,-69.5017,Compañía Minera Xstrata Lomas Bayas ,"Glencore plc, 100%",75,tmt,Copper,67.1
Sierra Gorda,228,Mine (active),Active,-22.84699999999998,-69.33899999999994,Antofagasta,KGHM International Ltd.,Chuquicamata SX-EW plant (oxide) and smelter,292,Smelter,Active,-22.3137,-68.8895,Corporación Nacional del Cobre (CODELCO),"Government, 100%",450,tmt,Copper,75.1
Sierra Gorda,228,Mine (active),Active,-22.84699999999998,-69.33899999999994,Antofagasta,KGHM International Ltd.,Chuquicamata Mine (plant to acid-leach fine copper),290,Processing Plant,Active,-22.3013,-68.8404,EcoMetales Ltd. ,"Codelco Technologies Ltd., 100%",25,tmt,Copper,79.4
Sierra Gorda,228,Mine (active),Active,-22.84699999999998,-69.33899999999994,Antofagasta,KGHM International Ltd.,Gabriela Mistral SX-EW plant,325,SX-EW Plant,Active,-23.4173,-68.7838,Minera Gaby S.A. ,"Corporación Nacional del Cobre (CODELCO) (Government, 100%), 100%",170,tmt,Copper,85.1
Sierra Gorda,228,Mine (active),Active,-22.84699999999998,-69.33899999999994,Antofagasta,KGHM International Ltd.,Radomiro Tomic SX-EW plant,441,SX-EW Plant,Active,-22.1927,-68.8674,Corporación Nacional del Cobre (CODELCO),"Government, 100%",480,tmt,Copper,87.4
Sierra Gorda,228,Mine (active),Active,-22.84699999999998,-69.33899999999994,Antofagasta,KGHM International Ltd.,Michilla SX-EW/sulfide-leaching plant,359,SX-EW Plant,Active,-22.6791,-70.1883,Minera Michilla S.A. ,"Antofagasta plc, 74.2%, and other private Chilean investors, 25.8%",45,tmt,Copper,89.1
Sierra Gorda,228,Mine (active),Active,-22.84699999999998,-69.33899999999994,Antofagasta,KGHM International Ltd.,Mantos Blancos SX-EW plant,349,SX-EW Plant,Active,-23.4397,-70.0734,Empresa Minera de Mantos Blancos S.A. ,"Anglo American plc, 99.9%, and other private, 0.1%",100,tmt,Copper,99.9
Sierra Gorda,228,Mine (active),Active,-22.84699999999998,-69.33899999999994,Antofagasta,KGHM International Ltd.,Mantos de la Luna SX-EW plant,350,SX-EW Plant,Active,-22.3851,-70.1782,Compania Mantos de la Luna,"Izquierdo Menendez Group, 100%",,,Copper,100.3
Sierra Gorda,228,Mine (active),Active,-22.84699999999998,-69.33899999999994,Antofagasta,KGHM International Ltd.,Plant near Tocopilla,430,Processing Plant,Active,-21.9459,-69.8715,Minera Capacho Viejo Ltda. ,Minera Capacho Viejo Ltda. ,"5,000",mt,Copper,114.2
Sierra Gorda,228,Mine (active),Active,-22.84699999999998,-69.33899999999994,Antofagasta,KGHM International Ltd.,Al Elbra SX-EW plant,268,SX-EW Plant,Active,-21.9859,-68.6886,Sociedad Contractual Minera El Abra ,"Freeport-McMoRan Copper & Gold Inc., 51%, and Corporación Nacional del Cobre (CODELCO) (Government, 100%), 49%",225,tmt,Copper,116.8
Sierra Gorda,228,Mine (active),Active,-22.84699999999998,-69.33899999999994,Antofagasta,KGHM International Ltd.,Altonorte smelter,269,Smelter,Active,-23.8247,-70.3178,Glencore Copper Chile S.A. ,Glencore Copper Chile S.A. ,300,tmt,Copper,147.7
Sierra Jardín,229,Prospect/Project,Prospect/Project,-25.90599999999995,-69.48399999999998,Antofagasta,,Franke SX-EW Plant,324,SX-EW Plant,Active,-25.8334,-69.8639,Sociedad Contractual Minera Franke ,"KGHM International Ltd., 100%",,,Copper,38.9
Sierra Jardín,229,Prospect/Project,Prospect/Project,-25.90599999999995,-69.48399999999998,Antofagasta,,Potrerillos SX-EW refinery and smelter,435,Smelter,Active,-26.283,-69.5965,Corporación Nacional del Cobre (CODELCO),"Government, 100%",70,tmt,Copper,43.4
Sierra Jardín,229,Prospect/Project,Prospect/Project,-25.90599999999995,-69.48399999999998,Antofagasta,,Osvaldo Martínez,370,Processing Plant,Active,-26.4196,-70.3172,Empresa Nacional de Minería (ENAMI),"Government, 100%",180,tmt,Copper,100.9
Sierra Jardín,229,Prospect/Project,Prospect/Project,-25.90599999999995,-69.48399999999998,Antofagasta,,Mantoverde SX-EW plant,351,SX-EW Plant,Active,-26.5615,-70.3253,Empresa Minera de Mantos Blancos S.A. ,"Anglo American plc, 99.9%, and other private, 0.1%",65,tmt,Copper,111.1
Sierra Jardín,229,Prospect/Project,Prospect/Project,-25.90599999999995,-69.48399999999998,Antofagasta,,José Antonio Moreno,335,Processing Plant,Active,-25.3963,-70.4742,Empresa Nacional de Minería (ENAMI),"Government, 100%",180,tmt,Copper,114.3
Soledad,230,Mine (active),Active,-20.408999999999935,-69.79299999999995,Tarapacá,,Plant near Iquique,419,Processing Plant,Active,-20.223,-69.7966,Cosayach Nitratos S.A. ,"Inverraz S.A., 100%","3,000",mt,Iodine,20.7
Soledad,230,Mine (active),Active,-20.408999999999935,-69.79299999999995,Tarapacá,,Plant near Iquique,420,Processing Plant,Active,-20.223,-69.7966,Cosayach Nitratos S.A. ,"Inverraz S.A., 100%",200,tmt,Nitrate,20.7
Soledad,230,Mine (active),Active,-20.408999999999935,-69.79299999999995,Tarapacá,,Nueva Victoria plant,369,Processing Plant,Active,-20.9592,-69.6633,SQM Químicos S.A. ,"Sociedad Química y Minera de Chile S.A. (SQM), 100%","13,300",mt,Iodine,62.6
Soledad,230,Mine (active),Active,-20.408999999999935,-69.79299999999995,Tarapacá,,Iris Plant,334,Processing Plant,Active,-20.9622,-69.6625,SQM Químicos S.A. ,"Sociedad Química y Minera de Chile S.A. (SQM), 100%","13,300",mt,Iodine,63.0
Spence,231,Mine (active),Active,-22.785999999999945,-69.24399999999997,Antofagasta,Minera Spence S.A. ,Spence SX-EW plant,444,SX-EW Plant,Active,-22.8015,-69.2818,Minera Spence S.A. ,"BHP Billiton plc, 100%",200,tmt,Copper,4.2
Spence,231,Mine (active),Active,-22.785999999999945,-69.24399999999997,Antofagasta,Minera Spence S.A. ,Centinela oxide and sulfide plant,279,Processing Plant,Active,-22.9275,-69.0965,Antofagasta plc,"Antofagasta plc, 70%, and Marubeni Corp., 30%",300,tmt,Copper,21.8
Spence,231,Mine (active),Active,-22.785999999999945,-69.24399999999997,Antofagasta,Minera Spence S.A. ,El Tesoro SX-EW plant,316,SX-EW Plant,Active,-22.9277,-69.0976,Minera El Tesoro S.A. ,"Antofagasta plc, 70%, and Marubeni Corp., 30%",110,tmt,Copper,21.8
Spence,231,Mine (active),Active,-22.785999999999945,-69.24399999999997,Antofagasta,Minera Spence S.A. ,Chuquicamata SX-EW plant (oxide) and smelter,292,Smelter,Active,-22.3137,-68.8895,Corporación Nacional del Cobre (CODELCO),"Government, 100%",450,tmt,Copper,63.9
Spence,231,Mine (active),Active,-22.785999999999945,-69.24399999999997,Antofagasta,Minera Spence S.A. ,Antucoya SX-EW plant,271,SX-EW Plant,Active,-22.6298,-69.8832,Antofagasta plc,"Antofagasta plc, 70%, Marubeni Corp., 30%",,,Copper,67.8
Spence,231,Mine (active),Active,-22.785999999999945,-69.24399999999997,Antofagasta,Minera Spence S.A. ,Chuquicamata Mine (plant to acid-leach fine copper),290,Processing Plant,Active,-22.3013,-68.8404,EcoMetales Ltd. ,"Codelco Technologies Ltd., 100%",25,tmt,Copper,68.0
Spence,231,Mine (active),Active,-22.785999999999945,-69.24399999999997,Antofagasta,Minera Spence S.A. ,Lomas Bayas SX-EW plant,341,SX-EW Plant,Active,-23.4318,-69.5017,Compañía Minera Xstrata Lomas Bayas ,"Glencore plc, 100%",75,tmt,Copper,76.5
Spence,231,Mine (active),Active,-22.785999999999945,-69.24399999999997,Antofagasta,Minera Spence S.A. ,Radomiro Tomic SX-EW plant,441,SX-EW Plant,Active,-22.1927,-68.8674,Corporación Nacional del Cobre (CODELCO),"Government, 100%",480,tmt,Copper,76.5
Spence,231,Mine (active),Active,-22.785999999999945,-69.24399999999997,Antofagasta,Minera Spence S.A. ,Gabriela Mistral SX-EW plant,325,SX-EW Plant,Active,-23.4173,-68.7838,Minera Gaby S.A. ,"Corporación Nacional del Cobre (CODELCO) (Government, 100%), 100%",170,tmt,Copper,84.5
Spence,231,Mine (active),Active,-22.785999999999945,-69.24399999999997,Antofagasta,Minera Spence S.A. ,Michilla SX-EW/sulfide-leaching plant,359,SX-EW Plant,Active,-22.6791,-70.1883,Minera Michilla S.A. ,"Antofagasta plc, 74.2%, and other private Chilean investors, 25.8%",45,tmt,Copper,97.6
Spence,231,Mine (active),Active,-22.785999999999945,-69.24399999999997,Antofagasta,Minera Spence S.A. ,Al Elbra SX-EW plant,268,SX-EW Plant,Active,-21.9859,-68.6886,Sociedad Contractual Minera El Abra ,"Freeport-McMoRan Copper & Gold Inc., 51%, and Corporación Nacional del Cobre (CODELCO) (Government, 100%), 49%",225,tmt,Copper,105.7
Spence,231,Mine (active),Active,-22.785999999999945,-69.24399999999997,Antofagasta,Minera Spence S.A. ,Mantos de la Luna SX-EW plant,350,SX-EW Plant,Active,-22.3851,-70.1782,Compania Mantos de la Luna,"Izquierdo Menendez Group, 100%",,,Copper,105.8
Spence,231,Mine (active),Active,-22.785999999999945,-69.24399999999997,Antofagasta,Minera Spence S.A. ,Mantos Blancos SX-EW plant,349,SX-EW Plant,Active,-23.4397,-70.0734,Empresa Minera de Mantos Blancos S.A. ,"Anglo American plc, 99.9%, and other private, 0.1%",100,tmt,Copper,111.7
Spence,231,Mine (active),Active,-22.785999999999945,-69.24399999999997,Antofagasta,Minera Spence S.A. ,Plant near Tocopilla,430,Processing Plant,Active,-21.9459,-69.8715,Minera Capacho Viejo Ltda. ,Minera Capacho Viejo Ltda. ,"5,000",mt,Copper,113.5
Talcuna,232,Mine (active),Active,-29.888999999999953,-70.88199999999995,Coquimbo,,Plant near Coquimbo (Region IV),415,Processing Plant,Active,-29.8353,-71.1035,Compañía Minera San Gerónimo,Compañía Minera San Gerónimo,"10,000",mt,Copper,22.2
Talcuna,232,Mine (active),Active,-29.888999999999953,-70.88199999999995,Coquimbo,,SX-EW plant,447,SX-EW Plant,Active,-30.261,-71.0917,Compañía Minera Carmen de Andacollo ,"Teck Cominco Ltd., 90%, and Empresa Nacional de Minería (ENAMI) (Government, 100%), 10%",22,tmt,Copper,46.0
Talcuna,232,Mine (active),Active,-29.888999999999953,-70.88199999999995,Coquimbo,,Dos Amigos SX-EW plant,305,SX-EW Plant,Active,-28.9869,-70.8859,CEMIN,CEMIN,,,Copper,100.3
Talcuna,232,Mine (active),Active,-29.888999999999953,-70.88199999999995,Coquimbo,,Vallenar plant,453,Processing Plant,Active,-28.5652,-70.7387,Empresa Nacional de Minería (ENAMI),"Government, 100%",180,tmt,Copper,147.9
Talcuna,232,Mine (active),Active,-29.888999999999953,-70.88199999999995,Coquimbo,,Vallenar plant,455,Processing Plant,Active,-28.5652,-70.7387,Empresa Nacional de Minería (ENAMI),"Government, 100%","6,000",kg,Silver,147.9
Tofo,235,Mine (active),Active,-29.448999999999955,-71.23569999999995,Coquimbo,Compañía Minera del Pacífico S.A. (CMP),El Romeral concentration plant,311,Concentrator,Active,-29.7282,-71.2317,Compañía Minera del Pacífico S.A. (CMP),"CAP S.A., 75%, and MC Inversiones Ltda., 25%","1,300",tmt,Iron,31.0
Tofo,235,Mine (active),Active,-29.448999999999955,-71.23569999999995,Coquimbo,Compañía Minera del Pacífico S.A. (CMP),El Romeral pellet-feed plant,312,Pellet Plant,Active,-29.7308,-71.2325,Compañía Minera del Pacífico S.A. (CMP),"CAP S.A., 75%, and MC Inversiones Ltda., 25%","1,300",tmt,Iron,31.3
Tofo,235,Mine (active),Active,-29.448999999999955,-71.23569999999995,Coquimbo,Compañía Minera del Pacífico S.A. (CMP),El Algarrobito concentration plant,307,Concentrator,Active,-28.8028,-70.9839,Compañía Minera del Pacífico S.A. (CMP),"CAP S.A., 75%, and MC Inversiones Ltda., 25%","1,300",tmt,Iron,75.9
Tofo,235,Mine (active),Active,-29.448999999999955,-71.23569999999995,Coquimbo,Compañía Minera del Pacífico S.A. (CMP),Huasco pellet plant,333,Pellet Plant,Active,-28.4808,-71.2485,Compañía Minera del Pacífico S.A. (CMP),"CAP S.A., 75%, and MC Inversiones Ltda., 25%","1,300",tmt,Iron,107.7
Tofo,235,Mine (active),Active,-29.448999999999955,-71.23569999999995,Coquimbo,Compañía Minera del Pacífico S.A. (CMP),Huasco concentration plant,332,Concentrator,Active,-28.2907,-70.8125,Compañía Minera del Pacífico S.A. (CMP),"CAP S.A., 75%, and MC Inversiones Ltda., 25%","1,300",tmt,Iron,135.2
Tofo,235,Mine (active),Active,-29.448999999999955,-71.23569999999995,Coquimbo,Compañía Minera del Pacífico S.A. (CMP),Los Colorados concentration plant,344,Concentrator,Active,-28.291,-70.8129,Compañía Minera del Pacífico S.A. (CMP),"CAP S.A., 75%, and MC Inversiones Ltda., 25%","1,300",tmt,Iron,135.2
Toki,236,Prospect/Project,Prospect/Project,-22.41599999999994,-68.94799999999998,Antofagasta,,Chuquicamata SX-EW plant (oxide) and smelter,292,Smelter,Active,-22.3137,-68.8895,Corporación Nacional del Cobre (CODELCO),"Government, 100%",450,tmt,Copper,12.9
Toki,236,Prospect/Project,Prospect/Project,-22.41599999999994,-68.94799999999998,Antofagasta,,Chuquicamata Mine (plant to acid-leach fine copper),290,Processing Plant,Active,-22.3013,-68.8404,EcoMetales Ltd. ,"Codelco Technologies Ltd., 100%",25,tmt,Copper,16.9
Toki,236,Prospect/Project,Prospect/Project,-22.41599999999994,-68.94799999999998,Antofagasta,,Radomiro Tomic SX-EW plant,441,SX-EW Plant,Active,-22.1927,-68.8674,Corporación Nacional del Cobre (CODELCO),"Government, 100%",480,tmt,Copper,26.2
Toki,236,Prospect/Project,Prospect/Project,-22.41599999999994,-68.94799999999998,Antofagasta,,Al Elbra SX-EW plant,268,SX-EW Plant,Active,-21.9859,-68.6886,Sociedad Contractual Minera El Abra ,"Freeport-McMoRan Copper & Gold Inc., 51%, and Corporación Nacional del Cobre (CODELCO) (Government, 100%), 49%",225,tmt,Copper,54.8
Toki,236,Prospect/Project,Prospect/Project,-22.41599999999994,-68.94799999999998,Antofagasta,,Spence SX-EW plant,444,SX-EW Plant,Active,-22.8015,-69.2818,Minera Spence S.A. ,"BHP Billiton plc, 100%",200,tmt,Copper,54.9
Toki,236,Prospect/Project,Prospect/Project,-22.41599999999994,-68.94799999999998,Antofagasta,,Centinela oxide and sulfide plant,279,Processing Plant,Active,-22.9275,-69.0965,Antofagasta plc,"Antofagasta plc, 70%, and Marubeni Corp., 30%",300,tmt,Copper,58.9
Toki,236,Prospect/Project,Prospect/Project,-22.41599999999994,-68.94799999999998,Antofagasta,,El Tesoro SX-EW plant,316,SX-EW Plant,Active,-22.9277,-69.0976,Minera El Tesoro S.A. ,"Antofagasta plc, 70%, and Marubeni Corp., 30%",110,tmt,Copper,58.9
Toki,236,Prospect/Project,Prospect/Project,-22.41599999999994,-68.94799999999998,Antofagasta,,Antucoya SX-EW plant,271,SX-EW Plant,Active,-22.6298,-69.8832,Antofagasta plc,"Antofagasta plc, 70%, Marubeni Corp., 30%",,,Copper,99.0
Toki,236,Prospect/Project,Prospect/Project,-22.41599999999994,-68.94799999999998,Antofagasta,,Plant near Tocopilla,430,Processing Plant,Active,-21.9459,-69.8715,Minera Capacho Viejo Ltda. ,Minera Capacho Viejo Ltda. ,"5,000",mt,Copper,108.5
Toki,236,Prospect/Project,Prospect/Project,-22.41599999999994,-68.94799999999998,Antofagasta,,Gabriela Mistral SX-EW plant,325,SX-EW Plant,Active,-23.4173,-68.7838,Minera Gaby S.A. ,"Corporación Nacional del Cobre (CODELCO) (Government, 100%), 100%",170,tmt,Copper,112.6
Toki,236,Prospect/Project,Prospect/Project,-22.41599999999994,-68.94799999999998,Antofagasta,,Lomas Bayas SX-EW plant,341,SX-EW Plant,Active,-23.4318,-69.5017,Compañía Minera Xstrata Lomas Bayas ,"Glencore plc, 100%",75,tmt,Copper,126.4
Toki,236,Prospect/Project,Prospect/Project,-22.41599999999994,-68.94799999999998,Antofagasta,,Mantos de la Luna SX-EW plant,350,SX-EW Plant,Active,-22.3851,-70.1782,Compania Mantos de la Luna,"Izquierdo Menendez Group, 100%",,,Copper,126.5
Toki,236,Prospect/Project,Prospect/Project,-22.41599999999994,-68.94799999999998,Antofagasta,,Michilla SX-EW/sulfide-leaching plant,359,SX-EW Plant,Active,-22.6791,-70.1883,Minera Michilla S.A. ,"Antofagasta plc, 74.2%, and other private Chilean investors, 25.8%",45,tmt,Copper,130.7
Tovaku,237,Prospect/Project,Prospect/Project,-21.94599999999997,-69.78299999999996,Antofagasta,,Plant near Tocopilla,430,Processing Plant,Active,-21.9459,-69.8715,Minera Capacho Viejo Ltda. ,Minera Capacho Viejo Ltda. ,"5,000",mt,Copper,9.1
Tovaku,237,Prospect/Project,Prospect/Project,-21.94599999999997,-69.78299999999996,Antofagasta,,Mantos de la Luna SX-EW plant,350,SX-EW Plant,Active,-22.3851,-70.1782,Compania Mantos de la Luna,"Izquierdo Menendez Group, 100%",,,Copper,63.6
Tovaku,237,Prospect/Project,Prospect/Project,-21.94599999999997,-69.78299999999996,Antofagasta,,Antucoya SX-EW plant,271,SX-EW Plant,Active,-22.6298,-69.8832,Antofagasta plc,"Antofagasta plc, 70%, Marubeni Corp., 30%",,,Copper,76.7
Tovaku,237,Prospect/Project,Prospect/Project,-21.94599999999997,-69.78299999999996,Antofagasta,,Michilla SX-EW/sulfide-leaching plant,359,SX-EW Plant,Active,-22.6791,-70.1883,Minera Michilla S.A. ,"Antofagasta plc, 74.2%, and other private Chilean investors, 25.8%",45,tmt,Copper,91.6
Tovaku,237,Prospect/Project,Prospect/Project,-21.94599999999997,-69.78299999999996,Antofagasta,,Radomiro Tomic SX-EW plant,441,SX-EW Plant,Active,-22.1927,-68.8674,Corporación Nacional del Cobre (CODELCO),"Government, 100%",480,tmt,Copper,98.3
Tovaku,237,Prospect/Project,Prospect/Project,-21.94599999999997,-69.78299999999996,Antofagasta,,Chuquicamata SX-EW plant (oxide) and smelter,292,Smelter,Active,-22.3137,-68.8895,Corporación Nacional del Cobre (CODELCO),"Government, 100%",450,tmt,Copper,100.7
Tovaku,237,Prospect/Project,Prospect/Project,-21.94599999999997,-69.78299999999996,Antofagasta,,Chuquicamata Mine (plant to acid-leach fine copper),290,Processing Plant,Active,-22.3013,-68.8404,EcoMetales Ltd. ,"Codelco Technologies Ltd., 100%",25,tmt,Copper,104.8
Tovaku,237,Prospect/Project,Prospect/Project,-21.94599999999997,-69.78299999999996,Antofagasta,,Spence SX-EW plant,444,SX-EW Plant,Active,-22.8015,-69.2818,Minera Spence S.A. ,"BHP Billiton plc, 100%",200,tmt,Copper,108.2
Tovaku,237,Prospect/Project,Prospect/Project,-21.94599999999997,-69.78299999999996,Antofagasta,,Al Elbra SX-EW plant,268,SX-EW Plant,Active,-21.9859,-68.6886,Sociedad Contractual Minera El Abra ,"Freeport-McMoRan Copper & Gold Inc., 51%, and Corporación Nacional del Cobre (CODELCO) (Government, 100%), 49%",225,tmt,Copper,112.9
Tovaku,237,Prospect/Project,Prospect/Project,-21.94599999999997,-69.78299999999996,Antofagasta,,El Tesoro SX-EW plant,316,SX-EW Plant,Active,-22.9277,-69.0976,Minera El Tesoro S.A. ,"Antofagasta plc, 70%, and Marubeni Corp., 30%",110,tmt,Copper,129.9
Tovaku,237,Prospect/Project,Prospect/Project,-21.94599999999997,-69.78299999999996,Antofagasta,,Centinela oxide and sulfide plant,279,Processing Plant,Active,-22.9275,-69.0965,Antofagasta plc,"Antofagasta plc, 70%, and Marubeni Corp., 30%",300,tmt,Copper,130.0
Tovaku,237,Prospect/Project,Prospect/Project,-21.94599999999997,-69.78299999999996,Antofagasta,,Quebrada Blanca SX-EW plant,440,SX-EW Plant,Active,-21.0027,-68.7964,Compañía Minera Quebrada Blanca ,"Teck Cominco Ltd., 76.5%; Inversiones Mineras S.A., 13.5%; Empresa Nacional de Minería (ENAMI) (Government, 100%), 10%",100,tmt,Copper,146.4
Valeriano,238,Prospect/Project,Prospect/Project,-29.113999999999976,-69.87099999999998,Atacama,,Dos Amigos SX-EW plant,305,SX-EW Plant,Active,-28.9869,-70.8859,CEMIN,CEMIN,,,Copper,99.7
Valeriano,238,Prospect/Project,Prospect/Project,-29.113999999999976,-69.87099999999998,Atacama,,Vallenar plant,453,Processing Plant,Active,-28.5652,-70.7387,Empresa Nacional de Minería (ENAMI),"Government, 100%",180,tmt,Copper,104.2
Valeriano,238,Prospect/Project,Prospect/Project,-29.113999999999976,-69.87099999999998,Atacama,,Vallenar plant,454,Processing Plant,Active,-28.5652,-70.7387,Empresa Nacional de Minería (ENAMI),"Government, 100%",400,kg,Gold,104.2
Valeriano,238,Prospect/Project,Prospect/Project,-29.113999999999976,-69.87099999999998,Atacama,,Vallenar plant,455,Processing Plant,Active,-28.5652,-70.7387,Empresa Nacional de Minería (ENAMI),"Government, 100%","6,000",kg,Silver,104.2
Valeriano,238,Prospect/Project,Prospect/Project,-29.113999999999976,-69.87099999999998,Atacama,,Plant near Coquimbo (Region IV),415,Processing Plant,Active,-29.8353,-71.1035,Compañía Minera San Gerónimo,Compañía Minera San Gerónimo,"10,000",mt,Copper,143.8
Vaquillas,240,Mine (idle),Idle,-25.369999999999948,-69.30638899999997,Antofagasta,,El Peñón concentration plant,309,Concentrator,Active,-24.4116,-69.4969,Minera Meridian Ltda. ,"Yamana Gold Inc., 100%","10,500",kg,Gold,108.3
Vaquillas,240,Mine (idle),Idle,-25.369999999999948,-69.30638899999997,Antofagasta,,El Peñón concentration plant,310,Concentrator,Active,-24.4116,-69.4969,Minera Meridian Ltds. ,"Yamana Gold Inc., 100%","300,000",kg,Silver,108.3
Vaquillas,240,Mine (idle),Idle,-25.369999999999948,-69.30638899999997,Antofagasta,,José Antonio Moreno plant,336,Processing Plant,Active,-25.3963,-70.4742,Empresa Nacional de Minería (ENAMI),"Government, 100%",400,kg,Gold,117.4
Vaquillas,240,Mine (idle),Idle,-25.369999999999948,-69.30638899999997,Antofagasta,,José Antonio Moreno plant,337,Processing Plant,Active,-25.3963,-70.4742,Empresa Nacional de Minería (ENAMI),"Government, 100%","6,000",kg,Silver,117.4
Vaquillas,240,Mine (idle),Idle,-25.369999999999948,-69.30638899999997,Antofagasta,,Escondida concentrator,318,Concentrator,Active,-24.2628,-69.0581,Minera Escondida Ltda.,"Minera Escondida Ltda., 100%","4,500",kg,Gold,125.6
Vaquillas,240,Mine (idle),Idle,-25.369999999999948,-69.30638899999997,Antofagasta,,Escondida concentrator,319,Concentrator,Active,-24.2628,-69.0581,Minera Escondida Ltda.,"Minera Escondida Ltda., 100%","180,000",kg,Silver,125.6
Vizcachitas,241,Prospect/Project,Prospect/Project,-32.40599999999995,-70.42499999999995,Valparaíso,,Plant at Cabildo,374,Processing Plant,Active,-32.5838,-70.8762,Compañía Minera Cerro Negro,Compañía Minera Cerro Negro,200,mt,Copper,46.7
Vizcachitas,241,Prospect/Project,Prospect/Project,-32.40599999999995,-70.42499999999995,Valparaíso,,Chagres smelter (anodes and blister),284,Smelter,Active,-32.8047,-70.9554,Empresa Nacional de Minería (ENAMI),"Government, 100%",175,tmt,Copper,66.6
Vizcachitas,241,Prospect/Project,Prospect/Project,-32.40599999999995,-70.42499999999995,Valparaíso,,Los Pelambres plant,346,Processing Plant,Active,-31.8134,-70.5823,Antofagasta plc,"Antofagasta plc, 60%; JX Nippon Mining Metals Corp, 15%; Mitsubishi Materials Corp., 10%; Marubeni Corp., 8.75%; Mitsubishi Corp., 5%; Mitsui & Co. Ltd., 1.25%","12,500",mt,Molybdenum,67.5
Vizcachitas,241,Prospect/Project,Prospect/Project,-32.40599999999995,-70.42499999999995,Valparaíso,,Los Pelambres plant,347,Processing Plant,Active,-31.8134,-70.5823,Antofagasta plc,"Antofagasta plc, 60%; JX Nippon Mining Metals Corp, 15%; Mitsubishi Materials Corp., 10%; Marubeni Corp., 8.75%; Mitsubishi Corp., 5%; Mitsui & Co. Ltd., 1.25%","42,000",kg,Silver,67.5
Vizcachitas,241,Prospect/Project,Prospect/Project,-32.40599999999995,-70.42499999999995,Valparaíso,,El Soldado SX-EW plant,314,SX-EW Plant,Active,-32.6593,-71.1448,Anglo American Sur S.A. ,"Anglo American plc, 50.1%, Mitsubishi Corp., 20.4%, Corporación Nacional del Cobre, 20%, and Mitsui & Co., Ltd., 9.5% ",50,tmt,Copper,73.1
Vizcachitas,241,Prospect/Project,Prospect/Project,-32.40599999999995,-70.42499999999995,Valparaíso,,Los Bronces Plants,343,Processing Plant,Active,-33.1462,-70.2863,Anglo American Sur S.A. ,"Anglo American plc, 50.1%, Mitsubishi Corp., 20.4%, Corporación Nacional del Cobre, 20%, and Mitsui & Co., Ltd., 9.5% ","35,000",kg,Silver,83.3
Vizcachitas,241,Prospect/Project,Prospect/Project,-32.40599999999995,-70.42499999999995,Valparaíso,,Los Bronces (Tortolas) SX-EW plant (cathodes),342,SX-EW Plant,Active,-33.1409,-70.7086,Anglo American Sur S.A. ,"Anglo American plc, 50.1%, Mitsubishi Corp., 20.4%, Corporación Nacional del Cobre, 20%, and Mitsui & Co., Ltd., 9.5% ",490,tmt,Copper,85.9
Vizcachitas,241,Prospect/Project,Prospect/Project,-32.40599999999995,-70.42499999999995,Valparaíso,,Tortolas molybdenum flotation plant,450,Concentrator,Active,-33.1409,-70.7086,Anglo American Sur S.A. ,"Anglo American plc, 50.1%, Mitsubishi Corp., 20.4%, Corporación Nacional del Cobre, 20%, and Mitsui & Co., Ltd., 9.5% ","3,000",mt,Molybdenum,85.9
Vizcachitas,241,Prospect/Project,Prospect/Project,-32.40599999999995,-70.42499999999995,Valparaíso,,Tres Valles SX-EW plant,451,SX-EW Plant,Active,-31.7364,-71.0165,Vecchiola SA,Vecchiola SA,,,Copper,93.0
Vizcachitas,241,Prospect/Project,Prospect/Project,-32.40599999999995,-70.42499999999995,Valparaíso,,Las Ventanas refinery and smelter,340,Smelter,Active,-32.7618,-71.4812,Corporación Nacional del Cobre (CODELCO),"Government, 100%",402,tmt,Copper,106.6
Vizcachitas,241,Prospect/Project,Prospect/Project,-32.40599999999995,-70.42499999999995,Valparaíso,,Ventanas refinery and smelter,458,Smelter,Active,-32.7618,-71.4812,Corporación Nacional del Cobre (CODELCO),"Government, 100%","220,000",kg,Silver,106.6
Volcán,242,Prospect/Project,Prospect/Project,-27.378999999999962,-69.16399999999999,Atacama,,Manuel Antonio Matta plant,353,Processing Plant,Active,-27.4131,-70.2517,Empresa Nacional de Minería (ENAMI),"Government, 100%",400,kg,Gold,107.4
West Wall,243,Prospect/Project,Prospect/Project,-32.567999999999984,-70.33299999999997,Valparaíso,,Plant at Cabildo,374,Processing Plant,Active,-32.5838,-70.8762,Compañía Minera Cerro Negro,Compañía Minera Cerro Negro,200,mt,Copper,50.9
West Wall,243,Prospect/Project,Prospect/Project,-32.567999999999984,-70.33299999999997,Valparaíso,,Chagres smelter (anodes and blister),284,Smelter,Active,-32.8047,-70.9554,Empresa Nacional de Minería (ENAMI),"Government, 100%",175,tmt,Copper,63.9
West Wall,243,Prospect/Project,Prospect/Project,-32.567999999999984,-70.33299999999997,Valparaíso,,Los Bronces (Tortolas) SX-EW plant (cathodes),342,SX-EW Plant,Active,-33.1409,-70.7086,Anglo American Sur S.A. ,"Anglo American plc, 50.1%, Mitsubishi Corp., 20.4%, Corporación Nacional del Cobre, 20%, and Mitsui & Co., Ltd., 9.5% ",490,tmt,Copper,72.7
West Wall,243,Prospect/Project,Prospect/Project,-32.567999999999984,-70.33299999999997,Valparaíso,,Tortolas molybdenum flotation plant,450,Concentrator,Active,-33.1409,-70.7086,Anglo American Sur S.A. ,"Anglo American plc, 50.1%, Mitsubishi Corp., 20.4%, Corporación Nacional del Cobre, 20%, and Mitsui & Co., Ltd., 9.5% ","3,000",mt,Molybdenum,72.7
West Wall,243,Prospect/Project,Prospect/Project,-32.567999999999984,-70.33299999999997,Valparaíso,,El Soldado SX-EW plant,314,SX-EW Plant,Active,-32.6593,-71.1448,Anglo American Sur S.A. ,"Anglo American plc, 50.1%, Mitsubishi Corp., 20.4%, Corporación Nacional del Cobre, 20%, and Mitsui & Co., Ltd., 9.5% ",50,tmt,Copper,76.7
West Wall,243,Prospect/Project,Prospect/Project,-32.567999999999984,-70.33299999999997,Valparaíso,,Los Pelambres plant,346,Processing Plant,Active,-31.8134,-70.5823,Antofagasta plc,"Antofagasta plc, 60%; JX Nippon Mining Metals Corp, 15%; Mitsubishi Materials Corp., 10%; Marubeni Corp., 8.75%; Mitsubishi Corp., 5%; Mitsui & Co. Ltd., 1.25%","12,500",mt,Molybdenum,87.1
West Wall,243,Prospect/Project,Prospect/Project,-32.567999999999984,-70.33299999999997,Valparaíso,,Las Ventanas refinery and smelter,340,Smelter,Active,-32.7618,-71.4812,Corporación Nacional del Cobre (CODELCO),"Government, 100%",402,tmt,Copper,109.6
West Wall,243,Prospect/Project,Prospect/Project,-32.567999999999984,-70.33299999999997,Valparaíso,,Tres Valles SX-EW plant,451,SX-EW Plant,Active,-31.7364,-71.0165,Vecchiola SA,Vecchiola SA,,,Copper,112.7
Yumbes,245,Mine (idle),Idle,-24.829999999999927,-70.32999999999998,Antofagasta,,Plant in Aguas Blancas,397,Processing Plant,Active,-24.1357,-69.8671,Atacama Minerals Chile Minera ,SCM Bullmine and RB Energy,"2,200",mt,Iodine,90.3
Zaldivar,246,Mine (active),Active,-24.20799999999997,-69.06699999999995,Antofagasta,,Zaldívar SX-EW plant,460,SX-EW Plant,Active,-24.201,-69.0689,Compañía Minera Zaldívar ,"Barrick Gold Corp., 100%",150,tmt,Copper,0.8
Zaldivar,246,Mine (active),Active,-24.20799999999997,-69.06699999999995,Antofagasta,,Escondida oxide plant for cathode production (SX-EW),320,SX-EW Plant,Active,-24.2536,-69.1008,Minera Escondida Ltda. ,"BHP Billiton plc, 57.5%; Rio Tinto plc, 30%; Japan Escondida Corp., 10%; International Finance Corp., 2.5%","1,300",tmt,Copper,6.1
Zaldivar,246,Mine (active),Active,-24.20799999999997,-69.06699999999995,Antofagasta,,Escondida concentrator,317,Concentrator,Active,-24.2628,-69.0581,Minera Escondida Ltda.,"Minera Escondida Ltda., 100%","1,300",tmt,Copper,6.2
Zaldivar,246,Mine (active),Active,-24.20799999999997,-69.06699999999995,Antofagasta,,Escondida sulfide-leach plant for cathode production,321,Processing Plant,Active,-24.2601,-68.9925,Minera Escondida Ltda. ,"BHP Billiton plc, 57.5%; Rio Tinto plc, 30%; Japan Escondida Corp., 10%; International Finance Corp., 2.5%","1,300",tmt,Copper,9.5
Zaldivar,246,Mine (active),Active,-24.20799999999997,-69.06699999999995,Antofagasta,,Gabriela Mistral SX-EW plant,325,SX-EW Plant,Active,-23.4173,-68.7838,Minera Gaby S.A. ,"Corporación Nacional del Cobre (CODELCO) (Government, 100%), 100%",170,tmt,Copper,92.5
Zaldivar,246,Mine (active),Active,-24.20799999999997,-69.06699999999995,Antofagasta,,Lomas Bayas SX-EW plant,341,SX-EW Plant,Active,-23.4318,-69.5017,Compañía Minera Xstrata Lomas Bayas ,"Glencore plc, 100%",75,tmt,Copper,97.0
Zaldivar,246,Mine (active),Active,-24.20799999999997,-69.06699999999995,Antofagasta,,Mantos Blancos SX-EW plant,349,SX-EW Plant,Active,-23.4397,-70.0734,Empresa Minera de Mantos Blancos S.A. ,"Anglo American plc, 99.9%, and other private, 0.1%",100,tmt,Copper,133.3
Zaldivar,246,Mine (active),Active,-24.20799999999997,-69.06699999999995,Antofagasta,,Altonorte smelter,269,Smelter,Active,-23.8247,-70.3178,Glencore Copper Chile S.A. ,Glencore Copper Chile S.A. ,300,tmt,Copper,134.0
Zaldivar,246,Mine (active),Active,-24.20799999999997,-69.06699999999995,Antofagasta,,Centinela oxide and sulfide plant,279,Processing Plant,Active,-22.9275,-69.0965,Antofagasta plc,"Antofagasta plc, 70%, and Marubeni Corp., 30%",300,tmt,Copper,142.4
Zaldivar,246,Mine (active),Active,-24.20799999999997,-69.06699999999995,Antofagasta,,El Tesoro SX-EW plant,316,SX-EW Plant,Active,-22.9277,-69.0976,Minera El Tesoro S.A. ,"Antofagasta plc, 70%, and Marubeni Corp., 30%",110,tmt,Copper,142.4
