Country Code,Year,Forest_Rents_pct,Coal_Rents_pct,Forest_Coal_pct
ABW,1995,0.00116658771218565,0.0,0.00116658771218565
ABW,1996,0.00081940211530906,0.0,0.00081940211530906
ABW,1997,0.00100250493075445,0.0,0.00100250493075445
ABW,1998,0.000848352981616005,0.0,0.000848352981616005
ABW,1999,0.000717901853338623,0.0,0.000717901853338623
ABW,2000,0.000703282534499704,0.0,0.000703282534499704
ABW,2001,0.000720947385099791,0.0,0.000720947385099791
ABW,2002,0.000650305150083597,0.0,0.000650305150083597
ABW,2003,0.000692126845962617,0.0,0.000692126845962617
ABW,2004,0.000677514710767039,0.0,0.000677514710767039
ABW,2005,0.000658705057494767,0.0,0.000658705057494767
ABW,2006,0.000923709722334835,0.0,0.000923709722334835
ABW,2007,0.000897224583517666,0.0,0.000897224583517666
ABW,2008,0.000916581631395387,0.0,0.000916581631395387
ABW,2009,0.000946921913336869,0.0,0.000946921913336869
ABW,2010,0.00230053107618072,0.0,0.00230053107618072
ABW,2011,0.0018828729498612,0.0,0.0018828729498612
ABW,2012,0.00191744955735366,0.0,0.00191744955735366
ABW,2013,0.00245165331607624,0.0,0.00245165331607624
ABW,2014,0.00323517161852513,0.0,0.00323517161852513
ABW,2015,0.00238765944448716,0.0,0.00238765944448716
ABW,2016,0.0033437423337293,0.0,0.0033437423337293
ABW,2017,0.00282719063862959,0.0,0.00282719063862959
ABW,2018,0.00188469168678285,0.0,0.00188469168678285
ABW,2019,0.00168011577104813,0.0,0.00168011577104813
AFE,1995,4.27657143430095,1.37308031514128,5.6496517494422305
AFE,1996,4.29116704024821,1.21637824731706,5.50754528756527
AFE,1997,3.82774325934385,1.00082308433342,4.82856634367727
AFE,1998,4.11557388152516,0.804163989069074,4.919737870594234
AFE,1999,2.82359487927299,0.547423860259005,3.371018739531995
AFE,2000,2.66496344399631,0.720265276798836,3.385228720795146
AFE,2001,2.85215204549914,1.3583004715419,4.210452517041039
AFE,2002,3.34569770523756,0.853560155301222,4.199257860538782
AFE,2003,3.90337010575395,0.785952474787744,4.689322580541694
AFE,2004,2.72190997707946,1.9457134731031,4.66762345018256
AFE,2005,2.54490324815188,1.35322198687186,3.8981252350237403
AFE,2006,2.34759119900274,1.30791629862193,3.65550749762467
AFE,2007,2.85634696100377,1.61629906480102,4.47264602580479
AFE,2008,3.20401301024274,3.30273614179938,6.50674915204212
AFE,2009,3.11492662330142,1.10220319214985,4.21712981545127
AFE,2010,2.39588813986906,1.71488776223996,4.110775902109021
AFE,2011,2.47956597434645,1.97786699770678,4.45743297205323
AFE,2012,2.83509763323671,1.36281021870132,4.19790785193803
AFE,2013,2.9920114544828,1.07541420661773,4.06742566110053
AFE,2014,3.23569836605539,0.797977651588852,4.033676017644242
AFE,2015,3.66723224951528,0.611201352530673,4.278433602045952
AFE,2016,4.12944546180386,0.746947094409823,4.876392556213682
AFE,2017,3.57615627683763,0.91559316706949,4.4917494439071195
AFE,2018,2.50596883270437,1.02699649603067,3.53296532873504
AFE,2019,2.39895651578546,0.745968772155589,3.1449252879410494
AFG,1995,0.0,0.0,0.0
AFG,1996,0.0,0.0,0.0
AFG,1997,0.0,0.0,0.0
AFG,1998,0.0,0.0,0.0
AFG,1999,0.0,0.0,0.0
AFG,2000,0.0,0.0,0.0
AFG,2001,0.0,0.0,0.0
AFG,2002,1.00914820404965,0.00465001997676017,1.01379822402641
AFG,2003,0.661477338208322,0.00747274848408489,0.6689500866924069
AFG,2004,0.38846867792281,0.0165437838421436,0.4050124617649536
AFG,2005,0.333337690055055,0.0109135244434021,0.3442512144984571
AFG,2006,0.453987419670516,0.0112063527032708,0.4651937723737868
AFG,2007,0.343956662065522,0.0770462649096367,0.42100292697515873
AFG,2008,0.348530008988848,0.221132916238516,0.569662925227364
AFG,2009,0.280320567708532,0.128832445822436,0.409153013530968
AFG,2010,0.36453808043497,0.215322628919275,0.5798607093542449
AFG,2011,0.302923904383775,0.481711529177581,0.7846354335613559
AFG,2012,0.262155548029171,0.26623044263315,0.528385990662321
AFG,2013,0.262130892984394,0.237665574938235,0.499796467922629
AFG,2014,0.267026291162001,0.22737000694477,0.494396298106771
AFG,2015,0.288934873258099,0.163204860716174,0.452139733974273
AFG,2016,0.353105362386064,0.249916790607737,0.603022152993801
AFG,2017,0.285272514550035,0.40234480168601,0.687617316236045
AFG,2018,0.293533881625787,0.541363923742697,0.834897805368484
AFG,2019,0.333863765522096,0.334119584032567,0.667983349554663
AFW,1995,5.92790429227203,0.0902764762339968,6.018180768506027
AFW,1996,4.9794901602473,0.0742775754780669,5.053767735725367
AFW,1997,4.4740541599606,0.06841429177075,4.5424684517313505
AFW,1998,4.52006718641871,0.0564234677101694,4.57649065412888
AFW,1999,3.40314422522333,0.0869346780164793,3.490078903239809
AFW,2000,3.43104126759506,0.090257310090906,3.521298577685966
AFW,2001,3.14990547986605,0.120849916847781,3.270755396713831
AFW,2002,3.17098919868686,0.0929256927697349,3.263914891456595
AFW,2003,4.08781476936252,0.0753985551293445,4.163213324491864
AFW,2004,2.75610307920103,0.115179322695048,2.871282401896078
AFW,2005,2.48846814963151,0.135885564256293,2.624353713887803
AFW,2006,2.04888629874372,0.118940082435396,2.167826381179116
AFW,2007,2.41239148383363,0.0973344693346046,2.5097259531682345
AFW,2008,2.47382414464384,0.226652350486283,2.7004764951301232
AFW,2009,2.66003741540827,0.114584321042769,2.774621736451039
AFW,2010,2.09377657444326,0.14294800526562,2.23672457970888
AFW,2011,2.10178618841065,0.168348868663889,2.270135057074539
AFW,2012,2.24558715397287,0.0854502326528698,2.3310373866257397
AFW,2013,2.09257484891077,0.0531452984048663,2.1457201473156364
AFW,2014,2.1298100047895,0.0371404456727441,2.166950450462244
AFW,2015,2.53026298620323,0.0281194277094346,2.558382413912665
AFW,2016,2.96429325134656,0.0337961455132277,2.998089396859788
AFW,2017,3.06435380312447,0.0464512091681888,3.110805012292659
AFW,2018,2.10586884279275,0.0509575829726434,2.1568264257653933
AFW,2019,1.68022584052006,0.0345282474239316,1.7147540879439918
AGO,1995,2.9856616742744,0.0,2.9856616742744
AGO,1996,2.12783851319871,0.0,2.12783851319871
AGO,1997,1.94389973459506,0.0,1.94389973459506
AGO,1998,2.38525957827358,0.0,2.38525957827358
AGO,1999,2.11765565749899,0.0,2.11765565749899
AGO,2000,1.43272575752332,0.0,1.43272575752332
AGO,2001,1.41730580825922,0.0,1.41730580825922
AGO,2002,0.990786339881705,0.0,0.990786339881705
AGO,2003,1.15531764804726,0.0,1.15531764804726
AGO,2004,0.684223942146475,0.0,0.684223942146475
AGO,2005,0.502688173891943,0.0,0.502688173891943
AGO,2006,0.394642221545691,0.0,0.394642221545691
AGO,2007,0.407882075940256,0.0,0.407882075940256
AGO,2008,0.402778953529197,0.0,0.402778953529197
AGO,2009,0.471247130112202,0.0,0.471247130112202
AGO,2010,0.390458468314882,0.0,0.390458468314882
AGO,2011,0.333761077724256,0.0,0.333761077724256
AGO,2012,0.333477210675189,0.0,0.333477210675189
AGO,2013,0.329562168994364,0.0,0.329562168994364
AGO,2014,0.336742091365153,0.0,0.336742091365153
AGO,2015,0.526504018437182,0.0,0.526504018437182
AGO,2016,0.977955118230998,0.0,0.977955118230998
AGO,2017,0.763161892985031,0.0,0.763161892985031
AGO,2018,0.569460443966289,0.0,0.569460443966289
AGO,2019,0.57894656754892,0.0,0.57894656754892
ALB,1995,0.183282315812851,0.00286290828495024,0.18614522409780124
ALB,1996,0.144202904042222,0.00175245195964824,0.14595535600187023
ALB,1997,0.197605219453409,0.000369490505513321,0.19797470995892233
ALB,1998,0.118174363011121,0.000793889768500678,0.11896825277962167
ALB,1999,0.0806154996305077,0.000126575495826512,0.0807420751263342
ALB,2000,0.1266368254864,0.00063462371627779,0.1272714492026778
ALB,2001,0.0626445552743011,0.00132843174013712,0.06397298701443822
ALB,2002,0.0665511639246422,0.000288281866863831,0.06683944579150604
ALB,2003,0.0629987181111056,0.000914899138369364,0.06391361724947497
ALB,2004,0.0539967923130285,0.00683461126427363,0.06083140357730213
ALB,2005,0.0479782810465882,0.00307121885230359,0.05104949989889179
ALB,2006,0.0541548603090371,0.00293509452543288,0.05708995483446998
ALB,2007,0.0747717350561407,0.00404295611219972,0.07881469116834042
ALB,2008,0.0697141078407692,0.0139175166136866,0.0836316244544558
ALB,2009,0.0748086642125221,0.000716939372939698,0.07552560358546179
ALB,2010,0.0659767178336683,0.00137213315627755,0.06734885098994585
ALB,2011,0.210245076855231,0.000778501153028553,0.21102357800825955
ALB,2012,0.182521793382718,0.000344303375981144,0.18286609675869916
ALB,2013,0.165155097257209,0.000102472015384904,0.1652575692725939
ALB,2014,0.169259561262758,0.0,0.169259561262758
ALB,2015,0.191365197131665,0.00598268561789345,0.19734788274955845
ALB,2016,0.157023419526358,0.000391513069921201,0.1574149325962792
ALB,2017,0.183422579574961,0.0175811937920141,0.20100377336697509
ALB,2018,0.140052548330499,0.0379024712234031,0.17795501955390208
ALB,2019,0.138045383470044,0.00880735103673773,0.14685273450678174
AND,1995,0.0,0.0,0.0
AND,1996,0.0,0.0,0.0
AND,1997,0.0,0.0,0.0
AND,1998,0.0,0.0,0.0
AND,1999,0.0,0.0,0.0
AND,2000,0.0,0.0,0.0
AND,2001,0.0,0.0,0.0
AND,2002,0.0,0.0,0.0
AND,2003,0.0,0.0,0.0
AND,2004,0.0,0.0,0.0
AND,2005,0.0,0.0,0.0
AND,2006,0.0,0.0,0.0
AND,2007,0.0,0.0,0.0
AND,2008,0.0,0.0,0.0
AND,2009,0.0,0.0,0.0
AND,2010,0.0,0.0,0.0
AND,2011,0.0,0.0,0.0
AND,2012,0.0,0.0,0.0
AND,2013,0.0,0.0,0.0
AND,2014,0.0,0.0,0.0
AND,2015,0.0,0.0,0.0
AND,2016,0.0,0.0,0.0
AND,2017,0.0,0.0,0.0
AND,2018,0.0,0.0,0.0
AND,2019,0.0,0.0,0.0
ARB,1995,0.094975291147364,0.00891793936579482,0.10389323051315882
ARB,1996,0.0912187294492793,0.00910423235033576,0.10032296179961507
ARB,1997,0.0828260558060827,0.00837835425372968,0.09120441005981238
ARB,1998,0.119987218891259,0.00888631056099517,0.12887352945225417
ARB,1999,0.058918003683989,0.005795266184225,0.064713269868214
ARB,2000,0.0419035903434921,0.00481012797567123,0.04671371831916333
ARB,2001,0.0508171087905624,0.00615235323490413,0.05696946202546653
ARB,2002,0.054464546928932,0.00654913702703439,0.061013683955966395
ARB,2003,0.0678756138972941,0.00524168500151871,0.07311729889881281
ARB,2004,0.0534071695315772,0.00583936649472115,0.059246536026298355
ARB,2005,0.04289712388276,0.0100287598966829,0.0529258837794429
ARB,2006,0.0437893120961184,0.00967058072697738,0.05345989282309578
ARB,2007,0.0372371899707166,0.00588806404088771,0.04312525401160431
ARB,2008,0.0494366186948121,0.0158755902134822,0.0653122089082943
ARB,2009,0.0564349850629793,0.0105773287862779,0.06701231384925721
ARB,2010,0.0555009742898929,0.0119146326224616,0.0674156069123545
ARB,2011,0.075412736719288,0.0132253583231623,0.0886380950424503
ARB,2012,0.0777830365638059,0.00578608034043885,0.08356911690424476
ARB,2013,0.102289331035086,0.00408286750691208,0.10637219854199809
ARB,2014,0.132231188867372,0.00335408683577887,0.13558527570315088
ARB,2015,0.148033870751951,0.00244938640211787,0.15048325715406888
ARB,2016,0.132130349630471,0.00232112957385673,0.1344514792043277
ARB,2017,0.143041859180798,0.00327078363444391,0.14631264281524192
ARB,2018,0.0979488101534638,0.00284595754680474,0.10079476770026853
ARB,2019,0.105709429890348,0.00210346317591675,0.10781289306626475
ARE,1995,0.000243266647759217,0.0,0.000243266647759217
ARE,1996,0.00022501856899616,0.0,0.00022501856899616
ARE,1997,0.000215749857376075,0.0,0.000215749857376075
ARE,1998,0.000345584002245299,0.0,0.000345584002245299
ARE,1999,0.000134546918357959,0.0,0.000134546918357959
ARE,2000,0.00010784542304673,0.0,0.00010784542304673
ARE,2001,0.000122604770671459,0.0,0.000122604770671459
ARE,2002,0.000129524816660985,0.0,0.000129524816660985
ARE,2003,0.000164390588765579,0.0,0.000164390588765579
ARE,2004,0.000135624156262426,0.0,0.000135624156262426
ARE,2005,0.000110680483264621,0.0,0.000110680483264621
ARE,2006,0.000110830210430955,0.0,0.000110830210430955
ARE,2007,8.87670391358424e-05,0.0,8.87670391358424e-05
ARE,2008,0.000128300969750559,0.0,0.000128300969750559
ARE,2009,0.000156567575969474,0.0,0.000156567575969474
ARE,2010,0.000165088956603254,0.0,0.000165088956603254
ARE,2011,0.000157550311788351,0.0,0.000157550311788351
ARE,2012,0.000165767256461709,0.0,0.000165767256461709
ARE,2013,0.000132839389113298,0.0,0.000132839389113298
ARE,2014,0.000206880471776166,0.0,0.000206880471776166
ARE,2015,0.00021105215724367,0.0,0.00021105215724367
ARE,2016,0.000164541034431535,0.0,0.000164541034431535
ARE,2017,0.000192624533357233,0.0,0.000192624533357233
ARE,2018,8.97618267260609e-05,0.0,8.97618267260609e-05
ARE,2019,0.000123679220374591,0.0,0.000123679220374591
ARG,1995,0.0968552663503503,0.000297086161312322,0.09715235251166263
ARG,1996,0.0847912734494412,4.09155974885757e-05,0.08483218904692978
ARG,1997,0.0665128755553983,0.0,0.0665128755553983
ARG,1998,0.0597961442863516,0.0,0.0597961442863516
ARG,1999,0.0507128863494685,0.0,0.0507128863494685
ARG,2000,0.0400915626044695,0.0,0.0400915626044695
ARG,2001,0.0391527058715377,0.000105262139048161,0.03925796801058586
ARG,2002,0.196348319907021,0.0,0.196348319907021
ARG,2003,0.143363238318986,1.55229412714307e-08,0.14336325384192727
ARG,2004,0.10675086525158,0.000589833612996575,0.10734069886457656
ARG,2005,0.0989381386746484,0.00014649815944316,0.09908463683409156
ARG,2006,0.100092589484241,0.000493514077944306,0.10058610356218531
ARG,2007,0.0952376049006657,0.00093828300809848,0.09617588790876418
ARG,2008,0.0869411331555462,0.00178004516890595,0.08872117832445216
ARG,2009,0.0990673892424989,0.000405148913247297,0.09947253815574619
ARG,2010,0.11906716574484,0.000565427392479258,0.11963259313731926
ARG,2011,0.085001252971464,0.000916237380871877,0.08591749035233588
ARG,2012,0.0925680732688514,0.000602582816122011,0.09317065608497341
ARG,2013,0.113735612627551,0.000403415290181379,0.11413902791773238
ARG,2014,0.0994732733400688,0.000240146435852241,0.09971341977592103
ARG,2015,0.0993779998941998,9.86419365883691e-05,0.09947664183078818
ARG,2016,0.115269172803386,8.00634259462361e-05,0.11534923622933224
ARG,2017,0.121719644809335,7.90800456830933e-05,0.1217987248550181
ARG,2018,0.141933579237551,0.000348869953405893,0.1422824491909569
ARG,2019,0.164312356166249,0.000523970165766831,0.16483632633201584
ARM,1995,0.0354635178987378,0.0,0.0354635178987378
ARM,1996,0.0343706488709635,0.0,0.0343706488709635
ARM,1997,0.0339299283245614,0.0,0.0339299283245614
ARM,1998,0.0264993273316545,0.0,0.0264993273316545
ARM,1999,0.0290378897690576,0.0,0.0290378897690576
ARM,2000,0.0220968728557332,0.0,0.0220968728557332
ARM,2001,0.0189809301890275,0.0,0.0189809301890275
ARM,2002,0.0205388804190758,0.0,0.0205388804190758
ARM,2003,0.0270693378278766,0.0,0.0270693378278766
ARM,2004,0.0217229048828517,0.0,0.0217229048828517
ARM,2005,0.0102574769913297,0.0,0.0102574769913297
ARM,2006,0.0158025574327042,0.0,0.0158025574327042
ARM,2007,0.00929597821347469,0.0,0.00929597821347469
ARM,2008,0.21347522521498,0.0,0.21347522521498
ARM,2009,0.341265924113438,0.0,0.341265924113438
ARM,2010,0.298060138765546,0.0,0.298060138765546
ARM,2011,0.453641311083357,0.0,0.453641311083357
ARM,2012,0.352992096680731,0.0,0.352992096680731
ARM,2013,0.232663137616509,0.0,0.232663137616509
ARM,2014,0.240876216409776,0.0,0.240876216409776
ARM,2015,0.264168427424323,0.0,0.264168427424323
ARM,2016,0.22181770783942,0.0,0.22181770783942
ARM,2017,0.245814381119762,1.46665818859353e-06,0.2458158477779506
ARM,2018,0.272305003062721,2.43835282054823e-06,0.27230744141554153
ARM,2019,0.253208975877378,1.63312356514246e-06,0.25321060900094317
ASM,1995,0.0,0.0,0.0
ASM,1996,0.0,0.0,0.0
ASM,1997,0.0,0.0,0.0
ASM,1998,0.0,0.0,0.0
ASM,1999,0.0,0.0,0.0
ASM,2000,0.0,0.0,0.0
ASM,2001,0.0,0.0,0.0
ASM,2002,0.0,0.0,0.0
ASM,2003,0.0,0.0,0.0
ASM,2004,0.0,0.0,0.0
ASM,2005,0.0,0.0,0.0
ASM,2006,0.0,0.0,0.0
ASM,2007,0.0,0.0,0.0
ASM,2008,0.0,0.0,0.0
ASM,2009,0.0,0.0,0.0
ASM,2010,0.0,0.0,0.0
ASM,2011,0.0,0.0,0.0
ASM,2012,0.0,0.0,0.0
ASM,2013,0.0,0.0,0.0
ASM,2014,0.0,0.0,0.0
ASM,2015,0.0,0.0,0.0
ASM,2016,0.0,0.0,0.0
ASM,2017,0.0,0.0,0.0
ASM,2018,0.0,0.0,0.0
ASM,2019,0.0,0.0,0.0
ATG,1995,0.0,0.0,0.0
ATG,1996,0.0,0.0,0.0
ATG,1997,0.0,0.0,0.0
ATG,1998,0.0,0.0,0.0
ATG,1999,0.0,0.0,0.0
ATG,2000,0.0,0.0,0.0
ATG,2001,0.0,0.0,0.0
ATG,2002,0.0,0.0,0.0
ATG,2003,0.0,0.0,0.0
ATG,2004,0.0,0.0,0.0
ATG,2005,0.0,0.0,0.0
ATG,2006,0.0,0.0,0.0
ATG,2007,0.0,0.0,0.0
ATG,2008,0.0,0.0,0.0
ATG,2009,0.0,0.0,0.0
ATG,2010,0.0,0.0,0.0
ATG,2011,0.0,0.0,0.0
ATG,2012,0.0,0.0,0.0
ATG,2013,0.0,0.0,0.0
ATG,2014,0.0,0.0,0.0
ATG,2015,0.0,0.0,0.0
ATG,2016,0.0,0.0,0.0
ATG,2017,0.0,0.0,0.0
ATG,2018,0.0,0.0,0.0
ATG,2019,0.0,0.0,0.0
AUS,1995,0.250405533819413,0.171957307124255,0.422362840943668
AUS,1996,0.224157255784129,0.111276066385766,0.335433322169895
AUS,1997,0.17482993377716,0.103289754405005,0.278119688182165
AUS,1998,0.189067399795949,0.175055580055072,0.364122979851021
AUS,1999,0.160988025528806,0.10742712955668,0.268415155085486
AUS,2000,0.177575459447859,0.184104025753703,0.361679485201562
AUS,2001,0.197341434480785,0.63498237850381,0.832323812984595
AUS,2002,0.190275473336757,0.402755328418002,0.593030801754759
AUS,2003,0.2102581861947,0.230063115657696,0.440321301852396
AUS,2004,0.116855911311814,0.933946347350269,1.050802258662083
AUS,2005,0.128976779474671,1.00528465592215,1.134261435396821
AUS,2006,0.14901224622926,1.07281199355498,1.22182423978424
AUS,2007,0.171404378471159,0.861705552072965,1.033109930544124
AUS,2008,0.174035554206942,2.95865213970117,3.132687693908112
AUS,2009,0.158883907753757,1.49919129745478,1.658075205208537
AUS,2010,0.131511794320502,2.01394646953452,2.145458263855022
AUS,2011,0.112896171457609,2.3534770034687,2.466373174926309
AUS,2012,0.090292499319131,1.19179744642538,1.282089945744511
AUS,2013,0.0842012432640887,0.812671152247083,0.8968723955111717
AUS,2014,0.119339115845237,0.752873824759254,0.8722129406044911
AUS,2015,0.115985892187767,0.467415278392218,0.5834011705799851
AUS,2016,0.136536318126729,0.595294475037987,0.7318307931647161
AUS,2017,0.194780470481253,0.778130785108022,0.972911255589275
AUS,2018,0.178301252410937,0.79660582885988,0.9749070812708169
AUS,2019,0.171493969363667,0.691993900604111,0.863487869967778
AUT,1995,0.0791860050311313,0.000511301969276774,0.07969730700040807
AUT,1996,0.0927453588894567,0.000233081867276575,0.09297844075673328
AUT,1997,0.0852744031270412,0.000114286698089811,0.08538868982513101
AUT,1998,0.072361838602542,0.000216698086158728,0.07257853668870073
AUT,1999,0.0629860964645058,4.31017610698708e-05,0.06302919822557568
AUT,2000,0.0651236639747512,0.000464061351706893,0.06558772532645808
AUT,2001,0.0654924656936278,0.0015114146178692,0.067003880311497
AUT,2002,0.0795664698612439,0.000549068760579831,0.08011553862182373
AUT,2003,0.0802294236283112,0.000387887474053995,0.0806173111023652
AUT,2004,0.0583246456297459,0.000657103641540715,0.05898174927128662
AUT,2005,0.0573129048511476,0.0,0.0573129048511476
AUT,2006,0.070839342104381,0.0,0.070839342104381
AUT,2007,0.0842451117033144,0.0,0.0842451117033144
AUT,2008,0.0871727827510356,0.0,0.0871727827510356
AUT,2009,0.0676794754169261,0.0,0.0676794754169261
AUT,2010,0.0773723681017506,0.0,0.0773723681017506
AUT,2011,0.075243064065297,0.0,0.075243064065297
AUT,2012,0.0679891570146919,0.0,0.0679891570146919
AUT,2013,0.0684712317894555,0.0,0.0684712317894555
AUT,2014,0.0701527528524636,0.0,0.0701527528524636
AUT,2015,0.0698859054018485,0.0,0.0698859054018485
AUT,2016,0.0643917677163476,0.0,0.0643917677163476
AUT,2017,0.0599693477007981,0.0,0.0599693477007981
AUT,2018,0.0782044589524903,0.0,0.0782044589524903
AUT,2019,0.0605276373347633,0.0,0.0605276373347633
AZE,1995,0.0,0.0,0.0
AZE,1996,0.0,0.0,0.0
AZE,1997,0.0,0.0,0.0
AZE,1998,0.00363455675183025,0.0,0.00363455675183025
AZE,1999,0.00367812548242596,0.0,0.00367812548242596
AZE,2000,0.0170616671855611,0.0,0.0170616671855611
AZE,2001,0.00262476058964741,0.0,0.00262476058964741
AZE,2002,0.00951067491768561,0.0,0.00951067491768561
AZE,2003,0.0013457461241455,0.0,0.0013457461241455
AZE,2004,0.00127211191744937,0.0,0.00127211191744937
AZE,2005,0.000834748043422307,0.0,0.000834748043422307
AZE,2006,0.000648702119269231,0.0,0.000648702119269231
AZE,2007,0.000501898998420025,0.0,0.000501898998420025
AZE,2008,0.000384561346601049,0.0,0.000384561346601049
AZE,2009,0.000380189844354502,0.0,0.000380189844354502
AZE,2010,0.000314206846589439,0.0,0.000314206846589439
AZE,2011,0.000317659661275408,0.0,0.000317659661275408
AZE,2012,0.000274692877254276,0.0,0.000274692877254276
AZE,2013,0.00969253442568034,0.0,0.00969253442568034
AZE,2014,0.0102956108706718,0.0,0.0102956108706718
AZE,2015,0.0144864262404739,0.0,0.0144864262404739
AZE,2016,0.0170701421161304,0.0,0.0170701421161304
AZE,2017,0.0192163302865103,0.0,0.0192163302865103
AZE,2018,0.0198834703278703,0.0,0.0198834703278703
AZE,2019,0.0197662192686532,0.0,0.0197662192686532
BDI,1995,23.7493220059671,0.0,23.7493220059671
BDI,1996,28.0156028826039,0.0,28.0156028826039
BDI,1997,23.6215639518173,0.0,23.6215639518173
BDI,1998,27.019238377295,0.0,27.019238377295
BDI,1999,15.4172437381217,0.0,15.4172437381217
BDI,2000,15.0609351884312,0.0,15.0609351884312
BDI,2001,18.7164186924751,0.0,18.7164186924751
BDI,2002,24.149520208517,0.0,24.149520208517
BDI,2003,40.408299604519,0.0,40.408299604519
BDI,2004,30.3511612276012,0.0,30.3511612276012
BDI,2005,26.5497870891534,0.0,26.5497870891534
BDI,2006,23.6279344225975,0.0,23.6279344225975
BDI,2007,32.0112249662978,0.0,32.0112249662978
BDI,2008,32.6579273976076,0.0,32.6579273976076
BDI,2009,30.0655695330826,0.0,30.0655695330826
BDI,2010,23.6639205247196,0.0,23.6639205247196
BDI,2011,24.6045714566291,0.0,24.6045714566291
BDI,2012,17.1161258674102,0.0,17.1161258674102
BDI,2013,17.5157633422963,0.0,17.5157633422963
BDI,2014,17.1932826745191,0.0,17.1932826745191
BDI,2015,15.3915619692032,0.0,15.3915619692032
BDI,2016,18.9376098538483,0.0,18.9376098538483
BDI,2017,18.237439690951,0.0,18.237439690951
BDI,2018,13.4317629933204,0.0,13.4317629933204
BDI,2019,13.1274376353104,0.0,13.1274376353104
BEL,1995,0.0211347332903956,0.0,0.0211347332903956
BEL,1996,0.022597867856484,0.0,0.022597867856484
BEL,1997,0.0203811830966732,0.0,0.0203811830966732
BEL,1998,0.0234067095603208,0.0,0.0234067095603208
BEL,1999,0.022822961659617,0.0,0.022822961659617
BEL,2000,0.024592181982569,0.0,0.024592181982569
BEL,2001,0.0209970416496101,0.0,0.0209970416496101
BEL,2002,0.0236396361540334,0.0,0.0236396361540334
BEL,2003,0.0216927905709472,0.0,0.0216927905709472
BEL,2004,0.0158636559921044,0.0,0.0158636559921044
BEL,2005,0.0156710093876189,0.0,0.0156710093876189
BEL,2006,0.0177470443086643,0.0,0.0177470443086643
BEL,2007,0.0190730940958636,0.0,0.0190730940958636
BEL,2008,0.0183626272056819,0.0,0.0183626272056819
BEL,2009,0.0173168270083258,0.0,0.0173168270083258
BEL,2010,0.0192857936095954,0.0,0.0192857936095954
BEL,2011,0.0192847612851918,0.0,0.0192847612851918
BEL,2012,0.0186402448918268,0.0,0.0186402448918268
BEL,2013,0.019349242778331,0.0,0.019349242778331
BEL,2014,0.0199877335135329,0.0,0.0199877335135329
BEL,2015,0.0195238389999511,0.0,0.0195238389999511
BEL,2016,0.018810184249133,0.0,0.018810184249133
BEL,2017,0.0166337659117625,0.0,0.0166337659117625
BEL,2018,0.0192310052377608,0.0,0.0192310052377608
BEL,2019,0.0150775137305335,0.0,0.0150775137305335
BEN,1995,8.66018628381833,0.0,8.66018628381833
BEN,1996,7.90672692736495,0.0,7.90672692736495
BEN,1997,7.70839108184739,0.0,7.70839108184739
BEN,1998,7.39174366913453,0.0,7.39174366913453
BEN,1999,3.14741802075119,0.0,3.14741802075119
BEN,2000,3.26095148548745,0.0,3.26095148548745
BEN,2001,3.08394730354894,0.0,3.08394730354894
BEN,2002,3.30157148281624,0.0,3.30157148281624
BEN,2003,4.13975521375429,0.0,4.13975521375429
BEN,2004,3.12502077109554,0.0,3.12502077109554
BEN,2005,3.07174993664387,0.0,3.07174993664387
BEN,2006,3.04690163342424,0.0,3.04690163342424
BEN,2007,3.62546764240471,0.0,3.62546764240471
BEN,2008,3.64708715357606,0.0,3.64708715357606
BEN,2009,3.7009436754826,0.0,3.7009436754826
BEN,2010,3.4197276134292,0.0,3.4197276134292
BEN,2011,3.47508303121539,0.0,3.47508303121539
BEN,2012,3.9181716324023,0.0,3.9181716324023
BEN,2013,3.55909250254164,0.0,3.55909250254164
BEN,2014,3.70301975632305,0.0,3.70301975632305
BEN,2015,4.24692848396006,0.0,4.24692848396006
BEN,2016,4.40224511342138,0.0,4.40224511342138
BEN,2017,4.01085670110518,0.0,4.01085670110518
BEN,2018,2.49180486072062,0.0,2.49180486072062
BEN,2019,2.37010864282112,0.0,2.37010864282112
BFA,1995,13.7637338543323,0.0,13.7637338543323
BFA,1996,12.70197390977,0.0,12.70197390977
BFA,1997,12.6612056704478,0.0,12.6612056704478
BFA,1998,11.6158145421753,0.0,11.6158145421753
BFA,1999,4.60031123657273,0.0,4.60031123657273
BFA,2000,5.29645467411053,0.0,5.29645467411053
BFA,2001,4.75459313284443,0.0,4.75459313284443
BFA,2002,5.70021285852972,0.0,5.70021285852972
BFA,2003,6.31252598933289,0.0,6.31252598933289
BFA,2004,5.4112314133148,0.0,5.4112314133148
BFA,2005,6.32918389992332,0.0,6.32918389992332
BFA,2006,6.30230659220532,0.0,6.30230659220532
BFA,2007,7.81229482419407,0.0,7.81229482419407
BFA,2008,8.12541241291799,0.0,8.12541241291799
BFA,2009,8.12049824388966,0.0,8.12049824388966
BFA,2010,6.86206836140786,0.0,6.86206836140786
BFA,2011,6.57470017859343,0.0,6.57470017859343
BFA,2012,7.29929416972416,0.0,7.29929416972416
BFA,2013,7.13344465953544,0.0,7.13344465953544
BFA,2014,7.52958346295634,0.0,7.52958346295634
BFA,2015,9.19665569406111,0.0,9.19665569406111
BFA,2016,8.9610459736662,0.0,8.9610459736662
BFA,2017,8.12959848016264,0.0,8.12959848016264
BFA,2018,5.22371448644151,0.0,5.22371448644151
BFA,2019,4.88973857793487,0.0,4.88973857793487
BGD,1995,0.331326445206492,0.0,0.331326445206492
BGD,1996,0.268499337308066,0.0,0.268499337308066
BGD,1997,0.222586616085924,0.0,0.222586616085924
BGD,1998,0.212993894017522,0.0,0.212993894017522
BGD,1999,0.215622822720003,0.0,0.215622822720003
BGD,2000,0.200996167711684,0.0,0.200996167711684
BGD,2001,0.197175439194461,0.0,0.197175439194461
BGD,2002,0.187278264764111,0.0,0.187278264764111
BGD,2003,0.193756109351812,0.0,0.193756109351812
BGD,2004,0.180175646466173,0.0,0.180175646466173
BGD,2005,0.165837799134415,0.00691360941835017,0.17275140855276516
BGD,2006,0.221445704998646,0.0124673577202567,0.2339130627189027
BGD,2007,0.330018884324605,0.0199079952644518,0.3499268795890568
BGD,2008,0.262248396313174,0.0636567644064419,0.3259051607196159
BGD,2009,0.226700859453656,0.0333654229570058,0.2600662824106618
BGD,2010,0.369496255423481,0.0375672237551005,0.40706347917858154
BGD,2011,0.350365162483514,0.0395969861926023,0.38996214867611634
BGD,2012,0.288853747730589,0.0341521338114773,0.32300588154206633
BGD,2013,0.207728540658245,0.0260913874063632,0.23381992806460822
BGD,2014,0.192700746584996,0.0214685808700036,0.21416932745499961
BGD,2015,0.209472520845759,0.0105820886256824,0.22005460947144143
BGD,2016,0.180782183701494,0.0132346228332281,0.19401680653472209
BGD,2017,0.137099067506713,0.0181189029918176,0.1552179704985306
BGD,2018,0.0706373378641455,0.0155150936968582,0.0861524315610037
BGD,2019,0.0714876461924781,0.00907068775272057,0.08055833394519868
BGR,1995,0.271917506417127,0.101534051499835,0.373451557916962
BGR,1996,0.478300732363136,0.0930147997207232,0.5713155320838592
BGR,1997,0.437597811211641,0.0404969355292273,0.47809474674086827
BGR,1998,0.294202956738362,0.0590828158269289,0.3532857725652909
BGR,1999,0.524000111705327,0.0110017165265266,0.5350018282318536
BGR,2000,0.460819449062587,0.101417887783121,0.562237336845708
BGR,2001,0.327469159583831,0.334376008911218,0.661845168495049
BGR,2002,0.320414275807137,0.0960634979265377,0.41647777373367467
BGR,2003,0.314150443070292,0.0827719717576597,0.3969224148279517
BGR,2004,0.330846081584248,0.624654478990527,0.955500560574775
BGR,2005,0.289635999264335,0.326958692145695,0.61659469141003
BGR,2006,0.302786392066867,0.309202090108577,0.611988482175444
BGR,2007,0.278556028188919,0.435744738295089,0.714300766484008
BGR,2008,0.272464039139865,1.10494843954048,1.377412478680345
BGR,2009,0.198003091131571,0.321963838214618,0.519966929346189
BGR,2010,0.242161387883682,0.676778240205424,0.918939628089106
BGR,2011,0.281885153962865,0.91873863918182,1.200623793144685
BGR,2012,0.260007440611318,0.372702923222966,0.6327103638342839
BGR,2013,0.242573385786853,0.159088406568224,0.40166179235507704
BGR,2014,0.223629727501349,0.139417174798032,0.36304690229938097
BGR,2015,0.254889688688144,0.115667271860324,0.370556960548468
BGR,2016,0.225102566588803,0.106692897175964,0.331795463764767
BGR,2017,0.265773225929047,0.144852465138495,0.410625691067542
BGR,2018,0.24613036929239,0.135710834308309,0.38184120360069895
BGR,2019,0.220943539056,0.0885343509010314,0.3094778899570314
BHR,1995,0.000736494468018455,0.0,0.000736494468018455
BHR,1996,0.00102860460275545,0.0,0.00102860460275545
BHR,1997,0.00101193834768435,0.0,0.00101193834768435
BHR,1998,0.00149907097329147,0.0,0.00149907097329147
BHR,1999,0.000610170372220008,0.0,0.000610170372220008
BHR,2000,0.000442855315192514,0.0,0.000442855315192514
BHR,2001,0.000505079423324783,0.0,0.000505079423324783
BHR,2002,0.000532577888038065,0.0,0.000532577888038065
BHR,2003,0.000665346541263164,0.0,0.000665346541263164
BHR,2004,0.000551500524971027,0.0,0.000551500524971027
BHR,2005,0.000454422645838435,0.0,0.000454422645838435
BHR,2006,0.000483780292060308,0.0,0.000483780292060308
BHR,2007,0.000383866541219307,0.0,0.000383866541219307
BHR,2008,0.000574615470953249,0.0,0.000574615470953249
BHR,2009,0.00063279949110264,0.0,0.00063279949110264
BHR,2010,0.00068160742203284,0.0,0.00068160742203284
BHR,2011,0.000706833310642268,0.0,0.000706833310642268
BHR,2012,0.000767251632100768,0.0,0.000767251632100768
BHR,2013,0.000607643154951748,0.0,0.000607643154951748
BHR,2014,0.000959079132702319,0.0,0.000959079132702319
BHR,2015,0.000945604812946188,0.0,0.000945604812946188
BHR,2016,0.000713857328154935,0.0,0.000713857328154935
BHR,2017,0.00080960263290204,0.0,0.00080960263290204
BHR,2018,0.000390238792353094,0.0,0.000390238792353094
BHR,2019,0.000518889697154514,0.0,0.000518889697154514
BHS,1995,0.0939755068763486,0.0,0.0939755068763486
BHS,1996,0.0800968796029261,0.0,0.0800968796029261
BHS,1997,0.0406913459063713,0.0,0.0406913459063713
BHS,1998,0.00982060005443367,0.0,0.00982060005443367
BHS,1999,0.00894710566624494,0.0,0.00894710566624494
BHS,2000,0.0065462344231874,0.0,0.0065462344231874
BHS,2001,0.00672552681484684,0.0,0.00672552681484684
BHS,2002,0.00802761910159939,0.0,0.00802761910159939
BHS,2003,0.00711913265164592,0.0,0.00711913265164592
BHS,2004,0.00632085195324348,0.0,0.00632085195324348
BHS,2005,0.00625322241800192,0.0,0.00625322241800192
BHS,2006,0.00740185924800783,0.0,0.00740185924800783
BHS,2007,0.00786416942490994,0.0,0.00786416942490994
BHS,2008,0.00881508179515022,0.0,0.00881508179515022
BHS,2009,0.00862539932676807,0.0,0.00862539932676807
BHS,2010,0.015294777644818,0.0,0.015294777644818
BHS,2011,0.0133672662693222,0.0,0.0133672662693222
BHS,2012,0.0123502671887337,0.0,0.0123502671887337
BHS,2013,0.0157205965291449,0.0,0.0157205965291449
BHS,2014,0.0177506910216208,0.0,0.0177506910216208
BHS,2015,0.0142629231307782,0.0,0.0142629231307782
BHS,2016,0.0174296477466322,0.0,0.0174296477466322
BHS,2017,0.017196510578808,0.0,0.017196510578808
BHS,2018,0.0131261113776456,0.0,0.0131261113776456
BHS,2019,0.0121899442192584,0.0,0.0121899442192584
BIH,1995,0.0572938516471215,0.0679731123399078,0.1252669639870293
BIH,1996,0.0389070748051904,0.0383334772307156,0.07724055203590599
BIH,1997,1.85973337425251,0.039185224023228,1.898918598275738
BIH,1998,1.4095177024341,0.085860424257097,1.495378126691197
BIH,1999,1.30715301569863,0.0147906862857682,1.3219437019843983
BIH,2000,1.05942182921952,0.138280003033367,1.1977018322528872
BIH,2001,0.840497625656026,0.448961430454632,1.289459056110658
BIH,2002,0.717945180690488,0.141291322347015,0.859236503037503
BIH,2003,0.67496377350428,0.129088331018867,0.804052104523147
BIH,2004,0.590959685520341,1.02502375676112,1.615983442281461
BIH,2005,0.512886822150729,0.613757035471359,1.126643857622088
BIH,2006,0.567445538298801,0.617839638487773,1.185285176786574
BIH,2007,0.517290132579565,0.816076787678695,1.33336692025826
BIH,2008,0.514781482585194,2.37666975759293,2.8914512401781236
BIH,2009,0.420983750727111,0.77289496372878,1.1938787144558909
BIH,2010,0.494000697024726,1.41865020328922,1.912650900313946
BIH,2011,0.580903951562549,1.85949087082502,2.440394822387569
BIH,2012,0.571704332598969,0.832298329684597,1.404002662283566
BIH,2013,0.566845999862391,0.389629817927477,0.956475817789868
BIH,2014,0.518543073108648,0.258107281929994,0.776650355038642
BIH,2015,0.566127152849557,0.196643861612622,0.762771014462179
BIH,2016,0.531449962761338,0.235805940272804,0.767255903034142
BIH,2017,0.623304729989487,0.302151206386166,0.925455936375653
BIH,2018,0.573284897980651,0.322899368848151,0.896184266828802
BIH,2019,0.547685201989734,0.219668427336333,0.767353629326067
BLR,1995,1.48968062136882,0.0,1.48968062136882
BLR,1996,2.37376767640006,0.0,2.37376767640006
BLR,1997,2.36680419255539,0.0,2.36680419255539
BLR,1998,0.566294280171003,0.0,0.566294280171003
BLR,1999,0.86262738734847,0.0,0.86262738734847
BLR,2000,0.717797499737714,0.0,0.717797499737714
BLR,2001,0.710460753890118,0.0,0.710460753890118
BLR,2002,0.580866051623182,0.0,0.580866051623182
BLR,2003,0.584914959669557,0.0,0.584914959669557
BLR,2004,0.584867075560995,0.0,0.584867075560995
BLR,2005,0.467646518806334,0.0,0.467646518806334
BLR,2006,0.433854409375931,0.0,0.433854409375931
BLR,2007,0.437201412913295,0.0,0.437201412913295
BLR,2008,0.370721692615958,0.0,0.370721692615958
BLR,2009,0.382227279696342,0.0,0.382227279696342
BLR,2010,0.418344087739127,0.0,0.418344087739127
BLR,2011,0.448593122441554,0.0,0.448593122441554
BLR,2012,0.650407393384968,0.0,0.650407393384968
BLR,2013,0.572086723622567,0.0,0.572086723622567
BLR,2014,0.570814572907229,0.0,0.570814572907229
BLR,2015,0.70896089661581,0.0,0.70896089661581
BLR,2016,0.842239877079599,0.0,0.842239877079599
BLR,2017,1.04002673922668,0.0,1.04002673922668
BLR,2018,1.14402160905757,0.0,1.14402160905757
BLR,2019,1.00289755773858,0.0,1.00289755773858
BLZ,1995,0.4873231540489,0.0,0.4873231540489
BLZ,1996,0.409891121326979,0.0,0.409891121326979
BLZ,1997,0.396693346471525,0.0,0.396693346471525
BLZ,1998,0.330726923125546,0.0,0.330726923125546
BLZ,1999,0.281888320220434,0.0,0.281888320220434
BLZ,2000,0.204430865683504,0.0,0.204430865683504
BLZ,2001,0.204787677082691,0.0,0.204787677082691
BLZ,2002,0.214397532559509,0.0,0.214397532559509
BLZ,2003,0.209318770937123,0.0,0.209318770937123
BLZ,2004,0.185339714258494,0.0,0.185339714258494
BLZ,2005,0.186389289180158,0.0,0.186389289180158
BLZ,2006,0.179549985829825,0.0,0.179549985829825
BLZ,2007,0.214870470040539,0.0,0.214870470040539
BLZ,2008,0.236465019338353,0.0,0.236465019338353
BLZ,2009,0.234952419990504,0.0,0.234952419990504
BLZ,2010,0.39246973566234,0.0,0.39246973566234
BLZ,2011,0.339164546399657,0.0,0.339164546399657
BLZ,2012,0.317526351165503,0.0,0.317526351165503
BLZ,2013,0.363793127243252,0.0,0.363793127243252
BLZ,2014,0.385133042317329,0.0,0.385133042317329
BLZ,2015,0.327114397901911,0.0,0.327114397901911
BLZ,2016,0.382153916576116,0.0,0.382153916576116
BLZ,2017,0.355883928360172,0.0,0.355883928360172
BLZ,2018,0.29146365619265,0.0,0.29146365619265
BLZ,2019,0.245734013114686,0.0,0.245734013114686
BMU,1995,0.0,0.0,0.0
BMU,1996,0.0,0.0,0.0
BMU,1997,0.0,0.0,0.0
BMU,1998,0.0,0.0,0.0
BMU,1999,0.0,0.0,0.0
BMU,2000,0.0,0.0,0.0
BMU,2001,0.0,0.0,0.0
BMU,2002,0.0,0.0,0.0
BMU,2003,0.0,0.0,0.0
BMU,2004,0.0,0.0,0.0
BMU,2005,0.0,0.0,0.0
BMU,2006,0.0,0.0,0.0
BMU,2007,0.0,0.0,0.0
BMU,2008,0.0,0.0,0.0
BMU,2009,0.0,0.0,0.0
BMU,2010,0.0,0.0,0.0
BMU,2011,0.0,0.0,0.0
BMU,2012,0.0,0.0,0.0
BMU,2013,0.0,0.0,0.0
BMU,2014,0.0,0.0,0.0
BMU,2015,0.0,0.0,0.0
BMU,2016,0.0,0.0,0.0
BMU,2017,0.0,0.0,0.0
BMU,2018,0.0,0.0,0.0
BMU,2019,0.0,0.0,0.0
BOL,1995,0.943505945773744,0.0,0.943505945773744
BOL,1996,0.782852033777323,0.0,0.782852033777323
BOL,1997,0.713165707702096,0.0,0.713165707702096
BOL,1998,0.561863461147413,0.0,0.561863461147413
BOL,1999,0.411573900036322,0.0,0.411573900036322
BOL,2000,0.361398804732755,0.0,0.361398804732755
BOL,2001,0.40627664317731,0.0,0.40627664317731
BOL,2002,0.417839981877555,0.0,0.417839981877555
BOL,2003,0.481903751573644,0.0,0.481903751573644
BOL,2004,0.459734192518509,0.0,0.459734192518509
BOL,2005,0.464507522340972,0.0,0.464507522340972
BOL,2006,0.593578443969394,0.0,0.593578443969394
BOL,2007,0.603823920302715,0.0,0.603823920302715
BOL,2008,0.540486914656739,0.0,0.540486914656739
BOL,2009,0.512193886119305,0.0,0.512193886119305
BOL,2010,0.752848711619947,0.0,0.752848711619947
BOL,2011,0.569436020067797,0.0,0.569436020067797
BOL,2012,0.495336634150012,0.0,0.495336634150012
BOL,2013,0.527771950731095,0.0,0.527771950731095
BOL,2014,0.533507062536753,0.0,0.533507062536753
BOL,2015,0.484734185185111,0.0,0.484734185185111
BOL,2016,0.550677417680815,0.0,0.550677417680815
BOL,2017,0.473458902275322,0.0,0.473458902275322
BOL,2018,0.501945655452041,0.0,0.501945655452041
BOL,2019,0.436523344746749,0.0,0.436523344746749
BRA,1995,0.592259796857913,0.00197159421441086,0.5942313910723238
BRA,1996,0.476674377628097,0.00126766169847383,0.4779420393265708
BRA,1997,0.441578864217611,0.000875381832751195,0.4424542460503622
BRA,1998,0.395902323313586,2.05795269019027e-05,0.39592290284048787
BRA,1999,0.598342319977258,1.38945690023312e-05,0.5983562145462603
BRA,2000,0.438064493350754,6.98902048105947e-06,0.43807148237123505
BRA,2001,0.509251684618048,0.00327075169283963,0.5125224363108877
BRA,2002,0.681429263465327,0.000383483940309902,0.6818127474056368
BRA,2003,0.724539472420437,0.000645916030098932,0.7251853884505359
BRA,2004,0.517651207997797,0.0122345324556236,0.5298857404534205
BRA,2005,0.422735363715426,0.00780132134832764,0.43053668506375364
BRA,2006,0.458308289543459,0.00675465218294961,0.4650629417264086
BRA,2007,0.447859779319575,0.00855782820001906,0.45641760751959404
BRA,2008,0.4093925100164,0.0225501741442782,0.43194268416067816
BRA,2009,0.424208814286566,0.00722942828769676,0.4314382425742627
BRA,2010,0.49300454638061,0.0091357537078027,0.5021403000884127
BRA,2011,0.421846673483131,0.0104996113695429,0.4323462848526739
BRA,2012,0.459624079131087,0.009147101698668,0.468771180829755
BRA,2013,0.514116810125036,0.00935997407166011,0.5234767841966961
BRA,2014,0.527974362470003,0.00677966895333873,0.5347540314233417
BRA,2015,0.693497347620783,0.00659466507714716,0.7000920126979301
BRA,2016,0.799001693613266,0.00639411981654579,0.8053958134298118
BRA,2017,0.745436739085668,0.00543239879503841,0.7508691378807064
BRA,2018,0.804438384714903,0.00693386352998793,0.811372248244891
BRA,2019,0.663749454566288,0.00577379416810497,0.669523248734393
BRB,1995,0.0129553032329107,0.0,0.0129553032329107
BRB,1996,0.0110592493152588,0.0,0.0110592493152588
BRB,1997,0.00897350761673844,0.0,0.00897350761673844
BRB,1998,0.00696591821682963,0.0,0.00696591821682963
BRB,1999,0.00572571348595777,0.0,0.00572571348595777
BRB,2000,0.0047336582060701,0.0,0.0047336582060701
BRB,2001,0.00498886955844384,0.0,0.00498886955844384
BRB,2002,0.0053931188861476,0.0,0.0053931188861476
BRB,2003,0.00574792383356973,0.0,0.00574792383356973
BRB,2004,0.00504109875092721,0.0,0.00504109875092721
BRB,2005,0.00558566493870376,0.0,0.00558566493870376
BRB,2006,0.00728357641092893,0.0,0.00728357641092893
BRB,2007,0.00802297927293625,0.0,0.00802297927293625
BRB,2008,0.0091027491038749,0.0,0.0091027491038749
BRB,2009,0.00981050775506665,0.0,0.00981050775506665
BRB,2010,0.013925409947231,0.0,0.013925409947231
BRB,2011,0.0129284343106735,0.0,0.0129284343106735
BRB,2012,0.0128037195471823,0.0,0.0128037195471823
BRB,2013,0.0143277426548344,0.0,0.0143277426548344
BRB,2014,0.0139118406793979,0.0,0.0139118406793979
BRB,2015,0.0140183098105478,0.0,0.0140183098105478
BRB,2016,0.0144344491959632,0.0,0.0144344491959632
BRB,2017,0.0142190107395456,0.0,0.0142190107395456
BRB,2018,0.0136371161337672,0.0,0.0136371161337672
BRB,2019,0.0110390148517489,0.0,0.0110390148517489
BRN,1995,0.104867896029434,0.0,0.104867896029434
BRN,1996,0.0997084841207337,0.0,0.0997084841207337
BRN,1997,0.0755077410989423,0.0,0.0755077410989423
BRN,1998,0.0969870993387646,0.0,0.0969870993387646
BRN,1999,0.085613310675752,0.0,0.085613310675752
BRN,2000,0.0698944569976741,0.0,0.0698944569976741
BRN,2001,0.0824545347613374,0.0,0.0824545347613374
BRN,2002,0.080239343459669,0.0,0.080239343459669
BRN,2003,0.0893318742950672,0.0,0.0893318742950672
BRN,2004,0.0454650635366979,0.0,0.0454650635366979
BRN,2005,0.0551424619812067,0.0,0.0551424619812067
BRN,2006,0.0633743700724662,0.0,0.0633743700724662
BRN,2007,0.0788499429177812,0.0,0.0788499429177812
BRN,2008,0.0701789166994344,0.0,0.0701789166994344
BRN,2009,0.07869992159356,0.0,0.07869992159356
BRN,2010,0.0678487506900757,0.0,0.0678487506900757
BRN,2011,0.0482891863530321,0.0,0.0482891863530321
BRN,2012,0.0506331022741292,0.0,0.0506331022741292
BRN,2013,0.0538275644315073,0.0,0.0538275644315073
BRN,2014,0.0664997052015929,0.0,0.0664997052015929
BRN,2015,0.053999637451945,0.0,0.053999637451945
BRN,2016,0.0543214881931653,0.0,0.0543214881931653
BRN,2017,0.0565689907931407,0.0,0.0565689907931407
BRN,2018,0.0628025565963484,0.0,0.0628025565963484
BRN,2019,0.0648931960097619,0.0,0.0648931960097619
BTN,1995,5.83674685556284,0.288693595467656,6.125440451030496
BTN,1996,5.60362980684211,0.231359500990389,5.834989307832499
BTN,1997,4.13722612529528,0.143033955611796,4.280260080907076
BTN,1998,4.08477588494389,0.104991590319764,4.189767475263654
BTN,1999,4.21097319568828,0.0735626936548814,4.284535889343161
BTN,2000,3.89916917380531,0.0933287461203952,3.992497919925705
BTN,2001,3.63264056509087,0.227224671131255,3.859865236222125
BTN,2002,3.42644382607309,0.147715230880035,3.5741590569531247
BTN,2003,3.2300457261519,0.108200870366884,3.338246596518784
BTN,2004,2.852846919092,0.112179865529557,2.965026784621557
BTN,2005,2.43703203065015,0.224305476447453,2.6613375070976026
BTN,2006,3.11249298869325,0.254239630000497,3.3667326186937467
BTN,2007,4.02106765673692,0.28236515513651,4.303432811873431
BTN,2008,3.5331917397065,0.669018206498215,4.202209946204715
BTN,2009,3.4099859222074,0.125747038230811,3.535732960438211
BTN,2010,5.03483943501182,0.269641600488603,5.304481035500423
BTN,2011,4.62121637554357,0.299775409988227,4.920991785531797
BTN,2012,4.01237323015893,0.21832837678294,4.23070160694187
BTN,2013,3.349794480089,0.0,3.349794480089
BTN,2014,3.35183023046917,0.0,3.35183023046917
BTN,2015,3.96389283147411,0.0,3.96389283147411
BTN,2016,4.39117052803892,0.0,4.39117052803892
BTN,2017,3.30997492484624,0.0,3.30997492484624
BTN,2018,1.91884521335964,0.0,1.91884521335964
BTN,2019,2.08646612933744,0.0,2.08646612933744
BWA,1995,0.549447807308092,0.323435502252839,0.872883309560931
BWA,1996,0.524391558850976,0.23380694105271,0.7581984999036859
BWA,1997,0.469356686633195,0.184308507701451,0.653665194334646
BWA,1998,0.504470122539078,0.166770310280778,0.671240432819856
BWA,1999,0.321924400684117,0.101000971358316,0.42292537204243297
BWA,2000,0.303661827491605,0.139274596524146,0.44293642401575095
BWA,2001,0.309289004264908,0.252153733387292,0.5614427376522
BWA,2002,0.373204817819404,0.170687645060931,0.543892462880335
BWA,2003,0.396162577967826,0.12183171274878,0.517994290716606
BWA,2004,0.274351361424207,0.346717157221236,0.621068518645443
BWA,2005,0.270545436774871,0.26837351869852,0.538918955473391
BWA,2006,0.284730587325247,0.28588666950323,0.570617256828477
BWA,2007,0.362139591709629,0.32800425160969,0.690143843319319
BWA,2008,0.451392455304862,0.764905638314842,1.216298093619704
BWA,2009,0.460189458124387,0.220914121745021,0.6811035798694081
BWA,2010,0.338205668184156,0.430760831584099,0.768966499768255
BWA,2011,0.320802474143844,0.368466644271236,0.68926911841508
BWA,2012,0.3965705520832,0.508801284243223,0.905371836326423
BWA,2013,0.401523776516143,0.40661685146208,0.8081406279782231
BWA,2014,0.393987824721784,0.312542070209993,0.706529894931777
BWA,2015,0.451493096896537,0.307384412369603,0.75887750926614
BWA,2016,0.423673150730197,0.279219006721672,0.702892157451869
BWA,2017,0.403459910643255,0.41284939046878,0.816309301112035
BWA,2018,0.293296197342987,0.514157744276992,0.8074539416199791
BWA,2019,0.275564083722137,0.326579622734528,0.602143706456665
CAF,1995,12.3846108096139,0.0,12.3846108096139
CAF,1996,11.9750862516258,0.0,11.9750862516258
CAF,1997,13.1754289443014,0.0,13.1754289443014
CAF,1998,13.5272557934314,0.0,13.5272557934314
CAF,1999,9.60780076647318,0.0,9.60780076647318
CAF,2000,11.1807734027722,0.0,11.1807734027722
CAF,2001,10.8665905408925,0.0,10.8665905408925
CAF,2002,11.3539894837758,0.0,11.3539894837758
CAF,2003,11.7012893866539,0.0,11.7012893866539
CAF,2004,8.16761786775853,0.0,8.16761786775853
CAF,2005,8.63313281019365,0.0,8.63313281019365
CAF,2006,10.0112091539586,0.0,10.0112091539586
CAF,2007,9.94407564354005,0.0,9.94407564354005
CAF,2008,11.7251243751801,0.0,11.7251243751801
CAF,2009,8.73520386004208,0.0,8.73520386004208
CAF,2010,7.8638187353622,0.0,7.8638187353622
CAF,2011,8.40575697500705,0.0,8.40575697500705
CAF,2012,9.12549087234517,0.0,9.12549087234517
CAF,2013,13.2496581520766,0.0,13.2496581520766
CAF,2014,11.232508502298,0.0,11.232508502298
CAF,2015,12.6643378766715,0.0,12.6643378766715
CAF,2016,13.0244754891268,0.0,13.0244754891268
CAF,2017,13.3701640044601,0.0,13.3701640044601
CAF,2018,11.1230599631798,0.0,11.1230599631798
CAF,2019,9.74143833461729,0.0,9.74143833461729
CAN,1995,0.287699958513054,0.164621094674048,0.45232105318710203
CAN,1996,0.263065910849719,0.171225903313589,0.434291814163308
CAN,1997,0.247277590032181,0.154495984691372,0.401773574723553
CAN,1998,0.173760605922006,0.116915908557634,0.29067651447964
CAN,1999,0.207705769558022,0.0686138022560112,0.2763195718140332
CAN,2000,0.198401413322676,0.0678379849881592,0.2662393983108352
CAN,2001,0.156723495979202,0.111915500607763,0.268638996586965
CAN,2002,0.164436460869649,0.0859207575484165,0.25035721841806546
CAN,2003,0.13102699318623,0.0703204719569824,0.20134746514321242
CAN,2004,0.1510644359308,0.141081981512294,0.292146417443094
CAN,2005,0.128069957618147,0.152155931468389,0.280225889086536
CAN,2006,0.11198956749045,0.153706697524731,0.265696265015181
CAN,2007,0.0965128807031694,0.109096873104644,0.2056097538078134
CAN,2008,0.0727446877432663,0.374150835026828,0.4468955227700943
CAN,2009,0.0601804736865079,0.198211464291355,0.2583919379778629
CAN,2010,0.0706135095834182,0.246577674456861,0.3171911840402792
CAN,2011,0.0734701452624117,0.312902433338827,0.3863725786012387
CAN,2012,0.0664169858483286,0.165451060942996,0.2318680467913246
CAN,2013,0.0726685221630847,0.111210926632906,0.1838794487959907
CAN,2014,0.0762735444875364,0.0762774146791335,0.15255095916666989
CAN,2015,0.0768660562291727,0.0677434311762043,0.144609487405377
CAN,2016,0.0779731636355075,0.0762147109420282,0.1541878745775357
CAN,2017,0.0863557550922512,0.0890428258212832,0.17539858091353439
CAN,2018,0.0613771171431524,0.0853870422151225,0.14676415935827491
CAN,2019,0.0705504636032084,0.053736494242235,0.12428695784544339
CEB,1995,0.392210589617883,0.231502531646439,0.623713121264322
CEB,1996,0.391641678574053,0.185389378851908,0.5770310574259611
CEB,1997,0.36715183055786,0.155205144475901,0.522356975033761
CEB,1998,0.288630884806563,0.126932536419956,0.415563421226519
CEB,1999,0.351385554551116,0.0590022069230064,0.41038776147412237
CEB,2000,0.353294321690667,0.114081855950344,0.46737617764101097
CEB,2001,0.294220749328793,0.273444499298609,0.567665248627402
CEB,2002,0.251941196865915,0.13619439515662,0.388135592022535
CEB,2003,0.266805596629754,0.107555724877492,0.374361321507246
CEB,2004,0.244156059376568,0.467378515181319,0.711534574557887
CEB,2005,0.212015797476146,0.343457071027271,0.555472868503417
CEB,2006,0.214150526593884,0.327528223914543,0.5416787505084271
CEB,2007,0.21456162362668,0.296689039241207,0.511250662867887
CEB,2008,0.187950723961574,0.856531429057157,1.044482153018731
CEB,2009,0.185801940358888,0.325263780784775,0.511065721143663
CEB,2010,0.211558812717844,0.51712283696264,0.728681649680484
CEB,2011,0.227846388390922,0.598713669919759,0.826560058310681
CEB,2012,0.239518809755672,0.303887092363242,0.543405902118914
CEB,2013,0.228064278165915,0.138236253374196,0.366300531540111
CEB,2014,0.220864204588353,0.113561946042327,0.33442615063068004
CEB,2015,0.217197191575161,0.106251398104799,0.32344858967996004
CEB,2016,0.21384038524909,0.114742682877186,0.328583068126276
CEB,2017,0.259657593273761,0.135262899442163,0.394920492715924
CEB,2018,0.239967077918065,0.130008178315003,0.36997525623306804
CEB,2019,0.232583207050753,0.0941266335495293,0.3267098406002823
CHE,1995,0.019344501065301,0.0,0.019344501065301
CHE,1996,0.0184092683245298,0.0,0.0184092683245298
CHE,1997,0.0195028572201222,0.0,0.0195028572201222
CHE,1998,0.0176056456990415,0.0,0.0176056456990415
CHE,1999,0.0170124455735738,0.0,0.0170124455735738
CHE,2000,0.0339378282692173,0.0,0.0339378282692173
CHE,2001,0.020027551740193,0.0,0.020027551740193
CHE,2002,0.0174874465729194,0.0,0.0174874465729194
CHE,2003,0.0179605826583903,0.0,0.0179605826583903
CHE,2004,0.0137801219571509,0.0,0.0137801219571509
CHE,2005,0.0142920268109708,0.0,0.0142920268109708
CHE,2006,0.0167975072857277,0.0,0.0167975072857277
CHE,2007,0.0185548439455391,0.0,0.0185548439455391
CHE,2008,0.0161277641103173,0.0,0.0161277641103173
CHE,2009,0.0147482978332118,0.0,0.0147482978332118
CHE,2010,0.0149742129801232,0.0,0.0149742129801232
CHE,2011,0.0124582311521588,0.0,0.0124582311521588
CHE,2012,0.0110687689733282,0.0,0.0110687689733282
CHE,2013,0.0119175614298581,0.0,0.0119175614298581
CHE,2014,0.0130712744977875,0.0,0.0130712744977875
CHE,2015,0.0105667836592093,0.0,0.0105667836592093
CHE,2016,0.0103932932726923,0.0,0.0103932932726923
CHE,2017,0.00961701007033083,0.0,0.00961701007033083
CHE,2018,0.0127915099112579,0.0,0.0127915099112579
CHE,2019,0.00873845683473987,0.0,0.00873845683473987
CHI,1995,0.0,0.0,0.0
CHI,1996,0.0,0.0,0.0
CHI,1997,0.0,0.0,0.0
CHI,1998,0.0,0.0,0.0
CHI,1999,0.0,0.0,0.0
CHI,2000,0.0,0.0,0.0
CHI,2001,0.0,0.0,0.0
CHI,2002,0.0,0.0,0.0
CHI,2003,0.0,0.0,0.0
CHI,2004,0.0,0.0,0.0
CHI,2005,0.0,0.0,0.0
CHI,2006,0.0,0.0,0.0
CHI,2007,0.0,0.0,0.0
CHI,2008,0.0,0.0,0.0
CHI,2009,0.0,0.0,0.0
CHI,2010,0.0,0.0,0.0
CHI,2011,0.0,0.0,0.0
CHI,2012,0.0,0.0,0.0
CHI,2013,0.0,0.0,0.0
CHI,2014,0.0,0.0,0.0
CHI,2015,0.0,0.0,0.0
CHI,2016,0.0,0.0,0.0
CHI,2017,0.0,0.0,0.0
CHI,2018,0.0,0.0,0.0
CHI,2019,0.0,0.0,0.0
CHL,1995,0.759478510947794,0.00404072218518581,0.7635192331329798
CHL,1996,0.522315554525359,0.000522033807735404,0.5228375883330945
CHL,1997,0.443753962701303,0.0,0.443753962701303
CHL,1998,0.475924603083239,0.0,0.475924603083239
CHL,1999,0.605701451342656,0.0,0.605701451342656
CHL,2000,0.416011724609717,0.0,0.416011724609717
CHL,2001,0.511792362706909,0.00137950035539109,0.5131718630623001
CHL,2002,0.778077491733223,0.0,0.778077491733223
CHL,2003,0.5550393113707,1.86613613263971e-07,0.5550394979843132
CHL,2004,0.413738445575159,0.00436179509414074,0.41810024066929974
CHL,2005,0.434217132404555,0.00452910146140704,0.43874623386596207
CHL,2006,0.405534974488473,0.00396307707123133,0.4094980515597043
CHL,2007,0.520496015015878,0.00262239345949179,0.5231184084753698
CHL,2008,0.628706553302093,0.017518031560179,0.646224584862272
CHL,2009,0.587715134082397,0.00413931434107068,0.5918544484234677
CHL,2010,0.616495495596412,0.00803498205936179,0.6245304776557739
CHL,2011,0.566021853462164,0.00946025062745968,0.5754821040896237
CHL,2012,0.519691887331636,0.00677063368138203,0.5264625210130179
CHL,2013,0.573829483564454,0.0209492686777565,0.5947787522422104
CHL,2014,0.640187552028643,0.0242195938381422,0.6644071458667852
CHL,2015,0.718286897682067,0.0152173546318032,0.7335042523138702
CHL,2016,0.747814491215409,0.0133752190489627,0.7611897102643717
CHL,2017,0.862586901472617,0.0156030837579444,0.8781899852305614
CHL,2018,0.794710492382897,0.015765082710182,0.810475575093079
CHL,2019,0.765194809303828,0.00773911690521945,0.7729339262090474
CHN,1995,0.769146303142478,0.455735912219756,1.224882215362234
CHN,1996,0.676546953026173,0.128660824709202,0.805207777735375
CHN,1997,0.505691581859289,0.0847831389309089,0.5904747207901979
CHN,1998,0.406925471070931,0.14993960613722,0.556865077208151
CHN,1999,0.253557625273027,0.0711870233211488,0.3247446485941758
CHN,2000,0.222728103385288,0.146386681969002,0.36911478535429
CHN,2001,0.210789669455107,0.801896055646553,1.0126857251016599
CHN,2002,0.20640257959759,0.263542850237849,0.469945429835439
CHN,2003,0.240689050804823,0.220007406138794,0.460696456943617
CHN,2004,0.188707218726145,2.48180871668287,2.670515935409015
CHN,2005,0.143362505187732,1.84458902608905,1.9879515312767821
CHN,2006,0.138537980548949,1.8434710833023,1.982009063851249
CHN,2007,0.182953176504025,2.10209759333344,2.285050769837465
CHN,2008,0.225378563420553,4.95292742699964,5.178305990420193
CHN,2009,0.199418441148153,1.70995200685933,1.909370448007483
CHN,2010,0.188631846924808,2.74101073299239,2.929642579917198
CHN,2011,0.164685773754062,3.531173681463,3.6958594552170623
CHN,2012,0.141421178461122,1.77837319641686,1.919794374877982
CHN,2013,0.126224407607297,1.08227721470867,1.208501622315967
CHN,2014,0.142383969781314,0.795129720884853,0.937513690666167
CHN,2015,0.0967515179176365,0.404630230720423,0.5013817486380595
CHN,2016,0.103468084376343,0.413140466173888,0.516608550550231
CHN,2017,0.120213781350851,0.53771676055273,0.657930541903581
CHN,2018,0.0973259924176176,0.582602393231466,0.6799283856490836
CHN,2019,0.0873021038880976,0.448117054740137,0.5354191586282346
CIV,1995,4.79845231371173,0.0,4.79845231371173
CIV,1996,2.67075979517167,0.0,2.67075979517167
CIV,1997,2.40731988555317,0.0,2.40731988555317
CIV,1998,2.3111831517153,0.0,2.3111831517153
CIV,1999,1.95882111256975,0.0,1.95882111256975
CIV,2000,2.33761600477411,0.0,2.33761600477411
CIV,2001,1.86945333668158,0.0,1.86945333668158
CIV,2002,1.81782276899122,0.0,1.81782276899122
CIV,2003,1.92749978907432,0.0,1.92749978907432
CIV,2004,1.45103886446991,0.0,1.45103886446991
CIV,2005,1.45857095914574,0.0,1.45857095914574
CIV,2006,1.47922268374704,0.0,1.47922268374704
CIV,2007,1.77953766108715,0.0,1.77953766108715
CIV,2008,1.90768602761435,0.0,1.90768602761435
CIV,2009,1.83447616244734,0.0,1.83447616244734
CIV,2010,1.97683794132654,0.0,1.97683794132654
CIV,2011,2.12923468361246,0.0,2.12923468361246
CIV,2012,2.42796236799746,0.0,2.42796236799746
CIV,2013,2.14475507972274,0.0,2.14475507972274
CIV,2014,2.0564736172434,0.0,2.0564736172434
CIV,2015,2.08311829430822,0.0,2.08311829430822
CIV,2016,2.10759701676303,0.0,2.10759701676303
CIV,2017,1.98953607572324,0.0,1.98953607572324
CIV,2018,1.47066903768452,0.0,1.47066903768452
CIV,2019,1.30790324801116,0.0,1.30790324801116
CMR,1995,5.20894858318727,0.0,5.20894858318727
CMR,1996,4.94548169171463,0.0,4.94548169171463
CMR,1997,4.28866921326037,0.0,4.28866921326037
CMR,1998,3.44822741650863,0.0,3.44822741650863
CMR,1999,2.40117631877157,0.0,2.40117631877157
CMR,2000,2.6628651167721,0.0,2.6628651167721
CMR,2001,2.06877215422552,0.0,2.06877215422552
CMR,2002,2.20608144806868,0.0,2.20608144806868
CMR,2003,2.75767262898529,0.0,2.75767262898529
CMR,2004,1.96234360721904,0.0,1.96234360721904
CMR,2005,2.09014934045751,0.0,2.09014934045751
CMR,2006,2.31550757582177,0.0,2.31550757582177
CMR,2007,2.89838869243946,0.0,2.89838869243946
CMR,2008,2.90640886427401,0.0,2.90640886427401
CMR,2009,2.57099509308329,0.0,2.57099509308329
CMR,2010,2.6533964056878,0.0,2.6533964056878
CMR,2011,2.74867808069788,0.0,2.74867808069788
CMR,2012,2.95315623920906,0.0,2.95315623920906
CMR,2013,3.07549256097324,0.0,3.07549256097324
CMR,2014,3.19154878025812,0.0,3.19154878025812
CMR,2015,3.58476662684073,0.0,3.58476662684073
CMR,2016,3.68193626512652,0.0,3.68193626512652
CMR,2017,3.74936570139859,0.0,3.74936570139859
CMR,2018,2.96352500460885,0.0,2.96352500460885
CMR,2019,2.64243978469301,0.0,2.64243978469301
COD,1995,34.1224825084171,0.0,34.1224825084171
COD,1996,33.8025119477485,0.0,33.8025119477485
COD,1997,30.2106070604445,0.0,30.2106070604445
COD,1998,31.1733732242195,0.0,31.1733732242195
COD,1999,26.4051588261966,0.0,26.4051588261966
COD,2000,6.57116959913481,0.0,6.57116959913481
COD,2001,16.5869183715486,0.0,16.5869183715486
COD,2002,17.2884588952621,0.0,17.2884588952621
COD,2003,27.7433556144152,0.0,27.7433556144152
COD,2004,21.5433464070402,0.0,21.5433464070402
COD,2005,19.5577636384875,0.0,19.5577636384875
COD,2006,16.3793005756254,0.0,16.3793005756254
COD,2007,20.7893236872295,0.0,20.7893236872295
COD,2008,21.2686142155494,0.0,21.2686142155494
COD,2009,23.0651610808746,0.0,23.0651610808746
COD,2010,17.7354068020072,0.0,17.7354068020072
COD,2011,17.0388913993808,0.0,17.0388913993808
COD,2012,17.4413649126141,0.0,17.4413649126141
COD,2013,16.3743976286036,0.0,16.3743976286036
COD,2014,16.5325136965002,0.0,16.5325136965002
COD,2015,16.473695291406,0.0,16.473695291406
COD,2016,17.8037964847478,0.0,17.8037964847478
COD,2017,17.1039784926126,0.0,17.1039784926126
COD,2018,9.5403311441327,0.0,9.5403311441327
COD,2019,8.48541274305594,0.0,8.48541274305594
COG,1995,7.69845283451664,0.0,7.69845283451664
COG,1996,4.9226507735778,0.0,4.9226507735778
COG,1997,6.25644210427453,0.0,6.25644210427453
COG,1998,7.1194083272149,0.0,7.1194083272149
COG,1999,4.77227225000606,0.0,4.77227225000606
COG,2000,3.72987150141885,0.0,3.72987150141885
COG,2001,4.80528928742161,0.0,4.80528928742161
COG,2002,6.01024565691409,0.0,6.01024565691409
COG,2003,6.49659594087369,0.0,6.49659594087369
COG,2004,3.32029649271918,0.0,3.32029649271918
COG,2005,3.11241330810725,0.0,3.11241330810725
COG,2006,3.05068262465246,0.0,3.05068262465246
COG,2007,3.33148271936883,0.0,3.33148271936883
COG,2008,3.5448820864976,0.0,3.5448820864976
COG,2009,3.20760377978834,0.0,3.20760377978834
COG,2010,2.49416286944495,0.0,2.49416286944495
COG,2011,2.40874917403059,0.0,2.40874917403059
COG,2012,2.55639493326565,0.0,2.55639493326565
COG,2013,2.54648429237964,0.0,2.54648429237964
COG,2014,2.33503397532944,0.0,2.33503397532944
COG,2015,3.07099819575177,0.0,3.07099819575177
COG,2016,3.79547030936576,0.0,3.79547030936576
COG,2017,4.33704755532118,0.0,4.33704755532118
COG,2018,3.85745956661878,0.0,3.85745956661878
COG,2019,3.01677441404187,0.0,3.01677441404187
COL,1995,0.194372303485964,0.0932435181074178,0.2876158215933818
COL,1996,0.154890960849065,0.0320248212890901,0.1869157821381551
COL,1997,0.149578891719661,0.017596369894562,0.167175261614223
COL,1998,0.161118573803855,0.0181023390909199,0.1792209128947749
COL,1999,0.164024161634074,0.00578561757482169,0.16980977920889567
COL,2000,0.148326811166219,0.00594743270414655,0.15427424387036556
COL,2001,0.145577434723163,0.0917148556563016,0.2372922903794646
COL,2002,0.139516276969955,0.0189143133586352,0.1584305903285902
COL,2003,0.155687458830806,0.012881055924233,0.168568514755039
COL,2004,0.109424467464506,1.06821593565836,1.177640403122866
COL,2005,0.0965998792342974,0.596433944424005,0.6930338236583024
COL,2006,0.108781780826151,0.667109273396652,0.775891054222803
COL,2007,0.0930564086209007,1.00789274631713,1.1009491549380308
COL,2008,0.095402921197433,2.52115179783189,2.616554719029323
COL,2009,0.129557535076959,0.693707471444523,0.823265006521482
COL,2010,0.172103286971127,1.27474708918259,1.446850376153717
COL,2011,0.134342784008874,1.77817848904041,1.912521273049284
COL,2012,0.127700993861575,1.03216023590783,1.1598612297694049
COL,2013,0.150722492023095,0.731247317458531,0.881969809481626
COL,2014,0.160052347346257,0.592321749950267,0.752374097296524
COL,2015,0.178719664637305,0.570764338950047,0.749484003587352
COL,2016,0.184468318968829,0.708360151216034,0.892828470184863
COL,2017,0.151403746105176,0.859687671858285,1.011091417963461
COL,2018,0.108675201327311,0.870600652866166,0.979275854193477
COL,2019,0.101012799765967,0.666127039502179,0.767139839268146
COM,1995,1.68993932810546,0.0,1.68993932810546
COM,1996,1.72539613160936,0.0,1.72539613160936
COM,1997,1.76066086457314,0.0,1.76066086457314
COM,1998,1.83249756382208,0.0,1.83249756382208
COM,1999,1.27104755225648,0.0,1.27104755225648
COM,2000,1.39951988105558,0.0,1.39951988105558
COM,2001,1.27343022376926,0.0,1.27343022376926
COM,2002,1.37514673190594,0.0,1.37514673190594
COM,2003,1.65536751885293,0.0,1.65536751885293
COM,2004,1.23259320703783,0.0,1.23259320703783
COM,2005,1.29730854580131,0.0,1.29730854580131
COM,2006,1.26530963882956,0.0,1.26530963882956
COM,2007,1.58338531970231,0.0,1.58338531970231
COM,2008,1.71669245535594,0.0,1.71669245535594
COM,2009,1.74911916314292,0.0,1.74911916314292
COM,2010,1.59344239758779,0.0,1.59344239758779
COM,2011,1.63354218561465,0.0,1.63354218561465
COM,2012,1.91653686564634,0.0,1.91653686564634
COM,2013,1.84106336379863,0.0,1.84106336379863
COM,2014,1.97695678379704,0.0,1.97695678379704
COM,2015,2.46576426845081,0.0,2.46576426845081
COM,2016,2.50675650816682,0.0,2.50675650816682
COM,2017,2.36385311111587,0.0,2.36385311111587
COM,2018,1.55194278873705,0.0,1.55194278873705
COM,2019,1.48652356146246,0.0,1.48652356146246
CPV,1995,0.691968150846194,29.3073905590353,29.999358709881495
CPV,1996,0.699582406572501,28.8241325799333,29.523714986505798
CPV,1997,0.695863672675609,27.9261973255657,28.62206099824131
CPV,1998,0.706620846852104,21.8556292367127,22.562250083564805
CPV,1999,0.367855417168965,13.9165354661169,14.284390883285864
CPV,2000,0.414263908098694,17.0506562731343,17.464920181232994
CPV,2001,0.485876114583811,23.7774303144037,24.26330642898751
CPV,2002,0.531525591731773,18.6660117494038,19.197537341135572
CPV,2003,0.709661888855865,13.6465215764818,14.356183465337665
CPV,2004,0.572439472205929,25.0815325396624,25.65397201186833
CPV,2005,0.542588590614672,31.6104334488128,32.15302203942747
CPV,2006,0.45016943586608,30.4031239366484,30.85329337251448
CPV,2007,0.505116420949176,21.5472166448193,22.052333065768476
CPV,2008,0.483297932113628,48.7224896766497,49.20578760876333
CPV,2009,0.540232164246811,21.2095054194917,21.749737583738508
CPV,2010,0.469845945590585,32.8175245458718,33.28737049146238
CPV,2011,0.476296109753348,39.6578022158308,40.13409832558415
CPV,2012,0.590757833350732,24.4650892301952,25.055847063545933
CPV,2013,0.573761546715361,15.9841772281575,16.557938774872863
CPV,2014,0.642686554286606,11.3666676890308,12.009354243317405
CPV,2015,0.800998865280158,8.69712510622088,9.49812397150104
CPV,2016,0.805568147316067,9.38675264949474,10.192320796810808
CPV,2017,0.712082499647351,11.6082269487291,12.320309448376452
CPV,2018,0.403828710600868,13.9398394603711,14.343668170971968
CPV,2019,0.397803108889264,12.7633265623315,13.161129671220763
CRI,1995,2.88606429116614,0.0,2.88606429116614
CRI,1996,2.55839407320106,0.0,2.55839407320106
CRI,1997,2.27672855784528,0.0,2.27672855784528
CRI,1998,1.51276509080664,0.0,1.51276509080664
CRI,1999,1.1525263646866,0.0,1.1525263646866
CRI,2000,1.0137692631934,0.0,1.0137692631934
CRI,2001,1.050720686109,0.0,1.050720686109
CRI,2002,0.951776248802268,0.0,0.951776248802268
CRI,2003,0.98097937519238,0.0,0.98097937519238
CRI,2004,0.93482741118721,0.0,0.93482741118721
CRI,2005,0.973833720845623,0.0,0.973833720845623
CRI,2006,1.28793534130059,0.0,1.28793534130059
CRI,2007,1.37239862824046,0.0,1.37239862824046
CRI,2008,1.3017194957062,0.0,1.3017194957062
CRI,2009,1.17795012999201,0.0,1.17795012999201
CRI,2010,1.60982054344363,0.0,1.60982054344363
CRI,2011,1.23059605246014,0.0,1.23059605246014
CRI,2012,1.15330585162739,0.0,1.15330585162739
CRI,2013,1.28004345278562,0.0,1.28004345278562
CRI,2014,1.3335436844848,0.0,1.3335436844848
CRI,2015,1.11246057199442,0.0,1.11246057199442
CRI,2016,1.2152189312892,0.0,1.2152189312892
CRI,2017,1.12598376993451,0.0,1.12598376993451
CRI,2018,0.936530070716898,0.0,0.936530070716898
CRI,2019,0.752703492939289,0.0,0.752703492939289
CSS,1995,0.936507269332611,0.0,0.936507269332611
CSS,1996,0.786903022925703,0.0,0.786903022925703
CSS,1997,0.68046273363035,0.0,0.68046273363035
CSS,1998,0.451262212285431,0.0,0.451262212285431
CSS,1999,0.379692090456316,0.0,0.379692090456316
CSS,2000,0.255514752098614,0.0,0.255514752098614
CSS,2001,0.260946948065909,0.0,0.260946948065909
CSS,2002,0.251486869135955,0.0,0.251486869135955
CSS,2003,0.266727846594871,0.0,0.266727846594871
CSS,2004,0.269711579240889,0.0,0.269711579240889
CSS,2005,0.261832817519346,0.0,0.261832817519346
CSS,2006,0.349830290687034,0.0,0.349830290687034
CSS,2007,0.350521784971656,0.0,0.350521784971656
CSS,2008,0.32355093433064,0.0,0.32355093433064
CSS,2009,0.383291049324712,0.0,0.383291049324712
CSS,2010,0.584630232907226,0.0,0.584630232907226
CSS,2011,0.518771021214624,0.0,0.518771021214624
CSS,2012,0.479644242255766,0.0,0.479644242255766
CSS,2013,0.556211042422653,0.0,0.556211042422653
CSS,2014,0.53289240783356,0.0,0.53289240783356
CSS,2015,0.489750287185136,0.0,0.489750287185136
CSS,2016,0.558292868147676,0.0,0.558292868147676
CSS,2017,0.57110545182495,0.0,0.57110545182495
CSS,2018,0.55295860518147,0.0,0.55295860518147
CSS,2019,0.464053311557286,0.0,0.464053311557286
CUB,1995,0.210642432315898,0.0,0.210642432315898
CUB,1996,0.210347589385867,0.0,0.210347589385867
CUB,1997,0.228613220142365,0.0,0.228613220142365
CUB,1998,0.195801980436447,0.0,0.195801980436447
CUB,1999,0.0773076197827528,0.0,0.0773076197827528
CUB,2000,0.0777662855718157,0.0,0.0777662855718157
CUB,2001,0.0740450759412024,0.0,0.0740450759412024
CUB,2002,0.111901476669784,0.0,0.111901476669784
CUB,2003,0.104378375204706,0.0,0.104378375204706
CUB,2004,0.0868273818153629,0.0,0.0868273818153629
CUB,2005,0.0850372713818344,0.0,0.0850372713818344
CUB,2006,0.102822533053143,0.0,0.102822533053143
CUB,2007,0.0950922719739273,0.0,0.0950922719739273
CUB,2008,0.0873138386510374,0.0,0.0873138386510374
CUB,2009,0.0932524639296496,0.0,0.0932524639296496
CUB,2010,0.122333206164896,0.0,0.122333206164896
CUB,2011,0.0981434962907755,0.0,0.0981434962907755
CUB,2012,0.0892789581522591,0.0,0.0892789581522591
CUB,2013,0.102673607978233,0.0,0.102673607978233
CUB,2014,0.106467229041005,0.0,0.106467229041005
CUB,2015,0.0913634183774704,0.0,0.0913634183774704
CUB,2016,0.0990395692939297,0.0,0.0990395692939297
CUB,2017,0.0921151540394997,0.0,0.0921151540394997
CUB,2018,0.0774262752926278,0.0,0.0774262752926278
CUB,2019,0.0663165616928447,0.0,0.0663165616928447
CUW,1995,0.0,0.0,0.0
CUW,1996,0.0,0.0,0.0
CUW,1997,0.0,0.0,0.0
CUW,1998,0.0,0.0,0.0
CUW,1999,0.0,0.0,0.0
CUW,2000,0.0,0.0,0.0
CUW,2001,0.0,0.0,0.0
CUW,2002,0.0,0.0,0.0
CUW,2003,0.0,0.0,0.0
CUW,2004,0.0,0.0,0.0
CUW,2005,0.0,0.0,0.0
CUW,2006,0.0,0.0,0.0
CUW,2007,0.0,0.0,0.0
CUW,2008,0.0,0.0,0.0
CUW,2009,0.0,0.0,0.0
CUW,2010,0.0,0.0,0.0
CUW,2011,0.0,0.0,0.0
CUW,2012,0.0,0.0,0.0
CUW,2013,0.0,0.0,0.0
CUW,2014,0.0,0.0,0.0
CUW,2015,0.0,0.0,0.0
CUW,2016,0.0,0.0,0.0
CUW,2017,0.0,0.0,0.0
CUW,2018,0.0,0.0,0.0
CUW,2019,0.0,0.0,0.0
CYM,1995,0.0,0.0,0.0
CYM,1996,0.0,0.0,0.0
CYM,1997,0.0,0.0,0.0
CYM,1998,0.0,0.0,0.0
CYM,1999,0.0,0.0,0.0
CYM,2000,0.0,0.0,0.0
CYM,2001,0.0,0.0,0.0
CYM,2002,0.0,0.0,0.0
CYM,2003,0.0,0.0,0.0
CYM,2004,0.0,0.0,0.0
CYM,2005,0.0,0.0,0.0
CYM,2006,0.0,0.0,0.0
CYM,2007,0.0,0.0,0.0
CYM,2008,0.0,0.0,0.0
CYM,2009,0.0,0.0,0.0
CYM,2010,0.0,0.0,0.0
CYM,2011,0.0,0.0,0.0
CYM,2012,0.0,0.0,0.0
CYM,2013,0.0,0.0,0.0
CYM,2014,0.0,0.0,0.0
CYM,2015,0.0,0.0,0.0
CYM,2016,0.0,0.0,0.0
CYM,2017,0.0,0.0,0.0
CYM,2018,0.0,0.0,0.0
CYM,2019,0.0,0.0,0.0
CYP,1995,0.00774000899775011,0.0,0.00774000899775011
CYP,1996,0.00816979503385886,0.0,0.00816979503385886
CYP,1997,0.00657092057599983,0.0,0.00657092057599983
CYP,1998,0.0040578567857477,0.0,0.0040578567857477
CYP,1999,0.00445922569376322,0.0,0.00445922569376322
CYP,2000,0.00239575999608649,0.0,0.00239575999608649
CYP,2001,0.00201678256062489,0.0,0.00201678256062489
CYP,2002,0.0014547804818063,0.0,0.0014547804818063
CYP,2003,0.00103047134537432,0.0,0.00103047134537432
CYP,2004,0.00078318114541277,0.0,0.00078318114541277
CYP,2005,0.000730238018891157,0.0,0.000730238018891157
CYP,2006,0.000588866032790885,0.0,0.000588866032790885
CYP,2007,0.00152167347209913,0.0,0.00152167347209913
CYP,2008,0.00154223780939191,0.0,0.00154223780939191
CYP,2009,0.000780140687077133,0.0,0.000780140687077133
CYP,2010,0.000659111606401295,0.0,0.000659111606401295
CYP,2011,0.000688548591265619,0.0,0.000688548591265619
CYP,2012,0.000879226538418237,0.0,0.000879226538418237
CYP,2013,0.000756568371340934,0.0,0.000756568371340934
CYP,2014,0.000773795567203845,0.0,0.000773795567203845
CYP,2015,0.000997368384577925,0.0,0.000997368384577925
CYP,2016,0.00119501651457679,0.0,0.00119501651457679
CYP,2017,0.00129440300345047,0.0,0.00129440300345047
CYP,2018,0.000958143995037843,0.0,0.000958143995037843
CYP,2019,0.00081055766746727,0.0,0.00081055766746727
CZE,1995,0.37360401455309,0.340515672038566,0.7141196865916559
CZE,1996,0.381607807153524,0.281613252541427,0.663221059694951
CZE,1997,0.376730966334955,0.254172701108037,0.630903667442992
CZE,1998,0.277325067786256,0.231770769289246,0.509095837075502
CZE,1999,0.314273871563783,0.105523995491534,0.419797867055317
CZE,2000,0.30868561264955,0.205842193385371,0.514527806034921
CZE,2001,0.287084188708879,0.456704658658971,0.74378884736785
CZE,2002,0.20904483893221,0.224411134093946,0.433455973026156
CZE,2003,0.206202855314636,0.169331400191245,0.37553425550588104
CZE,2004,0.189418239408118,0.654724081984303,0.844142321392421
CZE,2005,0.172756140439348,0.540246052284705,0.7130021927240531
CZE,2006,0.185449124771748,0.528275970815551,0.713725095587299
CZE,2007,0.195393350953533,0.456650977636518,0.652044328590051
CZE,2008,0.156178640168879,1.3243839026066,1.480562542775479
CZE,2009,0.143567880021802,0.523809142646871,0.6673770226686729
CZE,2010,0.165929686910492,0.768828148333853,0.9347578352443451
CZE,2011,0.153618114791696,0.873763828516135,1.027381943307831
CZE,2012,0.160563939979121,0.4337699262957,0.594333866274821
CZE,2013,0.162362033313272,0.178348044959311,0.34071007827258304
CZE,2014,0.162727778588859,0.146547348893172,0.309275127482031
CZE,2015,0.169642722697322,0.12546374892164,0.295106471618962
CZE,2016,0.172163254640676,0.126840441052511,0.29900369569318697
CZE,2017,0.213964042740389,0.143846138961089,0.357810181701478
CZE,2018,0.23615605754452,0.133105028971712,0.369261086516232
CZE,2019,0.29543666693327,0.0910332301509012,0.3864698970841712
DEU,1995,0.0274014391790894,0.0235269723717906,0.05092841155088
DEU,1996,0.0329015448732605,0.0213794934341291,0.054281038307389604
DEU,1997,0.0309614723145621,0.0190783066795065,0.0500397789940686
DEU,1998,0.0303307956536318,0.0171083022879381,0.0474390979415699
DEU,1999,0.0272182181314987,0.00920452865166405,0.03642274678316275
DEU,2000,0.0361071553468372,0.0156124005348027,0.0517195558816399
DEU,2001,0.0322047840564129,0.0363504237141466,0.06855520777055951
DEU,2002,0.0337166894062137,0.0212106403442727,0.054927329750486406
DEU,2003,0.0337940507624758,0.0155847293701629,0.049378780132638696
DEU,2004,0.0284557735823657,0.0694685561161683,0.097924329698534
DEU,2005,0.0323736190900773,0.0608344592567013,0.0932080783467786
DEU,2006,0.0369980100045055,0.0574116818103335,0.09440969181483899
DEU,2007,0.0468561535568035,0.0592990895293438,0.1061552430861473
DEU,2008,0.0399352345667399,0.178039130275431,0.2179743648421709
DEU,2009,0.0351831124542128,0.0645513988300187,0.0997345112842315
DEU,2010,0.0437125230189255,0.100605224103438,0.1443177471223635
DEU,2011,0.0399447746279453,0.114695303797205,0.1546400784251503
DEU,2012,0.0373398188083959,0.0548288593405806,0.0921686781489765
DEU,2013,0.0378998491723045,0.0237162586929113,0.061616107865215805
DEU,2014,0.0368206012515162,0.0188044851044902,0.055625086356006395
DEU,2015,0.0353909046073329,0.0146564038255549,0.0500473084328878
DEU,2016,0.0331026344118898,0.0142241784029931,0.0473268128148829
DEU,2017,0.0287237586419939,0.0179704886289538,0.0466942472709477
DEU,2018,0.0390078720598987,0.0181826118494321,0.057190483909330805
DEU,2019,0.0317055151606088,0.00953310321583949,0.041238618376448294
DJI,1995,0.632478856364887,0.0,0.632478856364887
DJI,1996,0.664007194070733,0.0,0.664007194070733
DJI,1997,0.676909112820101,0.0,0.676909112820101
DJI,1998,0.947348471648493,0.0,0.947348471648493
DJI,1999,0.391087417725675,0.0,0.391087417725675
DJI,2000,0.382079268168498,0.0,0.382079268168498
DJI,2001,0.415974590900068,0.0,0.415974590900068
DJI,2002,0.454277724249501,0.0,0.454277724249501
DJI,2003,0.623059168138342,0.0,0.623059168138342
DJI,2004,0.573154706409986,0.0,0.573154706409986
DJI,2005,0.539507984654084,0.0,0.539507984654084
DJI,2006,0.616385691846383,0.0,0.616385691846383
DJI,2007,0.523310116566421,0.0,0.523310116566421
DJI,2008,0.790439021922725,0.0,0.790439021922725
DJI,2009,0.743212074330782,0.0,0.743212074330782
DJI,2010,0.838156180608274,0.0,0.838156180608274
DJI,2011,0.888463490648047,0.0,0.888463490648047
DJI,2012,0.945907199473507,0.0,0.945907199473507
DJI,2013,0.526727088783967,0.0,0.526727088783967
DJI,2014,0.788998443214345,0.0,0.788998443214345
DJI,2015,0.662618364843773,0.0,0.662618364843773
DJI,2016,0.484424417766637,0.0,0.484424417766637
DJI,2017,0.571398008790601,0.0,0.571398008790601
DJI,2018,0.278959298930402,0.0,0.278959298930402
DJI,2019,0.358531614173272,0.0,0.358531614173272
DMA,1995,0.040285356560087,0.0,0.040285356560087
DMA,1996,0.0276148169977592,0.0,0.0276148169977592
DMA,1997,0.0378963294235721,0.0,0.0378963294235721
DMA,1998,0.030749193943209,0.0,0.030749193943209
DMA,1999,0.0254617300675232,0.0,0.0254617300675232
DMA,2000,0.0249171756986981,0.0,0.0249171756986981
DMA,2001,0.0242728754618539,0.0,0.0242728754618539
DMA,2002,0.0221389612774031,0.0,0.0221389612774031
DMA,2003,0.0228107663152698,0.0,0.0228107663152698
DMA,2004,0.0220286901534381,0.0,0.0220286901534381
DMA,2005,0.0216343439628061,0.0,0.0216343439628061
DMA,2006,0.0286807337863141,0.0,0.0286807337863141
DMA,2007,0.0270653732412566,0.0,0.0270653732412566
DMA,2008,0.026123998947793,0.0,0.026123998947793
DMA,2009,0.0219865512592661,0.0,0.0219865512592661
DMA,2010,0.0491548799650004,0.0,0.0491548799650004
DMA,2011,0.0412282999821639,0.0,0.0412282999821639
DMA,2012,0.0414520814234463,0.0,0.0414520814234463
DMA,2013,0.0539374373872897,0.0,0.0539374373872897
DMA,2014,0.0651451844425706,0.0,0.0651451844425706
DMA,2015,0.0474677077229137,0.0,0.0474677077229137
DMA,2016,0.0602343950060558,0.0,0.0602343950060558
DMA,2017,0.0559454272358846,0.0,0.0559454272358846
DMA,2018,0.0348243046150246,0.0,0.0348243046150246
DMA,2019,0.0284260300710226,0.0,0.0284260300710226
DNK,1995,0.0153856815126891,0.0,0.0153856815126891
DNK,1996,0.0154549594383424,0.0,0.0154549594383424
DNK,1997,0.0130795770847528,0.0,0.0130795770847528
DNK,1998,0.0122059057578099,0.0,0.0122059057578099
DNK,1999,0.0115878502964475,0.0,0.0115878502964475
DNK,2000,0.0292464023669401,0.0,0.0292464023669401
DNK,2001,0.0129092995799892,0.0,0.0129092995799892
DNK,2002,0.0113672645690419,0.0,0.0113672645690419
DNK,2003,0.0114596432525401,0.0,0.0114596432525401
DNK,2004,0.00888425988836269,0.0,0.00888425988836269
DNK,2005,0.0145758693094045,0.0,0.0145758693094045
DNK,2006,0.0122869895742902,0.0,0.0122869895742902
DNK,2007,0.0147962281888116,0.0,0.0147962281888116
DNK,2008,0.0141731217887413,0.0,0.0141731217887413
DNK,2009,0.0146752899821252,0.0,0.0146752899821252
DNK,2010,0.0171826041558455,0.0,0.0171826041558455
DNK,2011,0.015240764101815,0.0,0.015240764101815
DNK,2012,0.0164860101368364,0.0,0.0164860101368364
DNK,2013,0.0202087914713673,0.0,0.0202087914713673
DNK,2014,0.0224742397792256,0.0,0.0224742397792256
DNK,2015,0.0226080111124951,0.0,0.0226080111124951
DNK,2016,0.0194152178787944,0.0,0.0194152178787944
DNK,2017,0.0170505833767376,0.0,0.0170505833767376
DNK,2018,0.019414192788715,0.0,0.019414192788715
DNK,2019,0.0154071082620836,0.0,0.0154071082620836
DOM,1995,0.0476743273018281,0.0,0.0476743273018281
DOM,1996,0.0322391066399983,0.0,0.0322391066399983
DOM,1997,0.0395835005492768,0.0,0.0395835005492768
DOM,1998,0.0318069084348045,0.0,0.0318069084348045
DOM,1999,0.0266677137950169,0.0,0.0266677137950169
DOM,2000,0.0239684281764079,0.0,0.0239684281764079
DOM,2001,0.0227890061773118,0.0,0.0227890061773118
DOM,2002,0.0194646715603647,0.0,0.0194646715603647
DOM,2003,0.0263908367122386,0.0,0.0263908367122386
DOM,2004,0.0261963564342343,0.0,0.0261963564342343
DOM,2005,0.0164827820724517,0.0,0.0164827820724517
DOM,2006,0.0347563601497664,0.0,0.0347563601497664
DOM,2007,0.0317119433923239,0.0,0.0317119433923239
DOM,2008,0.0303136988066284,0.0,0.0303136988066284
DOM,2009,0.0277916316515481,0.0,0.0277916316515481
DOM,2010,0.0561269389469561,0.0,0.0561269389469561
DOM,2011,0.0448568712636011,0.0,0.0448568712636011
DOM,2012,0.0421673349725936,0.0,0.0421673349725936
DOM,2013,0.0553201134359215,0.0,0.0553201134359215
DOM,2014,0.0641599203946252,0.0,0.0641599203946252
DOM,2015,0.0475531591552256,0.0,0.0475531591552256
DOM,2016,0.0608896219981325,0.0,0.0608896219981325
DOM,2017,0.0512601701837899,0.0,0.0512601701837899
DOM,2018,0.036540576935264,0.0,0.036540576935264
DOM,2019,0.0336235048170234,0.0,0.0336235048170234
DZA,1995,0.215148154763311,0.0,0.215148154763311
DZA,1996,0.201542386527519,0.0,0.201542386527519
DZA,1997,0.197996979583968,0.0,0.197996979583968
DZA,1998,0.269986790014507,0.0,0.269986790014507
DZA,1999,0.140727866210144,0.0,0.140727866210144
DZA,2000,0.0999629046678328,0.0,0.0999629046678328
DZA,2001,0.116874087480259,0.0,0.116874087480259
DZA,2002,0.123619966774021,0.0,0.123619966774021
DZA,2003,0.14019854300307,0.0,0.14019854300307
DZA,2004,0.108610417538114,0.0,0.108610417538114
DZA,2005,0.0887542047392797,0.0,0.0887542047392797
DZA,2006,0.0964230669346166,0.0,0.0964230669346166
DZA,2007,0.0786884227934083,0.0,0.0786884227934083
DZA,2008,0.10983529445188,0.0,0.10983529445188
DZA,2009,0.134510355599873,0.0,0.134510355599873
DZA,2010,0.137192681108823,0.0,0.137192681108823
DZA,2011,0.127015928820299,0.0,0.127015928820299
DZA,2012,0.140154451494083,0.0,0.140154451494083
DZA,2013,0.116859438703444,0.0,0.116859438703444
DZA,2014,0.184124602857198,0.0,0.184124602857198
DZA,2015,0.216908794855198,0.0,0.216908794855198
DZA,2016,0.175229379443736,0.0,0.175229379443736
DZA,2017,0.206967227527329,0.0,0.206967227527329
DZA,2018,0.104094347857166,0.0,0.104094347857166
DZA,2019,0.142246577676085,0.0,0.142246577676085
EAP,1995,1.49557106016414,0.276837689694452,1.772408749858592
EAP,1996,1.27218501348445,0.0853234530054029,1.3575084664898527
EAP,1997,0.989969582228715,0.0589404922727452,1.0489100745014601
EAP,1998,0.923646349543208,0.123095148311863,1.046741497855071
EAP,1999,0.633968088977046,0.0571211742316925,0.6910892632087385
EAP,2000,0.575675784966007,0.121319377992882,0.6969951629588891
EAP,2001,0.530011788076801,0.646307461775285,1.176319249852086
EAP,2002,0.514551048521783,0.216389560714962,0.730940609236745
EAP,2003,0.660840870071197,0.181214387955162,0.8420552580263589
EAP,2004,0.449939267724355,1.99649662605847,2.4464358937828248
EAP,2005,0.407313529149116,1.48918780196611,1.8965013311152261
EAP,2006,0.424493001941597,1.50739892250117,1.931891924442767
EAP,2007,0.505542544017806,1.7829654889784,2.288508032996206
EAP,2008,0.543078666985171,4.21119747755543,4.754276144540601
EAP,2009,0.429664218823451,1.49311159723683,1.922775816060281
EAP,2010,0.393235532924395,2.36723985612729,2.760475389051685
EAP,2011,0.342265411948917,3.12601851909571,3.468283931044627
EAP,2012,0.302957814889422,1.5974800026603,1.9004378175497219
EAP,2013,0.274168942496803,0.995924426725252,1.270093369222055
EAP,2014,0.320002256661662,0.742374228459808,1.06237648512147
EAP,2015,0.219151713687102,0.384216775763004,0.603368489450106
EAP,2016,0.21979091210991,0.396320451720367,0.616111363830277
EAP,2017,0.257500024372246,0.517548439395325,0.775048463767571
EAP,2018,0.212362771722198,0.569242533031233,0.7816053047534309
EAP,2019,0.1902646248694,0.436648718909945,0.626913343779345
EAR,1995,0.578800471685439,0.278684440500985,0.8574849121864241
EAR,1996,0.52646362246712,0.235752820718957,0.762216443186077
EAR,1997,0.453921315953354,0.193775568398696,0.64769688435205
EAR,1998,0.464091723346786,0.160012346955094,0.62410407030188
EAR,1999,0.347076997447062,0.106778876348126,0.453855873795188
EAR,2000,0.297584969349694,0.140298962152426,0.43788393150211996
EAR,2001,0.300460052301482,0.258060657947639,0.558520710249121
EAR,2002,0.359566874737357,0.178750870806488,0.538317745543845
EAR,2003,0.43287553945384,0.190125555446657,0.6230010949004969
EAR,2004,0.319602657610433,0.547197541108489,0.866800198718922
EAR,2005,0.283214681449417,0.409953747999749,0.693168429449166
EAR,2006,0.303483752275613,0.422299033945767,0.7257827862213799
EAR,2007,0.338926780475635,0.522025935474776,0.8609527159504111
EAR,2008,0.375817801618731,1.101732440423,1.477550242041731
EAR,2009,0.36112556150313,0.501804012892511,0.862929574395641
EAR,2010,0.361763297577162,0.69644093045786,1.0582042280350221
EAR,2011,0.34128026915758,0.888150069210436,1.229430338368016
EAR,2012,0.332755172465712,0.569990821762474,0.9027459942281859
EAR,2013,0.340331426778089,0.447864066779761,0.7881954935578499
EAR,2014,0.386023252766858,0.366053970475292,0.75207722324215
EAR,2015,0.377589811115788,0.275765316875768,0.6533551279915559
EAR,2016,0.391605947751787,0.307419863229741,0.6990258109815279
EAR,2017,0.379546204455553,0.386516878268879,0.7660630827244319
EAR,2018,0.283555607644185,0.47249152313739,0.756047130781575
EAR,2019,0.272915909003146,0.35319456428629,0.626110473289436
EAS,1995,0.271904708054351,0.0532912629977891,0.3251959710521401
EAS,1996,0.276687054176673,0.022505516735946,0.29919257091261897
EAS,1997,0.23515973069105,0.0186285463410243,0.2537882770320743
EAS,1998,0.225556089601808,0.0373399785674528,0.2628960681692608
EAS,1999,0.155369787913735,0.0178910783745477,0.17326086628828272
EAS,2000,0.145518120487125,0.0360429268030741,0.18156104729019912
EAS,2001,0.152760199657063,0.193376457258753,0.34613665691581597
EAS,2002,0.161126524662292,0.0797780098641738,0.2409045345264658
EAS,2003,0.206609340575687,0.0633640950403289,0.2699734356160159
EAS,2004,0.145278480777468,0.633947287249656,0.779225768027124
EAS,2005,0.145809821243161,0.533423757145929,0.67923357838909
EAS,2006,0.170103350191781,0.607978857786024,0.778082207977805
EAS,2007,0.224647598365469,0.772176689245827,0.996824287611296
EAS,2008,0.260846392122384,2.06196974820006,2.322816140322444
EAS,2009,0.217694954179646,0.782397277557867,1.000092231737513
EAS,2010,0.206254430903695,1.26911491833049,1.4753693492341848
EAS,2011,0.188748423544749,1.73908171360321,1.927830137147959
EAS,2012,0.173385102424494,0.923875890905307,1.097260993329801
EAS,2013,0.171699060852992,0.628781154809195,0.8004802156621871
EAS,2014,0.20796855737916,0.49329324230451,0.70126179968367
EAS,2015,0.153292495774583,0.26850349609853,0.421795991873113
EAS,2016,0.151866787109711,0.275520447134332,0.427387234244043
EAS,2017,0.189044751366535,0.368360636597808,0.557405387964343
EAS,2018,0.160749619365596,0.410338711058337,0.571088330423933
EAS,2019,0.146711576203001,0.321260495788214,0.46797207199121493
ECA,1995,0.203320471913716,0.201414034162924,0.40473450607663997
ECA,1996,0.234145187550517,0.15157509308548,0.385720280635997
ECA,1997,0.214382939348861,0.123430449924349,0.33781338927321
ECA,1998,0.123044051923847,0.121930592168517,0.244974644092364
ECA,1999,0.141376583219472,0.0696879589986764,0.2110645422181484
ECA,2000,0.131118693301847,0.129384197923653,0.26050289122549997
ECA,2001,0.136351435586125,0.351524588393651,0.48787602397977603
ECA,2002,0.119279216112538,0.202708410636211,0.32198762674874903
ECA,2003,0.119288126327017,0.146027333924186,0.265315460251203
ECA,2004,0.109059556955789,0.487443073543074,0.596502630498863
ECA,2005,0.0890340881864106,0.38330906862701,0.4723431568134206
ECA,2006,0.101349896851829,0.377590052399205,0.478939949251034
ECA,2007,0.100795300852635,0.328366107200903,0.429161408053538
ECA,2008,0.0998877572995414,1.10536124844284,1.2052490057423813
ECA,2009,0.100581222835656,0.472276081903878,0.572857304739534
ECA,2010,0.0998435392859564,0.61903560548067,0.7188791447666265
ECA,2011,0.111322654701237,0.737165246666132,0.8484879013673691
ECA,2012,0.107187000878959,0.348481310763712,0.455668311642671
ECA,2013,0.0971244829334642,0.156753249011018,0.2538777319444822
ECA,2014,0.108588126553435,0.127458140843134,0.236046267396569
ECA,2015,0.114820460728202,0.100975542014815,0.215796002743017
ECA,2016,0.115328130556722,0.121138852906306,0.236466983463028
ECA,2017,0.144960671188933,0.159039617099059,0.30400028828799197
ECA,2018,0.169088623830213,0.19260572255748,0.36169434638769304
ECA,2019,0.158802036492288,0.139912449109512,0.29871448560180003
ECS,1995,0.0776480679988787,0.03225135294651,0.10989942094538871
ECS,1996,0.0793266933062667,0.0267045745329632,0.10603126783922989
ECS,1997,0.0782348026368034,0.0226631160872224,0.10089791872402579
ECS,1998,0.0647139623774997,0.0210374701501413,0.085751432527641
ECS,1999,0.0677991235593067,0.0110928738361726,0.07889199739547931
ECS,2000,0.0791527196896579,0.0208869933755267,0.1000397130651846
ECS,2001,0.072524078145831,0.0512594368583387,0.1237835150041697
ECS,2002,0.0679990990596937,0.0291593985414347,0.09715849760112841
ECS,2003,0.0674658461153922,0.0226022940128187,0.0900681401282109
ECS,2004,0.05834739735289,0.0902222173420786,0.1485696146949686
ECS,2005,0.0590574191444411,0.0811113691336212,0.14016878827806228
ECS,2006,0.0621224287575206,0.0807464358547078,0.1428688646122284
ECS,2007,0.0705812739605093,0.077028664500929,0.1476099384614383
ECS,2008,0.0648385500147239,0.262502532561177,0.3273410825759009
ECS,2009,0.0613683608945473,0.105729241838344,0.16709760273289131
ECS,2010,0.0705075932710772,0.160795636229389,0.2313032295004662
ECS,2011,0.0717451402927509,0.186018224352057,0.2577633646448079
ECS,2012,0.0705417698927425,0.0988194546724342,0.16936122456517672
ECS,2013,0.0683305034185926,0.0452021594164825,0.1135326628350751
ECS,2014,0.0699291602353645,0.038466266718711,0.1083954269540755
ECS,2015,0.0706241918474379,0.037138545365386,0.1077627372128239
ECS,2016,0.0712935442458553,0.0428726425111258,0.11416618675698109
ECS,2017,0.0783777007501137,0.0574914456041061,0.13586914635421982
ECS,2018,0.0845218242075181,0.0638085161110797,0.1483303403185978
ECS,2019,0.0745951270126395,0.0505842378981856,0.1251793649108251
ECU,1995,1.18302243803213,0.0,1.18302243803213
ECU,1996,1.13724756692996,0.0,1.13724756692996
ECU,1997,0.946954582657732,0.0,0.946954582657732
ECU,1998,0.836477723285144,0.0,0.836477723285144
ECU,1999,0.348366352717023,0.0,0.348366352717023
ECU,2000,0.353764628808119,0.0,0.353764628808119
ECU,2001,0.293881074495603,0.0,0.293881074495603
ECU,2002,0.250010764620851,0.0,0.250010764620851
ECU,2003,0.238845200527549,0.0,0.238845200527549
ECU,2004,0.230239324591933,0.0,0.230239324591933
ECU,2005,0.209052304128494,0.0,0.209052304128494
ECU,2006,0.263955071486812,0.0,0.263955071486812
ECU,2007,0.294768768075374,0.0,0.294768768075374
ECU,2008,0.267515886301042,0.0,0.267515886301042
ECU,2009,0.277257223757117,0.0,0.277257223757117
ECU,2010,0.43634400590223,0.0,0.43634400590223
ECU,2011,0.350545906433361,0.0,0.350545906433361
ECU,2012,0.334498838726345,0.0,0.334498838726345
ECU,2013,0.373993054876864,0.0,0.373993054876864
ECU,2014,0.375842676044914,0.0,0.375842676044914
ECU,2015,0.353777217138995,0.0,0.353777217138995
ECU,2016,0.404653909314901,0.0,0.404653909314901
ECU,2017,0.375864582422932,0.0,0.375864582422932
ECU,2018,0.318999357333842,0.0,0.318999357333842
ECU,2019,0.276947616236113,0.0,0.276947616236113
EGY,1995,0.32801718603623,0.0,0.32801718603623
EGY,1996,0.302720977487842,0.0,0.302720977487842
EGY,1997,0.264173247043813,0.0,0.264173247043813
EGY,1998,0.339883884618343,0.0,0.339883884618343
EGY,1999,0.155142402193562,3.01803216259927e-08,0.15514243237388364
EGY,2000,0.124284373862495,0.000265061368549735,0.12454943523104473
EGY,2001,0.148322612020039,0.000459170936936456,0.14878178295697544
EGY,2002,0.184484961715139,0.000269149941677168,0.18475411165681618
EGY,2003,0.27156503120705,0.000298346274150596,0.2718633774812006
EGY,2004,0.263656333252003,0.00129422341845415,0.26495055667045714
EGY,2005,0.229668459070647,0.000627948550282449,0.23029640762092946
EGY,2006,0.235176049364276,0.0,0.235176049364276
EGY,2007,0.180181517108948,0.0,0.180181517108948
EGY,2008,0.254204416912174,0.0,0.254204416912174
EGY,2009,0.214061027887349,0.0,0.214061027887349
EGY,2010,0.221850956824007,0.0,0.221850956824007
EGY,2011,0.234686331944969,0.0,0.234686331944969
EGY,2012,0.227571178906447,0.0,0.227571178906447
EGY,2013,0.184310375575773,0.0,0.184310375575773
EGY,2014,0.274533176651313,0.0,0.274533176651313
EGY,2015,0.230230249005605,0.0,0.230230249005605
EGY,2016,0.176265102597653,0.0,0.176265102597653
EGY,2017,0.309903964144662,0.0,0.309903964144662
EGY,2018,0.154667441958425,0.0,0.154667441958425
EGY,2019,0.170234765776553,0.0,0.170234765776553
EMU,1995,0.0480375074452779,0.00939868217598886,0.05743618962126676
EMU,1996,0.0501437257190783,0.00777337517463788,0.05791710089371618
EMU,1997,0.0469689206330398,0.006442190517759,0.0534111111507988
EMU,1998,0.0434671123951435,0.00589271140247268,0.049359823797616185
EMU,1999,0.0417506186723447,0.00293489985567184,0.04468551852801654
EMU,2000,0.0501785936086468,0.00563866940631621,0.05581726301496301
EMU,2001,0.0445668705045966,0.0138153845025639,0.0583822550071605
EMU,2002,0.0444665200015799,0.00713894824859338,0.05160546825017328
EMU,2003,0.0422713308292647,0.00524152435261746,0.04751285518188216
EMU,2004,0.0334670399538466,0.0252405553767168,0.058707595330563404
EMU,2005,0.03379012765926,0.0202076854943188,0.053997813153578794
EMU,2006,0.0374053782889673,0.0189437338800529,0.056349112169020193
EMU,2007,0.0427967738352774,0.0207283363326128,0.0635251101678902
EMU,2008,0.0410651780303784,0.0597534031544274,0.1008185811848058
EMU,2009,0.0382435674724849,0.0210402811637544,0.0592838486362393
EMU,2010,0.0457724638562851,0.0340919688790396,0.0798644327353247
EMU,2011,0.0437964518279558,0.0392212207453054,0.0830176725732612
EMU,2012,0.0430341900685739,0.0189225768600629,0.0619567669286368
EMU,2013,0.0439365896946808,0.00821664951349393,0.052153239208174725
EMU,2014,0.0450939002598684,0.00659512756761678,0.051689027827485176
EMU,2015,0.0441736195369464,0.00502572479729795,0.04919934433424435
EMU,2016,0.0432836450373919,0.00476684704938595,0.04805049208677785
EMU,2017,0.0414406182803905,0.00616822312496446,0.047608841405354964
EMU,2018,0.0481338468173704,0.00619083212861943,0.05432467894598983
EMU,2019,0.0399724057826191,0.00319613685338878,0.043168542636007876
ERI,1995,8.8514487916117,0.0,8.8514487916117
ERI,1996,7.65807059750721,0.0,7.65807059750721
ERI,1997,7.52324785550826,0.0,7.52324785550826
ERI,1998,7.51588317216861,0.0,7.51588317216861
ERI,1999,4.83168973934848,0.0,4.83168973934848
ERI,2000,4.84571215628825,0.0,4.84571215628825
ERI,2001,4.48546244861725,0.0,4.48546244861725
ERI,2002,3.09853412022536,0.0,3.09853412022536
ERI,2003,4.52985692591209,0.0,4.52985692591209
ERI,2004,3.25547987512514,0.0,3.25547987512514
ERI,2005,3.27084324603557,0.0,3.27084324603557
ERI,2006,2.80591496819798,0.0,2.80591496819798
ERI,2007,3.94860584678344,0.0,3.94860584678344
ERI,2008,4.26677002958965,0.0,4.26677002958965
ERI,2009,2.3862033760028,0.0,2.3862033760028
ERI,2010,2.48284932852526,0.0,2.48284932852526
ERI,2011,2.3256637760381,0.0,2.3256637760381
ERI,2012,0.0,0.0,0.0
ERI,2013,0.0,0.0,0.0
ERI,2014,0.0,0.0,0.0
ERI,2015,0.0,0.0,0.0
ERI,2016,0.0,0.0,0.0
ERI,2017,0.0,0.0,0.0
ERI,2018,0.0,0.0,0.0
ERI,2019,0.0,0.0,0.0
ESP,1995,0.0433861625944661,0.00622411155703108,0.04961027415149718
ESP,1996,0.0423888939933586,0.00376975379756269,0.04615864779092129
ESP,1997,0.0371181021352478,0.00200030989954175,0.03911841203478955
ESP,1998,0.0350106616307759,0.00238919198579522,0.037399853616571124
ESP,1999,0.0322468488885322,0.000300627772489264,0.032547476661021466
ESP,2000,0.0337419730616732,0.00384465623039873,0.03758662929207193
ESP,2001,0.0317600600420105,0.0123799392928752,0.0441399993348857
ESP,2002,0.0328455850771305,0.00402490336238764,0.03687048843951814
ESP,2003,0.0281904611298881,0.00317110733391803,0.03136156846380613
ESP,2004,0.0200367977390206,0.0206753364971601,0.0407121342361807
ESP,2005,0.017837947258349,0.0125934254833309,0.030431372741679896
ESP,2006,0.020776487164618,0.0116704698183558,0.0324469569829738
ESP,2007,0.0211334528747331,0.0145400693241205,0.0356735221988536
ESP,2008,0.025685035402932,0.032079273609495,0.057764309012427004
ESP,2009,0.0233596707082068,0.0095697382441501,0.0329294089523569
ESP,2010,0.0255445176746938,0.0162968550522323,0.041841372726926104
ESP,2011,0.0249909449201048,0.0155334692771782,0.040524414197283
ESP,2012,0.0251455137457255,0.0074474408940647,0.0325929546397902
ESP,2013,0.0256215980555982,0.00288222461242743,0.02850382266802563
ESP,2014,0.0289055556742113,0.00253350841914475,0.03143906409335605
ESP,2015,0.0286282776880453,0.00174515115453359,0.03037342884257889
ESP,2016,0.0262492589452184,0.00113678966342455,0.02738604860864295
ESP,2017,0.0231565010767362,0.00192447586474893,0.02508097694148513
ESP,2018,0.029298367314375,0.00155929573705883,0.03085766305143383
ESP,2019,0.0212563494432773,0.0,0.0212563494432773
EST,1995,1.63495167647616,0.0,1.63495167647616
EST,1996,1.72731266727086,0.0,1.72731266727086
EST,1997,1.74896707106742,0.0,1.74896707106742
EST,1998,1.58698645536452,0.0,1.58698645536452
EST,1999,1.82593666882728,0.0,1.82593666882728
EST,2000,2.17877291677121,0.0,2.17877291677121
EST,2001,2.13407208988511,0.0,2.13407208988511
EST,2002,1.68758080445156,0.0,1.68758080445156
EST,2003,1.52384573650587,0.0,1.52384573650587
EST,2004,0.879145224122585,0.0,0.879145224122585
EST,2005,0.633299740536681,0.0,0.633299740536681
EST,2006,0.588267404138868,0.0,0.588267404138868
EST,2007,0.45467226854709,0.0,0.45467226854709
EST,2008,0.512364258866361,0.0,0.512364258866361
EST,2009,0.622147069474355,0.0,0.622147069474355
EST,2010,0.838785843997608,0.0,0.838785843997608
EST,2011,0.889538427492448,0.0,0.889538427492448
EST,2012,0.957377443523965,0.0,0.957377443523965
EST,2013,0.890836698741817,0.0,0.890836698741817
EST,2014,0.797797875496218,0.0,0.797797875496218
EST,2015,0.868049728469609,0.0,0.868049728469609
EST,2016,0.851635065133593,0.0,0.851635065133593
EST,2017,1.08446674179545,0.0,1.08446674179545
EST,2018,1.02239313872309,0.0,1.02239313872309
EST,2019,0.883141945947517,0.0,0.883141945947517
ETH,1995,31.5671856582783,0.0,31.5671856582783
ETH,1996,28.5637124880195,0.0,28.5637124880195
ETH,1997,27.0029665067852,0.0,27.0029665067852
ETH,1998,31.158444577552,0.0,31.158444577552
ETH,1999,19.5243651107005,0.0,19.5243651107005
ETH,2000,18.3566108994778,0.0,18.3566108994778
ETH,2001,18.0210767782612,0.0,18.0210767782612
ETH,2002,23.0139796569436,0.0,23.0139796569436
ETH,2003,36.060207422098,0.0,36.060207422098
ETH,2004,27.7679687860224,0.0,27.7679687860224
ETH,2005,23.4241724453534,0.0,23.4241724453534
ETH,2006,18.6846362512686,0.0,18.6846362512686
ETH,2007,21.7730379878267,0.0,21.7730379878267
ETH,2008,18.6650468391895,0.0,18.6650468391895
ETH,2009,16.3074639219253,0.00183769562201587,16.309301617547316
ETH,2010,15.5250945121129,0.00724499256922988,15.532339504682131
ETH,2011,16.7104877885444,0.00507727643001671,16.715565064974417
ETH,2012,14.3735213212433,0.0,14.3735213212433
ETH,2013,13.6586280201092,0.0,13.6586280201092
ETH,2014,13.1485479309725,0.0,13.1485479309725
ETH,2015,12.0781975873925,0.0,12.0781975873925
ETH,2016,11.1121926834604,9.90538673681238e-05,11.112291737327768
ETH,2017,9.76569485732401,0.000130013475187816,9.765824870799198
ETH,2018,6.33260677814057,0.000148574727905969,6.3327553528684755
ETH,2019,5.47574141406869,0.000104208156503271,5.475845622225193
EUU,1995,0.0669709520207882,0.0194529160458467,0.0864238680666349
EUU,1996,0.0685708015995378,0.0161554382287525,0.08472623982829029
EUU,1997,0.0654527176140623,0.0140326362064635,0.0794853538205258
EUU,1998,0.0590183921026238,0.0124183436017343,0.0714367357043581
EUU,1999,0.0575758944805124,0.00587582300085785,0.06345171748137025
EUU,2000,0.0671422694483929,0.0116830869414134,0.0788253563898063
EUU,2001,0.0600691761729487,0.0294182706290513,0.08948744680199999
EUU,2002,0.0600632402689213,0.0151767623052303,0.0752400025741516
EUU,2003,0.057113468643376,0.0114729304230679,0.0685863990664439
EUU,2004,0.0469651332932861,0.0530917543212708,0.1000568876145569
EUU,2005,0.0492712686779107,0.0430316001203867,0.0923028687982974
EUU,2006,0.0505415350448631,0.042092071441561,0.0926336064864241
EUU,2007,0.05819736499477,0.04309020849221,0.10128757348698
EUU,2008,0.0551816759207822,0.130918133775359,0.1860998096961412
EUU,2009,0.0512088094039216,0.0463470329141684,0.09755584231809
EUU,2010,0.0603941674155955,0.075513421331499,0.13590758874709452
EUU,2011,0.0592030586587789,0.0881470151935821,0.147350073852361
EUU,2012,0.0587095966248233,0.0441103274180286,0.1028199240428519
EUU,2013,0.0591229183152376,0.019678453493757,0.0788013718089946
EUU,2014,0.0602378659273784,0.0161583319911994,0.0763961979185778
EUU,2015,0.0597441334666321,0.0143462109826603,0.0740903444492924
EUU,2016,0.058427990638373,0.0148596988274915,0.0732876894658645
EUU,2017,0.0593449708657064,0.0185346128785744,0.0778795837442808
EUU,2018,0.0665770372404477,0.0185785495361861,0.08515558677663379
EUU,2019,0.057970040679477,0.012673501402774,0.070643542082251
FCS,1995,3.8876731874358,0.124612605125642,4.012285792561443
FCS,1996,3.8033643160568,0.0924579842997498,3.8958223003565497
FCS,1997,3.17635665700609,0.0777525473997802,3.25410920440587
FCS,1998,3.37195525510805,0.0738782900220276,3.4458335451300774
FCS,1999,1.87664995880705,0.0634282861751974,1.9400782449822473
FCS,2000,1.56157549092338,0.0724762026477475,1.6340516935711276
FCS,2001,1.55504131008321,0.140813754144701,1.6958550642279109
FCS,2002,1.91372839193108,0.123136491933403,2.036864883864483
FCS,2003,2.8808220882507,0.0966227221412894,2.9774448103919893
FCS,2004,1.97685141849203,0.223396863541009,2.200248282033039
FCS,2005,1.65758221139505,0.225532553491105,1.883114764886155
FCS,2006,1.40500174771645,0.197674195406625,1.602675943123075
FCS,2007,1.6514421633765,0.132129792850448,1.783571956226948
FCS,2008,1.61584586357891,0.40465230314737,2.02049816672628
FCS,2009,1.68931875512706,0.186108601774645,1.875427356901705
FCS,2010,1.35896486606063,0.199529748328663,1.5584946143892928
FCS,2011,1.50714296417284,0.290122391492062,1.7972653556649019
FCS,2012,1.485252826171,0.154291992575808,1.639544818746808
FCS,2013,1.62779660358782,0.0837013298286601,1.7114979334164802
FCS,2014,1.87977094834195,0.0655057288277612,1.9452766771697112
FCS,2015,2.43808689143636,0.0582941079538339,2.496380999390194
FCS,2016,2.75389250941437,0.0613295248263282,2.815222034240698
FCS,2017,2.72240008437055,0.111772446371209,2.834172530741759
FCS,2018,1.79162300888863,0.117041333689908,1.9086643425785381
FCS,2019,1.55068880605598,0.0659492178153171,1.6166380238712972
FIN,1995,0.460651581497006,0.0,0.460651581497006
FIN,1996,0.459716798606052,0.0,0.459716798606052
FIN,1997,0.441222188384674,0.0,0.441222188384674
FIN,1998,0.435793545197815,0.0,0.435793545197815
FIN,1999,0.376651686855758,0.0,0.376651686855758
FIN,2000,0.404788604483289,0.0,0.404788604483289
FIN,2001,0.369008223035878,0.0,0.369008223035878
FIN,2002,0.409153926927024,0.0,0.409153926927024
FIN,2003,0.358144925912867,0.0,0.358144925912867
FIN,2004,0.266054980681857,0.0,0.266054980681857
FIN,2005,0.250573023435169,0.0,0.250573023435169
FIN,2006,0.265475019738743,0.0,0.265475019738743
FIN,2007,0.311218578156343,0.0,0.311218578156343
FIN,2008,0.289909318388013,0.0,0.289909318388013
FIN,2009,0.252549086848801,0.0,0.252549086848801
FIN,2010,0.322424091666797,0.0,0.322424091666797
FIN,2011,0.304594696627744,0.0,0.304594696627744
FIN,2012,0.290627931189504,0.0,0.290627931189504
FIN,2013,0.317034420176452,0.0,0.317034420176452
FIN,2014,0.332903819730429,0.0,0.332903819730429
FIN,2015,0.34675542069703,0.0,0.34675542069703
FIN,2016,0.346732972201017,0.0,0.346732972201017
FIN,2017,0.313318709928274,0.0,0.313318709928274
FIN,2018,0.416563866954643,0.0,0.416563866954643
FIN,2019,0.308689061808585,0.0,0.308689061808585
FJI,1995,0.914525802182877,0.0,0.914525802182877
FJI,1996,0.898312058150865,0.0,0.898312058150865
FJI,1997,0.75184843626965,0.0,0.75184843626965
FJI,1998,0.854698824078987,0.0,0.854698824078987
FJI,1999,0.449115147277959,0.0,0.449115147277959
FJI,2000,0.603691368486166,0.0,0.603691368486166
FJI,2001,0.629223465780578,0.0,0.629223465780578
FJI,2002,0.47292628897727,0.0,0.47292628897727
FJI,2003,0.570136888482826,0.0,0.570136888482826
FJI,2004,0.356071960514932,0.0,0.356071960514932
FJI,2005,0.453891829844286,0.0,0.453891829844286
FJI,2006,0.472838705863474,0.0,0.472838705863474
FJI,2007,0.495399929404612,0.0,0.495399929404612
FJI,2008,0.621167064034149,0.0,0.621167064034149
FJI,2009,0.678075120350499,0.0,0.678075120350499
FJI,2010,1.10484995139824,0.0,1.10484995139824
FJI,2011,0.91416058751219,0.0,0.91416058751219
FJI,2012,0.888797314841428,0.0,0.888797314841428
FJI,2013,0.840218948184971,0.0,0.840218948184971
FJI,2014,0.799163712420156,0.0,0.799163712420156
FJI,2015,0.727858705078145,0.0,0.727858705078145
FJI,2016,0.662453206331662,0.0,0.662453206331662
FJI,2017,0.914856878401153,0.0,0.914856878401153
FJI,2018,0.867495569618431,0.0,0.867495569618431
FJI,2019,0.841751499554254,0.0,0.841751499554254
FRA,1995,0.0544232987580479,0.00148775759207184,0.05591105635011974
FRA,1996,0.0556884461057629,0.000806899692355166,0.05649534579811807
FRA,1997,0.0503124567788793,0.000361471569462996,0.05067392834834229
FRA,1998,0.0420145948659532,0.000339699113868613,0.042354293979821815
FRA,1999,0.0387309960568121,3.57387803183947e-05,0.038766734837130494
FRA,2000,0.0530922401445337,0.000426768443912514,0.053519008588446215
FRA,2001,0.0460691923044872,0.000965349093102791,0.047034541397589995
FRA,2002,0.0435455251990532,0.000259166856295448,0.04380469205534865
FRA,2003,0.0399172142812354,0.000253270748053223,0.040170485029288626
FRA,2004,0.0299514916484651,0.000156053218409265,0.030107544866874367
FRA,2005,0.0287994431339762,0.0,0.0287994431339762
FRA,2006,0.0320438360219227,0.0,0.0320438360219227
FRA,2007,0.0344135585686767,0.0,0.0344135585686767
FRA,2008,0.0345297583376973,0.0,0.0345297583376973
FRA,2009,0.0375039989316507,0.0,0.0375039989316507
FRA,2010,0.042045913628346,0.0,0.042045913628346
FRA,2011,0.0350226342702836,0.0,0.0350226342702836
FRA,2012,0.0327941766549346,0.0,0.0327941766549346
FRA,2013,0.03552052897528,0.0,0.03552052897528
FRA,2014,0.0365872482900058,0.0,0.0365872482900058
FRA,2015,0.0357855841051411,0.0,0.0357855841051411
FRA,2016,0.0362836072783595,0.0,0.0362836072783595
FRA,2017,0.0309691466833577,0.0,0.0309691466833577
FRA,2018,0.0344542385478408,0.0,0.0344542385478408
FRA,2019,0.0269667464323604,0.0,0.0269667464323604
FRO,1995,0.0,0.0,0.0
FRO,1996,0.0,0.0,0.0
FRO,1997,0.0,0.0,0.0
FRO,1998,0.0,0.0,0.0
FRO,1999,0.0,0.0,0.0
FRO,2000,0.0,0.0,0.0
FRO,2001,0.0,0.0,0.0
FRO,2002,0.0,0.0,0.0
FRO,2003,0.0,0.0,0.0
FRO,2004,0.0,0.0,0.0
FRO,2005,0.0,0.0,0.0
FRO,2006,0.0,0.0,0.0
FRO,2007,0.0,0.0,0.0
FRO,2008,0.0,0.0,0.0
FRO,2009,0.0,0.0,0.0
FRO,2010,0.0,0.0,0.0
FRO,2011,0.0,0.0,0.0
FRO,2012,0.0,0.0,0.0
FRO,2013,0.0,0.0,0.0
FRO,2014,0.0,0.0,0.0
FRO,2015,0.0,0.0,0.0
FRO,2016,0.0,0.0,0.0
FRO,2017,0.0,0.0,0.0
FRO,2018,0.0,0.0,0.0
FRO,2019,0.0,0.0,0.0
FSM,1995,0.0159058430691849,0.0,0.0159058430691849
FSM,1996,0.0171437488748058,0.0,0.0171437488748058
FSM,1997,0.0168466041476974,0.0,0.0168466041476974
FSM,1998,0.0129895155513943,0.0,0.0129895155513943
FSM,1999,0.00707232194232158,0.0,0.00707232194232158
FSM,2000,0.0074641058190842,0.0,0.0074641058190842
FSM,2001,0.00857109008570517,0.0,0.00857109008570517
FSM,2002,0.00973310065295731,0.0,0.00973310065295731
FSM,2003,0.0142734119946187,0.0,0.0142734119946187
FSM,2004,0.016520240050047,0.0,0.016520240050047
FSM,2005,0.01068453390706,0.0,0.01068453390706
FSM,2006,0.0124872726970928,0.0,0.0124872726970928
FSM,2007,0.0189088329318677,0.0,0.0189088329318677
FSM,2008,0.0319934852578765,0.0,0.0319934852578765
FSM,2009,0.0289115684176353,0.0,0.0289115684176353
FSM,2010,0.0272732816714997,0.0,0.0272732816714997
FSM,2011,0.0354254343191027,0.0,0.0354254343191027
FSM,2012,0.0282034652210159,0.0,0.0282034652210159
FSM,2013,0.0266740121867941,0.0,0.0266740121867941
FSM,2014,0.0406003278508593,0.0,0.0406003278508593
FSM,2015,0.032192134954101,0.0,0.032192134954101
FSM,2016,0.0360496232316334,0.0,0.0360496232316334
FSM,2017,0.0385320066214341,0.0,0.0385320066214341
FSM,2018,0.0165045161037463,0.0,0.0165045161037463
FSM,2019,0.0147433271606052,0.0,0.0147433271606052
GAB,1995,4.47950633290169,0.0,4.47950633290169
GAB,1996,3.70024307838619,0.0,3.70024307838619
GAB,1997,3.96229803354235,0.0,3.96229803354235
GAB,1998,4.65675574724181,0.0,4.65675574724181
GAB,1999,3.97142642573457,0.0,3.97142642573457
GAB,2000,3.99642449404337,0.0,3.99642449404337
GAB,2001,3.85907327381353,0.0,3.85907327381353
GAB,2002,4.4475548396141,0.0,4.4475548396141
GAB,2003,4.72256093693064,0.0,4.72256093693064
GAB,2004,2.28178435994393,0.0,2.28178435994393
GAB,2005,2.8911970826085,0.0,2.8911970826085
GAB,2006,3.63956826326135,0.0,3.63956826326135
GAB,2007,3.15538808206861,0.0,3.15538808206861
GAB,2008,3.77663356446465,0.0,3.77663356446465
GAB,2009,3.01125745310289,0.0,3.01125745310289
GAB,2010,1.98518178203554,0.0,1.98518178203554
GAB,2011,1.51071156684838,0.0,1.51071156684838
GAB,2012,2.04266337942639,0.0,2.04266337942639
GAB,2013,2.27001867626594,0.0,2.27001867626594
GAB,2014,2.24550797723011,0.0,2.24550797723011
GAB,2015,2.23499143447168,0.0,2.23499143447168
GAB,2016,2.38852306160144,0.0,2.38852306160144
GAB,2017,3.06748536685608,0.0,3.06748536685608
GAB,2018,2.57850658243061,0.0,2.57850658243061
GAB,2019,2.24380950182375,0.0,2.24380950182375
GBR,1995,0.00799781909345323,0.00934838865612124,0.017346207749574467
GBR,1996,0.00755577414005737,0.00602372033701633,0.013579494477073701
GBR,1997,0.00610603629048941,0.00332664460180943,0.00943268089229884
GBR,1998,0.00584390822202344,0.0025806190691435,0.008424527291166939
GBR,1999,0.00501076127186852,0.000331750737798025,0.005342512009666545
GBR,2000,0.00493192733359084,0.00314835134288216,0.008080278676472999
GBR,2001,0.00489119832682914,0.0112116224547952,0.016102820781624342
GBR,2002,0.00534322376850658,0.00441136767008997,0.00975459143859655
GBR,2003,0.00492975261251081,0.00382339432962882,0.00875314694213963
GBR,2004,0.00369923946189451,0.0197997908268176,0.02349903028871211
GBR,2005,0.00362380736405146,0.0110054440706098,0.014629251434661261
GBR,2006,0.00377801966850616,0.00973239142423483,0.013510411092740988
GBR,2007,0.00427037050124175,0.0121864379548783,0.016456808456120048
GBR,2008,0.00470455457645455,0.0449803959802397,0.04968495055669425
GBR,2009,0.00526046738691649,0.0164405626939319,0.02170103008084839
GBR,2010,0.00624206486170278,0.0301037064256683,0.03634577128737108
GBR,2011,0.00622091197352425,0.0352096117076459,0.04143052368117015
GBR,2012,0.005500912076973,0.0153165184872093,0.0208174305641823
GBR,2013,0.00619802865253504,0.00648468176894561,0.01268271042148065
GBR,2014,0.0060951229020376,0.0052536674065257,0.011348790308563301
GBR,2015,0.00515011993091055,0.00352343839736992,0.00867355832828047
GBR,2016,0.00572390585176115,0.00246186507098933,0.00818577092275048
GBR,2017,0.00547055293043898,0.00253441465483765,0.008004967585276631
GBR,2018,0.00706850377521334,0.00252814305692617,0.00959664683213951
GBR,2019,0.0,0.00191572735231576,0.00191572735231576
GEO,1995,0.0,0.00193250805537216,0.00193250805537216
GEO,1996,0.0,0.000458676836921328,0.000458676836921328
GEO,1997,0.0,5.44935580177479e-05,5.44935580177479e-05
GEO,1998,0.0972956917841212,0.00030616805024865,0.09760185983436985
GEO,1999,0.14004269075185,8.47783607021113e-05,0.1401274691125521
GEO,2000,0.129637994918041,0.000301396969052128,0.12993939188709314
GEO,2001,0.0808388703293695,0.000137796117665673,0.08097666644703518
GEO,2002,0.103982829445877,0.000264013390262402,0.1042468428361394
GEO,2003,0.131685745316655,0.00031723883310585,0.13200298414976086
GEO,2004,0.136247235111899,0.00236289246976374,0.13861012758166275
GEO,2005,0.131198852941536,0.000766385609960404,0.1319652385514964
GEO,2006,0.131659976337795,0.00120556900440972,0.1328655453422047
GEO,2007,0.147838422308499,0.00236057680863553,0.15019899911713452
GEO,2008,0.132015745245165,0.00451781449416897,0.13653355973933395
GEO,2009,0.160796612671345,0.0217972318342895,0.1825938445056345
GEO,2010,0.120570149289604,0.0250953563047041,0.1456655055943081
GEO,2011,0.132340650859169,0.0332575482589091,0.1655981991180781
GEO,2012,0.0510300640342511,0.0233677184272699,0.074397782461521
GEO,2013,0.0701412136770824,0.0181311355264407,0.0882723492035231
GEO,2014,0.0652287988440773,0.0107347388003137,0.075963537644391
GEO,2015,0.0815361076606178,0.0083686068293395,0.0899047144899573
GEO,2016,0.065710444696658,0.00902249927328646,0.07473294396994445
GEO,2017,0.0812818873740519,0.0101367407777307,0.0914186281517826
GEO,2018,0.0764768160368761,0.00566788595592728,0.08214470199280338
GEO,2019,0.0806332038954042,0.000463779925947917,0.08109698382135211
GHA,1995,11.3786675282422,0.0,11.3786675282422
GHA,1996,10.7637022925204,0.0,10.7637022925204
GHA,1997,10.3983391039645,0.0,10.3983391039645
GHA,1998,10.1960118505064,0.0,10.1960118505064
GHA,1999,6.26575781484371,0.0,6.26575781484371
GHA,2000,9.73486409255911,0.0,9.73486409255911
GHA,2001,9.39320531098542,0.0,9.39320531098542
GHA,2002,9.85705227600459,0.0,9.85705227600459
GHA,2003,13.8961700461814,0.0,13.8961700461814
GHA,2004,10.8305885965699,0.0,10.8305885965699
GHA,2005,9.36380408433484,0.0,9.36380408433484
GHA,2006,5.0076574272652,0.0,5.0076574272652
GHA,2007,6.24981033258966,0.0,6.24981033258966
GHA,2008,6.57573796480232,0.0,6.57573796480232
GHA,2009,7.60843149004494,0.0,7.60843149004494
GHA,2010,5.77442765220724,0.0,5.77442765220724
GHA,2011,5.50203428673419,0.0,5.50203428673419
GHA,2012,6.22274709142471,0.0,6.22274709142471
GHA,2013,4.42141324102118,0.0,4.42141324102118
GHA,2014,5.66614902136025,0.0,5.66614902136025
GHA,2015,6.82969261160183,0.0,6.82969261160183
GHA,2016,6.37927612801164,0.0,6.37927612801164
GHA,2017,5.90830368191503,0.0,5.90830368191503
GHA,2018,3.80854813393799,0.0,3.80854813393799
GHA,2019,3.48167988211684,0.0,3.48167988211684
GIB,1995,0.0,0.0,0.0
GIB,1996,0.0,0.0,0.0
GIB,1997,0.0,0.0,0.0
GIB,1998,0.0,0.0,0.0
GIB,1999,0.0,0.0,0.0
GIB,2000,0.0,0.0,0.0
GIB,2001,0.0,0.0,0.0
GIB,2002,0.0,0.0,0.0
GIB,2003,0.0,0.0,0.0
GIB,2004,0.0,0.0,0.0
GIB,2005,0.0,0.0,0.0
GIB,2006,0.0,0.0,0.0
GIB,2007,0.0,0.0,0.0
GIB,2008,0.0,0.0,0.0
GIB,2009,0.0,0.0,0.0
GIB,2010,0.0,0.0,0.0
GIB,2011,0.0,0.0,0.0
GIB,2012,0.0,0.0,0.0
GIB,2013,0.0,0.0,0.0
GIB,2014,0.0,0.0,0.0
GIB,2015,0.0,0.0,0.0
GIB,2016,0.0,0.0,0.0
GIB,2017,0.0,0.0,0.0
GIB,2018,0.0,0.0,0.0
GIB,2019,0.0,0.0,0.0
GIN,1995,10.550570309092,0.0,10.550570309092
GIN,1996,9.99727078129871,0.0,9.99727078129871
GIN,1997,6.7178642181187,0.0,6.7178642181187
GIN,1998,7.28281113262641,0.0,7.28281113262641
GIN,1999,6.56383718968611,0.0,6.56383718968611
GIN,2000,7.44075001692394,0.0,7.44075001692394
GIN,2001,7.63138676632079,0.0,7.63138676632079
GIN,2002,8.79806736713139,0.0,8.79806736713139
GIN,2003,12.1579327360701,0.0,12.1579327360701
GIN,2004,10.1221055672616,0.0,10.1221055672616
GIN,2005,12.9946223729422,0.0,12.9946223729422
GIN,2006,8.98671907895133,0.0,8.98671907895133
GIN,2007,8.77638692629152,0.0,8.77638692629152
GIN,2008,9.42715643761148,0.0,9.42715643761148
GIN,2009,9.94669557172777,0.0,9.94669557172777
GIN,2010,8.6026043066631,0.0,8.6026043066631
GIN,2011,9.89026351946753,0.0,9.89026351946753
GIN,2012,10.1176585849258,0.0,10.1176585849258
GIN,2013,9.57218248414314,0.0,9.57218248414314
GIN,2014,10.0580719553787,0.0,10.0580719553787
GIN,2015,10.481556329485,0.0,10.481556329485
GIN,2016,11.2543300797149,0.0,11.2543300797149
GIN,2017,9.13014046635048,0.0,9.13014046635048
GIN,2018,5.49425199794497,0.0,5.49425199794497
GIN,2019,4.65794341633325,0.0,4.65794341633325
GMB,1995,3.03697990712517,0.0,3.03697990712517
GMB,1996,2.69758762305267,0.0,2.69758762305267
GMB,1997,2.60913573477658,0.0,2.60913573477658
GMB,1998,2.54688725802424,0.0,2.54688725802424
GMB,1999,2.00134354349662,0.0,2.00134354349662
GMB,2000,2.25584549955561,0.0,2.25584549955561
GMB,2001,2.48956240559623,0.0,2.48956240559623
GMB,2002,3.54757628277213,0.0,3.54757628277213
GMB,2003,6.12286065692919,0.0,6.12286065692919
GMB,2004,2.5497949802114,0.0,2.5497949802114
GMB,2005,2.63182573752435,0.0,2.63182573752435
GMB,2006,2.72961175784069,0.0,2.72961175784069
GMB,2007,3.04093237747013,0.0,3.04093237747013
GMB,2008,3.18489288621072,0.0,3.18489288621072
GMB,2009,3.29749846666455,0.0,3.29749846666455
GMB,2010,3.03032430579774,0.0,3.03032430579774
GMB,2011,4.46743879941924,0.0,4.46743879941924
GMB,2012,5.78123297887422,0.0,5.78123297887422
GMB,2013,5.90666401996967,0.0,5.90666401996967
GMB,2014,5.2409154628157,0.0,5.2409154628157
GMB,2015,5.55888177634649,0.0,5.55888177634649
GMB,2016,6.56105812711213,0.0,6.56105812711213
GMB,2017,6.49323709656864,0.0,6.49323709656864
GMB,2018,2.72252448983926,0.0,2.72252448983926
GMB,2019,2.81390983977653,0.0,2.81390983977653
GNB,1995,26.0617399150181,0.0,26.0617399150181
GNB,1996,24.170858967761,0.0,24.170858967761
GNB,1997,22.8740539530756,0.0,22.8740539530756
GNB,1998,31.5998376511536,0.0,31.5998376511536
GNB,1999,19.268801792287,0.0,19.268801792287
GNB,2000,11.8568115340533,0.0,11.8568115340533
GNB,2001,11.0270151878701,0.0,11.0270151878701
GNB,2002,12.5778661904573,0.0,12.5778661904573
GNB,2003,17.8267671662477,0.0,17.8267671662477
GNB,2004,14.1311490985512,0.0,14.1311490985512
GNB,2005,13.3963690749939,0.0,13.3963690749939
GNB,2006,13.3637311240334,0.0,13.3637311240334
GNB,2007,16.7234362875899,0.0,16.7234362875899
GNB,2008,15.9806489073256,0.0,15.9806489073256
GNB,2009,17.1974480172831,0.0,17.1974480172831
GNB,2010,14.9307329026999,0.0,14.9307329026999
GNB,2011,13.2487755763413,0.0,13.2487755763413
GNB,2012,17.1198567468218,0.0,17.1198567468218
GNB,2013,16.9399233052409,0.0,16.9399233052409
GNB,2014,18.6987838921976,0.0,18.6987838921976
GNB,2015,19.8714177012089,0.0,19.8714177012089
GNB,2016,18.7015046109056,0.0,18.7015046109056
GNB,2017,15.9857332638944,0.0,15.9857332638944
GNB,2018,9.88886799180997,0.0,9.88886799180997
GNB,2019,9.94740073583492,0.0,9.94740073583492
GNQ,1995,31.9633277533571,0.0,31.9633277533571
GNQ,1996,21.8683633878505,0.0,21.8683633878505
GNQ,1997,14.8233683280346,0.0,14.8233683280346
GNQ,1998,11.2547377877241,0.0,11.2547377877241
GNQ,1999,10.5817749186457,0.0,10.5817749186457
GNQ,2000,5.62492432848025,0.0,5.62492432848025
GNQ,2001,3.58222038918591,0.0,3.58222038918591
GNQ,2002,3.12235546565171,0.0,3.12235546565171
GNQ,2003,2.10036466077586,0.0,2.10036466077586
GNQ,2004,0.883890361007034,0.0,0.883890361007034
GNQ,2005,0.749109807982188,0.0,0.749109807982188
GNQ,2006,0.711835670011504,0.0,0.711835670011504
GNQ,2007,0.552830896318893,0.0,0.552830896318893
GNQ,2008,0.538814974508779,0.0,0.538814974508779
GNQ,2009,0.582682761024879,0.0,0.582682761024879
GNQ,2010,0.36876041625937,0.0,0.36876041625937
GNQ,2011,0.335772162008503,0.0,0.335772162008503
GNQ,2012,0.394710906115835,0.0,0.394710906115835
GNQ,2013,0.439973131959887,0.0,0.439973131959887
GNQ,2014,0.515417644531082,0.0,0.515417644531082
GNQ,2015,0.95690589683015,0.0,0.95690589683015
GNQ,2016,1.42208835005297,0.0,1.42208835005297
GNQ,2017,1.89655614453407,0.0,1.89655614453407
GNQ,2018,2.04521752052811,0.0,2.04521752052811
GNQ,2019,1.94910432041089,0.0,1.94910432041089
GRC,1995,0.0173086417521561,0.0199839056976727,0.0372925474498288
GRC,1996,0.0187319057710588,0.0104031085930365,0.0291350143640953
GRC,1997,0.0126872165134725,0.00489936726740393,0.01758658378087643
GRC,1998,0.009629313866789,0.00987180684418374,0.019501120710972743
GRC,1999,0.0130588580626187,0.00198866030782914,0.01504751837044784
GRC,2000,0.0133546527821898,0.0197360988211045,0.033090751603294305
GRC,2001,0.0112874774755469,0.0649733666395463,0.0762608441150932
GRC,2002,0.00980990510892056,0.0197361742314575,0.029546079340378062
GRC,2003,0.0105022680666136,0.0152116173513339,0.025713885417947502
GRC,2004,0.00714801086298945,0.127732962376609,0.13488097323959844
GRC,2005,0.00708735530947634,0.0805162493684375,0.08760360467791384
GRC,2006,0.00742397824982804,0.073717516404432,0.08114149465426004
GRC,2007,0.00892740548076249,0.107339355782328,0.11626676126309049
GRC,2008,0.00895179248423663,0.285542528941994,0.2944943214262306
GRC,2009,0.00617879736524479,0.0906402164911169,0.0968190138563617
GRC,2010,0.00698266907153845,0.171387580541614,0.17837024961315243
GRC,2011,0.00794899095274833,0.226405662397006,0.23435465334975433
GRC,2012,0.0107543767658334,0.119942051656813,0.1306964284226464
GRC,2013,0.0126266019019379,0.0522774115456617,0.0649040134475996
GRC,2014,0.0128224400200245,0.0422593092366313,0.0550817492566558
GRC,2015,0.0123464179841816,0.0292114264080917,0.0415578443922733
GRC,2016,0.0124685392830574,0.0233002303477616,0.035768769630819
GRC,2017,0.0140801305465245,0.0345671488209172,0.048647279367441704
GRC,2018,0.0130537021585132,0.0359092293054869,0.0489629314640001
GRC,2019,0.00955674982509031,0.019618445201312,0.029175195026402312
GRD,1995,0.0,0.0,0.0
GRD,1996,0.0,0.0,0.0
GRD,1997,0.0,0.0,0.0
GRD,1998,0.0,0.0,0.0
GRD,1999,0.0,0.0,0.0
GRD,2000,0.0,0.0,0.0
GRD,2001,0.0,0.0,0.0
GRD,2002,0.0,0.0,0.0
GRD,2003,0.0,0.0,0.0
GRD,2004,0.0,0.0,0.0
GRD,2005,0.0,0.0,0.0
GRD,2006,0.0,0.0,0.0
GRD,2007,0.0,0.0,0.0
GRD,2008,0.0,0.0,0.0
GRD,2009,0.0,0.0,0.0
GRD,2010,0.0,0.0,0.0
GRD,2011,0.0,0.0,0.0
GRD,2012,0.0,0.0,0.0
GRD,2013,0.0,0.0,0.0
GRD,2014,0.0,0.0,0.0
GRD,2015,0.0,0.0,0.0
GRD,2016,0.0,0.0,0.0
GRD,2017,0.0,0.0,0.0
GRD,2018,0.0,0.0,0.0
GRD,2019,0.0,0.0,0.0
GRL,1995,0.0,0.0,0.0
GRL,1996,0.0,0.0,0.0
GRL,1997,0.0,0.0,0.0
GRL,1998,0.0,0.0,0.0
GRL,1999,0.0,0.0,0.0
GRL,2000,0.0,0.0,0.0
GRL,2001,0.0,0.0,0.0
GRL,2002,0.0,0.0,0.0
GRL,2003,0.0,0.0,0.0
GRL,2004,0.0,0.0,0.0
GRL,2005,0.0,0.0,0.0
GRL,2006,0.0,0.0,0.0
GRL,2007,0.0,0.0,0.0
GRL,2008,0.0,0.0,0.0
GRL,2009,0.0,0.0,0.0
GRL,2010,0.0,0.0,0.0
GRL,2011,0.0,0.0,0.0
GRL,2012,0.0,0.0,0.0
GRL,2013,0.0,0.0,0.0
GRL,2014,0.0,0.0,0.0
GRL,2015,0.0,0.0,0.0
GRL,2016,0.0,0.0,0.0
GRL,2017,0.0,0.0,0.0
GRL,2018,0.0,0.0,0.0
GRL,2019,0.0,0.0,0.0
GTM,1995,1.36040192313683,0.0,1.36040192313683
GTM,1996,0.91357439581267,0.0,0.91357439581267
GTM,1997,1.08987577093115,0.0,1.08987577093115
GTM,1998,0.887971829230444,0.0,0.887971829230444
GTM,1999,0.8623944477202,0.0,0.8623944477202
GTM,2000,0.805690223228915,0.0,0.805690223228915
GTM,2001,0.86543116790805,0.0,0.86543116790805
GTM,2002,0.749258551604742,0.0,0.749258551604742
GTM,2003,0.746898280107875,0.0,0.746898280107875
GTM,2004,0.726917937596055,0.0,0.726917937596055
GTM,2005,0.644920186436473,0.0,0.644920186436473
GTM,2006,0.832078830336439,0.0,0.832078830336439
GTM,2007,0.778789432854998,0.0,0.778789432854998
GTM,2008,0.736644290570657,0.0,0.736644290570657
GTM,2009,0.767591429206855,0.0,0.767591429206855
GTM,2010,1.53514286279195,0.0,1.53514286279195
GTM,2011,1.1783167061548,0.0,1.1783167061548
GTM,2012,1.0715499454609,0.0,1.0715499454609
GTM,2013,1.37283099676065,0.0,1.37283099676065
GTM,2014,1.58356683665284,0.0,1.58356683665284
GTM,2015,1.15979900766278,0.0,1.15979900766278
GTM,2016,1.48066745078496,0.0,1.48066745078496
GTM,2017,1.19077831522059,0.0,1.19077831522059
GTM,2018,0.813409564189017,0.0,0.813409564189017
GTM,2019,0.707415076540027,0.0,0.707415076540027
GUM,1995,0.0,0.0,0.0
GUM,1996,0.0,0.0,0.0
GUM,1997,0.0,0.0,0.0
GUM,1998,0.0,0.0,0.0
GUM,1999,0.0,0.0,0.0
GUM,2000,0.0,0.0,0.0
GUM,2001,0.0,0.0,0.0
GUM,2002,0.0,0.0,0.0
GUM,2003,0.0,0.0,0.0
GUM,2004,0.0,0.0,0.0
GUM,2005,0.0,0.0,0.0
GUM,2006,0.0,0.0,0.0
GUM,2007,0.0,0.0,0.0
GUM,2008,0.0,0.0,0.0
GUM,2009,0.0,0.0,0.0
GUM,2010,0.0,0.0,0.0
GUM,2011,0.0,0.0,0.0
GUM,2012,0.0,0.0,0.0
GUM,2013,0.0,0.0,0.0
GUM,2014,0.0,0.0,0.0
GUM,2015,0.0,0.0,0.0
GUM,2016,0.0,0.0,0.0
GUM,2017,0.0,0.0,0.0
GUM,2018,0.0,0.0,0.0
GUM,2019,0.0,0.0,0.0
GUY,1995,20.8239304666753,0.0,20.8239304666753
GUY,1996,16.219754725435,0.0,16.219754725435
GUY,1997,16.1730934707529,0.0,16.1730934707529
GUY,1998,12.2223190283309,0.0,12.2223190283309
GUY,1999,11.6455082984641,0.0,11.6455082984641
GUY,2000,7.99236242459034,0.0,7.99236242459034
GUY,2001,8.49061487204408,0.0,8.49061487204408
GUY,2002,8.27374713573796,0.0,8.27374713573796
GUY,2003,9.50601931321641,0.0,9.50601931321641
GUY,2004,10.2150338832305,0.0,10.2150338832305
GUY,2005,10.709826959134,0.0,10.709826959134
GUY,2006,5.84460092890939,0.0,5.84460092890939
GUY,2007,5.71051895068992,0.0,5.71051895068992
GUY,2008,5.40224678237219,0.0,5.40224678237219
GUY,2009,5.0779680570502,0.0,5.0779680570502
GUY,2010,7.91981911075035,0.0,7.91981911075035
GUY,2011,6.75213812568389,0.0,6.75213812568389
GUY,2012,5.90154637106427,0.0,5.90154637106427
GUY,2013,7.01969109185797,0.0,7.01969109185797
GUY,2014,6.69739577692741,0.0,6.69739577692741
GUY,2015,5.3989248347037,0.0,5.3989248347037
GUY,2016,5.5197023419084,0.0,5.5197023419084
GUY,2017,4.94926274440586,0.0,4.94926274440586
GUY,2018,4.33010125958898,0.0,4.33010125958898
GUY,2019,3.45587704680829,0.0,3.45587704680829
HIC,1995,0.083845984508536,0.0712367560717227,0.1550827405802587
HIC,1996,0.0815179836809979,0.0749682539737587,0.1564862376547566
HIC,1997,0.0795770148651648,0.073420776478898,0.1529977913440628
HIC,1998,0.0651846122600652,0.0691624289546756,0.13434704121474078
HIC,1999,0.0659495450936658,0.051837469785517,0.1177870148791828
HIC,2000,0.0673031387239263,0.0622541444767835,0.1295572832007098
HIC,2001,0.0603264795997664,0.108494888267388,0.1688213678671544
HIC,2002,0.0594822939931106,0.0742252657460815,0.1337075597391921
HIC,2003,0.0587127851505493,0.0672848350297752,0.1259976201803245
HIC,2004,0.0548919541534759,0.160507874720805,0.21539982887428089
HIC,2005,0.0552545359428487,0.14143532774631,0.19668986368915872
HIC,2006,0.0577354095415916,0.146657090651623,0.2043925001932146
HIC,2007,0.0642504799110422,0.129629300240034,0.1938797801510762
HIC,2008,0.0576965918061848,0.389448547874246,0.4471451396804308
HIC,2009,0.0505134647881134,0.181093502236795,0.2316069670249084
HIC,2010,0.0586894982446168,0.261076476952797,0.3197659751974138
HIC,2011,0.0590920211648255,0.314639114783734,0.3737311359485595
HIC,2012,0.0548646042554463,0.19016739113994,0.24503199539538628
HIC,2013,0.0573845066579618,0.134619498279275,0.1920040049372368
HIC,2014,0.0590813531759403,0.112280944705211,0.1713622978811513
HIC,2015,0.0565334872444731,0.0846566013469121,0.1411900885913852
HIC,2016,0.0571867069437803,0.0813582633359561,0.1385449702797364
HIC,2017,0.0671915814998483,0.108958277101191,0.17614985860103932
HIC,2018,0.0643286095981659,0.116985873229011,0.18131448282717688
HIC,2019,0.0601669088580348,0.0852201826729798,0.1453870915310146
HKG,1995,0.00136552673598051,0.0,0.00136552673598051
HKG,1996,0.00147708433810758,0.0,0.00147708433810758
HKG,1997,0.00116430442658972,0.0,0.00116430442658972
HKG,1998,0.000972112419868324,0.0,0.000972112419868324
HKG,1999,0.000529482643712148,0.0,0.000529482643712148
HKG,2000,0.000500998268973069,0.0,0.000500998268973069
HKG,2001,0.000583448601205964,0.0,0.000583448601205964
HKG,2002,0.000657691895480615,0.0,0.000657691895480615
HKG,2003,0.000974241299658627,0.0,0.000974241299658627
HKG,2004,0.00102021918538856,0.0,0.00102021918538856
HKG,2005,0.000619914123345892,0.0,0.000619914123345892
HKG,2006,0.000665683842649037,0.0,0.000665683842649037
HKG,2007,0.000902723649257638,0.0,0.000902723649257638
HKG,2008,0.00145921493633856,0.0,0.00145921493633856
HKG,2009,0.00139045653813043,0.0,0.00139045653813043
HKG,2010,0.00143899970247423,0.0,0.00143899970247423
HKG,2011,0.001685104045771,0.0,0.001685104045771
HKG,2012,0.00133618156174012,0.0,0.00133618156174012
HKG,2013,0.00115085102216389,0.0,0.00115085102216389
HKG,2014,0.00156732005522711,0.0,0.00156732005522711
HKG,2015,0.00112573696095738,0.0,0.00112573696095738
HKG,2016,0.00121710243532478,0.0,0.00121710243532478
HKG,2017,0.00133648176365083,0.0,0.00133648176365083
HKG,2018,0.000660273054388513,0.0,0.000660273054388513
HKG,2019,0.000591937813505993,0.0,0.000591937813505993
HND,1995,2.44112956766535,0.0,2.44112956766535
HND,1996,1.95531636415436,0.0,1.95531636415436
HND,1997,2.32919584553638,0.0,2.32919584553638
HND,1998,1.85426721042511,0.0,1.85426721042511
HND,1999,1.68761400222431,0.0,1.68761400222431
HND,2000,1.37113446146867,0.0,1.37113446146867
HND,2001,1.31600285802932,0.0,1.31600285802932
HND,2002,1.33123796911296,0.0,1.33123796911296
HND,2003,1.21682443039075,0.0,1.21682443039075
HND,2004,1.14334492137147,0.0,1.14334492137147
HND,2005,1.04843925527013,0.0,1.04843925527013
HND,2006,1.25809014511116,0.0,1.25809014511116
HND,2007,1.15158384206009,0.0,1.15158384206009
HND,2008,1.07686374055148,0.0,1.07686374055148
HND,2009,0.908210979788668,0.0,0.908210979788668
HND,2010,1.83675935400602,0.0,1.83675935400602
HND,2011,1.4138229586041,0.0,1.4138229586041
HND,2012,1.2945886876331,0.0,1.2945886876331
HND,2013,1.70517520894673,0.0,1.70517520894673
HND,2014,2.00016004509279,0.0,2.00016004509279
HND,2015,1.45135837747734,0.0,1.45135837747734
HND,2016,1.85421965002139,0.0,1.85421965002139
HND,2017,1.59236944284216,0.0,1.59236944284216
HND,2018,1.07049474400365,0.0,1.07049474400365
HND,2019,0.915405073757307,0.0,0.915405073757307
HPC,1995,9.97537106214056,0.036083869014531,10.011454931155091
HPC,1996,9.03277233967587,0.0369630519063382,9.069735391582208
HPC,1997,8.09288528901065,0.034665937894697,8.127551226905348
HPC,1998,7.90709305706795,0.0347772557437084,7.941870312811658
HPC,1999,5.23587627919244,0.0254779743253364,5.261354253517776
HPC,2000,4.93571040666867,0.0231182709849877,4.958828677653657
HPC,2001,4.94575887958052,0.0306812532995315,4.976440132880051
HPC,2002,5.42491880345981,0.0286204295029075,5.453539232962717
HPC,2003,7.54892785760263,0.0231936268036831,7.5721214844063125
HPC,2004,5.77246722171665,0.0286722158027509,5.801139437519401
HPC,2005,5.36680759950062,0.0459669945408076,5.412774594041428
HPC,2006,4.70000500759975,0.044463972185503,4.744468979785253
HPC,2007,5.67954266389447,0.0290597389078598,5.708602402802329
HPC,2008,5.82709492905196,0.0797272154985133,5.906822144550473
HPC,2009,5.78887598471977,0.0458721015832993,5.834748086303069
HPC,2010,5.00656736806023,0.0600379619600409,5.066605330020271
HPC,2011,5.1952108023006,0.120074078813568,5.3152848811141675
HPC,2012,5.74691928231146,0.0966949239561176,5.843614206267577
HPC,2013,5.53571781677275,0.0720740845526249,5.607791901325375
HPC,2014,5.79099320358373,0.0614957554748043,5.852488959058534
HPC,2015,6.23256522842633,0.0466376678072908,6.279202896233621
HPC,2016,6.48829163564702,0.0508565723832208,6.53914820803024
HPC,2017,5.894841296399,0.111480878361684,6.006322174760684
HPC,2018,4.08429074568206,0.143938711786596,4.2282294574686565
HPC,2019,3.71523440108165,0.0842557577188007,3.7994901588004506
HRV,1995,0.224022991144287,0.000803513456912515,0.22482650460119952
HRV,1996,0.214022709972466,0.000425045738244058,0.21444775571071006
HRV,1997,0.231809419898513,0.000161538656006063,0.23197095855451907
HRV,1998,0.216663596118465,0.000180420269232278,0.2168440163876973
HRV,1999,0.246611442508672,5.9354622043972e-06,0.2466173779708764
HRV,2000,0.27396066444897,0.0,0.27396066444897
HRV,2001,0.20393112714838,0.0,0.20393112714838
HRV,2002,0.171152194105346,0.0,0.171152194105346
HRV,2003,0.182004604092313,0.0,0.182004604092313
HRV,2004,0.170636624417313,0.0,0.170636624417313
HRV,2005,0.167879414599719,0.0,0.167879414599719
HRV,2006,0.20127506090524,0.0,0.20127506090524
HRV,2007,0.201117288859576,0.0,0.201117288859576
HRV,2008,0.209750893951263,0.0,0.209750893951263
HRV,2009,0.184334765817354,0.0,0.184334765817354
HRV,2010,0.210971233267681,0.0,0.210971233267681
HRV,2011,0.281541972016793,0.0,0.281541972016793
HRV,2012,0.309752067878693,0.0,0.309752067878693
HRV,2013,0.292198540311346,0.0,0.292198540311346
HRV,2014,0.244827909549667,0.0,0.244827909549667
HRV,2015,0.24181425915839,0.0,0.24181425915839
HRV,2016,0.225492879866506,0.0,0.225492879866506
HRV,2017,0.278932187391255,0.0,0.278932187391255
HRV,2018,0.254506149251206,0.0,0.254506149251206
HRV,2019,0.241443273100307,0.0,0.241443273100307
HTI,1995,1.22519462633385,0.0,1.22519462633385
HTI,1996,0.942847807917707,0.0,0.942847807917707
HTI,1997,0.993751372688353,0.0,0.993751372688353
HTI,1998,0.778424833674881,0.0,0.778424833674881
HTI,1999,0.619396171409139,0.0,0.619396171409139
HTI,2000,0.349449568493596,0.0,0.349449568493596
HTI,2001,0.383295015006936,0.0,0.383295015006936
HTI,2002,0.396885022338016,0.0,0.396885022338016
HTI,2003,0.518316847636601,0.0,0.518316847636601
HTI,2004,0.415056574952732,0.0,0.415056574952732
HTI,2005,0.353534370526786,0.0,0.353534370526786
HTI,2006,0.474483984535321,0.0,0.474483984535321
HTI,2007,0.403575652806683,0.0,0.403575652806683
HTI,2008,0.399712731958641,0.0,0.399712731958641
HTI,2009,0.337463725935536,0.0,0.337463725935536
HTI,2010,0.665741356287765,0.0,0.665741356287765
HTI,2011,0.530247287448995,0.0,0.530247287448995
HTI,2012,0.493447395435744,0.0,0.493447395435744
HTI,2013,0.586507266755589,0.0,0.586507266755589
HTI,2014,0.699288591917661,0.0,0.699288591917661
HTI,2015,0.574767533630933,0.0,0.574767533630933
HTI,2016,0.790216838420377,0.0,0.790216838420377
HTI,2017,0.657342723836906,0.0,0.657342723836906
HTI,2018,0.44034486815939,0.0,0.44034486815939
HTI,2019,0.443318678876138,0.0,0.443318678876138
HUN,1995,0.165233350668384,0.0256208997191564,0.1908542503875404
HUN,1996,0.13473221592009,0.0150804081549205,0.1498126240750105
HUN,1997,0.148800149568093,0.00669989650878711,0.15550004607688012
HUN,1998,0.127330045863464,0.0113772195337846,0.1387072653972486
HUN,1999,0.156696738495156,0.00212204948900554,0.15881878798416155
HUN,2000,0.176419903952845,0.0191863099342225,0.19560621388706748
HUN,2001,0.130866206981173,0.0522983948198923,0.18316460180106528
HUN,2002,0.0996514816799081,0.0141056706557935,0.1137571523357016
HUN,2003,0.09828998677027,0.0119578490167246,0.1102478357869946
HUN,2004,0.0870438979957617,0.0754748708415126,0.16251876883727429
HUN,2005,0.0819343546534802,0.0360951692021791,0.1180295238556593
HUN,2006,0.0956360876682393,0.0374665109799343,0.13310259864817361
HUN,2007,0.0946588147218809,0.0516011540209868,0.1462599687428677
HUN,2008,0.0914322921520988,0.133720721436878,0.2251530135889768
HUN,2009,0.0947874228465941,0.0436050495743189,0.138392472420913
HUN,2010,0.101650565628247,0.0839110518810435,0.1855616175092905
HUN,2011,0.129566452385554,0.0989679723481183,0.2285344247336723
HUN,2012,0.124392834742611,0.0450027231696823,0.1693955579122933
HUN,2013,0.11957308211487,0.0220496152287439,0.1416226973436139
HUN,2014,0.107616152758387,0.0175487828267021,0.1251649355850891
HUN,2015,0.102111161599345,0.0122168490026972,0.1143280106020422
HUN,2016,0.091134689448651,0.0128823695198267,0.1040170589684777
HUN,2017,0.111355382946451,0.013561343875921,0.12491672682237201
HUN,2018,0.105035116695526,0.0126588854529878,0.11769400214851379
HUN,2019,0.0924560080129208,0.00790147754146911,0.1003574855543899
IBD,1995,0.674282605207736,0.260074465944753,0.9343570711524889
IBD,1996,0.591284528338301,0.177979166699094,0.769263695037395
IBD,1997,0.498641378463279,0.142593657065699,0.641235035528978
IBD,1998,0.443440492410831,0.139297980883368,0.582738473294199
IBD,1999,0.404673656908076,0.0900178848657456,0.4946915417738216
IBD,2000,0.358462919107195,0.13480347096261,0.493266390069805
IBD,2001,0.347700404560465,0.388799871264768,0.736500275825233
IBD,2002,0.374419652880942,0.198927017677758,0.5733466705587
IBD,2003,0.425985996823001,0.187525966667745,0.613511963490746
IBD,2004,0.307594628041701,1.03474563985567,1.342340267897371
IBD,2005,0.278902985258448,0.764735988479537,1.043638973737985
IBD,2006,0.299843456106401,0.762215875521371,1.062059331627772
IBD,2007,0.325910045152871,0.875673830531377,1.201583875684248
IBD,2008,0.329697459754456,2.1460053159798,2.475702775734256
IBD,2009,0.301578689987485,0.866194443595018,1.167773133582503
IBD,2010,0.315402672559658,1.29792064435562,1.6133233169152779
IBD,2011,0.278321140367367,1.68088176913683,1.9592029095041972
IBD,2012,0.263441094079692,0.930349056659378,1.19379015073907
IBD,2013,0.257260558780888,0.615236440936017,0.872496999716905
IBD,2014,0.283688519169915,0.487981481859754,0.771670001029669
IBD,2015,0.255508603401651,0.317490392663431,0.572998996065082
IBD,2016,0.267787634587085,0.343835494966063,0.611623129553148
IBD,2017,0.280667291439156,0.436435563929127,0.717102855368283
IBD,2018,0.250608816211525,0.501467839966743,0.752076656178268
IBD,2019,0.223594035288004,0.38352757700236,0.607121612290364
IBT,1995,1.05752624249278,0.243849419417557,1.301375661910337
IBT,1996,0.95425223147534,0.167229567443577,1.121481798918917
IBT,1997,0.819574186640464,0.13432627540795,0.9539004620484139
IBT,1998,0.797987124810402,0.130005413327267,0.927992538137669
IBT,1999,0.581230932323052,0.0864167968928634,0.6676477292159154
IBT,2000,0.519932249399394,0.127580323741998,0.647512573141392
IBT,2001,0.504794466347315,0.363966781924333,0.868761248271648
IBT,2002,0.559744468830025,0.186677952636707,0.7464224214667321
IBT,2003,0.689183452431318,0.175563460920122,0.8647469133514399
IBT,2004,0.500928490334042,0.958101361357111,1.4590298516911528
IBT,2005,0.450443372562472,0.711403898033808,1.16184727059628
IBT,2006,0.447828421213027,0.707924286457654,1.155752707670681
IBT,2007,0.502106707857834,0.815579854921467,1.317686562779301
IBT,2008,0.512446729319126,1.99776353698888,2.510210266308006
IBT,2009,0.486639273570591,0.80624593568991,1.292885209260501
IBT,2010,0.458931833862445,1.21148735332106,1.670419187183505
IBT,2011,0.420930212536858,1.57368802842024,1.9946182409570978
IBT,2012,0.413798902915683,0.871758206241517,1.2855571091572
IBT,2013,0.408981847323272,0.575622934730479,0.9846047820537509
IBT,2014,0.448334988066657,0.455439833753896,0.903774821820553
IBT,2015,0.434181191299333,0.295843183589727,0.73002437488906
IBT,2016,0.453877269974634,0.320602495828525,0.774479765803159
IBT,2017,0.451791514562425,0.410195262640826,0.861986777203251
IBT,2018,0.361226517482326,0.471362865071146,0.832589382553472
IBT,2019,0.330772326295393,0.357847454021559,0.688619780316952
IDA,1995,5.12438819425427,0.0712910646891838,5.195679258943454
IDA,1996,4.59878495920392,0.0590537167711033,4.657838675975023
IDA,1997,4.08707749154419,0.0499672411328129,4.137044732677003
IDA,1998,4.1321063063435,0.0424033415571638,4.174509647900664
IDA,1999,2.75484393286157,0.0419588062166395,2.7968027390782093
IDA,2000,2.40125623653652,0.043316472246771,2.444572708783291
IDA,2001,2.37638424379394,0.0677452667700075,2.4441295105639473
IDA,2002,2.62691291162047,0.0499062444284633,2.6768191560489334
IDA,2003,3.61426292856241,0.042616497910765,3.656879426473175
IDA,2004,2.69194220377585,0.0892095226648012,2.781151726440651
IDA,2005,2.44622192418635,0.0902786117765745,2.5365005359629245
IDA,2006,2.15622930533168,0.0806222246013537,2.2368515299330336
IDA,2007,2.65565917828652,0.0804830477197262,2.7361422260062462
IDA,2008,2.72889758189532,0.179697685388713,2.9085952672840327
IDA,2009,2.71739397880555,0.076535498384073,2.793929477189623
IDA,2010,2.27953117455618,0.104050896008988,2.383582070565168
IDA,2011,2.31708030219067,0.135291863498381,2.452372165689051
IDA,2012,2.43204396073225,0.0845991067334393,2.516643067465689
IDA,2013,2.37367659079436,0.0591844090969961,2.432860999891356
IDA,2014,2.48485922391648,0.050157033866037,2.5350162577825173
IDA,2015,2.56660273961321,0.0356926744710202,2.60229541408423
IDA,2016,2.70927894628902,0.0368451733863508,2.7461241196753705
IDA,2017,2.62478742263588,0.0743658989299054,2.6991533215657855
IDA,2018,1.7703525864888,0.0848479171819601,1.85520050367076
IDA,2019,1.58642694197548,0.0547913488278024,1.6412182908032824
IDB,1995,3.76941918098877,0.106290227115594,3.8757094081043637
IDB,1996,3.32742858101999,0.0803366048207489,3.407765185840739
IDB,1997,3.01283689282179,0.0664671946162887,3.0793040874380786
IDB,1998,3.12116127518041,0.0535412293003517,3.1747025044807615
IDB,1999,1.63840185437797,0.0700488519497664,1.7084507063277363
IDB,2000,1.3657595724869,0.0718100674633793,1.4375696399502793
IDB,2001,1.30876908529241,0.113591766813316,1.422360852105726
IDB,2002,1.41090354428495,0.0797478230783888,1.4906513673633388
IDB,2003,1.77486696703022,0.0683111905680309,1.8431781575982509
IDB,2004,1.22134478974682,0.147810363853012,1.3691551535998319
IDB,2005,1.13745712429477,0.13876756532448,1.27622468961925
IDB,2006,1.00188213705467,0.117050578260031,1.118932715314701
IDB,2007,1.21010611937275,0.122532309515032,1.332638428887782
IDB,2008,1.2597644805133,0.245134156656808,1.5048986371701079
IDB,2009,1.28711679161335,0.103517295265768,1.3906340868791178
IDB,2010,1.09472619231534,0.138575418972163,1.233301611287503
IDB,2011,1.07779016372622,0.159152231734123,1.236942395460343
IDB,2012,1.080592186301,0.0864326403521883,1.1670248266531882
IDB,2013,1.02978293440636,0.0594563865628498,1.08923932096921
IDB,2014,1.04287316247738,0.0500041002445466,1.0928772627219265
IDB,2015,1.09696508680606,0.0352891868766072,1.1322542736826673
IDB,2016,1.23458274756504,0.0346953083231025,1.2692780558881425
IDB,2017,1.35006371403732,0.0686856300641782,1.4187493441014982
IDB,2018,0.91196880400742,0.0661907183361866,0.9781595223436066
IDB,2019,0.877379436011901,0.0483328271121626,0.9257122631240636
IDN,1995,1.14651108062321,0.0928985178801877,1.2394095985033977
IDN,1996,1.06413663342743,0.0492629306815176,1.1133995641089476
IDN,1997,0.908787294518052,0.0313025440840591,0.940089838602111
IDN,1998,1.98084523427725,0.152844486270778,2.133689720548028
IDN,1999,1.02180590762094,0.0626538932019992,1.0844598008229391
IDN,2000,0.810785022440402,0.145482052623159,0.9562670750635609
IDN,2001,0.847823364426653,0.548841674832294,1.3966650392589468
IDN,2002,0.816662021127957,0.208241061983986,1.024903083111943
IDN,2003,0.893334947286473,0.175528949032094,1.068863896318567
IDN,2004,0.613864721157131,1.44210635007159,2.055971071228721
IDN,2005,0.558825492212828,1.04941966899745,1.608245161210278
IDN,2006,0.550897114610431,1.2053764582613,1.7562735728717311
IDN,2007,0.630347831250839,1.75211269953824,2.382460530789079
IDN,2008,0.761639031067053,3.71627865194879,4.477917683015843
IDN,2009,0.56787989411307,1.3782379938357,1.94611788794877
IDN,2010,0.461892591342216,2.0169329921964,2.4788255835386157
IDN,2011,0.441679564322813,3.04471491349847,3.486394477821283
IDN,2012,0.434247629983757,1.7625357897008,2.1967834196845573
IDN,2013,0.484377902702338,1.3065358403565,1.790913743058838
IDN,2014,0.603499545998423,1.07149977395183,1.674999319950253
IDN,2015,0.473955930536083,0.617867776842894,1.091823707378977
IDN,2016,0.424739208675108,0.656229604029038,1.080968812704146
IDN,2017,0.49902796405053,0.8515455771592,1.35057354120973
IDN,2018,0.487970158620755,1.07176983707974,1.559739995700495
IDN,2019,0.429369566307973,0.800234541340992,1.229604107648965
IDX,1995,6.90771140171539,0.0252668461397613,6.932978247855151
IDX,1996,6.5495789746027,0.0264305781696821,6.5760095527723825
IDX,1997,5.73986211209162,0.0246122522900392,5.764474364381659
IDX,1998,5.72029788667775,0.0249336001448494,5.7452314868225995
IDX,1999,3.71696222279869,0.0178217900956611,3.734784012894351
IDX,2000,3.37083030452037,0.0166401704269417,3.3874704749473117
IDX,2001,3.38882253659884,0.0242903277095259,3.4131128643083657
IDX,2002,3.80522511480163,0.0210000529999635,3.8262251678015935
IDX,2003,5.41064898359318,0.017490900336652,5.428139883929832
IDX,2004,4.22100875463575,0.0282844614116695,4.249293216047419
IDX,2005,3.83055140875438,0.0389938631432237,3.8695452718976036
IDX,2006,3.4507790467048,0.0397684448219362,3.490547491526736
IDX,2007,4.23235391889745,0.0346245191737091,4.26697843807116
IDX,2008,4.23160479074501,0.111357341127685,4.342962131872695
IDX,2009,4.06239867197201,0.0507298778293201,4.11312854980133
IDX,2010,3.41454172797745,0.0703915415416502,3.4849332695191
IDX,2011,3.52343363287564,0.111694135345135,3.635127768220775
IDX,2012,3.88563559805961,0.0826281561983371,3.968263754257947
IDX,2013,3.81817478822202,0.0588887383578713,3.8770635265798914
IDX,2014,4.06515226211783,0.0503266330077455,4.115478895125576
IDX,2015,4.10155118838043,0.0361201368735239,4.137671325253954
IDX,2016,4.08396158170964,0.0388794084097048,4.122840990119345
IDX,2017,3.75765891466128,0.0794897180664016,3.837148632727682
IDX,2018,2.52522640398421,0.101499978758713,2.6267263827429232
IDX,2019,2.31532442509433,0.0615300103804421,2.376854435474772
IMN,1995,0.0,0.0,0.0
IMN,1996,0.0,0.0,0.0
IMN,1997,0.0,0.0,0.0
IMN,1998,0.0,0.0,0.0
IMN,1999,0.0,0.0,0.0
IMN,2000,0.0,0.0,0.0
IMN,2001,0.0,0.0,0.0
IMN,2002,0.0,0.0,0.0
IMN,2003,0.0,0.0,0.0
IMN,2004,0.0,0.0,0.0
IMN,2005,0.0,0.0,0.0
IMN,2006,0.0,0.0,0.0
IMN,2007,0.0,0.0,0.0
IMN,2008,0.0,0.0,0.0
IMN,2009,0.0,0.0,0.0
IMN,2010,0.0,0.0,0.0
IMN,2011,0.0,0.0,0.0
IMN,2012,0.0,0.0,0.0
IMN,2013,0.0,0.0,0.0
IMN,2014,0.0,0.0,0.0
IMN,2015,0.0,0.0,0.0
IMN,2016,0.0,0.0,0.0
IMN,2017,0.0,0.0,0.0
IMN,2018,0.0,0.0,0.0
IMN,2019,0.0,0.0,0.0
IND,1995,0.489639439817092,0.863764803713199,1.3534042435302909
IND,1996,0.418741619953278,0.774428518220195,1.193170138173473
IND,1997,0.37887807678085,0.663859522737113,1.042737599517963
IND,1998,0.362634353284586,0.529120776697301,0.8917551299818869
IND,1999,0.385529816038304,0.367818969171655,0.753348785209959
IND,2000,0.339329702107667,0.493768594747216,0.833098296854883
IND,2001,0.328226824632097,0.803917719626811,1.132144544258908
IND,2002,0.37167372749704,0.568997608664759,0.940671336161799
IND,2003,0.339283734029848,0.573742461427988,0.913026195457836
IND,2004,0.242799599374048,1.35785293463509,1.600652534009138
IND,2005,0.211929548749124,1.09839598619948,1.310325534948604
IND,2006,0.282048662359145,1.10274899573459,1.384797658093735
IND,2007,0.30175770456514,1.18900229850656,1.4907600030717
IND,2008,0.299305173264026,2.84447501265705,3.1437801859210763
IND,2009,0.259203474370353,1.38813218734613,1.6473356617164832
IND,2010,0.376557740904705,1.63399933661428,2.010557077518985
IND,2011,0.351612910709262,2.00973994959679,2.361352860306052
IND,2012,0.309532653309943,1.48448439843746,1.794017051747403
IND,2013,0.279675793117373,1.21260035181289,1.492276144930263
IND,2014,0.265031117471257,0.982606993768469,1.2476381112397261
IND,2015,0.295004656271969,0.767869514330021,1.06287417060199
IND,2016,0.297938360808894,0.81269479010056,1.110633150909454
IND,2017,0.206793799609741,0.944480460585748,1.151274260195489
IND,2018,0.14883514234316,1.16154280861105,1.31037795095421
IND,2019,0.15588841907343,0.831651347921673,0.9875397669951029
INX,1995,0.0,0.0,0.0
INX,1996,0.0,0.0,0.0
INX,1997,0.0,0.0,0.0
INX,1998,0.0,0.0,0.0
INX,1999,0.0,0.0,0.0
INX,2000,0.0,0.0,0.0
INX,2001,0.0,0.0,0.0
INX,2002,0.0,0.0,0.0
INX,2003,0.0,0.0,0.0
INX,2004,0.0,0.0,0.0
INX,2005,0.0,0.0,0.0
INX,2006,0.0,0.0,0.0
INX,2007,0.0,0.0,0.0
INX,2008,0.0,0.0,0.0
INX,2009,0.0,0.0,0.0
INX,2010,0.0,0.0,0.0
INX,2011,0.0,0.0,0.0
INX,2012,0.0,0.0,0.0
INX,2013,0.0,0.0,0.0
INX,2014,0.0,0.0,0.0
INX,2015,0.0,0.0,0.0
INX,2016,0.0,0.0,0.0
INX,2017,0.0,0.0,0.0
INX,2018,0.0,0.0,0.0
INX,2019,0.0,0.0,0.0
IRL,1995,0.0425296210925748,3.47044118484074e-06,0.04253309153375964
IRL,1996,0.043324013581949,0.0,0.043324013581949
IRL,1997,0.0320521153335888,0.0,0.0320521153335888
IRL,1998,0.0309626747863588,0.0,0.0309626747863588
IRL,1999,0.0271376827349998,0.0,0.0271376827349998
IRL,2000,0.0263586287032027,0.0,0.0263586287032027
IRL,2001,0.0217082689858428,0.0,0.0217082689858428
IRL,2002,0.0244803343117295,0.0,0.0244803343117295
IRL,2003,0.0198485688790312,0.0,0.0198485688790312
IRL,2004,0.0138830290847123,0.0,0.0138830290847123
IRL,2005,0.0131855692668152,0.0,0.0131855692668152
IRL,2006,0.0137565311843079,0.0,0.0137565311843079
IRL,2007,0.0144544876598828,0.0,0.0144544876598828
IRL,2008,0.0130218787588503,0.0,0.0130218787588503
IRL,2009,0.0146412898671474,0.0,0.0146412898671474
IRL,2010,0.0182385851282773,0.0,0.0182385851282773
IRL,2011,0.0179375057531472,0.0,0.0179375057531472
IRL,2012,0.0165797187330951,0.0,0.0165797187330951
IRL,2013,0.0180737699465293,0.0,0.0180737699465293
IRL,2014,0.017581079973652,0.0,0.017581079973652
IRL,2015,0.0138740611546306,0.0,0.0138740611546306
IRL,2016,0.0142887835052026,0.0,0.0142887835052026
IRL,2017,0.0142275300536967,0.0,0.0142275300536967
IRL,2018,0.0179594813091044,0.0,0.0179594813091044
IRL,2019,0.0141042059529149,0.0,0.0141042059529149
IRN,1995,0.0349740615753274,0.00935568614158531,0.044329747716912705
IRN,1996,0.0351640037366231,0.00762702010426342,0.042791023840886525
IRN,1997,0.041562459498226,0.00736754594581021,0.04893000544403621
IRN,1998,0.0371764382651982,0.00907259710702086,0.04624903537221906
IRN,1999,0.0686379173669865,0.00237000176407814,0.07100791913106465
IRN,2000,0.0288636575172724,0.00362533401870033,0.032488991535972726
IRN,2001,0.0424309553559414,0.0076052063198428,0.0500361616757842
IRN,2002,0.0221846709604431,0.00784399323515275,0.03002866419559585
IRN,2003,0.0229485800206518,0.00482869722363294,0.02777727724428474
IRN,2004,0.00961466876477941,0.0115248494401764,0.021139518204955812
IRN,2005,0.00761245714169671,0.0214272817010313,0.029039738842728008
IRN,2006,0.00874409374566752,0.0222124920623487,0.030956585808016218
IRN,2007,0.00781872183205722,0.011983461167409,0.01980218299946622
IRN,2008,0.0123120646835903,0.0441506050715156,0.0564626697551059
IRN,2009,0.0122326996998762,0.019462552224609,0.0316952519244852
IRN,2010,0.0115312621774118,0.0177607864327432,0.029292048610154997
IRN,2011,0.00802825733251548,0.0223657016252693,0.03039395895778478
IRN,2012,0.00967818977753255,0.00931819065710996,0.01899638043464251
IRN,2013,0.0131930010768849,0.00681591549931996,0.02000891657620486
IRN,2014,0.0145731544822778,0.00469138231406816,0.01926453679634596
IRN,2015,0.00813360755191975,0.00314663086804457,0.01128023841996432
IRN,2016,0.00389787061932528,0.00372925001610146,0.00762712063542674
IRN,2017,0.00624742951953212,0.00630070612047797,0.01254813564001009
IRN,2018,0.0114754674012298,0.0108792652293042,0.022354732630534002
IRN,2019,0.0154943053759284,0.00989698080163411,0.02539128617756251
IRQ,1995,0.0147762976349147,0.0,0.0147762976349147
IRQ,1996,0.0222331676192691,0.0,0.0222331676192691
IRQ,1997,0.0154157033673847,0.0,0.0154157033673847
IRQ,1998,0.0200717817196401,0.0,0.0200717817196401
IRQ,1999,0.0151691871278275,0.0,0.0151691871278275
IRQ,2000,0.00534755387843191,0.0,0.00534755387843191
IRQ,2001,0.0108113815627769,0.0,0.0108113815627769
IRQ,2002,0.0113056750530011,0.0,0.0113056750530011
IRQ,2003,0.0179731278470439,0.0,0.0179731278470439
IRQ,2004,0.00762604252528926,0.0,0.00762604252528926
IRQ,2005,0.00553847396697654,0.0,0.00553847396697654
IRQ,2006,0.00537288142721544,0.0,0.00537288142721544
IRQ,2007,0.00394729645322439,0.0,0.00394729645322439
IRQ,2008,0.00475783509913608,0.0,0.00475783509913608
IRQ,2009,0.00566266253510917,0.0,0.00566266253510917
IRQ,2010,0.0056082744574052,0.0,0.0056082744574052
IRQ,2011,0.00428611494475304,0.0,0.00428611494475304
IRQ,2012,0.00413074883652446,0.0,0.00413074883652446
IRQ,2013,0.00363825804048242,0.0,0.00363825804048242
IRQ,2014,0.00467137767582277,0.0,0.00467137767582277
IRQ,2015,0.00537112133322724,0.0,0.00537112133322724
IRQ,2016,0.00373016075069816,0.0,0.00373016075069816
IRQ,2017,0.00473329211472927,0.0,0.00473329211472927
IRQ,2018,0.0033917245426733,0.0,0.0033917245426733
IRQ,2019,0.0040013414299578,0.0,0.0040013414299578
ISL,1995,0.0,0.0,0.0
ISL,1996,0.0,0.0,0.0
ISL,1997,0.0,0.0,0.0
ISL,1998,0.0,0.0,0.0
ISL,1999,0.0,0.0,0.0
ISL,2000,0.0,0.0,0.0
ISL,2001,0.0,0.0,0.0
ISL,2002,0.0,0.0,0.0
ISL,2003,0.0,0.0,0.0
ISL,2004,0.0,0.0,0.0
ISL,2005,0.0,0.0,0.0
ISL,2006,0.0,0.0,0.0
ISL,2007,0.0,0.0,0.0
ISL,2008,0.0,0.0,0.0
ISL,2009,0.0,0.0,0.0
ISL,2010,0.0,0.0,0.0
ISL,2011,0.000381433858879967,0.0,0.000381433858879967
ISL,2012,0.000359195529289947,0.0,0.000359195529289947
ISL,2013,0.000366094154813878,0.0,0.000366094154813878
ISL,2014,0.000347132787240568,0.0,0.000347132787240568
ISL,2015,0.000299591985536916,0.0,0.000299591985536916
ISL,2016,0.000252335387007271,0.0,0.000252335387007271
ISL,2017,0.000217386585292874,0.0,0.000217386585292874
ISL,2018,0.000196537396162221,0.0,0.000196537396162221
ISL,2019,0.000108843842062041,0.0,0.000108843842062041
ISR,1995,0.00229173710505701,0.0,0.00229173710505701
ISR,1996,0.00234817576489315,0.0,0.00234817576489315
ISR,1997,0.00231308713931109,0.0,0.00231308713931109
ISR,1998,0.00194142471857592,0.0,0.00194142471857592
ISR,1999,0.00273278131104281,0.0,0.00273278131104281
ISR,2000,0.00118293492760194,0.0,0.00118293492760194
ISR,2001,0.000359110262852424,0.0,0.000359110262852424
ISR,2002,0.000319499398335871,0.0,0.000319499398335871
ISR,2003,0.000280304584560241,0.0,0.000280304584560241
ISR,2004,0.000230109842474998,0.0,0.000230109842474998
ISR,2005,0.000200716026499564,0.0,0.000200716026499564
ISR,2006,0.000227134091006846,0.0,0.000227134091006846
ISR,2007,0.000207758817477013,0.0,0.000207758817477013
ISR,2008,0.000236692677513691,0.0,0.000236692677513691
ISR,2009,0.000222126079998543,0.0,0.000222126079998543
ISR,2010,0.00019341309070246,0.0,0.00019341309070246
ISR,2011,0.000173701414167584,0.0,0.000173701414167584
ISR,2012,0.000178926623069897,0.0,0.000178926623069897
ISR,2013,0.00015840501907979,0.0,0.00015840501907979
ISR,2014,0.000182947311629381,0.0,0.000182947311629381
ISR,2015,0.000224932761426383,0.0,0.000224932761426383
ISR,2016,0.000142740543405773,0.0,0.000142740543405773
ISR,2017,0.000342181524959691,0.0,0.000342181524959691
ISR,2018,0.000235872080935992,0.0,0.000235872080935992
ISR,2019,0.000204136091445515,0.0,0.000204136091445515
ITA,1995,0.0123704515929918,1.33304471651795e-05,0.01238378204015698
ITA,1996,0.0113381335756752,5.50714220953035e-06,0.011343640717884731
ITA,1997,0.0119948547819849,3.95683064204356e-06,0.011998811612626944
ITA,1998,0.0100384897732951,6.52631970413127e-06,0.01004501609299923
ITA,1999,0.00977552856941275,8.10020277874573e-07,0.009776338589690625
ITA,2000,0.0101437714413657,9.55690660531109e-07,0.010144727132026231
ITA,2001,0.00894834466217263,7.35012042924132e-05,0.009021845866465043
ITA,2002,0.0080201135865195,3.23734497505581e-05,0.008052487036270059
ITA,2003,0.00830381943683594,4.36295055277936e-05,0.008347448942363733
ITA,2004,0.00666155150619845,0.00011467987855159,0.006776231384750041
ITA,2005,0.00784843269779761,7.49835019329792e-05,0.007923416199730589
ITA,2006,0.00814373244676197,1.64753472770459e-05,0.008160207794039016
ITA,2007,0.00986821928729628,0.000174438843729731,0.01004265813102601
ITA,2008,0.0107612143709189,0.000384831277270786,0.011146045648189686
ITA,2009,0.0109670075185279,7.82261563599532e-05,0.011045233674887854
ITA,2010,0.0134471063472109,0.000211731529392601,0.0136588378766035
ITA,2011,0.0104522149474701,0.000222534799566464,0.010674749747036564
ITA,2012,0.00999785168223651,0.000101850524637561,0.010099702206874072
ITA,2013,0.0115696378459043,5.17984459721475e-05,0.011621436291876447
ITA,2014,0.0128058154183167,5.873478734035e-05,0.012864550205657051
ITA,2015,0.0119026384245058,5.64826682052003e-05,0.011959121092711
ITA,2016,0.0116027941689878,0.0,0.0116027941689878
ITA,2017,0.0102964352434856,0.0,0.0102964352434856
ITA,2018,0.0109482395857409,0.0,0.0109482395857409
ITA,2019,0.0125399040100598,0.0,0.0125399040100598
JAM,1995,0.237004249337363,0.0,0.237004249337363
JAM,1996,0.222552194022168,0.0,0.222552194022168
JAM,1997,0.189502652941683,0.0,0.189502652941683
JAM,1998,0.162699121824646,0.0,0.162699121824646
JAM,1999,0.143991606539966,0.0,0.143991606539966
JAM,2000,0.123956313740569,0.0,0.123956313740569
JAM,2001,0.12553383745512,0.0,0.12553383745512
JAM,2002,0.0924446099344572,0.0,0.0924446099344572
JAM,2003,0.10279010793927,0.0,0.10279010793927
JAM,2004,0.0931661599880931,0.0,0.0931661599880931
JAM,2005,0.0865905379764936,0.0,0.0865905379764936
JAM,2006,0.116813495222884,0.0,0.116813495222884
JAM,2007,0.123260219775625,0.0,0.123260219775625
JAM,2008,0.128659525689297,0.0,0.128659525689297
JAM,2009,0.140453476681224,0.0,0.140453476681224
JAM,2010,0.224589137919352,0.0,0.224589137919352
JAM,2011,0.184359354717998,0.0,0.184359354717998
JAM,2012,0.175271301807009,0.0,0.175271301807009
JAM,2013,0.221278910028189,0.0,0.221278910028189
JAM,2014,0.250121749801201,0.0,0.250121749801201
JAM,2015,0.214549127206141,0.0,0.214549127206141
JAM,2016,0.25611335219318,0.0,0.25611335219318
JAM,2017,0.225623463245554,0.0,0.225623463245554
JAM,2018,0.176007380129564,0.0,0.176007380129564
JAM,2019,0.151021002075915,0.0,0.151021002075915
JOR,1995,0.0324380254504318,0.0,0.0324380254504318
JOR,1996,0.0334151453385928,0.0,0.0334151453385928
JOR,1997,0.0269758829141336,0.0,0.0269758829141336
JOR,1998,0.0473544331982526,0.0,0.0473544331982526
JOR,1999,0.0234155247907544,0.0,0.0234155247907544
JOR,2000,0.0202447260964867,0.0,0.0202447260964867
JOR,2001,0.0225866929914885,0.0,0.0225866929914885
JOR,2002,0.0236567475009647,0.0,0.0236567475009647
JOR,2003,0.0315281380802488,0.0,0.0315281380802488
JOR,2004,0.0274482673663967,0.0,0.0274482673663967
JOR,2005,0.0252211211352424,0.0,0.0252211211352424
JOR,2006,0.0264541362723135,0.0,0.0264541362723135
JOR,2007,0.0221197505916142,0.0,0.0221197505916142
JOR,2008,0.0300624330537627,0.0,0.0300624330537627
JOR,2009,0.0277363477551247,0.0,0.0277363477551247
JOR,2010,0.0307813186294083,0.0,0.0307813186294083
JOR,2011,0.0329823454321127,0.0,0.0329823454321127
JOR,2012,0.0360811033118602,0.0,0.0360811033118602
JOR,2013,0.0282913016936188,0.0,0.0282913016936188
JOR,2014,0.0427721464845315,0.0,0.0427721464845315
JOR,2015,0.0377543675401241,0.0,0.0377543675401241
JOR,2016,0.0287839445088871,0.0,0.0287839445088871
JOR,2017,0.0349852608624619,0.0,0.0349852608624619
JOR,2018,0.017915922817882,0.0,0.017915922817882
JOR,2019,0.0235461561024244,0.0,0.0235461561024244
JPN,1995,0.0124983597092926,0.00027887956280974,0.01277723927210234
JPN,1996,0.0140408469820068,5.96883614161789e-05,0.014100535343422978
JPN,1997,0.0123625702572528,1.91404024602643e-05,0.012381710659713064
JPN,1998,0.0111952941364368,6.15213695853278e-05,0.011256815506022129
JPN,1999,0.00841188737171905,2.45388959504747e-05,0.008436426267669524
JPN,2000,0.0076441507883248,5.00017498872993e-05,0.007694152538212099
JPN,2001,0.00721410324047586,0.000409289026105401,0.007623392266581261
JPN,2002,0.00760690253722191,4.67064859272552e-05,0.007653609023149165
JPN,2003,0.00777473681393973,4.25530588203287e-05,0.007817289872760059
JPN,2004,0.0057486030934192,0.000570872179542008,0.006319475272961208
JPN,2005,0.00786506875311476,0.000377556029224638,0.008242624782339397
JPN,2006,0.00906273002621271,0.000465519876078042,0.009528249902290753
JPN,2007,0.0114936550776121,0.000740045469435431,0.01223370054704753
JPN,2008,0.0122020935310245,0.00168989576253766,0.01389198929356216
JPN,2009,0.0102615998710135,0.000473593601447198,0.010735193472460698
JPN,2010,0.00972314534310046,0.000820799341360047,0.010543944684460507
JPN,2011,0.00939955476025869,0.001126753484762,0.01052630824502069
JPN,2012,0.00945176740782279,0.000681640089152805,0.010133407496975595
JPN,2013,0.0129496354703832,0.000673584029783952,0.013623219500167153
JPN,2014,0.0157796146539137,0.000611340153897241,0.01639095480781094
JPN,2015,0.0174102631552034,0.000356434915133004,0.017766698070336404
JPN,2016,0.0171223078696739,0.000362610428641275,0.017484918298315173
JPN,2017,0.0289614300267575,0.000506496310013594,0.029467926336771092
JPN,2018,0.0248700671776733,0.000406308319759457,0.025276375497432755
JPN,2019,0.0238516334193079,0.000235295367441627,0.024086928786749527
KAZ,1995,0.0139292691612417,1.096277531173,1.1102068003342416
KAZ,1996,0.0132146070077911,0.877093606571069,0.8903082135788601
KAZ,1997,0.0127094434518223,0.636442221249353,0.6491516647011754
KAZ,1998,0.0,0.545506070842269,0.545506070842269
KAZ,1999,0.0325336690795293,0.283928508306016,0.31646217738554533
KAZ,2000,0.0325113909410202,0.763275560850573,0.7957869517915932
KAZ,2001,0.028336080585106,1.69987911925213,1.7282151998372361
KAZ,2002,0.0187505823980838,0.838526701281602,0.8572772836796858
KAZ,2003,0.0117085830519726,0.737882921244197,0.7495915042961696
KAZ,2004,0.0149279851552245,2.86683924781304,2.8817672329682646
KAZ,2005,0.0224274038666853,1.88738405653817,1.9098114604048555
KAZ,2006,0.00222919154327792,1.56920831525736,1.5714375068006379
KAZ,2007,0.00488007236673491,1.50666818196351,1.5115482543302448
KAZ,2008,0.00436103065667702,4.76760578272819,4.771966813384867
KAZ,2009,0.00559581760806284,1.774081648721,1.7796774663290629
KAZ,2010,0.00407682634738815,2.44766697370492,2.4517438000523084
KAZ,2011,0.00412796397196674,2.47402353369514,2.4781514976671066
KAZ,2012,0.00279425110740865,1.16307150777107,1.1658657588784787
KAZ,2013,0.0030904156741295,0.539678974748581,0.5427693904227104
KAZ,2014,0.0033452306647571,0.517573287575169,0.5209185182399261
KAZ,2015,0.00367005102167487,0.427727747530492,0.43139779855216687
KAZ,2016,0.00444596453984996,0.687792012117953,0.692237976657803
KAZ,2017,0.00472189539322341,0.837979080702583,0.8427009760958064
KAZ,2018,0.00549204299734424,0.93298984923782,0.9384818922351643
KAZ,2019,0.00619110671745899,0.65685203992523,0.663043146642689
KEN,1995,7.28361844459787,0.0,7.28361844459787
KEN,1996,5.48181943394512,0.0,5.48181943394512
KEN,1997,4.72565187724013,0.0,4.72565187724013
KEN,1998,4.5295990242235,0.0,4.5295990242235
KEN,1999,3.2591516094846,0.0,3.2591516094846
KEN,2000,3.2939312668332,0.0,3.2939312668332
KEN,2001,3.11757536220296,0.0,3.11757536220296
KEN,2002,3.71038196604641,0.0,3.71038196604641
KEN,2003,5.07217124187537,0.0,5.07217124187537
KEN,2004,4.11923475347896,0.0,4.11923475347896
KEN,2005,4.07052243650912,0.0,4.07052243650912
KEN,2006,2.94129728848533,0.0,2.94129728848533
KEN,2007,3.5750326294801,0.0,3.5750326294801
KEN,2008,3.63094992864317,0.0,3.63094992864317
KEN,2009,3.22119718867416,0.0,3.22119718867416
KEN,2010,2.58974019001637,0.0,2.58974019001637
KEN,2011,2.84004407347584,0.0,2.84004407347584
KEN,2012,2.75441905673988,0.0,2.75441905673988
KEN,2013,2.60001881730095,0.0,2.60001881730095
KEN,2014,2.61747761293723,0.0,2.61747761293723
KEN,2015,2.70047905075378,0.0,2.70047905075378
KEN,2016,2.64961337468745,0.0,2.64961337468745
KEN,2017,2.30924921167385,0.0,2.30924921167385
KEN,2018,1.35539656261205,0.0,1.35539656261205
KEN,2019,1.22058177853824,0.0,1.22058177853824
KGZ,1995,0.0,0.0402887332114325,0.0402887332114325
KGZ,1996,0.0,0.0195555351289102,0.0195555351289102
KGZ,1997,0.0234373683736765,0.0119171227264542,0.0353544911001307
KGZ,1998,0.024103727294855,0.016510213150811,0.040613940445666
KGZ,1999,0.0321717481867175,0.00371996867443088,0.035891716861148386
KGZ,2000,0.0355057695215399,0.03503197691603,0.07053774643756991
KGZ,2001,0.0268129674751675,0.119776193517,0.1465891609921675
KGZ,2002,0.0218905583634931,0.0391165928677559,0.061007151231249
KGZ,2003,0.0234986093439985,0.0305895344385065,0.054088143782505
KGZ,2004,0.0173572843800282,0.26902172298262,0.2863790073626482
KGZ,2005,0.0155997806742436,0.115019797922825,0.1306195785970686
KGZ,2006,0.0167261649637947,0.100806703723948,0.1175328686877427
KGZ,2007,0.0150355732532453,0.152101434131713,0.16713700738495832
KGZ,2008,0.0125567822242535,0.427096068416551,0.4396528506408045
KGZ,2009,0.0174578068678723,0.172862286981781,0.1903200938496533
KGZ,2010,0.0179756670650179,0.303050305289713,0.3210259723547309
KGZ,2011,0.0184545217442561,0.416326855099761,0.4347813768440171
KGZ,2012,0.0148808808078958,0.236331327157742,0.2512122079656378
KGZ,2013,0.0128733750870724,0.13882888823816,0.1517022633252324
KGZ,2014,0.0129570372911553,0.151111714831141,0.1640687521222963
KGZ,2015,0.0134427944958746,0.129856171145207,0.1432989656410816
KGZ,2016,0.0116820639625866,0.129937189552705,0.1416192535152916
KGZ,2017,0.0132169678178566,0.154626266886822,0.1678432347046786
KGZ,2018,0.0135917317488829,0.218169107095955,0.2317608388448379
KGZ,2019,0.0125077444121361,0.160152432876729,0.1726601772888651
KHM,1995,8.32675194752688,0.0,8.32675194752688
KHM,1996,8.26618207665232,0.0,8.26618207665232
KHM,1997,7.1281537497844,0.0,7.1281537497844
KHM,1998,6.55608221507239,0.0,6.55608221507239
KHM,1999,3.39355720847191,0.0,3.39355720847191
KHM,2000,2.46904397167855,0.0,2.46904397167855
KHM,2001,2.53091563396547,0.0,2.53091563396547
KHM,2002,2.59547615171282,0.0,2.59547615171282
KHM,2003,3.41050263145395,0.0,3.41050263145395
KHM,2004,3.20411639282305,0.0,3.20411639282305
KHM,2005,1.80881542802358,0.0,1.80881542802358
KHM,2006,1.80686995063803,0.0,1.80686995063803
KHM,2007,2.24551946036928,0.0,2.24551946036928
KHM,2008,3.09984061594357,0.0,3.09984061594357
KHM,2009,2.86278006732138,0.0,2.86278006732138
KHM,2010,2.69595952988072,0.0,2.69595952988072
KHM,2011,3.05094914293833,0.0,3.05094914293833
KHM,2012,2.30628839011523,0.0,2.30628839011523
KHM,2013,1.91421458050803,0.0,1.91421458050803
KHM,2014,2.54882052672262,0.0,2.54882052672262
KHM,2015,1.81768657277543,0.0,1.81768657277543
KHM,2016,1.84795765204296,0.0,1.84795765204296
KHM,2017,1.93556922546603,0.00178386081039408,1.937353086276424
KHM,2018,0.875316751600748,0.00292704173573828,0.8782437933364863
KHM,2019,0.712182796463877,0.00230289385566912,0.7144856903195462
KIR,1995,0.0789158190468108,0.0,0.0789158190468108
KIR,1996,0.0706208300301358,0.0,0.0706208300301358
KIR,1997,0.0607941580180495,0.0,0.0607941580180495
KIR,1998,0.0525232173565218,0.0,0.0525232173565218
KIR,1999,0.0272437902238661,0.0,0.0272437902238661
KIR,2000,0.0295842847533442,0.0,0.0295842847533442
KIR,2001,0.0375979466931401,0.0,0.0375979466931401
KIR,2002,0.0377433021241735,0.0,0.0377433021241735
KIR,2003,0.0450146573139441,0.0,0.0450146573139441
KIR,2004,0.0451763817247018,0.0,0.0451763817247018
KIR,2005,0.0279208944627771,0.0,0.0279208944627771
KIR,2006,0.0338018104231589,0.0,0.0338018104231589
KIR,2007,0.0433023683626024,0.0,0.0433023683626024
KIR,2008,0.07098350763928,0.0,0.07098350763928
KIR,2009,0.0731494190069756,0.0,0.0731494190069756
KIR,2010,0.0626677431300746,0.0,0.0626677431300746
KIR,2011,0.0736138842102225,0.0,0.0736138842102225
KIR,2012,0.0589178981070894,0.0,0.0589178981070894
KIR,2013,0.0557002717308784,0.0,0.0557002717308784
KIR,2014,0.0889050775265575,0.0,0.0889050775265575
KIR,2015,0.0732783582600832,0.0,0.0732783582600832
KIR,2016,0.0826063804854857,0.0,0.0826063804854857
KIR,2017,0.0929519614955758,0.0,0.0929519614955758
KIR,2018,0.0420866204186192,0.0,0.0420866204186192
KIR,2019,0.0427412418710569,0.0,0.0427412418710569
KNA,1995,0.0,0.0,0.0
KNA,1996,0.0,0.0,0.0
KNA,1997,0.0,0.0,0.0
KNA,1998,0.0,0.0,0.0
KNA,1999,0.0,0.0,0.0
KNA,2000,0.0,0.0,0.0
KNA,2001,0.0,0.0,0.0
KNA,2002,0.0,0.0,0.0
KNA,2003,0.0,0.0,0.0
KNA,2004,0.0,0.0,0.0
KNA,2005,0.0,0.0,0.0
KNA,2006,0.0,0.0,0.0
KNA,2007,0.0,0.0,0.0
KNA,2008,0.0,0.0,0.0
KNA,2009,0.0,0.0,0.0
KNA,2010,0.0,0.0,0.0
KNA,2011,0.0,0.0,0.0
KNA,2012,0.0,0.0,0.0
KNA,2013,0.0,0.0,0.0
KNA,2014,0.0,0.0,0.0
KNA,2015,0.0,0.0,0.0
KNA,2016,0.0,0.0,0.0
KNA,2017,0.0,0.0,0.0
KNA,2018,0.0,0.0,0.0
KNA,2019,0.0,0.0,0.0
KOR,1995,0.016782228321508,0.00190322670663266,0.01868545502814066
KOR,1996,0.0145819691009423,0.000300720950208986,0.014882690051151285
KOR,1997,0.0128462576198014,0.000134744388963122,0.01298100200876452
KOR,1998,0.0190244963597231,0.00061156393988642,0.01963606029960952
KOR,1999,0.011935328993035,0.000204308915007702,0.012139637908042702
KOR,2000,0.00993841715341444,0.0010203696930801,0.010958786846494541
KOR,2001,0.0107693542579364,0.00749057493559151,0.01825992919352791
KOR,2002,0.0105115467243726,0.000690341283667374,0.011201888008039975
KOR,2003,0.0121404352286928,0.000571790932514606,0.012712226161207407
KOR,2004,0.0114326826399799,0.00758358462468118,0.01901626726466108
KOR,2005,0.00992540092193947,0.00379756362562064,0.013722964547560109
KOR,2006,0.0102827102355315,0.00364942166096732,0.01393213189649882
KOR,2007,0.0130861343816692,0.00578023391303985,0.01886636829470905
KOR,2008,0.0197673926807201,0.015710328504768,0.0354777211854881
KOR,2009,0.0231847276462609,0.00491665109229314,0.02810137873855404
KOR,2010,0.0157304647609605,0.00667028166354928,0.02240074642450978
KOR,2011,0.0148264887157308,0.00866865320454893,0.02349514192027973
KOR,2012,0.0154826378449259,0.00481877575087728,0.020301413595803182
KOR,2013,0.0163144416223366,0.0028374905082032,0.0191519321305398
KOR,2014,0.0171590251462527,0.00204256397687853,0.01920158912313123
KOR,2015,0.0147317001307185,0.0011509345645292,0.0158826346952477
KOR,2016,0.0139031415280003,0.00123764220447531,0.015140783732475611
KOR,2017,0.0179390624320357,0.00136736003257122,0.019306422464606923
KOR,2018,0.016438046525388,0.00116307142139939,0.017601117946787388
KOR,2019,0.0154088493340387,0.000847332735118339,0.01625618206915704
KWT,1995,0.000257082885724837,0.0,0.000257082885724837
KWT,1996,0.000217487040786063,0.0,0.000217487040786063
KWT,1997,0.000240908994731348,0.0,0.000240908994731348
KWT,1998,0.000455741632327831,0.0,0.000455741632327831
KWT,1999,0.000349860561850805,0.0,0.000349860561850805
KWT,2000,0.000283594360217399,0.0,0.000283594360217399
KWT,2001,0.000347997033731128,0.0,0.000347997033731128
KWT,2002,0.000360449462699941,0.0,0.000360449462699941
KWT,2003,0.000416081873389723,0.0,0.000416081873389723
KWT,2004,0.000331442421149268,0.0,0.000331442421149268
KWT,2005,0.000245157069446747,0.0,0.000245157069446747
KWT,2006,0.000241711870463669,0.0,0.000241711870463669
KWT,2007,0.000200385769009277,0.0,0.000200385769009277
KWT,2008,0.000277277015199177,0.0,0.000277277015199177
KWT,2009,0.00038065470921068,0.0,0.00038065470921068
KWT,2010,0.000423796580816382,0.0,0.000423796580816382
KWT,2011,0.000369165248551607,0.0,0.000369165248551607
KWT,2012,0.000379643443508407,0.0,0.000379643443508407
KWT,2013,0.000318577502808652,0.0,0.000318577502808652
KWT,2014,0.000545830372516933,0.0,0.000545830372516933
KWT,2015,0.000721635659169802,0.0,0.000721635659169802
KWT,2016,0.000592378338661855,0.0,0.000592378338661855
KWT,2017,0.000670439644698328,0.0,0.000670439644698328
KWT,2018,0.000300957010645904,0.0,0.000300957010645904
KWT,2019,0.000415263714116295,0.0,0.000415263714116295
LAC,1995,0.416306599264735,0.00851457148440709,0.4248211707491421
LAC,1996,0.333689423905117,0.00450512450370168,0.3381945484088187
LAC,1997,0.309430124551608,0.00302649036717921,0.31245661491878723
LAC,1998,0.272344139743636,0.00194478312015664,0.27428892286379264
LAC,1999,0.295216071280496,0.000618301566679334,0.29583437284717534
LAC,2000,0.222261591260611,0.000679612973621917,0.22294120423423294
LAC,2001,0.227649995974439,0.00847788612887941,0.2361278821033184
LAC,2002,0.295003933055923,0.00239407045778351,0.2973980035137065
LAC,2003,0.323056754823855,0.00269380995192763,0.3257505647757826
LAC,2004,0.254336415005512,0.0769299145203184,0.3312663295258304
LAC,2005,0.22550522355741,0.0493842150071941,0.2748894385646041
LAC,2006,0.261420120738673,0.0531582332290977,0.3145783539677707
LAC,2007,0.264008048950857,0.0768426034636576,0.3408506524145146
LAC,2008,0.253437257969128,0.198785063892043,0.45222232186117106
LAC,2009,0.275081759397497,0.0621777621006259,0.33725952149812294
LAC,2010,0.358831084457579,0.104928035224625,0.463759119682204
LAC,2011,0.298981055496849,0.149249796274546,0.448230851771395
LAC,2012,0.306562741476732,0.0916101821397725,0.3981729236165045
LAC,2013,0.347868773973547,0.0660756230441543,0.4139443970177013
LAC,2014,0.366761311945875,0.0524625373170764,0.4192238492629514
LAC,2015,0.400274015076493,0.0431768556220505,0.4434508706985435
LAC,2016,0.484274608092915,0.053054559475773,0.537329167568688
LAC,2017,0.449089312246737,0.0624045259601823,0.5114938382069193
LAC,2018,0.434694566744402,0.0699235076873041,0.5046180744317061
LAC,2019,0.368056718831951,0.0519631129584034,0.4200198317903544
LAO,1995,9.05209671713853,0.00305415326609464,9.055150870404626
LAO,1996,8.52381022158863,0.000678560835778018,8.524488782424408
LAO,1997,7.63914334940498,0.000327941027817584,7.639471290432798
LAO,1998,8.55336164340946,0.0324937835582029,8.585855426967663
LAO,1999,5.11481902765556,0.0193122136142919,5.134131241269852
LAO,2000,3.98002467263242,0.0445899933144997,4.0246146659469195
LAO,2001,4.45222579615322,0.104442091245031,4.556667887398251
LAO,2002,4.74233157631651,0.0685645442274591,4.810896120543969
LAO,2003,5.68715480863349,0.0515999609543647,5.738754769587855
LAO,2004,5.04923483984754,0.297933282046325,5.347168121893866
LAO,2005,3.2659618532618,0.191304258857786,3.4572661121195862
LAO,2006,3.26671513334511,0.169639597729574,3.436354731074684
LAO,2007,3.8924387313394,0.433645537959031,4.326084269298431
LAO,2008,4.84161486952125,0.556859052832542,5.3984739223537925
LAO,2009,4.06024879587667,0.215514625203559,4.275763421080229
LAO,2010,3.96567750708735,0.397807012077435,4.363484519164785
LAO,2011,4.4855549308167,0.463089061823866,4.948643992640566
LAO,2012,3.42906992113894,0.22963196538877,3.65870188652771
LAO,2013,3.19297130511819,0.0,3.19297130511819
LAO,2014,4.15344387600155,0.0,4.15344387600155
LAO,2015,2.78329524594104,0.0,2.78329524594104
LAO,2016,2.66611565616279,0.0,2.66611565616279
LAO,2017,2.61008665283784,0.0,2.61008665283784
LAO,2018,1.60636140612663,0.0,1.60636140612663
LAO,2019,1.42057799518842,0.0,1.42057799518842
LBN,1995,0.00989850046330912,0.0,0.00989850046330912
LBN,1996,0.00887618405007525,0.0,0.00887618405007525
LBN,1997,0.00754430121687888,0.0,0.00754430121687888
LBN,1998,0.00913906725096581,0.0,0.00913906725096581
LBN,1999,0.00147158951802311,0.0,0.00147158951802311
LBN,2000,0.00160712397308317,0.0,0.00160712397308317
LBN,2001,0.00153542622167633,0.0,0.00153542622167633
LBN,2002,0.00137292195937972,0.0,0.00137292195937972
LBN,2003,0.00160303958190996,0.0,0.00160303958190996
LBN,2004,0.00145705625851701,0.0,0.00145705625851701
LBN,2005,0.00137623351454346,0.0,0.00137623351454346
LBN,2006,0.00162400349088944,0.0,0.00162400349088944
LBN,2007,0.00137813978532232,0.0,0.00137813978532232
LBN,2008,0.00189663557109102,0.0,0.00189663557109102
LBN,2009,0.00190954318912001,0.0,0.00190954318912001
LBN,2010,0.00188079916555357,0.0,0.00188079916555357
LBN,2011,0.00193498198500856,0.0,0.00193498198500856
LBN,2012,0.00190477725937707,0.0,0.00190477725937707
LBN,2013,0.0015553293883068,0.0,0.0015553293883068
LBN,2014,0.00229376123243399,0.0,0.00229376123243399
LBN,2015,0.00228828375146288,0.0,0.00228828375146288
LBN,2016,0.0013728364357897,0.0,0.0013728364357897
LBN,2017,0.00199555625750973,0.0,0.00199555625750973
LBN,2018,0.00106750721286952,0.0,0.00106750721286952
LBN,2019,0.00131340504601898,0.0,0.00131340504601898
LBR,1995,0.0,0.0,0.0
LBR,1996,0.0,0.0,0.0
LBR,1997,0.0,0.0,0.0
LBR,1998,0.0,0.0,0.0
LBR,1999,0.0,0.0,0.0
LBR,2000,17.8350965177307,0.0,17.8350965177307
LBR,2001,17.2395800812434,0.0,17.2395800812434
LBR,2002,23.8880090830016,0.0,23.8880090830016
LBR,2003,34.1741484800942,0.0,34.1741484800942
LBR,2004,19.7725867665806,0.0,19.7725867665806
LBR,2005,20.0488562160195,0.0,20.0488562160195
LBR,2006,17.6442018959285,0.0,17.6442018959285
LBR,2007,21.4360664933649,0.0,21.4360664933649
LBR,2008,21.4723570976293,0.0,21.4723570976293
LBR,2009,21.7927736606451,0.0,21.7927736606451
LBR,2010,17.9510944458158,0.0,17.9510944458158
LBR,2011,17.4676272397432,0.0,17.4676272397432
LBR,2012,17.8845884314922,0.0,17.8845884314922
LBR,2013,16.6884841167255,0.0,16.6884841167255
LBR,2014,18.4789387903565,0.0,18.4789387903565
LBR,2015,19.1299777213272,0.0,19.1299777213272
LBR,2016,19.592202926753,0.0,19.592202926753
LBR,2017,20.0292148785597,0.0,20.0292148785597
LBR,2018,14.0250297312743,0.0,14.0250297312743
LBR,2019,14.2604895547102,0.0,14.2604895547102
LBY,1995,0.0472452488542207,0.0,0.0472452488542207
LBY,1996,0.0480464676908442,0.0,0.0480464676908442
LBY,1997,0.0460160843840728,0.0,0.0460160843840728
LBY,1998,0.0660350989011699,0.0,0.0660350989011699
LBY,1999,0.042507298769548,0.0,0.042507298769548
LBY,2000,0.0243819376068251,0.0,0.0243819376068251
LBY,2001,0.0366301530184635,0.0,0.0366301530184635
LBY,2002,0.0622127196862004,0.0,0.0622127196862004
LBY,2003,0.0593117737934373,0.0,0.0593117737934373
LBY,2004,0.0398855413348862,0.0,0.0398855413348862
LBY,2005,0.0278309721711951,0.0,0.0278309721711951
LBY,2006,0.027406617469483,0.0,0.027406617469483
LBY,2007,0.0233291046717325,0.0,0.0233291046717325
LBY,2008,0.0326259550260565,0.0,0.0326259550260565
LBY,2009,0.0463801016367676,0.0,0.0463801016367676
LBY,2010,0.04564164200233,0.0,0.04564164200233
LBY,2011,0.0787430965478931,0.0,0.0787430965478931
LBY,2012,0.0471390878188543,0.0,0.0471390878188543
LBY,2013,0.0511875207182889,0.0,0.0511875207182889
LBY,2014,0.0982474044007786,0.0,0.0982474044007786
LBY,2015,0.102943521305577,0.0,0.102943521305577
LBY,2016,0.0756973661667981,0.0,0.0756973661667981
LBY,2017,0.0735583020106559,0.0,0.0735583020106559
LBY,2018,0.0412422352220792,0.0,0.0412422352220792
LBY,2019,0.0589350917271918,0.0,0.0589350917271918
LCA,1995,0.0160082469418573,0.0,0.0160082469418573
LCA,1996,0.0114865782856756,0.0,0.0114865782856756
LCA,1997,0.0156353334470298,0.0,0.0156353334470298
LCA,1998,0.012500182728039,0.0,0.012500182728039
LCA,1999,0.0102278901654394,0.0,0.0102278901654394
LCA,2000,0.0103818193524413,0.0,0.0103818193524413
LCA,2001,0.0108995599318409,0.0,0.0108995599318409
LCA,2002,0.00976368630541872,0.0,0.00976368630541872
LCA,2003,0.00955262139236899,0.0,0.00955262139236899
LCA,2004,0.00923644702272921,0.0,0.00923644702272921
LCA,2005,0.00854642315722339,0.0,0.00854642315722339
LCA,2006,0.011003542472601,0.0,0.011003542472601
LCA,2007,0.0107765868867244,0.0,0.0107765868867244
LCA,2008,0.0106419166715498,0.0,0.0106419166715498
LCA,2009,0.00993011381194443,0.0,0.00993011381194443
LCA,2010,0.0213939960854132,0.0,0.0213939960854132
LCA,2011,0.0171733829693113,0.0,0.0171733829693113
LCA,2012,0.0164637996812387,0.0,0.0164637996812387
LCA,2013,0.0211912988549864,0.0,0.0211912988549864
LCA,2014,0.0254436551499196,0.0,0.0254436551499196
LCA,2015,0.0186627705111545,0.0,0.0186627705111545
LCA,2016,0.0242375524260307,0.0,0.0242375524260307
LCA,2017,0.0188680203388547,0.0,0.0188680203388547
LCA,2018,0.0120179605482605,0.0,0.0120179605482605
LCA,2019,0.0105301058741755,0.0,0.0105301058741755
LCN,1995,0.426143414577943,0.00823596817504442,0.43437938275298743
LCN,1996,0.34135422563954,0.00406268557426072,0.3454169112138007
LCN,1997,0.314011870972868,0.00265108581927073,0.3166629567921387
LCN,1998,0.274303545080927,0.00169608432840042,0.27599962940932743
LCN,1999,0.293904035215376,0.000529159881853759,0.29443319509722976
LCN,2000,0.218403762504144,0.000582749303727877,0.21898651180787188
LCN,2001,0.225059614872331,0.0078910111720839,0.2329506260444149
LCN,2002,0.295167394584422,0.00203565230387433,0.2972030468882963
LCN,2003,0.31417776986731,0.00229457122680686,0.31647234109411687
LCN,2004,0.249802104274641,0.0793651949313993,0.3291672992060403
LCN,2005,0.225931337509316,0.0492337339100371,0.2751650714193531
LCN,2006,0.260374458888548,0.0517200041097196,0.3120944629982676
LCN,2007,0.269074960173721,0.0744760804745097,0.3435510406482307
LCN,2008,0.262996245884866,0.185851760714612,0.448848006599478
LCN,2009,0.276356593955891,0.0551950732525805,0.3315516672084715
LCN,2010,0.36179947985322,0.0935711759881002,0.4553706558413202
LCN,2011,0.307555533923258,0.13399409912606,0.44154963304931805
LCN,2012,0.307463473002663,0.0800190898510284,0.3874825628536914
LCN,2013,0.355601619984456,0.059046081083033,0.414647701067489
LCN,2014,0.378080321642147,0.0473672839644545,0.4254476056066015
LCN,2015,0.42712454768085,0.0393389903521018,0.4664635380329518
LCN,2016,0.504404266835033,0.0477894349152124,0.5521937017502454
LCN,2017,0.479570162376754,0.0564033032471401,0.5359734656238941
LCN,2018,0.464565158178692,0.0626243799934672,0.5271895381721592
LCN,2019,0.396531855491756,0.0463065601375557,0.4428384156293117
LDC,1995,7.97819297419823,0.0303167836756334,8.008509757873863
LDC,1996,7.58903834130287,0.0321378514434251,7.621176192746295
LDC,1997,6.6223214245772,0.030235045601553,6.652556470178753
LDC,1998,6.73281805982139,0.0311803587391275,6.763998418560517
LDC,1999,4.34780443833863,0.0223359264474651,4.370140364786096
LDC,2000,3.84520647832298,0.0200001709437446,3.8652066492667245
LDC,2001,3.90671404624336,0.0288030770473673,3.9355171232907273
LDC,2002,4.23369910478622,0.0244350660904379,4.258134170876658
LDC,2003,5.9803680084332,0.0201681375997062,6.000536146032906
LDC,2004,4.56912961737541,0.0303336141520495,4.5994632315274595
LDC,2005,4.02933446973635,0.0425827196853977,4.071917189421748
LDC,2006,3.59356228042449,0.0434025114115729,3.6369647918360632
LDC,2007,4.37946941135201,0.0362621040740801,4.415731515426089
LDC,2008,4.37557924463422,0.0879142505281409,4.463493495162361
LDC,2009,4.28814659442038,0.0461738731375163,4.334320467557896
LDC,2010,3.58005695699781,0.0614034955605174,3.641460452558327
LDC,2011,3.65834646872615,0.104880996309502,3.7632274650356523
LDC,2012,3.86680959355861,0.0799532378450946,3.9467628314037047
LDC,2013,3.77253254752661,0.058940581196299,3.8314731287229087
LDC,2014,3.97878426540991,0.0498787362849738,4.028663001694884
LDC,2015,4.1937613797514,0.0370122286096822,4.2307736083610825
LDC,2016,4.34938484580338,0.0413323484322562,4.390717194235636
LDC,2017,3.94719998860711,0.0863278087071713,4.033527797314282
LDC,2018,2.64921592205456,0.110474624285587,2.7596905463401473
LDC,2019,2.43892101711402,0.0660804241080342,2.5050014412220545
LIC,1995,8.45579189337717,0.0044888365020084,8.460280729879178
LIC,1996,8.90645933138367,0.00393205096983044,8.9103913823535
LIC,1997,7.89494524283975,0.00282067872632064,7.89776592156607
LIC,1998,8.18097562321033,0.00214422362181949,8.183119846832149
LIC,1999,5.22950202375749,0.00146200320061279,5.2309640269581035
LIC,2000,4.25345700139882,0.00183018354448468,4.255287184943304
LIC,2001,4.43399278076949,0.00289468712546912,4.436887467894959
LIC,2002,4.74107049693735,0.00225474564403883,4.743325242581388
LIC,2003,6.62447582147562,0.00262201328042372,6.627097834756044
LIC,2004,4.94184810011112,0.00577856932583803,4.947626669436958
LIC,2005,4.48314033546909,0.00310600108471319,4.486246336553804
LIC,2006,4.00232242436789,0.00369457234404524,4.006016996711935
LIC,2007,4.7865854995988,0.00656743384148098,4.793152933440282
LIC,2008,4.75565661211545,0.0147304772991747,4.7703870894146245
LIC,2009,4.68105681176591,0.0080373328507714,4.689094144616682
LIC,2010,3.8764060806902,0.0157726414340014,3.8921787221242017
LIC,2011,4.22920300795957,0.0971914085679446,4.326394416527514
LIC,2012,5.31125127473934,0.121279753205184,5.432531027944524
LIC,2013,5.68422311959328,0.103880754389329,5.788103873982609
LIC,2014,5.94804725078332,0.0899819568955726,6.038029207678893
LIC,2015,6.4902517002718,0.0707730887488425,6.561024789020643
LIC,2016,7.66684513011473,0.0913033203527824,7.7581484504675124
LIC,2017,7.23085666964093,0.2260290957625,7.45688576540343
LIC,2018,5.15108009555641,0.308360790572804,5.459440886129214
LIC,2019,5.03849608033503,0.187530321070659,5.226026401405688
LIE,1995,0.010176303597128,0.0,0.010176303597128
LIE,1996,0.00727531598244424,0.0,0.00727531598244424
LIE,1997,0.00657140669186758,0.0,0.00657140669186758
LIE,1998,0.00569133630721569,0.0,0.00569133630721569
LIE,1999,0.00200898229436154,0.0,0.00200898229436154
LIE,2000,0.00936390166869675,0.0,0.00936390166869675
LIE,2001,0.00843356599945969,0.0,0.00843356599945969
LIE,2002,0.00940294319900605,0.0,0.00940294319900605
LIE,2003,0.00882996396874573,0.0,0.00882996396874573
LIE,2004,0.0068004142295357,0.0,0.0068004142295357
LIE,2005,0.00660421107495562,0.0,0.00660421107495562
LIE,2006,0.00842264824176702,0.0,0.00842264824176702
LIE,2007,0.00943234681920636,0.0,0.00943234681920636
LIE,2008,0.0109235111204393,0.0,0.0109235111204393
LIE,2009,0.00978668467181032,0.0,0.00978668467181032
LIE,2010,0.00924063538213154,0.0,0.00924063538213154
LIE,2011,0.00817289068062751,0.0,0.00817289068062751
LIE,2012,0.00655238694776474,0.0,0.00655238694776474
LIE,2013,0.0052938315075899,0.0,0.0052938315075899
LIE,2014,0.00599288437231091,0.0,0.00599288437231091
LIE,2015,0.00194110894161873,0.0,0.00194110894161873
LIE,2016,0.00207232625568761,0.0,0.00207232625568761
LIE,2017,0.00186506931005221,0.0,0.00186506931005221
LIE,2018,0.00327838093890037,0.0,0.00327838093890037
LIE,2019,0.00179668932945333,0.0,0.00179668932945333
LKA,1995,0.387053556444352,0.0,0.387053556444352
LKA,1996,0.353077482876767,0.0,0.353077482876767
LKA,1997,0.211594304589763,0.0,0.211594304589763
LKA,1998,0.188090082261484,0.0,0.188090082261484
LKA,1999,0.214152119083607,0.0,0.214152119083607
LKA,2000,0.190956032913517,0.0,0.190956032913517
LKA,2001,0.196220474071304,0.0,0.196220474071304
LKA,2002,0.203787939938968,0.0,0.203787939938968
LKA,2003,0.196684504988527,0.0,0.196684504988527
LKA,2004,0.147494466742975,0.0,0.147494466742975
LKA,2005,0.124198914028397,0.0,0.124198914028397
LKA,2006,0.162930010162095,0.0,0.162930010162095
LKA,2007,0.194017494974032,0.0,0.194017494974032
LKA,2008,0.147832338718912,0.0,0.147832338718912
LKA,2009,0.136566998387137,0.0,0.136566998387137
LKA,2010,0.175688137587163,0.0,0.175688137587163
LKA,2011,0.15250009604207,0.0,0.15250009604207
LKA,2012,0.127718975347721,0.0,0.127718975347721
LKA,2013,0.106321227860955,0.0,0.106321227860955
LKA,2014,0.102351700174992,0.0,0.102351700174992
LKA,2015,0.113006674989995,0.0,0.113006674989995
LKA,2016,0.118449762933188,0.0,0.118449762933188
LKA,2017,0.0871648448031587,0.0,0.0871648448031587
LKA,2018,0.06304340976071,0.0,0.06304340976071
LKA,2019,0.0722571812304566,0.0,0.0722571812304566
LMC,1995,1.86231918097862,0.334566001200683,2.1968851821793027
LMC,1996,1.70008112916784,0.284175503871604,1.984256633039444
LMC,1997,1.48688581810965,0.243572375881005,1.7304581939906551
LMC,1998,1.53083224089642,0.194783117695818,1.7256153585922378
LMC,1999,0.824038675753456,0.159319329577863,0.983358005331319
LMC,2000,0.762063885179912,0.20659032915913,0.968654214339042
LMC,2001,0.743020877125369,0.350543832859817,1.093564709985186
LMC,2002,0.828405526227197,0.245925980021514,1.0743315062487109
LMC,2003,1.0258859714957,0.254774394335804,1.280660365831504
LMC,2004,0.768651562534012,0.647894942813826,1.416546505347838
LMC,2005,0.685528550178362,0.525390041436459,1.210918591614821
LMC,2006,0.683035963433305,0.515128193831168,1.198164157264473
LMC,2007,0.79441500471522,0.596786230890636,1.3912012356058558
LMC,2008,0.890229077443315,1.27248183024835,2.162710907691665
LMC,2009,0.812020728782594,0.64268871701577,1.454709445798364
LMC,2010,0.775583597974504,0.803588322324068,1.5791719202985721
LMC,2011,0.769885254450612,0.969292806433835,1.739178060884447
LMC,2012,0.752163304751363,0.660526193263452,1.412689498014815
LMC,2013,0.715294898483089,0.513601557977711,1.2288964564608
LMC,2014,0.765467011784595,0.423024636671488,1.188491648456083
LMC,2015,0.74141084355272,0.33511390149635,1.07652474504907
LMC,2016,0.754997188475008,0.370167982227557,1.125165170702565
LMC,2017,0.735130029752352,0.463287167921712,1.1984171976740638
LMC,2018,0.514193617025166,0.553386863064112,1.067580480089278
LMC,2019,0.494845868264151,0.385286547819588,0.8801324160837389
LMY,1995,1.10235788019181,0.248248383381844,1.350606263573654
LMY,1996,0.984758909646306,0.164299226652458,1.149058136298764
LMY,1997,0.833798614185011,0.132776334080023,0.966574948265034
LMY,1998,0.80663343139569,0.126920462668493,0.933553894064183
LMY,1999,0.557218875366478,0.085079300986032,0.64229817635251
LMY,2000,0.496446727243281,0.125825639532844,0.622272366776125
LMY,2001,0.48748366425729,0.36983149466827,0.85731515892556
LMY,2002,0.547800966959809,0.184560614391453,0.732361581351262
LMY,2003,0.677576393009597,0.17661721778512,0.854193610794717
LMY,2004,0.483825107743814,1.01775541247763,1.501580520221444
LMY,2005,0.440246059114733,0.75141861012059,1.191664669235323
LMY,2006,0.445508719995986,0.761298958531535,1.206807678527521
LMY,2007,0.502555425626463,0.904573971504974,1.407129397131437
LMY,2008,0.530359131674754,2.1883109514137,2.718670083088454
LMY,2009,0.488260760510373,0.861170789746352,1.349431550256725
LMY,2010,0.460268122152074,1.30588331738891,1.7661514395409839
LMY,2011,0.419748256518416,1.72140901639955,2.1411572729179658
LMY,2012,0.412558004393412,0.957550951349333,1.370108955742745
LMY,2013,0.405680567000351,0.638625244994475,1.044305811994826
LMY,2014,0.442823053438808,0.495861823476476,0.938684876915284
LMY,2015,0.411216536716778,0.304977053435599,0.716193590152377
LMY,2016,0.43037824647569,0.327500283137393,0.757878529613083
LMY,2017,0.428713414710159,0.420575971074492,0.8492893857846511
LMY,2018,0.33987562825012,0.48447630957378,0.8243519378239
LMY,2019,0.312479405110387,0.365938646353858,0.678418051464245
LSO,1995,4.06747678186792,0.0,4.06747678186792
LSO,1996,4.42866982662492,0.0,4.42866982662492
LSO,1997,4.03080585288478,0.0,4.03080585288478
LSO,1998,4.62753146057726,0.0,4.62753146057726
LSO,1999,3.37253238663395,0.0,3.37253238663395
LSO,2000,3.45870923985656,0.0,3.45870923985656
LSO,2001,3.61294719864822,0.0,3.61294719864822
LSO,2002,4.64972989607064,0.0,4.64972989607064
LSO,2003,5.46817367450901,0.0,5.46817367450901
LSO,2004,3.85504573954824,0.0,3.85504573954824
LSO,2005,3.46065787841255,0.0,3.46065787841255
LSO,2006,3.06843905736909,0.0,3.06843905736909
LSO,2007,5.0525676359588,0.0,5.0525676359588
LSO,2008,5.45904125705999,0.0,5.45904125705999
LSO,2009,5.90302783789186,0.0,5.90302783789186
LSO,2010,3.93439968984273,0.0,3.93439968984273
LSO,2011,3.88951380908295,0.0,3.88951380908295
LSO,2012,4.7058759222187,0.0,4.7058759222187
LSO,2013,5.10158145699247,0.0,5.10158145699247
LSO,2014,5.59052228450031,0.0,5.59052228450031
LSO,2015,6.21135692867531,0.0,6.21135692867531
LSO,2016,7.27012601835192,0.0,7.27012601835192
LSO,2017,6.29773888103094,0.0,6.29773888103094
LSO,2018,3.60958084633478,0.0,3.60958084633478
LSO,2019,3.73425482845294,0.0,3.73425482845294
LTE,1995,0.807074998205549,0.183416654465778,0.990491652671327
LTE,1996,0.692987823365986,0.087855938942451,0.780843762308437
LTE,1997,0.579753548447724,0.0645333933978874,0.6442869418456114
LTE,1998,0.497264588150259,0.0862706339700947,0.5835352221203537
LTE,1999,0.48428594683329,0.0482479241820552,0.5325338710153452
LTE,2000,0.432056502439326,0.0899554453693934,0.5220119478087194
LTE,2001,0.408317987916834,0.403124635650655,0.811442623567489
LTE,2002,0.408177148343012,0.15845635155426,0.566633499897272
LTE,2003,0.473292367147537,0.132551654825882,0.6058440219734189
LTE,2004,0.342628282447942,1.17366602534051,1.516294307788452
LTE,2005,0.308709632748794,0.857362975752651,1.166072608501445
LTE,2006,0.32055407656852,0.8416957446461,1.16224982121462
LTE,2007,0.358373590747684,0.954605512534691,1.312979103282375
LTE,2008,0.34619047208381,2.4019292132378,2.7481196853216097
LTE,2009,0.319695104323958,0.937363143509438,1.2570582478333958
LTE,2010,0.32917380526427,1.46353333558334,1.79270714084761
LTE,2011,0.283586138457283,1.87520051128297,2.158786649740253
LTE,2012,0.266644202469063,0.992273294764128,1.258917497233191
LTE,2013,0.254000429366791,0.615017643666977,0.869018073033768
LTE,2014,0.27775793432049,0.479784543898046,0.757542478218536
LTE,2015,0.240860708604035,0.289339527226896,0.530200235830931
LTE,2016,0.252721087324946,0.306646106793312,0.5593671941182581
LTE,2017,0.276667427595606,0.394814093412717,0.6714815210083229
LTE,2018,0.248025701277244,0.437498289478928,0.685523990756172
LTE,2019,0.215792286207757,0.340105094962835,0.555897381170592
LTU,1995,1.3521091732188,0.0,1.3521091732188
LTU,1996,1.25051467338504,0.0,1.25051467338504
LTU,1997,0.88365794702913,0.0,0.88365794702913
LTU,1998,0.653535515241548,0.0,0.653535515241548
LTU,1999,0.710360734778868,0.0,0.710360734778868
LTU,2000,0.657243165462163,0.0,0.657243165462163
LTU,2001,0.593577237447843,0.0,0.593577237447843
LTU,2002,0.511066864176344,0.0,0.511066864176344
LTU,2003,0.495587211728695,0.0,0.495587211728695
LTU,2004,0.441751083809341,0.0,0.441751083809341
LTU,2005,0.391063533661301,0.0,0.391063533661301
LTU,2006,0.386222248962889,0.0,0.386222248962889
LTU,2007,0.36899966627528,0.0,0.36899966627528
LTU,2008,0.319020219473437,0.0,0.319020219473437
LTU,2009,0.3303576107812,0.0,0.3303576107812
LTU,2010,0.444399073634748,0.0,0.444399073634748
LTU,2011,0.441104602702902,0.0,0.441104602702902
LTU,2012,0.405870637283716,0.0,0.405870637283716
LTU,2013,0.377498286214361,0.0,0.377498286214361
LTU,2014,0.37324321317975,0.0,0.37324321317975
LTU,2015,0.327502058308449,0.0,0.327502058308449
LTU,2016,0.319623616534637,0.0,0.319623616534637
LTU,2017,0.385285598105187,0.0,0.385285598105187
LTU,2018,0.351605803322247,0.0,0.351605803322247
LTU,2019,0.317308048932071,0.0,0.317308048932071
LUX,1995,0.0182970118168961,0.0,0.0182970118168961
LUX,1996,0.0189317592423706,0.0,0.0189317592423706
LUX,1997,0.0160989433345421,0.0,0.0160989433345421
LUX,1998,0.0174167394238165,0.0,0.0174167394238165
LUX,1999,0.0174432275436708,0.0,0.0174432275436708
LUX,2000,0.0190086228380903,0.0,0.0190086228380903
LUX,2001,0.0187875662300189,0.0,0.0187875662300189
LUX,2002,0.0172526782204699,0.0,0.0172526782204699
LUX,2003,0.0150664520035236,0.0,0.0150664520035236
LUX,2004,0.00965720131113687,0.0,0.00965720131113687
LUX,2005,0.009842585563947,0.0,0.009842585563947
LUX,2006,0.0116592667887084,0.0,0.0116592667887084
LUX,2007,0.0145508924000938,0.0,0.0145508924000938
LUX,2008,0.0142032529848065,0.0,0.0142032529848065
LUX,2009,0.01388653183711,0.0,0.01388653183711
LUX,2010,0.0174728891170373,0.0,0.0174728891170373
LUX,2011,0.015185232981227,0.0,0.015185232981227
LUX,2012,0.013340026610924,0.0,0.013340026610924
LUX,2013,0.0095537089381304,0.0,0.0095537089381304
LUX,2014,0.0116539868977013,0.0,0.0116539868977013
LUX,2015,0.0121647269251085,0.0,0.0121647269251085
LUX,2016,0.0100663139177463,0.0,0.0100663139177463
LUX,2017,0.00960957126949073,0.0,0.00960957126949073
LUX,2018,0.0131614123128893,0.0,0.0131614123128893
LUX,2019,0.00887356762506664,0.0,0.00887356762506664
LVA,1995,2.44180951754329,0.0,2.44180951754329
LVA,1996,2.53584473218075,0.0,2.53584473218075
LVA,1997,2.11836519777713,0.0,2.11836519777713
LVA,1998,1.92134622351435,0.0,1.92134622351435
LVA,1999,2.83041483508877,0.0,2.83041483508877
LVA,2000,2.59232171929407,0.0,2.59232171929407
LVA,2001,2.08081083066916,0.0,2.08081083066916
LVA,2002,1.73987716796356,0.0,1.73987716796356
LVA,2003,1.74608259393462,0.0,1.74608259393462
LVA,2004,1.57913673808513,0.0,1.57913673808513
LVA,2005,1.30160542972423,0.0,1.30160542972423
LVA,2006,1.16231070981732,0.0,1.16231070981732
LVA,2007,0.953538071520019,0.0,0.953538071520019
LVA,2008,0.656987605561244,0.0,0.656987605561244
LVA,2009,0.839140410401527,0.0,0.839140410401527
LVA,2010,1.21927163209873,0.0,1.21927163209873
LVA,2011,1.23759391411225,0.0,1.23759391411225
LVA,2012,1.2936727049797,0.0,1.2936727049797
LVA,2013,1.05452046128301,0.0,1.05452046128301
LVA,2014,1.04193524551335,0.0,1.04193524551335
LVA,2015,0.96882721597682,0.0,0.96882721597682
LVA,2016,0.964459176738095,0.0,0.964459176738095
LVA,2017,1.1708609951596,0.0,1.1708609951596
LVA,2018,0.993976242728764,0.0,0.993976242728764
LVA,2019,1.13001985532043,0.0,1.13001985532043
MAC,1995,0.0026598693592288,0.0,0.0026598693592288
MAC,1996,0.00272245739392018,0.0,0.00272245739392018
MAC,1997,0.0024700951416263,0.0,0.0024700951416263
MAC,1998,0.00206941045661232,0.0,0.00206941045661232
MAC,1999,0.00114701339124268,0.0,0.00114701339124268
MAC,2000,0.00109989412783637,0.0,0.00109989412783637
MAC,2001,0.0012515633431334,0.0,0.0012515633431334
MAC,2002,0.00129294906675416,0.0,0.00129294906675416
MAC,2003,0.00166554584265641,0.0,0.00166554584265641
MAC,2004,0.00142006573846366,0.0,0.00142006573846366
MAC,2005,0.000813289697051987,0.0,0.000813289697051987
MAC,2006,0.000762848827837186,0.0,0.000762848827837186
MAC,2007,0.000914438870209263,0.0,0.000914438870209263
MAC,2008,0.00134690575890845,0.0,0.00134690575890845
MAC,2009,0.00122316242318777,0.0,0.00122316242318777
MAC,2010,0.000905336110860392,0.0,0.000905336110860392
MAC,2011,0.000918692177244038,0.0,0.000918692177244038
MAC,2012,0.000637773144866662,0.0,0.000637773144866662
MAC,2013,0.0005215709086089,0.0,0.0005215709086089
MAC,2014,0.000707754579992928,0.0,0.000707754579992928
MAC,2015,0.000676701941454292,0.0,0.000676701941454292
MAC,2016,0.000766339291005204,0.0,0.000766339291005204
MAC,2017,0.000816577243915305,0.0,0.000816577243915305
MAC,2018,0.000378495372010862,0.0,0.000378495372010862
MAC,2019,0.000345302748769397,0.0,0.000345302748769397
MAF,1995,0.0,0.0,0.0
MAF,1996,0.0,0.0,0.0
MAF,1997,0.0,0.0,0.0
MAF,1998,0.0,0.0,0.0
MAF,1999,0.0,0.0,0.0
MAF,2000,0.0,0.0,0.0
MAF,2001,0.0,0.0,0.0
MAF,2002,0.0,0.0,0.0
MAF,2003,0.0,0.0,0.0
MAF,2004,0.0,0.0,0.0
MAF,2005,0.0,0.0,0.0
MAF,2006,0.0,0.0,0.0
MAF,2007,0.0,0.0,0.0
MAF,2008,0.0,0.0,0.0
MAF,2009,0.0,0.0,0.0
MAF,2010,0.0,0.0,0.0
MAF,2011,0.0,0.0,0.0
MAF,2012,0.0,0.0,0.0
MAF,2013,0.0,0.0,0.0
MAF,2014,0.0,0.0,0.0
MAF,2015,0.0,0.0,0.0
MAF,2016,0.0,0.0,0.0
MAF,2017,0.0,0.0,0.0
MAF,2018,0.0,0.0,0.0
MAF,2019,0.0,0.0,0.0
MAR,1995,0.276332876729823,0.0118332933823331,0.28816617011215606
MAR,1996,0.267324262740892,0.00551396203314793,0.2728382247740399
MAR,1997,0.257631729872137,0.00214832567135911,0.2597800555434961
MAR,1998,0.362653289666907,0.00173086491005379,0.36438415457696083
MAR,1999,0.206986569572042,1.97664646532024e-07,0.20698676723668855
MAR,2000,0.166686658825676,0.000330792270591261,0.16701745109626726
MAR,2001,0.196357108599301,5.52658321011586e-05,0.19641237443140216
MAR,2002,0.181682245548865,0.0,0.181682245548865
MAR,2003,0.197001395825051,0.0,0.197001395825051
MAR,2004,0.157033141728211,0.00113018455248217,0.15816332628069318
MAR,2005,0.145865966357905,0.000393674908270451,0.14625964126617544
MAR,2006,0.164138751759762,0.000128482825881006,0.16426723458564302
MAR,2007,0.1336884622777,0.0,0.1336884622777
MAR,2008,0.198355289561574,0.0,0.198355289561574
MAR,2009,0.186574281041964,0.0,0.186574281041964
MAR,2010,0.216628768174571,0.0,0.216628768174571
MAR,2011,0.223143714328967,0.0,0.223143714328967
MAR,2012,0.260590604857879,0.0,0.260590604857879
MAR,2013,0.205257416480863,0.0,0.205257416480863
MAR,2014,0.281398504022271,0.0,0.281398504022271
MAR,2015,0.276275193355075,0.0,0.276275193355075
MAR,2016,0.207352282076776,0.0,0.207352282076776
MAR,2017,0.240173421922609,0.0,0.240173421922609
MAR,2018,0.123267027080312,0.0,0.123267027080312
MAR,2019,0.158956085793289,0.0,0.158956085793289
MCO,1995,0.0,0.0,0.0
MCO,1996,0.0,0.0,0.0
MCO,1997,0.0,0.0,0.0
MCO,1998,0.0,0.0,0.0
MCO,1999,0.0,0.0,0.0
MCO,2000,0.0,0.0,0.0
MCO,2001,0.0,0.0,0.0
MCO,2002,0.0,0.0,0.0
MCO,2003,0.0,0.0,0.0
MCO,2004,0.0,0.0,0.0
MCO,2005,0.0,0.0,0.0
MCO,2006,0.0,0.0,0.0
MCO,2007,0.0,0.0,0.0
MCO,2008,0.0,0.0,0.0
MCO,2009,0.0,0.0,0.0
MCO,2010,0.0,0.0,0.0
MCO,2011,0.0,0.0,0.0
MCO,2012,0.0,0.0,0.0
MCO,2013,0.0,0.0,0.0
MCO,2014,0.0,0.0,0.0
MCO,2015,0.0,0.0,0.0
MCO,2016,0.0,0.0,0.0
MCO,2017,0.0,0.0,0.0
MCO,2018,0.0,0.0,0.0
MCO,2019,0.0,0.0,0.0
MDA,1995,0.275849746620919,0.0,0.275849746620919
MDA,1996,0.264972870509423,0.0,0.264972870509423
MDA,1997,0.244486831190922,0.0,0.244486831190922
MDA,1998,0.214373240329363,0.0,0.214373240329363
MDA,1999,0.326741184758464,0.0,0.326741184758464
MDA,2000,0.268480210772503,0.0,0.268480210772503
MDA,2001,0.186926611436212,0.0,0.186926611436212
MDA,2002,0.203024388166527,0.0,0.203024388166527
MDA,2003,0.236771215774469,0.0,0.236771215774469
MDA,2004,0.188553996194082,0.0,0.188553996194082
MDA,2005,0.156357384996323,0.0,0.156357384996323
MDA,2006,0.172095276465195,0.0,0.172095276465195
MDA,2007,0.147510393453266,0.0,0.147510393453266
MDA,2008,0.120457000877806,0.0,0.120457000877806
MDA,2009,0.136743347235972,0.0,0.136743347235972
MDA,2010,0.0913786171518213,0.0,0.0913786171518213
MDA,2011,0.102797843282732,0.0,0.102797843282732
MDA,2012,0.116366132840054,0.0,0.116366132840054
MDA,2013,0.242647103892061,0.0,0.242647103892061
MDA,2014,0.275155591837714,0.0,0.275155591837714
MDA,2015,0.31600770734607,0.0,0.31600770734607
MDA,2016,0.259923223099085,0.0,0.259923223099085
MDA,2017,0.251239502377678,0.0,0.251239502377678
MDA,2018,0.249202760058751,0.0,0.249202760058751
MDA,2019,0.239470257131583,0.0,0.239470257131583
MDG,1995,7.72049113129899,0.0,7.72049113129899
MDG,1996,6.09735800210785,0.0,6.09735800210785
MDG,1997,5.98331520097745,0.0,5.98331520097745
MDG,1998,5.71421020260953,0.0,5.71421020260953
MDG,1999,3.51090026668123,0.0,3.51090026668123
MDG,2000,3.28311953021778,0.0,3.28311953021778
MDG,2001,2.78738585949357,0.0,2.78738585949357
MDG,2002,3.50534579179508,0.0,3.50534579179508
MDG,2003,5.21855839818452,0.0,5.21855839818452
MDG,2004,6.15954217323474,0.0,6.15954217323474
MDG,2005,5.46519263328718,0.0,5.46519263328718
MDG,2006,5.62204187652251,0.0,5.62204187652251
MDG,2007,6.43417442529821,0.0,6.43417442529821
MDG,2008,5.80556100159194,0.0,5.80556100159194
MDG,2009,6.87733920979639,0.0,6.87733920979639
MDG,2010,5.68747856738867,0.0,5.68747856738867
MDG,2011,5.5749453029126,0.000322260550655754,5.575267563463256
MDG,2012,6.40089316102634,0.000419342345868383,6.401312503372208
MDG,2013,6.23357590435031,0.000503807061428649,6.234079711411739
MDG,2014,7.09219196743408,0.000428259605667876,7.092620227039748
MDG,2015,8.54403808,0.000163962299589566,8.54420204229959
MDG,2016,8.71432923238448,0.000131585329685599,8.714460817714166
MDG,2017,7.5442035718252,7.3058283026749e-06,7.544210877653502
MDG,2018,4.70033922077114,0.0,4.70033922077114
MDG,2019,4.6145813792411,0.0,4.6145813792411
MDV,1995,0.012285604764237,0.0,0.012285604764237
MDV,1996,0.0111959054937224,0.0,0.0111959054937224
MDV,1997,0.00853294180739179,0.0,0.00853294180739179
MDV,1998,0.00807364291587961,0.0,0.00807364291587961
MDV,1999,0.00752318143606623,0.0,0.00752318143606623
MDV,2000,0.00742343669238901,0.0,0.00742343669238901
MDV,2001,0.00541799207244732,0.0,0.00541799207244732
MDV,2002,0.00534464674615868,0.0,0.00534464674615868
MDV,2003,0.00515848513798669,0.0,0.00515848513798669
MDV,2004,0.00468462465671591,0.0,0.00468462465671591
MDV,2005,0.00491991010429973,0.0,0.00491991010429973
MDV,2006,0.00500854447381244,0.0,0.00500854447381244
MDV,2007,0.00733172126018647,0.0,0.00733172126018647
MDV,2008,0.00555485342934417,0.0,0.00555485342934417
MDV,2009,0.00529407472213314,0.0,0.00529407472213314
MDV,2010,0.00896594439349319,0.0,0.00896594439349319
MDV,2011,0.00907113430846529,0.0,0.00907113430846529
MDV,2012,0.00753577980631292,0.0,0.00753577980631292
MDV,2013,0.0053091845265809,0.0,0.0053091845265809
MDV,2014,0.00517496156762446,0.0,0.00517496156762446
MDV,2015,0.00586919819938419,0.0,0.00586919819938419
MDV,2016,0.00663326999058831,0.0,0.00663326999058831
MDV,2017,0.00525091904016801,0.0,0.00525091904016801
MDV,2018,0.00258396462676911,0.0,0.00258396462676911
MDV,2019,0.00274890529404401,0.0,0.00274890529404401
MEA,1995,0.0786199438876317,0.0072105243380542,0.08583046822568591
MEA,1996,0.0764906498856635,0.00566731912884786,0.08215796901451136
MEA,1997,0.0723819940845654,0.00415350562584967,0.07653549971041507
MEA,1998,0.096539640083256,0.00415021472389289,0.10068985480714888
MEA,1999,0.0627353036444334,0.00219583205222433,0.06493113569665773
MEA,2000,0.0450313587327136,0.00307064594568206,0.048102004678395656
MEA,2001,0.0549021937209979,0.00555115761535302,0.06045335133635092
MEA,2002,0.0613466626983953,0.00421699518880249,0.0655636578871978
MEA,2003,0.0657093153972994,0.00397898924529856,0.06968830464259797
MEA,2004,0.0478841613797629,0.0115026378200098,0.0593867991997727
MEA,2005,0.0396481140431083,0.0100712876043677,0.049719401647476
MEA,2006,0.043943570141185,0.0081870159298482,0.0521305860710332
MEA,2007,0.0423850901694665,0.00919065032442032,0.051575740493886815
MEA,2008,0.0484730366497378,0.0179055236523675,0.0663785603021053
MEA,2009,0.051645934576943,0.00853183492843549,0.06017776950537849
MEA,2010,0.0598529031829235,0.0101073862614726,0.0699602894443961
MEA,2011,0.053600846470427,0.0123458018393447,0.06594664830977169
MEA,2012,0.0542403585607995,0.00666887497296866,0.06090923353376816
MEA,2013,0.0473510961331211,0.00563264900186022,0.05298374513498132
MEA,2014,0.0649220866056637,0.00499011176659634,0.06991219837226004
MEA,2015,0.0687599560093831,0.0045447326376145,0.0733046886469976
MEA,2016,0.0567092613496531,0.00495529944411758,0.06166456079377068
MEA,2017,0.0615972072007733,0.00697930060118072,0.06857650780195403
MEA,2018,0.0341486536830928,0.00986325193381067,0.04401190561690347
MEA,2019,0.0433561520790527,0.00874892537694845,0.052105077456001146
MEX,1995,0.182353757061829,0.0108160359365737,0.1931697929984027
MEX,1996,0.128320343083896,0.00946026659704844,0.13778060968094444
MEX,1997,0.131258434927536,0.00654849152208297,0.13780692644961898
MEX,1998,0.111534672319872,0.00383170138096449,0.1153663737008365
MEX,1999,0.0935022832212601,0.000955131948884417,0.09445741517014451
MEX,2000,0.0684645024890943,0.0010126660789203,0.0694771685680146
MEX,2001,0.0647583327720538,0.0069582517531789,0.07171658452523269
MEX,2002,0.0647831387815131,0.00261380116904821,0.0673969399505613
MEX,2003,0.0676496208835113,0.00418837848129839,0.0718379993648097
MEX,2004,0.0626746292053891,0.0273022630858051,0.08997689229119421
MEX,2005,0.0564561704190723,0.0295646975447426,0.08602086796381489
MEX,2006,0.0676935775602247,0.0355247371379613,0.10321831469818601
MEX,2007,0.0665473983471124,0.0352874169588699,0.1018348153059823
MEX,2008,0.0693930826594843,0.106680413833219,0.1760734964927033
MEX,2009,0.0746356501956864,0.0535139993276361,0.1281496495233225
MEX,2010,0.132266727975207,0.0796871696268284,0.2119538976020354
MEX,2011,0.100903566829113,0.132625302569202,0.233528869398315
MEX,2012,0.0978850771398704,0.0594435226719813,0.1573285998118517
MEX,2013,0.120316401596808,0.0394965314684216,0.1598129330652296
MEX,2014,0.144244778895991,0.0296217542584092,0.1738665331544002
MEX,2015,0.128024371752287,0.0146209134508051,0.1426452852030921
MEX,2016,0.184353917127319,0.02079440539794,0.205148322525259
MEX,2017,0.165514971862054,0.0246410567158187,0.1901560285778727
MEX,2018,0.114434607692261,0.025196241296921,0.13963084898918202
MEX,2019,0.102118280293066,0.0153902956410095,0.11750857593407549
MHL,1995,0.0,0.0,0.0
MHL,1996,0.0,0.0,0.0
MHL,1997,0.0,0.0,0.0
MHL,1998,0.0,0.0,0.0
MHL,1999,0.0,0.0,0.0
MHL,2000,0.0,0.0,0.0
MHL,2001,0.0,0.0,0.0
MHL,2002,0.0,0.0,0.0
MHL,2003,0.0,0.0,0.0
MHL,2004,0.0,0.0,0.0
MHL,2005,0.0,0.0,0.0
MHL,2006,0.0,0.0,0.0
MHL,2007,0.0,0.0,0.0
MHL,2008,0.0,0.0,0.0
MHL,2009,0.0,0.0,0.0
MHL,2010,0.0,0.0,0.0
MHL,2011,0.0,0.0,0.0
MHL,2012,0.0,0.0,0.0
MHL,2013,0.0,0.0,0.0
MHL,2014,0.0,0.0,0.0
MHL,2015,0.0,0.0,0.0
MHL,2016,0.0,0.0,0.0
MHL,2017,0.0,0.0,0.0
MHL,2018,0.0,0.0,0.0
MHL,2019,0.0,0.0,0.0
MIC,1995,0.980528084405709,0.252290740638052,1.232818825043761
MIC,1996,0.872642605096573,0.166570964972264,1.039213570068837
MIC,1997,0.733461248083288,0.134623403353445,0.8680846514367331
MIC,1998,0.698349365903706,0.128753164557495,0.827102530461201
MIC,1999,0.485497560574656,0.0863631671705194,0.5718607277451754
MIC,2000,0.429670332032228,0.12803019046443,0.557700522496658
MIC,2001,0.420576026365645,0.376056282126537,0.796632308492182
MIC,2002,0.467623130563506,0.188048838711458,0.655671969274964
MIC,2003,0.564334399108499,0.179932859770286,0.7442672588787851
MIC,2004,0.399649631472164,1.03688211877627,1.436531750248434
MIC,2005,0.362009259695325,0.765901146592644,1.127910406287969
MIC,2006,0.377553870729113,0.775774614042291,1.153328484771404
MIC,2007,0.421677253433562,0.921528726133226,1.3432059795667879
MIC,2008,0.445971852579685,2.22962980749328,2.675601660072965
MIC,2009,0.406661520230901,0.877088430172236,1.283749950403137
MIC,2010,0.398558812113488,1.32817131520534,1.726730127318828
MIC,2011,0.35655453177441,1.74724472845062,2.10379926022503
MIC,2012,0.343787292308195,0.96929187413608,1.313079166444275
MIC,2013,0.333387886480494,0.64595300691352,0.979340893394014
MIC,2014,0.366764163218616,0.501472677264898,0.8682368404835139
MIC,2015,0.328800853849209,0.308154134901122,0.636954988750331
MIC,2016,0.346252393379482,0.330247918192975,0.676500311572457
MIC,2017,0.35428119066058,0.422706149396779,0.776987340057359
MIC,2018,0.288049295833678,0.486374633061402,0.77442392889508
MIC,2019,0.265196406818575,0.367724728494904,0.6329211353134789
MKD,1995,0.185194466823686,0.00230406637363172,0.18749853319731774
MKD,1996,0.201632135679197,0.00171178224679569,0.20334391792599268
MKD,1997,0.228937607747363,0.00105397322051821,0.2299915809678812
MKD,1998,0.198414381346604,0.00133990176476614,0.19975428311137014
MKD,1999,0.216679465645802,0.000160552269588195,0.2168400179153902
MKD,2000,0.254214773820727,0.00329262426606446,0.25750739808679146
MKD,2001,0.168450300328758,0.00739631772439851,0.1758466180531565
MKD,2002,0.159180881060893,0.00356552995609467,0.16274641101698767
MKD,2003,0.183021002337912,0.00400283710195594,0.18702383943986794
MKD,2004,0.181262207797496,0.0173735329313722,0.1986357407288682
MKD,2005,0.161940200880839,0.011025567729415,0.17296576861025398
MKD,2006,0.187079352240527,0.0120998120637082,0.19917916430423518
MKD,2007,0.145827926327759,0.0156339602417874,0.1614618865695464
MKD,2008,0.154938183558368,0.0436126414299653,0.1985508249883333
MKD,2009,0.141198995628257,0.013458054029194,0.154657049657451
MKD,2010,0.120161838970592,0.0331827860054843,0.15334462497607632
MKD,2011,0.138056976997275,0.0360413038156159,0.17409828081289092
MKD,2012,0.161550730094025,0.0171110905804179,0.17866182067444292
MKD,2013,0.123231613012948,0.00830353548003651,0.1315351484929845
MKD,2014,0.116911627511458,0.00729713021540102,0.12420875772685902
MKD,2015,0.159186438538161,0.00650151594708905,0.16568795448525006
MKD,2016,0.138122796783311,0.00516706112317016,0.14328985790648116
MKD,2017,0.14891142080154,0.00892012882391739,0.15783154962545737
MKD,2018,0.14829259459869,0.00774298342140328,0.15603557802009327
MKD,2019,0.140752635201967,0.00541957633738037,0.1461722115393474
MLI,1995,5.77360993488472,0.0,5.77360993488472
MLI,1996,5.62076521906268,0.0,5.62076521906268
MLI,1997,5.43274928722946,0.0,5.43274928722946
MLI,1998,5.22696094780412,0.0,5.22696094780412
MLI,1999,2.99546473307415,0.0,2.99546473307415
MLI,2000,3.47770042617984,0.0,3.47770042617984
MLI,2001,2.88841049747737,0.0,2.88841049747737
MLI,2002,3.09100668534988,0.0,3.09100668534988
MLI,2003,4.02945114370306,0.0,4.02945114370306
MLI,2004,3.01889605723735,0.0,3.01889605723735
MLI,2005,2.79148479768263,0.0,2.79148479768263
MLI,2006,2.5666241421107,0.0,2.5666241421107
MLI,2007,3.11055598956912,0.0,3.11055598956912
MLI,2008,3.14154205733775,0.0,3.14154205733775
MLI,2009,3.04049785349174,0.0,3.04049785349174
MLI,2010,2.61018274612127,0.0,2.61018274612127
MLI,2011,2.51424462764592,0.0,2.51424462764592
MLI,2012,3.03659941511685,0.0,3.03659941511685
MLI,2013,3.06807344266868,0.0,3.06807344266868
MLI,2014,3.31815719946539,0.0,3.31815719946539
MLI,2015,3.72747779347964,0.0,3.72747779347964
MLI,2016,3.66811544529244,0.0,3.66811544529244
MLI,2017,3.4182019270969,0.0,3.4182019270969
MLI,2018,2.36216326095172,0.0,2.36216326095172
MLI,2019,2.16801927523539,0.0,2.16801927523539
MLT,1995,0.0,0.0,0.0
MLT,1996,0.0,0.0,0.0
MLT,1997,0.0,0.0,0.0
MLT,1998,0.0,0.0,0.0
MLT,1999,0.0,0.0,0.0
MLT,2000,0.0,0.0,0.0
MLT,2001,0.0,0.0,0.0
MLT,2002,0.0,0.0,0.0
MLT,2003,0.0,0.0,0.0
MLT,2004,0.0,0.0,0.0
MLT,2005,0.0,0.0,0.0
MLT,2006,0.0,0.0,0.0
MLT,2007,0.0,0.0,0.0
MLT,2008,0.0,0.0,0.0
MLT,2009,0.0,0.0,0.0
MLT,2010,0.0,0.0,0.0
MLT,2011,0.0,0.0,0.0
MLT,2012,0.0,0.0,0.0
MLT,2013,0.0,0.0,0.0
MLT,2014,0.0,0.0,0.0
MLT,2015,0.0,0.0,0.0
MLT,2016,0.0,0.0,0.0
MLT,2017,0.0,0.0,0.0
MLT,2018,0.0,0.0,0.0
MLT,2019,0.0,0.0,0.0
MMR,1995,16.6424370894999,0.00226700799579599,16.644704097495698
MMR,1996,14.7875484245234,0.000887108103585085,14.788435532626986
MMR,1997,12.9279352982176,0.000460922229452141,12.928396220447052
MMR,1998,12.6444137073671,0.00114094515118334,12.645554652518284
MMR,1999,7.20100031154505,0.00220662426595684,7.203206935811006
MMR,2000,6.05338203460723,0.0113430463493619,6.064725080956592
MMR,2001,7.94213207842884,0.0758051855856943,8.017937264014535
MMR,2002,8.78142161661203,0.0152696880925367,8.796691304704567
MMR,2003,10.5765204979232,0.0194742616801778,10.595994759603379
MMR,2004,8.47187607790571,0.125285309017504,8.597161386923215
MMR,2005,5.96017552816053,0.0923815780690894,6.052557106229619
MMR,2006,6.53713681815485,0.112014025577255,6.649150843732105
MMR,2007,7.21577937460555,0.150157592059017,7.365936966664567
MMR,2008,7.58644131932998,0.221707141220914,7.808148460550894
MMR,2009,5.46378050335465,0.0500972315373049,5.513877734891955
MMR,2010,4.2733461311721,0.0863703805009912,4.359716511673091
MMR,2011,3.96289837643904,0.0860236336627246,4.048922010101765
MMR,2012,3.25442888519771,0.0564573315956754,3.3108862167933855
MMR,2013,3.05382023461951,0.0270369697390516,3.0808572043585616
MMR,2014,4.04551684358372,0.0251479211009174,4.070664764684638
MMR,2015,2.93589041143927,0.0151772971723697,2.9510677086116397
MMR,2016,3.43421863242011,0.00859612036331026,3.4428147527834203
MMR,2017,3.96181166359992,0.0154298627627981,3.977241526362718
MMR,2018,2.0518344792042,0.02945886790351,2.0812933471077097
MMR,2019,1.83230053753397,0.0340926780571958,1.8663932155911658
MNA,1995,0.151150563416259,0.0140289677943917,0.16517953121065068
MNA,1996,0.146968581360942,0.0110171077037799,0.1579856890647219
MNA,1997,0.139225161795052,0.00805602738541054,0.14728118918046254
MNA,1998,0.178168145777713,0.00771563923861377,0.18588378501632677
MNA,1999,0.115590779964784,0.00408064746877482,0.11967142743355881
MNA,2000,0.0853249295954112,0.00585868354264798,0.09118361313805919
MNA,2001,0.102952387980111,0.0104538998398017,0.1134062878199127
MNA,2002,0.117261704787869,0.00809401308212708,0.12535571786999608
MNA,2003,0.126549077432474,0.00769988826180887,0.13424896569428288
MNA,2004,0.0917462138743224,0.0221606228646589,0.1139068367389813
MNA,2005,0.0780553533016508,0.0199389461204172,0.097994299422068
MNA,2006,0.0870497554238789,0.0163060005775041,0.103355756001383
MNA,2007,0.0816261581354819,0.017780111224404,0.09940626935988589
MNA,2008,0.0950062368500013,0.035293896558815,0.1303001334088163
MNA,2009,0.094302889805795,0.0156700761352483,0.1099729659410433
MNA,2010,0.11138056308953,0.018906354402502,0.130286917492032
MNA,2011,0.102420619434329,0.0237238701565607,0.1261444895908897
MNA,2012,0.103762447644455,0.012835123559797,0.116597571204252
MNA,2013,0.0954728125093707,0.0114254721926538,0.1068982847020245
MNA,2014,0.13280737360825,0.0102805888069416,0.14308796241519162
MNA,2015,0.136441073375752,0.00908205805715073,0.14552313143290274
MNA,2016,0.110411679038001,0.00971226844281699,0.12012394748081799
MNA,2017,0.123513940080344,0.0141028945234277,0.1376168346037717
MNA,2018,0.0731459389829175,0.0212746736137944,0.0944206125967119
MNA,2019,0.0949203117184053,0.0192986814920338,0.1142189932104391
MNE,1995,0.0,0.0,0.0
MNE,1996,0.0,0.0,0.0
MNE,1997,0.0,0.0,0.0
MNE,1998,0.0,0.0,0.0
MNE,1999,0.0,0.0,0.0
MNE,2000,0.0,0.0,0.0
MNE,2001,0.0,0.0,0.0
MNE,2002,0.0,0.0,0.0
MNE,2003,0.0,0.0,0.0
MNE,2004,0.0,0.0,0.0
MNE,2005,0.0,0.297073785239654,0.297073785239654
MNE,2006,0.294277195219685,0.299594046102001,0.593871241321686
MNE,2007,0.263492151707789,0.294771011035765,0.5582631627435539
MNE,2008,0.2451234964049,1.05263175865509,1.29775525505999
MNE,2009,0.175270379220043,0.185900838034728,0.36117121725477097
MNE,2010,0.38200994270558,0.716295403612445,1.098305346318025
MNE,2011,0.456103692714325,0.815341280214694,1.271444972929019
MNE,2012,0.434317394657323,0.346822967174017,0.78114036183134
MNE,2013,0.405722321873075,0.154702162253761,0.560424484126836
MNE,2014,0.420115501412041,0.123513438750382,0.543628940162423
MNE,2015,0.466169902533069,0.0968828936467626,0.5630527961798316
MNE,2016,0.399949460727295,0.0819627752980139,0.48191223602530886
MNE,2017,0.462117194187429,0.104326596931278,0.566443791118707
MNE,2018,0.521937199343323,0.116984497336867,0.63892169668019
MNE,2019,0.475423168276577,0.0931587848680625,0.5685819531446394
MNG,1995,1.22643676509801,1.32299876645301,2.54943553155102
MNG,1996,1.34073240191554,0.958756541890785,2.299488943806325
MNG,1997,1.32251879259055,0.588863551790094,1.911382344380644
MNG,1998,1.20771615209807,1.15958116737135,2.36729731946942
MNG,1999,0.985003025471401,0.602340309576675,1.587343335048076
MNG,2000,0.549764569676623,1.51807420998017,2.067838779656793
MNG,2001,0.5956842548407,3.00881490469291,3.60449915953361
MNG,2002,0.602088934629251,1.5492838485279,2.151372783157151
MNG,2003,0.765254736281406,1.16729060084723,1.9325453371286359
MNG,2004,0.682204527161078,4.6182672365583,5.300471763719378
MNG,2005,0.38044192595988,4.7391317641898,5.11957369014968
MNG,2006,0.331290140910164,4.45031620926175,4.781606350171914
MNG,2007,0.397398007513807,4.86481895009341,5.262216957607217
MNG,2008,0.501438933520427,13.3347576972343,13.836196630754728
MNG,2009,0.586156478610438,10.9115496083324,11.497706086942838
MNG,2010,0.369945948040915,19.6438178089225,20.013763756963414
MNG,2011,0.340725870819078,25.8999299043664,26.240655775185477
MNG,2012,0.215988824855809,10.0374339886047,10.25342281346051
MNG,2013,0.189827775696915,5.90532113283819,6.095148908535105
MNG,2014,0.278768560842992,4.99665662998931,5.275425190832302
MNG,2015,0.23805372113812,2.37083694914676,2.60889067028488
MNG,2016,0.281307366829251,4.33446955900433,4.615776925833582
MNG,2017,0.339980111374321,7.72740017972011,8.06738029109443
MNG,2018,0.163388696996473,7.86743352891565,8.030822225912123
MNG,2019,0.141122796895315,6.60165232977836,6.742775126673675
MNP,1995,0.0,0.0,0.0
MNP,1996,0.0,0.0,0.0
MNP,1997,0.0,0.0,0.0
MNP,1998,0.0,0.0,0.0
MNP,1999,0.0,0.0,0.0
MNP,2000,0.0,0.0,0.0
MNP,2001,0.0,0.0,0.0
MNP,2002,0.0,0.0,0.0
MNP,2003,0.0,0.0,0.0
MNP,2004,0.0,0.0,0.0
MNP,2005,0.0,0.0,0.0
MNP,2006,0.0,0.0,0.0
MNP,2007,0.0,0.0,0.0
MNP,2008,0.0,0.0,0.0
MNP,2009,0.0,0.0,0.0
MNP,2010,0.0,0.0,0.0
MNP,2011,0.0,0.0,0.0
MNP,2012,0.0,0.0,0.0
MNP,2013,0.0,0.0,0.0
MNP,2014,0.0,0.0,0.0
MNP,2015,0.0,0.0,0.0
MNP,2016,0.0,0.0,0.0
MNP,2017,0.0,0.0,0.0
MNP,2018,0.0,0.0,0.0
MNP,2019,0.0,0.0,0.0
MOZ,1995,19.447226338548,0.0236495073472511,19.47087584589525
MOZ,1996,14.4599129573808,0.00815966962406552,14.468072627004865
MOZ,1997,11.2123251480337,0.00488395488675665,11.217209102920457
MOZ,1998,10.258820489765,0.00311825014653437,10.261938739911535
MOZ,1999,5.93260578904779,0.00176610533179615,5.934371894379587
MOZ,2000,6.20732193246862,0.00255061991420226,6.209872552382822
MOZ,2001,6.27857654461634,0.00817710494533627,6.286753649561676
MOZ,2002,7.14523308512711,0.00799736131984257,7.153230446446953
MOZ,2003,10.0866712736505,0.00691378312896811,10.09358505677947
MOZ,2004,7.20578334583194,0.00802687987008606,7.2138102257020265
MOZ,2005,6.72333221434257,0.0010053602835455,6.724337574626115
MOZ,2006,6.2863857798552,0.0139501342059779,6.300335914061178
MOZ,2007,7.84910776632065,0.0101828236358189,7.859290589956468
MOZ,2008,7.87141274670505,0.0289147181912644,7.900327464896314
MOZ,2009,8.30367381576583,0.0102326758147043,8.313906491580534
MOZ,2010,8.02340173338148,0.0199714393040125,8.043373172685492
MOZ,2011,7.08040595732748,1.60162322953838,8.68202918686586
MOZ,2012,7.16297339132777,1.98801014512389,9.15098353645166
MOZ,2013,7.13772144608793,1.7152478444751,8.85296929056303
MOZ,2014,7.79049402321541,1.49304929686929,9.2835433200847
MOZ,2015,8.74582819571588,1.26833720910738,10.01416540482326
MOZ,2016,12.226277258257,1.82404678745023,14.05032404570723
MOZ,2017,11.0781599539312,4.57367559928652,15.651835553217719
MOZ,2018,7.35831096113983,5.85840437749124,13.21671533863107
MOZ,2019,6.60830485288298,3.25799776435329,9.86630261723627
MRT,1995,1.70359397666649,2.01177712194494,3.71537109861143
MRT,1996,1.70459793518927,2.30399243012289,4.00859036531216
MRT,1997,1.6704233852531,2.43573371972698,4.10615710498008
MRT,1998,1.82280961539457,2.56559086811147,4.38840048350604
MRT,1999,1.10018704178052,1.93287240542391,3.0330594472044297
MRT,2000,1.24345946403152,2.03141338076991,3.27487284480143
MRT,2001,1.25845204776429,2.58932160062699,3.84777364839128
MRT,2002,1.5273013191166,2.73071651595988,4.25801783507648
MRT,2003,2.35775217712206,2.10232364238981,4.46007581951187
MRT,2004,1.91936936100957,2.35598406080186,4.275353421811429
MRT,2005,1.5752349600215,4.08895330007849,5.664188260099991
MRT,2006,1.21825170069606,3.53662207542126,4.75487377611732
MRT,2007,1.68693825246156,2.26137529725392,3.94831354971548
MRT,2008,1.6592415477119,6.4404399840998,8.0996815318117
MRT,2009,1.95798771313435,4.09870414799325,6.0566918611276
MRT,2010,1.44705432027677,4.56933510281066,6.01638942308743
MRT,2011,1.39659717176728,5.02486052168533,6.42145769345261
MRT,2012,1.65507065930211,2.41583961574517,4.0709102750472805
MRT,2013,1.62559299471304,1.63001628883715,3.25560928355019
MRT,2014,2.03062930758937,1.4942762150545,3.52490552264387
MRT,2015,2.35151885988211,1.02486804494166,3.37638690482377
MRT,2016,2.41653389337466,0.920132418687253,3.336666312061913
MRT,2017,2.19988404954931,1.25601532337934,3.4558993729286502
MRT,2018,1.32088783975869,1.11226349111224,2.4331513308709303
MRT,2019,1.22286017311381,0.784232241959444,2.007092415073254
MUS,1995,0.0125537998009489,0.0,0.0125537998009489
MUS,1996,0.013935147862232,0.0,0.013935147862232
MUS,1997,0.0134035763044408,0.0,0.0134035763044408
MUS,1998,0.0208079485801981,0.0,0.0208079485801981
MUS,1999,0.0202081785305594,0.0,0.0202081785305594
MUS,2000,0.0117784211704657,0.0,0.0117784211704657
MUS,2001,0.0117589422349643,0.0,0.0117589422349643
MUS,2002,0.0113185119211624,0.0,0.0113185119211624
MUS,2003,0.010684499152159,0.0,0.010684499152159
MUS,2004,0.00681953407733824,0.0,0.00681953407733824
MUS,2005,0.00657606583814967,0.0,0.00657606583814967
MUS,2006,0.00816434745435896,0.0,0.00816434745435896
MUS,2007,0.00837909473560662,0.0,0.00837909473560662
MUS,2008,0.00857162807576386,0.0,0.00857162807576386
MUS,2009,0.0114110119806519,0.0,0.0114110119806519
MUS,2010,0.00683190038274732,0.0,0.00683190038274732
MUS,2011,0.00464600285197656,0.0,0.00464600285197656
MUS,2012,0.00374494316096804,0.0,0.00374494316096804
MUS,2013,0.00186065972558228,0.0,0.00186065972558228
MUS,2014,0.00123621259447728,0.0,0.00123621259447728
MUS,2015,0.00114133236981235,0.0,0.00114133236981235
MUS,2016,0.00365434846511541,0.0,0.00365434846511541
MUS,2017,0.00339252211144264,0.0,0.00339252211144264
MUS,2018,0.00240720178247387,0.0,0.00240720178247387
MUS,2019,0.00235978741871314,0.0,0.00235978741871314
MWI,1995,18.254095093869,0.0599214349060257,18.314016528775028
MWI,1996,10.6060148825233,0.0346127415910678,10.64062762411437
MWI,1997,8.2787607024186,0.0246498175419337,8.303410519960533
MWI,1998,12.875744164267,0.0280987971206182,12.903842961387618
MWI,1999,9.88336374123399,0.0209245895180209,9.904288330752012
MWI,2000,10.0316065352122,0.0385169697693728,10.070123504981574
MWI,2001,9.83604003142813,0.0419802307583337,9.878020262186464
MWI,2002,5.75831892101349,0.01756687476736,5.775885795780851
MWI,2003,8.57947472563311,0.0282565235614179,8.607731249194527
MWI,2004,6.29604823305071,0.0507704027095983,6.346818635760308
MWI,2005,6.7175515938718,0.0384324342348724,6.755984028106672
MWI,2006,6.66514327958745,0.0446080880730234,6.709751367660473
MWI,2007,7.84517109886133,0.0554261308582828,7.900597229719613
MWI,2008,8.53294920695495,0.102860825132369,8.635810032087319
MWI,2009,6.97412824018488,0.0289060472212568,7.0030342874061375
MWI,2010,5.88073470813202,0.0626336908273944,5.943368398959414
MWI,2011,5.79620379155834,0.0680857990480494,5.864289590606389
MWI,2012,8.72012057939235,0.0567668631872671,8.776887442579618
MWI,2013,9.9435549353807,0.0471963118263986,9.990751247207099
MWI,2014,9.47486222793018,0.0298560004976618,9.50471822842784
MWI,2015,8.82510366636224,0.0184546431382984,8.843558309500539
MWI,2016,10.8969752016762,0.0179067532663158,10.914881954942516
MWI,2017,6.97709320669546,0.0201542594156459,6.997247466111106
MWI,2018,5.18922015689666,0.0178482861472595,5.207068443043919
MWI,2019,4.23066256836338,0.0113816426802696,4.24204421104365
MYS,1995,9.33343108359679,0.000419746377614641,9.333850829974406
MYS,1996,7.3836911011018,0.000129362712820368,7.38382046381462
MYS,1997,5.89071381123621,5.92895687381115e-05,5.890773100804948
MYS,1998,5.97221254336863,0.000372518057108307,5.972585061425738
MYS,1999,4.83620321689404,0.00012111242546197,4.836324329319502
MYS,2000,4.25633373605828,0.00041713945272182,4.256750875511002
MYS,2001,3.84919761755289,0.0045386605815816,3.8537362781344715
MYS,2002,3.53468056133445,0.000646918237038824,3.535327479571489
MYS,2003,4.92997906617167,0.000273980909682817,4.9302530470813535
MYS,2004,2.89831247323068,0.00832402812714146,2.9066365013578217
MYS,2005,3.35021774131295,0.00974663026118162,3.3599643715741316
MYS,2006,3.75990568321402,0.0106744057710384,3.7705800889850583
MYS,2007,4.51490391769602,0.0178770495644514,4.5327809672604715
MYS,2008,4.11909757612888,0.0441804095537564,4.163277985682636
MYS,2009,3.51056344704507,0.0266907484328461,3.5372541954779164
MYS,2010,2.9358826747592,0.0471703338910635,2.9830530086502636
MYS,2011,2.26771749790281,0.0699189725385976,2.3376364704414074
MYS,2012,2.28706087054873,0.0391007523260482,2.326161622874778
MYS,2013,2.11103457955223,0.0271783392705705,2.1382129188228003
MYS,2014,2.50527420765292,0.0195299738547053,2.5248041815076254
MYS,2015,1.77211285104809,0.0115048278541161,1.783617678902206
MYS,2016,1.61246329605266,0.0114268952634963,1.6238901913161563
MYS,2017,2.01543237647146,0.0190568093450257,2.0344891858164855
MYS,2018,1.97935469127175,0.0177159930363127,1.9970706843080626
MYS,2019,1.78983852103498,0.016618676675233,1.806457197710213
NAC,1995,0.12999902073037,0.184141269872092,0.314140290602462
NAC,1996,0.118684477513059,0.194349802146665,0.31303427965972397
NAC,1997,0.112406230026068,0.180703066766009,0.293109296792077
NAC,1998,0.0813388008500003,0.159185448493894,0.24052424934389427
NAC,1999,0.0859139037313685,0.123278191303177,0.2091920950345455
NAC,2000,0.0811221200812457,0.135249395888542,0.2163715159697877
NAC,2001,0.0654704578867246,0.2059815081365,0.27145196602322463
NAC,2002,0.0636554758622617,0.147484156818669,0.2111396326809307
NAC,2003,0.0621451164096949,0.148027460819214,0.21017257722890892
NAC,2004,0.0676095870530906,0.307247842885961,0.37485742993905163
NAC,2005,0.0636758556689698,0.255663915055958,0.3193397707249278
NAC,2006,0.0637280154858885,0.265042459858384,0.3287704753442725
NAC,2007,0.0651286801946609,0.236805357469698,0.3019340376643589
NAC,2008,0.0509885054422946,0.665889740419239,0.7168782458615336
NAC,2009,0.0384551694289109,0.317478331744041,0.3559335011729519
NAC,2010,0.0472620433025946,0.44206724563579,0.48932928893838457
NAC,2011,0.051536453881435,0.548809661692261,0.600346115573696
NAC,2012,0.0447373705929299,0.344735147936979,0.38947251852990894
NAC,2013,0.0478143505446317,0.262979137032244,0.3107934875768757
NAC,2014,0.0468951515802552,0.212570871178601,0.2594660227588562
NAC,2015,0.0390087654871799,0.147902620836411,0.18691138632359092
NAC,2016,0.0401108302401457,0.131434869538603,0.1715456997787487
NAC,2017,0.0449125277574581,0.174991052704852,0.2199035804623101
NAC,2018,0.0366890187377237,0.189550407770274,0.2262394265079977
NAC,2019,0.0406412427701043,0.125676639758379,0.1663178825284833
NAM,1995,0.50646640641815,0.0,0.50646640641815
NAM,1996,0.517130445865687,0.0,0.517130445865687
NAM,1997,0.474497067457536,0.0,0.474497067457536
NAM,1998,0.529859375000729,0.0,0.529859375000729
NAM,1999,0.304819591731595,0.0,0.304819591731595
NAM,2000,0.356347859444422,0.0,0.356347859444422
NAM,2001,0.382501757254487,0.0,0.382501757254487
NAM,2002,0.480646882575109,0.0,0.480646882575109
NAM,2003,0.580438661470065,0.0,0.580438661470065
NAM,2004,0.472492002560067,0.0,0.472492002560067
NAM,2005,0.427875988357403,0.0,0.427875988357403
NAM,2006,0.369720495404145,0.0,0.369720495404145
NAM,2007,0.5421468635895,0.0,0.5421468635895
NAM,2008,0.729188316442959,0.0,0.729188316442959
NAM,2009,0.748171715784463,0.0,0.748171715784463
NAM,2010,0.488152947708488,0.0,0.488152947708488
NAM,2011,0.486338509216644,0.0,0.486338509216644
NAM,2012,0.554933472051722,0.0,0.554933472051722
NAM,2013,0.609700288511706,0.0,0.609700288511706
NAM,2014,0.693923589761296,0.0,0.693923589761296
NAM,2015,0.871881487516777,0.0,0.871881487516777
NAM,2016,0.96866214431124,0.0,0.96866214431124
NAM,2017,0.780640763126682,0.0,0.780640763126682
NAM,2018,0.490237026586481,0.0,0.490237026586481
NAM,2019,0.622413085000472,0.0,0.622413085000472
NCL,1995,0.0124983334462307,0.0,0.0124983334462307
NCL,1996,0.0128855826718435,0.0,0.0128855826718435
NCL,1997,0.0115252072017652,0.0,0.0115252072017652
NCL,1998,0.0155886177682452,0.0,0.0155886177682452
NCL,1999,0.0121373260124406,0.0,0.0121373260124406
NCL,2000,0.0130490350083369,0.0,0.0130490350083369
NCL,2001,0.0143479240667534,0.0,0.0143479240667534
NCL,2002,0.0134670865433796,0.0,0.0134670865433796
NCL,2003,0.0121584379678141,0.0,0.0121584379678141
NCL,2004,0.00850688471319401,0.0,0.00850688471319401
NCL,2005,0.00861632659667667,0.0,0.00861632659667667
NCL,2006,0.00902892780756148,0.0,0.00902892780756148
NCL,2007,0.00947981061744996,0.0,0.00947981061744996
NCL,2008,0.0121948488788253,0.0,0.0121948488788253
NCL,2009,0.0115765236192026,0.0,0.0115765236192026
NCL,2010,0.0110888495736551,0.0,0.0110888495736551
NCL,2011,0.0113090929867707,0.0,0.0113090929867707
NCL,2012,0.0114496916463885,0.0,0.0114496916463885
NCL,2013,0.0105325049427626,0.0,0.0105325049427626
NCL,2014,0.0126797653775496,0.0,0.0126797653775496
NCL,2015,0.0128159191409519,0.0,0.0128159191409519
NCL,2016,0.013426159178997,0.0,0.013426159178997
NCL,2017,0.0171317828341953,0.0,0.0171317828341953
NCL,2018,0.0124451244978835,0.0,0.0124451244978835
NCL,2019,0.0122251541031086,0.0,0.0122251541031086
NER,1995,9.59597237693201,0.0638128481220491,9.65978522505406
NER,1996,9.35246343917839,0.0566755512021052,9.409138990380495
NER,1997,9.39694466865742,0.0427394072165981,9.439684075874018
NER,1998,8.62959965375715,0.029727592795103,8.659327246552253
NER,1999,5.8353650627857,0.0195684009473752,5.854933463733075
NER,2000,7.23577527305823,0.0302576124785667,7.266032885536796
NER,2001,6.50698412001633,0.0499647133055402,6.55694883332187
NER,2002,6.97802805475054,0.032312520938159,7.0103405756887
NER,2003,9.23078252911612,0.0312263490860586,9.262008878202177
NER,2004,7.37654133467507,0.108115808400168,7.484657143075238
NER,2005,6.93108508185696,0.0565882238700283,6.987673305726988
NER,2006,6.53979423958846,0.055007466870775,6.594801706459235
NER,2007,7.86421949104767,0.0629841200401747,7.927203611087845
NER,2008,7.57169585457099,0.114066529268946,7.685762383839936
NER,2009,7.66292092667386,0.0396820694312682,7.702602996105128
NER,2010,6.47924361977721,0.0973243501897151,6.576567969966925
NER,2011,6.68948635942864,0.107227307110315,6.796713666538955
NER,2012,7.25650952957397,0.0645920818469523,7.321101611420922
NER,2013,7.04363724897562,0.046299642680483,7.089936891656103
NER,2014,7.36980603852393,0.0344822080892499,7.40428824661318
NER,2015,8.71508566119428,0.0234772390851172,8.738562900279398
NER,2016,8.63960045673879,0.0268755656188016,8.666476022357593
NER,2017,7.97566616294018,0.0314688786329333,8.007135041573113
NER,2018,4.93099140793473,0.0311126942946068,4.962104102229337
NER,2019,4.74233933196262,0.0227923510814171,4.765131683044038
NGA,1995,5.25310029766131,0.000845576116333562,5.253945873777643
NGA,1996,4.47540404314154,0.000254396379405733,4.475658439520946
NGA,1997,3.97438819615194,0.000239083276669217,3.974627279428609
NGA,1998,4.09637764359496,0.00020685554912186,4.096584499144082
NGA,1999,2.72633291045267,0.000172706348923129,2.726505616801593
NGA,2000,2.32151830167876,4.02063709273317e-05,2.321558508049687
NGA,2001,2.13866213324612,6.70645190902397e-05,2.13872919776521
NGA,2002,1.95742849190656,0.000481811735688031,1.957910303642248
NGA,2003,2.61314707510919,0.000266977305556022,2.613414052414746
NGA,2004,1.66769651173444,0.000219157225500114,1.6679156689599401
NGA,2005,1.40259102448285,0.000134561625710408,1.4027255861085604
NGA,2006,1.08460901401012,0.000108128509525699,1.0847171425196458
NGA,2007,1.26299103618826,0.000378312484578671,1.2633693486728386
NGA,2008,1.30639847854871,0.000929609635473612,1.3073280881841836
NGA,2009,1.44801444533038,0.000381672579786752,1.4483961179101668
NGA,2010,1.06666413961285,0.000623772030239382,1.0672879116430893
NGA,2011,1.07249874646929,0.00059645877958611,1.0730952052488762
NGA,2012,1.09186954935065,0.000544124425098797,1.0924136737757488
NGA,2013,1.01326214635552,0.000358794263209442,1.0136209406187295
NGA,2014,0.995506176775934,0.000247381085254014,0.995753557861188
NGA,2015,1.16254596508362,0.000225610780824667,1.1627715758644448
NGA,2016,1.48671424078734,0.000315241982083601,1.4870294827694235
NGA,2017,1.6351526504757,0.000446678960032166,1.635599329435732
NGA,2018,1.12503810641124,0.000441431572252908,1.125479537983493
NGA,2019,0.977848030640798,0.000344190170794397,0.9781922208115923
NIC,1995,1.98763733171355,0.0,1.98763733171355
NIC,1996,1.51524863119726,0.0,1.51524863119726
NIC,1997,1.88910709948651,0.0,1.88910709948651
NIC,1998,1.57453434981249,0.0,1.57453434981249
NIC,1999,1.32098171956753,0.0,1.32098171956753
NIC,2000,1.21635629575207,0.0,1.21635629575207
NIC,2001,1.14731828128097,0.0,1.14731828128097
NIC,2002,1.08733388958463,0.0,1.08733388958463
NIC,2003,1.12605049464508,0.0,1.12605049464508
NIC,2004,1.0748793844279,0.0,1.0748793844279
NIC,2005,0.977208810641339,0.0,0.977208810641339
NIC,2006,1.30900590905475,0.0,1.30900590905475
NIC,2007,1.23980703229217,0.0,1.23980703229217
NIC,2008,1.15700989639219,0.0,1.15700989639219
NIC,2009,1.08353274922932,0.0,1.08353274922932
NIC,2010,2.3080320616436,0.0,2.3080320616436
NIC,2011,1.77837454336858,0.0,1.77837454336858
NIC,2012,1.61356522754696,0.0,1.61356522754696
NIC,2013,2.05539478193332,0.0,2.05539478193332
NIC,2014,2.38322044545194,0.0,2.38322044545194
NIC,2015,1.70317084401318,0.0,1.70317084401318
NIC,2016,2.20033806886868,0.0,2.20033806886868
NIC,2017,1.81762605112298,0.0,1.81762605112298
NIC,2018,1.30381382544342,0.0,1.30381382544342
NIC,2019,1.22160234514415,0.0,1.22160234514415
NLD,1995,0.00386444693109628,0.0,0.00386444693109628
NLD,1996,0.003606881997874,0.0,0.003606881997874
NLD,1997,0.00372002443108732,0.0,0.00372002443108732
NLD,1998,0.00306236401514731,0.0,0.00306236401514731
NLD,1999,0.00276400391543852,0.0,0.00276400391543852
NLD,2000,0.00304850175977695,0.0,0.00304850175977695
NLD,2001,0.00233225894446791,0.0,0.00233225894446791
NLD,2002,0.00235605036783664,0.0,0.00235605036783664
NLD,2003,0.0025013616607494,0.0,0.0025013616607494
NLD,2004,0.00180366926374822,0.0,0.00180366926374822
NLD,2005,0.00195976001651045,0.0,0.00195976001651045
NLD,2006,0.00213720221958192,0.0,0.00213720221958192
NLD,2007,0.00220334718727661,0.0,0.00220334718727661
NLD,2008,0.00246694606799199,0.0,0.00246694606799199
NLD,2009,0.0023782905129004,0.0,0.0023782905129004
NLD,2010,0.00260401099906781,0.0,0.00260401099906781
NLD,2011,0.00218147216558768,0.0,0.00218147216558768
NLD,2012,0.0021295328576992,0.0,0.0021295328576992
NLD,2013,0.00239221595316568,0.0,0.00239221595316568
NLD,2014,0.00297058309548493,0.0,0.00297058309548493
NLD,2015,0.00501118074626869,0.0,0.00501118074626869
NLD,2016,0.00693793859115223,0.0,0.00693793859115223
NLD,2017,0.00587042401410181,0.0,0.00587042401410181
NLD,2018,0.00617904324612337,0.0,0.00617904324612337
NLD,2019,0.00462812658848738,0.0,0.00462812658848738
NOR,1995,0.0794872944187724,0.000495623070086804,0.0799829174888592
NOR,1996,0.0741768487359865,0.000248232897441235,0.07442508163342773
NOR,1997,0.0630811161775824,0.000211989827041309,0.0632931060046237
NOR,1998,0.0644198431960343,0.000216655716585623,0.06463649891261992
NOR,1999,0.052081875839571,2.69160994134634e-05,0.05210879193898447
NOR,2000,0.0457539886473759,0.000686832030019998,0.0464408206773959
NOR,2001,0.0478704696689313,0.00670896929352104,0.05457943896245234
NOR,2002,0.0498005755653283,0.00292238559202479,0.05272296115735309
NOR,2003,0.0429038250141529,0.00374326768837809,0.04664709270253099
NOR,2004,0.0342289218108911,0.0245300406476059,0.058758962458497
NOR,2005,0.033137889980621,0.00738231244883555,0.040520202429456545
NOR,2006,0.0339236516074536,0.0112032034829543,0.0451268550904079
NOR,2007,0.0384487141960385,0.0262338956782607,0.0646826098742992
NOR,2008,0.0367929196258007,0.0621317157696806,0.0989246353954813
NOR,2009,0.0353321476903116,0.0172755566331691,0.052607704323480706
NOR,2010,0.0394546378235747,0.0213595659401432,0.060814203763717906
NOR,2011,0.0340900628546341,0.0163198243427435,0.0504098871973776
NOR,2012,0.0303918429829495,0.006773704007227,0.0371655469901765
NOR,2013,0.036013477985683,0.00570000481964688,0.04171348280532988
NOR,2014,0.0421191853372772,0.00524468700463925,0.047363872341916455
NOR,2015,0.04396577845457,0.00388044762286498,0.047846226077434974
NOR,2016,0.0466299605074352,0.00337660408556927,0.050006564593004475
NOR,2017,0.041236013714752,0.000668385613510448,0.041904399328262454
NOR,2018,0.0527288108491556,0.000823626670339424,0.053552437519495025
NOR,2019,0.0444070979953125,0.000523832286015022,0.04493093028132752
NPL,1995,1.38881148767725,0.0,1.38881148767725
NPL,1996,1.32624921845998,0.0,1.32624921845998
NPL,1997,1.09066742372569,0.0,1.09066742372569
NPL,1998,1.271680096251,0.0,1.271680096251
NPL,1999,1.39481846911413,0.0,1.39481846911413
NPL,2000,1.16343889006649,0.00361957120700216,1.1670584612734922
NPL,2001,1.05755999863321,0.00308752111307696,1.060647519746287
NPL,2002,1.13921960572077,0.00260076969635691,1.1418203754171268
NPL,2003,1.2077250453728,0.00235467520986336,1.2100797205826632
NPL,2004,0.896832451856914,0.00488260573259377,0.9017150575895078
NPL,2005,0.801141820319836,0.00477903901273278,0.8059208593325689
NPL,2006,1.07401524198505,0.00784522611567117,1.0818604681007211
NPL,2007,1.35031327057698,0.00664869500481226,1.3569619655817924
NPL,2008,1.06200432261153,0.0123667547612362,1.0743710773727664
NPL,2009,0.998674343176918,0.0061701418760256,1.0048444850529434
NPL,2010,1.46446310737176,0.0078338999279562,1.4722970072997161
NPL,2011,1.10915239779602,0.00764892975300979,1.1168013275490298
NPL,2012,0.961886294979046,0.00573225516585173,0.9676185501448977
NPL,2013,0.83981216667816,0.00495863706649407,0.8447708037446541
NPL,2014,0.856372465206546,0.00434662076737776,0.8607190859739238
NPL,2015,0.931579561878785,0.0033106740353512,0.9348902359141362
NPL,2016,1.02737941721779,0.00369891103745001,1.0310783282552398
NPL,2017,0.698706447270446,0.00455544974333973,0.7032618970137857
NPL,2018,0.419104437589301,0.00505202233372013,0.42415645992302115
NPL,2019,0.442367971002413,0.0038213736882493,0.4461893446906623
NRU,1995,0.0,0.0,0.0
NRU,1996,0.0,0.0,0.0
NRU,1997,0.0,0.0,0.0
NRU,1998,0.0,0.0,0.0
NRU,1999,0.0,0.0,0.0
NRU,2000,0.0,0.0,0.0
NRU,2001,0.0,0.0,0.0
NRU,2002,0.0,0.0,0.0
NRU,2003,0.0,0.0,0.0
NRU,2004,0.0,0.0,0.0
NRU,2005,0.0,0.0,0.0
NRU,2006,0.0,0.0,0.0
NRU,2007,0.0,0.0,0.0
NRU,2008,0.0,0.0,0.0
NRU,2009,0.0,0.0,0.0
NRU,2010,0.0,0.0,0.0
NRU,2011,0.0,0.0,0.0
NRU,2012,0.0,0.0,0.0
NRU,2013,0.0,0.0,0.0
NRU,2014,0.0,0.0,0.0
NRU,2015,0.0,0.0,0.0
NRU,2016,0.0,0.0,0.0
NRU,2017,0.0,0.0,0.0
NRU,2018,0.0,0.0,0.0
NRU,2019,0.0,0.0,0.0
NZL,1995,0.965495219517332,0.02344342103635,0.988938640553682
NZL,1996,0.869207350034711,0.0167401602660161,0.885947510300727
NZL,1997,0.830139697398231,0.0138341599598687,0.8439738573580997
NZL,1998,0.787438042530857,0.0213047069092806,0.8087427494401376
NZL,1999,0.765413202198872,0.0125625987987789,0.7779758009976508
NZL,2000,0.957460924925655,0.027335482931185,0.9847964078568401
NZL,2001,0.902555275978612,0.0695684221761093,0.9721236981547212
NZL,2002,0.840951531470553,0.0507879701521111,0.8917395016226641
NZL,2003,0.625067451422437,0.0290566144094623,0.6541240658318993
NZL,2004,0.443486338339782,0.0811835089170043,0.5246698472567863
NZL,2005,0.497596142338579,0.103598332435624,0.6011944747742031
NZL,2006,0.490107444942473,0.12993003806763,0.620037483010103
NZL,2007,0.486048803696726,0.0709625941558605,0.5570113978525865
NZL,2008,0.542210251974539,0.319784688769179,0.861994940743718
NZL,2009,0.623220093920223,0.153723685036484,0.7769437789567071
NZL,2010,0.600825091741324,0.20750694875161,0.8083320404929341
NZL,2011,0.579511738702005,0.246103790643507,0.825615529345512
NZL,2012,0.550761274437723,0.123873930791891,0.6746352052296141
NZL,2013,0.541057900081082,0.0670833164312877,0.6081412165123697
NZL,2014,0.494880818603469,0.0417798979558715,0.5366607165593404
NZL,2015,0.614524659512628,0.0230559013337265,0.6375805608463545
NZL,2016,0.571752153534661,0.0214309623807079,0.5931831159153689
NZL,2017,1.08437908809607,0.028685250841757,1.113064338937827
NZL,2018,1.02962394225881,0.0353255664680367,1.0649495087268468
NZL,2019,1.00783313116509,0.0277129818164676,1.0355461129815577
OED,1995,0.0804766170027668,0.0688787730282036,0.1493553900309704
OED,1996,0.0776752657653314,0.072788579170482,0.15046384493581338
OED,1997,0.0749326230281089,0.071662056432967,0.1465946794610759
OED,1998,0.0616891402988107,0.0668264468182324,0.12851558711704308
OED,1999,0.0606530814006274,0.0502788588948234,0.1109319402954508
OED,2000,0.0605722691447761,0.0599024839961592,0.12047475314093531
OED,2001,0.0539718102653506,0.103399099928665,0.1573709101940156
OED,2002,0.0542024747961951,0.0706856569525893,0.12488813174878441
OED,2003,0.0521969352971329,0.0645409148062739,0.1167378501034068
OED,2004,0.0481418028359356,0.153354190037534,0.20149599287346961
OED,2005,0.0486820310260024,0.132879380538663,0.1815614115646654
OED,2006,0.0507859116498036,0.139539044840073,0.19032495648987663
OED,2007,0.0554746032366044,0.125680199516641,0.18115480275324541
OED,2008,0.0509146532674754,0.370932006326399,0.4218466595938744
OED,2009,0.0446807911164652,0.171555892735847,0.2162366838523122
OED,2010,0.0529920119294102,0.251345892296861,0.3043379042262712
OED,2011,0.0523425391163622,0.311014299121083,0.36335683823744525
OED,2012,0.0486339889027195,0.190181547563604,0.2388155364663235
OED,2013,0.0525473122000095,0.139246582886172,0.1917938950861815
OED,2014,0.0548507645054566,0.114641675200227,0.16949243970568362
OED,2015,0.0510455503835541,0.0832310756789231,0.1342766260624772
OED,2016,0.0527744753619594,0.0790634620117762,0.13183793737373561
OED,2017,0.060604881378325,0.105322741118247,0.165927622496572
OED,2018,0.0567379835622122,0.112265656309349,0.1690036398715612
OED,2019,0.0538049679984519,0.0801336808841834,0.1339386488826353
OMN,1995,0.0018731905023784,0.0,0.0018731905023784
OMN,1996,0.0017985716320125,0.0,0.0017985716320125
OMN,1997,0.00182589628965631,0.0,0.00182589628965631
OMN,1998,0.00301340694866491,0.0,0.00301340694866491
OMN,1999,0.0011973711521852,0.0,0.0011973711521852
OMN,2000,0.000974176744089338,0.0,0.000974176744089338
OMN,2001,0.00112806241941509,0.0,0.00112806241941509
OMN,2002,0.00125478682963038,0.0,0.00125478682963038
OMN,2003,0.00172239732961824,0.0,0.00172239732961824
OMN,2004,0.00151401022043465,0.0,0.00151401022043465
OMN,2005,0.00123406045003166,0.0,0.00123406045003166
OMN,2006,0.00130015329674951,0.0,0.00130015329674951
OMN,2007,0.00109541757164313,0.0,0.00109541757164313
OMN,2008,0.00137092738643272,0.0,0.00137092738643272
OMN,2009,0.00173377724679697,0.0,0.00173377724679697
OMN,2010,0.00159369128321774,0.0,0.00159369128321774
OMN,2011,0.00157855166310487,0.0,0.00157855166310487
OMN,2012,0.00165184315297515,0.0,0.00165184315297515
OMN,2013,0.0013691281081043,0.0,0.0013691281081043
OMN,2014,0.00218906145561547,0.0,0.00218906145561547
OMN,2015,0.00240527332833459,0.0,0.00240527332833459
OMN,2016,0.00200422268933291,0.0,0.00200422268933291
OMN,2017,0.00235866376858395,0.0,0.00235866376858395
OMN,2018,0.00108649491786051,0.0,0.00108649491786051
OMN,2019,0.00155761882899883,0.0,0.00155761882899883
OSS,1995,0.434348309843858,0.352218312702756,0.786566622546614
OSS,1996,0.449969873230552,0.344808443880833,0.7947783171113849
OSS,1997,0.442684591327817,0.327414513576868,0.770099104904685
OSS,1998,0.441584179830793,0.273928433512395,0.7155126133431879
OSS,1999,0.404945931732765,0.189137147562667,0.594083079295432
OSS,2000,0.434164671221995,0.212351069177594,0.6465157403995889
OSS,2001,0.460017067866873,0.310849751903835,0.770866819770708
OSS,2002,0.431372113154351,0.245318765606632,0.676690878760983
OSS,2003,0.403373833284909,0.189220003376842,0.592593836661751
OSS,2004,0.264688093844576,0.342897025854424,0.607585119699
OSS,2005,0.222841634625499,0.390381354065184,0.613222988690683
OSS,2006,0.232980885669616,0.385095371998719,0.618076257668335
OSS,2007,0.242332578587666,0.345075610434421,0.587408189022087
OSS,2008,0.258293408024094,0.861709054517097,1.120002462541191
OSS,2009,0.294155950402066,0.39155697532932,0.685712925731386
OSS,2010,0.363832200143367,0.582591238464679,0.9464234386080459
OSS,2011,0.375066735943654,0.686409647967411,1.061476383911065
OSS,2012,0.391004679498908,0.401313445972698,0.7923181254716061
OSS,2013,0.367667170794433,0.262811307151774,0.6304784779462069
OSS,2014,0.366660596122208,0.182686801672692,0.5493473977949
OSS,2015,0.419134815802891,0.132316505818985,0.551451321621876
OSS,2016,0.443645367952866,0.143129601590407,0.586774969543273
OSS,2017,0.460755531759384,0.171389791606114,0.632145323365498
OSS,2018,0.376668797690632,0.204155521359259,0.580824319049891
OSS,2019,0.360475876219079,0.188813127173622,0.549289003392701
PAK,1995,0.192060995328999,0.0694993763065574,0.2615603716355564
PAK,1996,0.216256232243063,0.0584266353715166,0.2746828676145796
PAK,1997,0.213935398820954,0.0449434789796401,0.2588788778005941
PAK,1998,0.21585709856713,0.0412898239187601,0.2571469224858901
PAK,1999,0.241210511050604,0.0288989098158679,0.27010942086647194
PAK,2000,0.169241907399449,0.0294023180237195,0.1986442254231685
PAK,2001,0.197936217781293,0.0517410438117924,0.2496772615930854
PAK,2002,0.229954226004785,0.035974556751227,0.265928782756012
PAK,2003,0.200366540342047,0.035765161747124,0.236131702089171
PAK,2004,0.129746236955408,0.105631310798181,0.235377547753589
PAK,2005,0.118703165626381,0.0834562245990744,0.2021593902254554
PAK,2006,0.15149456165741,0.0633889914136207,0.2148835530710307
PAK,2007,0.214651357195621,0.0899951154742049,0.3046464726698259
PAK,2008,0.184478304778111,0.156190732694083,0.340669037472194
PAK,2009,0.179834450159337,0.0671108211230262,0.2469452712823632
PAK,2010,0.306991926555376,0.0949511696372946,0.4019430961926706
PAK,2011,0.263245273492436,0.0978910040824315,0.3611362775748675
PAK,2012,0.220322849457223,0.0601665816498387,0.2804894311070617
PAK,2013,0.187003658721418,0.0535736323775322,0.2405772910989502
PAK,2014,0.185882475211949,0.0475600073916129,0.2334424826035619
PAK,2015,0.197294094157501,0.0392103536960419,0.23650444785354288
PAK,2016,0.195084121067945,0.0371350757558438,0.2322191968237888
PAK,2017,0.150402750839516,0.0463691812512946,0.1967719320908106
PAK,2018,0.0972655669332497,0.0721555292760785,0.16942109620932821
PAK,2019,0.120983563217612,0.0786917241446841,0.19967528736229612
PAN,1995,0.243858603386048,0.0,0.243858603386048
PAN,1996,0.174362001257439,0.0,0.174362001257439
PAN,1997,0.199540341010778,0.0,0.199540341010778
PAN,1998,0.137042182021341,0.0,0.137042182021341
PAN,1999,0.119575645655269,0.0,0.119575645655269
PAN,2000,0.113526164553835,0.0,0.113526164553835
PAN,2001,0.114534951128502,0.0,0.114534951128502
PAN,2002,0.104901871143008,0.0,0.104901871143008
PAN,2003,0.10813695776312,0.0,0.10813695776312
PAN,2004,0.0980526867175237,0.0,0.0980526867175237
PAN,2005,0.0987195742549029,0.0,0.0987195742549029
PAN,2006,0.127267314799788,0.0,0.127267314799788
PAN,2007,0.117743566419889,0.0,0.117743566419889
PAN,2008,0.109519193886937,0.0,0.109519193886937
PAN,2009,0.0966362516937444,0.0,0.0966362516937444
PAN,2010,0.169336064951859,0.0,0.169336064951859
PAN,2011,0.128872476655381,0.0,0.128872476655381
PAN,2012,0.108055430670905,0.0,0.108055430670905
PAN,2013,0.118754657486849,0.0,0.118754657486849
PAN,2014,0.132387498808345,0.0,0.132387498808345
PAN,2015,0.104951322854754,0.0,0.104951322854754
PAN,2016,0.11716614237166,0.0,0.11716614237166
PAN,2017,0.116492314728545,0.0,0.116492314728545
PAN,2018,0.0994393790926708,0.0,0.0994393790926708
PAN,2019,0.0827383292351151,0.0,0.0827383292351151
PER,1995,0.280831756256763,0.00028809878567212,0.2811198550424351
PER,1996,0.224980526822593,1.63561303760724e-05,0.22499688295296907
PER,1997,0.234304823757818,0.0,0.234304823757818
PER,1998,0.250392710682355,0.0,0.250392710682355
PER,1999,0.230968134054837,0.0,0.230968134054837
PER,2000,0.206357831813699,0.0,0.206357831813699
PER,2001,0.193352168957457,6.58831227251724e-05,0.19341805208018217
PER,2002,0.185588270930328,0.0,0.185588270930328
PER,2003,0.173559339190321,7.11286015901435e-09,0.17355934630318115
PER,2004,0.169943964954899,0.000790996817941175,0.17073496177284017
PER,2005,0.158512249767766,0.000813696791413392,0.1593259465591794
PER,2006,0.199100187510279,0.00195678276615012,0.20105697027642913
PER,2007,0.203831829134657,0.00334174270741921,0.20717357184207622
PER,2008,0.182180344922229,0.00988418088587248,0.1920645258081015
PER,2009,0.153845154742738,0.00561274123872108,0.15945789598145907
PER,2010,0.232133768026625,0.00287321696448575,0.23500698499111075
PER,2011,0.185724618227566,0.00643448766502628,0.19215910589259227
PER,2012,0.159329263520308,0.00469811602699319,0.16402737954730118
PER,2013,0.181783102720725,0.0032585113220827,0.18504161404280772
PER,2014,0.215684230101134,0.00276469173330299,0.21844892183443698
PER,2015,0.182731288588367,0.00262100955245613,0.18535229814082316
PER,2016,0.224375236979849,0.00301187982222832,0.22738711680207732
PER,2017,0.17754220831764,0.00413016635399039,0.1816723746716304
PER,2018,0.128648792937487,0.00323898386325731,0.1318877768007443
PER,2019,0.119571157344228,0.00197751483316281,0.12154867217739082
PHL,1995,0.528630338620144,0.00908905497443701,0.537719393594581
PHL,1996,0.480630495752567,0.0041790834456228,0.4848095791981898
PHL,1997,0.39378673321738,0.00226258049209808,0.3960493137094781
PHL,1998,0.437634560585824,0.00560601674172873,0.44324057732755273
PHL,1999,0.257995266828329,0.00246753435803736,0.2604628011863664
PHL,2000,0.266294389337994,0.0075243014100572,0.2738186907480512
PHL,2001,0.30038605107745,0.0160221222310816,0.3164081733085316
PHL,2002,0.298292595569984,0.0108959226384649,0.3091885182084489
PHL,2003,0.404284633164113,0.0115711742241458,0.4158558073882588
PHL,2004,0.342061736291048,0.067532240818793,0.409593977109841
PHL,2005,0.264349018304629,0.0477348222671089,0.3120838405717379
PHL,2006,0.288848766107275,0.0337449921646886,0.32259375827196357
PHL,2007,0.325748577590045,0.0645624841882037,0.3903110617782487
PHL,2008,0.435708390016916,0.144234555171899,0.5799429451888151
PHL,2009,0.400630135612476,0.0692845741543917,0.4699147097668677
PHL,2010,0.338700074143757,0.141497292534211,0.48019736667796803
PHL,2011,0.363036895530963,0.168097504910434,0.531134400441397
PHL,2012,0.297488355159258,0.089523293632695,0.387011648791953
PHL,2013,0.269234847110908,0.0552783685574472,0.3245132156683552
PHL,2014,0.34087014925573,0.0464954919979855,0.38736564125371553
PHL,2015,0.247625799940941,0.0279728252969464,0.2755986252378874
PHL,2016,0.251975427702235,0.0459804255789144,0.29795585328114943
PHL,2017,0.296677829690723,0.063378916996683,0.36005674668740595
PHL,2018,0.198451064762095,0.0696404953218149,0.2680915600839099
PHL,2019,0.168695263776435,0.0549027596736656,0.2235980234501006
PLW,1995,0.0,0.0,0.0
PLW,1996,0.0,0.0,0.0
PLW,1997,0.0,0.0,0.0
PLW,1998,0.0,0.0,0.0
PLW,1999,0.0,0.0,0.0
PLW,2000,0.0,0.0,0.0
PLW,2001,0.0,0.0,0.0
PLW,2002,0.0,0.0,0.0
PLW,2003,0.0,0.0,0.0
PLW,2004,0.0,0.0,0.0
PLW,2005,0.0,0.0,0.0
PLW,2006,0.0,0.0,0.0
PLW,2007,0.0,0.0,0.0
PLW,2008,0.0,0.0,0.0
PLW,2009,0.0,0.0,0.0
PLW,2010,0.0,0.0,0.0
PLW,2011,0.0,0.0,0.0
PLW,2012,0.0,0.0,0.0
PLW,2013,0.0,0.0,0.0
PLW,2014,0.0,0.0,0.0
PLW,2015,0.0,0.0,0.0
PLW,2016,0.0,0.0,0.0
PLW,2017,0.0,0.0,0.0
PLW,2018,0.0,0.0,0.0
PLW,2019,0.0,0.0,0.0
PNG,1995,6.01471668622886,0.0,6.01471668622886
PNG,1996,5.50569037043865,0.0,5.50569037043865
PNG,1997,4.65561820917451,0.0,4.65561820917451
PNG,1998,5.40983958676389,0.0,5.40983958676389
PNG,1999,4.44137926117311,0.0,4.44137926117311
PNG,2000,3.61900595520652,0.0,3.61900595520652
PNG,2001,3.93950514672019,0.0,3.93950514672019
PNG,2002,4.9296803414803,0.0,4.9296803414803
PNG,2003,5.99462772288367,0.0,5.99462772288367
PNG,2004,4.2787235421811,0.0,4.2787235421811
PNG,2005,3.56771179040925,0.0,3.56771179040925
PNG,2006,2.96694754954177,0.0,2.96694754954177
PNG,2007,3.5973883395493,0.0,3.5973883395493
PNG,2008,3.98060857486107,0.0,3.98060857486107
PNG,2009,3.45515581843709,0.0,3.45515581843709
PNG,2010,3.87169100008406,0.0,3.87169100008406
PNG,2011,3.15668959034849,0.0,3.15668959034849
PNG,2012,2.43548066873603,0.0,2.43548066873603
PNG,2013,2.50231478327613,0.0,2.50231478327613
PNG,2014,3.15282018263864,0.0,3.15282018263864
PNG,2015,2.4139736154163,0.0,2.4139736154163
PNG,2016,2.58216774489112,0.0,2.58216774489112
PNG,2017,2.99071546483766,0.0,2.99071546483766
PNG,2018,2.30932252914095,0.0,2.30932252914095
PNG,2019,2.0715590465242,0.0,2.0715590465242
POL,1995,0.300273461841522,0.445422274815314,0.745695736656836
POL,1996,0.284593155343189,0.335364780043221,0.61995793538641
POL,1997,0.262114945622835,0.28736512391939,0.5494800695422251
POL,1998,0.205287634092788,0.220098632518271,0.425386266611059
POL,1999,0.234614575142038,0.106825150766781,0.341439725908819
POL,2000,0.226640506518491,0.182328645236043,0.40896915175453397
POL,2001,0.190772305710436,0.425432376113189,0.616204681823625
POL,2002,0.174959822261182,0.240319506924247,0.415279329185429
POL,2003,0.206596721646823,0.206937984031917,0.41353470567873996
POL,2004,0.20310289066654,0.874452636399812,1.077555527066352
POL,2005,0.171136494649658,0.646343231447487,0.8174797260971449
POL,2006,0.171546551557951,0.607458268480463,0.7790048200384141
POL,2007,0.186431303079139,0.526973536099691,0.71340483917883
POL,2008,0.1631908889559,1.5059062078238,1.6690970967796999
POL,2009,0.167232926176397,0.584647363043364,0.7518802892197609
POL,2010,0.169082284704217,0.880482208360642,1.0495644930648589
POL,2011,0.1800096226856,1.00712315525847,1.1871327779440701
POL,2012,0.190210156781719,0.537469258136828,0.727679414918547
POL,2013,0.189312284192118,0.260062450425264,0.449374734617382
POL,2014,0.1836595606415,0.214340467626121,0.398000028267621
POL,2015,0.181546881542178,0.209535994376333,0.391082875918511
POL,2016,0.185292972692859,0.238184095866543,0.423477068559402
POL,2017,0.229462841468825,0.278751933992603,0.508214775461428
POL,2018,0.201573823903604,0.271492418074562,0.473066241978166
POL,2019,0.180467484565781,0.200889167784234,0.381356652350015
PRE,1995,6.69279506545465,0.0186764577888096,6.71147152324346
PRE,1996,5.76106802187747,0.0169838618343453,5.778051883711815
PRE,1997,4.93409283361861,0.0151966208171993,4.949289454435809
PRE,1998,4.9209372351907,0.0148610894326389,4.935798324623339
PRE,1999,3.4950698358199,0.0175530344433529,3.512622870263253
PRE,2000,3.11458677238284,0.0148870115475021,3.129473783930342
PRE,2001,3.16161994246403,0.0202777580961084,3.181897700560138
PRE,2002,3.27266074508891,0.0179659728475401,3.29062671793645
PRE,2003,4.58652414166011,0.0150992630524479,4.601623404712558
PRE,2004,3.15874963832375,0.0172814923550348,3.1760311306787847
PRE,2005,2.76169910564135,0.0252249784726195,2.7869240841139695
PRE,2006,2.26386405750281,0.0227675282537214,2.286631585756531
PRE,2007,2.66584275664511,0.0147989642819595,2.6806417209270696
PRE,2008,2.5995163761979,0.0387223625650247,2.6382387387629245
PRE,2009,2.77301178029729,0.0241656946405197,2.7971774749378095
PRE,2010,2.20424690915235,0.029495637890639,2.233742547042989
PRE,2011,2.21510053129311,0.0563197114066261,2.2714202426997363
PRE,2012,2.32452661418513,0.0426905138937183,2.367217128078848
PRE,2013,2.28353406981936,0.0326520121502137,2.316186081969574
PRE,2014,2.36869745077576,0.0277959628468105,2.3964934136225704
PRE,2015,2.87606256325122,0.0237232373116326,2.8997858005628525
PRE,2016,3.37538654959491,0.0293640098565365,3.4047505594514464
PRE,2017,3.2089498859277,0.0666891256093937,3.275639011537094
PRE,2018,2.17646836538877,0.0831466272545247,2.2596149926432947
PRE,2019,1.83468067631149,0.042009068438778,1.876689744750268
PRI,1995,0.0,0.0,0.0
PRI,1996,0.0,0.0,0.0
PRI,1997,0.0,0.0,0.0
PRI,1998,0.0,0.0,0.0
PRI,1999,0.0,0.0,0.0
PRI,2000,0.0,0.0,0.0
PRI,2001,0.0,0.0,0.0
PRI,2002,0.0,0.0,0.0
PRI,2003,0.0,0.0,0.0
PRI,2004,0.0,0.0,0.0
PRI,2005,0.0,0.0,0.0
PRI,2006,0.0,0.0,0.0
PRI,2007,0.0,0.0,0.0
PRI,2008,0.0,0.0,0.0
PRI,2009,0.0,0.0,0.0
PRI,2010,0.0,0.0,0.0
PRI,2011,0.0,0.0,0.0
PRI,2012,0.0,0.0,0.0
PRI,2013,0.0,0.0,0.0
PRI,2014,0.0,0.0,0.0
PRI,2015,0.0,0.0,0.0
PRI,2016,0.0,0.0,0.0
PRI,2017,0.0,0.0,0.0
PRI,2018,0.0,0.0,0.0
PRI,2019,0.0,0.0,0.0
PRK,1995,0.0,0.0,0.0
PRK,1996,0.0,0.0,0.0
PRK,1997,0.0,0.0,0.0
PRK,1998,0.0,0.0,0.0
PRK,1999,0.0,0.0,0.0
PRK,2000,0.0,0.0,0.0
PRK,2001,0.0,0.0,0.0
PRK,2002,0.0,0.0,0.0
PRK,2003,0.0,0.0,0.0
PRK,2004,0.0,0.0,0.0
PRK,2005,0.0,0.0,0.0
PRK,2006,0.0,0.0,0.0
PRK,2007,0.0,0.0,0.0
PRK,2008,0.0,0.0,0.0
PRK,2009,0.0,0.0,0.0
PRK,2010,0.0,0.0,0.0
PRK,2011,0.0,0.0,0.0
PRK,2012,0.0,0.0,0.0
PRK,2013,0.0,0.0,0.0
PRK,2014,0.0,0.0,0.0
PRK,2015,0.0,0.0,0.0
PRK,2016,0.0,0.0,0.0
PRK,2017,0.0,0.0,0.0
PRK,2018,0.0,0.0,0.0
PRK,2019,0.0,0.0,0.0
PRT,1995,0.146322750257927,0.0,0.146322750257927
PRT,1996,0.143048647383044,0.0,0.143048647383044
PRT,1997,0.119637862081282,0.0,0.119637862081282
PRT,1998,0.105898143111188,0.0,0.105898143111188
PRT,1999,0.105379807547228,0.0,0.105379807547228
PRT,2000,0.149011449601339,0.0,0.149011449601339
PRT,2001,0.114730409491827,0.0,0.114730409491827
PRT,2002,0.113770284677344,0.0,0.113770284677344
PRT,2003,0.111900039220808,0.0,0.111900039220808
PRT,2004,0.0876867622368527,0.0,0.0876867622368527
PRT,2005,0.0859115930832485,0.0,0.0859115930832485
PRT,2006,0.0991504632631413,0.0,0.0991504632631413
PRT,2007,0.111314782853001,0.0,0.111314782853001
PRT,2008,0.111098483830341,0.0,0.111098483830341
PRT,2009,0.105377194109903,0.0,0.105377194109903
PRT,2010,0.10217667363899,0.0,0.10217667363899
PRT,2011,0.118706549997115,0.0,0.118706549997115
PRT,2012,0.132062636633591,0.0,0.132062636633591
PRT,2013,0.118241087791134,0.0,0.118241087791134
PRT,2014,0.137691607334849,0.0,0.137691607334849
PRT,2015,0.134238992656126,0.0,0.134238992656126
PRT,2016,0.139852180900393,0.0,0.139852180900393
PRT,2017,0.126565820094357,0.0,0.126565820094357
PRT,2018,0.133573334549281,0.0,0.133573334549281
PRT,2019,0.105115233254845,0.0,0.105115233254845
PRY,1995,2.63965820175389,0.0,2.63965820175389
PRY,1996,2.22608401252279,0.0,2.22608401252279
PRY,1997,2.01417230058798,0.0,2.01417230058798
PRY,1998,1.90038248473524,0.0,1.90038248473524
PRY,1999,1.75811595698581,0.0,1.75811595698581
PRY,2000,1.45787297235915,0.0,1.45787297235915
PRY,2001,1.60757447354987,0.0,1.60757447354987
PRY,2002,2.06644461539792,0.0,2.06644461539792
PRY,2003,2.1405094286833,0.0,2.1405094286833
PRY,2004,1.64033653204543,0.0,1.64033653204543
PRY,2005,1.57676942951572,0.0,1.57676942951572
PRY,2006,1.82769554506963,0.0,1.82769554506963
PRY,2007,1.64733758618202,0.0,1.64733758618202
PRY,2008,1.37910328807313,0.0,1.37910328807313
PRY,2009,1.51544231767878,0.0,1.51544231767878
PRY,2010,1.93905632440049,0.0,1.93905632440049
PRY,2011,1.47353467744093,0.0,1.47353467744093
PRY,2012,1.47455168437489,0.0,1.47455168437489
PRY,2013,1.50683472158591,0.0,1.50683472158591
PRY,2014,1.5066579255286,0.0,1.5066579255286
PRY,2015,1.59687454489978,0.0,1.59687454489978
PRY,2016,1.81645151192893,0.0,1.81645151192893
PRY,2017,1.63940581803516,0.0,1.63940581803516
PRY,2018,1.44137638465142,0.0,1.44137638465142
PRY,2019,1.31846118584505,0.0,1.31846118584505
PSE,1995,0.0,0.0,0.0
PSE,1996,0.0,0.0,0.0
PSE,1997,0.0,0.0,0.0
PSE,1998,0.0,0.0,0.0
PSE,1999,0.0,0.0,0.0
PSE,2000,0.0,0.0,0.0
PSE,2001,0.0,0.0,0.0
PSE,2002,0.0,0.0,0.0
PSE,2003,0.0,0.0,0.0
PSE,2004,0.0,0.0,0.0
PSE,2005,0.0,0.0,0.0
PSE,2006,0.0,0.0,0.0
PSE,2007,0.0,0.0,0.0
PSE,2008,0.0,0.0,0.0
PSE,2009,0.0,0.0,0.0
PSE,2010,0.0,0.0,0.0
PSE,2011,0.0,0.0,0.0
PSE,2012,0.0,0.0,0.0
PSE,2013,0.0,0.0,0.0
PSE,2014,0.0,0.0,0.0
PSE,2015,0.0,0.0,0.0
PSE,2016,0.0,0.0,0.0
PSE,2017,0.0,0.0,0.0
PSE,2018,0.0,0.0,0.0
PSE,2019,0.0,0.0,0.0
PSS,1995,1.83131601272191,0.0,1.83131601272191
PSS,1996,1.92761262168615,0.0,1.92761262168615
PSS,1997,1.32853942254236,0.0,1.32853942254236
PSS,1998,1.42980435718555,0.0,1.42980435718555
PSS,1999,1.06937953034666,0.0,1.06937953034666
PSS,2000,1.02406984417122,0.0,1.02406984417122
PSS,2001,1.0812455414139,0.0,1.0812455414139
PSS,2002,1.04401033531652,0.0,1.04401033531652
PSS,2003,1.37418736128994,0.0,1.37418736128994
PSS,2004,1.00484616321408,0.0,1.00484616321408
PSS,2005,1.24529236069263,0.0,1.24529236069263
PSS,2006,1.50190878470518,0.0,1.50190878470518
PSS,2007,2.22959369458661,0.0,2.22959369458661
PSS,2008,2.63742569249145,0.0,2.63742569249145
PSS,2009,2.17157592957879,0.0,2.17157592957879
PSS,2010,2.74941533887861,0.0,2.74941533887861
PSS,2011,2.67438967358615,0.0,2.67438967358615
PSS,2012,2.82977772468266,0.0,2.82977772468266
PSS,2013,2.79696552609746,0.0,2.79696552609746
PSS,2014,3.3161036606861,0.0,3.3161036606861
PSS,2015,2.84038216493052,0.0,2.84038216493052
PSS,2016,2.48856740759116,0.0,2.48856740759116
PSS,2017,3.63620200620921,0.0,3.63620200620921
PSS,2018,3.62927661135388,0.0,3.62927661135388
PSS,2019,3.4124360996519,0.0,3.4124360996519
PST,1995,0.073041967331684,0.069381902272313,0.142423869603997
PST,1996,0.0721442168750218,0.0740714156636278,0.1462156325386496
PST,1997,0.0698390652523855,0.0737045426070847,0.14354360785947018
PST,1998,0.0566905093711358,0.0692826088830977,0.12597311825423352
PST,1999,0.0556013865446151,0.0524916010218935,0.10809298756650859
PST,2000,0.0567683738769577,0.062497578746261,0.11926595262321871
PST,2001,0.04976514551309,0.106500327922673,0.156265473435763
PST,2002,0.0498968744292578,0.0739015165987982,0.12379839102805601
PST,2003,0.0483492108524668,0.0671104312786007,0.11545964213106749
PST,2004,0.0449051990935041,0.152365765415781,0.1972709645092851
PST,2005,0.0455241791337367,0.134893241218481,0.1804174203522177
PST,2006,0.0470287028630218,0.141668120668164,0.1886968235311858
PST,2007,0.0511764960592759,0.123602222314624,0.1747787183738999
PST,2008,0.0459539259652204,0.367644971780498,0.4135988977457184
PST,2009,0.0391407933190705,0.174009861395502,0.2131506547145725
PST,2010,0.0446693305842417,0.251088100375103,0.2957574309593447
PST,2011,0.0452129854406355,0.309680863637795,0.3548938490784305
PST,2012,0.0414542404580884,0.190570611987129,0.2320248524452174
PST,2013,0.044275589233415,0.140269843947563,0.184545433180978
PST,2014,0.0457608191658487,0.11525799723011,0.1610188163959587
PST,2015,0.0423331357928896,0.0829695739683247,0.1253027097612143
PST,2016,0.0425670900726296,0.0771911329150765,0.1197582229877061
PST,2017,0.0499580255416606,0.103175721815129,0.1531337473567896
PST,2018,0.0482475965411995,0.110116372221943,0.1583639687631425
PST,2019,0.0462331913546543,0.0784919305913102,0.1247251219459645
PYF,1995,0.0018480469928257,0.0,0.0018480469928257
PYF,1996,0.00199947194238976,0.0,0.00199947194238976
PYF,1997,0.00197219152700706,0.0,0.00197219152700706
PYF,1998,0.00156847900287844,0.0,0.00156847900287844
PYF,1999,0.000852016194534836,0.0,0.000852016194534836
PYF,2000,0.000923405568411174,0.0,0.000923405568411174
PYF,2001,0.00109973288513005,0.0,0.00109973288513005
PYF,2002,0.00112832300291278,0.0,0.00112832300291278
PYF,2003,0.00134212901664791,0.0,0.00134212901664791
PYF,2004,0.00134167927665698,0.0,0.00134167927665698
PYF,2005,0.00161049592795588,0.0,0.00161049592795588
PYF,2006,0.00198941880824569,0.0,0.00198941880824569
PYF,2007,0.00251149008152981,0.0,0.00251149008152981
PYF,2008,0.00342826908429782,0.0,0.00342826908429782
PYF,2009,0.00338024749046429,0.0,0.00338024749046429
PYF,2010,0.00376946842807292,0.0,0.00376946842807292
PYF,2011,0.00445979228108619,0.0,0.00445979228108619
PYF,2012,0.00440591554696973,0.0,0.00440591554696973
PYF,2013,0.00393738902973948,0.0,0.00393738902973948
PYF,2014,0.00535731271800958,0.0,0.00535731271800958
PYF,2015,0.00480407187747372,0.0,0.00480407187747372
PYF,2016,0.00509988947957939,0.0,0.00509988947957939
PYF,2017,0.00585109251958065,0.0,0.00585109251958065
PYF,2018,0.00356522146444518,0.0,0.00356522146444518
PYF,2019,0.0033458094981088,0.0,0.0033458094981088
QAT,1995,0.000429884735467654,0.0,0.000429884735467654
QAT,1996,0.000384353932584475,0.0,0.000384353932584475
QAT,1997,0.000305971627157859,0.0,0.000305971627157859
QAT,1998,0.000733998698242768,0.0,0.000733998698242768
QAT,1999,0.000262660445938375,0.0,0.000262660445938375
QAT,2000,0.000181398205289287,0.0,0.000181398205289287
QAT,2001,0.000205892982456141,0.0,0.000205892982456141
QAT,2002,0.000208572346206231,0.0,0.000208572346206231
QAT,2003,0.000245604997683974,0.0,0.000245604997683974
QAT,2004,0.000177912659214303,0.0,0.000177912659214303
QAT,2005,0.000125918806321381,0.0,0.000125918806321381
QAT,2006,0.000113082157415938,0.0,0.000113082157415938
QAT,2007,8.00901916220935e-05,0.0,8.00901916220935e-05
QAT,2008,9.76381740787781e-05,0.0,9.76381740787781e-05
QAT,2009,0.000112535960038342,0.0,0.000112535960038342
QAT,2010,0.000105687219738134,0.0,0.000105687219738134
QAT,2011,9.08356023587425e-05,0.0,9.08356023587425e-05
QAT,2012,9.39367335338763e-05,0.0,9.39367335338763e-05
QAT,2013,7.34854310535053e-05,0.0,7.34854310535053e-05
QAT,2014,0.000113862135919319,0.0,0.000113862135919319
QAT,2015,0.000132171664449558,0.0,0.000132171664449558
QAT,2016,0.000109255845186937,0.0,0.000109255845186937
QAT,2017,0.00012707555106357,0.0,0.00012707555106357
QAT,2018,5.67561414920975e-05,0.0,5.67561414920975e-05
QAT,2019,7.96022722537887e-05,0.0,7.96022722537887e-05
ROU,1995,0.666569540484037,0.0852183515667878,0.7517878920508249
ROU,1996,0.682995325679195,0.0559416788686419,0.7389370045478368
ROU,1997,0.666526782965204,0.0276511100491298,0.6941778930143337
ROU,1998,0.417225959358127,0.0264900194151803,0.4437159787733073
ROU,1999,0.551884786944392,0.00665140352941871,0.5585361904738108
ROU,2000,0.528334253836839,0.0471360430458419,0.5754702968826808
ROU,2001,0.408454152280944,0.148910028910058,0.557364181191002
ROU,2002,0.398270996240925,0.0473375696093841,0.4456085658503091
ROU,2003,0.413784941700434,0.0427125133532241,0.45649745505365813
ROU,2004,0.36992931589425,0.302346005342054,0.672275321236304
ROU,2005,0.260404073854235,0.137550843403067,0.397954917257302
ROU,2006,0.229924149515878,0.131023596989686,0.360947746505564
ROU,2007,0.213571423199123,0.160288656570398,0.373860079769521
ROU,2008,0.172948188489194,0.406049107691184,0.578997296180378
ROU,2009,0.169249778597538,0.138463665594626,0.307713444192164
ROU,2010,0.200485409548519,0.241667876490204,0.442153286038723
ROU,2011,0.216636582913586,0.295278539729938,0.511915122643524
ROU,2012,0.242399417089452,0.127830873583113,0.370230290672565
ROU,2013,0.214336597955237,0.0455428280245193,0.2598794259797563
ROU,2014,0.19583346907385,0.034718339478214,0.23055180855206397
ROU,2015,0.189278755001854,0.0266754601414304,0.21595421514328442
ROU,2016,0.174143528517222,0.0258870672734479,0.2000305957906699
ROU,2017,0.199328241795572,0.0321491452863581,0.23147738708193008
ROU,2018,0.186181613264917,0.0294045200544209,0.2155861333193379
ROU,2019,0.17146485178739,0.0204076426370487,0.19187249442443868
RUS,1995,0.474811147356654,0.261275642112783,0.736086789469437
RUS,1996,0.474257837224228,0.238313684602075,0.712571521826303
RUS,1997,0.512520628751622,0.184131293814738,0.69665192256636
RUS,1998,0.560748769302722,0.267635672143723,0.828384441446445
RUS,1999,0.979318429545095,0.227577992971664,1.2068964225167589
RUS,2000,0.893465860279828,0.267292850766668,1.1607587110464959
RUS,2001,0.7374108125074,0.543231109180164,1.2806419216875642
RUS,2002,0.581348556561578,0.332078896134252,0.91342745269583
RUS,2003,0.60602864338381,0.257760611118803,0.863789254502613
RUS,2004,0.493371345733943,0.763856154475936,1.257227500209879
RUS,2005,0.404074723474063,0.672065787615228,1.076140511089291
RUS,2006,0.367782779775805,0.558289896787985,0.92607267656379
RUS,2007,0.375115108440564,0.438320419083283,0.813435527523847
RUS,2008,0.262973658206296,1.38101613489841,1.643989793104706
RUS,2009,0.289577513272354,0.7302260729598,1.019803586232154
RUS,2010,0.278195147392975,0.880991448539494,1.159186595932469
RUS,2011,0.255460123774792,0.826216078938521,1.081676202713313
RUS,2012,0.230896771962883,0.43162981739037,0.662526589353253
RUS,2013,0.209103637948412,0.19902062006838,0.408124258016792
RUS,2014,0.235297583687793,0.205841953422573,0.441139537110366
RUS,2015,0.312057503879479,0.29593673861839,0.607994242497869
RUS,2016,0.343352000869272,0.381520993635713,0.724872994504985
RUS,2017,0.361639386763117,0.463399759438158,0.8250391462012749
RUS,2018,0.36077863999471,0.540453511939203,0.901232151933913
RUS,2019,0.3186284843806,0.441616890263136,0.760245374643736
RWA,1995,12.5789153736506,0.0,12.5789153736506
RWA,1996,12.5556645338792,0.0,12.5556645338792
RWA,1997,11.127496377015,0.0,11.127496377015
RWA,1998,10.8721390422595,0.0,10.8721390422595
RWA,1999,6.47992471252592,0.0,6.47992471252592
RWA,2000,5.03183106462806,0.0,5.03183106462806
RWA,2001,5.37254284433336,0.0,5.37254284433336
RWA,2002,6.4362672971719,0.0,6.4362672971719
RWA,2003,9.07565467006913,0.0,9.07565467006913
RWA,2004,7.0193337229291,0.0,7.0193337229291
RWA,2005,5.95592139942162,0.0,5.95592139942162
RWA,2006,5.29257953141071,0.0,5.29257953141071
RWA,2007,6.1182179947587,0.0,6.1182179947587
RWA,2008,8.04710034857269,0.0,8.04710034857269
RWA,2009,6.85097735150628,0.0,6.85097735150628
RWA,2010,5.91081498596813,0.0,5.91081498596813
RWA,2011,5.92857792899397,0.0,5.92857792899397
RWA,2012,6.01164972482255,0.0,6.01164972482255
RWA,2013,6.10028438025706,0.0,6.10028438025706
RWA,2014,6.03079463486725,0.0,6.03079463486725
RWA,2015,5.68361388152406,0.0,5.68361388152406
RWA,2016,5.836906102429,0.0,5.836906102429
RWA,2017,5.72940366210835,0.0,5.72940366210835
RWA,2018,4.48341007533054,0.0,4.48341007533054
RWA,2019,3.77766250009468,0.0,3.77766250009468
SAS,1995,0.484780835812274,0.747661154686412,1.232441990498686
SAS,1996,0.413514559712883,0.66376252792054,1.077277087633423
SAS,1997,0.367685616906647,0.569356167484618,0.9370417843912651
SAS,1998,0.353189910624199,0.452431754330264,0.805621664954463
SAS,1999,0.376093079718724,0.31738301731571,0.693476097034434
SAS,2000,0.332201503874526,0.42452685906077,0.756728362935296
SAS,2001,0.322156199420992,0.693951054574768,1.01610725399576
SAS,2002,0.36014828786301,0.493673639306853,0.853821927169863
SAS,2003,0.33292683984557,0.501959162013941,0.834886001859511
SAS,2004,0.243219868154167,1.19757662945468,1.440796497608847
SAS,2005,0.213141847759433,0.975550972472648,1.188692820232081
SAS,2006,0.283642454555575,0.986872695489416,1.2705151500449912
SAS,2007,0.311974141543971,1.07939695799998,1.391371099543951
SAS,2008,0.301976275581865,2.53610394749594,2.8380802230778053
SAS,2009,0.262274482445853,1.24180452835842,1.504079010804273
SAS,2010,0.382882505672973,1.4669119863184,1.849794491991373
SAS,2011,0.35659195815854,1.79383159882222,2.15042355698076
SAS,2012,0.31197616001272,1.3208274006632,1.63280356067592
SAS,2013,0.27652151339469,1.06839435086718,1.34491586426187
SAS,2014,0.26201736421391,0.864148330737076,1.126165694950986
SAS,2015,0.290930431593808,0.669879813296624,0.9608102448904321
SAS,2016,0.290244726048559,0.69740646730057,0.987651193349129
SAS,2017,0.203400160370802,0.81591550203274,1.019315662403542
SAS,2018,0.142346929465336,0.995214989794486,1.1375619192598219
SAS,2019,0.148990964986749,0.711635766815055,0.860626731801804
SAU,1995,0.00126040818697973,0.0,0.00126040818697973
SAU,1996,0.00116780894365313,0.0,0.00116780894365313
SAU,1997,0.00117477721350431,0.0,0.00117477721350431
SAU,1998,0.00190910338350391,0.0,0.00190910338350391
SAU,1999,0.000779976704865105,0.0,0.000779976704865105
SAU,2000,0.000676586942008168,0.0,0.000676586942008168
SAU,2001,0.000798851157139598,0.0,0.000798851157139598
SAU,2002,0.000887810631724202,0.0,0.000887810631724202
SAU,2003,0.00114235763374001,0.0,0.00114235763374001
SAU,2004,0.000952327284098331,0.0,0.000952327284098331
SAU,2005,0.000762322326552833,0.0,0.000762322326552833
SAU,2006,0.000833405551857306,0.0,0.000833405551857306
SAU,2007,0.000715493527411909,0.0,0.000715493527411909
SAU,2008,0.00103124825915643,0.0,0.00103124825915643
SAU,2009,0.00124814286480281,0.0,0.00124814286480281
SAU,2010,0.00124486214718396,0.0,0.00124486214718396
SAU,2011,0.00115235471154411,0.0,0.00115235471154411
SAU,2012,0.00123547303777919,0.0,0.00123547303777919
SAU,2013,0.00103440743296474,0.0,0.00103440743296474
SAU,2014,0.00167609613833553,0.0,0.00167609613833553
SAU,2015,0.00180046849861999,0.0,0.00180046849861999
SAU,2016,0.00144804637300394,0.0,0.00144804637300394
SAU,2017,0.00171223057216519,0.0,0.00171223057216519
SAU,2018,0.000750262726086247,0.0,0.000750262726086247
SAU,2019,0.00104841092451295,0.0,0.00104841092451295
SDN,1995,0.0,0.0,0.0
SDN,1996,0.0,0.0,0.0
SDN,1997,0.0,0.0,0.0
SDN,1998,0.0,0.0,0.0
SDN,1999,0.0,0.0,0.0
SDN,2000,0.0,0.0,0.0
SDN,2001,0.0,0.0,0.0
SDN,2002,0.0,0.0,0.0
SDN,2003,0.0,0.0,0.0
SDN,2004,0.0,0.0,0.0
SDN,2005,0.0,0.0,0.0
SDN,2006,0.0,0.0,0.0
SDN,2007,0.0,0.0,0.0
SDN,2008,0.0,0.0,0.0
SDN,2009,0.0,0.0,0.0
SDN,2010,0.0,0.0,0.0
SDN,2011,1.04639366405286,0.0,1.04639366405286
SDN,2012,1.53382074369244,0.0,1.53382074369244
SDN,2013,1.53112624015148,0.0,1.53112624015148
SDN,2014,1.49166899749313,0.0,1.49166899749313
SDN,2015,1.39952647080597,0.0,1.39952647080597
SDN,2016,1.21630875987527,0.0,1.21630875987527
SDN,2017,0.954746498811384,0.0,0.954746498811384
SDN,2018,2.73490089102518,0.0,2.73490089102518
SDN,2019,2.60000953615501,0.0,2.60000953615501
SEN,1995,3.17141285205529,0.0,3.17141285205529
SEN,1996,3.00888977508268,0.0,3.00888977508268
SEN,1997,3.04303713996853,0.0,3.04303713996853
SEN,1998,2.9312687610951,0.0,2.9312687610951
SEN,1999,2.09784010095489,0.0,2.09784010095489
SEN,2000,2.28823224800292,0.0,2.28823224800292
SEN,2001,2.0423216013611,0.0,2.0423216013611
SEN,2002,2.26762698566443,0.0,2.26762698566443
SEN,2003,2.67173545308465,0.0,2.67173545308465
SEN,2004,1.92610162962155,0.0,1.92610162962155
SEN,2005,1.91529798187365,0.0,1.91529798187365
SEN,2006,1.88914740077428,0.0,1.88914740077428
SEN,2007,2.14910063112975,0.0,2.14910063112975
SEN,2008,2.24764775901598,0.0,2.24764775901598
SEN,2009,2.26182875423849,0.0,2.26182875423849
SEN,2010,2.06764724818358,0.0,2.06764724818358
SEN,2011,2.13638602306903,0.0,2.13638602306903
SEN,2012,2.45335214507715,0.0,2.45335214507715
SEN,2013,2.37964502782245,0.0,2.37964502782245
SEN,2014,2.45092372661874,0.0,2.45092372661874
SEN,2015,2.71863395258786,0.0,2.71863395258786
SEN,2016,2.65969682936919,0.0,2.65969682936919
SEN,2017,2.45324564621686,0.0,2.45324564621686
SEN,2018,1.70941204046376,0.0,1.70941204046376
SEN,2019,1.55998561412281,0.0,1.55998561412281
SGP,1995,0.000949987923543962,0.0,0.000949987923543962
SGP,1996,0.000831818439672971,0.0,0.000831818439672971
SGP,1997,0.000727257745572007,0.0,0.000727257745572007
SGP,1998,0.00070994707950462,0.0,0.00070994707950462
SGP,1999,0.000371764816770873,0.0,0.000371764816770873
SGP,2000,0.000326034372238966,0.0,0.000326034372238966
SGP,2001,0.000402379159230447,0.0,0.000402379159230447
SGP,2002,0.000433988190805362,0.0,0.000433988190805362
SGP,2003,0.00059371726127004,0.0,0.00059371726127004
SGP,2004,0.000555644983388465,0.0,0.000555644983388465
SGP,2005,0.000327966664211325,0.0,0.000327966664211325
SGP,2006,0.000323624699391063,0.0,0.000323624699391063
SGP,2007,0.000395166185849764,0.0,0.000395166185849764
SGP,2008,0.000620723441296221,0.0,0.000620723441296221
SGP,2009,0.000577562160759082,0.0,0.000577562160759082
SGP,2010,0.000453216089968934,0.0,0.000453216089968934
SGP,2011,0.000514112051637926,0.0,0.000514112051637926
SGP,2012,0.000395394136135783,0.0,0.000395394136135783
SGP,2013,0.000337555977037115,0.0,0.000337555977037115
SGP,2014,0.000490476742936634,0.0,0.000490476742936634
SGP,2015,0.000382737462431485,0.0,0.000382737462431485
SGP,2016,0.000423733675370246,0.0,0.000423733675370246
SGP,2017,0.000452888881904618,0.0,0.000452888881904618
SGP,2018,0.000188767152938037,0.0,0.000188767152938037
SGP,2019,0.000169266160429021,0.0,0.000169266160429021
SLB,1995,8.46809008914681,0.0,8.46809008914681
SLB,1996,9.16406164062259,0.0,9.16406164062259
SLB,1997,5.50298799602315,0.0,5.50298799602315
SLB,1998,5.90171815949829,0.0,5.90171815949829
SLB,1999,4.99902796019598,0.0,4.99902796019598
SLB,2000,5.08993084001665,0.0,5.08993084001665
SLB,2001,5.48428166071115,0.0,5.48428166071115
SLB,2002,7.03716471261633,0.0,7.03716471261633
SLB,2003,9.54159806073737,0.0,9.54159806073737
SLB,2004,7.42239737848581,0.0,7.42239737848581
SLB,2005,8.97100179994665,0.0,8.97100179994665
SLB,2006,10.6783422863582,0.0,10.6783422863582
SLB,2007,16.6857707308539,0.0,16.6857707308539
SLB,2008,18.6314854935,0.0,18.6314854935
SLB,2009,12.7087432100758,0.0,12.7087432100758
SLB,2010,15.4943592757987,0.0,15.4943592757987
SLB,2011,15.2449101552138,0.0,15.2449101552138
SLB,2012,15.8393456134023,0.0,15.8393456134023
SLB,2013,15.1485907622177,0.0,15.1485907622177
SLB,2014,19.2355708164862,0.0,19.2355708164862
SLB,2015,16.4207214410376,0.0,16.4207214410376
SLB,2016,14.1011319203001,0.0,14.1011319203001
SLB,2017,21.2548135336767,0.0,21.2548135336767
SLB,2018,20.7466244368644,0.0,20.7466244368644
SLB,2019,19.145353163623,0.0,19.145353163623
SLE,1995,15.8876053628025,0.0,15.8876053628025
SLE,1996,14.5660317321628,0.0,14.5660317321628
SLE,1997,16.0968651145257,0.0,16.0968651145257
SLE,1998,21.6580991002924,0.0,21.6580991002924
SLE,1999,13.3682577279386,0.0,13.3682577279386
SLE,2000,14.2566872840621,0.0,14.2566872840621
SLE,2001,8.05230833851418,0.0,8.05230833851418
SLE,2002,8.43552502197745,0.0,8.43552502197745
SLE,2003,12.876788824159,0.0,12.876788824159
SLE,2004,11.0999726121988,0.0,11.0999726121988
SLE,2005,9.89573734264399,0.0,9.89573734264399
SLE,2006,8.39790335721395,0.0,8.39790335721395
SLE,2007,11.0139257632603,0.0,11.0139257632603
SLE,2008,11.0196462330998,0.0,11.0196462330998
SLE,2009,11.7685373496998,0.0,11.7685373496998
SLE,2010,9.74027401636415,0.0,9.74027401636415
SLE,2011,9.75175017253575,0.0,9.75175017253575
SLE,2012,8.76221759400054,0.0,8.76221759400054
SLE,2013,7.04128281857076,0.0,7.04128281857076
SLE,2014,7.74811012834882,0.0,7.74811012834882
SLE,2015,9.81428837559656,0.0,9.81428837559656
SLE,2016,11.8770098060358,0.0,11.8770098060358
SLE,2017,11.2706711461501,0.0,11.2706711461501
SLE,2018,7.69317053500234,0.0,7.69317053500234
SLE,2019,7.47321752228644,0.0,7.47321752228644
SLV,1995,0.77923195419577,0.0,0.77923195419577
SLV,1996,0.509551084760622,0.0,0.509551084760622
SLV,1997,0.817708774874902,0.0,0.817708774874902
SLV,1998,0.653096056132914,0.0,0.653096056132914
SLV,1999,0.554418781978966,0.0,0.554418781978966
SLV,2000,0.497077305664038,0.0,0.497077305664038
SLV,2001,0.485786941180763,0.0,0.485786941180763
SLV,2002,0.456800582996543,0.0,0.456800582996543
SLV,2003,0.445015903949503,0.0,0.445015903949503
SLV,2004,0.430648837938149,0.0,0.430648837938149
SLV,2005,0.41142655457742,0.0,0.41142655457742
SLV,2006,0.543464353950394,0.0,0.543464353950394
SLV,2007,0.565857134335423,0.0,0.565857134335423
SLV,2008,0.591889847865169,0.0,0.591889847865169
SLV,2009,0.576957617783252,0.0,0.576957617783252
SLV,2010,1.02874215933074,0.0,1.02874215933074
SLV,2011,0.831986551878755,0.0,0.831986551878755
SLV,2012,0.770673649472211,0.0,0.770673649472211
SLV,2013,0.938615461501715,0.0,0.938615461501715
SLV,2014,1.05479036830975,0.0,1.05479036830975
SLV,2015,0.850742982932215,0.0,0.850742982932215
SLV,2016,1.0221138126124,0.0,1.0221138126124
SLV,2017,0.888054016614555,0.0,0.888054016614555
SLV,2018,0.663487637976865,0.0,0.663487637976865
SLV,2019,0.562223559900046,0.0,0.562223559900046
SMR,1995,0.0,0.0,0.0
SMR,1996,0.0,0.0,0.0
SMR,1997,0.0,0.0,0.0
SMR,1998,0.0,0.0,0.0
SMR,1999,0.0,0.0,0.0
SMR,2000,0.0,0.0,0.0
SMR,2001,0.0,0.0,0.0
SMR,2002,0.0,0.0,0.0
SMR,2003,0.0,0.0,0.0
SMR,2004,0.0,0.0,0.0
SMR,2005,0.0,0.0,0.0
SMR,2006,0.0,0.0,0.0
SMR,2007,0.0,0.0,0.0
SMR,2008,0.0,0.0,0.0
SMR,2009,0.0,0.0,0.0
SMR,2010,0.0,0.0,0.0
SMR,2011,0.0,0.0,0.0
SMR,2012,0.0,0.0,0.0
SMR,2013,0.0,0.0,0.0
SMR,2014,0.0,0.0,0.0
SMR,2015,0.0,0.0,0.0
SMR,2016,0.0,0.0,0.0
SMR,2017,0.0,0.0,0.0
SMR,2018,0.0,0.0,0.0
SMR,2019,0.0,0.0,0.0
SOM,1995,0.0,0.0,0.0
SOM,1996,0.0,0.0,0.0
SOM,1997,0.0,0.0,0.0
SOM,1998,0.0,0.0,0.0
SOM,1999,0.0,0.0,0.0
SOM,2000,0.0,0.0,0.0
SOM,2001,0.0,0.0,0.0
SOM,2002,0.0,0.0,0.0
SOM,2003,0.0,0.0,0.0
SOM,2004,0.0,0.0,0.0
SOM,2005,0.0,0.0,0.0
SOM,2006,0.0,0.0,0.0
SOM,2007,0.0,0.0,0.0
SOM,2008,0.0,0.0,0.0
SOM,2009,0.0,0.0,0.0
SOM,2010,0.0,0.0,0.0
SOM,2011,0.0,0.0,0.0
SOM,2012,0.0,0.0,0.0
SOM,2013,17.8127642098138,0.0,17.8127642098138
SOM,2014,18.2921917574279,0.0,18.2921917574279
SOM,2015,18.8761765982543,0.0,18.8761765982543
SOM,2016,19.5454511774019,0.0,19.5454511774019
SOM,2017,18.697269661953,0.0,18.697269661953
SOM,2018,11.735774261604,0.0,11.735774261604
SOM,2019,10.7304105687897,0.0,10.7304105687897
SRB,1995,0.0,0.191536069522713,0.191536069522713
SRB,1996,0.0,0.0880509121451614,0.0880509121451614
SRB,1997,0.0,0.0339261544028075,0.0339261544028075
SRB,1998,0.0,0.0893391624358371,0.0893391624358371
SRB,1999,0.0,0.0136266441748068,0.0136266441748068
SRB,2000,0.0,0.380086161152018,0.380086161152018
SRB,2001,0.0,0.667174467093844,0.667174467093844
SRB,2002,0.0,0.180307652658389,0.180307652658389
SRB,2003,0.0,0.15271895942731,0.15271895942731
SRB,2004,0.0,1.28070649480875,1.28070649480875
SRB,2005,0.0,0.629976776204547,0.629976776204547
SRB,2006,0.167365650721586,0.594114632707021,0.761480283428607
SRB,2007,0.164579148653452,0.745993990194135,0.9105731388475871
SRB,2008,0.167711744272889,1.96972891573608,2.137440660008969
SRB,2009,0.16617575820664,0.596213698310541,0.762389456517181
SRB,2010,0.344115143446052,1.20333406740157,1.5474492108476219
SRB,2011,0.391902810841895,1.35617409823919,1.748076909081085
SRB,2012,0.373161697666316,0.606423310734233,0.979585008400549
SRB,2013,0.32445688535506,0.294236336295419,0.618693221650479
SRB,2014,0.338335806676283,0.189197922364837,0.52753372904112
SRB,2015,0.377171494362875,0.182885402088284,0.560056896451159
SRB,2016,0.339871889415688,0.200469124583999,0.540341013999687
SRB,2017,0.387242199810459,0.247052965110584,0.634295164921043
SRB,2018,0.383701352073841,0.232480155594805,0.616181507668646
SRB,2019,0.386157776686014,0.172809612137558,0.558967388823572
SSA,1995,4.5577035765271,0.825469358021818,5.383172934548918
SSA,1996,4.23519417152189,0.659726062952925,4.894920234474815
SSA,1997,3.78515077541402,0.54725020761045,4.33240098302447
SSA,1998,3.94407539838654,0.412228408649013,4.356303807035553
SSA,1999,2.6971842554777,0.393720064541274,3.090904320018974
SSA,2000,2.62039771994706,0.517409997535738,3.137807717482798
SSA,2001,2.65436236579543,0.919885109105637,3.5742474749010666
SSA,2002,2.9226238555719,0.556471016195202,3.479094871767102
SSA,2003,3.47224024000222,0.530627782629917,4.002868022632137
SSA,2004,2.36525405214104,1.29059565076681,3.65584970290785
SSA,2005,2.20596136051989,0.89963380093524,3.10559516145513
SSA,2006,1.96352606099912,0.83043719909571,2.79396326009483
SSA,2007,2.33299618541705,0.999984176005769,3.332980361422819
SSA,2008,2.54514121331352,1.9663188308665,4.51146004418002
SSA,2009,2.56778323452116,0.70669985593393,3.27448309045509
SSA,2010,1.99629795397737,1.08208521413899,3.07838316811636
SSA,2011,2.03787583320239,1.23699764453692,3.27487347773931
SSA,2012,2.27214144637948,0.825549614718389,3.097691061097869
SSA,2013,2.2794823245296,0.618538987866192,2.898021312395792
SSA,2014,2.39660316429127,0.44950237912527,2.8461055434165403
SSA,2015,2.80249664349448,0.355315763865316,3.157812407359796
SSA,2016,3.24488764350561,0.439894277982921,3.684781921488531
SSA,2017,3.05840719591924,0.580678014859272,3.6390852107785117
SSA,2018,2.13947600292946,0.633607146106849,2.773083149036309
SSA,2019,1.8763213289186,0.406202209078879,2.282523537997479
SSD,1995,0.0,0.0,0.0
SSD,1996,0.0,0.0,0.0
SSD,1997,0.0,0.0,0.0
SSD,1998,0.0,0.0,0.0
SSD,1999,0.0,0.0,0.0
SSD,2000,0.0,0.0,0.0
SSD,2001,0.0,0.0,0.0
SSD,2002,0.0,0.0,0.0
SSD,2003,0.0,0.0,0.0
SSD,2004,0.0,0.0,0.0
SSD,2005,0.0,0.0,0.0
SSD,2006,0.0,0.0,0.0
SSD,2007,0.0,0.0,0.0
SSD,2008,0.0,0.0,0.0
SSD,2009,0.0,0.0,0.0
SSD,2010,0.0,0.0,0.0
SSD,2011,1.40484461701171,0.0,1.40484461701171
SSD,2012,2.05310356153965,0.0,2.05310356153965
SSD,2013,1.38597185632992,0.0,1.38597185632992
SSD,2014,2.08138212644644,0.0,2.08138212644644
SSD,2015,2.64852381015483,0.0,2.64852381015483
SSD,2016,0.0,0.0,0.0
SSD,2017,0.0,0.0,0.0
SSD,2018,0.0,0.0,0.0
SSD,2019,0.0,0.0,0.0
SSF,1995,5.00032777336441,0.810845145107284,5.811172918471694
SSF,1996,4.63363297050985,0.648141386358059,5.281774356867909
SSF,1997,4.14855369824174,0.538001749138789,4.686555447380528
SSF,1998,4.33105990598507,0.405819615192199,4.7368795211772685
SSF,1999,3.027730099644,0.385225315212937,3.4129554148569374
SSF,2000,2.92494310997181,0.506462898370484,3.431406008342294
SSF,2001,2.96320963411269,0.899565711788499,3.8627753459011887
SSF,2002,3.27454164270461,0.545614858895267,3.820156501599877
SSF,2003,3.97249364933962,0.521652849250443,4.494146498590063
SSF,2004,2.73467180038455,1.26987637333478,4.00454817371933
SSF,2005,2.52319706999877,0.885007667160604,3.408204737159374
SSF,2006,2.22412551190456,0.816468835431436,3.040594347335996
SSF,2007,2.67082308425441,0.981541268383631,3.652364352638041
SSF,2008,2.88024438463556,1.92325200203529,4.80349638667085
SSF,2009,2.92583630813508,0.68757235027524,3.6134086584103198
SSF,2010,2.27112578435535,1.05920039227547,3.33032617663082
SSF,2011,2.32113859195207,1.21209281354797,3.53323140550004
SSF,2012,2.57725700180838,0.804117342240007,3.381374344048387
SSF,2013,2.57540689813903,0.601915705076098,3.177322603215128
SSF,2014,2.70958736889739,0.436019939491016,3.145607308388406
SSF,2015,3.1421427880122,0.34191511604555,3.4840579040577504
SSF,2016,3.59478822017116,0.419701163978857,4.014489384150017
SSF,2017,3.36292289318034,0.553480652807424,3.916403545987764
SSF,2018,2.33238089071729,0.603530886210303,2.935911776927593
SSF,2019,2.03684942228095,0.387534563796844,2.424383986077794
SST,1995,0.645368780669281,0.244925946222985,0.8902947268922661
SST,1996,0.628257917184228,0.236633120233415,0.864891037417643
SST,1997,0.564789327389639,0.214166767766974,0.778956095156613
SST,1998,0.492085326138263,0.177099549644379,0.669184875782642
SST,1999,0.429358430083923,0.120217990492245,0.549576420576168
SST,2000,0.400639375362264,0.129964806140096,0.53060418150236
SST,2001,0.41890251592809,0.188057205362552,0.606959721290642
SST,2002,0.397468505657526,0.151036286698287,0.5485047923558131
SST,2003,0.402447334227405,0.121635713466411,0.524083047693816
SST,2004,0.297205232828089,0.225450960300666,0.522656193128755
SST,2005,0.276655414541227,0.258231463779422,0.5348868783206491
SST,2006,0.317605715277446,0.252073631091713,0.569679346369159
SST,2007,0.345975064429321,0.231440676005995,0.577415740435316
SST,2008,0.361898994067685,0.567335406562152,0.929234400629837
SST,2009,0.390147140615403,0.259787723900556,0.649934864515959
SST,2010,0.523597755673835,0.379298790978307,0.902896546652142
SST,2011,0.509469496024963,0.455575624947043,0.9650451209720061
SST,2012,0.521624139954893,0.25872762387317,0.780351763828063
SST,2013,0.528660923396515,0.170063229654936,0.6987241530514511
SST,2014,0.548888847037706,0.118024962333259,0.666913809370965
SST,2015,0.55619556828489,0.0832440904724997,0.6394396587573897
SST,2016,0.577463569650311,0.093784776503376,0.671248346153687
SST,2017,0.644862781991392,0.115299284112018,0.76016206610341
SST,2018,0.576187642611035,0.14043724289665,0.7166248855076849
SST,2019,0.528485471606736,0.129583311711213,0.658068783317949
STP,1995,0.0,0.0,0.0
STP,1996,0.0,0.0,0.0
STP,1997,0.0,0.0,0.0
STP,1998,0.0,0.0,0.0
STP,1999,0.0,0.0,0.0
STP,2000,0.0,0.0,0.0
STP,2001,2.97851781674319,0.0,2.97851781674319
STP,2002,3.20434365847031,0.0,3.20434365847031
STP,2003,4.00630925326351,0.0,4.00630925326351
STP,2004,3.05849147819464,0.0,3.05849147819464
STP,2005,2.74523195490654,0.0,2.74523195490654
STP,2006,2.68486078996349,0.0,2.68486078996349
STP,2007,3.62146494582258,0.0,3.62146494582258
STP,2008,3.51834389031727,0.0,3.51834389031727
STP,2009,3.5091899751829,0.0,3.5091899751829
STP,2010,3.97441398723173,0.0,3.97441398723173
STP,2011,3.82221922487921,0.0,3.82221922487921
STP,2012,3.81740404574064,0.0,3.81740404574064
STP,2013,3.33902231905861,0.0,3.33902231905861
STP,2014,3.04723492306762,0.0,3.04723492306762
STP,2015,3.41287577328636,0.0,3.41287577328636
STP,2016,3.27531389837999,0.0,3.27531389837999
STP,2017,3.15239782697584,0.0,3.15239782697584
STP,2018,2.33693840944991,0.0,2.33693840944991
STP,2019,2.04664899329107,0.0,2.04664899329107
SUR,1995,0.704726086975556,0.0,0.704726086975556
SUR,1996,1.08091876487967,0.0,1.08091876487967
SUR,1997,0.673122728166233,0.0,0.673122728166233
SUR,1998,0.40574998047514,0.0,0.40574998047514
SUR,1999,0.318645973549624,0.0,0.318645973549624
SUR,2000,0.385990256639607,0.0,0.385990256639607
SUR,2001,0.445930133765641,0.0,0.445930133765641
SUR,2002,0.385097053654106,0.0,0.385097053654106
SUR,2003,0.412101602668897,0.0,0.412101602668897
SUR,2004,0.337495065828781,0.0,0.337495065828781
SUR,2005,0.333363216634798,0.0,0.333363216634798
SUR,2006,0.344539190555779,0.0,0.344539190555779
SUR,2007,0.336899402009019,0.0,0.336899402009019
SUR,2008,0.364855111832628,0.0,0.364855111832628
SUR,2009,0.362801385713238,0.0,0.362801385713238
SUR,2010,0.512319436898175,0.0,0.512319436898175
SUR,2011,0.699554081909713,0.0,0.699554081909713
SUR,2012,0.716568264174121,0.0,0.716568264174121
SUR,2013,0.694489666834738,0.0,0.694489666834738
SUR,2014,0.756486585407014,0.0,0.756486585407014
SUR,2015,0.978019126588831,0.0,0.978019126588831
SUR,2016,1.49980342023123,0.0,1.49980342023123
SUR,2017,2.18329705122212,0.0,2.18329705122212
SUR,2018,2.63904601872414,0.0,2.63904601872414
SUR,2019,2.17832676967563,0.0,2.17832676967563
SVK,1995,0.418778213314238,0.0143294277537448,0.4331076410679828
SVK,1996,0.421752003877553,0.00776270103988563,0.42951470491743865
SVK,1997,0.3247709225149,0.00348770993972145,0.32825863245462145
SVK,1998,0.29996127889796,0.00625178300115484,0.30621306189911485
SVK,1999,0.327806964140397,0.0012552448505565,0.3290622089909535
SVK,2000,0.343345736106057,0.0109042669454798,0.3542500030515368
SVK,2001,0.273305105121589,0.033598729963812,0.30690383508540103
SVK,2002,0.211227257150431,0.00936864566598009,0.2205959028164111
SVK,2003,0.219590088506118,0.00657212807816944,0.22616221658428742
SVK,2004,0.223267316630962,0.0512222167853151,0.2744895334162771
SVK,2005,0.258795037617176,0.0237111395220124,0.2825061771391884
SVK,2006,0.224849813237716,0.0195921805750578,0.2444419938127738
SVK,2007,0.233542907880484,0.0259605788731998,0.2595034867536838
SVK,2008,0.251252260713481,0.0772952604119315,0.3285475211254125
SVK,2009,0.22621639261366,0.0268393573979669,0.2530557500116269
SVK,2010,0.260242815717853,0.0468397922200368,0.30708260793788983
SVK,2011,0.267907118242099,0.0514007693903246,0.3193078876324236
SVK,2012,0.252706615550743,0.0216387601585785,0.2743453757093215
SVK,2013,0.247412102907411,0.0109632160952374,0.25837531900264843
SVK,2014,0.25156919079918,0.0089017514545121,0.2604709422536921
SVK,2015,0.235705893269929,0.00561165909190303,0.24131755236183203
SVK,2016,0.237545602440954,0.00568919019658401,0.243234792637538
SVK,2017,0.302917316859385,0.00705838465857288,0.3099757015179579
SVK,2018,0.261165888626285,0.00615913344524013,0.2673250220715251
SVK,2019,0.231740977475859,0.00438579233881164,0.23612676981467065
SVN,1995,0.171633685973606,0.0203284097679051,0.1919620957415111
SVN,1996,0.180764677627048,0.0108285599206418,0.1915932375476898
SVN,1997,0.176872287206284,0.00516836142586289,0.1820406486321469
SVN,1998,0.127330137327767,0.00945833568101893,0.1367884730087859
SVN,1999,0.129516801023999,0.00168936562996887,0.1312061666539679
SVN,2000,0.148573244701848,0.0163917600364402,0.16496500473828818
SVN,2001,0.146863696593317,0.0509555107401783,0.19781920733349528
SVN,2002,0.118648995601404,0.0177864077166854,0.1364354033180894
SVN,2003,0.128605635110994,0.0150453316994758,0.1436509668104698
SVN,2004,0.107899993884999,0.125648797600669,0.23354879148566798
SVN,2005,0.107507752490328,0.0764419788031346,0.1839497312934626
SVN,2006,0.135281333610517,0.0756138916344056,0.2108952252449226
SVN,2007,0.125751829191559,0.105199115901079,0.230950945092638
SVN,2008,0.126814402894412,0.265542987225275,0.39235739011968696
SVN,2009,0.12154873534821,0.0842431123503214,0.2057918476985314
SVN,2010,0.126719815771042,0.172692452920431,0.29941226869147297
SVN,2011,0.160723074173377,0.198688191035297,0.359411265208674
SVN,2012,0.167443981638572,0.0846941827577808,0.2521381643963528
SVN,2013,0.164386258753653,0.0412122663771344,0.2055985251307874
SVN,2014,0.23851453079175,0.0255015689572061,0.2640160997489561
SVN,2015,0.243221640593628,0.0201511430029735,0.2633727835966015
SVN,2016,0.236958614058932,0.0238351869758312,0.2607938010347632
SVN,2017,0.238433108644407,0.0290558127086212,0.2674889213530282
SVN,2018,0.22922130582963,0.0296353423505825,0.2588566481802125
SVN,2019,0.21211955077224,0.0213962789454941,0.2335158297177341
SWE,1995,0.327162374165628,0.0,0.327162374165628
SWE,1996,0.286937137150883,0.0,0.286937137150883
SWE,1997,0.280139090258081,0.0,0.280139090258081
SWE,1998,0.272174201851125,0.0,0.272174201851125
SWE,1999,0.222532865791532,0.0,0.222532865791532
SWE,2000,0.245155286191085,0.0,0.245155286191085
SWE,2001,0.259540298973164,0.0,0.259540298973164
SWE,2002,0.298968079558308,0.0,0.298968079558308
SWE,2003,0.25220862547518,0.0,0.25220862547518
SWE,2004,0.189361797342091,0.0,0.189361797342091
SWE,2005,0.272559778408693,0.0,0.272559778408693
SWE,2006,0.193534335819191,0.0,0.193534335819191
SWE,2007,0.243703217750348,0.0,0.243703217750348
SWE,2008,0.233591909991242,0.0,0.233591909991242
SWE,2009,0.229082262908953,0.0,0.229082262908953
SWE,2010,0.23925361639145,0.0,0.23925361639145
SWE,2011,0.215407333533334,0.0,0.215407333533334
SWE,2012,0.195145294799365,0.0,0.195145294799365
SWE,2013,0.194206799824215,0.0,0.194206799824215
SWE,2014,0.21412178097055,0.0,0.21412178097055
SWE,2015,0.215032338399552,0.0,0.215032338399552
SWE,2016,0.211533484845609,0.0,0.211533484845609
SWE,2017,0.191499546174063,0.0,0.191499546174063
SWE,2018,0.253253037737023,0.0,0.253253037737023
SWE,2019,0.207231534510574,0.0,0.207231534510574
SWZ,1995,3.94300889696593,0.175607464978374,4.118616361944304
SWZ,1996,4.3248546008868,0.121728433425632,4.446583034312432
SWZ,1997,3.71509926759706,0.14793543692964,3.8630347045267
SWZ,1998,3.92876871455303,0.190154080523832,4.118922795076862
SWZ,1999,3.10238709627871,0.139358730283263,3.241745826561973
SWZ,2000,2.77538791933973,0.189353306502732,2.964741225842462
SWZ,2001,3.15312689956509,0.309258466417908,3.462385365982998
SWZ,2002,4.17973258615992,0.293444161299127,4.473176747459047
SWZ,2003,2.62534511665664,0.230948851392131,2.8562939680487713
SWZ,2004,1.75994623647004,0.609981752707433,2.369927989177473
SWZ,2005,1.66316368838697,0.390358332774146,2.053522021161116
SWZ,2006,1.61120812856706,0.402830471706429,2.014038600273489
SWZ,2007,2.09143478448497,0.563215649827655,2.654650434312625
SWZ,2008,2.53346134507128,1.24172908912956,3.77519043420084
SWZ,2009,2.41855159240126,0.253220270716695,2.671771863117955
SWZ,2010,2.03802835488475,0.181367359083379,2.219395713968129
SWZ,2011,2.13577535096273,0.208422536147497,2.3441978871102274
SWZ,2012,2.18560579152161,0.150205014904108,2.3358108064257177
SWZ,2013,2.3332033325131,0.111475552315871,2.4446788848289707
SWZ,2014,2.57475377526292,0.0916667255052954,2.6664205007682154
SWZ,2015,3.21339930677813,0.0697393884469083,3.283138695225038
SWZ,2016,4.37776737674853,0.110834094905383,4.488601471653912
SWZ,2017,3.90142829385118,0.137972175952829,4.039400469804009
SWZ,2018,3.02334998911882,0.120450164054326,3.143800153173146
SWZ,2019,3.19566107054748,0.0804154048931186,3.2760764754405987
SXM,1995,0.0,0.0,0.0
SXM,1996,0.0,0.0,0.0
SXM,1997,0.0,0.0,0.0
SXM,1998,0.0,0.0,0.0
SXM,1999,0.0,0.0,0.0
SXM,2000,0.0,0.0,0.0
SXM,2001,0.0,0.0,0.0
SXM,2002,0.0,0.0,0.0
SXM,2003,0.0,0.0,0.0
SXM,2004,0.0,0.0,0.0
SXM,2005,0.0,0.0,0.0
SXM,2006,0.0,0.0,0.0
SXM,2007,0.0,0.0,0.0
SXM,2008,0.0,0.0,0.0
SXM,2009,0.0,0.0,0.0
SXM,2010,0.0,0.0,0.0
SXM,2011,0.0,0.0,0.0
SXM,2012,0.0,0.0,0.0
SXM,2013,0.0,0.0,0.0
SXM,2014,0.0,0.0,0.0
SXM,2015,0.0,0.0,0.0
SXM,2016,0.0,0.0,0.0
SXM,2017,0.0,0.0,0.0
SXM,2018,0.0,0.0,0.0
SXM,2019,0.0,0.0,0.0
SYC,1995,0.119075541245383,0.0,0.119075541245383
SYC,1996,0.111417504052815,0.0,0.111417504052815
SYC,1997,0.08862974332445,0.0,0.08862974332445
SYC,1998,0.0821548448881146,0.0,0.0821548448881146
SYC,1999,0.0744368313246236,0.0,0.0744368313246236
SYC,2000,0.106839697103305,0.0,0.106839697103305
SYC,2001,0.100866292801415,0.0,0.100866292801415
SYC,2002,0.104835241294799,0.0,0.104835241294799
SYC,2003,0.118386036607082,0.0,0.118386036607082
SYC,2004,0.0655728027215241,0.0,0.0655728027215241
SYC,2005,0.0909496426772842,0.0,0.0909496426772842
SYC,2006,0.102807711673663,0.0,0.102807711673663
SYC,2007,0.108712512691565,0.0,0.108712512691565
SYC,2008,0.178453829903448,0.0,0.178453829903448
SYC,2009,0.160955511131527,0.0,0.160955511131527
SYC,2010,0.146953956678162,0.0,0.146953956678162
SYC,2011,0.149780680938161,0.0,0.149780680938161
SYC,2012,0.1644793129234,0.0,0.1644793129234
SYC,2013,0.136887236537623,0.0,0.136887236537623
SYC,2014,0.122451367247677,0.0,0.122451367247677
SYC,2015,0.100073979606541,0.0,0.100073979606541
SYC,2016,0.0990332020466637,0.0,0.0990332020466637
SYC,2017,0.11671286310133,0.0,0.11671286310133
SYC,2018,0.121453194976473,0.0,0.121453194976473
SYC,2019,0.0974947166802459,0.0,0.0974947166802459
SYR,1995,0.00204396693415187,0.0,0.00204396693415187
SYR,1996,0.00206760195770665,0.0,0.00206760195770665
SYR,1997,0.0018748722215372,0.0,0.0018748722215372
SYR,1998,0.00179710520498094,0.0,0.00179710520498094
SYR,1999,0.00290593197562532,0.0,0.00290593197562532
SYR,2000,0.00125708153877874,0.0,0.00125708153877874
SYR,2001,0.00168309182711799,0.0,0.00168309182711799
SYR,2002,0.00146227040825609,0.0,0.00146227040825609
SYR,2003,0.00160504857932499,0.0,0.00160504857932499
SYR,2004,0.000923931751071815,0.0,0.000923931751071815
SYR,2005,0.000769341023769729,0.0,0.000769341023769729
SYR,2006,0.000877782037676992,0.0,0.000877782037676992
SYR,2007,0.000783738194104785,0.0,0.000783738194104785
SYR,2008,0.00113395259540616,0.0,0.00113395259540616
SYR,2009,0.00111963768024227,0.0,0.00111963768024227
SYR,2010,0.00121858494863371,0.0,0.00121858494863371
SYR,2011,0.00451764477632974,0.0,0.00451764477632974
SYR,2012,0.00802459594806103,0.0,0.00802459594806103
SYR,2013,0.0160547915250737,0.0,0.0160547915250737
SYR,2014,0.0189824989400975,0.0,0.0189824989400975
SYR,2015,0.0212597786584496,0.0,0.0212597786584496
SYR,2016,0.0188105853797608,0.0,0.0188105853797608
SYR,2017,0.0234420724285766,0.0,0.0234420724285766
SYR,2018,0.0166669783391071,0.0,0.0166669783391071
SYR,2019,0.0184826193799977,0.0,0.0184826193799977
TCA,1995,0.0,0.0,0.0
TCA,1996,0.0,0.0,0.0
TCA,1997,0.0,0.0,0.0
TCA,1998,0.0,0.0,0.0
TCA,1999,0.0,0.0,0.0
TCA,2000,0.0,0.0,0.0
TCA,2001,0.00195017578846437,0.0,0.00195017578846437
TCA,2002,0.00177744045909041,0.0,0.00177744045909041
TCA,2003,0.00176369859536628,0.0,0.00176369859536628
TCA,2004,0.00160774282106281,0.0,0.00160774282106281
TCA,2005,0.00137263351421437,0.0,0.00137263351421437
TCA,2006,0.00165189492161972,0.0,0.00165189492161972
TCA,2007,0.00166099161014742,0.0,0.00166099161014742
TCA,2008,0.00165092058226261,0.0,0.00165092058226261
TCA,2009,0.00192412123548456,0.0,0.00192412123548456
TCA,2010,0.00470190017585731,0.0,0.00470190017585731
TCA,2011,0.00387136232153088,0.0,0.00387136232153088
TCA,2012,0.00388988760953433,0.0,0.00388988760953433
TCA,2013,0.00513935047593194,0.0,0.00513935047593194
TCA,2014,0.00597028510106603,0.0,0.00597028510106603
TCA,2015,0.00415130851289815,0.0,0.00415130851289815
TCA,2016,0.00520201843450933,0.0,0.00520201843450933
TCA,2017,0.00448799747282142,0.0,0.00448799747282142
TCA,2018,0.00277281674159693,0.0,0.00277281674159693
TCA,2019,0.00235664810158653,0.0,0.00235664810158653
TCD,1995,14.2163486584076,0.0,14.2163486584076
TCD,1996,12.7277173769849,0.0,12.7277173769849
TCD,1997,12.4551814464249,0.0,12.4551814464249
TCD,1998,11.6316656029818,0.0,11.6316656029818
TCD,1999,9.50402148727577,0.0,9.50402148727577
TCD,2000,10.5734977135563,0.0,10.5734977135563
TCD,2001,8.36504776729485,0.0,8.36504776729485
TCD,2002,8.65186088391704,0.0,8.65186088391704
TCD,2003,9.59550342274883,0.0,9.59550342274883
TCD,2004,5.06646344974252,0.0,5.06646344974252
TCD,2005,3.64957178479374,0.0,3.64957178479374
TCD,2006,3.39765970119851,0.0,3.39765970119851
TCD,2007,4.09231968708557,0.0,4.09231968708557
TCD,2008,4.24744740727189,0.0,4.24744740727189
TCD,2009,4.71043340556016,0.0,4.71043340556016
TCD,2010,3.73802900960051,0.0,3.73802900960051
TCD,2011,3.75353152364583,0.0,3.75353152364583
TCD,2012,4.26216054509243,0.0,4.26216054509243
TCD,2013,4.26303360593808,0.0,4.26303360593808
TCD,2014,4.31922201939071,0.0,4.31922201939071
TCD,2015,5.67318871246126,0.0,5.67318871246126
TCD,2016,6.51175753528777,0.0,6.51175753528777
TCD,2017,6.60960421717628,0.0,6.60960421717628
TCD,2018,4.32777401006192,0.0,4.32777401006192
TCD,2019,4.07919932216284,0.0,4.07919932216284
TEA,1995,1.49557106016414,0.276837689694452,1.772408749858592
TEA,1996,1.27218501348445,0.0853234530054029,1.3575084664898527
TEA,1997,0.989969582228715,0.0589404922727452,1.0489100745014601
TEA,1998,0.923646349543208,0.123095148311863,1.046741497855071
TEA,1999,0.633968088977046,0.0571211742316925,0.6910892632087385
TEA,2000,0.575626492357246,0.121319377992882,0.6969458703501279
TEA,2001,0.529966371857409,0.646307461775285,1.176273833632694
TEA,2002,0.514510447542565,0.216389560714962,0.730900008257527
TEA,2003,0.660797127546652,0.181214387955162,0.842011515501814
TEA,2004,0.449911637573407,1.99649662605847,2.446408263631877
TEA,2005,0.407288729173774,1.48918780196611,1.896476531139884
TEA,2006,0.424471252083135,1.50739892250117,1.931870174584305
TEA,2007,0.505521313625253,1.7829654889784,2.2884868026036527
TEA,2008,0.543060631872348,4.21119747755543,4.754258109427778
TEA,2009,0.429651808925729,1.49311159723683,1.9227634061625591
TEA,2010,0.393223950138245,2.36723985612729,2.760463806265535
TEA,2011,0.342256162601752,3.12601851909571,3.468274681697462
TEA,2012,0.302949006707684,1.5974800026603,1.900429009367984
TEA,2013,0.274161685478072,0.995924426725253,1.2700861122033251
TEA,2014,0.319993763311522,0.742374228459808,1.06236799177133
TEA,2015,0.219145690521406,0.384216775763004,0.60336246628441
TEA,2016,0.219784509854277,0.396320451720367,0.616104961574644
TEA,2017,0.257493176193165,0.517548439395325,0.77504161558849
TEA,2018,0.212357500882784,0.569242533031233,0.781600033914017
TEA,2019,0.190260193037569,0.436648718909945,0.626908911947514
TEC,1995,0.345187034267435,0.249647477098254,0.594834511365689
TEC,1996,0.35314008827054,0.206163874723798,0.5593039629943379
TEC,1997,0.354205797756417,0.164664880846509,0.518870678602926
TEC,1998,0.281592571718312,0.173216562865852,0.45480913458416394
TEC,1999,0.38772749837545,0.109273302935463,0.497000801310913
TEC,2000,0.395707863775159,0.172638519838804,0.568346383613963
TEC,2001,0.366984149597385,0.413569204343512,0.7805533539408971
TEC,2002,0.303249101082472,0.239759889921696,0.543008991004168
TEC,2003,0.319314287250606,0.18494140433919,0.504255691589796
TEC,2004,0.280411600995044,0.629938771316085,0.910350372311129
TEC,2005,0.232304574453424,0.509875506463724,0.742180080917148
TEC,2006,0.229225896664569,0.461556547987836,0.690782444652405
TEC,2007,0.235244722956361,0.386386087347663,0.621630810304024
TEC,2008,0.185593015930123,1.21886633891847,1.4044593548485929
TEC,2009,0.191139524882448,0.558621926997613,0.749761451880061
TEC,2010,0.191439394562102,0.735372305331353,0.926811699893455
TEC,2011,0.194703525847187,0.782821875739817,0.977525401587004
TEC,2012,0.184225077416316,0.395620595276543,0.5798456726928589
TEC,2013,0.167486373839374,0.181134123207911,0.34862049704728504
TEC,2014,0.180312913438053,0.166803835811022,0.347116749249075
TEC,2015,0.20503082012868,0.183625076688649,0.38865589681732904
TEC,2016,0.214657689282937,0.22509922059254,0.439756909875477
TEC,2017,0.249818051779835,0.287853018925393,0.537671070705228
TEC,2018,0.254842018188179,0.331251247522812,0.586093265710991
TEC,2019,0.22957827548232,0.260729837522625,0.49030811300494503
TGO,1995,12.6268567305943,0.0,12.6268567305943
TGO,1996,11.2517302304362,0.0,11.2517302304362
TGO,1997,10.6753886502018,0.0,10.6753886502018
TGO,1998,10.3801458110484,0.0,10.3801458110484
TGO,1999,6.80166561450354,0.0,6.80166561450354
TGO,2000,7.14401583181283,0.0,7.14401583181283
TGO,2001,6.64861942296073,0.0,6.64861942296073
TGO,2002,6.84815672076429,0.0,6.84815672076429
TGO,2003,9.30157253117212,0.0,9.30157253117212
TGO,2004,6.20709630517654,0.0,6.20709630517654
TGO,2005,6.0605371770436,0.0,6.0605371770436
TGO,2006,5.74325666103732,0.0,5.74325666103732
TGO,2007,7.46714249650574,0.0,7.46714249650574
TGO,2008,6.99863551400157,0.0,6.99863551400157
TGO,2009,7.06860900076567,0.0,7.06860900076567
TGO,2010,6.06836084106674,0.0,6.06836084106674
TGO,2011,6.12185993516616,0.0,6.12185993516616
TGO,2012,7.28050910986253,0.0,7.28050910986253
TGO,2013,6.74375050926682,0.0,6.74375050926682
TGO,2014,6.98463683156883,0.0,6.98463683156883
TGO,2015,7.79818030819256,0.0,7.79818030819256
TGO,2016,5.72106302412989,0.0,5.72106302412989
TGO,2017,5.33148764127676,0.0,5.33148764127676
TGO,2018,3.15110742501247,0.0,3.15110742501247
TGO,2019,3.00254428262497,0.0,3.00254428262497
THA,1995,0.343406563163369,0.0377788904739001,0.3811854536372691
THA,1996,0.323800014563358,0.025233215226093,0.349033229789451
THA,1997,0.334088953047674,0.0187374250533438,0.3528263781010178
THA,1998,0.380506038263219,0.0388887221176765,0.4193947603808955
THA,1999,0.217478144235857,0.0157577483332737,0.23323589256913071
THA,2000,0.31174753414845,0.0396739853349757,0.3514215194834257
THA,2001,0.389305797886328,0.101836945122403,0.491142743008731
THA,2002,0.393565815727827,0.0483539849713579,0.4419198006991849
THA,2003,0.695973029685404,0.0368438185690713,0.7328168482544752
THA,2004,0.460021485473908,0.164555952608913,0.624577438082821
THA,2005,0.446372174102,0.107852367326969,0.5542245414289689
THA,2006,0.504842518195832,0.0879878363639183,0.5928303545597503
THA,2007,0.582080335682746,0.112860184677332,0.694940520360078
THA,2008,0.690217881468394,0.246143154793898,0.9363610362622921
THA,2009,0.620897537913127,0.0902411252496195,0.7111386631627464
THA,2010,0.543056504586835,0.131009402942346,0.6740659075291809
THA,2011,0.539627117796683,0.18002944550965,0.719656563306333
THA,2012,0.49201388753606,0.0797774473591743,0.5717913348952344
THA,2013,0.453082373577415,0.0508277078519803,0.5039100814293953
THA,2014,0.593749850660677,0.0391215139661008,0.6328713646267777
THA,2015,0.462529182419517,0.0211627843459833,0.4836919667655003
THA,2016,0.4559929437716,0.0257915731695363,0.4817845169411363
THA,2017,0.521643338932033,0.0297359600247265,0.5513792989567594
THA,2018,0.389257535155401,0.0288539920601164,0.4181115272155174
THA,2019,0.33356374723613,0.0185040812105728,0.3520678284467028
TJK,1995,0.0,0.00833829925242071,0.00833829925242071
TJK,1996,0.0,0.00141569855989041,0.00141569855989041
TJK,1997,0.0,0.000761740364872482,0.000761740364872482
TJK,1998,0.0,0.000919678833871518,0.000919678833871518
TJK,1999,0.0,0.000177689990065373,0.000177689990065373
TJK,2000,0.0,0.00294294614513765,0.00294294614513765
TJK,2001,0.0,0.00877869537183774,0.00877869537183774
TJK,2002,0.0,0.00483541716097191,0.00483541716097191
TJK,2003,0.0,0.0052298866419889,0.0052298866419889
TJK,2004,0.046964239447866,0.0646122163168158,0.1115764557646818
TJK,2005,0.0412054321815337,0.0425437852799953,0.083749217461529
TJK,2006,0.0438932221494496,0.0379902658502644,0.08188348799971401
TJK,2007,0.0392321313922791,0.0813681426159291,0.1206002740082082
TJK,2008,0.031633084399884,0.208301086324095,0.239934170723979
TJK,2009,0.03548378796088,0.0658310666164315,0.1013148545773115
TJK,2010,0.0251265700055647,0.107495178584937,0.1326217485905017
TJK,2011,0.0305807832702173,0.136269463787359,0.16685024705757628
TJK,2012,0.0212646141813327,0.105436548204524,0.1267011623858567
TJK,2013,0.0177980468672756,0.0672896350707398,0.0850876819380154
TJK,2014,0.699262124638341,0.0964388396761259,0.7957009643144669
TJK,2015,0.783326493763975,0.109017208585225,0.8923437023492
TJK,2016,0.792871617659971,0.195033027210984,0.9879046448709551
TJK,2017,0.890650655541828,0.311402640399041,1.202053295940869
TJK,2018,1.03553064405533,0.381540409384853,1.417071053440183
TJK,2019,0.9864987379163,0.278347271576925,1.264846009493225
TKM,1995,0.0,0.0,0.0
TKM,1996,0.0,0.0,0.0
TKM,1997,0.0,0.0,0.0
TKM,1998,0.000774068317424977,0.0,0.000774068317424977
TKM,1999,0.000878938318496641,0.0,0.000878938318496641
TKM,2000,0.000633362005674786,0.0,0.000633362005674786
TKM,2001,0.000489963117027239,0.0,0.000489963117027239
TKM,2002,0.000618325501923575,0.0,0.000618325501923575
TKM,2003,0.000568886188283126,0.0,0.000568886188283126
TKM,2004,0.000538663842742782,0.0,0.000538663842742782
TKM,2005,0.000444166757622198,0.0,0.000444166757622198
TKM,2006,0.0013431442689198,0.0,0.0013431442689198
TKM,2007,0.00128028929308469,0.0,0.00128028929308469
TKM,2008,0.000941337226284389,0.0,0.000941337226284389
TKM,2009,0.000971205375180129,0.0,0.000971205375180129
TKM,2010,0.000697513881434353,0.0,0.000697513881434353
TKM,2011,0.000758153781127132,0.0,0.000758153781127132
TKM,2012,0.0,0.0,0.0
TKM,2013,0.0,0.0,0.0
TKM,2014,0.0,0.0,0.0
TKM,2015,0.0,0.0,0.0
TKM,2016,0.0,0.0,0.0
TKM,2017,0.0,0.0,0.0
TKM,2018,0.000536876083562671,0.0,0.000536876083562671
TKM,2019,0.000492760894865577,0.0,0.000492760894865577
TLA,1995,0.440385184370947,0.00858146424714314,0.4489666486180901
TLA,1996,0.351356353348657,0.00421456729399877,0.3555709206426558
TLA,1997,0.322830663550999,0.00274870233207615,0.3255793658830751
TLA,1998,0.28286428624605,0.00176319210055805,0.284627478346608
TLA,1999,0.306805359034795,0.000554433495287955,0.30735979253008294
TLA,2000,0.227387200855181,0.000609648401536853,0.22799684925671784
TLA,2001,0.235553967561681,0.00829795975894226,0.24385192732062327
TLA,2002,0.311508861922032,0.00216206526628035,0.31367092718831235
TLA,2003,0.332344057654453,0.00244135284127673,0.33478541049572974
TLA,2004,0.263103649969742,0.0764355133523259,0.3395391633220679
TLA,2005,0.236392802853169,0.0480993252550087,0.2844921281081777
TLA,2006,0.271527548467012,0.0508088342168152,0.3223363826838272
TLA,2007,0.279453190564141,0.0729454825388897,0.3523986731030307
TLA,2008,0.272062092197426,0.183976370818507,0.456038463015933
TLA,2009,0.286669525118786,0.0556734203522126,0.34234294547099864
TLA,2010,0.37284029408754,0.0939262731253063,0.46676656721284626
TLA,2011,0.316533641334508,0.135456795275097,0.45199043660960503
TLA,2012,0.316665837082779,0.0813531284878203,0.3980189655705993
TLA,2013,0.366373002779914,0.0602145416087319,0.42658754438864593
TLA,2014,0.389918715088757,0.0485109565391196,0.43842967162787655
TLA,2015,0.444421065694253,0.0407401316034603,0.4851611972977133
TLA,2016,0.526067949997699,0.0496624506624137,0.5757304006601127
TLA,2017,0.498451515033229,0.0584864528794338,0.5569379679126628
TLA,2018,0.4836187133861,0.0651029525864564,0.5487216659725564
TLA,2019,0.413593210888306,0.0482607107914068,0.4618539216797128
TLS,1995,0.0,0.0,0.0
TLS,1996,0.0,0.0,0.0
TLS,1997,0.0,0.0,0.0
TLS,1998,0.0,0.0,0.0
TLS,1999,0.0,0.0,0.0
TLS,2000,0.403626442484974,0.0,0.403626442484974
TLS,2001,0.349604288511654,0.0,0.349604288511654
TLS,2002,0.385732111728361,0.0,0.385732111728361
TLS,2003,0.520108397399869,0.0,0.520108397399869
TLS,2004,0.622292237260218,0.0,0.622292237260218
TLS,2005,0.379311342594909,0.0,0.379311342594909
TLS,2006,0.432161173947835,0.0,0.432161173947835
TLS,2007,0.523233640129672,0.0,0.523233640129672
TLS,2008,0.716729446292106,0.0,0.716729446292106
TLS,2009,0.580672828360474,0.0,0.580672828360474
TLS,2010,0.451293701527894,0.0,0.451293701527894
TLS,2011,0.492057560509685,0.0,0.492057560509685
TLS,2012,0.350105121172429,0.0,0.350105121172429
TLS,2013,0.252434881687879,0.0,0.252434881687879
TLS,2014,0.352628237798714,0.0,0.352628237798714
TLS,2015,0.237870430604039,0.0,0.237870430604039
TLS,2016,0.25645274045942,0.0,0.25645274045942
TLS,2017,0.296486066723656,0.0,0.296486066723656
TLS,2018,0.1346177163712,0.0,0.1346177163712
TLS,2019,0.090024174483862,0.0,0.090024174483862
TMN,1995,0.152398504507456,0.0140289677943917,0.1664274723018477
TMN,1996,0.148105490840517,0.0110171077037799,0.1591225985442969
TMN,1997,0.140365171566212,0.00812199211346463,0.14848716367967663
TMN,1998,0.179713949784642,0.00778258086838155,0.18749653065302355
TMN,1999,0.116562976022906,0.00411496845341509,0.12067794447632109
TMN,2000,0.0859709616117611,0.00590304217452918,0.09187400378629028
TMN,2001,0.103670995331568,0.0105268680285311,0.1141978633600991
TMN,2002,0.118004476291691,0.00814528303662622,0.12614975932831723
TMN,2003,0.12735801097416,0.00774910788480877,0.13510711885896876
TMN,2004,0.0923206870687087,0.0222993826376136,0.1146200697063223
TMN,2005,0.0785249409280166,0.0200589005115624,0.09858384143957899
TMN,2006,0.0875194944693065,0.0163939912342121,0.1039134857035186
TMN,2007,0.0820203790504959,0.0178659818800374,0.0998863609305333
TMN,2008,0.0954823233513304,0.0354707580816799,0.1309530814330103
TMN,2009,0.0948434499943851,0.0157598996743608,0.1106033496687459
TMN,2010,0.112047691252759,0.0190195964362648,0.1310672876890238
TMN,2011,0.103025243733078,0.0238639203577433,0.1268891640908213
TMN,2012,0.10438320723471,0.0129119097789228,0.1172951170136328
TMN,2013,0.0961459605099915,0.0115060295111247,0.1076519900211162
TMN,2014,0.133782260751749,0.0103560546006185,0.1441383153523675
TMN,2015,0.137520160560493,0.00915388637261373,0.1466740469331067
TMN,2016,0.111339267051119,0.00979386292508772,0.12113312997620672
TMN,2017,0.124583698963177,0.0142250402235833,0.13880873918676032
TMN,2018,0.0737854791586289,0.0214606854237508,0.0952461645823797
TMN,2019,0.0958261698600946,0.0194828556422967,0.11530902550239129
TON,1995,0.066306271778409,0.0,0.066306271778409
TON,1996,0.0635689367095886,0.0,0.0635689367095886
TON,1997,0.0487477295034594,0.0,0.0487477295034594
TON,1998,0.0547913596038476,0.0,0.0547913596038476
TON,1999,0.0294183638681561,0.0,0.0294183638681561
TON,2000,0.0280007129178722,0.0,0.0280007129178722
TON,2001,0.0334836324185704,0.0,0.0334836324185704
TON,2002,0.0356624746568151,0.0,0.0356624746568151
TON,2003,0.0416732311926056,0.0,0.0416732311926056
TON,2004,0.0314037620833385,0.0,0.0314037620833385
TON,2005,0.0240156319029119,0.0,0.0240156319029119
TON,2006,0.0365612699976649,0.0,0.0365612699976649
TON,2007,0.0481607338181629,0.0,0.0481607338181629
TON,2008,0.0556292226810907,0.0,0.0556292226810907
TON,2009,0.0549399979848963,0.0,0.0549399979848963
TON,2010,0.0485079387936127,0.0,0.0485079387936127
TON,2011,0.0478419579924403,0.0,0.0478419579924403
TON,2012,0.0398683612912305,0.0,0.0398683612912305
TON,2013,0.0401188794815067,0.0,0.0401188794815067
TON,2014,0.0521558048423682,0.0,0.0521558048423682
TON,2015,0.0421389970297059,0.0,0.0421389970297059
TON,2016,0.0453861467678001,0.0,0.0453861467678001
TON,2017,0.0540904435129096,0.0,0.0540904435129096
TON,2018,0.0399575891818241,0.0,0.0399575891818241
TON,2019,0.0355539728781376,0.0,0.0355539728781376
TSA,1995,0.484780835812274,0.747661154686412,1.232441990498686
TSA,1996,0.413514559712883,0.66376252792054,1.077277087633423
TSA,1997,0.367685616906647,0.569356167484618,0.9370417843912651
TSA,1998,0.353189910624199,0.452431754330264,0.805621664954463
TSA,1999,0.376093079718724,0.31738301731571,0.693476097034434
TSA,2000,0.332201503874526,0.42452685906077,0.756728362935296
TSA,2001,0.322156199420992,0.693951054574768,1.01610725399576
TSA,2002,0.36014828786301,0.493673639306853,0.853821927169863
TSA,2003,0.33292683984557,0.501959162013941,0.834886001859511
TSA,2004,0.243219868154167,1.19757662945468,1.440796497608847
TSA,2005,0.213141847759433,0.975550972472648,1.188692820232081
TSA,2006,0.283642454555575,0.986872695489416,1.2705151500449912
TSA,2007,0.311974141543971,1.07939695799998,1.391371099543951
TSA,2008,0.301976275581865,2.53610394749594,2.8380802230778053
TSA,2009,0.262274482445853,1.24180452835842,1.504079010804273
TSA,2010,0.382882505672973,1.4669119863184,1.849794491991373
TSA,2011,0.35659195815854,1.79383159882222,2.15042355698076
TSA,2012,0.31197616001272,1.3208274006632,1.63280356067592
TSA,2013,0.27652151339469,1.06839435086718,1.34491586426187
TSA,2014,0.262017364213909,0.864148330737076,1.126165694950985
TSA,2015,0.290930431593808,0.669879813296624,0.9608102448904321
TSA,2016,0.290244726048559,0.69740646730057,0.987651193349129
TSA,2017,0.203400160370802,0.81591550203274,1.019315662403542
TSA,2018,0.142346929465336,0.995214989794486,1.1375619192598219
TSA,2019,0.148990964986749,0.711635766815055,0.860626731801804
TSS,1995,5.00032777336442,0.810845145107284,5.811172918471704
TSS,1996,4.63363297050985,0.648141386358059,5.281774356867909
TSS,1997,4.14855369824175,0.538001749138789,4.686555447380539
TSS,1998,4.33105990598507,0.405819615192199,4.7368795211772685
TSS,1999,3.027730099644,0.385225315212938,3.4129554148569383
TSS,2000,2.92494310997181,0.506462898370484,3.431406008342294
TSS,2001,2.96320963411269,0.899565711788499,3.8627753459011887
TSS,2002,3.27454164270461,0.545614858895267,3.820156501599877
TSS,2003,3.97249364933962,0.521652849250442,4.494146498590062
TSS,2004,2.73467180038455,1.26987637333478,4.00454817371933
TSS,2005,2.52319706999877,0.885007667160603,3.408204737159373
TSS,2006,2.22412551190456,0.816468835431437,3.040594347335997
TSS,2007,2.67082308425441,0.981541268383631,3.652364352638041
TSS,2008,2.88024438463556,1.92325200203529,4.80349638667085
TSS,2009,2.92583630813508,0.687572350275241,3.613408658410321
TSS,2010,2.27112578435535,1.05920039227547,3.33032617663082
TSS,2011,2.32113859195207,1.21209281354797,3.53323140550004
TSS,2012,2.57725700180839,0.804117342240007,3.381374344048397
TSS,2013,2.57540689813903,0.601915705076098,3.177322603215128
TSS,2014,2.70958736889739,0.436019939491017,3.145607308388407
TSS,2015,3.1421427880122,0.34191511604555,3.4840579040577504
TSS,2016,3.59478822017116,0.419701163978857,4.014489384150017
TSS,2017,3.36292289318034,0.553480652807424,3.916403545987764
TSS,2018,2.33238089071729,0.603530886210303,2.935911776927593
TSS,2019,2.03684942228095,0.387534563796844,2.424383986077794
TTO,1995,0.0969062702307255,0.0,0.0969062702307255
TTO,1996,0.0468341171744318,0.0,0.0468341171744318
TTO,1997,0.0450266880443536,0.0,0.0450266880443536
TTO,1998,0.0200771119497705,0.0,0.0200771119497705
TTO,1999,0.016940863170485,0.0,0.016940863170485
TTO,2000,0.0195666832960228,0.0,0.0195666832960228
TTO,2001,0.0180297729209875,0.0,0.0180297729209875
TTO,2002,0.0187118805521328,0.0,0.0187118805521328
TTO,2003,0.016731867584973,0.0,0.016731867584973
TTO,2004,0.0114880698467238,0.0,0.0114880698467238
TTO,2005,0.0120510723898178,0.0,0.0120510723898178
TTO,2006,0.0143750937831949,0.0,0.0143750937831949
TTO,2007,0.0150056078513125,0.0,0.0150056078513125
TTO,2008,0.0114559364156871,0.0,0.0114559364156871
TTO,2009,0.0167568458680729,0.0,0.0167568458680729
TTO,2010,0.026449130943172,0.0,0.026449130943172
TTO,2011,0.0221843392655395,0.0,0.0221843392655395
TTO,2012,0.0204095903647397,0.0,0.0204095903647397
TTO,2013,0.0214948641838368,0.0,0.0214948641838368
TTO,2014,0.0448591924430179,0.0,0.0448591924430179
TTO,2015,0.0543678417439323,0.0,0.0543678417439323
TTO,2016,0.0610781387901807,0.0,0.0610781387901807
TTO,2017,0.0650133928930912,0.0,0.0650133928930912
TTO,2018,0.0674631737217016,0.0,0.0674631737217016
TTO,2019,0.0578077193498528,0.0,0.0578077193498528
TUN,1995,0.170070128924409,0.0,0.170070128924409
TUN,1996,0.165065502548933,0.0,0.165065502548933
TUN,1997,0.157209537766045,0.0,0.157209537766045
TUN,1998,0.196315598909337,0.0,0.196315598909337
TUN,1999,0.127209163781932,0.0,0.127209163781932
TUN,2000,0.0969018142371271,0.0,0.0969018142371271
TUN,2001,0.116469461578152,0.0,0.116469461578152
TUN,2002,0.114923687737845,0.0,0.114923687737845
TUN,2003,0.123049168507064,0.0,0.123049168507064
TUN,2004,0.0952433770276551,0.0,0.0952433770276551
TUN,2005,0.0920940007674566,0.0,0.0920940007674566
TUN,2006,0.106602668397213,0.0,0.106602668397213
TUN,2007,0.0891666299101391,0.0,0.0891666299101391
TUN,2008,0.13566806241929,0.0,0.13566806241929
TUN,2009,0.137591888714528,0.0,0.137591888714528
TUN,2010,0.15552734809636,0.0,0.15552734809636
TUN,2011,0.165428226663035,0.0,0.165428226663035
TUN,2012,0.284819060491124,0.0,0.284819060491124
TUN,2013,0.240368970220448,0.0,0.240368970220448
TUN,2014,0.358213434145739,0.0,0.358213434145739
TUN,2015,0.355847226844265,0.0,0.355847226844265
TUN,2016,0.280548948208786,0.0,0.280548948208786
TUN,2017,0.381963477463567,0.0,0.381963477463567
TUN,2018,0.210832844786907,0.0,0.210832844786907
TUN,2019,0.277483179313321,0.0,0.277483179313321
TUR,1995,0.177822441842678,0.0300077854751618,0.20783022731783982
TUR,1996,0.175426038427412,0.0200434490531842,0.1954694874805962
TUR,1997,0.14276250722052,0.0105597970523499,0.1533223042728699
TUR,1998,0.0838599030409872,0.0104237276966542,0.0942836307376414
TUR,1999,0.0910547513567138,0.00286586000907352,0.09392061136578732
TUR,2000,0.077350830193236,0.0163299373783943,0.09368076757163031
TUR,2001,0.0916960073072068,0.0669832853392418,0.1586792926464486
TUR,2002,0.0770493354500957,0.0208900073928248,0.0979393428429205
TUR,2003,0.072767961694881,0.0158208744072334,0.0885888361021144
TUR,2004,0.0634373159647001,0.0910117911446375,0.15444910710933762
TUR,2005,0.0516900325590928,0.0518150541094461,0.10350508666853889
TUR,2006,0.0606457226867699,0.0609969514288379,0.12164267411560781
TUR,2007,0.0618805971629991,0.0884930759300957,0.1503736730930948
TUR,2008,0.065756192806861,0.269621038571002,0.335377231377863
TUR,2009,0.0671653910640895,0.106215923660071,0.17338131472416052
TUR,2010,0.0627660412092611,0.153528250747308,0.2162942919565691
TUR,2011,0.0692927712478675,0.174773590035299,0.2440663612831665
TUR,2012,0.0653970297553115,0.06808750317779,0.1334845329331015
TUR,2013,0.0573029104540281,0.0271953145935112,0.0844982250475393
TUR,2014,0.0623224380552206,0.0238619620578174,0.086184400113038
TUR,2015,0.0609680123777546,0.0162128322535002,0.0771808446312548
TUR,2016,0.0614996546676042,0.0215533089036783,0.0830529635712825
TUR,2017,0.0791488993431296,0.0298082732253323,0.10895717256846191
TUR,2018,0.097635933270724,0.0401708928121365,0.1378068260828605
TUR,2019,0.0973692014950438,0.0322436421155324,0.1296128436105762
TUV,1995,0.0,0.0,0.0
TUV,1996,0.0,0.0,0.0
TUV,1997,0.0,0.0,0.0
TUV,1998,0.0,0.0,0.0
TUV,1999,0.0,0.0,0.0
TUV,2000,0.0,0.0,0.0
TUV,2001,0.0,0.0,0.0
TUV,2002,0.0,0.0,0.0
TUV,2003,0.0,0.0,0.0
TUV,2004,0.0,0.0,0.0
TUV,2005,0.0,0.0,0.0
TUV,2006,0.0,0.0,0.0
TUV,2007,0.0,0.0,0.0
TUV,2008,0.0,0.0,0.0
TUV,2009,0.0,0.0,0.0
TUV,2010,0.0,0.0,0.0
TUV,2011,0.0,0.0,0.0
TUV,2012,0.0,0.0,0.0
TUV,2013,0.0,0.0,0.0
TUV,2014,0.0,0.0,0.0
TUV,2015,0.0,0.0,0.0
TUV,2016,0.0,0.0,0.0
TUV,2017,0.0,0.0,0.0
TUV,2018,0.0,0.0,0.0
TUV,2019,0.0,0.0,0.0
TZA,1995,14.0225650223503,0.0155846588866064,14.038149681236906
TZA,1996,11.267193459642,0.0142512191253026,11.281444678767302
TZA,1997,8.86197905281139,0.00474447961024912,8.86672353242164
TZA,1998,5.72012878112026,0.00345193696389642,5.723580718084157
TZA,1999,3.71774550337774,0.00378136620545434,3.7215268695831942
TZA,2000,3.50655561299909,0.00549717668500516,3.512052789684095
TZA,2001,3.35696100454759,0.00934606887320297,3.366307073420793
TZA,2002,3.88212222076328,0.00594969810073474,3.8880719188640147
TZA,2003,5.51087931580925,0.00439219297956546,5.515271508788816
TZA,2004,4.34297257636132,0.014496913040245,4.357469489401565
TZA,2005,4.16470460647776,0.00497847756496167,4.169683084042721
TZA,2006,4.16915048696806,0.003110711871887,4.172261198839947
TZA,2007,5.07308855907828,0.00565738638402301,5.078745945462303
TZA,2008,4.81554784567177,0.00529042247862806,4.820838268150398
TZA,2009,4.65621310033543,0.0,4.65621310033543
TZA,2010,3.79694702910433,0.0,3.79694702910433
TZA,2011,3.997336991209,0.01805561186371,4.01539260307271
TZA,2012,4.04718807412586,0.010479148520174,4.057667222646034
TZA,2013,3.66922627215631,0.00789190350160067,3.6771181756579105
TZA,2014,3.68074635711897,0.0152030368795846,3.695949393998555
TZA,2015,4.04223842221944,0.0118307165544839,4.054069138773924
TZA,2016,4.05655731487589,0.0136027189325031,4.070160033808394
TZA,2017,3.77302440557288,0.034308918609216,3.807333324182096
TZA,2018,2.55993753668615,0.0424699785942398,2.60240751528039
TZA,2019,2.29071304133976,0.0328970144858054,2.323610055825565
UGA,1995,19.509460753546,0.0,19.509460753546
UGA,1996,18.5824681208781,0.0,18.5824681208781
UGA,1997,16.8500438638723,0.0,16.8500438638723
UGA,1998,16.7916368398637,0.0,16.7916368398637
UGA,1999,12.4636687472884,0.0,12.4636687472884
UGA,2000,12.0475625579085,0.0,12.0475625579085
UGA,2001,12.4643931713023,0.0,12.4643931713023
UGA,2002,14.2479941135026,0.0,14.2479941135026
UGA,2003,20.8851305988765,0.0,20.8851305988765
UGA,2004,15.1695747219837,0.0,15.1695747219837
UGA,2005,13.8879774546563,0.0,13.8879774546563
UGA,2006,13.1645264936146,0.0,13.1645264936146
UGA,2007,16.0801037456514,0.0,16.0801037456514
UGA,2008,16.349804322828,0.0,16.349804322828
UGA,2009,9.46232485825159,0.0,9.46232485825159
UGA,2010,8.09944938230915,0.0,8.09944938230915
UGA,2011,9.15532167998883,0.0,9.15532167998883
UGA,2012,10.657304727039,0.0,10.657304727039
UGA,2013,10.5229286665136,0.0,10.5229286665136
UGA,2014,10.228538527003,0.0,10.228538527003
UGA,2015,10.7198871889517,0.0,10.7198871889517
UGA,2016,12.6262295144542,0.0,12.6262295144542
UGA,2017,12.0816035740109,0.0,12.0816035740109
UGA,2018,8.38888217833344,0.0,8.38888217833344
UGA,2019,7.38833937837014,0.0,7.38833937837014
UKR,1995,0.221882412968402,0.859442508077226,1.081324921045628
UKR,1996,0.256359432717489,0.756399369208321,1.01275880192581
UKR,1997,0.189999564797865,0.668786611622587,0.8587861764204521
UKR,1998,0.288030907686468,0.804280677379736,1.092311585066204
UKR,1999,0.36429093541914,0.655963930489204,1.020254865908344
UKR,2000,0.366273387584512,0.863746448384337,1.230019835968849
UKR,2001,0.285706350592336,1.3491572181393,1.634863568731636
UKR,2002,0.279362833891642,1.0990421338669,1.3784049677585422
UKR,2003,0.332375736444307,0.758042903939249,1.090418640383556
UKR,2004,0.306456512058375,1.49235996559455,1.7988164776529252
UKR,2005,0.229376263662107,1.59773566982954,1.827111933491647
UKR,2006,0.235052703029454,1.40052829959985,1.635581002629304
UKR,2007,0.227467625802188,0.749230266655817,0.976697892458005
UKR,2008,0.203305184059456,2.71207348602637,2.915378670085826
UKR,2009,0.244069696004232,1.84257379414677,2.086643490151002
UKR,2010,0.229686936034046,1.92907582506734,2.158762761101386
UKR,2011,0.254784015362109,2.35896804287954,2.6137520582416487
UKR,2012,0.210147113402788,1.20347453702198,1.4136216504247678
UKR,2013,0.196894560277326,0.522461268811618,0.719355829088944
UKR,2014,0.28718706107193,0.468975153427332,0.7561622144992619
UKR,2015,0.390353886381221,0.478722310775197,0.869076197156418
UKR,2016,0.348923833541512,0.467980707895294,0.816904541436806
UKR,2017,0.37008282704992,0.418244838789605,0.7883276658395251
UKR,2018,0.363229785921986,0.419208073231986,0.782437859153972
UKR,2019,0.277766267046023,0.287026111974908,0.564792379020931
UMC,1995,0.734860066894212,0.229443828500511,0.964303895394723
UMC,1996,0.635124779997393,0.132911495575533,0.768036275572926
UMC,1997,0.520384134773456,0.103808996149766,0.624193130923222
UMC,1998,0.450537720471041,0.109095072167906,0.559632792638947
UMC,1999,0.390033032985256,0.0657891468392775,0.4558221798245335
UMC,2000,0.339156986610811,0.106642930915426,0.445799917526237
UMC,2001,0.331985856622175,0.383065960694627,0.715051817316802
UMC,2002,0.363741568306277,0.171381065770965,0.535122634077242
UMC,2003,0.429009762741896,0.157973952142132,0.586983714884028
UMC,2004,0.294082055561154,1.14824942990803,1.442331485469184
UMC,2005,0.272294717193017,0.832573684828856,1.1048684020218729
UMC,2006,0.293431354251598,0.84752941112567,1.140960765377268
UMC,2007,0.31958735140037,1.01044889376295,1.33003624516332
UMC,2008,0.334746821819402,2.46919492488245,2.803941746701852
UMC,2009,0.300113967531363,0.938681146166902,1.2387951136982651
UMC,2010,0.30099297302207,1.46388195028425,1.76487492330632
UMC,2011,0.256728517168572,1.93507515488355,2.191803672052122
UMC,2012,0.246160606245349,1.04308209467007,1.289242700915419
UMC,2013,0.242636535139539,0.677312828890172,0.919949364029711
UMC,2014,0.268264469456196,0.520796601265311,0.789061070721507
UMC,2015,0.223297738446138,0.301280407013591,0.524578145459729
UMC,2016,0.238004196255331,0.319708001978031,0.557712198233362
UMC,2017,0.254498372476773,0.412105868570666,0.666604241047439
UMC,2018,0.230285015776249,0.469310108621911,0.69959512439816
UMC,2019,0.202689191790688,0.362958614126419,0.5656478059171071
URY,1995,0.44852566255986,0.0,0.44852566255986
URY,1996,0.381449645677067,0.0,0.381449645677067
URY,1997,0.370236314310743,0.0,0.370236314310743
URY,1998,0.319451443024546,0.0,0.319451443024546
URY,1999,0.286900419984174,0.0,0.286900419984174
URY,2000,0.174816634275126,0.0,0.174816634275126
URY,2001,0.208951655079981,0.0,0.208951655079981
URY,2002,0.43047927753373,0.0,0.43047927753373
URY,2003,0.587054654345613,0.0,0.587054654345613
URY,2004,0.697210967806846,0.0,0.697210967806846
URY,2005,0.676755173176798,0.0,0.676755173176798
URY,2006,0.953556476559726,0.0,0.953556476559726
URY,2007,1.1461308459977,0.0,1.1461308459977
URY,2008,1.46339601490026,0.0,1.46339601490026
URY,2009,1.22944260683383,0.0,1.22944260683383
URY,2010,1.9101506203386,0.0,1.9101506203386
URY,2011,1.30077729560365,0.0,1.30077729560365
URY,2012,1.0489233724926,0.0,1.0489233724926
URY,2013,1.19298618558619,0.0,1.19298618558619
URY,2014,1.37666437336177,0.0,1.37666437336177
URY,2015,1.81375927361251,0.0,1.81375927361251
URY,2016,1.70738695903975,0.0,1.70738695903975
URY,2017,1.80298893717932,0.0,1.80298893717932
URY,2018,1.95635852476187,0.0,1.95635852476187
URY,2019,1.69897788133053,0.0,1.69897788133053
USA,1995,0.117525229163249,0.185738496629802,0.303263725793051
USA,1996,0.107446175266097,0.196220944930443,0.30366712019654
USA,1997,0.10214580907839,0.18276604042417,0.28491184950256
USA,1998,0.0749014243268021,0.162197453946907,0.23709887827370907
USA,1999,0.0773646377762417,0.127171259418751,0.20453589719499268
USA,2000,0.0726288395449172,0.140193028838508,0.2128218683834252
USA,2001,0.0591206358622681,0.212622185194759,0.27174282105702713
USA,2002,0.0566642073733826,0.151822005426027,0.2084862127994096
USA,2003,0.0567833864619006,0.154155845833328,0.2109392322952286
USA,2004,0.060621151298811,0.321324626345383,0.381945777644194
USA,2005,0.0579062304896655,0.26507175601934,0.3229779865090055
USA,2006,0.0591478103504217,0.275791896326636,0.3349397066770577
USA,2007,0.0619743128692316,0.249875712879914,0.3118500257491456
USA,2008,0.0487250288905003,0.69687957292833,0.7456046018188304
USA,2009,0.0364101315056274,0.328948122158706,0.3653582536643334
USA,2010,0.0447732489410531,0.46327180553633,0.5080450544773831
USA,2011,0.0490358372786731,0.576151367733925,0.6251872050125981
USA,2012,0.042316243132631,0.365037619003386,0.407353862136017
USA,2013,0.0451078269810442,0.279719144616926,0.3248269715979702
USA,2014,0.0438896131077501,0.226671482497904,0.2705610956056541
USA,2015,0.0357864456731308,0.154809825395291,0.1905962710684218
USA,2016,0.0370310579043586,0.135996650509346,0.1730277084137046
USA,2017,0.0414197446763051,0.182332985664659,0.2237527303409641
USA,2018,0.0346274658844671,0.19836963909789,0.2329971049823571
USA,2019,0.038216107338548,0.131587352107841,0.169803459446389
UZB,1995,0.0,0.0294012701764836,0.0294012701764836
UZB,1996,0.0,0.0152522795903362,0.0152522795903362
UZB,1997,0.0,0.00647403880295967,0.00647403880295967
UZB,1998,0.00264200306149357,0.0121293297216647,0.014771332783158269
UZB,1999,0.00168680870567367,0.00211026815130088,0.0037970768569745503
UZB,2000,0.00202798916421563,0.0200116320320681,0.022039621196283728
UZB,2001,0.0027116023508441,0.0883260370434612,0.0910376393943053
UZB,2002,0.00330020625887402,0.0355440621728097,0.03884426843168372
UZB,2003,0.00355068000133666,0.0252641418064628,0.02881482180779946
UZB,2004,0.00325098331286317,0.283832729250063,0.28708371256292614
UZB,2005,0.00285331483557995,0.172720377765279,0.17557369260085895
UZB,2006,0.0031991108927118,0.156904350881374,0.1601034617740858
UZB,2007,0.00306486133576994,0.210570825809528,0.21363568714529793
UZB,2008,0.00241564268353832,0.535634788278614,0.5380504309621523
UZB,2009,0.00204170408290201,0.140016075482997,0.142057779565899
UZB,2010,0.00126063771377259,0.177982091255547,0.1792427289693196
UZB,2011,0.00147510140962599,0.191200265017751,0.19267536642737698
UZB,2012,0.00129459172939756,0.0703808968939064,0.07167548862330396
UZB,2013,0.00116464821968604,0.0364243643920352,0.037589012611721234
UZB,2014,0.00104922016665292,0.0303130899002915,0.03136231006694442
UZB,2015,0.000829688658250525,0.0150647267740631,0.015894415432313624
UZB,2016,0.000758354018737819,0.0189339569216539,0.01969231094039172
UZB,2017,0.00140426778930117,0.0360593632484536,0.03746363103775477
UZB,2018,0.00175681198749663,0.0527463848698131,0.05450319685730973
UZB,2019,0.000913189148781614,0.0336816048445821,0.034594793993363716
VCT,1995,0.0368255678169312,0.0,0.0368255678169312
VCT,1996,0.0255986941131515,0.0,0.0255986941131515
VCT,1997,0.0343912073578112,0.0,0.0343912073578112
VCT,1998,0.0273078795269573,0.0,0.0273078795269573
VCT,1999,0.0220430636250947,0.0,0.0220430636250947
VCT,2000,0.0197308869123896,0.0,0.0197308869123896
VCT,2001,0.0180467018441428,0.0,0.0180467018441428
VCT,2002,0.0151801262417854,0.0,0.0151801262417854
VCT,2003,0.015347834892368,0.0,0.015347834892368
VCT,2004,0.0145943068486417,0.0,0.0145943068486417
VCT,2005,0.0134063462217842,0.0,0.0134063462217842
VCT,2006,0.0171699193285803,0.0,0.0171699193285803
VCT,2007,0.0157871725548066,0.0,0.0157871725548066
VCT,2008,0.0161514365672412,0.0,0.0161514365672412
VCT,2009,0.0148951275322513,0.0,0.0148951275322513
VCT,2010,0.0333656636694466,0.0,0.0333656636694466
VCT,2011,0.028465453623185,0.0,0.028465453623185
VCT,2012,0.0269643348103745,0.0,0.0269643348103745
VCT,2013,0.034115439439788,0.0,0.034115439439788
VCT,2014,0.0423946065801886,0.0,0.0423946065801886
VCT,2015,0.0312630692791454,0.0,0.0312630692791454
VCT,2016,0.0407859033307733,0.0,0.0407859033307733
VCT,2017,0.0329828886778541,0.0,0.0329828886778541
VCT,2018,0.0209304790297473,0.0,0.0209304790297473
VCT,2019,0.018299980174056,0.0,0.018299980174056
VEN,1995,0.103953928023111,0.0164890672486179,0.1204429952717289
VEN,1996,0.103542957989893,0.00231506594336725,0.10585802393326026
VEN,1997,0.0954658012186435,0.0,0.0954658012186435
VEN,1998,0.0771515714594522,0.0,0.0771515714594522
VEN,1999,0.0790383223754392,0.0,0.0790383223754392
VEN,2000,0.0458247043127597,0.0,0.0458247043127597
VEN,2001,0.0442342791107406,0.0116115298305875,0.055845808941328096
VEN,2002,0.0734661446515084,0.0,0.0734661446515084
VEN,2003,0.073218956012408,2.21645152227653e-06,0.07322117246393028
VEN,2004,0.0580316824717029,0.150228232770227,0.2082599152419299
VEN,2005,0.0448247387086835,0.0742191320000952,0.1190438707087787
VEN,2006,0.0495914627937055,0.0643409416368239,0.1139324044305294
VEN,2007,0.0485729798066425,0.0841410870915604,0.1327140668982029
VEN,2008,0.0413903359693618,0.136321487377968,0.17771182334732982
VEN,2009,0.0378270145835117,0.0218573214827694,0.0596843360662811
VEN,2010,0.0553207196000184,0.034877436264678,0.0901981558646964
VEN,2011,0.0607034325019574,0.0469187916135786,0.107622224115536
VEN,2012,0.0467906390565039,0.0140786873288863,0.0608693263853902
VEN,2013,0.0614982833693974,0.00890290964295714,0.07040119301235453
VEN,2014,0.0544766741373998,0.00682557967355252,0.06130225381095232
VEN,2015,0.0,0.0,0.0
VEN,2016,0.0,0.0,0.0
VEN,2017,0.0,0.0,0.0
VEN,2018,0.0,0.0,0.0
VEN,2019,0.0,0.0,0.0
VGB,1995,0.0,0.0,0.0
VGB,1996,0.0,0.0,0.0
VGB,1997,0.0,0.0,0.0
VGB,1998,0.0,0.0,0.0
VGB,1999,0.0,0.0,0.0
VGB,2000,0.0,0.0,0.0
VGB,2001,0.0,0.0,0.0
VGB,2002,0.0,0.0,0.0
VGB,2003,0.0,0.0,0.0
VGB,2004,0.0,0.0,0.0
VGB,2005,0.0,0.0,0.0
VGB,2006,0.0,0.0,0.0
VGB,2007,0.0,0.0,0.0
VGB,2008,0.0,0.0,0.0
VGB,2009,0.0,0.0,0.0
VGB,2010,0.0,0.0,0.0
VGB,2011,0.0,0.0,0.0
VGB,2012,0.0,0.0,0.0
VGB,2013,0.0,0.0,0.0
VGB,2014,0.0,0.0,0.0
VGB,2015,0.0,0.0,0.0
VGB,2016,0.0,0.0,0.0
VGB,2017,0.0,0.0,0.0
VGB,2018,0.0,0.0,0.0
VGB,2019,0.0,0.0,0.0
VIR,1995,0.0,0.0,0.0
VIR,1996,0.0,0.0,0.0
VIR,1997,0.0,0.0,0.0
VIR,1998,0.0,0.0,0.0
VIR,1999,0.0,0.0,0.0
VIR,2000,0.0,0.0,0.0
VIR,2001,0.0,0.0,0.0
VIR,2002,0.0,0.0,0.0
VIR,2003,0.0,5.53610623916158e-05,5.53610623916158e-05
VIR,2004,0.0,4.55087436911593,4.55087436911593
VIR,2005,0.0,2.303477558914,2.303477558914
VIR,2006,0.0,2.4815703726033,2.4815703726033
VIR,2007,0.0,3.8258764076629,3.8258764076629
VIR,2008,0.0,9.54949861751269,9.54949861751269
VIR,2009,0.0,1.83139190991551,1.83139190991551
VIR,2010,0.0,3.45978934522894,3.45978934522894
VIR,2011,0.0,4.1047335352688,4.1047335352688
VIR,2012,0.0,1.96183734012522,1.96183734012522
VIR,2013,0.0,1.34622849772001,1.34622849772001
VIR,2014,0.0,0.85274473054265,0.85274473054265
VIR,2015,0.0,0.448439817567942,0.448439817567942
VIR,2016,0.0,0.440640386181765,0.440640386181765
VIR,2017,0.0,0.458057890874122,0.458057890874122
VIR,2018,0.0,0.372382849153501,0.372382849153501
VIR,2019,0.0,0.247081553705368,0.247081553705368
VNM,1995,3.89338467045985,0.0986562406980245,3.9920409111578747
VNM,1996,3.35994286564849,0.0190003298115391,3.378943195460029
VNM,1997,2.54637505124149,0.00919525460925841,2.5555703058507486
VNM,1998,2.63588867823278,0.0292689792432087,2.665157657475989
VNM,1999,1.70948217261134,0.0103569542797495,1.7198391268910895
VNM,2000,1.6423184047466,0.0337048058208645,1.6760232105674644
VNM,2001,1.53842640416188,0.271701692376881,1.8101280965387612
VNM,2002,1.70669122841982,0.0744439200669618,1.7811351484867817
VNM,2003,1.91290743964701,0.0647111498589004,1.9776185895059104
VNM,2004,1.53102836460499,1.42759635783827,2.9586247224432602
VNM,2005,1.27130277630238,0.929452444435873,2.200755220738253
VNM,2006,1.50786461295623,0.994197918869987,2.5020625318262173
VNM,2007,2.2278624620532,1.55869464403608,3.78655710608928
VNM,2008,2.45497224266318,2.87873849995229,5.3337107426154695
VNM,2009,1.98132980935659,0.932561452102061,2.913891261458651
VNM,2010,1.83564330366126,1.357809559795,3.19345286345626
VNM,2011,1.82592840997672,1.71707413642907,3.54300254640579
VNM,2012,1.70004277172662,0.803270856098302,2.503313627824922
VNM,2013,1.58012929636161,0.518047231448515,2.098176527810125
VNM,2014,1.81737511911996,0.383982190620381,2.201357309740341
VNM,2015,1.37935666204485,0.200612570512455,1.5799692325573051
VNM,2016,1.21931943193327,0.1985839592106,1.41790339114387
VNM,2017,1.4993699534365,0.239326243334299,1.738696196770799
VNM,2018,1.38164260046733,0.284155949812884,1.665798550280214
VNM,2019,1.18372940985562,0.213109891442586,1.3968393012982059
VUT,1995,0.938812813187722,0.0,0.938812813187722
VUT,1996,0.908437357701725,0.0,0.908437357701725
VUT,1997,0.690819286912999,0.0,0.690819286912999
VUT,1998,0.647688718052586,0.0,0.647688718052586
VUT,1999,0.830092672505644,0.0,0.830092672505644
VUT,2000,0.802617573481721,0.0,0.802617573481721
VUT,2001,0.75567411241593,0.0,0.75567411241593
VUT,2002,0.798636115210123,0.0,0.798636115210123
VUT,2003,0.912412528807683,0.0,0.912412528807683
VUT,2004,0.675079281587889,0.0,0.675079281587889
VUT,2005,0.56881892988079,0.0,0.56881892988079
VUT,2006,0.65556136825846,0.0,0.65556136825846
VUT,2007,0.783751103579609,0.0,0.783751103579609
VUT,2008,0.975476260660565,0.0,0.975476260660565
VUT,2009,0.871792337326022,0.0,0.871792337326022
VUT,2010,0.832399543964073,0.0,0.832399543964073
VUT,2011,0.844354134271983,0.0,0.844354134271983
VUT,2012,0.801186721952393,0.0,0.801186721952393
VUT,2013,0.752150306423104,0.0,0.752150306423104
VUT,2014,0.987395102309584,0.0,0.987395102309584
VUT,2015,0.815485061379561,0.0,0.815485061379561
VUT,2016,0.816331822730397,0.0,0.816331822730397
VUT,2017,0.902392843807671,0.0,0.902392843807671
VUT,2018,0.60798151676621,0.0,0.60798151676621
VUT,2019,0.547725243089635,0.0,0.547725243089635
WLD,1995,0.245502999337024,0.097763620763531,0.343266620100555
WLD,1996,0.237303089972029,0.0894003210002088,0.3267034109722378
WLD,1997,0.218651962990912,0.0835505595817939,0.3022025225727059
WLD,1998,0.200530422851753,0.0788685620450973,0.2793989848968503
WLD,1999,0.14940358518018,0.0569936592901945,0.2063972444703745
WLD,2000,0.144079928829177,0.0727420568105213,0.2168219856396983
WLD,2001,0.137256513021344,0.152500136257908,0.28975664927925204
WLD,2002,0.146200132406056,0.092419288432598,0.238619420838654
WLD,2003,0.169739774947723,0.0853236202146625,0.2550633951623855
WLD,2004,0.135622646916188,0.308941459101018,0.444564106017206
WLD,2005,0.134070980133428,0.256505751008749,0.390576731142177
WLD,2006,0.142800032974955,0.272499222007912,0.415299254982867
WLD,2007,0.169517289642693,0.302698612321842,0.472215901964535
WLD,2008,0.179765354985028,0.822729359962175,1.002494714947203
WLD,2009,0.17106395249408,0.353946329557972,0.525010282052052
WLD,2010,0.179666494910395,0.556187567243858,0.735854062154253
WLD,2011,0.174709892228652,0.736116429679055,0.910826321907707
WLD,2012,0.174853129736102,0.429121670114754,0.603974799850856
WLD,2013,0.178315997613075,0.296990634138522,0.47530663175159704
WLD,2014,0.194783342125203,0.238423508842878,0.433206850968081
WLD,2015,0.186904694013751,0.159380596500314,0.346285290514065
WLD,2016,0.193089386081071,0.164360937275969,0.35745032335704
WLD,2017,0.201587746047596,0.216824366816842,0.418412112864438
WLD,2018,0.165912942926075,0.244276352459326,0.410189295385401
WLD,2019,0.154452466043581,0.183718952173564,0.338171418217145
WSM,1995,2.02450058778076,0.0,2.02450058778076
WSM,1996,1.85156487059107,0.0,1.85156487059107
WSM,1997,1.2951021020926,0.0,1.2951021020926
WSM,1998,1.29191261556716,0.0,1.29191261556716
WSM,1999,1.08116476851778,0.0,1.08116476851778
WSM,2000,0.47111704310974,0.0,0.47111704310974
WSM,2001,0.551007408390949,0.0,0.551007408390949
WSM,2002,0.567747940965295,0.0,0.567747940965295
WSM,2003,0.558162847387572,0.0,0.558162847387572
WSM,2004,0.403326023249032,0.0,0.403326023249032
WSM,2005,0.311289651963659,0.0,0.311289651963659
WSM,2006,0.259331274861089,0.0,0.259331274861089
WSM,2007,0.330598374650033,0.0,0.330598374650033
WSM,2008,0.468263247489721,0.0,0.468263247489721
WSM,2009,0.443535455037048,0.0,0.443535455037048
WSM,2010,0.410594291707161,0.0,0.410594291707161
WSM,2011,0.479148651100215,0.0,0.479148651100215
WSM,2012,0.39649921551572,0.0,0.39649921551572
WSM,2013,0.354470433710273,0.0,0.354470433710273
WSM,2014,0.514371821253179,0.0,0.514371821253179
WSM,2015,0.385043626528853,0.0,0.385043626528853
WSM,2016,0.425429774129313,0.0,0.425429774129313
WSM,2017,0.482469410561221,0.0,0.482469410561221
WSM,2018,0.264678611319933,0.0,0.264678611319933
WSM,2019,0.232259603701569,0.0,0.232259603701569
XKX,1995,0.0,0.0,0.0
XKX,1996,0.0,0.0,0.0
XKX,1997,0.0,0.0,0.0
XKX,1998,0.0,0.0,0.0
XKX,1999,0.0,0.0,0.0
XKX,2000,0.0,0.0,0.0
XKX,2001,0.0,0.0,0.0
XKX,2002,0.0,0.0,0.0
XKX,2003,0.0,0.0,0.0
XKX,2004,0.0,0.0,0.0
XKX,2005,0.0,0.0,0.0
XKX,2006,0.0,0.0,0.0
XKX,2007,0.0,0.0,0.0
XKX,2008,0.0,3.46974810931307,3.46974810931307
XKX,2009,0.0,1.17228835700882,1.17228835700882
XKX,2010,0.0,2.09943006832557,2.09943006832557
XKX,2011,0.0,2.08041423593308,2.08041423593308
XKX,2012,0.0,0.87581895083904,0.87581895083904
XKX,2013,0.0,0.422084221324138,0.422084221324138
XKX,2014,0.0,0.295749533066664,0.295749533066664
XKX,2015,0.0,0.245681401583698,0.245681401583698
XKX,2016,0.0,0.278019453016927,0.278019453016927
XKX,2017,0.0,0.297313205479888,0.297313205479888
XKX,2018,0.0,0.322759346705482,0.322759346705482
XKX,2019,0.0,0.248062007101388,0.248062007101388
YEM,1995,0.0732526811084849,0.0,0.0732526811084849
YEM,1996,0.0562606710253784,0.0,0.0562606710253784
YEM,1997,0.0494823695155391,0.0,0.0494823695155391
YEM,1998,0.0774905773051466,0.0,0.0774905773051466
YEM,1999,0.0282513181022016,0.0,0.0282513181022016
YEM,2000,0.0224562694474876,0.0,0.0224562694474876
YEM,2001,0.025311409529105,0.0,0.025311409529105
YEM,2002,0.026813973588815,0.0,0.026813973588815
YEM,2003,0.0358020385267819,0.0,0.0358020385267819
YEM,2004,0.0305074541124151,0.0,0.0305074541124151
YEM,2005,0.0257915511719378,0.0,0.0257915511719378
YEM,2006,0.0286029974299173,0.0,0.0286029974299173
YEM,2007,0.0240120393605599,0.0,0.0240120393605599
YEM,2008,0.0350230334389226,0.0,0.0350230334389226
YEM,2009,0.0377157314988457,0.0,0.0377157314988457
YEM,2010,0.0379009692944935,0.0,0.0379009692944935
YEM,2011,0.0424398593093112,0.0,0.0424398593093112
YEM,2012,0.0464882013369516,0.0,0.0464882013369516
YEM,2013,0.0348667189839186,0.0,0.0348667189839186
YEM,2014,0.0539400376846284,0.0,0.0539400376846284
YEM,2015,0.0514656733274647,0.0,0.0514656733274647
YEM,2016,0.0557971984304559,0.0,0.0557971984304559
YEM,2017,0.0835811478307635,0.0,0.0835811478307635
YEM,2018,0.055112387041673,0.0,0.055112387041673
YEM,2019,0.0,0.0,0.0
ZAF,1995,0.907274847196706,2.06186052231608,2.9691353695127862
ZAF,1996,0.952339647124606,1.9241560740382,2.876495721162806
ZAF,1997,0.845082631798635,1.61619662100664,2.461279252805275
ZAF,1998,0.87887103580256,1.32809234011002,2.20696337591258
ZAF,1999,0.768764321573874,0.896045282949649,1.664809604523523
ZAF,2000,0.822465512421584,1.27706430854382,2.099529820965404
ZAF,2001,0.875540522453875,2.46569399997578,3.341234522429655
ZAF,2002,1.10300109469028,1.67772715720917,2.78072825189945
ZAF,2003,0.887761352019389,1.35453649718725,2.242297849206639
ZAF,2004,0.50656912706856,3.22676491805827,3.73333404512683
ZAF,2005,0.577918634471178,2.31202263431181,2.889941268782988
ZAF,2006,0.657014495814513,2.39588417432957,3.0528986701440832
ZAF,2007,0.581382031109846,3.11780745478716,3.699189485897006
ZAF,2008,0.823847141560057,7.24773931999843,8.071586461558487
ZAF,2009,0.673968817026418,2.33293574382487,3.006904560851288
ZAF,2010,0.491012100385551,3.41376035352968,3.904772453915231
ZAF,2011,0.443221511440389,3.94333344067778,4.3865549521181695
ZAF,2012,0.582237602653539,2.88108021254839,3.463317815201929
ZAF,2013,0.568010746223707,2.49703207208547,3.065042818309177
ZAF,2014,0.585652560008544,1.94751834311288,2.533170903121424
ZAF,2015,0.612355828776484,1.49327521761507,2.105631046391554
ZAF,2016,0.651866805333571,1.80360544975257,2.455472255086141
ZAF,2017,0.604883241688638,2.06162694919848,2.6665101908871183
ZAF,2018,0.649985199669035,2.2798795325049,2.929864732173935
ZAF,2019,0.645393715087465,1.75865465574997,2.404048370837435
ZMB,1995,7.15726981869001,0.0712241531841928,7.228493971874203
ZMB,1996,7.33646757783148,0.0553428895161234,7.391810467347604
ZMB,1997,5.74581132039095,0.0228886192553501,5.7686999396463
ZMB,1998,7.29245175794301,0.0494283743884752,7.341880132331486
ZMB,1999,5.14005348995597,0.0340713756953788,5.174124865651349
ZMB,2000,8.45245730072474,0.0485167841095833,8.500974084834324
ZMB,2001,6.83402107546984,0.0780233257446906,6.912044401214531
ZMB,2002,8.52083217363667,0.0522863702250223,8.573118543861693
ZMB,2003,12.5816162241119,0.0534393284778969,12.635055552589796
ZMB,2004,9.25534912496679,0.0681266115624081,9.323475736529197
ZMB,2005,7.34820918660193,0.0509403192640637,7.399149505865994
ZMB,2006,5.07183770615575,0.0154837278408601,5.08732143399661
ZMB,2007,6.78906548415133,0.0043651010415675,6.793430585192897
ZMB,2008,6.46417474762949,0.000527261809037224,6.464702009438527
ZMB,2009,7.83439591145351,0.000206887621654018,7.834602799075164
ZMB,2010,5.33151906689507,0.000284656620519031,5.3318037235155895
ZMB,2011,5.33698010259678,0.000315343316168428,5.337295445912948
ZMB,2012,5.7647488916204,0.0238959126594908,5.78864480427989
ZMB,2013,5.41837881864779,0.0215837920499144,5.439962610697704
ZMB,2014,6.18392216726339,0.0173226067647872,6.201244774028177
ZMB,2015,8.2115386260719,0.0161176960545101,8.227656322126409
ZMB,2016,8.73892844173346,0.0367635481547346,8.775691989888195
ZMB,2017,7.44178845010967,0.0966563371679943,7.5384447872776645
ZMB,2018,5.24264282636525,0.164818813977928,5.407461640343178
ZMB,2019,5.61569934069258,0.11555289649655,5.73125223718913
ZWE,1995,3.58378498471179,1.26629610631767,4.85008109102946
ZWE,1996,3.103766046304,0.89658348202089,4.0003495283248895
ZWE,1997,2.98195826894621,0.689043363974202,3.6710016329204116
ZWE,1998,4.04527903365657,0.740667231747415,4.785946265403985
ZWE,1999,2.43567841471557,0.561612395176263,2.997290809891833
ZWE,2000,2.38311453334728,0.716746800797967,3.0998613341452472
ZWE,2001,2.31778986593129,1.14537893766194,3.46316880359323
ZWE,2002,3.00078495348224,0.8511031997111,3.8518881531933404
ZWE,2003,4.93012109723983,0.837018975050425,5.767140072290255
ZWE,2004,4.36866739859968,2.00400191735889,6.37266931595857
ZWE,2005,4.38648231738954,2.2260713097986,6.61255362718814
ZWE,2006,4.53126511024848,2.4998893819836,7.03115449223208
ZWE,2007,7.04045161342553,2.9895097334864,10.02996134691193
ZWE,2008,9.59500979453574,6.30027905069109,15.89528884522683
ZWE,2009,4.64186122836121,1.20077086927504,5.84263209763625
ZWE,2010,3.18636130903513,1.6275437742608,4.81390508329593
ZWE,2011,3.09747788324374,1.75608208990706,4.8535599731508
ZWE,2012,2.97898642175496,1.00943239450643,3.9884188162613903
ZWE,2013,2.79418450108454,0.732306145530549,3.526490646615089
ZWE,2014,3.09694353156064,0.977101406302418,4.074044937863058
ZWE,2015,3.26192793864867,0.517085951746671,3.779013890395341
ZWE,2016,3.337508827235,0.231272872651529,3.568781699886529
ZWE,2017,3.72964205295604,0.605956461595311,4.335598514551351
ZWE,2018,1.27789733618839,0.41609304542906,1.69399038161745
ZWE,2019,1.99605200101332,0.257755009227255,2.253807010240575
