Nitrate_Resource,COMMTYPE,LONGITUD,COMBINACION_CRITICO,CRITICO_3,Iodine_Resource,ESTADO_DEPOSITO,Molybdenum_Reserve,OPERATOR_NAME,ECAP,DDLAT,Rare Earths_Resource,COMUNA,Potassium_Reserve,ANNCAP,Titanium_Resource,OWNER_NAME,CRITICO_1,NOMBRE_DEPOSITO,OrdFranj,PROVINCIA,OPERATOR,FACTYPE,STATUS,OWNER,COUNTRY,ADM1,LOCACC,ELEVACION,LATITUD,YEAR,OTROS_NOMBRES,Lithium_Reserve,LOCDESC,PRIMARY_COMMODITY,DDLONG,Manganese_Resource,MIN_PROD,Copper_Reserve,SOURCEID,FACILITY_TYPE,OrdReg,ISO_CC,ID,MULTI_PROD,FACID_NUM,Iron_Reserve,REGION,Cobalt_Resource,Iron_Resource,FACILITY_NAME,UNITS,COMMODITY,Potassium_Resource,MODELO_DEPOSITO,Silver_Reserve,Zinc_Resource,MULTI_COMM,FACID,Gold_Resource,Boron_Resource,VALOR_DATO,ID_SIA_YACIMIENTO,ID_ATLAS_FAENA,Copper_Resource,Molybdenum_Resource,Lithium_Resource,Iodine_Reserve,SISTEMA_MINERAL,Boron_Reserve,SOURCE,COMB_CRIT_COD,ALL_COMMODITIES_RAW,FRANJA_METALOGENICA,Gold_Reserve,OTROS_CRITICOS,COMBOCAP,ROWID,OBJECTID,GRUPO_MODELO,CRITICO_2,LOCNAME,Nitrate_Reserve,Zinc_Reserve,REFERENCIA,CAPACITY_UNITS,Silver_Resource,COMMENTS,CRITICO_4,CAPACITY,N_COMMODITIES,COMMODITY_LIST_STR
3377115.0,,-69.85999999999996,Nitrato-Yodo,,67580.8,Mina paralizada,,Atacama Minerals Chile Minera ,,,,Antofagasta,,,,SCM Bullmine and RB Energy,Nitrato,Aguas Blancas,11,Antofagasta,,,Idle,,,,,,-24.13999999999993,,,,,Nitrate,,,,,,Mine (idle),3,,1,,,,Antofagasta,,,Aguas Blancas,,,,Campo de nitrato-yodo,,,,,,,Actualizado,,,,,,38403.07,Sedimentario-Atmosférico,,Sernageomin_2025,"MIN_14, MIN_16",Nitrato-Yodo,Mioceno-Pleistoceno,,,,,1,Campo de nitrato-yodo,Yodo,,,,https://www.sernageomin.cl/planes-de-cierre/,,,,,,2,"Nitrate, Iodine"
,,-70.97799999999995,Oro-Plata-Cinc,Cinc,,Mina en producción,,,,,,Alhué,,,,,Oro,Alhué,6,Melipilla,,,Active,,,,,,-34.00799999999998,,"Minera Florida, Florida",,,Gold,,,,,,Mine (active),7,,2,,,,Metropolitana de Santiago,,,Alhué,,,,Epitermal de baja sulfuración,67.2,112180.0,,,37.07,,Actualizado,"4242, 4289, 4290",,,,,,Magmático-Hidrotermal,,Sernageomin_2025,"MIN_12, MIN_17, MIN_18",Oro-Plata-Cinc,Cretácico Superior,9.624,,,,2,Epitermales,Plata,,,29700.0,https://panamericansilver.com/operations/reserves-and-resources/,,191.2,,,,3,"Gold, Silver, Zinc"
,,-69.85699999999997,Cobre,,,Mina en producción,,,,,,Taltal,,,,,Cobre,Altamira,5,Antofagasta,,,Active,,,,,,-25.835999999999956,,,,,Copper,,,,,,Mine (active),3,,3,,,,Antofagasta,,,Altamira,,,,Estratoligado,,,,,,,Actualizado,2470,,429878.0,,,,Magmático-Hidrotermal,,Sernageomin_2025,MIN_01,Cobre,Cretácico Inferior,,,,,3,Estratoligado,,,,,https://www.sernageomin.cl/planes-de-cierre/,,,,,,1,Copper
,,-69.93159999999995,Oro-Plata,,,Prospecto/Proyecto,,,,,,Vicuña,,,,,Oro,Alturas,9,Elqui,,,Prospect/Project,,,,,,-30.017299999999977,,,,,Gold,,,,,,Prospect/Project,5,,4,,,,Coquimbo,,,Alturas,,,,Epitermal de alta sulfuración,,,,,170.48,,Histórico,,,,,,,Magmático-Hidrotermal,,Sernageomin_2025,"MIN_17, MIN_18",Oro-Plata,Mioceno,,,,,4,Epitermales,Plata,,,,https://www.annualreports.com/HostedData/AnnualReportArchive/b/TSX_ABX_2015.pdf,,,,,,2,"Gold, Silver"
,,-69.81299999999999,Oro-Plata,,,Mina en producción,,,,,,Taltal,,,,,Oro,Amancaya,7,Antofagasta,,,Active,,,,,,-25.57899999999995,,Operación Guanaco-Amancaya,,,Gold,,,,,,Mine (active),3,,5,,,,Antofagasta,,,Amancaya,,,,Epitermal de baja sulfuración,3.79056,,,,3.17864,,Actualizado,6962,,,,,,Magmático-Hidrotermal,,Sernageomin_2025,"MIN_17, MIN_18",Oro-Plata,Paleoceno-Eoceno,1.52874,,,,5,Epitermales,Plata,,,,https://australgold.com/wp-content/uploads/2023/03/SLR-Austral-Guanaco-Amancaya-NI-43-101-FINAL-25-March-2022-1.pdf,,7.32105,,,,2,"Gold, Silver"
,,-70.30699999999996,Cobre-Molibdeno,,,Prospecto/Proyecto,,,,,,Putaendo,,,,,Cobre,Amos,10,San Felipe de Aconcagua,,,Prospect/Project,,,,,,-32.27999999999997,,Amos-Andrés,,,Copper,,,,,,Prospect/Project,6,,6,,,,Valparaíso,,,Amos,,,,Pórfido de Cu-Mo,,,,,,,Sin información,5516,,,,,,Magmático-Hidrotermal,,Sernageomin_2025,"MIN_01, MIN_03, MIN_04",Cobre-Molibdeno,Mioceno-Plioceno,,Renio,,,6,Pórfidos,Molibdeno,,,,,,,,,,2,"Copper, Molybdenum"
,,-73.41199999999998,Cobre-Cinc,,,Prospecto/Proyecto,,,,,,Natales,,,,,Cobre,Ancón Sin Salida,4,Última Esperanza,,,Prospect/Project,,,,,,-52.212999999999965,,,,,Copper,,,,,,Prospect/Project,16,,7,,,,Magallanes y de la Antártica Chilena,,,Ancón Sin Salida,,,,VMS,,,,,,,Sin información,6357,,,,,,Volcanogénico,,Sernageomin_2025,"MIN_01, MIN_12",Cobre-Cinc,Jurásico-Cretácico,,,,,7,VMS,Cinc,,,,,,,,,,2,"Copper, Zinc"
,,-71.10096999999996,Oro,,,Mina en producción,,Compañía Minera Carmen de Andacollo ,,,,Andacollo,,,,"Teck Cominco Ltd., 90%, and Empresa Nacional de Minería (ENAMI) (Government, 100%), 10%",Oro,Andacollo Oro,5,Elqui,,,Active,,,,,,-30.23121999999995,,,,,Gold,,,,,,Mine (active),5,,8,,,,Coquimbo,,,Andacollo Oro,,,,Epitermal de baja sulfuración,,,,,68.0,,Actualizado,3282,,,,,,Magmático-Hidrotermal,,Sernageomin_2025,MIN_17,Oro,Cretácico Inferior,,,,,8,Epitermales,,,,,https://www.sernageomin.cl/planes-de-cierre/,,,,,,1,Gold
,,-70.25399999999996,Cobre-Molibdeno-Renio,Renio,,Mina en producción,,Corporación Nacional del Cobre (CODELCO),,,,Los Andes,,,,"Government, 100%",Cobre,Andina,10,Los Andes,,,Active,,,,,,-33.148999999999944,,Río Blanco,,,Copper,,,,7814600.0,,Mine (active),6,,9,,,,Valparaíso,,,Andina,,,,Pórfido de Cu-Mo,,,,,,,Actualizado,"7434, 7044, 7436",,134175600.0,,,,Magmático-Hidrotermal,,Sernageomin_2025,"MIN_01, MIN_03, MIN_04",Cobre-Molibdeno-Renio,Mioceno-Plioceno,,,,,9,Pórfidos,Molibdeno,,,,https://www.codelco.com/prontus_codelco/site/docs/20250329/20250329202724/codelco_memoria_anual_2024.pdf,,,,,,3,"Copper, Molybdenum, Rhenium"
,,-69.88299999999998,Cobre,,,Mina en producción,,Antofagasta plc,,,,María Elena,,,,"Antofagasta plc, 70%, Marubeni Corp., 30%",Cobre,Antucoya,5,Tocopilla,,,Active,,,,,,-22.637999999999977,,,,,Copper,,,,2074200.0,,Mine (active),3,,10,,,,Antofagasta,,,Antucoya,,,,Pórfido de Cu,,,,,,,Actualizado,,,3038910.0,,,,Magmático-Hidrotermal,,Sernageomin_2025,MIN_01,Cobre,Cretácico Inferior,,,,,10,Pórfidos,,,,,https://www.aminerals.cl/docs/default-source/archivo/reportes/annual-report-2024.pdf?sfvrsn=3a957ff4_4,,,,,,1,Copper
,,-70.91899999999998,Plata,,,Mina paralizada,,,,,,Vicuña,,,,,Plata,Arqueros,6,Elqui,,,Idle,,,,,,-29.84499999999997,,,,,Silver,,,,,,Mine (idle),5,,11,,,,Coquimbo,,,Arqueros,,,,Epitermal de baja sulfuración,,,,,,,Sin información,,,,,,,Magmático-Hidrotermal,,Sernageomin_2025,MIN_18,Plata,Cretácico Superior,,,,,11,Epitermales,,,,,,,,,,,1,Silver
,,-70.05499999999995,Cobre,,,Mina en producción,,,,,,Taltal,,,,,Cobre,Barreal Seco,5,Antofagasta,,,Active,,,,,,-25.92199999999997,,Teresa de Colmo,,,Copper,,,,,,Mine (active),3,,12,,,,Antofagasta,,,Barreal Seco,,,,IOCG,,,,,,,Actualizado,2570,,541645.0,,,,Magmático-Hidrotermal,,Sernageomin_2025,MIN_01,Cobre,Cretácico Inferior,,,,,12,IOCG,,,,,https://www.sernageomin.cl/planes-de-cierre/,,,,,,1,Copper
,,-70.05599999999998,Cobre,,,Prospecto/Proyecto,,Minera Pacífico Ltda.,,,,Diego de Almagro,,,,Minera Pacífico Ltda.,Cobre,Berta,5,Chañaral,,,Prospect/Project,,,,,,-26.71799999999996,,Berta Este,,,Copper,,,,,,Prospect/Project,4,,13,,,,Atacama,,,Berta,,,,Pórfido de Cu,,,,,,,Sin información,1373,,,,,,Magmático-Hidrotermal,,Sernageomin_2025,MIN_01,Cobre,Cretácico Inferior,,,,,13,Pórfidos,,,,,,,,,,,1,Copper
,,-70.69988999999998,Hierro,,,Mina paralizada,,,,,,Vallenar,,,,,Hierro,Boqueron Chañar,5,Huasco,,,Idle,,,,,,-28.06950999999998,,,,,Iron,,,,,,Mine (idle),4,,14,,,,Atacama,,162324.2,Boqueron Chañar,,,,IOA,,,,,,,Histórico,M-490,,,,,,Magmático-Hidrotermal,,Sernageomin_2025,MIN_15,Hierro,Cretácico Inferior,,,,,14,IOA,,,,,https://repositorio.sernageomin.cl/items/6a534a1c-0e76-47fb-b72c-33febf88c011,,,,,,1,Iron
,,-70.39199999999994,Cobre-Molibdeno,,,Prospecto/Proyecto,,,,,,Monte Patria,,,,,Cobre,Bornita,8,Limarí,,,Prospect/Project,,,,,,-30.90599999999995,,,,,Copper,,,,,,Prospect/Project,5,,15,,,,Coquimbo,,,Bornita,,,,Pórfido de Cu-Mo,,,,,,,Sin información,,,,,,,Magmático-Hidrotermal,,Sernageomin_2025,"MIN_01, MIN_03, MIN_04",Cobre-Molibdeno,Eoceno-Oligoceno,,Renio,,,15,Pórfidos,Molibdeno,,,,,,,,,,2,"Copper, Molybdenum"
,,-71.20299999999997,Cobre,,,Prospecto/Proyecto,,,,,,Colbún,,,,,Cobre,Brahma,10,Linares,,,Prospect/Project,,,,,,-35.761999999999944,,,,,Copper,,,,,,Prospect/Project,9,,16,,,,Maule,,,Brahma,,,,Pórfido de Cu-Mo,,,,,,,Sin información,,,,,,,Magmático-Hidrotermal,,Sernageomin_2025,MIN_01,Cobre,Mioceno-Plioceno,,,,,16,Pórfidos,,,,,,,,,,,1,Copper
,,-68.86099999999993,Cobre,,,Prospecto/Proyecto,,,,,,Calama,,,,,Cobre,Brujulina,8,El Loa,,,Prospect/Project,,,,,,-21.93599999999998,,,,,Copper,,,,,,Prospect/Project,3,,17,,,,Antofagasta,,,Brujulina,,,,Pórfido de Cu-Mo,,,,,,,Actualizado,,,434630.0,,,,Magmático-Hidrotermal,,Sernageomin_2025,MIN_01,Cobre,Eoceno-Oligoceno,,,,,17,Pórfidos,,,,,https://www.aminerals.cl/docs/default-source/archivo/reportes/annual-report-2024.pdf?sfvrsn=3a957ff4_4,,,,,,1,Copper
,,-70.20999999999998,Cobre,,,Mina paralizada,,,,,,Tocopilla,,,,,Cobre,Buena Esperanza,3,Tocopilla,,,Idle,,,,,,-22.164999999999964,,,,,Copper,,,,,,Mine (idle),3,,18,,,,Antofagasta,,,Buena Esperanza,,,,Estratoligado,,,,,,,Histórico,2690,,203000.0,,,,Magmático-Hidrotermal,,Sernageomin_2025,MIN_01,Cobre,Jurásico,,,,,18,Estratoligado,,,,,https://repositorio.uchile.cl/handle/2250/151836,,,,,,1,Copper
,,-69.29399999999998,Cobre,,,Prospecto/Proyecto,,,,,,Sierra Gorda,,,,,Cobre,Búfalo,7,Antofagasta,,,Prospect/Project,,,,,,-23.635999999999967,,,,,Copper,,,,,,Prospect/Project,3,,19,,,,Antofagasta,,,Búfalo,,,,Pórfido de Cu-Mo,,,,,,,Sin información,,,,,,,Magmático-Hidrotermal,,Sernageomin_2025,MIN_01,Cobre,Paleoceno-Eoceno,,,,,19,Pórfidos,,,,,,,,,,,1,Copper
,,-69.54833299999996,Plata-Oro,,,Prospecto/Proyecto,,,,,,Taltal,,,,,Plata,Cachinal,7,Antofagasta,,,Prospect/Project,,,,,,-24.964999999999975,,Cachinal de la Sierra,,,Silver,,,,,,Prospect/Project,3,,20,,,,Antofagasta,,,Cachinal,,,,Epitermal de baja sulfuración,,,,,0.736,,Actualizado,3205,,,,,,Magmático-Hidrotermal,,Sernageomin_2025,"MIN_17, MIN_18",Plata-Oro,Paleoceno-Eoceno,,,,,20,Epitermales,Oro,,,,https://aftermathsilver.com/projects/cachinal/overview/,,586.9,,,,2,"Silver, Gold"
,,-69.74499999999995,Cobre-Plata,,,Prospecto/Proyecto,,,,,,Sierra Gorda,,,,,Cobre,Cachorro,5,Antofagasta,,,Prospect/Project,,,,,,-22.975999999999942,,,,,Copper,,,,,,Prospect/Project,3,,21,,,,Antofagasta,,,Cachorro,,,,Estratoligado,,,,,,,Actualizado,,,3216780.0,,,,Magmático-Hidrotermal,,Sernageomin_2025,"MIN_01, MIN_18",Cobre-Plata,Cretácico Inferior,,,,,21,Estratoligado,Plata,,,,https://www.aminerals.cl/docs/default-source/archivo/reportes/annual-report-2024.pdf?sfvrsn=3a957ff4_4,,978.147,,,,2,"Copper, Silver"
,,-69.79299999999995,Nitrato-Yodo,,27815.4,Mina en producción,,,,,,Pozo Almonte,,,,,Nitrato,Cala Cala,11,Tamarugal,,,Active,,,,,,-20.234999999999957,,,,,Nitrate,,,,,,Mine (active),2,,22,,,,Tarapacá,,,Cala Cala,,,,Campo de nitrato-yodo,,,,,,,Actualizado,,,,,,,Sedimentario-Atmosférico,,Sernageomin_2025,"MIN_14, MIN_16",Nitrato-Yodo,Mioceno-Pleistoceno,,,,,22,Campo de nitrato-yodo,Yodo,,,,https://www.sernageomin.cl/planes-de-cierre/,,,,,,2,"Nitrate, Iodine"
,,-69.85999999999996,Nitrato-Yodo,,,Mina paralizada,,,,,,Huara,,,,,Nitrato,Calichera,11,Tamarugal,,,Idle,,,,,,-19.869999999999948,,,,,Nitrate,,,,,,Mine (idle),2,,23,,,,Tarapacá,,,Calichera,,,,Campo de nitrato-yodo,,,,,,,Sin información,,,,,,,Sedimentario-Atmosférico,,Sernageomin_2025,"MIN_14, MIN_16",Nitrato-Yodo,Mioceno-Pleistoceno,,,,,23,Campo de nitrato-yodo,Yodo,,,,,,,,,,2,"Nitrate, Iodine"
,,-69.26305599999995,Oro-Plata,,,Mina paralizada,,,,,,Copiapó,,,,,Oro,Can Can,9,Copiapó,,,Idle,,,,,,-26.802221999999972,,,,,Gold,,,,,,Mine (idle),4,,24,,,,Atacama,,,Can Can,,,,Epitermal de alta sulfuración,,,,,0.78,,Histórico,1302,,,,,,Magmático-Hidrotermal,,Sernageomin_2025,"MIN_17, MIN_18",Oro-Plata,Mioceno,,,,,24,Epitermales,Plata,,,,http://www.andeangeology.cl/index.php/revista1/article/view/V48n1-3294,,,,,,2,"Gold, Silver"
,,-70.20699999999994,Cobre-Molibdeno,,,Prospecto/Proyecto,,,,,,Taltal,,,,,Cobre,Canchas,5,Antofagasta,,,Prospect/Project,,,,,,-25.458999999999946,,,,,Copper,,,,,,Prospect/Project,3,,25,,,,Antofagasta,,,Canchas,,,,Pórfido de Cu,,,,,,,Histórico,,,63000.0,15000.0,,,Magmático-Hidrotermal,,Sernageomin_2025,"MIN_01, MIN_03, MIN_04, MIN_17",Cobre-Molibdeno,Cretácico Inferior,,"Oro, Renio",,,25,Pórfidos,Molibdeno,,,,https://repositorio.sernageomin.cl/items/a8faf057-5764-4d2d-a6eb-5c9c152fbe50/full,,,,,,2,"Copper, Molybdenum"
,,-70.29099999999994,Cobre-Oro-Plata,Plata,,Mina en producción,,Cía. Contractual Minera Candelaria ,,,,Tierra Amarilla,,,,"Lundin Mining Corp., 80%; Sumitomo Metal Mining Co. Ltd., 16%; Sumitomo Corp., 4%",Cobre,Candelaria,5,Copiapó,,,Active,,,,,,-27.51699999999994,,"Ojos del Salado, Alcaparrosa, Punta del Cobre",,,Copper,,,,2923927.0,,Mine (active),4,,26,,,,Atacama,,,Candelaria,,,,IOCG,933.168,,,,192.2894,,Actualizado,"1066, 1077",,8702610.0,,,,Magmático-Hidrotermal,,Sernageomin_2025,"MIN_01, MIN_15, MIN_17, MIN_18",Cobre-Oro-Plata,Cretácico Inferior,68.43232,Hierro,,,26,IOCG,Oro,,,,https://lundinmining.com/operations/reserves-and-resources/,,2883.394,,,,3,"Copper, Gold, Silver"
,,-70.14299999999997,Hierro,,,Mina paralizada,,Compañía Minera Carmen de Andacollo ,,,,Diego de Almagro,,,,"Teck Cominco Ltd., 90%, and Empresa Nacional de Minería (ENAMI) (Government, 100%), 10%",Hierro,Carmen,5,Chañaral,,,Idle,,,,,,-26.346089999999947,,,,,Iron,,,,,,Mine (idle),4,,27,,,,Atacama,,,Carmen,,,,IOA,,,,,,,Histórico,M-714,,,,,,Magmático-Hidrotermal,,Sernageomin_2025,MIN_15,Hierro,Cretácico Inferior,,,,,27,IOA,,,,,https://repositorio.uchile.cl/handle/2250/115255,,,,,,1,Iron
,,-71.09999999999997,Cobre-Oro,,,Mina en producción,,Compañía Minera Carmen de Andacollo ,,,,Andacollo,,,,"Teck Cominco Ltd., 90%, and Empresa Nacional de Minería (ENAMI) (Government, 100%), 10%",Cobre,Carmen de Andacollo,5,Elqui,,,Active,,,,,,-30.249999999999943,,Andacollo,,,Copper,,,,739040.0,,Mine (active),5,,28,,,,Coquimbo,,,Carmen de Andacollo,,,,Pórfido de Cu,,,,,41.593,,Actualizado,3294,,1201240.0,,,,Magmático-Hidrotermal,,Sernageomin_2025,"MIN_01, MIN_17",Cobre-Oro,Cretácico Inferior,23.84,,,,28,Pórfidos,Oro,,,,https://www.teck.com/media/AIF-2025.pdf,,,,,,2,"Copper, Gold"
,,-71.07099999999997,Cobre,,,Mina en producción,,,,,,Cabildo,,,,,Cobre,Carmen-Margarita,5,Petorca,,,Active,,,,,,-32.49199999999996,,,,,Copper,,,,,,Mine (active),6,,29,,,,Valparaíso,,,Carmen-Margarita,,,,Estratoligado,,,,,,,Actualizado,5526,,25298.0,,,,Magmático-Hidrotermal,,Sernageomin_2025,MIN_01,Cobre,Cretácico Inferior,,,,,29,Estratoligado,,,,,https://www.sernageomin.cl/planes-de-cierre/,,,,,,1,Copper
,,-69.54099999999994,Cobre-Molibdeno-Renio,Renio,,Mina en producción,88430.6,Minera Lumina Copper Chile (MILCC),,,,Tierra Amarilla,,,,"Pan Pacific Copper Co., 77.4%",Cobre,Caserones,9,Copiapó,,,Active,,,,,,-28.16599999999994,,Regalito,,,Copper,,,,2564488.0,,Mine (active),4,,30,,,,Atacama,,,Caserones,,,,Pórfido de Cu-Mo,,,,,,,Actualizado,7219,,3990248.0,145128.3,,,Magmático-Hidrotermal,,Sernageomin_2025,"MIN_01, MIN_03, MIN_04",Cobre-Molibdeno-Renio,Mioceno,,,,,30,Pórfidos,Molibdeno,,,,https://lundinmining.com/operations/reserves-and-resources/,,,,,,3,"Copper, Molybdenum, Rhenium"
,,-69.29399999999998,Oro-Plata-Cobre,Cobre,,Prospecto/Proyecto,,,,,,Tierra Amarilla,,,,,Oro,Caspiche,9,Copiapó,,,Prospect/Project,,,,,,-27.68999999999994,,Norte Abierto,,,Gold,,,,,,Prospect/Project,4,,31,,,,Atacama,,,Caspiche,,,,Pórfido de Au,,,,,389.5755,,Actualizado,991,,1409800.0,,,,Magmático-Hidrotermal,,Sernageomin_2025,"MIN_01, MIN_17, MIN_18",Oro-Plata-Cobre,Mioceno,,,,,31,Pórfidos,Plata,,,,https://www.sedarplus.ca/landingpage/,,932.2955,,,,3,"Gold, Silver, Copper"
,,-69.96499999999997,Cobre,,,Prospecto/Proyecto,,,,,,Taltal,,,,,Cobre,Casualidad,5,Antofagasta,,,Prospect/Project,,,,,,-25.74599999999998,,Corea,,,Copper,,,,,,Prospect/Project,3,,32,,,,Antofagasta,,,Casualidad,,,,IOCG,,,,,,,Histórico,2703,,1500000.0,,,,Magmático-Hidrotermal,,Sernageomin_2025,MIN_01,Cobre,Cretácico Inferior,,,,,32,IOCG,,,,,https://repositorio.sernageomin.cl/items/5eb51a48-20a0-4dab-ba29-e86c55d1fed2,,,,,,1,Copper
,,-71.44476999999995,Oro,,,Mina paralizada,,,,,,Los Vilos,,,,,Oro,Casuto,12,Choapa,,,Idle,,,,,,-31.787399999999934,,,,,Gold,,,,,,Mine (idle),5,,33,,,,Coquimbo,,,Casuto,,,,Placer,,,,,,,Sin información,4853,,,,,,Sedimentario de placer,,Sernageomin_2025,MIN_17,Oro,Mioceno-Holoceno,,,,,33,Placer,,,,,,,,,,,1,Gold
,,-70.95699999999994,Cobre,,,Mina en producción,,,,,,Catemu,,,,,Cobre,Catemu,5,San Felipe de Aconcagua,,,Active,,,,,,-32.72399999999993,,"Planta Catemu, Uva, El Seco, Uva Este",,,Copper,,,,,,Mine (active),6,,34,,,,Valparaíso,,,Catemu,,,,Estratoligado,,,,,,,Actualizado,,,59110.0,,,,Magmático-Hidrotermal,,Sernageomin_2025,MIN_01,Cobre,Cretácico Inferior,,,,,34,Estratoligado,,,,,https://www.sernageomin.cl/planes-de-cierre/,,,,,,1,Copper
,,-69.07599999999996,Cobre-Molibdeno-Oro-Renio,Oro,,Mina en producción,312078.0,Antofagasta plc,,,,Sierra Gorda,,,,"Antofagasta plc, 70%, and Marubeni Corp., 30%",Cobre,Centinela,8,Antofagasta,,,Active,,,,,,-22.987999999999943,,,,,Copper,,,,10468530.0,,Mine (active),3,,35,,,,Antofagasta,,,Centinela,,,,Pórfido de Cu-Mo,,,,,542.212,,Actualizado,2273. 2886. 2887.7216,,18148900.0,591504.0,,,Magmático-Hidrotermal,,Sernageomin_2025,"MIN_01, MIN_03, MIN_04, MIN_17",Cobre-Molibdeno-Oro-Renio,Eoceno-Oligoceno,336.084,,,,35,Pórfidos,Molibdeno,,,,https://www.aminerals.cl/docs/default-source/archivo/reportes/annual-report-2024.pdf?sfvrsn=3a957ff4_4,,,,Renio,,4,"Copper, Molybdenum, Gold, Rhenium"
,,-71.96999999999997,Oro-Plata,,,Mina en producción,,Compañía Minera Cerro Bayo Ltda. ,,,,Chile Chico,,,,"Mandalay Resources Corp., 100%",Oro,Cerro Bayo,5,General Carrera,,,Active,,,,,,-46.509999999999934,,Fachinal,,,Gold,,,,,,Mine (active),15,,36,,,,Aysén del General Carlos Ibáñez del Campo,,,Cerro Bayo,,,,Epitermal de metales preciosos,462.172,,,,7.319321,,Actualizado,,,,,,,Magmático-Hidrotermal,,Sernageomin_2025,"MIN_17, MIN_18",Oro-Plata,Cretácico Inferior,4.39776,,,,36,Epitermales,Plata,,,,https://www.sernageomin.cl/planes-de-cierre/,,660.676,,,,2,"Gold, Silver"
,,-71.07799999999997,Titanio,,,Prospecto/Proyecto,,,,,,Vallenar,,,2868770.0,,Titanio,Cerro Blanco,5,Huasco,,,Prospect/Project,,,,,,-28.678999999999974,,,,,Titanium,,,,,,Prospect/Project,4,,37,,,,Atacama,,,Cerro Blanco,,,,Ti asociado a rocas ígneas,,,,,,,Actualizado,,,,,,,Magmático,,Sernageomin_2025,MIN_07,Titanio,Cretácico Inferior,,,,,37,Ti asociado a rocas ígneas,,,,,https://www.prnewswire.com/news-releases/white-mountain-announces-updated-ni-43-101-geological-report-and-mineral-resource-estimate-for-the-cerro-blanco-project-214113691.html,,,,,,1,Titanium
,,-70.18499999999995,Tierras raras,,,Prospecto/Proyecto,,,,,,Diego de Almagro,,,,,Tierras raras,Cerro Carmen,5,Chañaral,,,Prospect/Project,,,,,,-26.361999999999966,,,,,Rare Earths,,,,,,Prospect/Project,4,,38,,,,Atacama,,,Cerro Carmen,,,,Skarn,,,,,,,Sin información,,,,,,,Magmático-Hidrotermal,,Sernageomin_2025,MIN_05,Tierras raras,Cretácico Inferior,,,,,38,Skarn,,,,,,,,,,,1,Rare Earths
,,-69.27899999999994,Oro-Plata-Cobre,Cobre,,Prospecto/Proyecto,,,,,,Tierra Amarilla,,,,,Oro,Cerro Casale,9,Copiapó,,,Prospect/Project,,,,,,-27.793999999999983,,"Aldebaran, Norte Abierto",,,Gold,,,,1317360.0,,Prospect/Project,4,,39,,,,Atacama,,,Cerro Casale,,,,Pórfido de Au,910.176,,,,146.8436,,Actualizado,998,,704552.0,,,,Magmático-Hidrotermal,,Sernageomin_2025,"MIN_01, MIN_17, MIN_18",Oro-Plata-Cobre,Mioceno,359.28,,,,39,Pórfidos,Plata,,,,https://www.sedarplus.ca/landingpage/,,416.351,,,,3,"Gold, Silver, Copper"
,,-69.26499999999999,Cobre,,,Mina paralizada,,Compañía Minera Cerro Colorado ,,,,Pozo Almonte,,,,"BHP Billiton plc, 100%",Cobre,Cerro Colorado,7,Tamarugal,,,Idle,,,,,,-20.043999999999983,,,,,Copper,,,,,,Mine (idle),2,,40,,,,Tarapacá,,,Cerro Colorado,,,,Pórfido de Cu-Mo,,,,,,,Actualizado,2162,,9146200.0,,,,Magmático-Hidrotermal,,Sernageomin_2025,MIN_01,Cobre,Paleoceno-Eoceno,,,,,40,Pórfidos,,,,,https://www.bhp.com/-/media/documents/investors/annual-reports/2024/240827_bhpannualreport2024.pdf,,,,,,1,Copper
,,-70.41666699999996,Hierro,,,Mina paralizada,,,,,,Copiapó,,,,,Hierro,Cerro Imán,5,Copiapó,,,Idle,,,,,,-27.26499999999993,,,,,Iron,,,,,,Mine (idle),4,,41,,,,Atacama,,,Cerro Imán,,,,IOA,,,,,,,Sin información,M777,,,,,,Magmático-Hidrotermal,,Sernageomin_2025,MIN_15,Hierro,Cretácico Inferior,,,,,41,IOA,,,,,,,,,,,1,Iron
,,-70.85699999999997,Cobre-Plata,,,Mina en producción,,,,,,Cabildo,,,,,Cobre,Cerro Negro,6,Petorca,,,Active,,,,,,-32.577999999999975,,,,,Copper,,,,,,Mine (active),6,,42,,,,Valparaíso,,,Cerro Negro,,,,Estratoligado,,,,,,,Actualizado,4695,,234330.0,,,,Magmático-Hidrotermal,,Sernageomin_2025,"MIN_01, MIN_18",Cobre-Plata,Cretácico Superior,,,,,42,Estratoligado,Plata,,,,https://www.sernageomin.cl/planes-de-cierre/,,,,,,2,"Copper, Silver"
,,-70.34305599999993,Hierro,,,Mina en producción,,,,,,Copiapó,,,,,Hierro,Cerro Negro Norte,5,Copiapó,,,Active,,,,,,-27.10833299999996,,,,,Iron,,,,,,Mine (active),4,,43,,,127710000.0,Atacama,,186809800.0,Cerro Negro Norte,,,,IOA,,,,,,,Actualizado,M-732,,,,,,Magmático-Hidrotermal,,Sernageomin_2025,MIN_15,Hierro,Cretácico Inferior,,,,,43,IOA,,,,,https://www.cmp.cl/wp-content/uploads/2024/08/memoria-espanol28.08_compressed.pdf,,,,,,1,Iron
,,-69.33932999999996,Plata-Oro,,,Prospecto/Proyecto,,,,,,Pozo Almonte,,,,,Plata,Challacollo,6,Tamarugal,,,Prospect/Project,,,,,,-20.89539999999994,,,,,Silver,,,,,,Prospect/Project,2,,44,,,,Tarapacá,,,Challacollo,,,,Epitermal de baja sulfuración,,,,,2.26931,,Actualizado,,,,,,,Magmático-Hidrotermal,,Sernageomin_2025,"MIN_17, MIN_18",Plata-Oro,Cretácico Superior,,,,,44,Epitermales,Oro,,,,https://aftermathsilver.com/projects/cachinal/overview/,,1443.172,,,,2,"Silver, Gold"
,,-70.41888899999998,Plata,,,Mina paralizada,,,,,,Copiapó,,,,,Plata,Chañarcillo,6,Copiapó,,,Idle,,,,,,-27.81388899999996,,,,,Silver,,,,,,Mine (idle),4,,45,,,,Atacama,,,Chañarcillo,,,,Mesotermal,,,,,,,Sin información,,,,,,,Magmático-Hidrotermal,,Sernageomin_2025,MIN_18,Plata,Cretácico Superior,,,,,45,Mesotermal,,,,,,,,,,,1,Silver
,,-69.13599999999997,Cobre,,,Prospecto/Proyecto,,,,,,Antofagasta,,,,,Cobre,Chimborazo,8,Antofagasta,,,Prospect/Project,,,,,,-24.147999999999968,,,,,Copper,,,,,,Prospect/Project,3,,46,,,,Antofagasta,,,Chimborazo,,,,Pórfido de Cu-Mo,,,,,,,Actualizado,3084,,1161000.0,,,,Magmático-Hidrotermal,,Sernageomin_2025,MIN_01,Cobre,Eoceno-Oligoceno,,,,,46,Pórfidos,,,,,https://www.bhp.com/-/media/documents/investors/annual-reports/2024/240827_bhpannualreport2024.pdf,,,,,,1,Copper
,,-69.91999999999996,Nitrato-Yodo,,,Mina paralizada,,,,,,Huara,,,,,Nitrato,Chiquinquira,11,Tamarugal,,,Idle,,,,,,-19.749999999999943,,,,,Nitrate,,,,,,Mine (idle),2,,47,,,,Tarapacá,,,Chiquinquira,,,,Campo de nitrato-yodo,,,,,,,Sin información,,,,,,,Sedimentario-Atmosférico,,Sernageomin_2025,"MIN_14, MIN_16",Nitrato-Yodo,Mioceno-Pleistoceno,,,,,47,Campo de nitrato-yodo,Yodo,,,,,,,,,,2,"Nitrate, Iodine"
,,-69.25799999999998,Oro-Plata,,,Mina paralizada,,,,,,Putre,,,,,Oro,Choquelimpie,9,Parinacota,,,Idle,,,,,,-18.30899999999997,,,,,Gold,,,,,,Mine (idle),1,,48,,,,Arica y Parinacota,,,Choquelimpie,,,,Epitermal de alta sulfuración,,,,,24.53,,Histórico,,,,,,,Magmático-Hidrotermal,,Sernageomin_2025,"MIN_17, MIN_18",Oro-Plata,Mioceno,,,,,48,Epitermales,Plata,,,,http://www.andeangeology.cl/index.php/revista1/article/view/V48n1-3294,,,,,,2,"Gold, Silver"
,,-68.89499999999998,Cobre-Molibdeno-Renio,Renio,,Mina en producción,,Corporación Nacional del Cobre (CODELCO),,,,Calama,,,,"Government, 100%",Cobre,Chuquicamata,8,El Loa,,,Active,,,,,,-22.299999999999955,,,,,Copper,,,,7692300.0,,Mine (active),3,,49,,,,Antofagasta,,,Chuquicamata,,,,Pórfido de Cu-Mo,,,,,,,Actualizado,2763,,61713600.0,,,,Magmático-Hidrotermal,,Sernageomin_2025,"MIN_01, MIN_03, MIN_04",Cobre-Molibdeno-Renio,Eoceno-Oligoceno,,,,,49,Pórfidos,Molibdeno,,,,https://www.codelco.com/prontus_codelco/site/docs/20250329/20250329202724/codelco_memoria_anual_2024.pdf,,,,,,3,"Copper, Molybdenum, Rhenium"
,,-69.30499999999995,Cobre-Cinc-Plata-Oro,Plata,,Prospecto/Proyecto,,,,,,Taltal,,,,,Cobre,Ciclón-Exploradora,8,Antofagasta,,,Prospect/Project,,,,,,-25.84299999999996,,,,,Copper,,,,,,Prospect/Project,3,,50,,,,Antofagasta,,,Ciclón-Exploradora,,,,Epitermal de sulfuración intermedia,,255530.0,,,2.222,,Actualizado,,,103020.0,,,,Magmático-Hidrotermal,,Sernageomin_2025,"MIN_01, MIN_12, MIN_17, MIN_18",Cobre-Cinc-Plata-Oro,Eoceno-Oligoceno,,,,,50,Epitermales,Cinc,,,,https://www.minmineria.cl/pdac/doctos_descarga/InvestChile_Portafolio_Mineria_ESP.pdf,,616.1,,Oro,,4,"Copper, Zinc, Silver, Gold"
,,-71.21299999999997,Cobre,,,Mina en producción,,,,,,Ovalle,,,,,Cobre,Cinabrio,5,Limarí,,,Active,,,,,,-30.71999999999997,,,,,Copper,,,,41949.47,,Mine (active),5,,51,,,,Coquimbo,,,Cinabrio,,,,Estratoligado,,,,,,,Actualizado,5626,,,,,,Magmático-Hidrotermal,,Sernageomin_2025,"MIN_01, MIN_18",Cobre,Cretácico Inferior,,Plata,,,51,Estratoligado,,,,,https://www.sernageomin.cl/planes-de-cierre/,,,,,,1,Copper
,,-68.70299999999997,Cobre-Molibdeno-Renio,Renio,,Mina en producción,862809.0,Compañía Minera Doña Inés de Collahuasi SCM ,,,,Pica,,,,"Anglo American plc, 44%; Glencore plc, 44%; companies led by Mitsui & Co. Ltd., 12%",Cobre,Collahuasi,8,Tamarugal,,,Active,,,,,,-20.972999999999956,,Doña Inés de Collahuasi,,,Copper,,,,32791190.0,,Mine (active),2,,52,,,,Tarapacá,,,Collahuasi,,,,Pórfido de Cu-Mo,,,,,,,Actualizado,2287,,48367870.0,1113394.0,,,Magmático-Hidrotermal,,Sernageomin_2025,"MIN_01, MIN_03, MIN_04",Cobre-Molibdeno-Renio,Eoceno-Oligoceno,,,,,52,Pórfidos,Molibdeno,,,,https://www.angloamerican.com/~/media/Files/A/Anglo-American-Group-v9/PLC/investors/annual-reporting/2024/anglo-american-ore-reserves-and-mineral-resources-report-2024.pdf,,,,,,3,"Copper, Molybdenum, Rhenium"
,,-71.14899999999994,Oro,,,Mina en producción,,,,,,Quilpué,,,,,Oro,Colliguay,5,Marga Marga,,,Active,,,,,,-33.190999999999974,,,,,Gold,,,,,,Mine (active),6,,53,,,,Valparaíso,,,Colliguay,,,,Pórfido de Au,,,,,,,Sin información,7205,,,,,,Magmático-Hidrotermal,,Sernageomin_2025,MIN_17,Oro,Cretácico Inferior,,,,,53,Pórfidos,,,,,,,,,,,1,Gold
,,-68.89399999999995,Cobre-Molibdeno,,,Prospecto/Proyecto,,,,,,Pica,,,,,Cobre,Copaquire,8,Tamarugal,,,Prospect/Project,,,,,,-20.91599999999994,,"Cerro Moly, Huatacondo, Marta, Sulfato, Sulphato",,,Copper,,,,,,Prospect/Project,2,,54,,,,Tarapacá,,,Copaquire,,,,Pórfido de Cu-Mo,,,,,,,Histórico,2275,,60000.0,45000.0,,,Magmático-Hidrotermal,,Sernageomin_2025,"MIN_01, MIN_03, MIN_04",Cobre-Molibdeno,Eoceno-Oligoceno,,Renio,,,54,Pórfidos,Molibdeno,,,,https://repositorio.sernageomin.cl/items/a8faf057-5764-4d2d-a6eb-5c9c152fbe50/full,,,,,,2,"Copper, Molybdenum"
,,-70.85199999999998,Manganeso,,,Mina paralizada,,,,,,Freirina,,,,,Manganeso,Coquimbana,5,Huasco,,,Idle,,,,,,-28.369999999999948,,,,,Manganese,,,,,,Mine (idle),4,,55,,,,Atacama,,,Coquimbana,,,,Estratoligado,,,,,,,Sin información,,,,,,,Magmático-Hidrotermal,,Sernageomin_2025,MIN_06,Manganeso,Cretácico Inferior,,,,,55,Estratoligado,,,,,,,,,,,1,Manganese
,,-70.80499999999995,Cobre-Oro-Plata-Molibdeno,Plata,,Prospecto/Proyecto,48694.0,,,,,Vallenar,,,,,Cobre,Costa Fuego,5,Huasco,,,Prospect/Project,,,,,,-28.714999999999975,,"Productora, Cortadera, San Antonio, El Fuego, Alice",,,Copper,,,,1857400.0,,Prospect/Project,4,,56,,,,Atacama,,,Costa Fuego,,,,Pórfido de Cu,245.98,,,,91.98,,Actualizado,1676,,3460100.0,80213.0,,,Magmático-Hidrotermal,,Sernageomin_2025,"MIN_01, MIN_03, MIN_04, MIN_17, MIN_18",Cobre-Oro-Plata-Molibdeno,Cretácico Inferior,50.2,Renio,,,56,Pórfidos,Oro,,,,https://es.hotchili.net.au/UploadImages/announcements/2881436-663.pdf,,472.08,,Molibdeno,,4,"Copper, Gold, Silver, Molybdenum"
,,-71.04173899999995,Hierro,,,Mina paralizada,,Compañía Minera del Pacífico S.A. (CMP),,,,Freirina,,,,"CAP S.A., 75%, and MC Inversiones Ltda., 25%",Hierro,Cristales,5,Huasco,,,Idle,,,,,,-29.15095999999994,,,,,Iron,,,,,,Mine (idle),4,,57,,,,Atacama,,48872000.0,Cristales,,,,IOA,,,,,,,Actualizado,M-981,,,,,,Magmático-Hidrotermal,,Sernageomin_2025,MIN_15,Hierro,Cretácico Inferior,,,,,57,IOA,,,,,https://www.cmp.cl/wp-content/uploads/2024/08/memoria-espanol28.08_compressed.pdf,,,,,,1,Iron
,,-70.16299999999995,Cobre-Oro,,,Prospecto/Proyecto,,,,,,Diego de Almagro,,,,,Cobre,Diego de Almagro,5,Chañaral,,,Prospect/Project,,,,,,-26.375999999999976,,,,,Copper,,,,,,Prospect/Project,4,,58,,,,Atacama,,,Diego de Almagro,,,,IOCG,,,,,3.58,,Histórico,,,465400.0,,,,Magmático-Hidrotermal,,Sernageomin_2025,"MIN_01, MIN_17",Cobre-Oro,Cretácico Inferior,,,,,58,IOCG,Oro,,,,https://app.ingemmet.gob.pe/biblioteca/pdf/CPG14-162.pdf,,,,,,2,"Copper, Gold"
,,-70.52999999999997,Cobre-Cobalto,,,Mina paralizada,,,,,,Caldera,,,,,Cobre,Distrito Algarrobo-El Roble,5,Copiapó,,,Idle,,,,,,-27.029999999999973,,,,,Copper,,,,,,Mine (idle),4,,59,,,,Atacama,,,Distrito Algarrobo-El Roble,,,,IOCG,,,,,,,Sin información,,,,,,,Magmático-Hidrotermal,,Sernageomin_2025,"MIN_01, MIN_08",Cobre-Cobalto,Cretácico Inferior,,,,,59,IOCG,Cobalto,,,,,,,,,,2,"Copper, Cobalt"
,,-70.91399999999999,Cobre-Plata-Manganeso,Manganeso,,Mina paralizada,,,,,,La Serena,,,,,Cobre,Distrito Arqueros,5,Elqui,,,Idle,,,,,,-29.786999999999978,,,,,Copper,,,,,,Mine (idle),5,,60,,,,Coquimbo,,,Distrito Arqueros,,,,Estratoligado,,,,,,,Sin información,,,,,,,Magmático-Hidrotermal,,Sernageomin_2025,"MIN_01, MIN_06, MIN_18",Cobre-Plata-Manganeso,Cretácico Inferior,,,,,60,Estratoligado,Plata,,,,,,,,,,3,"Copper, Silver, Manganese"
,,-70.86999999999995,Cobre-Cobalto,,,Mina paralizada,,,,,,Huasco,,,,,Cobre,Distrito Astilla,4,Huasco,,,Idle,,,,,,-28.289999999999964,,,,,Copper,,,,,,Mine (idle),4,,61,,,,Atacama,,,Distrito Astilla,,,,IOCG,,,,,,,Sin información,,,,,,,Magmático-Hidrotermal,,Sernageomin_2025,"MIN_01, MIN_08",Cobre-Cobalto,Jurásico-Cretácico,,,,,61,IOCG,Cobalto,,,,,,,,,,2,"Copper, Cobalt"
,,-69.00888899999995,Plata,,,Mina paralizada,,,,,,Sierra Gorda,,,,,Plata,Distrito Caracoles,6,Antofagasta,,,Idle,,,,,,-23.053610999999933,,,,,Silver,,,,,,Mine (idle),3,,62,,,,Antofagasta,,,Distrito Caracoles,,,,Epitermal de baja sulfuración,,,,,,,Sin información,,,,,,,Magmático-Hidrotermal,,Sernageomin_2025,MIN_18,Plata,Cretácico Superior,,,,,62,Epitermales,,,,,,,,,,,1,Silver
,,-70.90199999999999,Cobre-Cobalto,,,Mina paralizada,,,,,,Huasco,,,,,Cobre,Distrito Carrizal Alto,3,Huasco,,,Idle,,,,,,-28.085999999999956,,,,,Copper,,,,,,Mine (idle),4,,63,,,,Atacama,,,Distrito Carrizal Alto,,,,IOCG,,,,,,,Sin información,,,,,,,Magmático-Hidrotermal,,Sernageomin_2025,"MIN_01, MIN_08",Cobre-Cobalto,Jurásico,,,,,63,IOCG,Cobalto,,,,,,,,,,2,"Copper, Cobalt"
,,-71.23499999999996,Oro,,,Mina paralizada,,,,,,Quilpué,,,,,Oro,Distrito Cerro El Álamo,3,Marga Marga,,,Idle,,,,,,-33.22399999999993,,,,,Gold,,,,,,Mine (idle),6,,64,,,,Valparaíso,,,Distrito Cerro El Álamo,,,,Mesotermal,,,,,,,Sin información,,,,,,,Magmático-Hidrotermal,,Sernageomin_2025,MIN_17,Oro,Jurásico,,,,,64,Mesotermal,,,,,,,,,,,1,Gold
,,-70.86599999999999,Plata-Oro-Cobre,Cobre,,Mina paralizada,,,,,,La Serena,,,,,Plata,Distrito Condoriaco,6,Elqui,,,Idle,,,,,,-29.68799999999993,,,,,Silver,,,,,,Mine (idle),5,,65,,,,Coquimbo,,,Distrito Condoriaco,,,,Epitermal de baja sulfuración,,,,,,,Sin información,,,,,,,Magmático-Hidrotermal,,Sernageomin_2025,"MIN_01, MIN_17, MIN_18",Plata-Oro-Cobre,Cretácico Superior,,,,,65,Epitermales,Oro,,,,,,,,,,3,"Silver, Gold, Copper"
,,-70.94399999999996,Manganeso,,,Mina paralizada,,,,,,Andacollo,,,,,Manganeso,Distrito Corral Quemado,5,Elqui,,,Idle,,,,,,-30.247999999999934,,,,,Manganese,,,,,,Mine (idle),5,,66,,,,Coquimbo,,,Distrito Corral Quemado,,,,Estratoligado,,,,,,,Sin información,,,,,,,Magmático-Hidrotermal,,Sernageomin_2025,MIN_06,Manganeso,Cretácico Inferior,,,,,66,Estratoligado,,,,,,,,,,,1,Manganese
,,-70.91579699999994,Hierro,,,Mina en producción,,,,,,Vallenar,,,,,Hierro,Distrito El Algarrobo,5,Huasco,,,Active,,,,,,-28.64584099999996,,"Inc Alcaparra, Domeyko, Ojos de Agiua, Charaña",,,Iron,,,,,,Mine (active),4,,67,,,41890000.0,Atacama,,339481200.0,Distrito El Algarrobo,,,,IOCG,,,,,,,Actualizado,s/n,,,,,,Magmático-Hidrotermal,,Sernageomin_2025,MIN_15,Hierro,Cretácico Inferior,,,,,67,IOCG,,,,,https://www.cmp.cl/wp-content/uploads/2024/08/memoria-espanol28.08_compressed.pdf,,,,,,1,Iron
,,-69.08599999999996,Plata-Oro,,,Mina paralizada,,,,,,Calama,,,,,Plata,Distrito El Inca,7,El Loa,,,Idle,,,,,,-22.259999999999934,,,,,Silver,,,,,,Mine (idle),3,,68,,,,Antofagasta,,,Distrito El Inca,,,,Epitermal de alta sulfuración,,,,,,,Sin información,,,,,,,Magmático-Hidrotermal,,Sernageomin_2025,"MIN_17, MIN_18",Plata-Oro,Paleoceno-Eoceno,,,,,68,Epitermales,Oro,,,,,,,,,,2,"Silver, Gold"
,,-70.79399999999998,Cobre-Oro-Cobalto,Cobalto,,Mina paralizada,,,,,,Vallenar,,,,,Cobre,Distrito Fraguita,3,Huasco,,,Idle,,,,,,-29.075999999999965,,,,,Copper,,,,,,Mine (idle),4,,69,,,,Atacama,,,Distrito Fraguita,,,,IOCG,,,,,,,Sin información,,,,,,,Magmático-Hidrotermal,,Sernageomin_2025,"MIN_01, MIN_08, MIN_17",Cobre-Oro-Cobalto,Jurásico,,,,,69,IOCG,Oro,,,,,,,,,,3,"Copper, Gold, Cobalt"
,,-70.21599999999995,Cobre-Oro,,,Mina paralizada,,,,,,Tocopilla,,,,,Cobre,Distrito Gatico,3,Tocopilla,,,Idle,,,,,,-22.473999999999933,,Toldo-Velarde,,,Copper,,,,,,Mine (idle),3,,70,,,,Antofagasta,,,Distrito Gatico,,,,IOCG,,,,,,,Sin información,,,,,,,Magmático-Hidrotermal,,Sernageomin_2025,"MIN_01, MIN_17",Cobre-Oro,Jurásico,,,,,70,IOCG,Oro,,,,,,,,,,2,"Copper, Gold"
,,-69.91099999999994,Cobre,,,Mina paralizada,,,,,,Huara,,,,,Cobre,Distrito Huara,3,Tamarugal,,,Idle,,,,,,-20.047999999999945,,,,,Copper,,,,,,Mine (idle),2,,71,,,,Tarapacá,,,Distrito Huara,,,,Skarn,,,,,,,Sin información,,,,,,,Magmático-Hidrotermal,,Sernageomin_2025,MIN_01,Cobre,Jurásico,,,,,71,Skarn,,,,,,,,,,,1,Copper
,,-70.27099999999996,Cobre,,,Mina en producción,,,,,,Taltal,,,,,Cobre,Distrito Julia,3,Antofagasta,,,Active,,,,,,-24.900999999999954,,,,,Copper,,,,,,Mine (active),3,,72,,,,Antofagasta,,,Distrito Julia,,,,IOCG,,,,,,,Sin información,,,,,,,Magmático-Hidrotermal,,Sernageomin_2025,MIN_01,Cobre,Jurásico,,,,,72,IOCG,,,,,,,,,,,1,Copper
,,-71.12199999999996,Cobre,,,Mina paralizada,,,,,,Olmué,,,,,Cobre,Distrito La Campana,5,Marga Marga,,,Idle,,,,,,-32.96199999999993,,,,,Copper,,,,,,Mine (idle),6,,73,,,,Valparaíso,,,Distrito La Campana,,,,Skarn,,,,,,,Sin información,,,,,,,Magmático-Hidrotermal,,Sernageomin_2025,MIN_01,Cobre,Cretácico Inferior,,,,,73,Skarn,,,,,,,,,,,1,Copper
,,-71.10099999999994,Cobre-Manganeso,,,Mina paralizada,,,,,,La Serena,,,,,Cobre,Distrito Lambert,5,Elqui,,,Idle,,,,,,-29.84699999999998,,,,,Copper,,,,,,Mine (idle),5,,74,,,,Coquimbo,,,Distrito Lambert,,,,Estratoligado,,,,,,,Sin información,,,,,,,Magmático-Hidrotermal,,Sernageomin_2025,"MIN_01, MIN_06",Cobre-Manganeso,Cretácico Inferior,,,,,74,Estratoligado,Manganeso,,,,,,,,,,2,"Copper, Manganese"
,,-70.46999999999997,Cobre-Cobalto,,,Mina paralizada,,,,,,Chañaral,,,,,Cobre,Distrito Las Ánimas,3,Chañaral,,,Idle,,,,,,-26.42999999999995,,Cañón,,,Copper,,,,,,Mine (idle),4,,75,,,,Atacama,,,Distrito Las Ánimas,,,,IOCG,,,,,,,Sin información,,,,,,,Magmático-Hidrotermal,,Sernageomin_2025,"MIN_01, MIN_08",Cobre-Cobalto,Jurásico,,,,,75,IOCG,Cobalto,,,,,,,,,,2,"Copper, Cobalt"
,,-70.31999999999994,Cobre-Cobalto,,,Mina paralizada,,,,,,Tierra Amarilla,,,,,Cobre,Distrito Las Pintadas,5,Copiapó,,,Idle,,,,,,-27.559999999999945,,,,,Copper,,,,,,Mine (idle),4,,76,,,,Atacama,,,Distrito Las Pintadas,,,,IOCG,,,,,,,Sin información,,,,,,,Magmático-Hidrotermal,,Sernageomin_2025,"MIN_01, MIN_08",Cobre-Cobalto,Cretácico Inferior,,,,,76,IOCG,Cobalto,,,,,,,,,,2,"Copper, Cobalt"
,,-71.42199999999997,Oro,,,Mina paralizada,,,,,,Quilpué,,,,,Oro,Distrito Marga Marga,12,Marga Marga,,,Idle,,,,,,-33.087999999999965,,,,,Gold,,,,,,Mine (idle),6,,77,,,,Valparaíso,,,Distrito Marga Marga,,,,Placer,,,,,,,Sin información,,,,,,,Sedimentario de placer,,Sernageomin_2025,MIN_17,Oro,Mioceno-Holoceno,,,,,77,Placer,,,,,,,,,,,1,Gold
,,-70.17799999999994,Cobre,,,Mina en producción,,,,,,Mejillones,,,,,Cobre,Distrito Michilla,3,Antofagasta,,,Active,,,,,,-22.682999999999936,,"Lince, Estefanía, La Reina",,,Copper,,,,,,Mine (active),3,,78,,,,Antofagasta,,,Distrito Michilla,,,,Estratoligado,,,,,,,Actualizado,,,606592.8,,,,Magmático-Hidrotermal,,Sernageomin_2025,MIN_01,Cobre,Jurásico,,,,,78,Estratoligado,,,,,https://www.sernageomin.cl/planes-de-cierre/,,,,,,1,Copper
,,-70.39299999999997,Cobre,,,Mina en producción,,,,,,Taltal,,,,,Cobre,Distrito Montecristo,3,Antofagasta,,,Active,,,,,,-24.96799999999996,,,,,Copper,,,,,,Mine (active),3,,79,,,,Antofagasta,,,Distrito Montecristo,,,,IOCG,,,,,,,Histórico,,,240000.0,,,,Magmático-Hidrotermal,,Sernageomin_2025,MIN_01,Cobre,Jurásico,,,,,79,IOCG,,,,,https://link.springer.com/article/10.1007/s00126-003-0379-7,,,,,,1,Copper
,,-70.61999999999995,Cobre-Cobalto,,,Mina paralizada,,,,,,Copiapó,,,,,Cobre,Distrito Relincho,3,Copiapó,,,Idle,,,,,,-27.249999999999943,,,,,Copper,,,,,,Mine (idle),4,,80,,,,Atacama,,,Distrito Relincho,,,,IOCG,,,,,,,Sin información,,,,,,,Magmático-Hidrotermal,,Sernageomin_2025,"MIN_01, MIN_08",Cobre-Cobalto,Jurásico,,,,,80,IOCG,Cobalto,,,,,,,,,,2,"Copper, Cobalt"
,,-71.21199999999999,Cobre-Cobalto,,,Prospecto/Proyecto,,,,,,Freirina,,,,,Cobre,Distrito San Juan,3,Huasco,,,Prospect/Project,,,,,,-28.720999999999947,,La Cobaltera,,,Copper,,,,,,Prospect/Project,4,,81,,,,Atacama,,,Distrito San Juan,,,,IOCG,,,,,,,Sin información,,,,,,,Magmático-Hidrotermal,,Sernageomin_2025,"MIN_01, MIN_08",Cobre-Cobalto,Jurásico,,,,,81,IOCG,Cobalto,,,,,,,,,,2,"Copper, Cobalt"
,,-70.87999999999994,Manganeso,,,Mina paralizada,,,,,,Freirina,,,,,Manganeso,Distrito Sierra La Bandera,5,Huasco,,,Idle,,,,,,-28.409999999999968,,,,,Manganese,,,,,,Mine (idle),4,,82,,,,Atacama,,,Distrito Sierra La Bandera,,,,Estratoligado,,,,,,,Sin información,,,,,,,Magmático-Hidrotermal,,Sernageomin_2025,MIN_06,Manganeso,Cretácico Inferior,,,,,82,Estratoligado,,,,,,,,,,,1,Manganese
,,-69.90749999999997,Oro-Cobre,,,Mina paralizada,,,,,,Taltal,,,,,Oro,Distrito Sierra Overa,5,Antofagasta,,,Idle,,,,,,-25.77472199999994,,,,,Gold,,,,,,Mine (idle),3,,83,,,,Antofagasta,,,Distrito Sierra Overa,,,,Mesotermal,,,,,,,Sin información,,,,,,,Magmático-Hidrotermal,,Sernageomin_2025,"MIN_01, MIN_17",Oro-Cobre,Cretácico Inferior,,,,,83,Mesotermal,Cobre,,,,,,,,,,2,"Gold, Copper"
,,-71.20899999999995,Cobre-Cobalto,,,Mina paralizada,,,,,,Coquimbo,,,,,Cobre,Distrito Tambillos,5,Elqui,,,Idle,,,,,,-30.196999999999946,,,,,Copper,,,,,,Mine (idle),5,,84,,,,Coquimbo,,,Distrito Tambillos,,,,IOCG,,,,,,,Sin información,,,,,,,Magmático-Hidrotermal,,Sernageomin_2025,"MIN_01, MIN_08",Cobre-Cobalto,Cretácico Inferior,,,,,84,IOCG,Cobalto,,,,,,,,,,2,"Copper, Cobalt"
,,-70.16699999999997,Cobre,,,Mina paralizada,,,,,,Tocopilla,,,,,Cobre,Distrito Tocopilla,3,Tocopilla,,,Idle,,,,,,-22.06699999999995,,Minita-Despreciada,,,Copper,,,,,,Mine (idle),3,,85,,,,Antofagasta,,,Distrito Tocopilla,,,,IOCG,,,,,,,Sin información,,,,,,,Magmático-Hidrotermal,,Sernageomin_2025,"MIN_01, MIN_08",Cobre,Jurásico,,Cobalto,,,85,IOCG,,,,,,,,,,,1,Copper
,,-69.95899999999995,Plata,,,Mina paralizada,,,,,,Copiapó,,,,,Plata,Distrito Tres Puntas-Chimberos,6,Copiapó,,,Idle,,,,,,-26.892999999999972,,,,,Silver,,,,,,Mine (idle),4,,86,,,,Atacama,,,Distrito Tres Puntas-Chimberos,,,,Epitermal de baja sulfuración,,,,,,,Sin información,,,,,,,Magmático-Hidrotermal,,Sernageomin_2025,MIN_18,Plata,Cretácico Superior,,,,,86,Epitermales,,,,,,,,,,,1,Silver
,,-70.87999999999994,Cobre-Oro,,,Prospecto/Proyecto,,,,,,Vallenar,,,,,Cobre,Domeyko,5,Huasco,,,Prospect/Project,,,,,,-28.99099999999993,,"Dos Amigos, Domeyko Sulfuros",,,Copper,,,,,,Prospect/Project,4,,87,,,,Atacama,,,Domeyko,,,,Pórfido de Cu,,,,,81.753,,Actualizado,M-1745,,1160572.0,,,,Magmático-Hidrotermal,,Sernageomin_2025,"MIN_01, MIN_17",Cobre-Oro,Cretácico Inferior,,,,,87,Pórfidos,Oro,,,,https://www.sedarplus.ca/csa-party/records/document.html?id=75ee6869988e46d19720b91ecf5a9982349360167756edf4b8bea43194e8e906,,,,,,2,"Copper, Gold"
,,-71.18699999999995,Hierro-Cobre,,,Prospecto/Proyecto,,,,,,La Higuera,,,,,Hierro,Dominga,5,Elqui,,,Prospect/Project,,,,,,-29.37999999999994,,,,,Iron,,,,,,Prospect/Project,5,,88,,,,Coquimbo,,485106000.0,Dominga,,,,IOCG,,,,,,,Histórico,M-6538,,1457400.0,,,,Magmático-Hidrotermal,,Sernageomin_2025,"MIN_01, MIN_08, MIN_15, MIN_17",Hierro-Cobre,Cretácico Inferior,,"Cobalto, Oro",,,88,IOCG,Cobre,,,,https://repositorio.sernageomin.cl/server/api/core/bitstreams/39c93d98-35f8-4ebd-b8b3-541bf8f3b601/content,,,,,,2,"Iron, Copper"
,,-71.00399999999996,Cobre,,,Mina en producción,,,,,,Cabildo,,,,,Cobre,Don Jaime,5,Petorca,,,Active,,,,,,-32.537999999999954,,,,,Copper,,,,,,Mine (active),6,,89,,,,Valparaíso,,,Don Jaime,,,,Estratoligado,,,,,,,Actualizado,M-6979,,17199.0,,,,Magmático-Hidrotermal,,Sernageomin_2025,MIN_01,Cobre,Cretácico Inferior,,,,,89,Estratoligado,,,,,https://www.sernageomin.cl/planes-de-cierre/,,,,,,1,Copper
,,-70.39699999999993,Cobre,,,Mina en producción,,,,,,Taltal,,,,,Cobre,Doña Elba,3,Antofagasta,,,Active,,,,,,-25.611999999999966,,,,,Copper,,,,,,Mine (active),3,,90,,,,Antofagasta,,,Doña Elba,,,,Estratoligado,,,,,,,Actualizado,,,60442.0,,,,Magmático-Hidrotermal,,Sernageomin_2025,MIN_01,Cobre,Jurásico,,,,,90,Estratoligado,,,,,https://www.sernageomin.cl/planes-de-cierre/,,,,,,1,Copper
,,-68.83399999999995,Cobre-Oro-Molibdeno-Plata,Molibdeno,,Mina en producción,,Sociedad Contractual Minera El Abra ,,,,Calama,,,,"Freeport-McMoRan Copper & Gold Inc., 51%, and Corporación Nacional del Cobre (CODELCO) (Government, 100%), 49%",Cobre,El Abra,8,El Loa,,,Active,,,,,,-21.923999999999978,,,,,Copper,,,,2641700.0,,Mine (active),3,,91,,,,Antofagasta,,,El Abra,,,,Pórfido de Cu-Mo,,,,,95.2,,Actualizado,M-2626,,17503500.0,476000.0,,,Magmático-Hidrotermal,,Sernageomin_2025,"MIN_01, MIN_03, MIN_04, MIN_17, MIN_18",Cobre-Oro-Molibdeno-Plata,Eoceno-Oligoceno,,Renio,,,91,Pórfidos,Oro,,,,https://s22.q4cdn.com/529358580/files/doc_financials/10-K/10_k2024.pdf,,5426.4,,Plata,,4,"Copper, Gold, Molybdenum, Silver"
,,-70.99249999999995,Hierro,,,Mina en producción,,Compañía Minera del Pacífico S.A. (CMP),,,,Vallenar,,,,"CAP S.A., 75%, and MC Inversiones Ltda., 25%",Hierro,El Algarrobo,5,Huasco,,,Active,,,,,,-28.798610999999937,,,,,Iron,,,,,,Mine (active),4,,92,,,38038000.0,Atacama,,63407200.0,El Algarrobo,,,,IOA,,,,,,,Actualizado,"M-171, M-49",,,,,,Magmático-Hidrotermal,,Sernageomin_2025,MIN_15,Hierro,Cretácico Inferior,,,,,92,IOA,,,,,https://www.cmp.cl/wp-content/uploads/2024/08/memoria-espanol28.08_compressed.pdf,,,,,,1,Iron
,,-70.93333299999995,Oro-Plata-Cobre,Cobre,,Mina paralizada,,,,,,Petorca,,,,,Oro,El Bronce,6,Petorca,,,Idle,,,,,,-32.18333299999995,,El Bronce de Petorca,,,Gold,,,,,,Mine (idle),6,,93,,,,Valparaíso,,,El Bronce,,,,Epitermal de baja sulfuración,,,,,4.545284,,Actualizado,M-4502,,2819.655,,,,Magmático-Hidrotermal,,Sernageomin_2025,"MIN_01, MIN_17, MIN_18",Oro-Plata-Cobre,Cretácico Superior,,,,,93,Epitermales,Plata,,,,https://www.sernageomin.cl/planes-de-cierre/,,14.33513,,,,3,"Gold, Silver, Copper"
,,-71.70999999999998,Oro,,,Mina paralizada,,,,,,Maule,,,,,Oro,El Chivato,4,Talca,,,Idle,,,,,,-35.52999999999997,,,,,Gold,,,,,,Mine (idle),9,,94,,,,Maule,,,El Chivato,,,,Epitermal de metales preciosos,,,,,,,Sin información,,,,,,,Magmático-Hidrotermal,,Sernageomin_2025,MIN_17,Oro,Jurásico-Cretácico,,,,,94,Epitermales,,,,,,,,,,,1,Gold
,,-71.09799999999996,Cobre-Oro,,,Mina en producción,,,,,,Illapel,,,,,Cobre,El Espino,6,Choapa,,,Active,,,,,,-31.372999999999934,,,,,Copper,,,,,,Mine (active),5,,95,,,,Coquimbo,,,El Espino,,,,IOCG,,,,,17.55,,Actualizado,M-5182,,702000.0,,,,Magmático-Hidrotermal,,Sernageomin_2025,"MIN_01, MIN_08, MIN_17",Cobre-Oro,Cretácico Superior,,Cobalto,,,95,IOCG,Oro,,,,https://www.cmfchile.cl/sitio/aplic/serdoc/ver_sgd.php?s567=bc8b74dbff50cde53c13dc8dcd692dd5VFdwQmVVNVVRWHBOUkVsNlQwUkZlRTUzUFQwPQ==&secuencia=-1&t=1756324614,,,,,,2,"Copper, Gold"
,,-69.38333299999994,Oro-Plata,,,Mina paralizada,,,,,,Diego de Almagro,,,,,Oro,El Hueso,8,Chañaral,,,Idle,,,,,,-26.466666999999973,,,,,Gold,,,,,,Mine (idle),4,,96,,,,Atacama,,,El Hueso,,,,Epitermal de alta sulfuración,,,,,26.88,,Histórico,,,,,,,Magmático-Hidrotermal,,Sernageomin_2025,"MIN_17, MIN_18",Oro-Plata,Eoceno-Oligoceno,,,,,96,Epitermales,Plata,,,,http://www.andeangeology.cl/index.php/revista1/article/view/V48n1-3294,,32.0,,,,2,"Gold, Silver"
,,-69.98805599999997,Oro,,,Mina paralizada,,,,,,Vicuña,,,,,Oro,El Indio,9,Elqui,,,Idle,,,,,,-29.77166699999998,,,,,Gold,,,,,,Mine (idle),5,,97,,,,Coquimbo,,,El Indio,,,,Epitermal de alta sulfuración,,,,,,,Sin información,,,,,,,Magmático-Hidrotermal,,Sernageomin_2025,MIN_17,Oro,Mioceno,,,,,97,Epitermales,,,,,,,,,,,1,Gold
,,-67.47666699999996,Hierro,,,Prospecto/Proyecto,,,,,,San Pedro de Atacama,,,,,Hierro,El Laco,99,El Loa,,,Prospect/Project,,,,,,-23.82666699999993,,,,,Iron,,,,,,Prospect/Project,3,,98,,,213192000.0,Antofagasta,,361078800.0,El Laco,,,,IOA,,,,,,,Actualizado,M-3069,,,,,,Magmático,,Sernageomin_2025,MIN_15,Hierro,No asignado,,,,,98,IOA,,,,,https://www.cmp.cl/wp-content/uploads/2024/08/memoria-espanol28.08_compressed.pdf,,,,,,1,Iron
,,-68.58299999999997,Cobre,,,Prospecto/Proyecto,,,,,,Calama,,,,,Cobre,El Loa,2,El Loa,,,Prospect/Project,,,,,,-21.256999999999948,,,,,Copper,,,,,,Prospect/Project,3,,99,,,,Antofagasta,,,El Loa,,,,Pórfido de Cu,,,,,,,Sin información,,,,,,,Magmático-Hidrotermal,,Sernageomin_2025,MIN_01,Cobre,Carbonífero-Triásico,,,,,99,Pórfidos,,,,,,,,,,,1,Copper
,,-69.49305599999997,Oro-Plata,,,Mina en producción,,Minera Meridian Ltda. ,,,,Antofagasta,,,,"Yamana Gold Inc., 100%",Oro,El Peñón,7,Antofagasta,,,Active,,,,,,-24.39416699999998,,,,,Gold,,,,,,Mine (active),3,,100,,,,Antofagasta,,,El Peñón,,,,Epitermal de baja sulfuración,690.4,,,,46.864,,Actualizado,,,,,,,Magmático-Hidrotermal,,Sernageomin_2025,"MIN_17, MIN_18",Oro-Plata,Paleoceno-Eoceno,20.328,,,,100,Epitermales,Plata,,,,https://panamericansilver.com/operations/reserves-and-resources/,,1574.4,,,,2,"Gold, Silver"
,,-71.07099999999997,Cobre,,,Mina en producción,,,,,,Cabildo,,,,,Cobre,El Sauce,5,Petorca,,,Active,,,,,,-32.45699999999994,,,,,Copper,,,,,,Mine (active),6,,101,,,,Valparaíso,,,El Sauce,,,,Estratoligado,,,,,,,Actualizado,,,29280.0,,,,Magmático-Hidrotermal,,Sernageomin_2025,MIN_01,Cobre,Cretácico Inferior,,,,,101,Estratoligado,,,,,https://www.sernageomin.cl/planes-de-cierre/,,,,,,1,Copper
,,-70.89299999999997,Cobre,,,Mina Paralizada,,,,,,Cabildo,,,,,Cobre,El Sauce,5,Petorca,,,Idle,,,,,,-32.87399999999997,,Los Loros,,,Copper,,,,,,Mine (idle),6,,102,,,,Valparaíso,,,El Sauce,,,,Estratoligado,,,,,,,Sin información,,,,,,,Magmático-Hidrotermal,,Sernageomin_2025,MIN_01,Cobre,Cretácico Inferior,,,,,102,Estratoligado,,,,,,,,,,,1,Copper
,,-71.12799999999999,Cobre,,,Mina en producción,,Anglo American Sur S.A. ,,,,La Ligua,,,,"Anglo American plc, 50.1%, Mitsubishi Corp., 20.4%, Corporación Nacional del Cobre, 20%, and Mitsui & Co., Ltd., 9.5% ",Cobre,El Soldado,5,Petorca,,,Active,,,,,,-32.611999999999966,,,,,Copper,,,,175600.0,,Mine (active),6,,103,,,,Valparaíso,,,El Soldado,,,,Estratoligado,,,,,,,Actualizado,,,1170830.0,,,,Magmático-Hidrotermal,,Sernageomin_2025,"MIN_01, MIN_18",Cobre,Cretácico Inferior,,Plata,,,103,Estratoligado,,,,,https://www.angloamerican.com/~/media/Files/A/Anglo-American-Group-v9/PLC/investors/annual-reporting/2024/anglo-american-ore-reserves-and-mineral-resources-report-2024.pdf,,,,,,1,Copper
,,-70.33799999999997,Cobre-Molibdeno-Renio,Renio,,Mina en producción,,Corporación Nacional del Cobre (CODELCO),,,,Machalí,,,,"Government, 100%",Cobre,El Teniente,10,Cachapoal,,,Active,,,,,,-34.091999999999985,,,,,Copper,,,,8773100.0,,Mine (active),8,,104,,,,Libertador General Bernardo O'Higgins,,,El Teniente,,,,Pórfido de Cu-Mo,,,,,,,Actualizado,,,92476800.0,,,,Magmático-Hidrotermal,,Sernageomin_2025,"MIN_01, MIN_03, MIN_04",Cobre-Molibdeno-Renio,Mioceno-Plioceno,,,,,104,Pórfidos,Molibdeno,,,,https://www.codelco.com/prontus_codelco/site/docs/20250329/20250329202724/codelco_memoria_anual_2024.pdf,,,,,,3,"Copper, Molybdenum, Rhenium"
,,-71.89999999999998,Cinc-Oro-Plata-Cobre,Plata,,Mina en producción,,Sociedad Contractual Minera El Toqui Ltda. ,,,,Coyhaique,,,,"Nyrstar NV, 100%",Cinc,El Toqui,4,Coyhaique,,,Active,,,,,,-45.01699999999994,,"Doña Rosa, Estatuas, Concordia",,,Zinc,,,,,,Mine (active),15,,105,,,,Aysén del General Carlos Ibáñez del Campo,,,El Toqui,,,,Skarn,,620953.6,,,12.24928,,Actualizado,,,19404.8,,,,Magmático-Hidrotermal,,Sernageomin_2025,"MIN_01, MIN_12, MIN_17, MIN_18",Cinc-Oro-Plata-Cobre,Jurásico-Cretácico,,,,,105,Skarn,Oro,,,,https://www.sernageomin.cl/planes-de-cierre/,,198.8992,,Cobre,,4,"Zinc, Gold, Silver, Copper"
,,-69.92699999999996,Cobre-Molibdeno-Oro,Oro,,Prospecto/Proyecto,,,,,,Alto del Carmen,,,,,Cobre,Encierro,9,Huasco,,,Prospect/Project,,,,,,-29.063999999999965,,,,,Copper,,,,,,Prospect/Project,4,,106,,,,Atacama,,,Encierro,,,,Pórfido de Cu-Mo,,,,,114.906,,Actualizado,,,3394950.0,36561.0,,,Magmático-Hidrotermal,,Sernageomin_2025,"MIN_01, MIN_03, MIN_04, MIN_17",Cobre-Molibdeno-Oro,Mioceno,,Renio,,,106,Pórfidos,Molibdeno,,,,https://www.aminerals.cl/docs/default-source/archivo/reportes/annual-report-2024.pdf?sfvrsn=3a957ff4_4,,,,,,3,"Copper, Molybdenum, Gold"
,,-72.55416699999995,Oro-Cobre,,,Prospecto/Proyecto,,,,,,Hualaihué,,,,,Oro,Ensenada Necul,9,Palena,,,Prospect/Project,,,,,,-42.02027799999996,,,,,Gold,,,,,,Prospect/Project,14,,107,,,,Los Lagos,,,Ensenada Necul,,,,Mesotermal,,,,,,,Sin información,,,,,,,Magmático-Hidrotermal,,Sernageomin_2025,"MIN_01, MIN_17",Oro-Cobre,Mioceno,,,,,107,Mesotermal,Cobre,,,,,,,,,,2,"Gold, Copper"
,,-69.96499999999997,Cobre-Molibdeno-Oro-Plata,Oro,,Prospecto/Proyecto,,,,,,San José de Maipo,,,,,Cobre,Escalones,10,Cordillera,,,Prospect/Project,,,,,,-34.12099999999998,,,,,Copper,,,,,,Prospect/Project,7,,108,,,,Metropolitana de Santiago,,,Escalones,,,,Pórfido de Cu-Mo,,,,,21.0285,,Actualizado,,,1724337.0,25818.79,,,Magmático-Hidrotermal,,Sernageomin_2025,"MIN_01, MIN_03, MIN_04, MIN_17, MIN_18",Cobre-Molibdeno-Oro-Plata,Mioceno-Plioceno,,Renio,,,108,Pórfidos,Molibdeno,,,,https://portalgeo.sernageomin.cl/Sigex/ESCALONES_13_151/NI_43_101_2012_PB154907.pdf,,521.5068,,Plata,,4,"Copper, Molybdenum, Gold, Silver"
,,-69.05799999999994,Cobre,,,Mina en producción,,Minera Escondida Ltda.,,,,Antofagasta,,,,"Minera Escondida Ltda., 100%",Cobre,Escondida,8,Antofagasta,,,Active,,,,,,-24.274999999999977,,,,,Copper,,,,35983200.0,,Mine (active),3,,109,,,,Antofagasta,,,Escondida,,,,Pórfido de Cu-Mo,,,,,,,Actualizado,,,100646500.0,,,,Magmático-Hidrotermal,,Sernageomin_2025,MIN_01,Cobre,Eoceno-Oligoceno,,,,,109,Pórfidos,,,,,https://www.bhp.com/-/media/documents/investors/annual-reports/2024/240827_bhpannualreport2024.pdf,,,,,,1,Copper
,,-69.23699999999997,Cobre-Oro,,,Prospecto/Proyecto,,,,,,Taltal,,,,,Cobre,Exploradora,8,Antofagasta,,,Prospect/Project,,,,,,-25.805999999999983,,,,,Copper,,,,,,Prospect/Project,3,,110,,,,Antofagasta,,,Exploradora,,,,Pórfido de Cu-Mo,,,,,20.0,,Histórico,,,500000.0,,,,Magmático-Hidrotermal,,Sernageomin_2025,"MIN_01, MIN_17",Cobre-Oro,Eoceno-Oligoceno,,,,,110,Pórfidos,Oro,,,,https://repositorio.sernageomin.cl/items/a8faf057-5764-4d2d-a6eb-5c9c152fbe50/full,,,,,,2,"Copper, Gold"
,,-69.39999999999998,Plata-Oro,,,Mina Paralizada,,,,,,Sierra Gorda,,,,,Plata,Faride,7,Antofagasta,,,Idle,,,,,,-22.809999999999945,,,,,Silver,,,,,,Mine (idle),3,,111,,,,Antofagasta,,,Faride,,,,Epitermal de baja sulfuración,,,,,,,Sin información,,,,,,,Magmático-Hidrotermal,,Sernageomin_2025,"MIN_17, MIN_18",Plata-Oro,Paleoceno-Eoceno,,,,,111,Epitermales,Oro,,,,,,,,,,2,"Silver, Gold"
,,-69.20299999999997,Oro,,,Prospecto/Proyecto,,,,,,Copiapó,,,,,Oro,Fenix,9,Copiapó,,,Prospect/Project,,,,,,-27.010999999999967,,,,,Gold,,,,,,Prospect/Project,4,,112,,,,Atacama,,,Fenix,,,,Epitermal de baja sulfuración,,,,,177.86,,Actualizado,,,,,,,Magmático-Hidrotermal,,Sernageomin_2025,MIN_17,Oro,Mioceno,55.056,,,,112,Epitermales,,,,,https://www.fenixgold.cl/proyecto/geologia-recursos,,,,,,1,Gold
,,-69.54999999999995,Nitrato-Yodo,,,Mina paralizada,,,,,,Sierra Gorda,,,,,Nitrato,Florencia,11,Antofagasta,,,Idle,,,,,,-23.41999999999996,,,,,Nitrate,,,,,,Mine (idle),3,,113,,,,Antofagasta,,,Florencia,,,,Campo de nitrato-yodo,,,,,,,Sin información,,,,,,,Sedimentario-Atmosférico,,Sernageomin_2025,"MIN_14, MIN_16",Nitrato-Yodo,Mioceno-Pleistoceno,,,,,113,Campo de nitrato-yodo,Yodo,,,,,,,,,,2,"Nitrate, Iodine"
,,-69.86399999999998,Cobre,,,Mina en producción,,Sociedad Contractual Minera Franke ,,,,Taltal,,,,"KGHM International Ltd., 100%",Cobre,Franke,5,Antofagasta,,,Active,,,,,,-25.82899999999995,,,,,Copper,,,,,,Mine (active),3,,114,,,,Antofagasta,,,Franke,,,,Estratoligado,,,,,,,Actualizado,,,106043.9,,,,Magmático-Hidrotermal,,Sernageomin_2025,MIN_01,Cobre,Cretácico Inferior,,,,,114,Estratoligado,,,,,https://www.sernageomin.cl/planes-de-cierre/,,,,,,1,Copper
,,-70.47799999999995,Cobre-Oro,,,Prospecto/Proyecto,,,,,,Salamanca,,,,,Cobre,Frontera,10,Choapa,,,Prospect/Project,,,,,,-31.728999999999928,,,,,Copper,,,,,,Prospect/Project,5,,115,,,,Coquimbo,,,Frontera,,,,Pórfido de Cu-Mo,,,,,70.0,,Histórico,,,3640000.0,,,,Magmático-Hidrotermal,,Sernageomin_2025,"MIN_01, MIN_17",Cobre-Oro,Mioceno-Plioceno,,,,,115,Pórfidos,Oro,,,,http://www.andeangeology.cl/index.php/revista1/article/view/V48n1-3294,,,,,,2,"Copper, Gold"
,,-68.81099999999998,Cobre,,,Mina en producción,,Minera Gaby S.A. ,,,,Sierra Gorda,,,,"Corporación Nacional del Cobre (CODELCO) (Government, 100%), 100%",Cobre,Gabriela Mistral,8,Antofagasta,,,Active,,,,,,-23.41799999999995,,Gaby,,,Copper,,,,588000.0,,Mine (active),3,,116,,,,Antofagasta,,,Gabriela Mistral,,,,Pórfido de Cu-Mo,,,,,,,Actualizado,,,6966400.0,,,,Magmático-Hidrotermal,,Sernageomin_2025,MIN_01,Cobre,Eoceno-Oligoceno,,,,,116,Pórfidos,,,,,https://www.codelco.com/prontus_codelco/site/docs/20250329/20250329202724/codelco_memoria_anual_2024.pdf,,,,,,1,Copper
,,-71.32699999999994,Cobre,,,Prospecto/Proyecto,,,,,,Lonquimay,,,,,Cobre,Galletué,6,Malleco,,,Prospect/Project,,,,,,-38.716999999999985,,,,,Copper,,,,,,Prospect/Project,12,,117,,,,La Araucanía,,,Galletué,,,,Pórfido de Cu,,,,,,,Sin información,,,,,,,Magmático-Hidrotermal,,Sernageomin_2025,MIN_01,Cobre,Cretácico Superior,,,,,117,Pórfidos,,,,,,,,,,,1,Copper
,,-68.96399999999994,Cobre,,,Prospecto/Proyecto,,,,,,Calama,,,,,Cobre,Genoveva,8,El Loa,,,Prospect/Project,,,,,,-22.408999999999935,,,,,Copper,,,,,,Prospect/Project,3,,118,,,,Antofagasta,,,Genoveva,,,,Pórfido de Cu-Mo,,,,,,,Sin información,,,,,,,Magmático-Hidrotermal,,Sernageomin_2025,MIN_01,Cobre,Eoceno-Oligoceno,,,,,118,Pórfidos,,,,,nan,,,,,,1,Copper
,,-69.55694399999999,Oro-Plata,,,Mina en producción,,,,,,Taltal,,,,,Oro,Guanaco,7,Antofagasta,,,Active,,,,,,-25.108888999999976,,Operación Guanaco-Amancaya,,,Gold,,,,,,Mine (active),3,,119,,,,Antofagasta,,,Guanaco,,,,Epitermal de alta sulfuración,32.4608,,,,13.07473,,Actualizado,,,,,,,Magmático-Hidrotermal,,Sernageomin_2025,"MIN_17, MIN_18",Oro-Plata,Paleoceno-Eoceno,6.9632,,,,119,Epitermales,Plata,,,,https://australgold.com/wp-content/uploads/2023/03/SLR-Austral-Guanaco-Amancaya-NI-43-101-FINAL-25-March-2022-1.pdf,,63.98101,,,,2,"Gold, Silver"
,,-70.05694399999999,Plata,,,Mina paralizada,,,,,,Alto Hospicio,,,,,Plata,Huantajaya,3,Iquique,,,Idle,,,,,,-20.23194399999994,,,,,Silver,,,,,,Mine (idle),2,,120,,,,Tarapacá,,,Huantajaya,,,,Epitermal de baja sulfuración,,,,,,,Histórico,,,,,,,Magmático-Hidrotermal,,Sernageomin_2025,MIN_18,Plata,Jurásico,,,,,120,Epitermales,,,,,https://catalogobiblioteca.sernageomin.cl/cgi-bin/koha/opac-detail.pl?biblionumber=271338,,480.0,,,,1,Silver
,,-69.95399999999995,Cobre,,,Mina en producción,,,,,,Diego de Almagro,,,,,Cobre,Inca de Oro,6,Chañaral,,,Active,,,,,,-26.837999999999965,,,,,Copper,,,,,,Mine (active),4,,121,,,,Atacama,,,Inca de Oro,,,,Pórfido de Cu-Mo,,,,,,,Histórico,,,1517100.0,,,,Magmático-Hidrotermal,,Sernageomin_2025,MIN_01,Cobre,Cretácico Superior,,,,,121,Pórfidos,,,,,https://pubs.geoscienceworld.org/segweb/economicgeology/article/112/2/295/172169/Contrasting-Tectonic-Settings-and-Sulfur-Contents,,,,,,1,Copper
,,-69.60299999999995,Oro-Plata,,,Prospecto/Proyecto,,,,,,Taltal,,,,,Oro,Inesperada,7,Antofagasta,,,Prospect/Project,,,,,,-25.146999999999935,,Operación Guanaco-Amancaya,,,Gold,,,,,,Prospect/Project,3,,122,,,,Antofagasta,,,Inesperada,,,,Epitermal de alta sulfuración,23.12473,,,,1.83344,,Actualizado,,,,,,,Magmático-Hidrotermal,,Sernageomin_2025,"MIN_17, MIN_18",Oro-Plata,Paleoceno-Eoceno,1.68735,,,,122,Epitermales,Plata,,,,https://australgold.com/wp-content/uploads/2023/03/SLR-Austral-Guanaco-Amancaya-NI-43-101-FINAL-25-March-2022-1.pdf,,25.10476,,,,2,"Gold, Silver"
,,-70.27199999999993,Cobre,,,Mina paralizada,,,,,,Antofagasta,,,,,Cobre,Iván Zar,5,Antofagasta,,,Idle,,,,,,-23.347999999999956,,,,,Copper,,,,,,Mine (idle),3,,123,,,,Antofagasta,,,Iván Zar,,,,Estratoligado,,,,,,,Actualizado,,,60489.73,,,,Magmático-Hidrotermal,,Sernageomin_2025,MIN_01,Cobre,Cretácico Inferior,,,,,123,Estratoligado,,,,,https://www.sernageomin.cl/planes-de-cierre/,,,,,,1,Copper
,,-69.25249999999994,Oro-Plata,,,Mina en producción,,Compañía Minera Mantos de Oro ,,,,Copiapó,,,,"Kinross Gold Corp., 100%",Oro,La Coipa,9,Copiapó,,,Active,,,,,,-26.83499999999998,,Compañía Minera Mantos de Oro,,,Gold,,,,,,Mine (active),4,,124,,,,Atacama,,,La Coipa,,,,Epitermal de alta sulfuración,494.722,,,,46.3478,,Actualizado,,,,,,,Magmático-Hidrotermal,,Sernageomin_2025,"MIN_17, MIN_18",Oro-Plata,Mioceno,19.9994,,,,124,Epitermales,Plata,,,,https://s204.q4cdn.com/896213035/files/doc_financials/2026/q1/Kinross-Gold-2024-Annual-Report-Final.pdf,,1218.936,,,,2,"Gold, Silver"
,,-71.82444399999997,Oro,,,Prospecto/Proyecto,,,,,,Palena,,,,,Oro,La Esperanza,5,Palena,,,Prospect/Project,,,,,,-43.83972199999994,,,,,Gold,,,,,,Prospect/Project,14,,125,,,,Los Lagos,,,La Esperanza,,,,Skarn,,,,,,,Sin información,,,,,,,Magmático-Hidrotermal,,Sernageomin_2025,MIN_17,Oro,Cretácico Inferior,,,,,125,Skarn,,,,,,,,,,,1,Gold
,,-69.88399999999996,Cobre-Oro-Plata,Plata,,Prospecto/Proyecto,,,,,,Alto del Carmen,,,,,Cobre,La Fortuna,8,Huasco,,,Prospect/Project,,,,,,-28.633999999999958,,"Nueva Unión (Relincho + La Fortuna), El Morro",,,Copper,,,,3479220.0,,Prospect/Project,4,,126,,,,Atacama,,,La Fortuna,,,,Pórfido de Cu-Mo,545.76,,,,336.045,,Actualizado,,,3310200.0,,,,Magmático-Hidrotermal,,Sernageomin_2025,"MIN_01, MIN_17, MIN_18",Cobre-Oro-Plata,Eoceno-Oligoceno,320.634,,,,126,Pórfidos,Oro,,,,https://www.teck.com/media/AIF-2025.pdf,,748.71,,,,3,"Copper, Gold, Silver"
,,-70.19199999999995,Cobre-Cobalto,,,Mina paralizada,,,,,,San José de Maipo,,,,,Cobre,La Golondrina,5,Cordillera,,,Idle,,,,,,-33.83099999999996,,,,,Copper,,,,,,Mine (idle),7,,127,,,,Metropolitana de Santiago,,,La Golondrina,,,,Mesotermal,,,,,,,Sin información,,,,,,,Magmático-Hidrotermal,,Sernageomin_2025,"MIN_01, MIN_08",Cobre-Cobalto,Cretácico Inferior,,,,,127,Mesotermal,Cobalto,,,,,,,,,,2,"Copper, Cobalt"
,,-71.20799999999997,Cobre-Cobalto,,,Prospecto/Proyecto,,,,,,La Higuera,,,,,Cobre,La Higuera,5,Elqui,,,Prospect/Project,,,,,,-29.522999999999968,,,,,Copper,,,,,,Prospect/Project,5,,128,,,,Coquimbo,,,La Higuera,,,,IOCG,,,,,,,Sin información,,,,,,,Magmático-Hidrotermal,,Sernageomin_2025,"MIN_01, MIN_08",Cobre-Cobalto,Cretácico Inferior,,,,,128,IOCG,Cobalto,,,,,,,,,,2,"Copper, Cobalt"
,,-70.33299999999997,Cobre-Molibdeno,,,Prospecto/Proyecto,,,,,,Machalí,,,,,Cobre,La Huifa,10,Cachapoal,,,Prospect/Project,,,,,,-34.06299999999993,,,,,Copper,,,,,,Prospect/Project,8,,129,,,,Libertador General Bernardo O'Higgins,,,La Huifa,,,,Pórfido de Cu-Mo,,,,,,,Sin información,,,,,,,Magmático-Hidrotermal,,Sernageomin_2025,"MIN_01, MIN_03",Cobre-Molibdeno,Mioceno-Plioceno,,,,,129,Pórfidos,Molibdeno,,,,nan,,,,,,2,"Copper, Molybdenum"
,,-71.17999999999995,Titanio,,,Prospecto/Proyecto,,,,,,Freirina,,,,,Titanio,La Martina,5,Huasco,,,Prospect/Project,,,,,,-28.70999999999998,,,,,Titanium,,,,,,Prospect/Project,4,,130,,,,Atacama,,,La Martina,,,,Ti asociado a rocas ígneas,,,,,,,Sin información,,,,,,,Magmático,,Sernageomin_2025,MIN_07,Titanio,Cretácico Inferior,,,,,130,Ti asociado a rocas ígneas,,,,,,,,,,,1,Titanium
,,-70.83099999999996,Manganeso,,,Mina paralizada,,,,,,Freirina,,,,,Manganeso,La Negra,5,Huasco,,,Idle,,,,,,-28.339999999999975,,,,,Manganese,,,,,,Mine (idle),4,,131,,,,Atacama,,,La Negra,,,,Estratoligado,,,,,,,Sin información,,,,,,,Magmático-Hidrotermal,,Sernageomin_2025,MIN_06,Manganeso,Cretácico Inferior,,,,,131,Estratoligado,,,,,,,,,,,1,Manganese
,,-69.23899999999998,Oro,,,Prospecto/Proyecto,,,,,,Tierra Amarilla,,,,,Oro,La Pepa,9,Copiapó,,,Prospect/Project,,,,,,-27.285999999999945,,,,,Gold,,,,,,Prospect/Project,4,,132,,,,Atacama,,,La Pepa,,,,Pórfido de Au,,,,,63.558,,Actualizado,,,,,,,Magmático-Hidrotermal,,Sernageomin_2025,MIN_17,Oro,Mioceno,,,,,132,Pórfidos,,,,,https://panamericansilver.com/operations/reserves-and-resources/,,,,,,1,Gold
,,-69.06399999999996,Cobre-Molibdeno,,,Prospecto/Proyecto,,,,,,Pozo Almonte,,,,,Cobre,La Planada,8,Tamarugal,,,Prospect/Project,,,,,,-20.17199999999997,,,,,Copper,,,,,,Prospect/Project,2,,133,,,,Tarapacá,,,La Planada,,,,Pórfido de Cu-Mo,,,,,,,Histórico,,,120000.0,,,,Magmático-Hidrotermal,,Sernageomin_2025,"MIN_01, MIN_03",Cobre-Molibdeno,Eoceno-Oligoceno,,,,,133,Pórfidos,Molibdeno,,,,https://repositorio.sernageomin.cl/items/a8faf057-5764-4d2d-a6eb-5c9c152fbe50/full,,,,,,2,"Copper, Molybdenum"
,,-72.91999999999996,Cobre-Cinc,,,Prospecto/Proyecto,,Compañía Minera El Sauce Ltda.,,,,Río Verde,,,,Compañía Minera El Sauce Ltda.,Cobre,La Serena,4,Magallanes,,,Prospect/Project,,,,,,-52.787999999999954,,,,,Copper,,,,,,Prospect/Project,16,,134,,,,Magallanes y de la Antártica Chilena,,,La Serena,,,,Epitermal de metales preciosos,,,,,,,Sin información,,,,,,,Magmático-Hidrotermal,,Sernageomin_2025,"MIN_01, MIN_12",Cobre-Cinc,Jurásico-Cretácico,,,,,134,Epitermales,Cinc,,,,,,,,,,2,"Copper, Zinc"
,,-70.40999999999997,Hierro,,,Mina paralizada,,,,,,Chañaral,,,,,Hierro,La Suerte,4,Chañaral,,,Idle,,,,,,-26.339999999999975,,,,,Iron,,,,,,Mine (idle),4,,135,,,,Atacama,,,La Suerte,,,,IOCG,,,,,,,Sin información,M-6821,,,,,,Magmático-Hidrotermal,,Sernageomin_2025,MIN_15,Hierro,Jurásico-Cretácico,,,,,135,IOCG,,,,,,,,,,,1,Iron
,,-69.66999999999996,Nitrato-Yodo,,16039.0,Mina paralizada,,ACF Minera S.A.,,,,Pozo Almonte,,,,ACF Minera S.A.,Nitrato,Lagunas,11,Tamarugal,,,Idle,,,,,,-20.95999999999998,,,,,Nitrate,,,,,,Mine (idle),2,,136,,,,Tarapacá,,,Lagunas,,,,Campo de nitrato-yodo,,,,,,,Actualizado,,,,,,,Sedimentario-Atmosférico,,Sernageomin_2025,"MIN_14, MIN_16",Nitrato-Yodo,Mioceno-Pleistoceno,,,,,136,Campo de nitrato-yodo,Yodo,,,,https://www.sernageomin.cl/planes-de-cierre/,,,,,,2,"Nitrate, Iodine"
,,-71.11599999999999,Cobre-Molibdeno,,,Prospecto/Proyecto,,,,,,Combarbalá,,,,,Cobre,Lana Corina,6,Limarí,,,Prospect/Project,,,,,,-31.124999999999943,,,,,Copper,,,,,,Prospect/Project,5,,137,,,,Coquimbo,,,Lana Corina,,,,Pórfido de Cu,,,,,,,Sin información,,,,,,,Magmático-Hidrotermal,,Sernageomin_2025,"MIN_01, MIN_03",Cobre-Molibdeno,Cretácico Superior,,,,,137,Pórfidos,Molibdeno,,,,,,,,,,2,"Copper, Molybdenum"
,,-71.79199999999997,Cobre-Cinc,,,Prospecto/Proyecto,,,,,,Palena,,,,,Cobre,Las Juntas,4,Palena,,,Prospect/Project,,,,,,-43.67199999999997,,,,,Copper,,,,,,Prospect/Project,14,,138,,,,Los Lagos,,,Las Juntas,,,,Epitermal de metales preciosos,,,,,,,Sin información,,,,,,,Magmático-Hidrotermal,,Sernageomin_2025,"MIN_01, MIN_12",Cobre-Cinc,Jurásico-Cretácico,,,,,138,Epitermales,Cinc,,,,,,,,,,2,"Copper, Zinc"
,,-70.49599999999998,Cobre,,,Mina en producción,,Groupo Cenizas,,,,Taltal,,,,Groupo Cenizas,Cobre,Las Luces,3,Antofagasta,,,Active,,,,,,-25.69799999999998,,,,,Copper,,,,,,Mine (active),3,,139,,,,Antofagasta,,,Las Luces,,,,Estratoligado,,,,,,,Actualizado,,,541645.0,,,,Magmático-Hidrotermal,,Sernageomin_2025,MIN_01,Cobre,Jurásico,,,,,139,Estratoligado,,,,,https://www.sernageomin.cl/planes-de-cierre/,,,,,,1,Copper
,,-71.76666699999998,Oro,,,Mina Paralizada,,,,,,Pencahue,,,,,Oro,Las Palmas,5,Talca,,,Idle,,,,,,-35.17249999999996,,,,,Gold,,,,,,Mine (idle),9,,140,,,,Maule,,,Las Palmas,,,,Epitermal de baja sulfuración,,,,,9.0,,Histórico,,,,,,,Magmático-Hidrotermal,,Sernageomin_2025,MIN_17,Oro,Cretácico Inferior,,,,,140,Epitermales,,,,,http://www.andeangeology.cl/index.php/revista1/article/view/V48n1-3294,,,,,,1,Gold
,,-72.69472199999996,Oro,,,Mina paralizada,,,,,,Chaitén,,,,,Oro,Lavadero Ayacara-Huequi,12,Palena,,,Idle,,,,,,-42.301110999999935,,,,,Gold,,,,,,Mine (idle),14,,141,,,,Los Lagos,,,Lavadero Ayacara-Huequi,,,,Placer,,,,,,,Sin información,,,,,,,Sedimentario de placer,,Sernageomin_2025,MIN_17,Oro,Mioceno-Holoceno,,,,,141,Placer,,,,,,,,,,,1,Gold
,,-74.30305599999997,Oro,,,Mina paralizada,,,,,,Quellón,,,,,Oro,Lavadero Caleta Zorra,12,Chiloé,,,Idle,,,,,,-43.12944399999998,,,,,Gold,,,,,,Mine (idle),14,,142,,,,Los Lagos,,,Lavadero Caleta Zorra,,,,Placer,,,,,,,Sin información,,,,,,,Sedimentario de placer,,Sernageomin_2025,MIN_17,Oro,Mioceno-Holoceno,,,,,142,Placer,,,,,,,,,,,1,Gold
,,-73.71333299999998,Oro,,,Mina paralizada,,,,,,Maullín,,,,,Oro,Lavadero Carelmapu,12,Llanquihue,,,Idle,,,,,,-41.71666699999997,,,,,Gold,,,,,,Mine (idle),14,,143,,,,Los Lagos,,,Lavadero Carelmapu,,,,Placer,,,,,,,Sin información,,,,,,,Sedimentario de placer,,Sernageomin_2025,MIN_17,Oro,Mioceno-Holoceno,,,,,143,Placer,,,,,,,,,,,1,Gold
,,-73.49833299999995,Oro,,,Mina paralizada,,,,,,San Juan de la Costa,,,,,Oro,Lavadero Contaco,12,Osorno,,,Idle,,,,,,-40.631110999999976,,,,,Gold,,,,,,Mine (idle),14,,144,,,,Los Lagos,,,Lavadero Contaco,,,,Placer,,,,,,,Sin información,,,,,,,Sedimentario de placer,,Sernageomin_2025,MIN_17,Oro,Mioceno-Holoceno,,,,,144,Placer,,,,,,,,,,,1,Gold
,,-74.11999999999995,Oro,,,Mina paralizada,,,,,,Chonchi,,,,,Oro,Lavadero Cucao-Rahue,12,Chiloé,,,Idle,,,,,,-42.664999999999964,,,,,Gold,,,,,,Mine (idle),14,,145,,,,Los Lagos,,,Lavadero Cucao-Rahue,,,,Placer,,,,,,,Sin información,,,,,,,Sedimentario de placer,,Sernageomin_2025,MIN_17,Oro,Mioceno-Holoceno,,,,,145,Placer,,,,,,,,,,,1,Gold
,,-71.48599999999993,Oro,,,Mina paralizada,,,,,,Casablanca,,,,,Oro,Lavadero El Toro,12,Valparaíso,,,Idle,,,,,,-33.289999999999964,,,,,Gold,,,,,,Mine (idle),6,,146,,,,Valparaíso,,,Lavadero El Toro,,,,Placer,,,,,,,Sin información,,,,,,,Sedimentario de placer,,Sernageomin_2025,MIN_17,Oro,Mioceno-Holoceno,,,,,146,Placer,,,,,,,,,,,1,Gold
,,-67.69999999999999,Oro,,,Mina paralizada,,,,,,Cabo de Hornos,,,,,Oro,Lavadero Isla Navarino,12,Antártica Chilena,,,Idle,,,,,,-55.11666699999995,,,,,Gold,,,,,,Mine (idle),16,,147,,,,Magallanes y de la Antártica Chilena,,,Lavadero Isla Navarino,,,,Placer,,,,,,,Sin información,,,,,,,Sedimentario de placer,,Sernageomin_2025,MIN_17,Oro,Mioceno-Holoceno,,,,,147,Placer,,,,,,,,,,,1,Gold
,,-66.94999999999999,Oro,,,Mina paralizada,,,,,,Cabo de Hornos,,,,,Oro,Lavadero Isla Picton,12,Antártica Chilena,,,Idle,,,,,,-55.03333299999997,,,,,Gold,,,,,,Mine (idle),16,,148,,,,Magallanes y de la Antártica Chilena,,,Lavadero Isla Picton,,,,Placer,,,,,,,Sin información,,,,,,,Sedimentario de placer,,Sernageomin_2025,MIN_17,Oro,Mioceno-Holoceno,,,,,148,Placer,,,,,,,,,,,1,Gold
,,-73.81666699999994,Oro,,,Mina paralizada,,,,,,Fresia,,,,,Oro,Lavadero Marilán,12,Llanquihue,,,Idle,,,,,,-41.24999999999994,,,,,Gold,,,,,,Mine (idle),14,,149,,,,Los Lagos,,,Lavadero Marilán,,,,Placer,,,,,,,Sin información,,,,,,,Sedimentario de placer,,Sernageomin_2025,MIN_17,Oro,Mioceno-Holoceno,,,,,149,Placer,,,,,,,,,,,1,Gold
,,-73.52499999999998,Oro,,,Mina paralizada,,,,,,San Juan de la Costa,,,,,Oro,Lavadero Millacoya,12,Osorno,,,Idle,,,,,,-40.74166699999995,,,,,Gold,,,,,,Mine (idle),14,,150,,,,Los Lagos,,,Lavadero Millacoya,,,,Placer,,,,,,,Sin información,,,,,,,Sedimentario de placer,,Sernageomin_2025,MIN_17,Oro,Mioceno-Holoceno,,,,,150,Placer,,,,,,,,,,,1,Gold
,,-69.83333299999998,Oro,,,Mina paralizada,,,,,,Primavera,,,,,Oro,Lavadero Río del Oro,12,Tierra del Fuego,,,Idle,,,,,,-52.91666699999996,,,,,Gold,,,,,,Mine (idle),16,,151,,,,Magallanes y de la Antártica Chilena,,,Lavadero Río del Oro,,,,Placer,,,,,,,Sin información,,,,,,,Sedimentario de placer,,Sernageomin_2025,MIN_17,Oro,Mioceno-Holoceno,,,,,151,Placer,,,,,,,,,,,1,Gold
,,-69.66666699999996,Oro,,,Mina paralizada,,,,,,Primavera,,,,,Oro,Lavadero Río Oscar,12,Tierra del Fuego,,,Idle,,,,,,-52.94999999999993,,,,,Gold,,,,,,Mine (idle),16,,152,,,,Magallanes y de la Antártica Chilena,,,Lavadero Río Oscar,,,,Placer,,,,,,,Sin información,,,,,,,Sedimentario de placer,,Sernageomin_2025,MIN_17,Oro,Mioceno-Holoceno,,,,,152,Placer,,,,,,,,,,,1,Gold
,,-68.95099999999996,Cobre,,,Prospecto/Proyecto,,,,,,Antofagasta,,,,,Cobre,Lila,2,Antofagasta,,,Prospect/Project,,,,,,-23.82699999999994,,,,,Copper,,,,,,Prospect/Project,3,,153,,,,Antofagasta,,,Lila,,,,Pórfido de Cu,,,,,,,Sin información,,,,,,,Magmático-Hidrotermal,,Sernageomin_2025,MIN_01,Cobre,Carbonífero-Triásico,,,,,153,Pórfidos,,,,,,,,,,,1,Copper
,,-71.02099999999996,Cobre-Oro-Molibdeno,Molibdeno,,Prospecto/Proyecto,,,,,,Combarbalá,,,,,Cobre,Llahuín,6,Limarí,,,Prospect/Project,,,,,,-31.333999999999946,,,,,Copper,,,,,,Prospect/Project,5,,154,,,,Coquimbo,,,Llahuín,,,,Pórfido de Cu-Mo,,,,,21.68,,Actualizado,,,472100.0,12920.0,,,Magmático-Hidrotermal,,Sernageomin_2025,"MIN_01, MIN_03, MIN_04, MIN_17",Cobre-Oro-Molibdeno,Cretácico Superior,,Renio,,,154,Pórfidos,Oro,,,,https://www.shmining.com.au/wp-content/uploads/2025/05/SUHMedia_CorporatePresentation_LlahuinCopperGold_April2025.pdf,,,,,,3,"Copper, Gold, Molybdenum"
,,-70.91999999999996,Cobre,,,Mina Paralizada,,,,,,Pudahuel,,,,,Cobre,Lo Aguirre,5,Santiago,,,Idle,,,,,,-33.43999999999994,,,,,Copper,,,,,,Mine (idle),7,,155,,,,Metropolitana de Santiago,,,Lo Aguirre,,,,Estratoligado,,,,,,,Sin información,,,,,,,Magmático-Hidrotermal,,Sernageomin_2025,MIN_01,Cobre,Cretácico Inferior,,,,,155,Estratoligado,,,,,,,,,,,1,Copper
,,-69.03333299999997,Oro-Plata,,,Prospecto/Proyecto,,,,,,Copiapó,,,,,Oro,Lobo-Marte,9,Copiapó,,,Prospect/Project,,,,,,-27.16666699999996,,,,,Gold,,,,,,Prospect/Project,4,,156,,,,Atacama,,,Lobo-Marte,,,,Pórfido de Au,,,,,82.5398,,Actualizado,,,,,,,Magmático-Hidrotermal,,Sernageomin_2025,"MIN_17, MIN_18",Oro-Plata,Mioceno,208.9126,,,,156,Pórfidos,Plata,,,,https://s204.q4cdn.com/896213035/files/doc_financials/2026/q1/Kinross-Gold-2024-Annual-Report-Final.pdf,,,,,,2,"Gold, Silver"
,,-70.66099999999994,Cobre-Oro,,,Prospecto/Proyecto,,,,,,Monte Patria,,,,,Cobre,Loica,8,Limarí,,,Prospect/Project,,,,,,-31.063999999999965,,,,,Copper,,,,,,Prospect/Project,5,,157,,,,Coquimbo,,,Loica,,,,Pórfido de Cu-Mo,,,,,20.0,,Histórico,,,1250000.0,,,,Magmático-Hidrotermal,,Sernageomin_2025,"MIN_01, MIN_17",Cobre-Oro,Eoceno-Oligoceno,,,,,157,Pórfidos,Oro,,,,https://repositorio.sernageomin.cl/items/a8faf057-5764-4d2d-a6eb-5c9c152fbe50/full,,,,,,2,"Copper, Gold"
,,-69.50699999999995,Cobre-Molibdeno,,,Mina en producción,,Compañía Minera Xstrata Lomas Bayas ,,,,Sierra Gorda,,,,"Glencore plc, 100%",Cobre,Lomas Bayas,7,Antofagasta,,,Active,,,,,,-23.430999999999983,,,,,Copper,,,,819600.0,,Mine (active),3,,158,,,,Antofagasta,,,Lomas Bayas,,,,Pórfido de Cu-Mo,,,,,,,Actualizado,,,6090515.0,,,,Magmático-Hidrotermal,,Sernageomin_2025,"MIN_01, MIN_03",Cobre-Molibdeno,Paleoceno-Eoceno,,,,,158,Pórfidos,Molibdeno,,,,https://www.glencore.com/.rest/api/v1/documents/static/a53e27b1-6025-4ef2-9be8-f3be543dfb26/GLENCORE-Resources-and-Reserves-report-2023.pdf,,,,,,2,"Copper, Molybdenum"
,,-70.28499999999997,Cobre-Molibdeno-Renio,Renio,,Mina en producción,155556.0,Anglo American Sur S.A. ,,,,Lo Barnechea,,,,"Anglo American plc, 50.1%, Mitsubishi Corp., 20.4%, Corporación Nacional del Cobre, 20%, and Mitsui & Co., Ltd., 9.5% ",Cobre,Los Bronces,10,Santiago,,,Active,,,,,,-33.150999999999954,,,,,Copper,,,,7691020.0,,Mine (active),7,,159,,,,Metropolitana de Santiago,,,Los Bronces,,,,Pórfido de Cu-Mo,,,,,,,Actualizado,,,15751630.0,362625.0,,,Magmático-Hidrotermal,,Sernageomin_2025,"MIN_01, MIN_03, MIN_04",Cobre-Molibdeno-Renio,Mioceno-Plioceno,,,,,159,Pórfidos,Molibdeno,,,,https://www.angloamerican.com/~/media/Files/A/Anglo-American-Group-v9/PLC/investors/annual-reporting/2024/anglo-american-ore-reserves-and-mineral-resources-report-2024.pdf,,,,,,3,"Copper, Molybdenum, Rhenium"
,,-70.23999999999995,Cobre-Molibdeno-Renio,Renio,,Prospecto/Proyecto,,Anglo American Sur S.A. ,,,,Lo Barnechea,,,,"Anglo American plc, 50.1%, Mitsubishi Corp., 20.4%, Corporación Nacional del Cobre, 20%, and Mitsui & Co., Ltd., 9.5% ",Cobre,Los Bronces Subterráneo,10,Santiago,,,Prospect/Project,,,,,,-33.19999999999993,,,,,Copper,,,,,,Prospect/Project,7,,160,,,,Metropolitana de Santiago,,,Los Bronces Subterráneo,,,,Pórfido de Cu-Mo,,,,,,,Actualizado,,,49653860.0,814871.0,,,Magmático-Hidrotermal,,Sernageomin_2025,"MIN_01, MIN_03, MIN_04",Cobre-Molibdeno-Renio,Mioceno-Plioceno,,,,,160,Pórfidos,Molibdeno,,,,https://www.angloamerican.com/~/media/Files/A/Anglo-American-Group-v9/PLC/investors/annual-reporting/2024/anglo-american-ore-reserves-and-mineral-resources-report-2024.pdf,,,,,,3,"Copper, Molybdenum, Rhenium"
,,-70.25999999999993,Cobre-Molibdeno-Renio,Renio,,Prospecto/Proyecto,,Anglo American Sur S.A. ,,,,Los Andes,,,,"Anglo American plc, 50.1%, Mitsubishi Corp., 20.4%, Corporación Nacional del Cobre, 20%, and Mitsui & Co., Ltd., 9.5% ",Cobre,Los Bronces Sur,10,Los Andes,,,Prospect/Project,,,,,,-33.12999999999994,,,,,Copper,,,,,,Prospect/Project,6,,161,,,,Valparaíso,,,Los Bronces Sur,,,,Pórfido de Cu-Mo,,,,,,,Actualizado,,,10283320.0,315134.0,,,Magmático-Hidrotermal,,Sernageomin_2025,"MIN_01, MIN_03, MIN_04",Cobre-Molibdeno-Renio,Mioceno-Plioceno,,,,,161,Pórfidos,Molibdeno,,,,https://www.angloamerican.com/~/media/Files/A/Anglo-American-Group-v9/PLC/investors/annual-reporting/2024/anglo-american-ore-reserves-and-mineral-resources-report-2024.pdf,,,,,,3,"Copper, Molybdenum, Rhenium"
,,-70.81779999999998,Hierro,,,Mina en producción,,Compañía Minera del Pacífico S.A. (CMP),,,,Huasco,,,,"CAP S.A., 75%, and MC Inversiones Ltda., 25%",Hierro,Los Colorados,5,Huasco,,,Active,,,,,,-28.312299999999937,,,,,Iron,,,,,,Mine (active),4,,162,,,69960000.0,Atacama,,288234800.0,Los Colorados,,,,IOA,,,,,,,Actualizado,M-533,,,,,,Magmático-Hidrotermal,,Sernageomin_2025,MIN_15,Hierro,Cretácico Inferior,,,,,162,IOA,,,,,https://www.cmp.cl/wp-content/uploads/2024/08/memoria-espanol28.08_compressed.pdf,,,,,,1,Iron
,,-69.58599999999996,Cobre-Oro-Plata,Plata,,Prospecto/Proyecto,,,,,,Tierra Amarilla,,,,,Cobre,Los Helados,9,Copiapó,,,Prospect/Project,,,,,,-28.34099999999995,,Distrito Vicuña,,,Copper,,,,,,Prospect/Project,4,,163,,,,Atacama,,,Los Helados,,,,Pórfido de Cu-Mo,,,,,420.0,,Actualizado,,,11992000.0,,,,Magmático-Hidrotermal,,Sernageomin_2025,"MIN_01, MIN_17, MIN_18",Cobre-Oro-Plata,Mioceno,,,,,163,Pórfidos,Oro,,,,https://wp-ngexminerals-2024.s3.ca-central-1.amazonaws.com/media/2024/04/los-helados-updated-resource-2023.pdf,,4632.0,,,,3,"Copper, Gold, Silver"
,,-70.49899999999997,Cobre-Molibdeno-Oro-Renio,Oro,,Mina en producción,164115.0,Antofagasta plc,,,,Salamanca,,,,"Antofagasta plc, 60%; JX Nippon Mining Metals Corp, 15%; Mitsubishi Materials Corp., 10%; Marubeni Corp., 8.75%; Mitsubishi Corp., 5%; Mitsui & Co. Ltd., 1.25%",Cobre,Los Pelambres,10,Choapa,,,Active,,,,,,-31.714999999999975,,,,,Copper,,,,4532700.0,,Mine (active),5,,164,,,,Coquimbo,,,Los Pelambres,,,,Pórfido de Cu-Mo,,,,,303.29,,Actualizado,,,29115840.0,1031186.0,,,Magmático-Hidrotermal,,Sernageomin_2025,"MIN_01, MIN_03, MIN_04, MIN_17",Cobre-Molibdeno-Oro-Renio,Mioceno-Plioceno,39.075,,,,164,Pórfidos,Molibdeno,,,,https://www.aminerals.cl/docs/default-source/archivo/reportes/annual-report-2024.pdf?sfvrsn=3a957ff4_4,,,,Renio,,4,"Copper, Molybdenum, Gold, Rhenium"
,,-69.62999999999994,Manganeso,,,Prospecto/Proyecto,,,,,,Putre,,,,,Manganeso,Los Pumas,99,Parinacota,,,Prospect/Project,,,,,,-18.039999999999964,,,,,Manganese,,1890720.0,,,,Prospect/Project,1,,165,,,,Arica y Parinacota,,,Los Pumas,,,,Estratoligado,,,,,,,Actualizado,,,,,,,Magmático-Hidrotermal,,Sernageomin_2025,MIN_06,Manganeso,No asignado,,,,,165,Estratoligado,,,,,https://www.shmining.com.au/wp-content/uploads/2025/05/SUHMedia_CorporatePresentation_LlahuinCopperGold_April2025.pdf,,,,,,1,Manganese
,,-70.25599999999997,Cobre-Molibdeno,,,Prospecto/Proyecto,,,,,,Lo Barnechea,,,,,Cobre,Los Sulfatos,10,Santiago,,,Prospect/Project,,,,,,-33.198999999999955,,,,,Copper,,,,,,Prospect/Project,7,,166,,,,Metropolitana de Santiago,,,Los Sulfatos,,,,Pórfido de Cu-Mo,,,,,,,Histórico,,,17520000.0,240000.0,,,Magmático-Hidrotermal,,Sernageomin_2025,"MIN_01, MIN_03, MIN_04",Cobre-Molibdeno,Mioceno-Plioceno,,Renio,,,166,Pórfidos,Molibdeno,,,,https://repositorio.uchile.cl/handle/2250/144522,,,,,,2,"Copper, Molybdenum"
,,-68.76099999999997,Cobre-Molibdeno,,,Prospecto/Proyecto,,,,,,Calama,,,,,Cobre,Los Volcanes,8,El Loa,,,Prospect/Project,,,,,,-21.987999999999943,,Conchi Viejo,,,Copper,,,,,,Prospect/Project,3,,167,,,,Antofagasta,,,Los Volcanes,,,,Pórfido de Cu-Mo,,,,,,,Actualizado,,,9474640.0,209308.0,,,Magmático-Hidrotermal,,Sernageomin_2025,"MIN_01, MIN_03, MIN_04",Cobre-Molibdeno,Eoceno-Oligoceno,,Renio,,,167,Pórfidos,Molibdeno,,,,https://www.aminerals.cl/docs/default-source/archivo/reportes/annual-report-2024.pdf?sfvrsn=3a957ff4_4,,,,,,2,"Copper, Molybdenum"
,,-72.66666699999996,Oro,,,Mina Paralizada,,,,,,Máfil,,,,,Oro,Madre de Dios,12,Valdivia,,,Idle,,,,,,-39.62499999999994,,,,,Gold,,,,,,Mine (idle),13,,168,,,,Los Ríos,,,Madre de Dios,,,,Placer,,,,,,,Sin información,,,,,,,Magmático-Hidrotermal,,Sernageomin_2025,MIN_17,Oro,Mioceno-Holoceno,,,,,168,Placer,,,,,,,,,,,1,Gold
,,-70.07199999999995,Cobre-Plata,,,Mina en producción,,Empresa Minera de Mantos Blancos S.A. ,,,,Antofagasta,,,,"Anglo American plc, 99.9%, and other private, 0.1%",Cobre,Mantos Blancos,3,Antofagasta,,,Active,,,,,,-23.42199999999997,,,,,Copper,,,,737178.3,,Mine (active),3,,169,,,,Antofagasta,,,Mantos Blancos,,,,Estratoligado,556.985,,,,,,Actualizado,,,1460165.0,,,,Magmático-Hidrotermal,,Sernageomin_2025,"MIN_01, MIN_18",Cobre-Plata,Jurásico,,,,,169,Estratoligado,Plata,,,,https://capstonecopper.com/operations/mineral-reserves-and-resources/,,927.032,,,,2,"Copper, Silver"
,,-70.89699999999993,Cobre,,,Mina en producción,,Compania Mantos de la Luna,,,,Catemu,,,,"Izquierdo Menendez Group, 100%",Cobre,Mantos de Catemu,6,San Felipe de Aconcagua,,,Active,,,,,,-32.67599999999993,,"Distrito Catemu, Distrito Ñilhue",,,Copper,,,,,,Mine (active),6,,170,,,,Valparaíso,,,Mantos de Catemu,,,,Estratoligado,,,,,,,Histórico,4694,,43750.0,,,,Magmático-Hidrotermal,,Sernageomin_2025,MIN_01,Cobre,Cretácico Superior,,,,,170,Estratoligado,,,,,https://repositorio.sernageomin.cl/search?spc.page=1&query=serie%20base%20de%20datos%20valparaiso,,,,,,1,Copper
,,-70.21799999999996,Cobre,,,Mina en producción,,Compania Mantos de la Luna,,,,Tocopilla,,,,"Izquierdo Menendez Group, 100%",Cobre,Mantos de la Luna,3,Tocopilla,,,Active,,,,,,-22.38299999999998,,,,,Copper,,,,,,Mine (active),3,,171,,,,Antofagasta,,,Mantos de la Luna,,,,Estratoligado,,,,,,,Actualizado,,,281374.5,,,,Magmático-Hidrotermal,,Sernageomin_2025,MIN_01,Cobre,Jurásico,,,,,171,Estratoligado,,,,,https://www.sernageomin.cl/planes-de-cierre/,,,,,,1,Copper
,,-71.22699999999998,Oro-Cobre,,,Mina en producción,,Compania Mantos de la Luna,,,,Punitaqui,,,,"Izquierdo Menendez Group, 100%",Oro,Mantos de Punitaqui,5,Limarí,,,Active,,,,,,-30.860999999999933,,Los Mantos de Punitaqui,,,Gold,,,,,,Mine (active),5,,172,,,,Coquimbo,,,Mantos de Punitaqui,,,,Epitermal de baja sulfuración,,,,,2.076,,Histórico,,,3360.0,,,,Magmático-Hidrotermal,,Sernageomin_2025,"MIN_01, MIN_17",Oro-Cobre,Cretácico Inferior,,,,,172,Epitermales,Cobre,,,,https://repositorio.sernageomin.cl/items/39ed041a-797a-4cc8-a508-605c4fe0b97c,,,,,,2,"Gold, Copper"
,,-70.22099999999995,Cobre,,,Mina en producción,,Compania Mantos de la Luna,,,,Tocopilla,,,,"Izquierdo Menendez Group, 100%",Cobre,Mantos del Pacífico,3,Tocopilla,,,Active,,,,,,-22.53099999999995,,,,,Copper,,,,,,Mine (active),3,,173,,,,Antofagasta,,,Mantos del Pacífico,,,,Estratoligado,,,,,,,Actualizado,,,69985.37,,,,Magmático-Hidrotermal,,Sernageomin_2025,MIN_01,Cobre,Jurásico,,,,,173,Estratoligado,,,,,https://www.sernageomin.cl/planes-de-cierre/,,,,,,1,Copper
,,-70.31499999999994,Cobre-Oro,,,Mina en producción,,Empresa Minera de Mantos Blancos S.A. ,,,,Chañaral,,,,"Anglo American plc, 99.9%, and other private, 0.1%",Cobre,Mantoverde,5,Chañaral,,,Active,,,,,,-26.55899999999997,,,,,Copper,,,,2580679.0,,Mine (active),4,,174,,,,Atacama,,,Mantoverde,,,,IOCG,,,,,104.5117,,Actualizado,,,6358908.0,,,,Magmático-Hidrotermal,,Sernageomin_2025,"MIN_01, MIN_08, MIN_17",Cobre-Oro,Cretácico Inferior,39.5475,Cobalto,,,174,IOCG,Oro,,,,https://capstonecopper.com/operations/mineral-reserves-and-resources/,,,,,,2,"Copper, Gold"
26953400.0,,-69.74599999999998,Nitrato-Yodo,,135156.5,Mina en producción,,,,,,María Elena,,,,,Nitrato,María Elena,11,Tocopilla,,,Active,,,,,,-22.378999999999962,,,,,Nitrate,,,,,,Mine (active),3,,175,,,,Antofagasta,,,María Elena,,,,Campo de nitrato-yodo,,,,,,,Actualizado,,,,,,58755.2,Sedimentario-Atmosférico,,Sernageomin_2025,"MIN_14, MIN_16",Nitrato-Yodo,Mioceno-Pleistoceno,,,,,175,Campo de nitrato-yodo,Yodo,,9907200.0,,https://ir.sqm.com/system/files-encrypted/nasdaq_kms/assets/2025/04/08/1-00-07/MEMORIA%20SQM%202024_esp.pdf,,,,,,2,"Nitrate, Iodine"
,,-69.29999999999995,Oro,,,Mina paralizada,,Compañía Minera Maricunga ,,,,Tierra Amarilla,,,,"Kinross Gold Corp., 100%",Oro,Maricunga,9,Copiapó,,,Idle,,,,,,-27.549999999999955,,"Compañía Minera Maricunga (CMM), Refugio",,,Gold,,,,,,Mine (idle),4,,176,,,,Atacama,,,Maricunga,,,,Pórfido de Au,,,,,330.3528,,Actualizado,,,,,,,Magmático-Hidrotermal,,Sernageomin_2025,MIN_17,Oro,Mioceno,,,,,176,Pórfidos,,,,,https://s204.q4cdn.com/896213035/files/doc_financials/2026/q1/Kinross-Gold-2024-Annual-Report-Final.pdf,,,,,,1,Gold
,,-70.22199999999998,Cobre,,,Prospecto/Proyecto,,,,,,Mejillones,,,,,Cobre,Marimaca,3,Antofagasta,,,Prospect/Project,,,,,,-23.18799999999993,,,,,Copper,,,,,,Prospect/Project,3,,177,,,,Antofagasta,,,Marimaca,,,,IOCG,,,,,,,Actualizado,,,955265.9,,,,Magmático-Hidrotermal,,Sernageomin_2025,MIN_01,Cobre,Jurásico,,,,,177,IOCG,,,,,https://marimaca.com/presentations/,,,,,,1,Copper
,,-73.60399999999998,Titanio,,,Prospecto/Proyecto,,,,,,Maullín,,,,,Titanio,Maullín,99,Llanquihue,,,Prospect/Project,,,,,,-41.62399999999997,,,,,Titanium,,,,,,Prospect/Project,14,,178,,,,Los Lagos,,,Maullín,,,,Sedimentario de Ti,,,,,,,Sin información,,,,,,,Sedimentario de placer,,Sernageomin_2025,MIN_07,Titanio,No asignado,,,,,178,Sedimentario de Ti,,,,,,,,,,,1,Titanium
,,-70.18499999999995,Cobre-Cobalto,,,Mina paralizada,,,,,,San José de Maipo,,,,,Cobre,Mercedita,5,Cordillera,,,Idle,,,,,,-33.50399999999996,,Merceditas de Volcán,,,Copper,,,,,,Mine (idle),7,,179,,,,Metropolitana de Santiago,,,Mercedita,,,,Mesotermal,,,,,,,Sin información,,,,,,,Magmático-Hidrotermal,,Sernageomin_2025,"MIN_01, MIN_08",Cobre-Cobalto,Cretácico Inferior,,,,,179,Mesotermal,Cobalto,,,,,,,,,,2,"Copper, Cobalt"
,,-72.40799999999996,Cinc,,,Mina paralizada,,,,,,Río Ibáñez,,,,,Cinc,Mina Silva,4,General Carrera,,,Idle,,,,,,-46.549999999999955,,,,,Zinc,,,,,,Mine (idle),15,,180,,,,Aysén del General Carlos Ibáñez del Campo,,,Mina Silva,,,,Skarn,,,,,,,Sin información,,,,,,,Magmático-Hidrotermal,,Sernageomin_2025,MIN_12,Cinc,Jurásico-Cretácico,,,,,180,Skarn,,,,,,,,,,,1,Zinc
,,-73.52799999999996,Cobre-Cinc,,,Mina paralizada,,,,,,Tirúa,,,,,Cobre,Mina Vieja de Tirúa,99,Arauco,,,Idle,,,,,,-38.384999999999934,,,,,Copper,,,,,,Mine (idle),12,,181,,,,La Araucanía,,,Mina Vieja de Tirúa,,,,VMS,,,,,,,Sin información,,,,,,,Volcanogénico,,Sernageomin_2025,"MIN_01, MIN_12",Cobre-Cinc,No asignado,,,,,181,VMS,Cinc,,,,,,,,,,2,"Copper, Zinc"
,,-68.91299999999995,Cobre,,,Mina en producción,,CODELCO,,,,Calama,,,,CODELCO,Cobre,Ministro Hales,8,El Loa,,,Active,,,,,,-22.378999999999962,,,,,Copper,,,,3803300.0,,Mine (active),3,,182,,,,Antofagasta,,,Ministro Hales,,,,Pórfido de Cu-Mo,,,,,,,Actualizado,,,17753700.0,,,,Magmático-Hidrotermal,,Sernageomin_2025,MIN_01,Cobre,Eoceno-Oligoceno,,,,,182,Pórfidos,,,,,https://www.codelco.com/prontus_codelco/site/docs/20250329/20250329202724/codelco_memoria_anual_2024.pdf,,,,,,1,Copper
,,-69.02399999999994,Cobre-Molibdeno-Oro,Oro,,Prospecto/Proyecto,,,,,,Sierra Gorda,,,,,Cobre,Mirador,8,Antofagasta,,,Prospect/Project,,,,,,-22.950999999999965,,,,,Copper,,,,,,Prospect/Project,3,,183,,,,Antofagasta,,,Mirador,,,,Pórfido de Cu-Mo,,,,,7.515,,Actualizado,,,359520.0,6680.0,,,Magmático-Hidrotermal,,Sernageomin_2025,"MIN_01, MIN_03, MIN_04, MIN_17",Cobre-Molibdeno-Oro,Eoceno-Oligoceno,,Renio,,,183,Pórfidos,Molibdeno,,,,https://www.aminerals.cl/docs/default-source/archivo/reportes/annual-report-2024.pdf?sfvrsn=3a957ff4_4,,,,,,3,"Copper, Molybdenum, Gold"
,,-69.28099999999995,Cobre,,,Prospecto/Proyecto,,,,,,Huara,,,,,Cobre,Mocha,7,Tamarugal,,,Prospect/Project,,,,,,-19.809999999999945,,,,,Copper,,,,,,Prospect/Project,2,,184,,,,Tarapacá,,,Mocha,,,,Pórfido de Cu-Mo,,,,,,,Histórico,,,1135000.0,,,,Magmático-Hidrotermal,,Sernageomin_2025,MIN_01,Cobre,Paleoceno-Eoceno,,,,,184,Pórfidos,,,,,https://repositorio.sernageomin.cl/items/a8faf057-5764-4d2d-a6eb-5c9c152fbe50/full,,,,,,1,Copper
,,-72.96499999999997,Tierras raras,,,Prospecto/Proyecto,,,,,66428.3,Penco,,,,,Tierras raras,Módulo Penco,1,Concepción,,,Prospect/Project,,,,,,-36.75599999999997,,El Cabrito,,,Rare Earths,,,,,,Prospect/Project,11,,185,,,,Biobío,,,Módulo Penco,,,,ETR adsorbidos en arcillas,,,,,,,Actualizado,,,,,,,Supergénico,,Sernageomin_2025,MIN_05,Tierras raras,Carbonífero,,,,,185,ETR adsorbidos en arcillas,,,,,https://www.juniorminingnetwork.com/junior-miner-news/press-releases/3072-tsx/ara/132214-aclara-provides-an-update-on-the-mineral-resource-estimate-at-the-penco-module-project.html,,,,,,1,Rare Earths
,,-70.66799999999995,Cobre,,,Prospecto/Proyecto,,,,,,Monte Patria,,,,,Cobre,Mollacas,7,Limarí,,,Prospect/Project,,,,,,-30.738999999999976,,,,,Copper,,,,,,Prospect/Project,5,,186,,,,Coquimbo,,,Mollacas,,,,Pórfido de Cu-Mo,,,,,,,Sin información,,,,,,,Magmático-Hidrotermal,,Sernageomin_2025,MIN_01,Cobre,Paleoceno-Eoceno,,,,,186,Pórfidos,,,,,,,,,,,1,Copper
,,-69.87299999999993,Nitrato-Yodo,,107399.2,Mina en producción,,,,,,Huara,,,,,Nitrato,Negreiros,11,Tamarugal,,,Active,,,,,,-19.872999999999934,,,,,Nitrate,,,,,,Mine (active),2,,187,,,,Tarapacá,,,Negreiros,,,,Campo de nitrato-yodo,,,,,,,Actualizado,,,,,,38574.54,Sedimentario-Atmosférico,,Sernageomin_2025,"MIN_14, MIN_16",Nitrato-Yodo,Mioceno-Pleistoceno,,,,,187,Campo de nitrato-yodo,Yodo,,,,https://www.sernageomin.cl/planes-de-cierre/,,,,,,2,"Nitrate, Iodine"
,,-70.25299999999999,Cobre,,,Prospecto/Proyecto,,,,,,San Esteban,,,,,Cobre,Novicio,10,Los Andes,,,Prospect/Project,,,,,,-32.54899999999998,,,,,Copper,,,,,,Prospect/Project,6,,188,,,,Valparaíso,,,Novicio,,,,Pórfido de Cu-Mo,,,,,,,Sin información,,,,,,,Magmático-Hidrotermal,,Sernageomin_2025,MIN_01,Cobre,Mioceno-Plioceno,,,,,188,Pórfidos,,,,,,,,,,,1,Copper
,,-69.36899999999997,Cobre-Molibdeno,,,Prospecto/Proyecto,,,,,,Diego de Almagro,,,,,Cobre,Nuevo Cobre,8,Chañaral,,,Prospect/Project,,,,,,-26.498999999999967,,"Distrito Potrerillos, Agua de la Falda",,,Copper,,,,,,Prospect/Project,4,,189,,,,Atacama,,,Nuevo Cobre,,,,Pórfido de Cu-Mo,,,,,,,Sin información,,,,,,,Magmático-Hidrotermal,,Sernageomin_2025,"MIN_01, MIN_03",Cobre-Molibdeno,Eoceno-Oligoceno,,,,,189,Pórfidos,Molibdeno,,,,,,,,,,2,"Copper, Molybdenum"
,,-68.97199999999998,Cobre,,,Prospecto/Proyecto,,,,,,Calama,,,,,Cobre,Opache,8,El Loa,,,Prospect/Project,,,,,,-22.448999999999955,,,,,Copper,,,,,,Prospect/Project,3,,190,,,,Antofagasta,,,Opache,,,,Pórfido de Cu-Mo,,,,,,,Sin información,,,,,,,Magmático-Hidrotermal,,Sernageomin_2025,MIN_01,Cobre,Eoceno-Oligoceno,,,,,190,Pórfidos,,,,,nan,,,,,,1,Copper
,,-69.06699999999995,Cinc-Plata-Oro,Oro,,Prospecto/Proyecto,,,,,,Huara,,,,,Cinc,Paguanta,8,Tamarugal,,,Prospect/Project,,,,,,-19.77899999999994,,,,,Zinc,,,,,,Prospect/Project,2,,191,,,,Tarapacá,,,Paguanta,,,,Epitermal de sulfuración intermedia,,162800.0,,,0.88,,Actualizado,,,,,,,Magmático-Hidrotermal,,Sernageomin_2025,"MIN_12, MIN_17, MIN_18",Cinc-Plata-Oro,Eoceno-Oligoceno,,,,,191,Epitermales,Plata,,,,https://www.aspecthuntley.com.au/asxdata/20160728/pdf/01761306.pdf,,369.6,,,,3,"Zinc, Silver, Gold"
,,-70.94999999999999,Manganeso-Cobre,,,Mina paralizada,,,,,,La Serena,,,,,Manganeso,Palmira,5,Elqui,,,Idle,,,,,,-29.811999999999955,,,,,Manganese,,,,,,Mine (idle),5,,192,,,,Coquimbo,,,Palmira,,,,Estratoligado,,,,,,,Sin información,,,,,,,Magmático-Hidrotermal,,Sernageomin_2025,"MIN_01, MIN_06",Manganeso-Cobre,Cretácico Inferior,,,,,192,Estratoligado,Cobre,,,,,,,,,,2,"Manganese, Copper"
,,-70.23299999999995,Cobre,,,Mina en producción,,,,,,Camarones,,,,,Cobre,Pampa Camarones,3,Arica,,,Active,,,,,,-18.92199999999997,,Salamanqueja,,,Copper,,,,,,Mine (active),1,,193,,,,Arica y Parinacota,,,Pampa Camarones,,,,Estratoligado,,,,,,,Actualizado,,,86424.0,,,,Magmático-Hidrotermal,,Sernageomin_2025,MIN_01,Cobre,Jurásico,,,,,193,Estratoligado,,,,,https://www.sonami.cl/v2/wp-content/uploads/2016/03/03.-Proyecto-Pampa-Camarones-XV-Region-Arica-y-Parinacota.pdf,,,,,,1,Copper
,,-69.03399999999993,Cobre-Oro,,,Prospecto/Proyecto,,,,,,Antofagasta,,,,,Cobre,Pampa Escondida,8,Antofagasta,,,Prospect/Project,,,,,,-24.24599999999998,,,,,Copper,,,,,,Prospect/Project,3,,194,,,,Antofagasta,,,Pampa Escondida,,,,Pórfido de Cu-Mo,,,,,410.4,,Actualizado,,,31464000.0,,,,Magmático-Hidrotermal,,Sernageomin_2025,"MIN_01, MIN_17",Cobre-Oro,Eoceno-Oligoceno,,,,,194,Pórfidos,Oro,,,,https://www.bhp.com/-/media/documents/investors/annual-reports/2024/240827_bhpannualreport2024.pdf,,,,,,2,"Copper, Gold"
,,-69.41299999999995,Plata-Oro,,,Prospecto/Proyecto,,,,,,María Elena,,,,,Plata,Pampa Paciencia,7,Tocopilla,,,Prospect/Project,,,,,,-22.727999999999952,,,,,Silver,,,,,,Prospect/Project,3,,195,,,,Antofagasta,,,Pampa Paciencia,,,,Epitermal de baja sulfuración,,,,,,,Sin información,,,,,,,Magmático-Hidrotermal,,Sernageomin_2025,"MIN_17, MIN_18",Plata-Oro,Paleoceno-Eoceno,,,,,195,Epitermales,Oro,,,,,,,,,,2,"Silver, Gold"
,,-69.07499999999999,Oro,,,Prospecto/Proyecto,,,,,,Tierra Amarilla,,,,,Oro,Pantanillo,9,Copiapó,,,Prospect/Project,,,,,,-27.482999999999947,,,,,Gold,,,,,,Prospect/Project,4,,196,,,,Atacama,,,Pantanillo,,,,Pórfido de Au,,,,,32.75491,,Actualizado,,,,,,,Magmático-Hidrotermal,,Sernageomin_2025,MIN_17,Oro,Mioceno,,,,,196,Pórfidos,,,,,https://portalgeo.sernageomin.cl/Sigex/PANTANILLO_13_163/PantanilloNorteProperty_2010.pdf,,,,,,1,Gold
,,-71.21899999999994,Cobre,,,Mina en producción,,,,,,Ovalle,,,,,Cobre,Panulcillo,5,Limarí,,,Active,,,,,,-30.460999999999956,,Delta,,,Copper,,,,,,Mine (active),5,,197,,,,Coquimbo,,,Panulcillo,,,,IOCG,,,,,,,Actualizado,,,89505.38,,,,Magmático-Hidrotermal,,Sernageomin_2025,MIN_01,Cobre,Cretácico Inferior,,,,,197,IOCG,,,,,https://www.comisionminera.cl/wp-content/uploads/2023/03/5-Plan-Cierre-Mina-Delta-VU-Panulcillo-Neira-Moreno-Enami.pdf,,,,,,1,Copper
,,-70.02699999999999,Oro-Plata,,,Prospecto/Proyecto,,,,,,Alto del Carmen,,,,,Oro,Pascua Lama,9,Huasco,,,Prospect/Project,,,,,,-29.32099999999997,,,,,Gold,,,,,,Prospect/Project,4,,198,,,,Atacama,,,Pascua Lama,,,,Epitermal de alta sulfuración,20990.0,,,,231.0,,Actualizado,,,,,,,Magmático-Hidrotermal,,Sernageomin_2025,"MIN_17, MIN_18",Oro-Plata,Mioceno,478.0,,,,198,Epitermales,Plata,,,,https://www.sernageomin.cl/planes-de-cierre/,,3960.0,,,,2,"Gold, Silver"
13490000.0,,-69.80199999999996,Nitrato-Yodo,,98990.0,Mina paralizada,,SQM Químicos S.A. ,,,,María Elena,,,,"Sociedad Química y Minera de Chile S.A. (SQM), 100%",Nitrato,Pedro de Valdivia,11,Tocopilla,,,Idle,,,,,,-22.801999999999964,,,,,Nitrate,,,,,,Mine (idle),3,,199,,,,Antofagasta,,,Pedro de Valdivia,,,,Campo de nitrato-yodo,,,,,,,Actualizado,,,,,,92629.0,Sedimentario-Atmosférico,,Sernageomin_2025,"MIN_14, MIN_16",Nitrato-Yodo,Mioceno-Pleistoceno,,,,,199,Campo de nitrato-yodo,Yodo,,15403000.0,,https://ir.sqm.com/system/files-encrypted/nasdaq_kms/assets/2025/04/08/1-00-07/MEMORIA%20SQM%202024_esp.pdf,,,,,,2,"Nitrate, Iodine"
,,-69.16299999999995,Cobre-Oro,,,Prospecto/Proyecto,,,,,,Sierra Gorda,,,,,Cobre,Penacho Blanco,7,Antofagasta,,,Prospect/Project,,,,,,-23.146999999999935,,,,,Copper,,,,,,Prospect/Project,3,,200,,,,Antofagasta,,,Penacho Blanco,,,,Pórfido de Cu-Mo,,,,,27.06,,Actualizado,,,1902300.0,,,,Magmático-Hidrotermal,,Sernageomin_2025,"MIN_01, MIN_17",Cobre-Oro,Paleoceno-Eoceno,,,,,200,Pórfidos,Oro,,,,https://www.aminerals.cl/docs/default-source/archivo/reportes/annual-report-2024.pdf?sfvrsn=3a957ff4_4,,,,,,2,"Copper, Gold"
,,-72.59194399999996,Oro,,,Prospecto/Proyecto,,,,,,Hualaihué,,,,,Oro,Pichicolo,9,Palena,,,Prospect/Project,,,,,,-41.98222199999998,,,,,Gold,,,,,,Prospect/Project,14,,201,,,,Los Lagos,,,Pichicolo,,,,Mesotermal,,,,,,,Sin información,,,,,,,Magmático-Hidrotermal,,Sernageomin_2025,MIN_17,Oro,Mioceno,,,,,201,Mesotermal,,,,,,,,,,,1,Gold
,,-70.20199999999994,Cobre-Oro,,,Prospecto/Proyecto,,,,,,San Esteban,,,,,Cobre,Pimentón,10,Los Andes,,,Prospect/Project,,,,,,-32.48299999999995,,,,,Copper,,,,,,Prospect/Project,6,,202,,,,Valparaíso,,,Pimentón,,,,Pórfido de Cu-Mo,,,,,20.0,,Histórico,,,1640000.0,,,,Magmático-Hidrotermal,,Sernageomin_2025,"MIN_01, MIN_17",Cobre-Oro,Mioceno-Plioceno,,,,,202,Pórfidos,Oro,,,,http://www.andeangeology.cl/index.php/revista1/article/view/V48n1-3294,,,,,,2,"Copper, Gold"
,,-69.08099999999996,Cobre,,,Prospecto/Proyecto,,,,,,Antofagasta,,,,,Cobre,Pinta Verde,8,Antofagasta,,,Prospect/Project,,,,,,-24.22999999999996,,,,,Copper,,,,,,Prospect/Project,3,,203,,,,Antofagasta,,,Pinta Verde,,,,Pórfido de Cu-Mo,,,,,,,Actualizado,,,1334800.0,,,,Magmático-Hidrotermal,,Sernageomin_2025,MIN_01,Cobre,Eoceno-Oligoceno,,,,,203,Pórfidos,,,,,https://www.bhp.com/-/media/documents/investors/annual-reports/2024/240827_bhpannualreport2024.pdf,,,,,,1,Copper
,,-73.08899999999994,Cobre-Cinc,,,Prospecto/Proyecto,,,,,,Toltén,,,,,Cobre,Pirén Alto,4,Cautín,,,Prospect/Project,,,,,,-39.36599999999993,,,,,Copper,,,,,,Prospect/Project,12,,204,,,,La Araucanía,,,Pirén Alto,,,,VMS,,,,,,,Sin información,,,,,,,Volcanogénico,,Sernageomin_2025,"MIN_01, MIN_12",Cobre-Cinc,Jurásico-Cretácico,,,,,204,VMS,Cinc,,,,,,,,,,2,"Copper, Zinc"
,,-70.37399999999997,Cobre-Cobalto,,,Prospecto/Proyecto,,,,,,Chañaral,,,,,Cobre,Playa,5,Chañaral,,,Prospect/Project,,,,,,-26.789999999999964,,,,,Copper,,,,,,Prospect/Project,4,,205,,,,Atacama,,,Playa,,,,IOCG,,,,,,,Sin información,,,,,,,Magmático-Hidrotermal,,Sernageomin_2025,"MIN_01, MIN_08",Cobre-Cobalto,Cretácico Inferior,,,,,205,IOCG,Cobalto,,,,,,,,,,2,"Copper, Cobalt"
,,-69.23299999999995,Cobre-Molibdeno-Oro,Oro,,Prospecto/Proyecto,,,,,,Sierra Gorda,,,,,Cobre,Polo Sur,8,Antofagasta,,,Prospect/Project,,,,,,-23.299999999999955,,,,,Copper,,,,,,Prospect/Project,3,,206,,,,Antofagasta,,,Polo Sur,,,,Pórfido de Cu-Mo,,,,,80.445,,Actualizado,,,5681940.0,96534.0,,,Magmático-Hidrotermal,,Sernageomin_2025,"MIN_01, MIN_03, MIN_04, MIN_17",Cobre-Molibdeno-Oro,Eoceno-Oligoceno,,Renio,,,206,Pórfidos,Molibdeno,,,,https://www.aminerals.cl/docs/default-source/archivo/reportes/annual-report-2024.pdf?sfvrsn=3a957ff4_4,,,,,,3,"Copper, Molybdenum, Gold"
,,-71.28899999999999,Oro,,,Mina en producción,,,,,,La Ligua,,,,,Oro,Pullalli,5,Petorca,,,Active,,,,,,-32.422999999999945,,,,,Gold,,,,,,Mine (active),6,,207,,,,Valparaíso,,,Pullalli,,,,Mesotermal,,,,,14.4,,Histórico,,,,,,,Magmático-Hidrotermal,,Sernageomin_2025,MIN_17,Oro,Cretácico Inferior,,,,,207,Mesotermal,,,,,http://www.andeangeology.cl/index.php/revista1/article/view/V48n1-3294,,,,,,1,Gold
,,-72.30799999999994,Titanio,,,Prospecto/Proyecto,,,,,,Constitución,,,,,Titanio,Putu,99,Talca,,,Prospect/Project,,,,,,-35.212999999999965,,,,,Titanium,,,,,,Prospect/Project,9,,208,,,,Maule,,,Putu,,,,Sedimentario de Ti,,,,,,,Sin información,,,,,,,Sedimentario de placer,,Sernageomin_2025,MIN_07,Titanio,No asignado,,,,,208,Sedimentario de Ti,,,,,,,,,,,1,Titanium
,,-68.81199999999995,Cobre-Molibdeno-Plata,Plata,,Mina en producción,288288.0,Compañía Minera Quebrada Blanca ,,,,Pica,,,,"Teck Cominco Ltd., 76.5%; Inversiones Mineras S.A., 13.5%; Empresa Nacional de Minería (ENAMI) (Government, 100%), 10%",Cobre,Quebrada Blanca,8,Tamarugal,,,Active,,,,,,-21.006999999999948,,Quebrada Blanca Fase II,,,Copper,,,,7138560.0,,Mine (active),2,,209,,,,Tarapacá,,,Quebrada Blanca,,,,Pórfido de Cu-Mo,1784.64,,,,,,Actualizado,,,29191760.0,1361940.0,,,Magmático-Hidrotermal,,Sernageomin_2025,"MIN_01, MIN_03, MIN_04, MIN_18",Cobre-Molibdeno-Plata,Eoceno-Oligoceno,,Renio,,,209,Pórfidos,Molibdeno,,,,https://www.teck.com/media/AIF-2025.pdf,,9031.66,,,,3,"Copper, Molybdenum, Silver"
,,-68.95899999999995,Cobre-Molibdeno,,,Prospecto/Proyecto,,,,,,Pica,,,,,Cobre,Queen Elizabeth,8,Tamarugal,,,Prospect/Project,,,,,,-19.874999999999943,,,,,Copper,,,,,,Prospect/Project,2,,210,,,,Tarapacá,,,Queen Elizabeth,,,,Pórfido de Cu-Mo,,,,,,,Histórico,,,500000.0,,,,Magmático-Hidrotermal,,Sernageomin_2025,"MIN_01, MIN_03",Cobre-Molibdeno,Eoceno-Oligoceno,,,,,210,Pórfidos,Molibdeno,,,,https://repositorio.sernageomin.cl/items/a8faf057-5764-4d2d-a6eb-5c9c152fbe50/full,,,,,,2,"Copper, Molybdenum"
,,-68.95999999999998,Cobre,,,Prospecto/Proyecto,,,,,,Calama,,,,,Cobre,Quetena,8,El Loa,,,Prospect/Project,,,,,,-22.409999999999968,,,,,Copper,,,,,,Prospect/Project,3,,211,,,,Antofagasta,,,Quetena,,,,Pórfido de Cu-Mo,,,,,,,Sin información,,,,,,,Magmático-Hidrotermal,,Sernageomin_2025,MIN_01,Cobre,Eoceno-Oligoceno,,,,,211,Pórfidos,,,,,,,,,,,1,Copper
,,-68.88299999999998,Cobre-Molibdeno-Renio,Renio,,Mina en producción,,Corporación Nacional del Cobre (CODELCO),,,,Calama,,,,"Government, 100%",Cobre,Radomiro Tomic,8,El Loa,,,Active,,,,,,-22.226999999999975,,RT,,,Copper,,,,10304700.0,,Mine (active),3,,212,,,,Antofagasta,,,Radomiro Tomic,,,,Pórfido de Cu-Mo,,,,,,,Actualizado,,,32460000.0,,,,Magmático-Hidrotermal,,Sernageomin_2025,"MIN_01, MIN_03, MIN_04",Cobre-Molibdeno-Renio,Eoceno-Oligoceno,,,,,212,Pórfidos,Molibdeno,,,,https://www.codelco.com/prontus_codelco/site/docs/20250329/20250329202724/codelco_memoria_anual_2024.pdf,,,,,,3,"Copper, Molybdenum, Rhenium"
,,-72.42799999999994,Cobre-Oro-Plata,Plata,,Prospecto/Proyecto,,,,,,Punta Arenas,,,,,Cobre,Redhill,4,Magallanes,,,Prospect/Project,,,,,,-53.347999999999956,,Cutter Cove,,,Copper,,,,,,Prospect/Project,16,,213,,,,Magallanes y de la Antártica Chilena,,,Redhill,,,,VMS,,,,,1.29,,Actualizado,6353,,73100.0,,,,Volcanogénico,,Sernageomin_2025,"MIN_01, MIN_17, MIN_18",Cobre-Oro-Plata,Jurásico-Cretácico,,,,,213,VMS,Oro,,,,https://cdn.prod.website-files.com/6405c53fe8bfaf72c92da2c0/65d7c288d6ed058a80c91426_2023%20Mineral%20Resources%20and%20Ore%20Reserves%20Estimates.pdf,,141.9,,,,3,"Copper, Gold, Silver"
,,-70.30999999999995,Cobre-Molibdeno-Plata,Plata,,Prospecto/Proyecto,248608.0,,,,,Vallenar,,,,,Cobre,Relincho,7,Huasco,,,Prospect/Project,,,,,,-28.520999999999958,,"Nueva Unión (Relincho + La Fortuna), Porvenir",,,Copper,,,,5438300.0,,Prospect/Project,4,,214,,,,Atacama,,,Relincho,,,,Pórfido de Cu-Mo,2330.7,,,,,,Actualizado,,,4418820.0,147774.0,,,Magmático-Hidrotermal,,Sernageomin_2025,"MIN_01, MIN_03, MIN_04, MIN_18",Cobre-Molibdeno-Plata,Paleoceno-Eoceno,,Renio,,,214,Pórfidos,Molibdeno,,,,https://www.teck.com/media/AIF-2025.pdf,,1816.71,,,,3,"Copper, Molybdenum, Silver"
,,-71.24166699999995,Hierro,,,Mina en producción,,Compañía Minera del Pacífico S.A. (CMP),,,,La Serena,,,,"CAP S.A., 75%, and MC Inversiones Ltda., 25%",Hierro,Romeral,5,Elqui,,,Active,,,,,,-29.715832999999975,,Inc Acopios,,,Iron,,,,,,Mine (active),5,,215,,,25730000.0,Coquimbo,,176436000.0,Romeral,,,,IOA,,,,,,,Actualizado,M-3655,,,,,,Magmático-Hidrotermal,,Sernageomin_2025,MIN_15,Hierro,Cretácico Inferior,,,,,215,IOA,,,,,https://www.cmp.cl/wp-content/uploads/2024/08/memoria-espanol28.08_compressed.pdf,,,,,,1,Iron
,,-70.50899999999996,Cobre-Molibdeno,,,Prospecto/Proyecto,,,,,,Rengo,,,,,Cobre,Rosario de Rengo,10,Cachapoal,,,Prospect/Project,,,,,,-34.557999999999936,,,,,Copper,,,,,,Prospect/Project,8,,216,,,,Libertador General Bernardo O'Higgins,,,Rosario de Rengo,,,,Pórfido de Cu-Mo,,,,,,,Histórico,,,1898480.0,60930.0,,,Magmático-Hidrotermal,,Sernageomin_2025,"MIN_01, MIN_03, MIN_04",Cobre-Molibdeno,Mioceno-Plioceno,,Renio,,,216,Pórfidos,Molibdeno,,,,https://enernews.com/public/archivos/weE5IjYwn0La9dfDTaIr0YBVrlGzl4tGLYEztYLF.pdf,,,,,,2,"Copper, Molybdenum"
,,-68.89027999999996,Oro-Plata,,,Mina en producción,,,,,,Diego de Almagro,,,,,Oro,Salares Norte,9,Chañaral,,,Active,,,,,,-26.011999999999944,,,,,Gold,,,,,,Mine (active),4,,217,,,,Atacama,,,Salares Norte,,,,Epitermal de alta sulfuración,1429.56,,,,113.16,,Actualizado,,,,,,,Magmático-Hidrotermal,,Sernageomin_2025,"MIN_17, MIN_18",Oro-Plata,Mioceno,106.128,,,,217,Epitermales,Plata,,,,https://www.goldfields.com/pdf/investors/integrated-annual-reports/2024/gold-fields-mrmr-2024-supplement.pdf,,1519.67,,,,2,"Gold, Silver"
,,-69.56999999999994,Cobre-Molibdeno-Renio,Renio,,Mina en producción,,Corporación Nacional del Cobre (CODELCO),,,,Diego de Almagro,,,,"Government, 100%",Cobre,Salvador,8,Chañaral,,,Active,,,,,,-26.24099999999993,,,,,Copper,,,,3748500.0,,Mine (active),4,,218,,,,Atacama,,,Salvador,,,,Pórfido de Cu-Mo,,,,,,,Actualizado,,,14695200.0,,,,Magmático-Hidrotermal,,Sernageomin_2025,"MIN_01, MIN_03, MIN_04",Cobre-Molibdeno-Renio,Eoceno-Oligoceno,,,,,218,Pórfidos,Molibdeno,,,,https://www.codelco.com/prontus_codelco/site/docs/20250329/20250329202724/codelco_memoria_anual_2024.pdf,,,,,,3,"Copper, Molybdenum, Rhenium"
,,-69.57999999999998,Oro-Plata,,,Mina paralizada,,,,,,Sierra Gorda,,,,,Oro,San Cristóbal,7,Antofagasta,,,Idle,,,,,,-23.529999999999973,,,,,Gold,,,,,,Mine (idle),3,,219,,,,Antofagasta,,,San Cristóbal,,,,Epitermal de baja sulfuración,,,,,,,Sin información,,,,,,,Magmático-Hidrotermal,,Sernageomin_2025,"MIN_17, MIN_18",Oro-Plata,Paleoceno-Eoceno,,,,,219,Epitermales,Plata,,,,,,,,,,2,"Gold, Silver"
,,-69.95999999999998,Nitrato-Yodo,,,Mina paralizada,,,,,,Pozo Almonte,,,,,Nitrato,San Lorenzo,11,Tamarugal,,,Idle,,,,,,-20.519999999999982,,,,,Nitrate,,,,,,Mine (idle),2,,220,,,,Tarapacá,,,San Lorenzo,,,,Campo de nitrato-yodo,,,,,,,Sin información,,,,,,,Sedimentario-Atmosférico,,Sernageomin_2025,"MIN_14, MIN_16",Nitrato-Yodo,Mioceno-Pleistoceno,,,,,220,Campo de nitrato-yodo,Yodo,,,,,,,,,,2,"Nitrate, Iodine"
,,-70.10299999999995,Cobre-Cobalto,,,Prospecto/Proyecto,,,,,,Diego de Almagro,,,,,Cobre,San Pietro,5,Chañaral,,,Prospect/Project,,,,,,-26.474999999999966,,,,,Copper,,,,,,Prospect/Project,4,,221,,,,Atacama,,,San Pietro,,,,IOCG,,,,,,,Sin información,,,,,,,Magmático-Hidrotermal,,Sernageomin_2025,"MIN_01, MIN_08",Cobre-Cobalto,Cretácico Inferior,,,,,221,IOCG,Cobalto,,,,,,,,,,2,"Copper, Cobalt"
,,-70.20199999999994,Cobre-Cobalto,,,Mina paralizada,,,,,,San José de Maipo,,,,,Cobre,Santa Herminia,6,Cordillera,,,Idle,,,,,,-33.82099999999997,,Ingenio,,,Copper,,,,,,Mine (idle),7,,222,,,,Metropolitana de Santiago,,,Santa Herminia,,,,Mesotermal,,,,,,,Sin información,,,,,,,Magmático-Hidrotermal,,Sernageomin_2025,"MIN_01, MIN_08",Cobre-Cobalto,Cretácico Superior,,,,,222,Mesotermal,Cobalto,,,,,,,,,,2,"Copper, Cobalt"
,,-70.12999999999994,Nitrato-Yodo,,,Mina paralizada,,,,,,Taltal,,,,,Nitrato,Santa Luisa,11,Antofagasta,,,Idle,,,,,,-25.22999999999996,,,,,Nitrate,,,,,,Mine (idle),3,,223,,,,Antofagasta,,,Santa Luisa,,,,Campo de nitrato-yodo,,,,,,,Sin información,,,,,,,Sedimentario-Atmosférico,,Sernageomin_2025,"MIN_14, MIN_16",Nitrato-Yodo,Mioceno-Pleistoceno,,,,,223,Campo de nitrato-yodo,Yodo,,,,,,,,,,2,"Nitrate, Iodine"
,,-70.03499999999997,Plata,,,Mina paralizada,,,,,,Alto Hospicio,,,,,Plata,Santa Rosa,3,Iquique,,,Idle,,,,,,-20.28388899999993,,,,,Silver,,,,,,Mine (idle),2,,224,,,,Tarapacá,,,Santa Rosa,,,,Epitermal de baja sulfuración,,,,,,,Histórico,,,,,,,Magmático-Hidrotermal,,Sernageomin_2025,MIN_18,Plata,Jurásico,,,,,224,Epitermales,,,,,https://catalogobiblioteca.sernageomin.cl/cgi-bin/koha/opac-detail.pl?biblionumber=271338,,24.0,,,,1,Silver
,,-70.01599999999996,Cobre-Oro-Hierro-Cobalto,Hierro,,Prospecto/Proyecto,,,,,,Diego de Almagro,,,,,Cobre,Santo Domingo,5,Chañaral,,,Prospect/Project,,,,,,-26.42599999999993,,,,,Copper,,,,1176900.0,,Prospect/Project,4,,225,,,110628600.0,Atacama,132195.0,149472000.0,Santo Domingo,,,,IOCG,,,,,22.56,,Actualizado,,,1718400.0,,,,Magmático-Hidrotermal,,Sernageomin_2025,"MIN_01, MIN_08, MIN_15, MIN_17",Cobre-Oro-Hierro-Cobalto,Cretácico Inferior,15.692,,,,225,IOCG,Oro,,,,https://minedocs.com/20/SantoDomingo_PEA_02192020.pdf,,,,Cobalto,,4,"Copper, Gold, Iron, Cobalt"
,,-69.96999999999997,Cobre,,,Prospecto/Proyecto,,KGHM International Ltd.,,,,Sierra Gorda,,,,"KGHM International Ltd. (55%), Sumitomo Metal Mining (31.5%) and Sumitomo Corporation (13.5%)",Cobre,Sierra,5,Antofagasta,,,Prospect/Project,,,,,,-23.15199999999993,,,,,Copper,,,,,,Prospect/Project,3,,226,,,,Antofagasta,,,Sierra,,,,Pórfido de Cu,,,,,,,Actualizado,,,367830.0,,,,Magmático-Hidrotermal,,Sernageomin_2025,MIN_01,Cobre,Cretácico Inferior,,,,,226,Pórfidos,,,,,https://www.aminerals.cl/docs/default-source/archivo/reportes/annual-report-2024.pdf?sfvrsn=3a957ff4_4,,,,,,1,Copper
,,-70.15399999999994,Tierras raras,,,Prospecto/Proyecto,,,,,,Diego de Almagro,,,,,Tierras raras,Sierra Áspera,5,Chañaral,,,Prospect/Project,,,,,,-26.315999999999974,,,,,Rare Earths,,,,,,Prospect/Project,4,,227,,,,Atacama,,,Sierra Áspera,,,,Skarn,,,,,,,Sin información,,,,,,,Magmático-Hidrotermal,,Sernageomin_2025,MIN_05,Tierras raras,Cretácico Inferior,,,,,227,Skarn,,,,,,,,,,,1,Rare Earths
,,-70.11899999999997,Cobre,,,Mina en producción,,,,,,Antofagasta,,,,,Cobre,Sierra Atacama,3,Antofagasta,,,Active,,,,,,-23.238999999999976,,Sierra Miranda,,,Copper,,,,,,Mine (active),3,,228,,,,Antofagasta,,,Sierra Atacama,,,,IOCG,,,,,,,Histórico,,,367025.0,,,,Magmático-Hidrotermal,,Sernageomin_2025,MIN_01,Cobre,Jurásico,,,,,228,IOCG,,,,,https://repositorio.uchile.cl/handle/2250/114316?show=full,,,,,,1,Copper
,,-69.33899999999994,Cobre-Molibdeno-Oro-Renio,Oro,,Mina en producción,152830.0,KGHM International Ltd.,,,,Sierra Gorda,,,,"KGHM International Ltd. (55%), Sumitomo Metal Mining (31.5%) and Sumitomo Corporation (13.5%)",Cobre,Sierra Gorda,7,Antofagasta,,,Active,,,,,,-22.84699999999998,,,,,Copper,,,,2993700.0,,Mine (active),3,,229,,,,Antofagasta,,,Sierra Gorda,,,,Pórfido de Cu-Mo,,,,,111.75,,Actualizado,,,6694800.0,297830.0,,,Magmático-Hidrotermal,,Sernageomin_2025,"MIN_01, MIN_03, MIN_04, MIN_17",Cobre-Molibdeno-Oro-Renio,Paleoceno-Eoceno,46.41,,,,229,Pórfidos,Molibdeno,,,,https://www.south32.net/docs/default-source/exchange-releases/sierra-gorda---ore-reserve-and-mineral-resource-0x33239be9cf2a34d4.pdf?sfvrsn=6a85274d_0,,,,Renio,,4,"Copper, Molybdenum, Gold, Rhenium"
,,-69.48399999999998,Cobre,,,Prospecto/Proyecto,,,,,,Taltal,,,,,Cobre,Sierra Jardín,8,Antofagasta,,,Prospect/Project,,,,,,-25.90599999999995,,,,,Copper,,,,,,Prospect/Project,3,,230,,,,Antofagasta,,,Sierra Jardín,,,,Pórfido de Cu-Mo,,,,,,,Histórico,,,125000.0,,,,Magmático-Hidrotermal,,Sernageomin_2025,MIN_01,Cobre,Eoceno-Oligoceno,,,,,230,Pórfidos,,,,,https://repositorio.sernageomin.cl/items/a8faf057-5764-4d2d-a6eb-5c9c152fbe50/full,,,,,,1,Copper
,,-69.79299999999995,Nitrato-Yodo,,82843.3,Mina en producción,,,,,,Pozo Almonte,,,,,Nitrato,Soledad,11,Tamarugal,,,Active,,,,,,-20.408999999999935,,,,,Nitrate,,,,,,Mine (active),2,,231,,,,Tarapacá,,,Soledad,,,,Campo de nitrato-yodo,,,,,,,Actualizado,,,,,,32904.0,Sedimentario-Atmosférico,,Sernageomin_2025,"MIN_14, MIN_16",Nitrato-Yodo,Mioceno-Pleistoceno,,,,,231,Campo de nitrato-yodo,Yodo,,,,https://www.sernageomin.cl/planes-de-cierre/,,,,,,2,"Nitrate, Iodine"
,,-69.24399999999997,Cobre-Molibdeno,,,Mina en producción,125320.0,Minera Spence S.A. ,,,,Sierra Gorda,,,,"BHP Billiton plc, 100%",Cobre,Spence,7,Antofagasta,,,Active,,,,,,-22.785999999999945,,,,,Copper,,,,4781000.0,,Mine (active),3,,232,,,,Antofagasta,,,Spence,,,,Pórfido de Cu-Mo,,,,,,,Actualizado,,,10316800.0,290200.0,,,Magmático-Hidrotermal,,Sernageomin_2025,"MIN_01, MIN_03, MIN_04",Cobre-Molibdeno,Paleoceno-Eoceno,,Renio,,,232,Pórfidos,Molibdeno,,,,https://www.bhp.com/-/media/documents/investors/annual-reports/2024/240827_bhpannualreport2024.pdf,,,,,,2,"Copper, Molybdenum"
,,-70.88199999999995,Cobre-Plata,,,Mina en producción,,,,,,Vicuña,,,,,Cobre,Talcuna,5,Elqui,,,Active,,,,,,-29.888999999999953,,Distrito Talcuna,,,Copper,,,,,,Mine (active),5,,233,,,,Coquimbo,,,Talcuna,,,,Estratoligado,,,,,,,Actualizado,,,228509.3,,,,Magmático-Hidrotermal,,Sernageomin_2025,"MIN_01, MIN_06, MIN_18",Cobre-Plata,Cretácico Inferior,,Manganeso,,,233,Estratoligado,Plata,,,,https://www.sernageomin.cl/planes-de-cierre/,,406.0264,,,,2,"Copper, Silver"
,,-69.97499999999997,Oro,,,Mina paralizada,,,,,,Vicuña,,,,,Oro,Tambo,9,Elqui,,,Idle,,,,,,-29.81666699999994,,,,,Gold,,,,,,Mine (idle),5,,234,,,,Coquimbo,,,Tambo,,,,Epitermal de alta sulfuración,,,,,,,Sin información,,,,,,,Magmático-Hidrotermal,,Sernageomin_2025,MIN_17,Oro,Mioceno,,,,,234,Epitermales,,,,,,,,,,,1,Gold
,,-69.44999999999999,Cobre-Molibdeno,,,Prospecto/Proyecto,,,,,,Putre,,,,,Cobre,Ticnamar,8,Parinacota,,,Prospect/Project,,,,,,-18.59299999999996,,,,,Copper,,,,,,Prospect/Project,1,,235,,,,Arica y Parinacota,,,Ticnamar,,,,Pórfido de Cu-Mo,,,,,,,Histórico,,,1000.0,,,,Magmático-Hidrotermal,,Sernageomin_2025,"MIN_01, MIN_03",Cobre-Molibdeno,Eoceno-Oligoceno,,,,,235,Pórfidos,Molibdeno,,,,https://catalogobiblioteca.sernageomin.cl/cgi-bin/koha/opac-detail.pl?biblionumber=271338,,,,,,2,"Copper, Molybdenum"
,,-71.23569999999995,Hierro,,,Mina en producción,,Compañía Minera del Pacífico S.A. (CMP),,,,La Higuera,,,,"CAP S.A., 75%, and MC Inversiones Ltda., 25%",Hierro,Tofo,5,Elqui,,,Active,,,,,,-29.448999999999955,,Distrito Pleito,,,Iron,,,,,,Mine (active),5,,236,,,234127000.0,Coquimbo,,848745000.0,Tofo,,,,IOA,,,,,,,Actualizado,M-521,,,,,,Magmático-Hidrotermal,,Sernageomin_2025,MIN_15,Hierro,Cretácico Inferior,,,,,236,IOA,,,,,https://www.cmp.cl/wp-content/uploads/2024/08/memoria-espanol28.08_compressed.pdf,,,,,,1,Iron
,,-68.94799999999998,Cobre,,,Prospecto/Proyecto,,,,,,Calama,,,,,Cobre,Toki,8,El Loa,,,Prospect/Project,,,,,,-22.41599999999994,,,,,Copper,,,,,,Prospect/Project,3,,237,,,,Antofagasta,,,Toki,,,,Pórfido de Cu-Mo,,,,,,,Sin información,,,,,,,Magmático-Hidrotermal,,Sernageomin_2025,MIN_01,Cobre,Eoceno-Oligoceno,,,,,237,Pórfidos,,,,,nan,,,,,,1,Copper
,,-69.78299999999996,Cobre,,,Prospecto/Proyecto,,,,,,María Elena,,,,,Cobre,Tovaku,5,Tocopilla,,,Prospect/Project,,,,,,-21.94599999999997,,Puntillas-Galenosa,,,Copper,,,,,,Prospect/Project,3,,238,,,,Antofagasta,,,Tovaku,,,,Pórfido de Cu,,,,,,,Actualizado,,,1445900.0,,,,Magmático-Hidrotermal,,Sernageomin_2025,MIN_01,Cobre,Cretácico Inferior,,,,,238,Pórfidos,,,,,https://www.cmfchile.cl/sitio/aplic/serdoc/ver_sgd.php?s567=bc8b74dbff50cde53c13dc8dcd692dd5VFdwQmVVNVVRWHBOUkVsNlQwUkZlRTUzUFQwPQ==&secuencia=-1&t=1756324614,,,,,,1,Copper
,,-69.87099999999998,Cobre-Oro-Plata-Molibdeno,Plata,,Prospecto/Proyecto,,,,,,Alto del Carmen,,,,,Cobre,Valeriano,9,Huasco,,,Prospect/Project,,,,,,-29.113999999999976,,,,,Copper,,,,,,Prospect/Project,4,,239,,,,Atacama,,,Valeriano,,,,Pórfido de Cu-Mo,,,,,303.45,,Actualizado,,,7080500.0,90168.0,,,Magmático-Hidrotermal,,Sernageomin_2025,"MIN_01, MIN_03, MIN_04, MIN_17, MIN_18",Cobre-Oro-Plata-Molibdeno,Mioceno,,Renio,,,239,Pórfidos,Oro,,,,https://www.atexresources.com/_resources/reports/SRK_ATEX_NI_43-101_Valeriano.pdf?v=121301,,1430.55,,Molibdeno,,4,"Copper, Gold, Silver, Molybdenum"
,,-71.81699999999995,Cinc,,,Prospecto/Proyecto,,,,,,Palena,,,,,Cinc,Valle Tigre Este,4,Palena,,,Prospect/Project,,,,,,-43.686999999999955,,,,,Zinc,,,,,,Prospect/Project,14,,240,,,,Los Lagos,,,Valle Tigre Este,,,,Skarn,,,,,,,Sin información,,,,,,,Magmático-Hidrotermal,,Sernageomin_2025,MIN_12,Cinc,Jurásico-Cretácico,,,,,240,Skarn,,,,,,,,,,,1,Zinc
,,-69.30638899999997,Plata-Oro,,,Mina paralizada,,,,,,Taltal,,,,,Plata,Vaquillas,7,Antofagasta,,,Idle,,,,,,-25.369999999999948,,,,,Silver,,,,,,Mine (idle),3,,241,,,,Antofagasta,,,Vaquillas,,,,Epitermal de baja sulfuración,,,,,,,Sin información,,,,,,,Magmático-Hidrotermal,,Sernageomin_2025,"MIN_17, MIN_18",Plata-Oro,Paleoceno-Eoceno,,,,,241,Epitermales,Oro,,,,,,,,,,2,"Silver, Gold"
,,-70.42499999999995,Cobre-Molibdeno-Plata,Plata,,Prospecto/Proyecto,165920.0,,,,,Putaendo,,,,,Cobre,Vizcachitas,10,San Felipe de Aconcagua,,,Prospect/Project,,,,,,-32.40599999999995,,,,,Copper,,,,4392000.0,,Prospect/Project,6,,242,,,,Valparaíso,,,Vizcachitas,,,,Pórfido de Cu-Mo,1342.0,,,,,,Actualizado,,,12146390.0,462520.0,,,Magmático-Hidrotermal,,Sernageomin_2025,"MIN_01, MIN_03, MIN_04, MIN_18",Cobre-Molibdeno-Plata,Mioceno-Plioceno,,Renio,,,242,Pórfidos,Molibdeno,,,,https://losandescopper.com/projects/reserve-resource-statement/,,3263.6,,,,3,"Copper, Molybdenum, Silver"
,,-69.16399999999999,Oro,,,Prospecto/Proyecto,,,,,,Tierra Amarilla,,,,,Oro,Volcán,9,Copiapó,,,Prospect/Project,,,,,,-27.378999999999962,,,,,Gold,,,,,,Prospect/Project,4,,243,,,,Atacama,,,Volcán,,,,Epitermal de alta sulfuración,,,,,344.0,,Actualizado,,,,,,,Magmático-Hidrotermal,,Sernageomin_2025,MIN_17,Oro,Mioceno,,,,,243,Epitermales,,,,,https://minedocs.com/24/Volcan-PEA-03152023.pdf,,,,,,1,Gold
,,-70.33299999999997,Cobre-Molibdeno,,,Prospecto/Proyecto,,,,,,San Esteban,,,,,Cobre,West Wall,10,Los Andes,,,Prospect/Project,,,,,,-32.567999999999984,,,,,Copper,,,,,,Prospect/Project,6,,244,,,,Valparaíso,,,West Wall,,,,Pórfido de Cu-Mo,,,,,,,Actualizado,,,10075200.0,160020.0,,,Magmático-Hidrotermal,,Sernageomin_2025,"MIN_01, MIN_03, MIN_04",Cobre-Molibdeno,Mioceno-Plioceno,,Renio,,,244,Pórfidos,Molibdeno,,,,https://www.angloamerican.com/~/media/Files/A/Anglo-American-Group-v9/PLC/investors/annual-reporting/2024/anglo-american-ore-reserves-and-mineral-resources-report-2024.pdf,,,,,,2,"Copper, Molybdenum"
,,-68.96699999999998,Cobre-Cinc,,,Prospecto/Proyecto,,,,,,Cabo de Hornos,,,,,Cobre,Yendegaia,4,Antártica Chilena,,,Prospect/Project,,,,,,-54.91699999999997,,,,,Copper,,,,,,Prospect/Project,16,,245,,,,Magallanes y de la Antártica Chilena,,,Yendegaia,,,,VMS,,,,,,,Sin información,,,,,,,Volcanogénico,,Sernageomin_2025,"MIN_01, MIN_12",Cobre-Cinc,Jurásico-Cretácico,,,,,245,VMS,Cinc,,,,,,,,,,2,"Copper, Zinc"
,,-70.32999999999998,Nitrato-Yodo,,,Mina paralizada,,,,,,Taltal,,,,,Nitrato,Yumbes,11,Antofagasta,,,Idle,,,,,,-24.829999999999927,,,,,Nitrate,,,,,,Mine (idle),3,,246,,,,Antofagasta,,,Yumbes,,,,Campo de nitrato-yodo,,,,,,,Sin información,,,,,,,Sedimentario-Atmosférico,,Sernageomin_2025,"MIN_14, MIN_16",Nitrato-Yodo,Mioceno-Pleistoceno,,,,,246,Campo de nitrato-yodo,Yodo,,,,,,,,,,2,"Nitrate, Iodine"
,,-69.06699999999995,Cobre,,,Mina en producción,,,,,,Antofagasta,,,,,Cobre,Zaldivar,8,Antofagasta,,,Active,,,,,,-24.20799999999997,,,,,Copper,,,,1509300.0,,Mine (active),3,,247,,,,Antofagasta,,,Zaldivar,,,,Pórfido de Cu-Mo,,,,,,,Actualizado,,,3487360.0,,,,Magmático-Hidrotermal,,Sernageomin_2025,MIN_01,Cobre,Eoceno-Oligoceno,,,,,247,Pórfidos,,,,,https://www.aminerals.cl/docs/default-source/archivo/reportes/annual-report-2024.pdf?sfvrsn=3a957ff4_4,,,,,,1,Copper
47360000.0,,-69.637,Nitrato-Yodo,,424664.0,Mina en producción,,SQM Químicos S.A. ,,,,Sierra Gorda,,,,"Sociedad Química y Minera de Chile S.A. (SQM), 100%",Nitrato,Pampa Blanca,11,Antofagasta,,,Active,,,,,,-23.159,,,,,Nitrate,,,,,,Mine (active),3,,248,,,,Antofagasta,,,Pampa Blanca,,,,Campo de nitrato-yodo,,,,,,,Actualizado,,,,,,33320.0,Sedimentario-Atmosférico,,Sernageomin_2025,"MIN_14, MIN_16",Nitrato-Yodo,Mioceno-Pleistoceno,,,,,248,Campo de nitrato-yodo,Yodo,,4590000.0,,https://ir.sqm.com/system/files-encrypted/nasdaq_kms/assets/2025/04/08/1-00-07/MEMORIA%20SQM%202024_esp.pdf,,,,,,2,"Nitrate, Iodine"
12101000.0,,-69.67,Nitrato-Yodo,,78156.0,Mina en producción,,SQM Químicos S.A. ,,,,Pozo Almonte,,,,"Sociedad Química y Minera de Chile S.A. (SQM), 100%",Nitrato,Nueva Victoria,11,Tarapaca,,,Active,,,,,,-20.951,,,,,Nitrate,,,,,,Mine (active),2,,249,,,,Tarapacá,,,Nueva Victoria,,,,Campo de nitrato-yodo,,,,,,,Actualizado,,,,,,329448.0,Sedimentario-Atmosférico,,Sernageomin_2025,"MIN_14, MIN_16",Nitrato-Yodo,Mioceno-Pleistoceno,,,,,249,Campo de nitrato-yodo,Yodo,,49728000.0,,https://ir.sqm.com/system/files-encrypted/nasdaq_kms/assets/2025/04/08/1-00-07/MEMORIA%20SQM%202024_esp.pdf,,,,,,2,"Nitrate, Iodine"
1332000.0,,-69.95,Nitrato-Yodo,,8226.0,Mina en producción,,,,,,Huara ,,,,,Nitrato,Pampa Orcoma ,11,Tarapaca,,,Active,,,,,,-19.919,,,,,Nitrate,,,,,,Mine (active),2,,250,,,,Tarapacá,,,Pampa Orcoma ,,,,Campo de nitrato-yodo,,,,,,,Actualizado,,,,,,127617.0,Sedimentario-Atmosférico,,Sernageomin_2025,"MIN_14, MIN_16",Nitrato-Yodo,Mioceno-Pleistoceno,,,,,250,Campo de nitrato-yodo,Yodo,,21321000.0,,https://ir.sqm.com/system/files-encrypted/nasdaq_kms/assets/2025/04/08/1-00-07/MEMORIA%20SQM%202024_esp.pdf,,,,,,2,"Nitrate, Iodine"
,,-69.21999999999997,Litio-Potasio-Boro,Boro,,Prospecto/Proyecto,,,,,,Tierra Amarilla,,,,,Litio,Laguna Negro Francisco,13,Copiapó,,,Prospect/Project,,,,,,-27.46999999999997,,Viento Andino,,,Lithium,,,,,,Prospect/Project,4,,251,,,,Atacama,,,Laguna Negro Francisco,,,,Salar de Li-K-B±Cs-Sr,,,,,,,Actualizado,,,,,173000.0,,Salmueras residuales,,Sernageomin_2025,"MIN_02, MIN_13, MIN_19",Litio-Potasio-Boro,Pleistoceno,,,,,251,Salar de Li-K-B±Cs-Sr,Potasio,,,,https://wp-ctlithium-rebuild-2022.s3.eu-west-2.amazonaws.com/media/2024/08/CTL-Company-Presentation-August-2024.pdf,,,,,,3,"Lithium, Potassium, Boron"
,,-68.47999999999996,Litio-Potasio-Boro,Boro,,Prospecto/Proyecto,,,,,,Copiapó,,,,,Litio,Laguna Verde,13,Copiapó,,,Prospect/Project,,,,,,-26.869999999999948,,,,,Lithium,,,,,,Prospect/Project,4,,252,,,,Atacama,,,Laguna Verde,,,,Salar de Li-K-B±Cs-Sr,,,,,,,Actualizado,,,,,338000.0,,Salmueras residuales,,Sernageomin_2025,"MIN_02, MIN_13, MIN_19",Litio-Potasio-Boro,Pleistoceno,,,,,252,Salar de Li-K-B±Cs-Sr,Potasio,,,,https://wp-ctlithium-rebuild-2022.s3.eu-west-2.amazonaws.com/media/2024/08/CTL-Company-Presentation-August-2024.pdf,,,,,,3,"Lithium, Potassium, Boron"
,,-67.40999999999997,Boro,,,Prospecto/Proyecto,,,,,,San Pedro de Atacama,,,,,Boro,Salar Aguas Calientes Norte,13,El Loa,,,Prospect/Project,,,,,,-23.119999999999948,,,,,Boron,,,,,,Prospect/Project,3,,253,,,,Antofagasta,,,Salar Aguas Calientes Norte,,,,Salar de Li-K-B±Cs-Sr,,,,,,,Sin información,,,,,,,Salmueras residuales,,Sernageomin_2025,MIN_13,Boro,Pleistoceno,,,,,253,Salar de Li-K-B±Cs-Sr,,,,,,,,,,,1,Boron
,,-68.63999999999999,Boro,,,Prospecto/Proyecto,,,,,,Antofagasta,,,,,Boro,Salar Aguas Calientes Sur,13,Antofagasta,,,Prospect/Project,,,,,,-24.989999999999952,,,,,Boron,,,,,,Prospect/Project,3,,254,,,,Antofagasta,,,Salar Aguas Calientes Sur,,,,Salar de Li-K-B±Cs-Sr,,,,,,,Sin información,,,,,,,Salmueras residuales,,Sernageomin_2025,MIN_13,Boro,Pleistoceno,,,,,254,Salar de Li-K-B±Cs-Sr,,,,,,,,,,,1,Boron
,,-68.37999999999994,Boro,,,Prospecto/Proyecto,,,,,,Ollagüe,,,,,Boro,Salar Carcote,13,El Loa,,,Prospect/Project,,,,,,-21.37999999999994,,,,,Boron,,,,,,Prospect/Project,3,,255,,,,Antofagasta,,,Salar Carcote,,,,Salar de Li-K-B±Cs-Sr,,,,,,,Sin información,,,,,,,Salmueras residuales,,Sernageomin_2025,MIN_13,Boro,Pleistoceno,,,,,255,Salar de Li-K-B±Cs-Sr,,,,,,,,,,,1,Boron
,,-69.41999999999996,Boro,,,Prospecto/Proyecto,,,,,,General Lagos,,,,,Boro,Salar Colpitas,13,Parinacota,,,Prospect/Project,,,,,,-17.95999999999998,,,,,Boron,,,,,,Prospect/Project,1,,256,,,,Arica y Parinacota,,,Salar Colpitas,,,,Salar de Li-K-B±Cs-Sr,,,,,,,Sin información,,,,,,,Salmueras residuales,,Sernageomin_2025,MIN_13,Boro,Pleistoceno,,,,,256,Salar de Li-K-B±Cs-Sr,,,,,,,,,,,1,Boron
,,-68.88999999999999,Litio-Potasio-Boro,Boro,,Prospecto/Proyecto,,Química Industrial del Bórax Ltda. ,,,,Diego de Almagro,,,,"Private, Chile-based investors, 100%",Litio,Salar de Aguilar,13,Chañaral,,,Prospect/Project,,,,,,-25.799999999999955,,,,,Lithium,,,,,,Prospect/Project,4,,257,,,,Atacama,,,Salar de Aguilar,,,,Salar de Li-K-B±Cs-Sr,,,,,,,Sin información,,,,,,,Salmueras residuales,,Sernageomin_2025,"MIN_02, MIN_13, MIN_19",Litio-Potasio-Boro,Pleistoceno,,,,,257,Salar de Li-K-B±Cs-Sr,Potasio,,,,,,,,,,3,"Lithium, Potassium, Boron"
,,-68.27999999999997,Boro,,,Prospecto/Proyecto,,Química Industrial del Bórax Ltda. ,,,,Ollagüe,,,,"Private, Chile-based investors, 100%",Boro,Salar de Ascotan,13,El Loa,,,Prospect/Project,,,,,,-21.549999999999955,,,,,Boron,,,,,,Prospect/Project,3,,258,,,,Antofagasta,,,Salar de Ascotan,,,,Salar de Li-K-B±Cs-Sr,,,,,,,Sin información,,,,,,,Salmueras residuales,,Sernageomin_2025,MIN_13,Boro,Pleistoceno,,,,,258,Salar de Li-K-B±Cs-Sr,,,,,,,,,,,1,Boron
,,-68.29999999999995,Litio-Potasio-Boro,Boro,,Mina en producción,,Química Industrial del Bórax Ltda. ,,,,San Pedro de Atacama,7414550.0,,,"Private, Chile-based investors, 100%",Litio,Salar de Atacama,13,El Loa,,,Active,,,,,,-23.46999999999997,,,1459660.0,,Lithium,,,,,,Mine (active),3,,259,,,,Antofagasta,,,Salar de Atacama,,,114112500.0,Salar de Li-K-B±Cs-Sr,,,,,,,Actualizado,,,,,13320030.0,,Salmueras residuales,,Sernageomin_2025,"MIN_02, MIN_13, MIN_19",Litio-Potasio-Boro,Pleistoceno,,,,,259,Salar de Li-K-B±Cs-Sr,Potasio,,,,https://ir.sqm.com/system/files-encrypted/nasdaq_kms/assets/2025/04/08/1-00-07/MEMORIA%20SQM%202024_esp.pdf,,,,,,3,"Lithium, Potassium, Boron"
,,-68.62999999999994,Litio-Potasio-Boro,Boro,,Prospecto/Proyecto,,Química Industrial del Bórax Ltda. ,,,,Diego de Almagro,,,,"Private, Chile-based investors, 100%",Litio,Salar de la Isla,13,Chañaral,,,Prospect/Project,,,,,,-25.749999999999943,,,,,Lithium,,,,,,Prospect/Project,4,,260,,,,Atacama,,,Salar de la Isla,,,,Salar de Li-K-B±Cs-Sr,,,,,,,Sin información,,,,,,,Salmueras residuales,,Sernageomin_2025,"MIN_02, MIN_13, MIN_19",Litio-Potasio-Boro,Pleistoceno,,,,,260,Salar de Li-K-B±Cs-Sr,Potasio,,,,,,,,,,3,"Lithium, Potassium, Boron"
,,-68.50999999999993,Litio-Potasio-Boro,Boro,,Prospecto/Proyecto,,Química Industrial del Bórax Ltda. ,,,,Diego de Almagro,,,,"Private, Chile-based investors, 100%",Litio,Salar de las Parinas,13,Chañaral,,,Prospect/Project,,,,,,-25.819999999999936,,,,,Lithium,,,,,,Prospect/Project,4,,261,,,,Atacama,,,Salar de las Parinas,,,,Salar de Li-K-B±Cs-Sr,,,,,,,Sin información,,,,,,,Salmueras residuales,,Sernageomin_2025,"MIN_02, MIN_13, MIN_19",Litio-Potasio-Boro,Pleistoceno,,,,,261,Salar de Li-K-B±Cs-Sr,Potasio,,,,,,,,,,3,"Lithium, Potassium, Boron"
,,-69.07999999999998,Litio-Potasio-Boro,Boro,,Prospecto/Proyecto,,Química Industrial del Bórax Ltda. ,,,,Copiapó,,,,"Private, Chile-based investors, 100%",Litio,Salar de Maricunga,13,Copiapó,,,Prospect/Project,,,,,,-26.92999999999995,,,89792.0,,Lithium,,,,,,Prospect/Project,4,,262,,,,Atacama,,,Salar de Maricunga,,,2620674.0,Salar de Li-K-B±Cs-Sr,,,,,,,Actualizado,,,,,360234.0,,Salmueras residuales,,Sernageomin_2025,"MIN_02, MIN_13, MIN_19",Litio-Potasio-Boro,Pleistoceno,,,,,262,Salar de Li-K-B±Cs-Sr,Potasio,,,,https://lithiumpowerinternational.com/wp-content/uploads/2022/01/NI43-101_DFS2022_LR.pdf,,,,,,3,"Lithium, Potassium, Boron"
,,-68.81999999999994,Litio-Potasio-Boro,Boro,,Prospecto/Proyecto,,Química Industrial del Bórax Ltda. ,,,,Antofagasta,,,,"Private, Chile-based investors, 100%",Litio,Salar de Pajonales,13,Antofagasta,,,Prospect/Project,,,,,,-25.13999999999993,,,,,Lithium,,,,,,Prospect/Project,3,,263,,,,Antofagasta,,,Salar de Pajonales,,,,Salar de Li-K-B±Cs-Sr,,,,,,,Actualizado,,,,,,,Salmueras residuales,,Sernageomin_2025,"MIN_02, MIN_13, MIN_19",Litio-Potasio-Boro,Pleistoceno,,,,,263,Salar de Li-K-B±Cs-Sr,Potasio,,,,,,,,,,3,"Lithium, Potassium, Boron"
,,-69.14999999999998,Litio-Potasio-Boro,Boro,,Prospecto/Proyecto,,Química Industrial del Bórax Ltda. ,,,,Diego de Almagro,,,,"Private, Chile-based investors, 100%",Litio,Salar de Pedernales,13,Chañaral,,,Prospect/Project,,,,,,-26.20999999999998,,,,,Lithium,,,,,,Prospect/Project,4,,264,,,,Atacama,,,Salar de Pedernales,,,,Salar de Li-K-B±Cs-Sr,,,,,,,Sin información,,,,,,,Salmueras residuales,,Sernageomin_2025,"MIN_02, MIN_13, MIN_19",Litio-Potasio-Boro,Pleistoceno,,,,,264,Salar de Li-K-B±Cs-Sr,Potasio,,,,,,,,,,3,"Lithium, Potassium, Boron"
,,-67.26999999999998,Boro,,,Prospecto/Proyecto,,Química Industrial del Bórax Ltda. ,,,,San Pedro de Atacama,,,,"Private, Chile-based investors, 100%",Boro,Salar de Quisquiro,13,El Loa,,,Prospect/Project,,,,,,-23.21999999999997,,,,,Boron,,,,,,Prospect/Project,3,,265,,,,Antofagasta,,,Salar de Quisquiro,,,,Salar de Li-K-B±Cs-Sr,,,,,,,Sin información,,,,,,,Salmueras residuales,,Sernageomin_2025,MIN_13,Boro,Pleistoceno,,,,,265,Salar de Li-K-B±Cs-Sr,,,,,,,,,,,1,Boron
,,-68.92999999999995,Boro,,,Prospecto/Proyecto,,,,,,Antofagasta,,,,,Boro,Salar Punta Negra,13,Antofagasta,,,Prospect/Project,,,,,,-24.529999999999973,,,,,Boron,,,,,,Prospect/Project,3,,266,,,,Antofagasta,,,Salar Punta Negra,,,,Salar de Li-K-B±Cs-Sr,,,,,,,Sin información,,,,,,,Salmueras residuales,,Sernageomin_2025,MIN_13,Boro,Pleistoceno,,,,,266,Salar de Li-K-B±Cs-Sr,,,,,,,,,,,1,Boron
,,-69.04999999999995,Boro,,,Prospecto/Proyecto,,,,,,Putre,,,,,Boro,Salar Surire,13,Parinacota,,,Prospect/Project,,,,,,-18.819999999999936,,,,,Boron,,,,,,Prospect/Project,1,,267,,,,Arica y Parinacota,,,Salar Surire,,,,Salar de Li-K-B±Cs-Sr,,,,,,5451403.0,Actualizado,,,,,,,Salmueras residuales,1727154.0,Sernageomin_2025,MIN_13,Boro,Pleistoceno,,,,,267,Salar de Li-K-B±Cs-Sr,,,,,https://www.sernageomin.cl/planes-de-cierre/,,,,,,1,Boron
,Fuel,-71.4994,,,,,,Empresa Nacional del Petróleo (ENAP),e,-32.9286,,,,"90,000",,"Government, 100%",,,,,Empresa Nacional del Petróleo (ENAP),OR,Active,"Government, 100%",Chile,Valparaíso,E,,-32.9286,2015,,,"Aconcagua, Bio Bio, and Gregorio refineries",Petroleum,-71.4994,,Refinery products,,521,Refinery,,CL,,,10,,Valparaíso,,,Aconcagua refineries,t42-gb,Petroleum,,,,,,CL10,,,,,,,,,,,,USGS_MINFAC_2017,,Petroleum,,,,***CL10-12,507,,,,Aconcagua refineries,,,,t42-gb,,,,"90,000",1,Petroleum
,Metal,-68.6886,,,,,,Sociedad Contractual Minera El Abra ,e,-21.9859,,,,225,,"Freeport-McMoRan Copper & Gold Inc., 51%, and Corporación Nacional del Cobre (CODELCO) (Government, 100%), 49%",,,,,Sociedad Contractual Minera El Abra ,P,Active,"Freeport-McMoRan Copper & Gold Inc., 51%, and Corporación Nacional del Cobre (CODELCO) (Government, 100%), 49%",Chile,Antofagasta,E,,-21.9859,2014,,,"El Abra Mine and SX-EW plant, near Calama, Antofagasta (Region II)",Copper,-68.6886,,Copper,,"601, 1599",SX-EW Plant,,CL,,,76,,Antofagasta,,,Al Elbra SX-EW plant,tmt,Copper,,,,,,CL76,,,,,,,,,,,,USGS_MINFAC_2017,,Copper,,,,***CL76-77,508,,,,Al Elbra SX-EW plant,,,,tmt,,,,225,1,Copper
,Metal,-70.3178,,,,,,Glencore Copper Chile S.A. ,e,-23.8247,,,,300,,Glencore Copper Chile S.A. ,,,,,Glencore Copper Chile S.A. ,P,Active,Glencore Copper Chile S.A. ,Chile,Antofagasta,E,,-23.8247,2014,,,"Altonorte smelter, La Negra, Antofagasta (Region II)",Copper,-70.3178,,Anodes and blister (Cu content),,524,Smelter,,CL,,,13,,Antofagasta,,,Altonorte smelter,tmt,Copper,,,,,Y,CL13,,,,,,,,,,,,USGS_MINFAC_2017,,Copper,,,,,509,,,,Altonorte smelter,,,,tmt,,,,300,1,Copper
,Industrial,-70.3178,,,,,,Glencore Copper Chile S.A. ,e,-23.8247,,,,900,,Glencore Copper Chile S.A. ,,,,,Glencore Copper Chile S.A. ,P,Active,Glencore Copper Chile S.A. ,Chile,Antofagasta,E,,-23.8247,2014,,,"Altonorte smelter, La Negra, Antofagasta (Region II)",Sulfuric Acid,-70.3178,,Sulfuric acid,,525,Smelter,,CL,,,13,,Antofagasta,,,Altonorte smelter,tmt,Sulfuric acid,,,,,Y,CL13,,,,,,,,,,,,USGS_MINFAC_2017,,Sulfuric acid,,,,,510,,,,Altonorte smelter,,,,tmt,,,,900,1,Sulfuric Acid
,Metal,-69.8832,,,,,,Antofagasta plc,,-22.6298,,,,,,"Antofagasta plc, 70%, Marubeni Corp., 30%",,,,,Antofagasta plc,P,Active,"Antofagasta plc, 70%, Marubeni Corp., 30%",Chile,Antofagasta,E,,-22.6298,2014,,,Antucoya Mine and SX-EW plant,Copper,-69.8832,,Copper,,2000,SX-EW Plant,,CL,,,320,,Antofagasta,,,Antucoya SX-EW plant,,Copper,,,,,Y,CL320,,,,,,,,,,,,USGS_MINFAC_2017,,Copper,,,,,515,,,,Antucoya SX-EW plant,,,,,,,,,1,Copper
,Industrial,-70.799,,,,,,Compañía Minera de Fosfatos Naturales Ltda. (Bifox Ltda.),e,-27.0923,,,,45,,"TEHMCORP S.A., 100%",,,,,Compañía Minera de Fosfatos Naturales Ltda. (Bifox Ltda.),P,Active,"TEHMCORP S.A., 100%",Chile,Coquimbo,E,,-27.0923,2014,,,"Mines at and around Bahia Inglesa; Osorno plant near Bahia Inglesa, Atacama (Region III); and Bahia Inglesa plant at Caldera, Coquimbo (Region IV)",Phosphate,-70.799,,Phosphorite,,774,Processing Plant,,CL,,,208,,Coquimbo,,,Bahia Inglesa plant at Caldera,tmt,Phosphatic materials,,,,,,CL208,,,,,,,,,,,,USGS_MINFAC_2017,,Phosphatic materials,,,,***CL208-209,516,,,,Bahia Inglesa plant at Caldera,,,,tmt,,,,45,1,Phosphate
,Fuel,-73.1205,,,,,,Empresa Nacional del Petróleo (ENAP),e,-36.7789,,,,"90,000",,"Government, 100%",,,,,Empresa Nacional del Petróleo (ENAP),OR,Active,"Government, 100%",Chile,Biobío,E,,-36.7789,2015,,,"Aconcagua, Bio Bio, and Gregorio refineries",Petroleum,-73.1205,,Refinery products,,522,Refinery,,CL,,,11,,Biobío,,,Bio Bio refineries,t42-gb,Petroleum,,,,,,CL11,,,,,,,,,,,,USGS_MINFAC_2017,,Petroleum,,,,***CL10-12,519,,,,Bio Bio refineries,,,,t42-gb,,,,"90,000",1,Petroleum
,Metal,-70.2484,,,,,,Sociedad Punta del Cobre S.A (Pucobre),,-27.5734,,,,,,Sociedad Punta del Cobre S.A (Pucobre) (100%),,,,,Sociedad Punta del Cobre S.A (Pucobre),P,Active,Sociedad Punta del Cobre S.A (Pucobre) (100%),Chile,Atacama,E,,-27.5734,2014,,,Biocobre refinery,Copper,-70.2484,,Copper,,2000,Refinery,,CL,,,330,,Atacama,,,Biocobre refinery,,Copper,,,,,,CL330,,,,,,,,,,,,USGS_MINFAC_2017,,Copper,,,,,520,,,,Biocobre refinery,,,,,,,,,1,Copper
,Industrial,-69.879,,,,,,Química Industrial del Bórax Ltda. ,e,-18.4414,,,,550,,"Private, Chile-based investors, 100%",,,,,Química Industrial del Bórax Ltda. ,P,Active,"Private, Chile-based investors, 100%",Chile,Arica y Parinacota,E,,-18.4414,2014,,,"Ulexite mine at Salar del Surire, and boric acid and agrochemical plants near Arica, Arica y Parinacota (Region XV)",Boron,-69.879,,Boron compounds (B2O3 content),,888,Processing Plant,,CL,,,311,,Arica y Parinacota,,,Boric acid and agrochemical plants,tmt,Boron,,,,,,CL311,,,,,,,,,,,,USGS_MINFAC_2017,,Boron,,,,***CL311-312,521,,,,Boric acid and agrochemical plants,,,,tmt,,,,550,1,Boron
,Industrial,-70.2567,,,,,,S.Q.M. Salar S.A. ,e,-23.6427,,,,200,,"Sociedad Química y Minera de Chile S.A. (SQM), 100%",,,,,S.Q.M. Salar S.A. ,P,Active,"Sociedad Química y Minera de Chile S.A. (SQM), 100%",Chile,Antofagasta,E,,-23.6427,2014,,,"Mine brines of Atacama Salar, and boric acid plant at Antofagasta, Region II",Boron,-70.2567,,Boron compounds (B2O3 content),,754,Processing Plant,,CL,,,195,,Antofagasta,,,Boric acid plant at Antofagasta,tmt,Boron,,,,,,CL195,,,,,,,,,,,,USGS_MINFAC_2017,,Boron,,,,***CL195-196,522,,,,Boric acid plant at Antofagasta,,,,tmt,,,,200,1,Boron
,Industrial,-70.4505,,,,,,Corporación Nacional del Cobre (CODELCO),e,-34.1046,,,,"1,000",,"Government, 100%",,,,,Corporación Nacional del Cobre (CODELCO),P,Active,"Government, 100%",Chile,Libertador General Bernardo O'Higgins,E,,-34.1046,2014,,,"Caletones plant, Libertador General Bernardo O'Higgins (Region VI)",Sulfuric Acid,-70.4505,,Sulfuric acid,,"540, 1854",Processing Plant,,CL,,,25,,Libertador General Bernardo O'Higgins,,,Caletones plant,tmt,Sulfuric acid,,,,,,CL25,,,,,,,,,,,,USGS_MINFAC_2017,,Sulfuric acid,,,,,523,,,,Caletones plant,,,,tmt,,,,"1,000",1,Sulfuric Acid
,Metal,-70.4505,,,,,,Corporación Nacional del Cobre (CODELCO),e,-34.1046,,,,430,,"Government, 100%",,,,,Corporación Nacional del Cobre (CODELCO),P,Active,"Government, 100%",Chile,Libertador General Bernardo O'Higgins,E,,-34.1046,2014,,,"El Teniente Division and Mine, and Caletones smelter (anodes) and refinery (fire-refined ingots), Libertador General Bernardo O'Higgins (Region VI)",Copper,-70.4505,,Copper,,"620, 1855",Smelter,,CL,,,94,,Libertador General Bernardo O'Higgins,,,"Caletones smelter (anodes). refinery (fire-refined ingots), and SX-EW plant",tmt,Copper,,,,,,CL94,,,,,,,,,,,,USGS_MINFAC_2017,,Copper,,,,***CL94-95,524,,,,"Caletones smelter (anodes). refinery (fire-refined ingots), and SX-EW plant",,,,tmt,,,,430,1,Copper
,Metal,-69.0965,,,,,,Antofagasta plc,,-22.9275,,,,300,,"Antofagasta plc, 70%, and Marubeni Corp., 30%",,,,,Antofagasta plc,P,Active,"Antofagasta plc, 70%, and Marubeni Corp., 30%",Chile,Antofagasta,E,,-22.9275,2014,,,"Centinela oxide and sulfide mines and plant, Antofagasta (Region II)",Copper,-69.0965,,Copper,,"548, 1627",Processing Plant,,CL,,,31,,Antofagasta,,,Centinela oxide and sulfide plant,tmt,Copper,,,,,,CL31,,,,,,,,,,,,USGS_MINFAC_2017,,Copper,,,,,533,,,,Centinela oxide and sulfide plant,,,,tmt,,,,300,1,Copper
,Metal,-71.9995,,,,,,Compañía Minera Cerro Bayo Ltda. ,e,-46.5463,,,,950,,"Mandalay Resources Corp., 100%",,,,,Compañía Minera Cerro Bayo Ltda. ,P,Active,"Mandalay Resources Corp., 100%",Chile,Aysén,E,,-46.5463,2014,,,"Cerro Bayo Mine and concentration plant, Aysén (Region XI)",Gold,-71.9995,,Gold,,549,Concentrator,,CL,,,32,,Aysén,,,Cerro Bayo concentration plant,kg,Gold,,,,,,CL32,,,,,,,,,,,,USGS_MINFAC_2017,,Gold,,,,***CL32-33,534,,,,Cerro Bayo concentration plant,,,,kg,,,,950,1,Gold
,Industrial,-70.8318,,,,,,Cemento Polpaico S.A. ,,-33.1505,,,,"1,600",,"Holcim Ltd., 54.3%; Compañía de Consumidores de Gas de Santiago, 40.9%; other, 4.8%)",,,,,Cemento Polpaico S.A. ,P,Active,"Holcim Ltd., 54.3%; Compañía de Consumidores de Gas de Santiago, 40.9%; other, 4.8%)",Chile,Santiago,E,,-33.1505,2014,,,"Cerro Blanco plant, Santiago Metropolitan Region",Cement,-70.8318,,Cement,,553,Processing Plant,,CL,,,35,,Santiago,,,Cerro Blanco plant,,Cement,,,,,,CL35,,,,,,,,,,,,USGS_MINFAC_2017,,Cement,,,,,537,,,,Cerro Blanco plant,,,,,,,,"1,600",1,Cement
,Metal,-69.2663,,,,,,Compañía Minera Cerro Colorado ,e,-20.0624,,,,120,,"BHP Billiton plc, 100%",,,,,Compañía Minera Cerro Colorado ,P,Active,"BHP Billiton plc, 100%",Chile,Tarapacá,E,,-20.0624,2014,,,"Cerro Colorado Mine and SX-EW plant, Tarapacá (Region I)",Copper,-69.2663,,Copper,,"557, 1636",SX-EW Plant,,CL,,,39,,Tarapacá,,,Cerro Colorado SX-EW plant,tmt,Copper,,,,,,CL39,,,,,,,,,,,,USGS_MINFAC_2017,,Copper,,,,***CL38-39,539,,,,Cerro Colorado SX-EW plant,,,,tmt,,,,120,1,Copper
,Industrial,-70.9561,,,,,,Anglo American Sur S.A. ,e,-32.804,,,,500,,"Anglo American plc, 50.1%, Mitsubishi Corp., 20.4%, Corporación Nacional del Cobre, 20%, and Mitsui & Co., Ltd., 9.5% ",,,,,Anglo American Sur S.A. ,P,Active,"Anglo American plc, 50.1%, Mitsubishi Corp., 20.4%, Corporación Nacional del Cobre, 20%, and Mitsui & Co., Ltd., 9.5% ",Chile,Valparaíso,E,,-32.804,2014,,,"Chagres smelter, Valparaíso (Region V)",Sulfuric Acid,-70.9561,,Sulfuric acid,,560,Smelter,,CL,,,41,,Valparaíso,,,Chagres smelter,tmt,Sulfuric acid,,,,,,CL41,,,,,,,,,,,,USGS_MINFAC_2017,,Sulfuric acid,,,,,541,,,,Chagres smelter,,,,tmt,,,,500,1,Sulfuric Acid
,Metal,-70.9554,,,,,,Empresa Nacional de Minería (ENAMI),,-32.8047,,,,175,,"Government, 100%",,,,,Empresa Nacional de Minería (ENAMI),P,Active,"Government, 100%",Chile,Valparaíso,E,,-32.8047,2014,,,"Chagres smelter (anodes and blister), Valparaíso (Region V)",Copper,-70.9554,,Anodes and blister (Cu content),,558,Smelter,,CL,,,40,,Valparaíso,,,Chagres smelter (anodes and blister),tmt,Copper,,,,,,CL40,,,,,,,,,,,,USGS_MINFAC_2017,,Copper,,,,,542,,,,Chagres smelter (anodes and blister),,,,tmt,,,,175,1,Copper
,Industrial,-70.3112,,,,,,Rockwood Lithium Ltda. ,e,-23.7593,,,,"26,000",,"Rockwood Holdings Inc., 100%",,,,,Rockwood Lithium Ltda. ,B,Active,"Rockwood Holdings Inc., 100%",Chile,Antofagasta,E,,-23.7593,2014,,,"Chemetall Foote plant at La Negra, near Antofagasta City, Antofagasta (Region II)",Lithium,-70.3112,,Lithium carbonate,,563,Processing Plant,,CL,,Y,44,,Antofagasta,,,Chemetall Foote plant,mt,Lithium,,,,,,CL44,,,,,,,,,,,,USGS_MINFAC_2017,,Lithium,,,,,543,,,,Chemetall Foote plant,,,,mt,,,,"26,000",1,Lithium
,Industrial,-70.3112,,,,,,Rockwood Lithium Ltda. ,e,-23.7593,,,,"6,000",,"Rockwood Holdings Inc., 100%",,,,,Rockwood Lithium Ltda. ,B,Active,"Rockwood Holdings Inc., 100%",Chile,Antofagasta,E,,-23.7593,2014,,,"Chemetall Foote plant at La Negra, near Antofagasta City, Antofagasta (Region II)",Lithium,-70.3112,,Lithium chloride,,564,Processing Plant,,CL,,Y,44,,Antofagasta,,,Chemetall Foote plant,mt,Lithium,,,,,,CL44,,,,,,,,,,,,USGS_MINFAC_2017,,Lithium,,,,,544,,,,Chemetall Foote plant,,,,mt,,,,"6,000",1,Lithium
,Industrial,-70.3112,,,,,,Rockwood Lithium Ltda. ,e,-23.7593,,,,"6,000",,"Rockwood Holdings Inc., 100%",,,,,Rockwood Lithium Ltda. ,B,Active,"Rockwood Holdings Inc., 100%",Chile,Antofagasta,E,,-23.7593,2014,,,"Chemetall Foote plant at La Negra, near Antofagasta City, Antofagasta (Region II)",Lithium,-70.3112,,Lithium hydroxide,,565,Processing Plant,,CL,,Y,44,,Antofagasta,,,Chemetall Foote plant,mt,Lithium,,,,,,CL44,,,,,,,,,,,,USGS_MINFAC_2017,,Lithium,,,,,545,,,,Chemetall Foote plant,,,,mt,,,,"6,000",1,Lithium
,Industrial,-70.3112,,,,,,Rockwood Lithium Ltda. ,e,-23.7593,,,,50,,"Rockwood Holdings Inc., 100%",,,,,Rockwood Lithium Ltda. ,P,Active,"Rockwood Holdings Inc., 100%",Chile,Antofagasta,E,,-23.7593,2014,,,"Chemetall Foote plant at La Negra, Antofagasta (Region II); and Salar de Atacama, Atacama (Region III)",Potash,-70.3112,,Potash (KCl and K2SO4) [K2O content],,561,Processing Plant,,CL,,,42,,Antofagasta,,,Chemetall Foote plant at La Negra,tmt,Potash,,,,,,CL42,,,,,,,,,,,,USGS_MINFAC_2017,,Potash,,,,***CL42-43,546,,,,Chemetall Foote plant at La Negra,,,,tmt,,,,50,1,Potash
,Metal,-68.8404,,,,,,EcoMetales Ltd. ,e,-22.3013,,,,10,,"Codelco Technologies Ltd., 100%",,,,,EcoMetales Ltd. ,P,Active,"Codelco Technologies Ltd., 100%",Chile,Antofagasta,E,,-22.3013,2014,,,"Plant to remove the arsenic and antimony contained in smelting residues from the Chuquicamata Division, Antofagasta (Region II)",Arsenic,-68.8404,,Arsenic (stabilized as nonhazardous waste),,820,Processing Plant,,CL,,,247,,Antofagasta,,,Chuquicamata Division,tmt,Arsenic,,,,,,CL247,,,,,,,,,,,,USGS_MINFAC_2017,,Arsenic,,,,,548,,,,Chuquicamata Division,,,,tmt,,,,10,1,Arsenic
,Metal,-68.8404,,,,,,EcoMetales Ltd. ,e,-22.3013,,,,25,,"Codelco Technologies Ltd., 100%",,,,,EcoMetales Ltd. ,P,Active,"Codelco Technologies Ltd., 100%",Chile,Antofagasta,E,,-22.3013,2014,,,"Plant to acid-leach fine copper at Chuquicamata Mine, produced by the Antofagasta (Region II) (from residual material Chuquicamata and El Teniente Divisions)",Copper,-68.8404,,Copper,,819,Processing Plant,,CL,,,246,,Antofagasta,,,Chuquicamata Mine (plant to acid-leach fine copper),tmt,Copper,,,,,,CL246,,,,,,,,,,,,USGS_MINFAC_2017,,Copper,,,,,552,,,,Chuquicamata Mine (plant to acid-leach fine copper),,,,tmt,,,,25,1,Copper
,Industrial,-68.8895,,,,,,Corporación Nacional del Cobre (CODELCO),e,-22.3137,,,,500,,"Government, 100%",,,,,Corporación Nacional del Cobre (CODELCO),P,Active,"Government, 100%",Chile,Antofagasta,E,,-22.3137,2014,,,"Chuquicamata plant, Antofagasta (Region II)",Sulfuric Acid,-68.8895,,Sulfuric acid,,572,Processing Plant,,CL,,,51,,Antofagasta,,,Chuquicamata plant,tmt,Sulfuric acid,,,,,,CL51,,,,,,,,,,,,USGS_MINFAC_2017,,Sulfuric acid,,,,,554,,,,Chuquicamata plant,,,,tmt,,,,500,1,Sulfuric Acid
,Metal,-68.8895,,,,,,Corporación Nacional del Cobre (CODELCO),e,-22.3137,,,,450,,"Government, 100%",,,,,Corporación Nacional del Cobre (CODELCO),P,Active,"Government, 100%",Chile,Antofagasta,E,,-22.3137,2014,,,"Chuquicamata Division, including Chuquicamata and Mina Sur Mines; Chuquicamata SX-EW plant (oxide), smelter, and refinery (oxide and sulfide), Antofagasta (Region II)",Copper,-68.8895,,Copper,,570,Smelter,,CL,,,49,,Antofagasta,,,Chuquicamata SX-EW plant (oxide) and smelter,tmt,Copper,,,,,,CL49,,,,,,,,,,,,USGS_MINFAC_2017,,Copper,,,,***CL48-50,555,,,,Chuquicamata SX-EW plant (oxide) and smelter,,,,tmt,,,,450,1,Copper
,Metal,-68.6272,,,,,,Compañía Minera Doña Inés de Collahuasi SCM ,,-20.9761,,,,,,"Anglo American plc, 44%; Glencore plc, 44%; companies led by Mitsui & Co. Ltd., 12%",,,,,Compañía Minera Doña Inés de Collahuasi SCM ,P,Active,"Anglo American plc, 44%; Glencore plc, 44%; companies led by Mitsui & Co. Ltd., 12%",Chile,Tarapacá,E,,-20.9761,2014,,,"Collahuasi Mine and plants, Tarapacá (Region I)",Gold,-68.6272,,Gold,,578,Processing Plant,,CL,,,56,,Tarapacá,,,Collahuasi plants,,Gold,,,,,Y,CL56,,,,,,,,,,,,USGS_MINFAC_2017,,Gold,,,,,561,,,,Collahuasi plants,,,,,,,,,1,Gold
,Metal,-68.6272,,,,,,Compañía Minera Doña Inés de Collahuasi SCM ,,-20.9761,,,,"60,000",,"Anglo American plc, 44%; Glencore plc, 44%; companies led by Mitsui & Co. Ltd., 12%",,,,,Compañía Minera Doña Inés de Collahuasi SCM ,P,Active,"Anglo American plc, 44%; Glencore plc, 44%; companies led by Mitsui & Co. Ltd., 12%",Chile,Tarapacá,E,,-20.9761,2014,,,"Collahuasi Mine and plants, Tarapacá (Region I)",Silver,-68.6272,,Silver,,579,Processing Plant,,CL,,,56,,Tarapacá,,,Collahuasi plants,kg,Silver,,,,,Y,CL56,,,,,,,,,,,,USGS_MINFAC_2017,,Silver,,,,***CL55-56,562,,,,Collahuasi plants,,,,kg,,,,"60,000",1,Silver
,Metal,-68.6315,,,,,,Compañía Minera Doña Inés de Collahuasi SCM ,e,-20.9779,,,,400,,"Anglo American plc, 44%; Glencore plc, 44%; companies led by Mitsui & Co. Ltd., 12%",,,,,Compañía Minera Doña Inés de Collahuasi SCM ,P,Active,"Anglo American plc, 44%; Glencore plc, 44%; companies led by Mitsui & Co. Ltd., 12%",Chile,Tarapacá,E,,-20.9779,2014,,,"Collahuasi open pit mine, concentration plant, and SX-EW plant, at Ujina, Tarapacá (Region I)",Copper,-68.6315,,Copper,,582,SX-EW Plant,,CL,,,58,,Tarapacá,,,Collahuasi SX-EW plant,tmt,Copper,,,,,,CL58,,,,,,,,,,,,USGS_MINFAC_2017,,Copper,,,,***CL57-58,563,,,,Collahuasi SX-EW plant,,,,tmt,,,,400,1,Copper
,Metal,-71.9995,,,,,,Compañía Minera Cerro Bayo Ltda. ,e,-46.5463,,,,"110,000",,"Mandalay Resources Corp., 100%",,,,,Compañía Minera Cerro Bayo Ltda. ,P,Active,"Mandalay Resources Corp., 100%",Chile,Aysén,E,,-46.5463,2014,,,"Cerro Bayo Mine and concentration plant, Aysén (Region XI)",Silver,-71.9995,,Silver,,552,Concentrator,,CL,,,34,,Aysén,,,Concentration plant,kg,Silver,,,,,,CL34,,,,,,,,,,,,USGS_MINFAC_2017,,Silver,,,,***CL33-34,564,,,,Concentration plant,,,,kg,,,,"110,000",1,Silver
,Industrial,-73.1745,,,,,,Cemento Polpaico S.A. ,,-36.9783,,,,800,,"Holcim Ltd., 54.3%; Compañía de Consumidores de Gas de Santiago, 40.9%; other, 4.8%)",,,,,Cemento Polpaico S.A. ,P,Active,"Holcim Ltd., 54.3%; Compañía de Consumidores de Gas de Santiago, 40.9%; other, 4.8%)",Chile,Biobío,E,,-36.9783,2014,,,"Coronel plant, Biobío (Region VIII)",Cement,-73.1745,,Cement,,554,Grinding Plant,,CL,,,36,,Biobío,,,Coronel grinding plant,,Cement,,,,,,CL36,,,,,,,,,,,,USGS_MINFAC_2017,,Cement,,,,,565,,,,Coronel grinding plant,,,,,,,,800,1,Cement
,Industrial,-69.6207,,,,,,SQM Nitratos S.A. ,e,-22.3962,,,,950,,"Sociedad Química y Minera de Chile S.A. (SQM), 100%",,,,,SQM Nitratos S.A. ,P,Active,"Sociedad Química y Minera de Chile S.A. (SQM), 100%",Chile,Antofagasta,E,,-22.3962,2013,,,"El Toco Mine and Maria Elena plant; Pampa Blanca and Pedro de Valdivia Mines and plants; and Coya Sur plant, Antofagasta (Region II)",Nitrate,-69.6207,,Potassium nitrate,,626,Processing Plant,,CL,,Y,100,,Antofagasta,,,Coya Sur plant,tmt,Nitrates,,,,,,CL100,,,,,,,,,,,,USGS_MINFAC_2017,,Nitrates,,,,***CL100-104,566,,,,Coya Sur plant,,,,tmt,,,,950,1,Nitrate
,Industrial,-69.6207,,,,,,SQM Nitratos S.A. ,e,-22.3962,,,,770,,"Sociedad Química y Minera de Chile S.A. (SQM), 100%",,,,,SQM Nitratos S.A. ,P,Active,"Sociedad Química y Minera de Chile S.A. (SQM), 100%",Chile,Antofagasta,E,,-22.3962,2013,,,"El Toco Mine and Maria Elena plant; Pampa Blanca and Pedro de Valdivia Mines and plants; and Coya Sur plant, Antofagasta (Region II)",Nitrate,-69.6207,,Sodium nitrate,,627,Processing Plant,,CL,,Y,100,,Antofagasta,,,Coya Sur plant,tmt,Nitrates,,,,,,CL100,,,,,,,,,,,,USGS_MINFAC_2017,,Nitrates,,,,***CL100-104,567,,,,Coya Sur plant,,,,tmt,,,,770,1,Nitrate
,Industrial,-69.6207,,,,,,SQM Químicos S.A. ,e,-22.3962,,,,"80,000",,"Sociedad Química y Minera de Chile S.A. (SQM), 100%",,,,,SQM Químicos S.A. ,P,Active,"Sociedad Química y Minera de Chile S.A. (SQM), 100%",Chile,Antofagasta,E,,-22.3962,2014,,,"Nueva Victoria Mine, Tarapacá (Region I), and Maria Elena Mine and Coya Sur plant, Antofagasta (Region II)",Sodium Sulfate,-69.6207,,Sodium sulfate,,788,Processing Plant,,CL,,,221,,Antofagasta,,,Coya Sur plant,mt,Sodium sulfate,,,,,,CL221,,,,,,,,,,,,USGS_MINFAC_2017,,Sodium sulfate,,,,***CL221-223,568,,,,Coya Sur plant,,,,mt,,,,"80,000",1,Sodium Sulfate
,Metal,-71.9341,,,,,,Sociedad Contractual Minera El Toqui Ltda. ,e,-45.0341,,,,"1,600",,"Nyrstar NV, 100%",,,,,Sociedad Contractual Minera El Toqui Ltda. ,P,Active,"Nyrstar NV, 100%",Chile,Aysén,E,,-45.0341,2014,,,"El Toqui Mine and Doña Rosa concentration plant, Aysén (Region XI), 120 kilometers north of Coyhaique",Gold,-71.9341,,Gold,,638,Concentrator,,CL,,,107,,Aysén,,,Doña Rosa concentration plant,kg,Gold,,,,,Y,CL107,,,,,,,,,,,,USGS_MINFAC_2017,,Gold,,,,***CL107-108,572,,,,Doña Rosa concentration plant,,,,kg,,,,"1,600",1,Gold
,Metal,-71.9341,,,,,,Sociedad Contractual Minera El Toqui Ltda. ,e,-45.0341,,,,"3,000",,"Nyrstar NV, 100%",,,,,Sociedad Contractual Minera El Toqui Ltda. ,P,Active,"Nyrstar NV, 100%",Chile,Aysén,E,,-45.0341,2014,,,"El Toqui Mine and Doña Rosa concentration plant, Aysén (Region XI), 120 kilometers north of Coyhaique",Lead,-71.9341,,Lead (mine output),,639,Concentrator,,CL,,,107,,Aysén,,,Doña Rosa concentration plant,mt,Lead,,,,,Y,CL107,,,,,,,,,,,,USGS_MINFAC_2017,,Lead,,,,***CL107-108,573,,,,Doña Rosa concentration plant,,,,mt,,,,"3,000",1,Lead
,Metal,-71.9341,,,,,,Sociedad Contractual Minera El Toqui Ltda. ,e,-45.0341,,,,"11,000",,"Nyrstar NV, 100%",,,,,Sociedad Contractual Minera El Toqui Ltda. ,P,Active,"Nyrstar NV, 100%",Chile,Aysén,E,,-45.0341,2014,,,"El Toqui Mine and Doña Rosa concentration plant, Aysén (Region XI), 120 kilometers north of Coyhaique",Silver,-71.9341,,Silver,,640,Concentrator,,CL,,,107,,Aysén,,,Doña Rosa concentration plant,kg,Silver,,,,,Y,CL107,,,,,,,,,,,,USGS_MINFAC_2017,,Silver,,,,***CL107-107,574,,,,Doña Rosa concentration plant,,,,kg,,,,"11,000",1,Silver
,Metal,-71.9341,,,,,,Sociedad Contractual Minera El Toqui Ltda. ,e,-45.0341,,,,"35,000",,"Nyrstar NV, 100%",,,,,Sociedad Contractual Minera El Toqui Ltda. ,P,Active,"Nyrstar NV, 100%",Chile,Aysén,E,,-45.0341,2014,,,"El Toqui Mine and Doña Rosa concentration Aysén (Region XI), 120 kilometers north of Coyhaique",Zinc,-71.9341,,Concentrate,,636,Concentrator,,CL,,,107,,Aysén,,,Doña Rosa concentration plant,mt,Zinc,,,,,Y,CL107,,,,,,,,,,,,USGS_MINFAC_2017,,Zinc,,,,***CL105-106,575,,,,Doña Rosa concentration plant,,,,mt,,,,"35,000",1,Zinc
,Metal,-70.8859,,,,,,CEMIN,,-28.9869,,,,,,CEMIN,,,,,CEMIN,P,Active,CEMIN,Chile,Atacama,E,,-28.9869,2014,,,Dos Amigos Mine and SX-EW plant,Copper,-70.8859,,Copper,,2000,SX-EW Plant,,CL,,,321,,Atacama,,,Dos Amigos SX-EW plant,,Copper,,,,,Y,CL321,,,,,,,,,,,,USGS_MINFAC_2017,,Copper,,,,,577,,,,Dos Amigos SX-EW plant,,,,,,,,,1,Copper
,Industrial,-70.2595,,,,,,SQM Salar S.A. ,e,-23.6351,,,,"2,600",,"Sociedad Química y Minera de Chile S.A. (SQM), 100%",,,,,SQM Salar S.A. ,P,Active,"Sociedad Química y Minera de Chile S.A. (SQM), 100%",Chile,Antofagasta,E,,-23.6351,2014,,,"A dual-use plant and three KCl plants at Salar del Carmen, near the city of Antofagasta, Antofagasta (Region II)",Potash,-70.2595,,Potash (KCl and K2SO4) [K2O content],,513,Processing Plant,,CL,,,5,,Antofagasta,,,Dual-use plant at Salar del Carmen,tmt,Potash,,,,,,CL5,,,,,,,,,,,,USGS_MINFAC_2017,,Potash,,,,***CL5-6,578,,,,Dual-use plant at Salar del Carmen,,,,tmt,,,,"2,600",1,Potash
,Metal,-70.9839,,,,,,Compañía Minera del Pacífico S.A. (CMP),e,-28.8028,,,,"1,300",,"CAP S.A., 75%, and MC Inversiones Ltda., 25%",,,,,Compañía Minera del Pacífico S.A. (CMP),P,Active,"CAP S.A., 75%, and MC Inversiones Ltda., 25%",Chile,Atacama,E,,-28.8028,2014,,,"Cristales and El Algarrobo Mines, El Algarrobito and Huasco concentration plants, Huasco pellets plant, and Los Colorados Mine and concentration plant, Atacama (Region III); El Romeral and El Tofo Mines, and El Romeral concentration and pellet-feed plants, Coquimbo (Region IV); and El Laco concentration plant, Antofagasta (Region II)",Iron,-70.9839,,Iron ore (Fe content),,588,Concentrator,,CL,,,64,,Atacama,,,El Algarrobito concentration plant,tmt,Iron and steel,,,,,,CL64,,,,,,,,,,,,USGS_MINFAC_2017,,Iron and steel,,,,***CL63-74,580,,,,El Algarrobito concentration plant,,,,tmt,,,,"1,300",1,Iron
,Metal,-67.4856,,,,,,Compañía Minera del Pacífico S.A. (CMP),e,-23.8435,,,,"1,300",,"CAP S.A., 75%, and MC Inversiones Ltda., 25%",,,,,Compañía Minera del Pacífico S.A. (CMP),P,Active,"CAP S.A., 75%, and MC Inversiones Ltda., 25%",Chile,Antofagasta,E,,-23.8435,2014,,,"Cristales and El Algarrobo Mines, El Algarrobito and Huasco concentration plants, Huasco pellets plant, and Los Colorados Mine and concentration plant, Atacama (Region III); El Romeral and El Tofo Mines, and El Romeral concentration and pellet-feed plants, Coquimbo (Region IV); and El Laco concentration plant, Antofagasta (Region II)",Iron,-67.4856,,Iron ore (Fe content),,590,Concentrator,,CL,,,66,,Antofagasta,,,El Laco concentration plant,tmt,Iron and steel,,,,,,CL66,,,,,,,,,,,,USGS_MINFAC_2017,,Iron and steel,,,,***CL63-74,584,,,,El Laco concentration plant,,,,tmt,,,,"1,300",1,Iron
,Metal,-69.4969,,,,,,Minera Meridian Ltda. ,e,-24.4116,,,,"10,500",,"Yamana Gold Inc., 100%",,,,,Minera Meridian Ltda. ,P,Active,"Yamana Gold Inc., 100%",Chile,Antofagasta,E,,-24.4116,2014,,,"El Peñón Mine and concentration plant, Antofagasta (Region II)",Gold,-69.4969,,Gold,,605,Concentrator,,CL,,,81,,Antofagasta,,,El Peñón concentration plant,kg,Gold,,,,,,CL81,,,,,,,,,,,,USGS_MINFAC_2017,,Gold,,,,***CL81-82,585,,,,El Peñón concentration plant,,,,kg,,,,"10,500",1,Gold
,Metal,-69.4969,,,,,,Minera Meridian Ltds. ,e,-24.4116,,,,"300,000",,"Yamana Gold Inc., 100%",,,,,Minera Meridian Ltds. ,P,Active,"Yamana Gold Inc., 100%",Chile,Antofagasta,E,,-24.4116,2014,,,"El Peñón Mine and concentration plant, Antofagasta (Region II)",Silver,-69.4969,,Silver,,606,Concentrator,,CL,,,81,,Antofagasta,,,El Peñón concentration plant,kg,Silver,,,,,,CL81,,,,,,,,,,,,USGS_MINFAC_2017,,Silver,,,,***CL81-82,586,,,,El Peñón concentration plant,,,,kg,,,,"300,000",1,Silver
,Metal,-71.2317,,,,,,Compañía Minera del Pacífico S.A. (CMP),e,-29.7282,,,,"1,300",,"CAP S.A., 75%, and MC Inversiones Ltda., 25%",,,,,Compañía Minera del Pacífico S.A. (CMP),P,Active,"CAP S.A., 75%, and MC Inversiones Ltda., 25%",Chile,Coquimbo,E,,-29.7282,2014,,,"Cristales and El Algarrobo Mines, El Algarrobito and Huasco concentration plants, Huasco pellets plant, and Los Colorados Mine and concentration plant, Atacama (Region III); El Romeral and El Tofo Mines, and El Romeral concentration and pellet-feed plants, Coquimbo (Region IV); and El Laco concentration plant, Antofagasta (Region II)",Iron,-71.2317,,Iron ore (Fe content),,591,Concentrator,,CL,,,67,,Coquimbo,,,El Romeral concentration plant,tmt,Iron and steel,,,,,,CL67,,,,,,,,,,,,USGS_MINFAC_2017,,Iron and steel,,,,***CL63-74,590,,,,El Romeral concentration plant,,,,tmt,,,,"1,300",1,Iron
,Metal,-71.2325,,,,,,Compañía Minera del Pacífico S.A. (CMP),e,-29.7308,,,,"1,300",,"CAP S.A., 75%, and MC Inversiones Ltda., 25%",,,,,Compañía Minera del Pacífico S.A. (CMP),P,Active,"CAP S.A., 75%, and MC Inversiones Ltda., 25%",Chile,Coquimbo,E,,-29.7308,2014,,,"Cristales and El Algarrobo Mines, El Algarrobito and Huasco concentration plants, Huasco pellets plant, and Los Colorados Mine and concentration plant, Atacama (Region III); El Romeral and El Tofo Mines, and El Romeral concentration and pellet-feed plants, Coquimbo (Region IV); and El Laco concentration plant, Antofagasta (Region II)",Iron,-71.2325,,Iron ore (Fe content),,"593, 1653",Pellet Plant,,CL,,,69,,Coquimbo,,,El Romeral pellet-feed plant,tmt,Iron and steel,,,,,,CL69,,,,,,,,,,,,USGS_MINFAC_2017,,Iron and steel,,,,***CL63-74,592,,,,El Romeral pellet-feed plant,,,,tmt,,,,"1,300",1,Iron
,Industrial,-71.0125,,,,,,Minera San Pedro Ltda.,e,-33.0866,,,,30,,Minera San Pedro Ltda.,,,,,Minera San Pedro Ltda.,P,Active,Minera San Pedro Ltda.,Chile,Santiago,E,,-33.0866,2014,,,"Natacha Mine and El Rulo plant at Til-Til, Santiago Metropolitan Region",Silica,-71.0125,,Silica (quartz),,777,Processing Plant,,CL,,,211,,Santiago,,,El Rulo plant at Til-Til,tmt,Silica,,,,,,CL211,,,,,,,,,,,,USGS_MINFAC_2017,,Silica,,,,,594,,,,El Rulo plant at Til-Til,,,,tmt,,,,30,1,Silica
,Metal,-71.1448,,,,,,Anglo American Sur S.A. ,e,-32.6593,,,,50,,"Anglo American plc, 50.1%, Mitsubishi Corp., 20.4%, Corporación Nacional del Cobre, 20%, and Mitsui & Co., Ltd., 9.5% ",,,,,Anglo American Sur S.A. ,P,Active,"Anglo American plc, 50.1%, Mitsubishi Corp., 20.4%, Corporación Nacional del Cobre, 20%, and Mitsui & Co., Ltd., 9.5% ",Chile,Valparaíso,E,,-32.6593,2014,,,El Soldado Mine (cathode and concentrates) and SX-EW plant Valparaíso (Region V),Copper,-71.1448,,Copper,,619,SX-EW Plant,,CL,,,93,,Valparaíso,,,El Soldado SX-EW plant,tmt,Copper,,,,,,CL93,,,,,,,,,,,,USGS_MINFAC_2017,,Copper,,,,***CL92-93,598,,,,El Soldado SX-EW plant,,,,tmt,,,,50,1,Copper
,Metal,-70.4555,,,,,,Corporación Nacional del Cobre (CODELCO),e,-34.0886,,,,"6,500",,"Government, 100%",,,,,Corporación Nacional del Cobre (CODELCO),P,Active,"Government, 100%",Chile,Libertador General Bernardo O'Higgins,E,,-34.0886,2014,,,"El Teniente Mine and plant, Libertador General Bernardo O'Higgins (Region VI)",Molybdenum,-70.4555,,Molybdenum (mine output),,623,Processing Plant,,CL,,,97,,Libertador General Bernardo O'Higgins,,,El Teniente plant,mt,Molybdenum,,,,,,CL97,,,,,,,,,,,,USGS_MINFAC_2017,,Molybdenum,,,,***CL96-97,603,,,,El Teniente plant,,,,mt,,,,"6,500",1,Molybdenum
,Metal,-69.0976,,,,,,Minera El Tesoro S.A. ,e,-22.9277,,,,110,,"Antofagasta plc, 70%, and Marubeni Corp., 30%",,,,,Minera El Tesoro S.A. ,P,Active,"Antofagasta plc, 70%, and Marubeni Corp., 30%",Chile,Antofagasta,E,,-22.9277,2014,,,"El Tesoro open pit mine and SX-EW plant, Antofagasta (Region II)",Copper,-69.0976,,Copper,,"625, 1623",SX-EW Plant,,CL,,,99,,Antofagasta,,,El Tesoro SX-EW plant,tmt,Copper,,,,,,CL99,,,,,,,,,,,,USGS_MINFAC_2017,,Copper,,,,***CL98-99,605,,,,El Tesoro SX-EW plant,,,,tmt,,,,110,1,Copper
,Metal,-69.0581,,,,,,Minera Escondida Ltda.,e,-24.2628,,,,"1,300",,"Minera Escondida Ltda., 100%",,,,,Minera Escondida Ltda.,P,Active,"Minera Escondida Ltda., 100%",Chile,Antofagasta,E,,-24.2628,2014,,,"Escondida Mine and concentrators, Antofagasta (Region II)",Copper,-69.0581,,Copper,,"650, 1640",Concentrator,,CL,,,112,,Antofagasta,,,Escondida concentrator,tmt,Copper,,,,,Y,CL112,,,,,,,,,,,,USGS_MINFAC_2017,,Copper,,,,***CL112-115,616,,,,Escondida concentrator,,,,tmt,,,,"1,300",1,Copper
,Metal,-69.0581,,,,,,Minera Escondida Ltda.,e,-24.2628,,,,"4,500",,"Minera Escondida Ltda., 100%",,,,,Minera Escondida Ltda.,P,Active,"Minera Escondida Ltda., 100%",Chile,Antofagasta,E,,-24.2628,2014,,,"Escondida Mine and concentrators, Antofagasta (Region II)",Gold,-69.0581,,Gold,,2001,Concentrator,,CL,,,112,,Antofagasta,,,Escondida concentrator,kg,Gold,,,,,Y,CL112,,,,,,,,,,,,USGS_MINFAC_2017,,Gold,,,,***CL112-113,617,,,,Escondida concentrator,,,,kg,,,,"4,500",1,Gold
,Metal,-69.0581,,,,,,Minera Escondida Ltda.,e,-24.2628,,,,"180,000",,"Minera Escondida Ltda., 100%",,,,,Minera Escondida Ltda.,P,Active,"Minera Escondida Ltda., 100%",Chile,Antofagasta,E,,-24.2628,2014,,,"Escondida Mine and concentrators, Antofagasta (Region II)",Silver,-69.0581,,Silver,,2001,Concentrator,,CL,,,112,,Antofagasta,,,Escondida concentrator,kg,Silver,,,,,Y,CL112,,,,,,,,,,,,USGS_MINFAC_2017,,Silver,,,,***CL112-113,618,,,,Escondida concentrator,,,,kg,,,,"180,000",1,Silver
,Metal,-69.1008,,,,,,Minera Escondida Ltda. ,e,-24.2536,,,,"1,300",,"BHP Billiton plc, 57.5%; Rio Tinto plc, 30%; Japan Escondida Corp., 10%; International Finance Corp., 2.5%",,,,,Minera Escondida Ltda. ,P,Active,"BHP Billiton plc, 57.5%; Rio Tinto plc, 30%; Japan Escondida Corp., 10%; International Finance Corp., 2.5%",Chile,Antofagasta,E,,-24.2536,2014,,,"Escondida Mine and concentrators, Antofagasta (Region II)",Copper,-69.1008,,Copper,,2001,SX-EW Plant,,CL,,,114,,Antofagasta,,,Escondida oxide plant for cathode production (SX-EW),tmt,Copper,,,,,,CL114,,,,,,,,,,,,USGS_MINFAC_2017,,Copper,,,,***CL112-115,622,,,,Escondida oxide plant for cathode production (SX-EW),,,,tmt,,,,"1,300",1,Copper
,Metal,-68.9925,,,,,,Minera Escondida Ltda. ,e,-24.2601,,,,"1,300",,"BHP Billiton plc, 57.5%; Rio Tinto plc, 30%; Japan Escondida Corp., 10%; International Finance Corp., 2.5%",,,,,Minera Escondida Ltda. ,P,Active,"BHP Billiton plc, 57.5%; Rio Tinto plc, 30%; Japan Escondida Corp., 10%; International Finance Corp., 2.5%",Chile,Antofagasta,E,,-24.2601,2014,,,"Escondida Mine and concentrators, Antofagasta (Region II)",Copper,-68.9925,,Copper,,2001,Processing Plant,,CL,,,115,,Antofagasta,,,Escondida sulfide-leach plant for cathode production,tmt,Copper,,,,,,CL115,,,,,,,,,,,,USGS_MINFAC_2017,,Copper,,,,***CL112-115,623,,,,Escondida sulfide-leach plant for cathode production,,,,tmt,,,,"1,300",1,Copper
,Metal,-69.1036,,,,,,Minera Esperanza S.A. ,e,-22.9998,,,,"8,000",,"Antofagasta plc, 70%, and Marubeni Corp., 30%",,,,,Minera Esperanza S.A. ,P,Active,"Antofagasta plc, 70%, and Marubeni Corp., 30%",Chile,Antofagasta,E,,-22.9998,2014,,,"Esperanza sulfides mine and milling/flotation plant, Antofagasta (Region II)",Gold,-69.1036,,Gold,,"655, 1624",Concentrator,,CL,,,116,,Antofagasta,,,Esperanza milling/flotation plant,kg,Gold,,,,,,CL116,,,,,,,,,,,,USGS_MINFAC_2017,,Gold,,,,***CL116-117,624,,,,Esperanza milling/flotation plant,,,,kg,,,,"8,000",1,Gold
,Metal,-70.685,,,,,,Minera Valle Central S.A. ,e,-34.2383,,,,30,,"Amerigo Resources Ltd., 100%",,,,,Minera Valle Central S.A. ,P,Active,"Amerigo Resources Ltd., 100%",Chile,Libertador General Bernardo O'Higgins,E,,-34.2383,2014,,,"Facilities near Rancagua, Libertador General Bernardo O'Higgins (Region VI), to process tailings of the Collahuasi and El Teniente Mines",Copper,-70.685,,Copper,,"658, 1738",Processing Plant,,CL,,,119,,Libertador General Bernardo O'Higgins,,,Facilities near Rancagua,tmt,Copper,,,,,,CL119,,,,,,,,,,,,USGS_MINFAC_2017,,Copper,,,,,628,,,,Facilities near Rancagua,,,,tmt,,,,30,1,Copper
,Metal,-69.8639,,,,,,Sociedad Contractual Minera Franke ,,-25.8334,,,,,,"KGHM International Ltd., 100%",,,,,Sociedad Contractual Minera Franke ,P,Active,"KGHM International Ltd., 100%",Chile,Antofagasta,E,,-25.8334,2015,,,64 km north of Diego de Almagro,Copper,-69.8639,,Cathode,,2000,SX-EW Plant,,CL,,,324,,Antofagasta,,,Franke SX-EW Plant,,Copper,,,,,,CL324,,,,,,,,,,,,USGS_MINFAC_2017,,Copper,,,,,630,,,,Franke SX-EW Plant,,,,,,,,,1,Copper
,Metal,-68.7838,,,,,,Minera Gaby S.A. ,e,-23.4173,,,,170,,"Corporación Nacional del Cobre (CODELCO) (Government, 100%), 100%",,,,,Minera Gaby S.A. ,P,Active,"Corporación Nacional del Cobre (CODELCO) (Government, 100%), 100%",Chile,Antofagasta,E,,-23.4173,2014,,,"Gabriela Mistral Mine and SX-EW plant, Sierra Gorda, Antofagasta (Region II)",Copper,-68.7838,,Copper,,660,SX-EW Plant,,CL,,,121,,Antofagasta,,,Gabriela Mistral SX-EW plant,tmt,Copper,,,,,,CL121,,,,,,,,,,,,USGS_MINFAC_2017,,Copper,,,,***CL120-121,632,,,,Gabriela Mistral SX-EW plant,,,,tmt,,,,170,1,Copper
,Industrial,-73.2477,,,,,,Vidrios Lirquén S.A.,e,-37.4167,,,,80,,Vidrios Lirquén S.A.,,,,,Vidrios Lirquén S.A.,P,Active,Vidrios Lirquén S.A.,Chile,Biobío,E,,-37.4167,2014,,,"Mine and glass plant at Lirquen, Biobío (Region VIII)",Silica,-73.2477,,Silica (quartz),,719,Processing Plant,,CL,,,164,,Biobío,,,Glass plant at Lirquen,tmt,Silica,,,,,,CL164,,,,,,,,,,,,USGS_MINFAC_2017,,Silica,,,,***CL164-165,633,,,,Glass plant at Lirquen,,,,tmt,,,,80,1,Silica
,Fuel,-70.2015,,,,,,Empresa Nacional del Petróleo (ENAP),e,-52.6225,,,,"90,000",,"Government, 100%",,,,,Empresa Nacional del Petróleo (ENAP),OR,Active,"Government, 100%",Chile,Magallanes y de la Antártica Chilena,E,,-52.6225,2015,,,"Aconcagua, Bio Bio, and Gregorio refineries",Petroleum,-70.2015,,Refinery products,,523,Refinery,,CL,,,12,,Magallanes y de la Antártica Chilena,,,Gregorio refineries,t42-gb,Petroleum,,,,,,CL12,,,,,,,,,,,,USGS_MINFAC_2017,,Petroleum,,,,***CL10-12,634,,,,Gregorio refineries,,,,t42-gb,,,,"90,000",1,Petroleum
,Industrial,-73.1301,,,,,,Melón S.A. ,e,-41.5338,,,,"1,800",,"Inversiones Brescia S.A., 99.24%, and other private, 0.76%",,,,,Melón S.A. ,P,Active,"Inversiones Brescia S.A., 99.24%, and other private, 0.76%",Chile,Los Lagos,E,,-41.5338,2014,,,"La Calera plant, Valparaíso (Region V), and grinding plant at Puerto Montt, Los Lagos (Region X)",Cement,-73.1301,,Cement,,"665, 1727",Grinding Plant,,CL,,,126,,Los Lagos,,,Grinding plant at Puerto Montt,tmt,Cement,,,,,,CL126,,,,,,,,,,,,USGS_MINFAC_2017,,Cement,,,,***CL126-127,635,,,,Grinding plant at Puerto Montt,,,,tmt,,,,"1,800",1,Cement
,Industrial,-71.5881,,,,,,Cementos Bío Bío S.A. ,e,-33.5972,,,,300,,"Private, 100%",,,,,Cementos Bío Bío S.A. ,P,Active,"Private, 100%",Chile,Valparaíso,E,,-33.5972,2014,,,"Grinding plant at San Antonio, Valparaíso (Region V)",Cement,-71.5881,,Cement,,661,Grinding Plant,,CL,,,122,,Valparaíso,,,Grinding plant at San Antonio,tmt,Cement,,,,,,CL122,,,,,,,,,,,,USGS_MINFAC_2017,,Cement,,,,,636,,,,Grinding plant at San Antonio,,,,tmt,,,,300,1,Cement
,Industrial,-70.2577,,,,,,Empresa Nacional de Minería (ENAMI),e,-27.4198,,,,290,,"Government, 100%",,,,,Empresa Nacional de Minería (ENAMI),P,Active,"Government, 100%",Chile,Atacama,E,,-27.4198,2014,,,"Hernán Videla Lira smelter, Paipote, Atacama (Region III)",Sulfuric Acid,-70.2577,,Sulfuric acid,,"663, 1871",Smelter,,CL,,,124,,Atacama,,,Hernán Videla Lira smelter,tmt,Sulfuric acid,,,,,,CL124,,,,,,,,,,,,USGS_MINFAC_2017,,Sulfuric acid,,,,,637,,,,Hernán Videla Lira smelter,,,,tmt,,,,290,1,Sulfuric Acid
,Metal,-70.2577,,,,,,Empresa Nacional de Minería (ENAMI),e,-27.4198,,,,340,,"Government, 100%",,,,,Empresa Nacional de Minería (ENAMI),P,Active,"Government, 100%",Chile,Atacama,E,,-27.4198,2014,,,"Hernán Videla Lira smelter (anodes and blister), Paipote, Atacama(Region III)",Copper,-70.2577,,Copper,,"662, 1870",Smelter,,CL,,,123,,Atacama,,,Hernán Videla Lira smelter (anodes and blister),tmt,Copper,,,,,,CL123,,,,,,,,,,,,USGS_MINFAC_2017,,Copper,,,,,638,,,,Hernán Videla Lira smelter (anodes and blister),,,,tmt,,,,340,1,Copper
,Metal,-70.8125,,,,,,Compañía Minera del Pacífico S.A. (CMP),e,-28.2907,,,,"1,300",,"CAP S.A., 75%, and MC Inversiones Ltda., 25%",,,,,Compañía Minera del Pacífico S.A. (CMP),P,Active,"CAP S.A., 75%, and MC Inversiones Ltda., 25%",Chile,Atacama,E,,-28.2907,2014,,,"Cristales and El Algarrobo Mines, El Algarrobito and Huasco concentration plants, Huasco pellets plant, and Los Colorados Mine and concentration plant, Atacama (Region III); El Romeral and El Tofo Mines, and El Romeral concentration and pellet-feed plants, Coquimbo (Region IV); and El Laco concentration plant, Antofagasta (Region II)",Iron,-70.8125,,Iron ore (Fe content),,595,Concentrator,,CL,,,71,,Atacama,,,Huasco concentration plant,tmt,Iron and steel,,,,,,CL71,,,,,,,,,,,,USGS_MINFAC_2017,,Iron and steel,,,,***CL63-74,640,,,,Huasco concentration plant,,,,tmt,,,,"1,300",1,Iron
,Metal,-71.2485,,,,,,Compañía Minera del Pacífico S.A. (CMP),e,-28.4808,,,,"1,300",,"CAP S.A., 75%, and MC Inversiones Ltda., 25%",,,,,Compañía Minera del Pacífico S.A. (CMP),P,Active,"CAP S.A., 75%, and MC Inversiones Ltda., 25%",Chile,Atacama,E,,-28.4808,2014,,,"Cristales and El Algarrobo Mines, El Algarrobito and Huasco concentration plants, Huasco pellets plant, and Los Colorados Mine and concentration plant, Atacama (Region III); El Romeral and El Tofo Mines, and El Romeral concentration and pellet-feed plants, Coquimbo (Region IV); and El Laco concentration plant, Antofagasta (Region II)",Iron,-71.2485,,Iron ore (Fe content),,596,Pellet Plant,,CL,,,72,,Atacama,,,Huasco pellet plant,tmt,Iron and steel,,,,,,CL72,,,,,,,,,,,,USGS_MINFAC_2017,,Iron and steel,,,,***CL63-74,641,,,,Huasco pellet plant,,,,tmt,,,,"1,300",1,Iron
,Industrial,-69.6625,,,,,,SQM Químicos S.A. ,e,-20.9622,,,,"13,300",,"Sociedad Química y Minera de Chile S.A. (SQM), 100%",,,,,SQM Químicos S.A. ,P,Active,"Sociedad Química y Minera de Chile S.A. (SQM), 100%",Chile,Tarapacá,E,,-20.9622,2014,,,"Nueva Victoria Mine and plant and Iris plant, Tarapacá (Region I); El Toco Mine and María Elena plant; and Pampa Blanca and Pedro de Valdivia Mines and plants, Antofagasta (Region II)",Iodine,-69.6625,,Iodine,,782,Processing Plant,,CL,,,215,,Tarapacá,,,Iris Plant,mt,Iodine,,,,,,CL215,,,,,,,,,,,,USGS_MINFAC_2017,,Iodine,,,,***CL214-220,643,,,,Iris Plant,,,,mt,,,,"13,300",1,Iodine
,Metal,-70.4742,,,,,,Empresa Nacional de Minería (ENAMI),e,-25.3963,,,,180,,"Government, 100%",,,,,Empresa Nacional de Minería (ENAMI),P,Active,"Government, 100%",Chile,Antofagasta,E,,-25.3963,2014,,,"Concentration plants: Manuel Antonio Matta, Paipote; Osvaldo Martínez, El Salado; and Vallenar, Atacama (Region III); and José Antonio Moreno, Taltal, Antofagasta (Region II)",Copper,-70.4742,,Copper,,"583, 1860",Processing Plant,,CL,,,59,,Antofagasta,,,José Antonio Moreno,tmt,Copper,,,,,,CL59,,,,,,,,,,,,USGS_MINFAC_2017,,Copper,,,,***CL59-62,645,,,,José Antonio Moreno,,,,tmt,,,,180,1,Copper
,Metal,-70.4742,,,,,,Empresa Nacional de Minería (ENAMI),e,-25.3963,,,,400,,"Government, 100%",,,,,Empresa Nacional de Minería (ENAMI),P,Active,"Government, 100%",Chile,Antofagasta,E,,-25.3963,2014,,,"Manuel Antonio Matta plant, Paipote; Osvaldo Martínez plant, El Salado; and Vallenar plant, Atacama (Region III); and José Antonio Moreno plant, Taltal, Antofagasta (Region II)",Gold,-70.4742,,Gold,,"707, 1861",Processing Plant,,CL,,,152,,Antofagasta,,,José Antonio Moreno plant,kg,Gold,,,,,Y,CL152,,,,,,,,,,,,USGS_MINFAC_2017,,Gold,,,,***CL152-155,646,,,,José Antonio Moreno plant,,,,kg,,,,400,1,Gold
,Metal,-70.4742,,,,,,Empresa Nacional de Minería (ENAMI),e,-25.3963,,,,"6,000",,"Government, 100%",,,,,Empresa Nacional de Minería (ENAMI),P,Active,"Government, 100%",Chile,Antofagasta,E,,-25.3963,2014,,,"Manuel Antonio Matta plant, Paipote; Osvaldo Martínez plant, El Salado; Vallenar plant, Atacama (Region III); and José Antonio Moreno plant, Taltal, Antofagasta (Region II)",Silver,-70.4742,,Silver,,"711, 1862",Processing Plant,,CL,,,152,,Antofagasta,,,José Antonio Moreno plant,kg,Silver,,,,,Y,CL152,,,,,,,,,,,,USGS_MINFAC_2017,,Silver,,,,***CL156-159,647,,,,José Antonio Moreno plant,,,,kg,,,,"6,000",1,Silver
,Industrial,-71.1973,,,,,,Melón S.A. ,e,-32.7901,,,,"1,800",,"Inversiones Brescia S.A., 99.24%, and other private, 0.76%",,,,,Melón S.A. ,P,Active,"Inversiones Brescia S.A., 99.24%, and other private, 0.76%",Chile,Valparaíso,E,,-32.7901,2014,,,"La Calera plant, Valparaíso (Region V), and grinding plant at Puerto Montt, Los Lagos (Region X)",Cement,-71.1973,,Cement,,666,Processing Plant,,CL,,,127,,Valparaíso,,,La Calera plant,tmt,Cement,,,,,,CL127,,,,,,,,,,,,USGS_MINFAC_2017,,Cement,,,,***CL126-127,648,,,,La Calera plant,,,,tmt,,,,"1,800",1,Cement
,Metal,-69.3329,,,,,,Haldeman Mining Company S.A. ,,-20.1873,,,,,,"Haldeman Mining Company S.A., 100%",,,,,Haldeman Mining Company S.A. ,P,Active,"Haldeman Mining Company S.A., 100%",Chile,Tarapacá,E,,-20.1873,2014,,,"Quebrada Sagasca open pit mine and La Cascada SX-EW plant, 110 km east of Iquiuqe, Tarapacá (Region I)",Copper,-69.3329,,Copper,,"875, 1699",SX-EW Plant,,CL,,,296,,Tarapacá,,,La Cascada SX-EW plant,,Copper,,,,,,CL296,,,,,,,,,,,,USGS_MINFAC_2017,,Copper,,,,,649,,,,La Cascada SX-EW plant,,,,,,,,,1,Copper
,Metal,-71.4812,,,,,,Corporación Nacional del Cobre (CODELCO),e,-32.7618,,,,402,,"Government, 100%",,,,,Corporación Nacional del Cobre (CODELCO),P,Active,"Government, 100%",Chile,Valparaíso,E,,-32.7618,2014,,,"Las Ventanas refinery and smelter, Valparaíso (Region V)",Copper,-71.4812,,Copper,,890,Smelter,,CL,,,313,,Valparaíso,,,Las Ventanas refinery and smelter,tmt,Copper,,,,,Y,CL313,,,,,,,,,,,,USGS_MINFAC_2017,,Copper,,,,,660,,,,Las Ventanas refinery and smelter,,,,tmt,,,,402,1,Copper
,Metal,-69.5017,,,,,,Compañía Minera Xstrata Lomas Bayas ,e,-23.4318,,,,75,,"Glencore plc, 100%",,,,,Compañía Minera Xstrata Lomas Bayas ,P,Active,"Glencore plc, 100%",Chile,Antofagasta,E,,-23.4318,2014,,,"Lomas Bayas Mine and SX-EW plant, Antofagasta (Region II)",Copper,-69.5017,,Copper,,686,SX-EW Plant,,CL,,,138,,Antofagasta,,,Lomas Bayas SX-EW plant,tmt,Copper,,,,,,CL138,,,,,,,,,,,,USGS_MINFAC_2017,,Copper,,,,***CL137-138,662,,,,Lomas Bayas SX-EW plant,,,,tmt,,,,75,1,Copper
,Metal,-70.7086,,,,,,Anglo American Sur S.A. ,e,-33.1409,,,,490,,"Anglo American plc, 50.1%, Mitsubishi Corp., 20.4%, Corporación Nacional del Cobre, 20%, and Mitsui & Co., Ltd., 9.5% ",,,,,Anglo American Sur S.A. ,P,Active,"Anglo American plc, 50.1%, Mitsubishi Corp., 20.4%, Corporación Nacional del Cobre, 20%, and Mitsui & Co., Ltd., 9.5% ",Chile,Santiago,E,,-33.1409,2014,,,"Los Bronces Mine (concentrates) and Los Bronces (Tortolas) SX-EW plant (cathodes), Santiago Metropolitan Region",Copper,-70.7086,,Copper,,"688, 1617",SX-EW Plant,,CL,,,140,,Santiago,,,Los Bronces (Tortolas) SX-EW plant (cathodes),tmt,Copper,,,,,,CL140,,,,,,,,,,,,USGS_MINFAC_2017,,Copper,,,,***CL139-140,663,,,,Los Bronces (Tortolas) SX-EW plant (cathodes),,,,tmt,,,,490,1,Copper
,Metal,-70.2863,,,,,,Anglo American Sur S.A. ,,-33.1462,,,,"35,000",,"Anglo American plc, 50.1%, Mitsubishi Corp., 20.4%, Corporación Nacional del Cobre, 20%, and Mitsui & Co., Ltd., 9.5% ",,,,,Anglo American Sur S.A. ,P,Active,"Anglo American plc, 50.1%, Mitsubishi Corp., 20.4%, Corporación Nacional del Cobre, 20%, and Mitsui & Co., Ltd., 9.5% ",Chile,Santiago,E,,-33.1462,2014,,,"Los Bronces Mine and plants, Santiago Metropolitan Region",Silver,-70.2863,,Silver,,"690, 1619",Processing Plant,,CL,,,142,,Santiago,,,Los Bronces Plants,kg,Silver,,,,,,CL142,,,,,,,,,,,,USGS_MINFAC_2017,,Silver,,,,***CL141-142,667,,,,Los Bronces Plants,,,,kg,,,,"35,000",1,Silver
,Metal,-70.8129,,,,,,Compañía Minera del Pacífico S.A. (CMP),e,-28.291,,,,"1,300",,"CAP S.A., 75%, and MC Inversiones Ltda., 25%",,,,,Compañía Minera del Pacífico S.A. (CMP),P,Active,"CAP S.A., 75%, and MC Inversiones Ltda., 25%",Chile,Atacama,E,,-28.291,2014,,,"Cristales and El Algarrobo Mines, El Algarrobito and Huasco concentration plants, Huasco pellets plant, and Los Colorados Mine and concentration plant, Atacama (Region III); El Romeral and El Tofo Mines, and El Romeral concentration and pellet-feed plants, Coquimbo (Region IV); and El Laco concentration plant, Antofagasta (Region II)",Iron,-70.8129,,Iron ore (Fe content),,597,Concentrator,,CL,,,73,,Atacama,,,Los Colorados concentration plant,tmt,Iron and steel,,,,,,CL73,,,,,,,,,,,,USGS_MINFAC_2017,,Iron and steel,,,,***CL63-74,668,,,,Los Colorados concentration plant,,,,tmt,,,,"1,300",1,Iron
,Metal,-70.5823,,,,,,Antofagasta plc,e,-31.8134,,,,"1,700",,"Antofagasta plc, 60%; JX Nippon Mining Metals Corp, 15%; Mitsubishi Materials Corp., 10%; Marubeni Corp., 8.75%; Mitsubishi Corp., 5%; Mitsui & Co. Ltd., 1.25%",,,,,Antofagasta plc,P,Active,"Antofagasta plc, 60%; JX Nippon Mining Metals Corp, 15%; Mitsubishi Materials Corp., 10%; Marubeni Corp., 8.75%; Mitsubishi Corp., 5%; Mitsui & Co. Ltd., 1.25%",Chile,Coquimbo,E,,-31.8134,2014,,,"Los Pelambres Mine and plant, Coquimbo (Region IV)",Gold,-70.5823,,Gold,,696,Processing Plant,,CL,,,146,,Coquimbo,,,Los Pelambres plant,kg,Gold,,,,,Y,CL146,,,,,,,,,,,,USGS_MINFAC_2017,,Gold,,,,***CL145-146,674,,,,Los Pelambres plant,,,,kg,,,,"1,700",1,Gold
,Metal,-70.5823,,,,,,Antofagasta plc,e,-31.8134,,,,"12,500",,"Antofagasta plc, 60%; JX Nippon Mining Metals Corp, 15%; Mitsubishi Materials Corp., 10%; Marubeni Corp., 8.75%; Mitsubishi Corp., 5%; Mitsui & Co. Ltd., 1.25%",,,,,Antofagasta plc,P,Active,"Antofagasta plc, 60%; JX Nippon Mining Metals Corp, 15%; Mitsubishi Materials Corp., 10%; Marubeni Corp., 8.75%; Mitsubishi Corp., 5%; Mitsui & Co. Ltd., 1.25%",Chile,Coquimbo,E,,-31.8134,2014,,,"Los Pelambres Mine and plant, Coquimbo (Region IV)",Molybdenum,-70.5823,,Molybdenum (mine output),,697,Processing Plant,,CL,,,146,,Coquimbo,,,Los Pelambres plant,mt,Molybdenum,,,,,Y,CL146,,,,,,,,,,,,USGS_MINFAC_2017,,Molybdenum,,,,***CL145-146,675,,,,Los Pelambres plant,,,,mt,,,,"12,500",1,Molybdenum
,Metal,-70.5823,,,,,,Antofagasta plc,,-31.8134,,,,"42,000",,"Antofagasta plc, 60%; JX Nippon Mining Metals Corp, 15%; Mitsubishi Materials Corp., 10%; Marubeni Corp., 8.75%; Mitsubishi Corp., 5%; Mitsui & Co. Ltd., 1.25%",,,,,Antofagasta plc,P,Active,"Antofagasta plc, 60%; JX Nippon Mining Metals Corp, 15%; Mitsubishi Materials Corp., 10%; Marubeni Corp., 8.75%; Mitsubishi Corp., 5%; Mitsui & Co. Ltd., 1.25%",Chile,Coquimbo,E,,-31.8134,2014,,,"Los Pelambres Mine and plant, Coquimbo (Region IV)",Silver,-70.5823,,Silver,,698,Processing Plant,,CL,,,146,,Coquimbo,,,Los Pelambres plant,kg,Silver,,,,,Y,CL146,,,,,,,,,,,,USGS_MINFAC_2017,,Silver,,,,***CL145-146,676,,,,Los Pelambres plant,,,,kg,,,,"42,000",1,Silver
,Metal,-70.3192,,,,,,Compañía Minera del Pacífico S.A. (CMP),e,-27.5218,,,,"2,000",,"CAP S.A., 75%, and MC Inversiones Ltda., 25%",,,,,Compañía Minera del Pacífico S.A. (CMP),P,Active,"CAP S.A., 75%, and MC Inversiones Ltda., 25%",Chile,Atacama,E,,-27.5218,2014,,,"Magnetite plant to process tailings from the Candelaria Mine and other iron-bearing raw materials from third parties, near Copiapo, Atacama (Region III)",Iron,-70.3192,,Iron ore (Fe content),,701,Processing Plant,,CL,,,146,,Atacama,,,Magnetite plant to process tailings from the Candelaria Mine and other iron-bearing raw materials from third parties,tmt,Iron and steel,,,,,,CL146,,,,,,,,,,,,USGS_MINFAC_2017,,Iron and steel,,,,,677,,,,Magnetite plant to process tailings from the Candelaria Mine and other iron-bearing raw materials from third parties,,,,tmt,,,,"2,000",1,Iron
,Metal,-70.0734,,,,,,Empresa Minera de Mantos Blancos S.A. ,e,-23.4397,,,,100,,"Anglo American plc, 99.9%, and other private, 0.1%",,,,,Empresa Minera de Mantos Blancos S.A. ,P,Active,"Anglo American plc, 99.9%, and other private, 0.1%",Chile,Antofagasta,E,,-23.4397,2014,,,"Mantos Blancos open pit mine and SX-EW plant, Antofagasta (Region II)",Copper,-70.0734,,Copper,,703,SX-EW Plant,,CL,,,148,,Antofagasta,,,Mantos Blancos SX-EW plant,tmt,Copper,,,,,,CL148,,,,,,,,,,,,USGS_MINFAC_2017,,Copper,,,,***CL147-148,681,,,,Mantos Blancos SX-EW plant,,,,tmt,,,,100,1,Copper
,Metal,-70.1782,,,,,,Compania Mantos de la Luna,,-22.3851,,,,,,"Izquierdo Menendez Group, 100%",,,,,Compania Mantos de la Luna,P,Active,"Izquierdo Menendez Group, 100%",Chile,Antofagasta,E,,-22.3851,2014,,,Mantos de la Luna Mine and SX-EW plant,Copper,-70.1782,,Copper,,2000,SX-EW Plant,,CL,,,322,,Antofagasta,,,Mantos de la Luna SX-EW plant,,Copper,,,,,Y,CL322,,,,,,,,,,,,USGS_MINFAC_2017,,Copper,,,,,683,,,,Mantos de la Luna SX-EW plant,,,,,,,,,1,Copper
,Metal,-70.3253,,,,,,Empresa Minera de Mantos Blancos S.A. ,e,-26.5615,,,,65,,"Anglo American plc, 99.9%, and other private, 0.1%",,,,,Empresa Minera de Mantos Blancos S.A. ,P,Active,"Anglo American plc, 99.9%, and other private, 0.1%",Chile,Atacama,E,,-26.5615,2014,,,"Mantoverde open pit mine and SX-EW plant, Atacama (Region III)",Copper,-70.3253,,Copper,,706,SX-EW Plant,,CL,,,151,,Atacama,,,Mantoverde SX-EW plant,tmt,Copper,,,,,,CL151,,,,,,,,,,,,USGS_MINFAC_2017,,Copper,,,,***CL150-151,686,,,,Mantoverde SX-EW plant,,,,tmt,,,,65,1,Copper
,Metal,-70.2517,,,,,,Empresa Nacional de Minería (ENAMI),e,-27.4131,,,,180,,"Government, 100%",,,,,Empresa Nacional de Minería (ENAMI),P,Active,"Government, 100%",Chile,Atacama,E,,-27.4131,2014,,,"Concentration plants: Manuel Antonio Matta, Paipote; Osvaldo Martínez, El Salado; and Vallenar, Atacama (Region III); and José Antonio Moreno, Taltal, Antofagasta (Region II)",Copper,-70.2517,,Copper,,"584, 1869",Processing Plant,,CL,,,60,,Atacama,,,Manuel Antonio Matta,tmt,Copper,,,,,,CL60,,,,,,,,,,,,USGS_MINFAC_2017,,Copper,,,,***CL59-62,687,,,,Manuel Antonio Matta,,,,tmt,,,,180,1,Copper
,Metal,-70.2517,,,,,,Empresa Nacional de Minería (ENAMI),e,-27.4131,,,,400,,"Government, 100%",,,,,Empresa Nacional de Minería (ENAMI),P,Active,"Government, 100%",Chile,Atacama,E,,-27.4131,2014,,,"Manuel Antonio Matta plant, Paipote; Osvaldo Martínez plant, El Salado; and Vallenar plant, Atacama (Region III); and José Antonio Moreno plant, Taltal, Antofagasta (Region II)",Gold,-70.2517,,Gold,,"708, 1872",Processing Plant,,CL,,,153,,Atacama,,,Manuel Antonio Matta plant,kg,Gold,,,,,Y,CL153,,,,,,,,,,,,USGS_MINFAC_2017,,Gold,,,,***CL152-155,688,,,,Manuel Antonio Matta plant,,,,kg,,,,400,1,Gold
,Metal,-70.2517,,,,,,Empresa Nacional de Minería (ENAMI),e,-27.4131,,,,"6,000",,"Government, 100%",,,,,Empresa Nacional de Minería (ENAMI),P,Active,"Government, 100%",Chile,Atacama,E,,-27.4131,2014,,,"Manuel Antonio Matta plant, Paipote; Osvaldo Martínez plant, El Salado; Vallenar plant, Atacama (Region III); and José Antonio Moreno plant, Taltal, Antofagasta (Region II)",Silver,-70.2517,,Silver,,"712, 1873",Processing Plant,,CL,,,153,,Atacama,,,Manuel Antonio Matta plant,kg,Silver,,,,,Y,CL153,,,,,,,,,,,,USGS_MINFAC_2017,,Silver,,,,***CL156-159,689,,,,Manuel Antonio Matta plant,,,,kg,,,,"6,000",1,Silver
,Industrial,-69.6595,,,,,,SQM Nitratos S.A. ,e,-22.3367,,,,950,,"Sociedad Química y Minera de Chile S.A. (SQM), 100%",,,,,SQM Nitratos S.A. ,P,Active,"Sociedad Química y Minera de Chile S.A. (SQM), 100%",Chile,Antofagasta,E,,-22.3367,2013,,,"El Toco Mine and Maria Elena plant; Pampa Blanca and Pedro de Valdivia Mines and plants; and Coya Sur plant, Antofagasta (Region II)",Nitrate,-69.6595,,Potassium nitrate,,630,Processing Plant,,CL,,Y,102,,Antofagasta,,,Maria Elena plant,tmt,Nitrates,,,,,,CL102,,,,,,,,,,,,USGS_MINFAC_2017,,Nitrates,,,,***CL100-104,691,,,,Maria Elena plant,,,,tmt,,,,950,1,Nitrate
,Industrial,-69.6595,,,,,,SQM Nitratos S.A. ,e,-22.3367,,,,770,,"Sociedad Química y Minera de Chile S.A. (SQM), 100%",,,,,SQM Nitratos S.A. ,P,Active,"Sociedad Química y Minera de Chile S.A. (SQM), 100%",Chile,Antofagasta,E,,-22.3367,2013,,,"El Toco Mine and Maria Elena plant; Pampa Blanca and Pedro de Valdivia Mines and plants; and Coya Sur plant, Antofagasta (Region II)",Nitrate,-69.6595,,Sodium nitrate,,631,Processing Plant,,CL,,Y,102,,Antofagasta,,,Maria Elena plant,tmt,Nitrates,,,,,,CL102,,,,,,,,,,,,USGS_MINFAC_2017,,Nitrates,,,,***CL100-104,692,,,,Maria Elena plant,,,,tmt,,,,770,1,Nitrate
,Industrial,-69.6595,,,,,,SQM Químicos S.A. ,e,-22.3367,,,,"13,300",,"Sociedad Química y Minera de Chile S.A. (SQM), 100%",,,,,SQM Químicos S.A. ,P,Active,"Sociedad Química y Minera de Chile S.A. (SQM), 100%",Chile,Antofagasta,E,,-22.3367,2014,,,"Nueva Victoria Mine and plant and Iris plant, Tarapacá (Region I); El Toco Mine and María Elena plant; and Pampa Blanca and Pedro de Valdivia Mines and plants, Antofagasta (Region II)",Iodine,-69.6595,,Iodine,,783,Processing Plant,,CL,,,216,,Antofagasta,,,María Elena plant,mt,Iodine,,,,,,CL216,,,,,,,,,,,,USGS_MINFAC_2017,,Iodine,,,,***CL214-220,693,,,,María Elena plant,,,,mt,,,,"13,300",1,Iodine
,Industrial,-70.4133,,,,,,Cemento Polpaico S.A. ,,-23.0964,,,,300,,"Holcim Ltd., 54.3%; Compañía de Consumidores de Gas de Santiago, 40.9%; other, 4.8%)",,,,,Cemento Polpaico S.A. ,P,Active,"Holcim Ltd., 54.3%; Compañía de Consumidores de Gas de Santiago, 40.9%; other, 4.8%)",Chile,Antofagasta,E,,-23.0964,2014,,,"Mejillones plant, Antofagasta (Region II)",Cement,-70.4133,,Cement,,"555, 1700",Grinding Plant,,CL,,,37,,Antofagasta,,,Mejillones grinding plant,,Cement,,,,,,CL37,,,,,,,,,,,,USGS_MINFAC_2017,,Cement,,,,,695,,,,Mejillones grinding plant,,,,,,,,300,1,Cement
,Metal,-70.1883,,,,,,Minera Michilla S.A. ,e,-22.6791,,,,45,,"Antofagasta plc, 74.2%, and other private Chilean investors, 25.8%",,,,,Minera Michilla S.A. ,P,Active,"Antofagasta plc, 74.2%, and other private Chilean investors, 25.8%",Chile,Antofagasta,E,,-22.6791,2014,,,"Michilla Mine and SX-EW/sulfide-leaching plant, Antofagasta (Region II)",Copper,-70.1883,,Copper,,717,SX-EW Plant,,CL,,,162,,Antofagasta,,,Michilla SX-EW/sulfide-leaching plant,tmt,Copper,,,,,,CL162,,,,,,,,,,,,USGS_MINFAC_2017,,Copper,,,,***CL161-162,697,,,,Michilla SX-EW/sulfide-leaching plant,,,,tmt,,,,45,1,Copper
,Industrial,-71.598,,,,,,Minera Granos Industriales Ltda.,e,-33.5176,,,,250,,Minera Granos Industriales Ltda.,,,,,Minera Granos Industriales Ltda.,P,Active,Minera Granos Industriales Ltda.,Chile,Valparaíso,E,,-33.5176,2014,,,"El Turco Mine and Migrin Plant near Cartagena, Valparaíso (Region V)",Silica,-71.598,,Silica (quartz),,645,Processing Plant,,CL,,,110,,Valparaíso,,,Migrin Plant near Cartagena,tmt,Silica,,,,,,CL110,,,,,,,,,,,,USGS_MINFAC_2017,,Silica,,,,***CL109-110,698,,,,Migrin Plant near Cartagena,,,,tmt,,,,250,1,Silica
,Industrial,-68.3354,,,,,,S.Q.M. Salar S.A. ,,-23.4874,,,,"6,000",,"Sociedad Química y Minera de Chile S.A. (SQM), 100%",,,,,S.Q.M. Salar S.A. ,B,Active,"Sociedad Química y Minera de Chile S.A. (SQM), 100%",Chile,Antofagasta,E,,-23.4874,2014,,,"Mine brines of Atacama Salar, and boric acid plant at Antofagasta, Region II",Lithium,-68.3354,,Lithium hydroxide,,756,Processing Plant,,CL,,Y,196,,Antofagasta,,,Mine brines of Atacama Salar,mt,Lithium,,,,,,CL196,,,,,,,,,,,,USGS_MINFAC_2017,,Lithium,,,,,709,,,,Mine brines of Atacama Salar,,,,mt,,,,"6,000",1,Lithium
,Metal,-71.0265,,,,,,Minera Florida S.A. ,e,-34.0348,,,,"3,100",,"Yamana Gold Inc., 100%",,,,,Minera Florida S.A. ,P,Active,"Yamana Gold Inc., 100%",Chile,Santiago,E,,-34.0348,2014,,,"Minera Florida Mine and concentration plant, Santiago Metropolitan Region",Gold,-71.0265,,Gold,,768,Concentrator,,CL,,,206,,Santiago,,,Minera Florida concentration plant,kg,Gold,,,,,Y,CL206,,,,,,,,,,,,USGS_MINFAC_2017,,Gold,,,,***CL206-207,731,,,,Minera Florida concentration plant,,,,kg,,,,"3,100",1,Gold
,Metal,-71.0265,,,,,,Minera Florida S.A. ,,-34.0348,,,,,,"Yamana Gold Inc., 100%",,,,,Minera Florida S.A. ,P,Active,"Yamana Gold Inc., 100%",Chile,Santiago,E,,-34.0348,2014,,,"Minera Florida Mine and concentration plant, Santiago Metropolitan Region",Lead,-71.0265,,Lead (mine output),,"769, 1843",Concentrator,,CL,,,206,,Santiago,,,Minera Florida concentration plant,,Lead,,,,,Y,CL206,,,,,,,,,,,,USGS_MINFAC_2017,,Lead,,,,,732,,,,Minera Florida concentration plant,,,,,,,,,1,Lead
,Metal,-71.0265,,,,,,Minera Florida S.A. ,e,-34.0348,,,,"31,000",,"Yamana Gold Inc., 100%",,,,,Minera Florida S.A. ,P,Active,"Yamana Gold Inc., 100%",Chile,Santiago,E,,-34.0348,2014,,,"Minera Florida Mine and concentration plant, Santiago Metropolitan Region",Silver,-71.0265,,Silver,,"766, 1841",Concentrator,,CL,,,206,,Santiago,,,Minera Florida concentration plant,kg,Silver,,,,,Y,CL206,,,,,,,,,,,,USGS_MINFAC_2017,,Silver,,,,***CL206-207,733,,,,Minera Florida concentration plant,,,,kg,,,,"31,000",1,Silver
,Metal,-71.0265,,,,,,Minera Florida S.A. ,e,-34.0348,,,,"6,500",,"Yamana Gold Inc., 100%",,,,,Minera Florida S.A. ,P,Active,"Yamana Gold Inc., 100%",Chile,Santiago,E,,-34.0348,2014,,,"Minera Florida Mine and concentration plant, Santiago Metropolitan Region",Zinc,-71.0265,,Concentrate,,"767, 1842",Concentrator,,CL,,,206,,Santiago,,,Minera Florida concentration plant,mt,Zinc,,,,,Y,CL206,,,,,,,,,,,,USGS_MINFAC_2017,,Zinc,,,,***CL206-207,734,,,,Minera Florida concentration plant,,,,mt,,,,"6,500",1,Zinc
,Metal,-68.6272,,,,,,Compañía Minera Doña Inés de Collahuasi SCM ,e,-20.9761,,,,"6,000",,"Anglo American plc, 44%; Glencore plc, 44%; companies led by Mitsui & Co. Ltd., 12%",,,,,Compañía Minera Doña Inés de Collahuasi SCM ,P,Active,"Anglo American plc, 44%; Glencore plc, 44%; companies led by Mitsui & Co. Ltd., 12%",Chile,Tarapacá,E,,-20.9761,2014,,,"Collahuasi Mine and molybdenum plant, Tarapacá (Region I)",Molybdenum,-68.6272,,Molybdenum (mine output),,575,Processing Plant,,CL,,,54,,Tarapacá,,,Molybdenum plant,mt,Molybdenum,,,,,,CL54,,,,,,,,,,,,USGS_MINFAC_2017,,Molybdenum,,,,***CL53-54,743,,,,Molybdenum plant,,,,mt,,,,"6,000",1,Molybdenum
,Metal,-70.7441,,,,,,Molibdenos y Metales S.A. (MOLYMET),e,-33.6065,,,,25,,"Private, 100%",,,,,Molibdenos y Metales S.A. (MOLYMET),P,Active,"Private, 100%",Chile,Santiago,E,,-33.6065,2014,,,"Nos plant, San Bernardo, 30 kilometers south of Santiago, Santiago Metropolitan Region",Ferroalloys,-70.7441,,Ferroalloys (ferromolybdenum),,780,Processing Plant,,CL,,,213,,Santiago,,,Nos plant,tmt,Ferroalloys,,,,,Y,CL213,,,,,,,,,,,,USGS_MINFAC_2017,,Ferroalloys,,,,,745,,,,Nos plant,,,,tmt,,,,25,1,Ferroalloys
,Metal,-70.7441,,,,,,Molibdenos y Metales S.A. (MOLYMET),e,-33.6065,,,,"30,000",,"Private, 100%",,,,,Molibdenos y Metales S.A. (MOLYMET),P,Active,"Private, 100%",Chile,Santiago,E,,-33.6065,2014,,,"Nos plant, San Bernardo, 30 kilometers south of Santiago, Santiago Metropolitan Region",Rhenium,-70.7441,,Metal,,"779, 1742",Processing Plant,,CL,,,213,,Santiago,,,Nos plant,kg,Rhenium,,,,,Y,CL213,,,,,,,,,,,,USGS_MINFAC_2017,,Rhenium,,,,,746,,,,Nos plant,,,,kg,,,,"30,000",1,Rhenium
,Industrial,-69.6633,,,,,,SQM Químicos S.A. ,e,-20.9592,,,,"13,300",,"Sociedad Química y Minera de Chile S.A. (SQM), 100%",,,,,SQM Químicos S.A. ,P,Active,"Sociedad Química y Minera de Chile S.A. (SQM), 100%",Chile,Tarapacá,E,,-20.9592,2014,,,"Nueva Victoria Mine and plant and Iris plant, Tarapacá (Region I); El Toco Mine and María Elena plant; and Pampa Blanca and Pedro de Valdivia Mines and plants, Antofagasta (Region II)",Iodine,-69.6633,,Iodine,,785,Processing Plant,,CL,,,218,,Tarapacá,,,Nueva Victoria plant,mt,Iodine,,,,,,CL218,,,,,,,,,,,,USGS_MINFAC_2017,,Iodine,,,,***CL214-220,749,,,,Nueva Victoria plant,,,,mt,,,,"13,300",1,Iodine
,Metal,-70.3172,,,,,,Empresa Nacional de Minería (ENAMI),e,-26.4196,,,,180,,"Government, 100%",,,,,Empresa Nacional de Minería (ENAMI),P,Active,"Government, 100%",Chile,Atacama,E,,-26.4196,2014,,,"Concentration plants: Manuel Antonio Matta, Paipote; Osvaldo Martínez, El Salado; and Vallenar, Atacama (Region III); and José Antonio Moreno, Taltal, Antofagasta (Region II)",Copper,-70.3172,,Copper,,"585, 1866",Processing Plant,,CL,,,61,,Atacama,,,Osvaldo Martínez,tmt,Copper,,,,,,CL61,,,,,,,,,,,,USGS_MINFAC_2017,,Copper,,,,***CL59-62,758,,,,Osvaldo Martínez,,,,tmt,,,,180,1,Copper
,Metal,-70.3172,,,,,,Empresa Nacional de Minería (ENAMI),e,-26.4196,,,,400,,"Government, 100%",,,,,Empresa Nacional de Minería (ENAMI),P,Active,"Government, 100%",Chile,Atacama,E,,-26.4196,2014,,,"Manuel Antonio Matta plant, Paipote; Osvaldo Martínez plant, El Salado; and Vallenar plant, Atacama (Region III); and José Antonio Moreno plant, Taltal, Antofagasta (Region II)",Gold,-70.3172,,Gold,,"709, 1867",Processing Plant,,CL,,,154,,Atacama,,,Osvaldo Martínez plant,kg,Gold,,,,,Y,CL154,,,,,,,,,,,,USGS_MINFAC_2017,,Gold,,,,***CL152-155,759,,,,Osvaldo Martínez plant,,,,kg,,,,400,1,Gold
,Metal,-70.3172,,,,,,Empresa Nacional de Minería (ENAMI),e,-26.4196,,,,"6,000",,"Government, 100%",,,,,Empresa Nacional de Minería (ENAMI),P,Active,"Government, 100%",Chile,Atacama,E,,-26.4196,2014,,,"Manuel Antonio Matta plant, Paipote; Osvaldo Martínez plant, El Salado; Vallenar plant, Atacama (Region III); and José Antonio Moreno plant, Taltal, Antofagasta (Region II)",Silver,-70.3172,,Silver,,"713, 1868",Processing Plant,,CL,,,154,,Atacama,,,Osvaldo Martínez plant,kg,Silver,,,,,Y,CL154,,,,,,,,,,,,USGS_MINFAC_2017,,Silver,,,,***CL156-159,760,,,,Osvaldo Martínez plant,,,,kg,,,,"6,000",1,Silver
,Industrial,-71.4618,,,,,,Minera Trucco Ltda.,,-31.0252,,,,,,Minera Trucco Ltda.,,,,,Minera Trucco Ltda.,P,Active,Minera Trucco Ltda.,Chile,Coquimbo,E,,-31.0252,2014,,,"Mine and plant, Santiago Metropolitan Region",Calcium Carbonate,-71.4618,,Calcium carbonate (natural),,752,Processing Plant,,CL,,,193,,Coquimbo,,,Plant,,Calcium carbonate,,,,,,CL193,,,,,,,,,,,,USGS_MINFAC_2017,,Calcium carbonate,,,,,768,,,,Plant,,,,,,,,,1,Calcium Carbonate
,Metal,-70.8762,,,,,,Compañía Minera Cerro Negro,e,-32.5838,,,,200,,Compañía Minera Cerro Negro,,,,,Compañía Minera Cerro Negro,P,Active,Compañía Minera Cerro Negro,Chile,Valparaíso,E,,-32.5838,2014,,,"Portales Mine and a plant at Cabildo, Valparaíso (Region V)",Copper,-70.8762,,Copper sulfate,,823,Processing Plant,,CL,,,250,,Valparaíso,,,Plant at Cabildo,mt,Copper,,,,,,CL250,,,,,,,,,,,,USGS_MINFAC_2017,,Copper,,,,***CL250-251,769,,,,Plant at Cabildo,,,,mt,,,,200,1,Copper
,Industrial,-68.8081,,,,,,Canteras de Atacama S.A.,e,-22.4494,,,,"6,000",,Canteras de Atacama S.A.,,,,,Canteras de Atacama S.A.,P,Active,Canteras de Atacama S.A.,Chile,Antofagasta,E,,-22.4494,2014,,,"Quarry and plant at Calama, Antofagasta (Region II)",Travertine,-68.8081,,Travertine (dimension stone),,837,Processing Plant,,CL,,,264,,Antofagasta,,,Plant at Calama,mt,Travertine,,,,,,CL264,,,,,,,,,,,,USGS_MINFAC_2017,,Travertine,,,,***CL264-265,770,,,,Plant at Calama,,,,mt,,,,"6,000",1,Travertine
,Industrial,-70.6967,,,,,,César B. Formas Ortiz S.A.,,-26.5391,,,,,,César B. Formas Ortiz S.A.,,,,,César B. Formas Ortiz S.A.,P,Active,César B. Formas Ortiz S.A.,Chile,Atacama,E,,-26.5391,2014,,,"Plant at Chañaral, Atacama (Region III) ",Calcium Carbonate,-70.6967,,Calcium carbonate (natural),,799,Processing Plant,,CL,,,229,,Atacama,,,Plant at Chañaral,,Calcium carbonate,,,,,,CL229,,,,,,,,,,,,USGS_MINFAC_2017,,Calcium carbonate,,,,,771,,,,Plant at Chañaral,,,,,,,,,1,Calcium Carbonate
,Industrial,-72.4594,,,,,,SLM Santa Dorila de las Arenitas,e,-35.4391,,,,250,,SLM Santa Dorila de las Arenitas,,,,,SLM Santa Dorila de las Arenitas,P,Active,SLM Santa Dorila de las Arenitas,Chile,Maule,E,,-35.4391,2014,,,"Mine and plant at Constitucion, Maule (Region VII)",Silica,-72.4594,,Silica (quartz),,722,Processing Plant,,CL,,,167,,Maule,,,Plant at Constitucion,tmt,Silica,,,,,,CL167,,,,,,,,,,,,USGS_MINFAC_2017,,Silica,,,,***CL166-167,772,,,,Plant at Constitucion,,,,tmt,,,,250,1,Silica
,Industrial,-71.4419,,,,,,Sociedad Minera y Comercial Alegría y Cia Ltda.,,-30.2393,,,,,,Sociedad Minera y Comercial Alegría y Cia Ltda.,,,,,Sociedad Minera y Comercial Alegría y Cia Ltda.,P,Active,Sociedad Minera y Comercial Alegría y Cia Ltda.,Chile,Coquimbo,E,,-30.2393,2014,,,Mine and plant at Coquimbo (Region IV),Calcium Carbonate,-71.4419,,Calcium carbonate (natural),,724,Processing Plant,,CL,,,169,,Coquimbo,,,Plant at Coquimbo (Region IV),,Calcium carbonate,,,,,,CL169,,,,,,,,,,,,USGS_MINFAC_2017,,Calcium carbonate,,,,,773,,,,Plant at Coquimbo (Region IV),,,,,,,,,1,Calcium Carbonate
,Industrial,-70.0338,,,,,,Inversiones Alpina Ltda.,,-20.8652,,,,,,Inversiones Alpina Ltda.,,,,,Inversiones Alpina Ltda.,P,Active,Inversiones Alpina Ltda.,Chile,Tarapacá,E,,-20.8652,2014,,,"Mine in the Salar Grande Irlanda and plant at Iquique, Tarapacá (Region I)",Salt,-70.0338,,Salt,,"762, 1783",Processing Plant,,CL,,,202,,Tarapacá,,,Plant at Iquique Region I,,Salt,,,,,,CL202,,,,,,,,,,,,USGS_MINFAC_2017,,Salt,,,,,774,,,,Plant at Iquique Region I,,,,,,,,,1,Salt
,Industrial,-71.263,,,,,,Mario Alberto Pizarro A.S.A.,,-31.2085,,,,,,Mario Alberto Pizarro A.S.A.,,,,,Mario Alberto Pizarro A.S.A.,P,Active,Mario Alberto Pizarro A.S.A.,Chile,Coquimbo,E,,-31.2085,2014,,,"Plant at Los Vilos, Coquimbo (Region IV)",Calcium Carbonate,-71.263,,Calcium carbonate (natural),,800,Processing Plant,,CL,,,230,,Coquimbo,,,Plant at Los Vilos,,Calcium carbonate,,,,,Y,CL230,,,,,,,,,,,,USGS_MINFAC_2017,,Calcium carbonate,,,,,775,,,,Plant at Los Vilos,,,,,,,,,1,Calcium Carbonate
,Industrial,-71.1239,,,,,,Mario Alberto Pizarro A.S.A.,e,-31.0558,,,,600,,Mario Alberto Pizarro A.S.A.,,,,,Mario Alberto Pizarro A.S.A.,P,Active,Mario Alberto Pizarro A.S.A.,Chile,Coquimbo,E,,-31.0558,2014,,,"Plant at Los Vilos, Coquimbo (Region IV)",Kaolin,-71.1239,,Kaolin,,801,Processing Plant,,CL,,,230,,Coquimbo,,,Plant at Los Vilos,mt,Kaolin,,,,,Y,CL230,,,,,,,,,,,,USGS_MINFAC_2017,,Kaolin,,,,,776,,,,Plant at Los Vilos,,,,mt,,,,600,1,Kaolin
,Industrial,-71.2022,,,,,,Mario Alberto Pizarro A.S.A.,e,-31.068,,,,"1,000",,Mario Alberto Pizarro A.S.A.,,,,,Mario Alberto Pizarro A.S.A.,P,Active,Mario Alberto Pizarro A.S.A.,Chile,Coquimbo,E,,-31.068,2014,,,"Plant at Los Vilos, Coquimbo (Region IV)",Pyrophyllite,-71.2022,,Pyrophyllite,,802,Processing Plant,,CL,,,230,,Coquimbo,,,Plant at Los Vilos,mt,Pyrophyllite,,,,,Y,CL230,,,,,,,,,,,,USGS_MINFAC_2017,,Pyrophyllite,,,,,777,,,,Plant at Los Vilos,,,,mt,,,,"1,000",1,Pyrophyllite
,Metal,-71.215,,,,,,Soprocal Calerías e Industrias S.A.,e,-33.6775,,,,165,,Soprocal Calerías e Industrias S.A.,,,,,Soprocal Calerías e Industrias S.A.,P,Active,Soprocal Calerías e Industrias S.A.,Chile,Santiago,E,,-33.6775,2014,,,"Plant at Melipilla, Santiago Metropolitan Region",Lime,-71.215,,Lime (hydraulic),,803,Processing Plant,,CL,,,231,,Santiago,,,Plant at Melipilla,tmt,Lime,,,,,,CL231,,,,,,,,,,,,USGS_MINFAC_2017,,Lime,,,,,778,,,,Plant at Melipilla,,,,tmt,,,,165,1,Lime
,Industrial,-70.3086,,,,,,Celite Chile Ltda. ,e,-18.4104,,,,30,,"IMERYS S.A., 100%",,,,,Celite Chile Ltda. ,P,Active,"IMERYS S.A., 100%",Chile,Arica y Parinacota,E,,-18.4104,2014,,,"Plant at Port of Arica, and mining operations nearby in Regions I and XV",Diatomite,-70.3086,,Diatomite,,805,Processing Plant,,CL,,,233,,Arica y Parinacota,,,Plant at Port of Arica,tmt,Diatomite,,,,,,CL233,,,,,,,,,,,,USGS_MINFAC_2017,,Diatomite,,,,***CL232-233,779,,,,Plant at Port of Arica,,,,tmt,,,,30,1,Diatomite
,Industrial,-70.2593,,,,,,SQM Salar S.A. ,e,-23.6414,,,,"48,000",,"Sociedad Química y Minera de Chile S.A. (SQM), 100%",,,,,SQM Salar S.A. ,B,Active,"Sociedad Química y Minera de Chile S.A. (SQM), 100%",Chile,Antofagasta,E,,-23.6414,2014,,,"Plant at Salar del Carmen, near the city of Antofagasta, Antofagasta (Region II)",Lithium,-70.2593,,Lithium carbonate,,806,Processing Plant,,CL,,Y,234,,Antofagasta,,,Plant at Salar del Carmen,mt,Lithium,,,,,,CL234,,,,,,,,,,,,USGS_MINFAC_2017,,Lithium,,,,,780,,,,Plant at Salar del Carmen,,,,mt,,,,"48,000",1,Lithium
,Industrial,-70.2593,,,,,,SQM Salar S.A. ,,-23.6414,,,,,,"Sociedad Química y Minera de Chile S.A. (SQM), 100%",,,,,SQM Salar S.A. ,B,Active,"Sociedad Química y Minera de Chile S.A. (SQM), 100%",Chile,Antofagasta,E,,-23.6414,2014,,,"Plant at Salar del Carmen, near the city of Antofagasta, Antofagasta (Region II)",Lithium,-70.2593,,Lithium chloride,,807,Processing Plant,,CL,,Y,234,,Antofagasta,,,Plant at Salar del Carmen,,Lithium,,,,,,CL234,,,,,,,,,,,,USGS_MINFAC_2017,,Lithium,,,,,781,,,,Plant at Salar del Carmen,,,,,,,,,1,Lithium
,Industrial,-70.2749,,,,,,Compañía Minera Feltre Ltda.,,-28.823,,,,,,Compañía Minera Feltre Ltda.,,,,,Compañía Minera Feltre Ltda.,P,Active,Compañía Minera Feltre Ltda.,Chile,Atacama,E,,-28.823,2014,,,"Plant at Santiago, Santiago Metropolitan Region ",Calcium Carbonate,-70.2749,,Calcium carbonate (natural),,808,Processing Plant,,CL,,,235,,Atacama,,,Plant at Santiago,,Calcium carbonate,,,,,,CL235,,,,,,,,,,,,USGS_MINFAC_2017,,Calcium carbonate,,,,,782,,,,Plant at Santiago,,,,,,,,,1,Calcium Carbonate
,Industrial,-71.096,,,,,,Compañía Minera Saturno Ltda.,,-29.8408,,,,,,Compañía Minera Saturno Ltda.,,,,,Compañía Minera Saturno Ltda.,P,Active,Compañía Minera Saturno Ltda.,Chile,Coquimbo,E,,-29.8408,2014,,,"Plant at Santiago, Santiago Metropolitan Region ",Calcium Carbonate,-71.096,,Calcium carbonate (natural),,809,Processing Plant,,CL,,,236,,Coquimbo,,,Plant at Santiago,,Calcium carbonate,,,,,,CL236,,,,,,,,,,,,USGS_MINFAC_2017,,Calcium carbonate,,,,,783,,,,Plant at Santiago,,,,,,,,,1,Calcium Carbonate
,Industrial,-72.5964,,,,,,Cristalerías Toro S.A.I.C.,,-35.5637,,,,,,Cristalerías Toro S.A.I.C.,,,,,Cristalerías Toro S.A.I.C.,P,Active,Cristalerías Toro S.A.I.C.,Chile,Maule,E,,-35.5637,2014,,,"Plant at Santiago, Santiago Metropolitan Region ",Calcium Carbonate,-72.5964,,Calcium carbonate (natural),,"810, 1784",Processing Plant,,CL,,,237,,Maule,,,Plant at Santiago,,Calcium carbonate,,,,,,CL237,,,,,,,,,,,,USGS_MINFAC_2017,,Calcium carbonate,,,,,784,,,,Plant at Santiago,,,,,,,,,1,Calcium Carbonate
,Industrial,-71.0102,,,,,,Unimin Chile Ltda.,,-27.7598,,,,,,Unimin Chile Ltda.,,,,,Unimin Chile Ltda.,P,Active,Unimin Chile Ltda.,Chile,Atacama,E,,-27.7598,2014,,,"Plant at Santiago, Santiago Metropolitan Region ",Calcium Carbonate,-71.0102,,Calcium carbonate (natural),,811,Processing Plant,,CL,,,238,,Atacama,,,Plant at Santiago,,Calcium carbonate,,,,,,CL238,,,,,,,,,,,,USGS_MINFAC_2017,,Calcium carbonate,,,,,785,,,,Plant at Santiago,,,,,,,,,1,Calcium Carbonate
,Industrial,-70.8243,,,,,,Harborlite Chile Ltda. ,,-33.4035,,,,,,"IMERYS S.A., 100%",,,,,Harborlite Chile Ltda. ,P,Active,"IMERYS S.A., 100%",Chile,Santiago,E,,-33.4035,2014,,,"Laguna del Maule Mine at Talca, Maule (Region VII), and plant at Santiago, Santiago Metropolitan Region",Pumicite,-70.8243,,Pumicite (including pozzolan),,678,Processing Plant,,CL,,,135,,Santiago,,,Plant at Santiago,,Pumicite,,,,,,CL135,,,,,,,,,,,,USGS_MINFAC_2017,,Pumicite,,,,,786,,,,Plant at Santiago,,,,,,,,,1,Pumicite
,Industrial,-70.7167,,,,,,Empresas El Melón S.A.,e,-33.5401,,,,"1,200",,Empresas El Melón S.A.,,,,,Empresas El Melón S.A.,P,Active,Empresas El Melón S.A.,Chile,Santiago,E,,-33.5401,2014,,,"Quarry at Rinconada Lo Vial near Maipu, and plant at Santiago, Santiago Metropolitan Region",Pumicite,-70.7167,,Pumicite (including pozzolan),,866,Processing Plant,,CL,,,289,,Santiago,,,Plant at Santiago,tmt,Pumicite,,,,,,CL289,,,,,,,,,,,,USGS_MINFAC_2017,,Pumicite,,,,***CL289-290,787,,,,Plant at Santiago,,,,tmt,,,,"1,200",1,Pumicite
,Industrial,-70.4281,,,,,,Minera Río Teno S.A. ,,-35.0098,,,,,,"Cementos Bío Bío S.A., 100%",,,,,Minera Río Teno S.A. ,P,Active,"Cementos Bío Bío S.A., 100%",Chile,Maule,E,,-35.0098,2014,,,"Quarry and plant at Teno, near Curico, Maule (Region VII)",Calcium Carbonate,-70.4281,,Calcium carbonate (natural),,839,Processing Plant,,CL,,,266,,Maule,,,Plant at Teno,,Calcium carbonate,,,,,,CL266,,,,,,,,,,,,USGS_MINFAC_2017,,Calcium carbonate,,,,,788,,,,Plant at Teno,,,,,,,,,1,Calcium Carbonate
,Industrial,-70.8963,,,,,,Minera Lealtad Ltda.,,-33.0881,,,,,,Minera Lealtad Ltda.,,,,,Minera Lealtad Ltda.,P,Active,Minera Lealtad Ltda.,Chile,Santiago,E,,-33.0881,2014,,,"Mine and plant at Til Til, Santiago Metropolitan Region",Kaolin,-70.8963,,Kaolin,,726,Processing Plant,,CL,,,171,,Santiago,,,Plant at Til Til,,Kaolin,,,,,,CL171,,,,,,,,,,,,USGS_MINFAC_2017,,Kaolin,,,,,789,,,,Plant at Til Til,,,,,,,,,1,Kaolin
,Industrial,-75.344,,,,,,Imopac Ltda.,,-50.3586,,,,,,Imopac Ltda.,,,,,Imopac Ltda.,P,Active,Imopac Ltda.,Chile,Atacama,E,,-50.3586,2014,,,"Plant at Vallenar, Atacama (Region III)",Calcium Carbonate,-75.344,,Calcium carbonate (natural),,812,Processing Plant,,CL,,,239,,Atacama,,,Plant at Vallenar,,Calcium carbonate,,,,,,CL239,,,,,,,,,,,,USGS_MINFAC_2017,,Calcium carbonate,,,,,790,,,,Plant at Vallenar,,,,,,,,,1,Calcium Carbonate
,Industrial,-70.7417,,,,,,Sociedad Contractual Minera Pirineos ,,-28.537,,,,,,Sociedad Contractual Minera Pirineos ,,,,,Sociedad Contractual Minera Pirineos ,MP,Active,Sociedad Contractual Minera Pirineos ,Chile,Atacama,E,,-28.537,2014,,,"Quarry and plant at Vallenar, Atacama (Region III)",Calcium Carbonate,-70.7417,,Calcium carbonate (natural),,842,Processing Plant,,CL,,,269,,Atacama,,,Plant at Vallenar,,Calcium carbonate,,,,,,CL269,,,,,,,,,,,,USGS_MINFAC_2017,,Calcium carbonate,,,,,791,,,,Plant at Vallenar,,,,,,,,,1,Calcium Carbonate
,Industrial,-69.8671,,,,,,Atacama Minerals Chile Minera ,e,-24.1357,,,,"2,200",,SCM Bullmine and RB Energy,,,,,Atacama Minerals Chile Minera ,P,Active,SCM Bullmine and RB Energy,Chile,Antofagasta,E,,-24.1357,2014,,,"Mine and plant in Aguas Blancas, Antofagasta (Region II)",Iodine,-69.8671,,Iodine,,"728, 1629",Processing Plant,,CL,,,173,,Antofagasta,,,Plant in Aguas Blancas,mt,Iodine,,,,,,CL173,,,,,,,,,,,,USGS_MINFAC_2017,,Iodine,,,,***CL172-173,792,,,,Plant in Aguas Blancas,,,,mt,,,,"2,200",1,Iodine
,Industrial,-68.823,,,,,,Andes Travertine & Stones S.A.,,-22.4495,,,,,,Andes Travertine & Stones S.A.,,,,,Andes Travertine & Stones S.A.,P,Active,Andes Travertine & Stones S.A.,Chile,Antofagasta,E,,-22.4495,2014,,,Quarry and plant in Antofagasta (Region II),Travertine,-68.823,,Travertine (dimension stone),,846,Processing Plant,,CL,,,271,,Antofagasta,,,Plant in Antofagasta (Region II),,Travertine,,,,,,CL271,,,,,,,,,,,,USGS_MINFAC_2017,,Travertine,,,,,793,,,,Plant in Antofagasta (Region II),,,,,,,,,1,Travertine
,Industrial,-70.2769,,,,,,Compañía Minera Feltre Ltda.,e,-28.8282,,,,"1,400",,Compañía Minera Feltre Ltda.,,,,,Compañía Minera Feltre Ltda.,P,Active,Compañía Minera Feltre Ltda.,Chile,Atacama,E,,-28.8282,2014,,,Quarry and plant in Atacama (Region III),Marble,-70.2769,,Marble (dimension stone),,844,Processing Plant,,CL,,,273,,Atacama,,,Plant in Atacama (Region III),mt,Marble,,,,,,CL273,,,,,,,,,,,,USGS_MINFAC_2017,,Marble,,,,***CL273-274,794,,,,Plant in Atacama (Region III),,,,mt,,,,"1,400",1,Marble
,Metal,-73.1295,,,,,,Cía. Siderúrgica Huachipato S.A. ,e,-36.7495,,,,"1,200",,"Subsidiary of CAP S.A. (private, 100%)",,,,,Cía. Siderúrgica Huachipato S.A. ,P,Active,"Subsidiary of CAP S.A. (private, 100%)",Chile,Biobío,E,,-36.7495,2014,,,"Plant in Bahia de San Vicente, Biobío (Region VIII), 14 kilometers northeast of Concepcion",Iron,-73.1295,,Pig iron,,813,Processing Plant,,CL,,,240,,Biobío,,,Plant in Bahia de San Vicente,tmt,Iron and steel,,,,,,CL240,,,,,,,,,,,,USGS_MINFAC_2017,,Iron and steel,,,,,795,,,,Plant in Bahia de San Vicente,,,,tmt,,,,"1,200",1,Iron
,Metal,-71.2918,,,,,,Manganesos Atacama S.A. ,e,-29.9512,,,,"10,000",,"Subsidiary of CAP S.A. (private, 100%)",,,,,Manganesos Atacama S.A. ,P,Care & Maintenance,"Subsidiary of CAP S.A. (private, 100%)",Chile,Coquimbo,E,,-29.9512,2014,,,Plant in Coquimbo city and mines in Coquimbo (Region IV),Manganese,-71.2918,,Metal,,815,Processing Plant,,CL,,,242,,Coquimbo,,,Plant in Coquimbo city,mt,Manganese,,,,,,CL242,,,,,,,,,,,,USGS_MINFAC_2017,,Manganese,,,,,796,,,,Plant in Coquimbo city,,,,mt,,,,"10,000",1,Manganese
,Industrial,-70.6904,,,,,,S.Q.M. Salar S.A. ,,-33.3889,,,,,,"Sociedad Química y Minera de Chile S.A. (SQM), 100%",,,,,S.Q.M. Salar S.A. ,P,Active,"Sociedad Química y Minera de Chile S.A. (SQM), 100%",Chile,Santiago,E,,-33.3889,2014,,,Plant in Santiago Metropolitan Region,Boron,-70.6904,,Boron compounds (B2O3 content),,816,Processing Plant,,CL,,,243,,Santiago,,,Plant in Santiago Metropolitan Region,,Boron,,,,,,CL243,,,,,,,,,,,,USGS_MINFAC_2017,,Boron,,,,,797,,,,Plant in Santiago Metropolitan Region,,,,,,,,,1,Boron
,Industrial,-71.5565,,,,,,Minera Pacífico Ltda.,,-33.1913,,,,,,Minera Pacífico Ltda.,,,,,Minera Pacífico Ltda.,P,Active,Minera Pacífico Ltda.,Chile,Valparaíso,E,,-33.1913,2014,,,"Quarries and plants in Libertador General Bernardo O'Higgins (Region VI), and plant in Santiago Metropolitan Region",Feldspar,-71.5565,,Feldspar,,834,Processing Plant,,CL,,,261,,Valparaíso,,,Plant in Santiago Metropolitan Region,,Feldspar,,,,,,CL261,,,,,,,,,,,,USGS_MINFAC_2017,,Feldspar,,,,,798,,,,Plant in Santiago Metropolitan Region,,,,,,,,,1,Feldspar
,Industrial,-70.8137,,,,,,Compañía Minera Polpaico Ltda. ,,-32.9707,,,,,,Compañía Minera Polpaico Ltda.,,,,,Compañía Minera Polpaico Ltda. ,P,Active,Compañía Minera Polpaico Ltda.,Chile,Santiago,E,,-32.9707,2014,,,El Guindo Mine and a plant in the Santiago Metropolitan Region,Kaolin,-70.8137,,Kaolin,,604,Processing Plant,,CL,,,80,,Santiago,,,Plant in the Santiago Metropolitan Region,,Kaolin,,,,,,CL80,,,,,,,,,,,,USGS_MINFAC_2017,,Kaolin,,,,,799,,,,Plant in the Santiago Metropolitan Region,,,,,,,,,1,Kaolin
,Industrial,-70.793,,,,,,Compañía Minera Polpaico Ltda. ,,-33.444,,,,,,Compañía Minera Polpaico Ltda. ,,,,,Compañía Minera Polpaico Ltda. ,P,Active,Compañía Minera Polpaico Ltda. ,Chile,Santiago,E,,-33.444,2014,,,"Puzolana Norte Mine, Antofagasta (Region II); and Puzolana Pudahuel Mine and a plant in the Santiago Metropolitan Region",Pumicite,-70.793,,Pumicite (including pozzolan),,828,Processing Plant,,CL,,,255,,Santiago,,,Plant in the Santiago Metropolitan Region,,Pumicite,,,,,,CL255,,,,,,,,,,,,USGS_MINFAC_2017,,Pumicite,,,,,800,,,,Plant in the Santiago Metropolitan Region,,,,,,,,,1,Pumicite
,Industrial,-70.0992,,,,,,Minera El Way S.A. ,e,-24.2369,,,,100,,"Cementos Bío Bío S.A., 100%",,,,,Minera El Way S.A. ,P,Active,"Cementos Bío Bío S.A., 100%",Chile,Antofagasta,E,,-24.2369,2014,,,Quarries and plant near Antofagasta (Region II),Pumicite,-70.0992,,Pumicite (including pozzolan),,830,Processing Plant,,CL,,,257,,Antofagasta,,,Plant near Antofagasta (Region II),tmt,Pumicite,,,,,,CL257,,,,,,,,,,,,USGS_MINFAC_2017,,Pumicite,,,,***CL257-258,801,,,,Plant near Antofagasta (Region II),,,,tmt,,,,100,1,Pumicite
,Industrial,-70.3186,,,,,,Industria Nacional de Cemento S.A. (INACESA),e,-23.783,,,,500,,"Industria Nacional de Cemento S.A. (INACESA), 100%",,,,,Industria Nacional de Cemento S.A. (INACESA),P,Active,"Industria Nacional de Cemento S.A. (INACESA), 100%",Chile,Antofagasta,E,,-23.783,2014,,,"Plant near Antofagasta City, Antofagasta (Region II)",Cement,-70.3186,,Cement,,817,Processing Plant,,CL,,,244,,Antofagasta,,,Plant near Antofagasta City,tmt,Cement,,,,,,CL244,,,,,,,,,,,,USGS_MINFAC_2017,,Cement,,,,,802,,,,Plant near Antofagasta City,,,,tmt,,,,500,1,Cement
,Metal,-70.3186,,,,,,Cales Inacesa S.A. (INACESA),e,-23.783,,,,"1,100",,"Cementos Bío Bío S.A., 100%",,,,,Cales Inacesa S.A. (INACESA),P,Active,"Cementos Bío Bío S.A., 100%",Chile,Antofagasta,E,,-23.783,2014,,,"Plants near Antofagasta City, Antofagasta (Region II), and near Copiapo City, Atacama (Region III)",Lime,-70.3186,,Lime (hydraulic),,821,Processing Plant,,CL,,,248,,Antofagasta,,,Plant near Antofagasta City,tmt,Lime,,,,,,CL248,,,,,,,,,,,,USGS_MINFAC_2017,,Lime,,,,***CL248-249,803,,,,Plant near Antofagasta City,,,,tmt,,,,"1,100",1,Lime
,Industrial,-70.2853,,,,,,Sociedad Legal Minera Mabel Dos Primera de Arica,e,-18.3913,,,,"1,500",,Sociedad Legal Minera Mabel Dos Primera de Arica,,,,,Sociedad Legal Minera Mabel Dos Primera de Arica,MP,Active,Sociedad Legal Minera Mabel Dos Primera de Arica,Chile,Arica y Parinacota,E,,-18.3913,2014,,,"Quarry and plant near Arica, Arica y Parinacota (Region XV)",Bentonite,-70.2853,,Bentonite,,849,Processing Plant,,CL,,,276,,Arica y Parinacota,,,Plant near Arica,mt,Bentonite,,,,,,CL276,,,,,,,,,,,,USGS_MINFAC_2017,,Bentonite,,,,,804,,,,Plant near Arica,,,,mt,,,,"1,500",1,Bentonite
,Industrial,-69.4069,,,,,,Cedric Fernández y Compañía Ltda.,e,-22.9537,,,,100,,Cedric Fernández y Compañía Ltda.,,,,,Cedric Fernández y Compañía Ltda.,p,Active,Cedric Fernández y Compañía Ltda.,Chile,Antofagasta,E,,-22.9537,2014,,,"Mine and plant near Calama, Antofagasta (Region II)",Silica,-69.4069,,Silica (quartz),,730,Processing Plant,,CL,,,175,,Antofagasta,,,Plant near Calama,tmt,Silica,,,,,,CL175,,,,,,,,,,,,USGS_MINFAC_2017,,Silica,,,,***CL174-175,805,,,,Plant near Calama,,,,tmt,,,,100,1,Silica
,Industrial,-71.5969,,,,,,Productora Cuarzo El Peral Ltda.,e,-33.5127,,,,250,,Productora Cuarzo El Peral Ltda.,,,,,Productora Cuarzo El Peral Ltda.,P,Active,Productora Cuarzo El Peral Ltda.,Chile,Valparaíso,E,,-33.5127,2014,,,"El Peral Mine and plant near Cartagena, Valparaíso (Region V)",Silica,-71.5969,,Silica (quartz),,610,Processing Plant,,CL,,,84,,Valparaíso,,,Plant near Cartagena,tmt,Silica,,,,,,CL84,,,,,,,,,,,,USGS_MINFAC_2017,,Silica,,,,,806,,,,Plant near Cartagena,,,,tmt,,,,250,1,Silica
,Industrial,-70.2143,,,,,,Minera El Jilguero S.A. ,e,-27.4531,,,,30,,"Cementos Bío Bío S.A., 100%",,,,,Minera El Jilguero S.A. ,P,Active,"Cementos Bío Bío S.A., 100%",Chile,Atacama,E,,-27.4531,2014,,,"Quarries and plant near Copiapo, Atacama (Region III)",Dolomite,-70.2143,,Dolomite,,832,Processing Plant,,CL,,,259,,Atacama,,,Plant near Copiapo,tmt,Dolomite,,,,,,CL259,,,,,,,,,,,,USGS_MINFAC_2017,,Dolomite,,,,***CL259-260,807,,,,Plant near Copiapo,,,,tmt,,,,30,1,Dolomite
,Industrial,-69.9778,,,,,,Sociedad Legal Minera Pedro Luís,e,-26.7629,,,,120,,Sociedad Legal Minera Pedro Luís,,,,,Sociedad Legal Minera Pedro Luís,P,Active,Sociedad Legal Minera Pedro Luís,Chile,Atacama,E,,-26.7629,2014,,,"Mine and plant near Copiapo, Atacama (Region III)",Silica,-69.9778,,Silica (quartz),,733,Processing Plant,,CL,,,178,,Atacama,,,Plant near Copiapo,tmt,Silica,,,,,,CL178,,,,,,,,,,,,USGS_MINFAC_2017,,Silica,,,,***CL177-178,808,,,,Plant near Copiapo,,,,tmt,,,,120,1,Silica
,Metal,-70.2221,,,,,,Cales Inacesa S.A. (INACESA),e,-27.3582,,,,"1,100",,"Cementos Bío Bío S.A., 100%",,,,,Cales Inacesa S.A. (INACESA),P,Active,"Cementos Bío Bío S.A., 100%",Chile,Atacama,E,,-27.3582,2014,,,"Plants near Antofagasta City, Antofagasta (Region II), and near Copiapo City, Atacama (Region III)",Lime,-70.2221,,Lime (hydraulic),,822,Processing Plant,,CL,,,249,,Atacama,,,Plant near Copiapo City,tmt,Lime,,,,,,CL249,,,,,,,,,,,,USGS_MINFAC_2017,,Lime,,,,***CL248-249,809,,,,Plant near Copiapo City,,,,tmt,,,,"1,100",1,Lime
,Metal,-71.1035,,,,,,Compañía Minera San Gerónimo,e,-29.8353,,,,"10,000",,Compañía Minera San Gerónimo,,,,,Compañía Minera San Gerónimo,P,Active,Compañía Minera San Gerónimo,Chile,Coquimbo,E,,-29.8353,2014,,,Mine and plant near Coquimbo (Region IV),Copper,-71.1035,,Copper sulfate,,735,Processing Plant,,CL,,,180,,Coquimbo,,,Plant near Coquimbo (Region IV),mt,Copper,,,,,,CL180,,,,,,,,,,,,USGS_MINFAC_2017,,Copper,,,,***CL179-180,810,,,,Plant near Coquimbo (Region IV),,,,mt,,,,"10,000",1,Copper
,Industrial,-70.4281,,,,,,Minera Río Teno S.A. ,e,-35.0098,,,,200,,"Cementos Bío Bío S.A., 100%",,,,,Minera Río Teno S.A. ,P,Active,"Cementos Bío Bío S.A., 100%",Chile,Libertador General Bernardo O'Higgins,E,,-35.0098,2014,,,"Quarry and plant near Curico, Libertador General Bernardo O'Higgins (Region VI)",Pumicite,-70.4281,,Pumicite (including pozzolan),,850,Processing Plant,,CL,,,277,,Libertador General Bernardo O'Higgins,,,Plant near Curico,tmt,Pumicite,,,,,,CL277,,,,,,,,,,,,USGS_MINFAC_2017,,Pumicite,,,,***CL277-278,811,,,,Plant near Curico,,,,tmt,,,,200,1,Pumicite
,Industrial,-71.1401,,,,,,Industria Nacional de Cemento S.A. (INACESA),e,-34.8657,,,,"1,700",,"Industria Nacional de Cemento S.A. (INACESA), 100%",,,,,Industria Nacional de Cemento S.A. (INACESA),P,Active,"Industria Nacional de Cemento S.A. (INACESA), 100%",Chile,Maule,E,,-34.8657,2014,,,"Plant near Curico City, Maule (Region VII)",Cement,-71.1401,,Cement,,818,Processing Plant,,CL,,,245,,Maule,,,Plant near Curico City,tmt,Cement,,,,,,CL245,,,,,,,,,,,,USGS_MINFAC_2017,,Cement,,,,,812,,,,Plant near Curico City,,,,tmt,,,,"1,700",1,Cement
,Industrial,-71.3819,,,,,,Alfredo Villalobos Román Tarsicio S.A.,e,-31.6429,,,,,,Alfredo Villalobos Román Tarsicio S.A.,,,,,Alfredo Villalobos Román Tarsicio S.A.,P,Active,Alfredo Villalobos Román Tarsicio S.A.,Chile,Coquimbo,E,,-31.6429,2014,,,"Quarry and plant near Illapel, Coquimbo (Region IV) ",Calcium Carbonate,-71.3819,,Calcium carbonate (natural),,852,Processing Plant,,CL,,,279,,Coquimbo,,,Plant near Illapel,,Calcium carbonate,,,,,,CL279,,,,,,,,,,,,USGS_MINFAC_2017,,Calcium carbonate,,,,,813,,,,Plant near Illapel,,,,,,,,,1,Calcium Carbonate
,Industrial,-69.7966,,,,,,Cosayach Nitratos S.A. ,e,-20.223,,,,"3,000",,"Inverraz S.A., 100%",,,,,Cosayach Nitratos S.A. ,P,Active,"Inverraz S.A., 100%",Chile,Tarapacá,E,,-20.223,2014,,,"Mine and plant near Iquique, Tarapacá (Region I)",Iodine,-69.7966,,Iodine,,739,Processing Plant,,CL,,,182,,Tarapacá,,,Plant near Iquique,mt,Iodine,,,,,Y,CL182,,,,,,,,,,,,USGS_MINFAC_2017,,Iodine,,,,***CL181-182,814,,,,Plant near Iquique,,,,mt,,,,"3,000",1,Iodine
,Industrial,-69.7966,,,,,,Cosayach Nitratos S.A. ,e,-20.223,,,,200,,"Inverraz S.A., 100%",,,,,Cosayach Nitratos S.A. ,P,Active,"Inverraz S.A., 100%",Chile,Tarapacá,E,,-20.223,2013,,,"Mine and plant near Iquique, Tarapacá (Region I)",Nitrate,-69.7966,,Nitrates (in fertilizers),,740,Processing Plant,,CL,,,182,,Tarapacá,,,Plant near Iquique,tmt,Nitrates,,,,,Y,CL182,,,,,,,,,,,,USGS_MINFAC_2017,,Nitrates,,,,***CL181-182,815,,,,Plant near Iquique,,,,tmt,,,,200,1,Nitrate
,Industrial,-70.1405,,,,,,Guano Rojo Punta Gruesa Ltda.,e,-20.3367,,,,3,,Guano Rojo Punta Gruesa Ltda.,,,,,Guano Rojo Punta Gruesa Ltda.,P,Active,Guano Rojo Punta Gruesa Ltda.,Chile,Tarapacá,E,,-20.3367,2014,,,"Mine and plant near Iquique, Tarapacá (Region I)",Phosphate,-70.1405,,Guano,,741,Processing Plant,,CL,,,182,,Tarapacá,,,Plant near Iquique,tmt,Phosphatic materials,,,,,,CL182,,,,,,,,,,,,USGS_MINFAC_2017,,Phosphatic materials,,,,,816,,,,Plant near Iquique,,,,tmt,,,,3,1,Phosphate
,Industrial,-70.9003,,,,,,J.B. Schiappacase A.,,-32.7637,,,,,,J.B. Schiappacase A.,,,,,J.B. Schiappacase A.,P,Active,J.B. Schiappacase A.,Chile,Valparaíso,E,,-32.7637,2014,,,"Quarry and plant near Limache, Valparaíso (Region V)",Feldspar,-70.9003,,Feldspar,,854,Processing Plant,,CL,,,281,,Valparaíso,,,Plant near Limache,,Feldspar,,,,,,CL281,,,,,,,,,,,,USGS_MINFAC_2017,,Feldspar,,,,,817,,,,Plant near Limache,,,,,,,,,1,Feldspar
,Industrial,-70.0237,,,,,,Minera Río Colorado S.A ,,-33.4455,,,,,,"Cementos Bío Bío S.A., 51%, and Soprocal Calerías e Industrias S.A., 49%",,,,,Minera Río Colorado S.A ,P,Active,"Cementos Bío Bío S.A., 51%, and Soprocal Calerías e Industrias S.A., 49%",Chile,Santiago,E,,-33.4455,2014,,,"La Perla Mine and plant near Melipilla, Santiago Metropolitan Region",Calcium Carbonate,-70.0237,,Calcium carbonate (natural),,676,Processing Plant,,CL,,,133,,Santiago,,,Plant near Melipilla,,Calcium carbonate,,,,,,CL133,,,,,,,,,,,,USGS_MINFAC_2017,,Calcium carbonate,,,,,818,,,,Plant near Melipilla,,,,,,,,,1,Calcium Carbonate
,Industrial,-71.02,,,,,,Sociedad Minera Las Abuelitas Ltda. ,,-33.8315,,,,,,"Soprocal Calerías e Industrias S.A., 100%",,,,,Sociedad Minera Las Abuelitas Ltda. ,P,Active,"Soprocal Calerías e Industrias S.A., 100%",Chile,Santiago,E,,-33.8315,2014,,,"Mine and plant near Melipilla, Santiago Metropolitan Region",Calcium Carbonate,-71.02,,Calcium carbonate (natural),,744,Processing Plant,,CL,,,185,,Santiago,,,Plant near Melipilla,,Calcium carbonate,,,,,,CL185,,,,,,,,,,,,USGS_MINFAC_2017,,Calcium carbonate,,,,,819,,,,Plant near Melipilla,,,,,,,,,1,Calcium Carbonate
,Industrial,-71.1457,,,,,,Sociedad Minera Godoy Schwenger y Cía.,,-32.8031,,,,,,Sociedad Minera Godoy Schwenger y Cía.,,,,,Sociedad Minera Godoy Schwenger y Cía.,P,Active,Sociedad Minera Godoy Schwenger y Cía.,Chile,Valparaíso,A,,-32.8031,2014,,,"Mine and plant near Quillota, Region V",Calcium Carbonate,-71.1457,,Calcium carbonate (natural),,746,Processing Plant,,CL,,,187,,Valparaíso,,,Plant near Quillota,,Calcium carbonate,,,,,,CL187,,,,,,,,,,,,USGS_MINFAC_2017,,Calcium carbonate,,,,,820,,,,Plant near Quillota,,,,,,,,,1,Calcium Carbonate
,Industrial,-71.1457,,,,,,Sociedad Minera Godoy Schwenger y Cía.,,-32.8031,,,,,,Sociedad Minera Godoy Schwenger y Cía.,,,,,Sociedad Minera Godoy Schwenger y Cía.,MP,Active,Sociedad Minera Godoy Schwenger y Cía.,Chile,Valparaíso,A,,-32.8031,2014,,,"Quarry and plant near Quillota, Valparaíso (Region V)",Clay,-71.1457,,Clay,,856,Processing Plant,,CL,,,283,,Valparaíso,,,Plant near Quillota,,Clay,,,,,,CL283,,,,,,,,,,,,USGS_MINFAC_2017,,Clay,,,,,821,,,,Plant near Quillota,,,,,,,,,1,Clay
,Industrial,-70.7082,,,,,,Antonio Zotti Rosetti y Cía. Sociedad Minera,,-33.3787,,,,,,Antonio Zotti Rosetti y Cía. Sociedad Minera,,,,,Antonio Zotti Rosetti y Cía. Sociedad Minera,P,Active,Antonio Zotti Rosetti y Cía. Sociedad Minera,Chile,Santiago,E,,-33.3787,2014,,,"La Confianza and San José Mines near Los Vilos, Coquimbo (Region IV); Margarita and San Nicolas Mines, and a plant near Renca, Santiago Metropolitan Region",Gypsum,-70.7082,,Gypsum (natural),,671,Processing Plant,,CL,,,130,,Santiago,,,Plant near Renca,,Gypsum,,,,,Y,CL130,,,,,,,,,,,,USGS_MINFAC_2017,,Gypsum,,,,,822,,,,Plant near Renca,,,,,,,,,1,Gypsum
,Industrial,-70.7082,,,,,,Antonio Zotti Rosetti y Cía. Sociedad Minera,e,-33.3787,,,,20,,Antonio Zotti Rosetti y Cía. Sociedad Minera,,,,,Antonio Zotti Rosetti y Cía. Sociedad Minera,P,Active,Antonio Zotti Rosetti y Cía. Sociedad Minera,Chile,Santiago,E,,-33.3787,2014,,,"La Confianza and San José Mines near Los Vilos, Coquimbo (Region IV); Margarita and San Nicolas Mines, and a plant near Renca, Santiago Metropolitan Region",Silica,-70.7082,,Silica (quartz),,672,Processing Plant,,CL,,,130,,Santiago,,,Plant near Renca,tmt,Silica,,,,,Y,CL130,,,,,,,,,,,,USGS_MINFAC_2017,,Silica,,,,***CL129-131,823,,,,Plant near Renca,,,,tmt,,,,20,1,Silica
,Industrial,-71.4618,,,,,,Minera Trucco Ltda.,e,-31.0252,,,,,,Minera Trucco Ltda.,,,,,Minera Trucco Ltda.,P,Active,Minera Trucco Ltda.,Chile,Coquimbo,A,,-31.0252,2014,,,"Mine and plant near Santiago, Santiago Metropolitan Region",Talc,-71.4618,,Talc,,748,Processing Plant,,CL,,,189,,Coquimbo,,,Plant near Santiago,,Talc,,,,,,CL189,,,,,,,,,,,,USGS_MINFAC_2017,,Talc,,,,,824,,,,Plant near Santiago,,,,,,,,,1,Talc
,Metal,-69.8715,,,,,,Minera Capacho Viejo Ltda. ,e,-21.9459,,,,"5,000",,Minera Capacho Viejo Ltda. ,,,,,Minera Capacho Viejo Ltda. ,P,Active,Minera Capacho Viejo Ltda. ,Chile,Antofagasta,E,,-21.9459,2014,,,"Mine and plant near Tocopilla, Antofagasta (Region II)",Copper,-69.8715,,Copper sulfate,,750,Processing Plant,,CL,,,191,,Antofagasta,,,Plant near Tocopilla,mt,Copper,,,,,,CL191,,,,,,,,,,,,USGS_MINFAC_2017,,Copper,,,,***CL190-191,825,,,,Plant near Tocopilla,,,,mt,,,,"5,000",1,Copper
,Industrial,-71.5062,,,,,,Explotaciones de Minas Tongoy Ltda.,,-30.3058,,,,,,Explotaciones de Minas Tongoy Ltda.,,,,,Explotaciones de Minas Tongoy Ltda.,P,Active,Explotaciones de Minas Tongoy Ltda.,Chile,Coquimbo,E,,-30.3058,2014,,,"Quarry and plant near Tongoy, Coquimbo (Region IV)",Calcium Carbonate,-71.5062,,Calcium carbonate (natural),,"857, 1587",Processing Plant,,CL,,,284,,Coquimbo,,,Plant near Tongoy,,Calcium carbonate,,,,,,CL284,,,,,,,,,,,,USGS_MINFAC_2017,,Calcium carbonate,,,,,826,,,,Plant near Tongoy,,,,,,,,,1,Calcium Carbonate
,Industrial,-71.649,,,,,,Minera Pacífico Ltda.,,-34.2315,,,,,,Minera Pacífico Ltda.,,,,,Minera Pacífico Ltda.,P,Active,Minera Pacífico Ltda.,Chile,Libertador General Bernardo O'Higgins,A,,-34.2315,2014,,,"Quarries and plants in Libertador General Bernardo O'Higgins (Region VI), and plant in Santiago Metropolitan Region",Feldspar,-71.649,,Feldspar,,835,Processing Plant,,CL,,,262,,Libertador General Bernardo O'Higgins,,,Plants in Libertador General Bernardo O'Higgins (Region VI),,Feldspar,,,,,,CL262,,,,,,,,,,,,USGS_MINFAC_2017,,Feldspar,,,,,827,,,,Plants in Libertador General Bernardo O'Higgins (Region VI),,,,,,,,,1,Feldspar
,Industrial,-70.1914,,,,,,Sociedad Minera Punta de Lobos S.A. ,e,-20.7482,,,,"8,000",,"K+S Aktiengesellschaft, 100%",,,,,Sociedad Minera Punta de Lobos S.A. ,P,Active,"K+S Aktiengesellschaft, 100%",Chile,Tarapacá,E,,-20.7482,2014,,,"Open pit mine in the Salar Grande de Tarapacá, Tarapacá (Region I), and port facilities at Puerto Patillos",Salt,-70.1914,,Salt,,797,Processing Plant,,CL,,,227,,Tarapacá,,,Port facilities at Puerto Patillos,tmt,Salt,,,,,,CL227,,,,,,,,,,,,USGS_MINFAC_2017,,Salt,,,,***CL226-227,828,,,,Port facilities at Puerto Patillos,,,,tmt,,,,"8,000",1,Salt
,Industrial,-69.5965,,,,,,Corporación Nacional del Cobre (CODELCO),e,-26.283,,,,100,,"Government, 100%",,,,,Corporación Nacional del Cobre (CODELCO),P,Active,"Government, 100%",Chile,Atacama,E,,-26.283,2014,,,"Potrerillos plant, Atacama (Region III)",Sulfuric Acid,-69.5965,,Sulfuric acid,,"825, 1875",Processing Plant,,CL,,,252,,Atacama,,,Potrerillos plant,tmt,Sulfuric acid,,,,,,CL252,,,,,,,,,,,,USGS_MINFAC_2017,,Sulfuric acid,,,,,830,,,,Potrerillos plant,,,,tmt,,,,100,1,Sulfuric Acid
,Metal,-69.5965,,,,,,Corporación Nacional del Cobre (CODELCO),e,-26.283,,,,70,,"Government, 100%",,,,,Corporación Nacional del Cobre (CODELCO),P,Active,"Government, 100%",Chile,Atacama,E,,-26.283,2014,,,"El Salvador Division, including Campamento Antiguo and Damiana Norte open pit mines; Inca underground mine; and Potrerillos SX-EW plant and refinery, Atacama (Region III)",Copper,-69.5965,,Copper,,"616, 1874",Smelter,,CL,,,90,,Atacama,,,Potrerillos SX-EW refinery and smelter,tmt,Copper,,,,,,CL90,,,,,,,,,,,,USGS_MINFAC_2017,,Copper,,,,***CL87-90,831,,,,Potrerillos SX-EW refinery and smelter,,,,tmt,,,,70,1,Copper
,Metal,-73.1295,,,,,,Compañía Siderúrgica Huachipato S.A. ,e,-36.7495,,,,"1,500",,"Subsidiary of CAP S.A. (private, 100%)",,,,,Compañía Siderúrgica Huachipato S.A. ,P,Active,"Subsidiary of CAP S.A. (private, 100%)",Chile,Biobío,E,,-36.7495,2014,,,Primary plant in Talcahuano (Region VIII),Iron,-73.1295,,Steel (crude),,826,Processing Plant,,CL,,,253,,Biobío,,,Primary plant in Talcahuano,tmt,Iron and steel,,,,,,CL253,,,,,,,,,,,,USGS_MINFAC_2017,,Iron and steel,,,,,832,,,,Primary plant in Talcahuano,,,,tmt,,,,"1,500",1,Iron
,Industrial,-71.5535,,,,,,Minera Alfa Quintay Ltda.,,-33.1911,,,,,,Minera Alfa Quintay Ltda.,,,,,Minera Alfa Quintay Ltda.,MP,Active,Minera Alfa Quintay Ltda.,Chile,Santiago,E,,-33.1911,2014,,,"Quarry and plant, Valparaíso",Feldspar,-71.5535,,Feldspar,,859,Processing Plant,,CL,,,286,,Santiago,,,"Quarry and plant, Valparaíso",,Feldspar,,,,,Y,CL286,,,,,,,,,,,,USGS_MINFAC_2017,,Feldspar,,,,,841,,,,"Quarry and plant, Valparaíso",,,,,,,,,1,Feldspar
,Industrial,-71.5535,,,,,,Minera Alfa Quintay Ltda.,e,-33.1911,,,,30,,Minera Alfa Quintay Ltda.,,,,,Minera Alfa Quintay Ltda.,MP,Active,Minera Alfa Quintay Ltda.,Chile,Santiago,E,,-33.1911,2014,,,"Quarry and plant, Valparaíso",Silica,-71.5535,,Silica (quartz),,860,Processing Plant,,CL,,,286,,Santiago,,,"Quarry and plant, Valparaíso",tmt,Silica,,,,,Y,CL286,,,,,,,,,,,,USGS_MINFAC_2017,,Silica,,,,,842,,,,"Quarry and plant, Valparaíso",,,,tmt,,,,30,1,Silica
,Industrial,-71.5535,,,,,,Minera Pacífico Ltda.,,-33.1911,,,,,,Minera Pacífico Ltda.,,,,,Minera Pacífico Ltda.,MP,Active,Minera Pacífico Ltda.,Chile,Santiago,E,,-33.1911,2014,,,"Quarry and plant, Valparaíso",Silica,-71.5535,,Silica (quartz),,861,Processing Plant,,CL,,,287,,Santiago,,,"Quarry and plant, Valparaíso",,Silica,,,,,,CL287,,,,,,,,,,,,USGS_MINFAC_2017,,Silica,,,,,843,,,,"Quarry and plant, Valparaíso",,,,,,,,,1,Silica
,Metal,-68.7964,,,,,,Compañía Minera Quebrada Blanca ,e,-21.0027,,,,100,,"Teck Cominco Ltd., 76.5%; Inversiones Mineras S.A., 13.5%; Empresa Nacional de Minería (ENAMI) (Government, 100%), 10%",,,,,Compañía Minera Quebrada Blanca ,P,Active,"Teck Cominco Ltd., 76.5%; Inversiones Mineras S.A., 13.5%; Empresa Nacional de Minería (ENAMI) (Government, 100%), 10%",Chile,Tarapacá,E,,-21.0027,2014,,,"Quebrada Blanca open pit mine and SX-EW plant, Tarapacá (Region I)",Copper,-68.7964,,Copper,,"872, 1799",SX-EW Plant,,CL,,,295,,Tarapacá,,,Quebrada Blanca SX-EW plant,tmt,Copper,,,,,,CL295,,,,,,,,,,,,USGS_MINFAC_2017,,Copper,,,,***CL294-295,858,,,,Quebrada Blanca SX-EW plant,,,,tmt,,,,100,1,Copper
,Metal,-68.8674,,,,,,Corporación Nacional del Cobre (CODELCO),e,-22.1927,,,,480,,"Government, 100%",,,,,Corporación Nacional del Cobre (CODELCO),P,Active,"Government, 100%",Chile,Antofagasta,E,,-22.1927,2014,,,"Radomiro Tomic Division Mine, and Radomiro Tomic SX-EW plant, Antofagasta (Region II)",Copper,-68.8674,,Copper,,"874, 1858",SX-EW Plant,,CL,,,299,,Antofagasta,,,Radomiro Tomic SX-EW plant,tmt,Copper,,,,,,CL299,,,,,,,,,,,,USGS_MINFAC_2017,,Copper,,,,***CL298-299,863,,,,Radomiro Tomic SX-EW plant,,,,tmt,,,,480,1,Copper
,Industrial,-71.693,,,,,,Sociedad Legal Minera Serrín Tercera,e,-36.2496,,,,300,,Sociedad Legal Minera Serrín Tercera,,,,,Sociedad Legal Minera Serrín Tercera,P,Active,Sociedad Legal Minera Serrín Tercera,Chile,Maule,E,,-36.2496,2014,,,"Serrin Tercera Mine and Remulcao Plant at Talca, Maule (Region VII)",Zeolites,-71.693,,Zeolites,,880,Processing Plant,,CL,,,303,,Maule,,,Remulcao Plant at Talca,mt,Zeolites,,,,,,CL303,,,,,,,,,,,,USGS_MINFAC_2017,,Zeolites,,,,***CL303-304,864,,,,Remulcao Plant at Talca,,,,mt,,,,300,1,Zeolites
,Industrial,-70.3112,,,,,,Rockwood Lithium Ltda. ,e,-23.7593,,,,50,,"Rockwood Holdings Inc., 100%",,,,,Rockwood Lithium Ltda. ,B,Active,"Rockwood Holdings Inc., 100%",Chile,Atacama,E,,-23.7593,2014,,,"Chemetall Foote plant at La Negra, Antofagasta (Region II); and Salar de Atacama, Atacama (Region III)",Potash,-70.3112,,Potash (KCl and K2SO4) [K2O content],,562,Processing Plant,,CL,,,43,,Atacama,,,Salar de Atacama,tmt,Potash,,,,,,CL43,,,,,,,,,,,,USGS_MINFAC_2017,,Potash,,,,***CL42-43,866,,,,Salar de Atacama,,,,tmt,,,,50,1,Potash
,Metal,-69.2818,,,,,,Minera Spence S.A. ,e,-22.8015,,,,200,,"BHP Billiton plc, 100%",,,,,Minera Spence S.A. ,P,Active,"BHP Billiton plc, 100%",Chile,Antofagasta,E,,-22.8015,2014,,,"Spence Mine and SX-EW plant, Antofagasta (Region II)",Copper,-69.2818,,Copper,,"883, 1646",SX-EW Plant,,CL,,,306,,Antofagasta,,,Spence SX-EW plant,tmt,Copper,,,,,,CL306,,,,,,,,,,,,USGS_MINFAC_2017,,Copper,,,,***CL305-306,877,,,,Spence SX-EW plant,,,,tmt,,,,200,1,Copper
,Metal,-70.7281,,,,,,Gerdau AZA S.A.,e,-33.296,,,,520,,Gerdau AZA S.A.,,,,,Gerdau AZA S.A.,P,Active,Gerdau AZA S.A.,Chile,Santiago,E,,-33.296,2014,,,"Steel plants in Renca and Colina, Santiago Metropolitan Region",Iron,-70.7281,,Steel (crude),,"884, 1685",Steel Plant,,CL,,,307,,Santiago,,,Steel plant in Colina,tmt,Iron and steel,,,,,,CL307,,,,,,,,,,,,USGS_MINFAC_2017,,Iron and steel,,,,***CL307-308,878,,,,Steel plant in Colina,,,,tmt,,,,520,1,Iron
,Metal,-70.6846,,,,,,Gerdau AZA S.A.,e,-33.402,,,,520,,Gerdau AZA S.A.,,,,,Gerdau AZA S.A.,P,Active,Gerdau AZA S.A.,Chile,Santiago,E,,-33.402,2014,,,"Steel plants in Renca and Colina, Santiago Metropolitan Region",Iron,-70.6846,,Steel (crude),,"885, 1686",Steel Plant,,CL,,,308,,Santiago,,,Steel plant in Renca,tmt,Iron and steel,,,,,,CL308,,,,,,,,,,,,USGS_MINFAC_2017,,Iron and steel,,,,***CL307-308,879,,,,Steel plant in Renca,,,,tmt,,,,520,1,Iron
,Metal,-71.0917,,,,,,Compañía Minera Carmen de Andacollo ,e,-30.261,,,,22,,"Teck Cominco Ltd., 90%, and Empresa Nacional de Minería (ENAMI) (Government, 100%), 10%",,,,,Compañía Minera Carmen de Andacollo ,P,Active,"Teck Cominco Ltd., 90%, and Empresa Nacional de Minería (ENAMI) (Government, 100%), 10%",Chile,Coquimbo,E,,-30.261,2014,,,"Carmen de Andacollo Mine and SX-EW plant, Coquimbo (Region IV)",Copper,-71.0917,,Copper,,"545, 1797",SX-EW Plant,,CL,,,28,,Coquimbo,,,SX-EW plant,tmt,Copper,,,,,,CL28,,,,,,,,,,,,USGS_MINFAC_2017,,Copper,,,,***CL27-28,881,,,,SX-EW plant,,,,tmt,,,,22,1,Copper
,Industrial,-73.119,,,,,,Cementos Bío Bío S.A. ,e,-36.7425,,,,750,,"Private, 100%",,,,,Cementos Bío Bío S.A. ,P,Active,"Private, 100%",Chile,Biobío,E,,-36.7425,2014,,,"Talcahuano plant, Biobío (Region VIII)",Cement,-73.119,,Cement,,886,Processing Plant,,CL,,,309,,Biobío,,,Talcahuano plant,tmt,Cement,,,,,,CL309,,,,,,,,,,,,USGS_MINFAC_2017,,Cement,,,,,882,,,,Talcahuano plant,,,,tmt,,,,750,1,Cement
,Industrial,-70.2595,,,,,,SQM Salar S.A. ,e,-23.6351,,,,"2,600",,"Sociedad Química y Minera de Chile S.A. (SQM), 100%",,,,,SQM Salar S.A. ,P,Active,"Sociedad Química y Minera de Chile S.A. (SQM), 100%",Chile,Antofagasta,E,,-23.6351,2014,,,"A dual-use plant and three KCl plants at Salar del Carmen, near the city of Antofagasta, Antofagasta (Region II)",Potash,-70.2595,,Potash (KCl and K2SO4) [K2O content],,514,Processing Plant,,CL,,,6,,Antofagasta,,,Three KCl plants at Salar del Carmen,tmt,Potash,,,,,,CL6,,,,,,,,,,,,USGS_MINFAC_2017,,Potash,,,,***CL5-6,883,,,,Three KCl plants at Salar del Carmen,,,,tmt,,,,"2,600",1,Potash
,Metal,-70.7086,,,,,,Anglo American Sur S.A. ,e,-33.1409,,,,"3,000",,"Anglo American plc, 50.1%, Mitsubishi Corp., 20.4%, Corporación Nacional del Cobre, 20%, and Mitsui & Co., Ltd., 9.5% ",,,,,Anglo American Sur S.A. ,P,Active,"Anglo American plc, 50.1%, Mitsubishi Corp., 20.4%, Corporación Nacional del Cobre, 20%, and Mitsui & Co., Ltd., 9.5% ",Chile,Santiago,E,,-33.1409,2014,,,"Los Bronces Mine and Tortolas molybdenum flotation plant, Santiago Metropolitan Region",Molybdenum,-70.7086,,Molybdenum (mine output),,"692, 1621",Concentrator,,CL,,,144,,Santiago,,,Tortolas molybdenum flotation plant,mt,Molybdenum,,,,,,CL144,,,,,,,,,,,,USGS_MINFAC_2017,,Molybdenum,,,,***CL143-144,886,,,,Tortolas molybdenum flotation plant,,,,mt,,,,"3,000",1,Molybdenum
,Metal,-71.0165,,,,,,Vecchiola SA,,-31.7364,,,,,,Vecchiola SA,,,,,Vecchiola SA,P,Active,Vecchiola SA,Chile,Coquimbo,E,,-31.7364,2014,,,Tres Valles Mine and SX-EW plant,Copper,-71.0165,,Copper,,2000,SX-EW Plant,,CL,,,323,,Coquimbo,,,Tres Valles SX-EW plant,,Copper,,,,,Y,CL323,,,,,,,,,,,,USGS_MINFAC_2017,,Copper,,,,,888,,,,Tres Valles SX-EW plant,,,,,,,,,1,Copper
,Fuel,-70.8099,,,,,,Methanex Chile S.A. ,e,-52.9431,,,,"3,800",,"Methanex Corp., 100%",,,,,Methanex Chile S.A. ,P,Active,"Methanex Corp., 100%",Chile,Magallanes y de la Antártica Chilena,E,,-52.9431,2014,,,"Two methanol plants at Cabo Negro, near Punta Arenas City, Magallanes y de la Antártica Chilena (Region XII)",Methanol,-70.8099,,Methanol,,"887, 1885",Processing Plant,,CL,,,310,,Magallanes y de la Antártica Chilena,,,Two methanol plants at Cabo Negro,mt,Methanol,,,,,,CL310,,,,,,,,,,,,USGS_MINFAC_2017,,Methanol,,,,,889,,,,Two methanol plants at Cabo Negro,,,,mt,,,,"3,800",1,Methanol
,Metal,-70.7387,,,,,,Empresa Nacional de Minería (ENAMI),e,-28.5652,,,,180,,"Government, 100%",,,,,Empresa Nacional de Minería (ENAMI),P,Active,"Government, 100%",Chile,Atacama,E,,-28.5652,2014,,,"Concentration plants: Manuel Antonio Matta, Paipote; Osvaldo Martínez, El Salado; and Vallenar, Atacama (Region III); and José Antonio Moreno, Taltal, Antofagasta (Region II)",Copper,-70.7387,,Copper,,"586, 1863",Processing Plant,,CL,,,62,,Atacama,,,Vallenar plant,tmt,Copper,,,,,,CL62,,,,,,,,,,,,USGS_MINFAC_2017,,Copper,,,,***CL59-62,891,,,,Vallenar plant,,,,tmt,,Different FACIDs for different products,,180,1,Copper
,Metal,-70.7387,,,,,,Empresa Nacional de Minería (ENAMI),e,-28.5652,,,,400,,"Government, 100%",,,,,Empresa Nacional de Minería (ENAMI),P,Active,"Government, 100%",Chile,Atacama,E,,-28.5652,2014,,,"Manuel Antonio Matta plant, Paipote; Osvaldo Martínez plant, El Salado; and Vallenar plant, Atacama (Region III); and José Antonio Moreno plant, Taltal, Antofagasta (Region II)",Gold,-70.7387,,Gold,,"710, 1864",Processing Plant,,CL,,,155,,Atacama,,,Vallenar plant,kg,Gold,,,,,,CL155,,,,,,,,,,,,USGS_MINFAC_2017,,Gold,,,,***CL152-155,892,,,,Vallenar plant,,,,kg,,Different FACIDs for different products,,400,1,Gold
,Metal,-70.7387,,,,,,Empresa Nacional de Minería (ENAMI),e,-28.5652,,,,"6,000",,"Government, 100%",,,,,Empresa Nacional de Minería (ENAMI),P,Active,"Government, 100%",Chile,Atacama,E,,-28.5652,2014,,,"Manuel Antonio Matta plant, Paipote; Osvaldo Martínez plant, El Salado; Vallenar plant, Atacama (Region III); and José Antonio Moreno plant, Taltal, Antofagasta (Region II)",Silver,-70.7387,,Silver,,"714, 1865",Processing Plant,,CL,,,159,,Atacama,,,Vallenar plant,kg,Silver,,,,,,CL159,,,,,,,,,,,,USGS_MINFAC_2017,,Silver,,,,***CL156-159,893,,,,Vallenar plant,,,,kg,,Different FACIDs for different products,,"6,000",1,Silver
,Metal,-71.4812,,,,,,Corporación Nacional del Cobre (CODELCO),e,-32.7618,,,,"12,000",,"Government, 100%",,,,,Corporación Nacional del Cobre (CODELCO),P,Active,"Government, 100%",Chile,Valparaíso,E,,-32.7618,2014,,,"Ventanas refinery, Valparaíso (Region V)",Gold,-71.4812,,Ingots,,891,Smelter,,CL,,,313,,Valparaíso,,,Ventanas refinery and smelter,kg,Gold,,,,,Y,CL313,,,,,,,,,,,,USGS_MINFAC_2017,,Gold,,,,,894,,,,Ventanas refinery and smelter,,,,kg,,,,"12,000",1,Gold
,Metal,-71.4812,,,,,,Corporación Nacional del Cobre (CODELCO),e,-32.7618,,,,95,,"Government, 100%",,,,,Corporación Nacional del Cobre (CODELCO),P,Active,"Government, 100%",Chile,Valparaíso,E,,-32.7618,2014,,,"Ventanas refinery, Valparaíso (Region V)",Selenium,-71.4812,,Selenium,,892,Smelter,,CL,,,313,,Valparaíso,,,Ventanas refinery and smelter,mt,Selenium,,,,,Y,CL313,,,,,,,,,,,,USGS_MINFAC_2017,,Selenium,,,,,895,,,,Ventanas refinery and smelter,,,,mt,,,,95,1,Selenium
,Metal,-71.4812,,,,,,Corporación Nacional del Cobre (CODELCO),e,-32.7618,,,,"220,000",,"Government, 100%",,,,,Corporación Nacional del Cobre (CODELCO),P,Active,"Government, 100%",Chile,Valparaíso,E,,-32.7618,2014,,,"Ventanas refinery, Valparaíso (Region V)",Silver,-71.4812,,Metal (grains),,2001,Smelter,,CL,,,313,,Valparaíso,,,Ventanas refinery and smelter,kg,Silver,,,,,Y,CL313,,,,,,,,,,,,USGS_MINFAC_2017,,Silver,,,,,896,,,,Ventanas refinery and smelter,,,,kg,,,,"220,000",1,Silver
,Industrial,-71.4812,,,,,,Corporación Nacional del Cobre (CODELCO),e,-32.7618,,,,380,,"Government, 100%",,,,,Corporación Nacional del Cobre (CODELCO),P,Active,"Government, 100%",Chile,Valparaíso,E,,-32.7618,2014,,,"Ventanas refinery, Valparaíso (Region V)",Sulfuric Acid,-71.4812,,Sulfuric acid,,894,Smelter,,CL,,,313,,Valparaíso,,,Ventanas refinery and smelter,tmt,Sulfuric acid,,,,,Y,CL313,,,,,,,,,,,,USGS_MINFAC_2017,,Sulfuric acid,,,,,897,,,,Ventanas refinery and smelter,,,,tmt,,,,380,1,Sulfuric Acid
,Metal,-69.0689,,,,,,Compañía Minera Zaldívar ,e,-24.201,,,,150,,"Barrick Gold Corp., 100%",,,,,Compañía Minera Zaldívar ,P,Active,"Barrick Gold Corp., 100%",Chile,Antofagasta,E,,-24.201,2014,,,"Zaldívar open pit mine and SX-EW plant, Antofagasta (Region II)",Copper,-69.0689,,Copper,,"897, 1633",SX-EW Plant,,CL,,,317,,Antofagasta,,,Zaldívar SX-EW plant,tmt,Copper,,,,,,CL317,,,,,,,,,,,,USGS_MINFAC_2017,,Copper,,,,***CL316-317,900,,,,Zaldívar SX-EW plant,,,,tmt,,,,150,1,Copper
