Country Code,Country Name,Year,Last_Known_ECI,Ensemble,LASSO,Ridge,Elastic Net,Random Forest,XGBoost,LASSO (Δ),Ridge (Δ),Elastic Net (Δ),Random Forest (Δ),XGBoost (Δ)
AGO,Angola,2020,-1.204,-1.1930515703308218,-1.1499846262297237,-1.2775742469529217,-1.16060223299751,-1.1349545667013197,-1.255548,-1.1742303410338684,-1.2357529474462756,-1.1763808349933993,-1.172131154221876,-1.1933568
AGO,Angola,2021,-1.204,-1.19676758809255,-1.113647385573349,-1.3477680054911896,-1.1339640797045047,-1.1265137297214978,-1.3036116,-1.1519832126457412,-1.2735462508861695,-1.155963966491279,-1.1640807533643436,-1.1965969
AGO,Angola,2022,-1.204,-1.2169895443863934,-1.0909333133248769,-1.4154765624199372,-1.119699113012312,-1.1543863284854279,-1.3557382,-1.1362727843205516,-1.3163644557298428,-1.141796580350441,-1.2141695876231322,-1.2250586
AGO,Angola,2023,-1.204,-1.2481333328715678,-1.078717585753577,-1.4813583680847593,-1.1145691639731887,-1.1747746296213935,-1.3778058,-1.1262424190100266,-1.3633635862656388,-1.133051928678766,-1.339473366406392,-1.2919765
AGO,Angola,2024,-1.204,-1.296862952685161,-1.0745921613458718,-1.5458976883713216,-1.1161837362049205,-1.1778897520326197,-1.5235766,-1.1211477422793545,-1.413842188180391,-1.1290126500873587,-1.45559724635026,-1.4108897
AGO,Angola,2025,-1.204,-1.3474913649613764,-1.0767013629721724,-1.6094506829347728,-1.1227781061722018,-1.1778897520326197,-1.679852,-1.1203419302486677,-1.4672172611025678,-1.1290562968298354,-1.5640121318326443,-1.5276141
AGO,Angola,2026,-1.204,-1.3893346115837502,-1.0836151747503349,-1.672279294033923,-1.1330495113277914,-1.183629254213283,-1.7173666,-1.1232629255554345,-1.5230042553946137,-1.1326427768368763,-1.6724270173150289,-1.6520693
AGO,Angola,2027,-1.204,-1.4241068262323469,-1.094231602486122,-1.7345761705158793,-1.1460362201480048,-1.1844645894219668,-1.7299535,-1.129422328669877,-1.5808004468684844,-1.1393034572874343,-1.7549115837512612,-1.7473683
AGO,Angola,2028,-1.204,-1.4523996247222182,-1.1077014309929791,-1.7964829984852826,-1.1610282586428702,-1.1844645894219668,-1.726155,-1.1383957450077615,-1.6402711189976038,-1.148631709879711,-1.826919086971375,-1.7939463
AGO,Angola,2029,-1.204,-1.4789850342578403,-1.1233702408221946,-1.8581039828338297,-1.177501506458607,-1.185390622080552,-1.7243291,-1.1498143970577568,-1.70113807852592,-1.1602747070514918,-1.8759960092937686,-1.8339317
AGO,Angola,2030,-1.204,-1.5024865169693233,-1.1407337253838346,-1.9195157624068124,-1.1950690449909738,-1.1888839766152928,-1.7139202,-1.163357835742716,-1.7631701104354456,-1.1739263036375058,-1.9198650257379157,-1.8464231
ARE,United Arab Emirates,2020,0.333,0.29040765442998157,0.22413363016230547,0.3377339787254129,0.24517306455577326,0.2530398703271715,0.31876713,0.27412028446784187,0.3402460885595165,0.27837036131014675,0.3236426818906529,0.30884945
ARE,United Arab Emirates,2021,0.333,0.26225095886728883,0.1377601828157239,0.34625873612051883,0.1810893507673127,0.22014485534449524,0.30849135,0.22106190830263098,0.3483883878755003,0.22947917159678216,0.3229808025363255,0.30685484
ARE,United Arab Emirates,2022,0.333,0.24389514301619936,0.06872776640144418,0.3577082044411871,0.1345945023018028,0.21239420689866498,0.31925547,0.17306198274944806,0.357373726921996,0.18557585106910998,0.3231572465587451,0.30710247
ARE,United Arab Emirates,2023,0.333,0.22933542206154184,0.013066246980370066,0.37144542288093574,0.10114522114549773,0.21370237356533167,0.31943595,0.1294575959170638,0.3671579136150646,0.14600912868509358,0.3224223147723958,0.30951205
ARE,United Arab Emirates,2024,0.333,0.2174865223689985,-0.032283827168179124,0.3870019303156279,0.0773875323698352,0.2150387178043075,0.31512305,0.08967271077163856,0.377704218547143,0.11021390267221443,0.31992297660981955,0.315084
ARE,United Arab Emirates,2025,0.333,0.20942182861125894,-0.06968012079173225,0.40403319090790213,0.06084544875421216,0.2150387178043075,0.31991675,0.05320678015336913,0.3889821147717807,0.07769983952461787,0.3151864118871645,0.32898915
ARE,United Arab Emirates,2026,0.333,0.20298920720427813,-0.10093948984005519,0.422285811287188,0.049691135312629586,0.2150387178043075,0.31991675,0.019624853799566494,0.40096623039976387,0.04804148145990779,0.31128376111596695,0.34398282
ARE,United Arab Emirates,2027,0.333,0.1975429207966915,-0.1274620339437933,0.4415734299976185,0.0425752390644899,0.21503871780430747,0.31991675,-0.01145101815384933,0.4136354780693633,0.020869662752226105,0.30470486762664395,0.3560281
ARE,United Arab Emirates,2028,0.333,0.19314411883272511,-0.1503266933326245,0.4617589850783591,0.03850163427623754,0.2150387178043075,0.31585515,-0.040349255096430905,0.42697233142213786,-0.004135938234996594,0.30227700444035127,0.36584926
ARE,United Arab Emirates,2029,0.333,0.19007130669629008,-0.17036491742181759,0.4827416725245234,0.03673495630176371,0.2150387178043075,0.31585515,-0.0673552369308715,0.44096222375959976,-0.027253261580341637,0.2998491412540586,0.37450463
ARE,United Arab Emirates,2030,0.333,0.1875420208805856,-0.1882174350591208,0.5044473547173344,0.036732340777134165,0.2150387178043075,0.31326,-0.09271694441425186,0.45559304824817337,-0.0487234732821759,0.296846615912206,0.38316
AZE,Azerbaijan,2020,-0.827,-0.8276310878245546,-0.8103746648134194,-0.8053044092824024,-0.7931068591818298,-0.870587619221663,-0.8249272,-0.8238654295051617,-0.8262803696134234,-0.8212330471025648,-0.85555047581338,-0.8450808
AZE,Azerbaijan,2021,-0.827,-0.8267952801646654,-0.8027139044979674,-0.7959032757105574,-0.7738114430573428,-0.8946229976526416,-0.7804227,-0.8245172129578501,-0.8311000672463037,-0.8195879748073791,-0.8806448040048802,-0.86462843
AZE,Azerbaijan,2022,-0.827,-0.8339053751090951,-0.8019623124642636,-0.7955609380059345,-0.7652997821240773,-0.900285262852114,-0.7924182,-0.8284591472222175,-0.8405347074912626,-0.8215204644069382,-0.911999143993321,-0.8810138
AZE,Azerbaijan,2023,-0.827,-0.8418487869385463,-0.8065359579626037,-0.801897686923567,-0.7647563097934323,-0.900285262852114,-0.7907304,-0.8352600567735264,-0.8538160050504205,-0.8265582156658994,-0.9425834973115926,-0.89606446
AZE,Azerbaijan,2024,-0.827,-0.8454744331433067,-0.8152142374234456,-0.8131633342938355,-0.7701025051937204,-0.9010369371378283,-0.76977456,-0.8445452718047933,-0.8703054142541611,-0.8342914181014899,-0.9585776648915791,-0.877733
AZE,Azerbaijan,2025,-0.827,-0.8649142776997134,-0.8270565332886939,-0.8280706814240618,-0.7798039528252226,-0.9100690345166927,-0.8058087,-0.8559892231308225,-0.8894722200500013,-0.8443644830029212,-1.0186683361900528,-0.8898396
AZE,Azerbaijan,2026,-0.827,-0.8862747208318954,-0.8413379899109665,-0.8456730412647083,-0.7927279092270249,-0.9125888659850178,-0.83479863,-0.8693090075329044,-0.9108753287459254,-0.8564688693822115,-1.081713114280907,-0.91725445
AZE,Azerbaijan,2027,-0.827,-0.9140862179169765,-0.8575000213856949,-0.8652741604907365,-0.8080381551687562,-0.9144926348238858,-0.89413303,-0.8842587963675568,-0.9341481337340634,-0.8703368591190248,-1.1678085438506163,-0.94487184
AZE,Azerbaijan,2028,-0.827,-0.9511052061897715,-0.8751121720574537,-0.8863619705227104,-0.8251173729387103,-0.9285819306232913,-0.94564694,-0.9006249769292333,-0.9589859369256271,-0.8857361557122546,-1.278617672039112,-1.0262669
AZE,Azerbaijan,2029,-0.827,-0.9945263499654174,-0.8938427255872301,-0.9085598638521044,-0.8435098433386844,-0.9277530860854764,-1.0366358,-0.9182219305393112,-0.9851354943165035,-0.9024651976674507,-1.3651249046999085,-1.1640147
AZE,Azerbaijan,2030,-0.827,-1.0364550426463561,-0.913436055807308,-0.9315908595799263,-0.8628791431887302,-0.9296225416410319,-1.1228359,-0.936888363918135,-1.0123863269835256,-0.920349091967062,-1.4497892958955412,-1.2847729
BFA,Burkina Faso,2020,-0.884,-0.898893851389276,-0.8658967283735136,-1.017671958385327,-0.8830327426213659,-0.8686427631710408,-0.90218747,-0.8682175322101773,-0.9449402088044492,-0.8708875578289212,-0.8816722211025493,-0.88578933
BFA,Burkina Faso,2021,-0.884,-0.903221980199692,-0.850004463941492,-1.1244563232583824,-0.8805661241100471,-0.8686427631710407,-0.87927663,-0.853187793449226,-0.999422577152806,-0.8583001615089428,-0.8691639055169829,-0.84919906
BFA,Burkina Faso,2022,-0.884,-0.9083111535641872,-0.8358120833889627,-1.2113943149048403,-0.8769609106117017,-0.8686799140975857,-0.8776661,-0.8388121382894483,-1.0484883920432222,-0.8461638347185416,-0.8582348817268225,-0.82089895
BFA,Burkina Faso,2023,-0.884,-0.9113861760777114,-0.8229257065271308,-1.2836644905243817,-0.8724834286151381,-0.866821356405278,-0.87910664,-0.8250048488242494,-1.0930030993007482,-0.8344143888976269,-0.8440263542954766,-0.79241145
BFA,Burkina Faso,2024,-0.884,-0.9136482266928508,-0.8110418026842767,-1.345075487481319,-0.8673302869194212,-0.8651847793853651,-0.8818655,-0.811691440511543,-1.1336859977137366,-0.8229961282348673,-0.8358038181152598,-0.761807
BFA,Burkina Faso,2025,-0.884,-0.9177480518891932,-0.7999264660400635,-1.3984284177482553,-0.8616466270012497,-0.8651847793853651,-0.8950547,-0.7988071900370274,-1.1711349187488707,-0.8118607259973462,-0.8294888581137462,-0.74594784
BFA,Burkina Faso,2026,-0.884,-0.9244402108725316,-0.7893994448509767,-1.4457833956213375,-0.8555395958874026,-0.8651847793853651,-0.9341185,-0.7862958561015438,-1.205846738625525,-0.8009662495323446,-0.8271143283114284,-0.7341532
BFA,Burkina Faso,2027,-0.884,-0.9286223650040331,-0.7793218341039087,-1.4886555590010486,-0.8490882921622996,-0.8651847793853651,-0.93622786,-0.7741085678497415,-1.2382344265350824,-0.7902763142705388,-0.834279852055069,-0.73084617
BFA,Burkina Faso,2028,-0.884,-0.9340516150180296,-0.7695865912688381,-1.5281592357971436,-0.8423511083567032,-0.8651847793853651,-0.95524764,-0.7622028589705915,-1.2686412139432115,-0.7797593496625103,-0.8414453757987097,-0.727938
BFA,Burkina Faso,2029,-0.884,-0.9398821274810185,-0.7601112275789669,-1.5651139729895134,-0.8353711512806001,-0.8640943641574645,-0.97912526,-0.7505418283793996,-1.2973523711351613,-0.7693879622387447,-0.8505839012007252,-0.72713923
BFA,Burkina Faso,2030,-0.884,-0.9454216593595912,-0.7508321758087583,-1.6001225170824567,-0.8281802434469553,-0.8640943641574645,-1.0043916,-0.7390934108927623,-1.3246049950667353,-0.7591383829427683,-0.8574184804820395,-0.7263405
BHR,Bahrain,2020,0.492,0.3851778017494309,0.32180723987777704,0.3902007115515539,0.31310037313879424,0.3197807992309101,0.3501985,0.397690684828383,0.41603794303627295,0.39918527897632433,0.48544456678936704,0.4583319
BHR,Bahrain,2021,0.492,0.31842119844592587,0.18851348466284323,0.32191787262483895,0.1808046407601318,0.3008740618670836,0.30300036,0.31418029025245336,0.3555922962272553,0.31731492214562895,0.47735024326964,0.4246638
BHR,Bahrain,2022,0.492,0.26842913777305977,0.08365905677344354,0.27836287158127615,0.08294783920347015,0.30006120045728674,0.28496468,0.24005361358973354,0.30809955055628147,0.24494582916287738,0.46872831308324625,0.39246842
BHR,Bahrain,2023,0.492,0.21934161947979885,0.0007247869495622394,0.25307200948379915,0.010549491511125941,0.29853974762709806,0.18466265,0.1740809150116251,0.27142909440533347,0.1808258353988058,0.4601063828968525,0.35942528
BHR,Bahrain,2024,0.492,0.18431267849639718,-0.06531310584891958,0.24129147473312795,-0.04302001245285869,0.2994498758322263,0.1511416,0.11519361256533413,0.24381011057138158,0.12386844935324083,0.45032265100530766,0.32638213
BHR,Bahrain,2025,0.492,0.15200567255996922,-0.11832603144930132,0.23952501465080767,-0.08265481481054449,0.29535901989367863,0.092763625,0.06246316237248738,0.22377081811601962,0.07313093254566566,0.4399746037067861,0.2940504
BHR,Bahrain,2026,0.492,0.1225288711598588,-0.16129736311789855,0.24520126465153258,-0.11196789228600923,0.29235427479728526,0.02878527,0.01508270658581326,0.2100879743878039,0.027795279641933353,0.4213598039945257,0.2578874
BHR,Bahrain,2027,0.492,0.10340652745799994,-0.1965261382708493,0.25642908114853913,-0.13362643362922633,0.29116512369371994,0.027231177,-0.027648873611866964,0.20174490459141387,-0.012848284911326946,0.4023732761987779,0.22577144
BHR,Bahrain,2028,0.492,0.08651189251594357,-0.2257840336542315,0.27181759795109184,-0.14959942352270805,0.2738037037711429,0.03641422,-0.06634081514805477,0.19789661886468246,-0.049415626702190275,0.3826711917953132,0.19365549
BHR,Bahrain,2029,0.492,0.07094806254595776,-0.25043633304749163,0.29034388439751513,-0.16134041514299935,0.261634550340345,0.029082103,-0.10152251421742796,0.1978408200025926,-0.08244112652297003,0.3670042645739535,0.15931539
BHR,Bahrain,2030,0.492,0.05795102710766451,-0.2715351470021432,0.3112556128048404,-0.16992245738469502,0.261634550340345,0.027741788,-0.1336539894404741,0.20099380708012973,-0.11238846157324167,0.3443989560235028,0.12098561
BOL,Bolivia,2020,-0.964,-0.8778443672195388,-0.8326824965721445,-0.7978160412579124,-0.803906852252641,-0.9734349764028783,-0.82033837,-0.8874271861087749,-0.8687391037312597,-0.8855862566551497,-0.9600103270475757,-0.94850206
BOL,Bolivia,2021,-0.964,-0.8090077055898632,-0.7307024973078948,-0.6771088293363243,-0.6842834065440428,-0.9749485336071007,-0.7111898,-0.8205170589762089,-0.7902266086957469,-0.8171011266804219,-0.9501472905730356,-0.9338519
BOL,Bolivia,2022,-0.964,-0.7526065775374653,-0.6513301275711756,-0.5898416392314323,-0.5945329468495015,-0.9661628691824861,-0.6193763,-0.7620033197995997,-0.7256309309322303,-0.7572305708666505,-0.9395443499264089,-0.9204127
BOL,Bolivia,2023,-0.964,-0.7098431135924405,-0.5893792332293651,-0.5271619047118045,-0.5268327153916437,-0.9643190653476778,-0.56373984,-0.7107856187196161,-0.6725986534462808,-0.704834409721229,-0.9303176515639112,-0.90846205
BOL,Bolivia,2024,-0.964,-0.6707229739535453,-0.5408532770300264,-0.48255889060179075,-0.4754077589584748,-0.9645791262386355,-0.468328,-0.6659078071476736,-0.6291737785964726,-0.658923320196343,-0.9203241304326322,-0.90117365
BOL,Bolivia,2025,-0.964,-0.6390854549754947,-0.502672460416913,-0.45124419188760656,-0.43599486430093004,-0.968024517267677,-0.39568114,-0.6265390401341413,-0.593730616255506,-0.6186388759658886,-0.9061051249371126,-0.8922237
BOL,Bolivia,2026,-0.964,-0.6113276190563474,-0.4724634390301617,-0.4296961137133794,-0.405446821988939,-0.9683456262459035,-0.35713062,-0.5919573552784377,-0.5649180050855415,-0.5832362285610305,-0.8866295992848814,-0.8534524
BOL,Bolivia,2027,-0.964,-0.5916167725511638,-0.4483972739480781,-0.4153245797129336,-0.3814402842052431,-0.9710644921277536,-0.35239717,-0.5615354036292515,-0.5416129531152213,-0.5520690799540224,-0.868035732765134,-0.82429075
BOL,Bolivia,2028,-0.964,-0.5752832317636273,-0.42906455419943684,-0.406224684476468,-0.3622600981454611,-0.9710644921277536,-0.35239717,-0.534728050555756,-0.5228821069896089,-0.5245766434101855,-0.8509017565201302,-0.79873276
BOL,Bolivia,2029,-0.964,-0.5607875485569276,-0.41337916407952613,-0.40099544050118996,-0.34664009560157666,-0.9720031920024403,-0.35239717,-0.5110616015294037,-0.507949727872283,-0.5002723295415121,-0.8361533762271555,-0.7670234
BOL,Bolivia,2030,-0.964,-0.5481303662777086,-0.4005041246318136,-0.3986064732746005,-0.33364555989592914,-0.9720031920024403,-0.36125043,-0.4901244398711446,-0.4961710752272507,-0.4787339293015321,-0.8216806851178612,-0.72858375
CHL,Chile,2020,-0.413,-0.2805880897663898,-0.22077701623359525,-0.08533271746193105,-0.17679205357689765,-0.3810180430070805,-0.32441056,-0.2875398310138525,-0.2144267203454667,-0.28488411405422986,-0.42135353193948827,-0.4093463
CHL,Chile,2021,-0.413,-0.17877884405547737,-0.06342223653886592,0.1655999422824287,0.00847689118884487,-0.3801949183800495,-0.30035052,-0.17253617424060264,-0.04295097010085036,-0.16766828945451276,-0.4290495313099302,-0.40569264
CHL,Chile,2022,-0.413,-0.09064725633401889,0.06706333237421969,0.3601119147020543,0.1561479143844332,-0.3790431878308504,-0.24727128,-0.06661869974755673,0.10601283624048782,-0.059909421084929346,-0.43763361122566546,-0.40533236
CHL,Chile,2023,-0.413,-0.01673768295289444,0.17684384873314662,0.5131433483093791,0.2760697311936522,-0.3790431878308504,-0.21052472,0.03140334013515521,0.23627592059832386,0.03964465982343461,-0.44621769114140075,-0.40497208
CHL,Chile,2024,-0.413,0.045942201211858914,0.27066951612926304,0.6356821699841774,0.37551290667849524,-0.3790431878308504,-0.18963683,0.12256464513894273,0.3510059073688776,0.13208044836268823,-0.45480177105713604,-0.4046118
CHL,Chile,2025,-0.413,0.10024853734785011,0.3522009210249085,0.735809593712695,0.4598447517352837,-0.37904318783085034,-0.17573632,0.2077643171988918,0.4528355071438525,0.21834068613003726,-0.46379086997801483,-0.40574002
CHL,Chile,2026,-0.413,0.14762191411928402,0.42425897266967294,0.8194690536118551,0.5330275479765374,-0.3790431878308504,-0.17573632,0.28778363059693735,0.5439528471102787,0.29924338116395055,-0.46986853192860806,-0.40686825
CHL,Chile,2027,-0.413,0.19593911757389612,0.48901751098682655,0.8910317257403922,0.5979863496575768,-0.37793050270895473,-0.15618367,0.36330147332096296,0.62617654743921,0.37549831136431344,-0.4664610109687677,-0.38304555
CHL,Chile,2028,-0.413,0.24300986574432323,0.548151733437151,0.9537124484830818,0.6568805041527863,-0.3779305027089548,-0.110454716,0.4349077648278736,0.7010181195940428,0.4477213443552497,-0.4603212555005147,-0.36358678
CHL,Chile,2029,-0.413,0.2826055745950356,0.6029525752466333,1.0098756166163754,0.7113040950846437,-0.3779305027089548,-0.10650123,0.503115115403675,0.7697338274941715,0.5164468626957331,-0.45418150003226176,-0.3487591
CHL,Chile,2030,-0.413,0.31947794993903694,0.6544148527260133,1.0612601550844878,0.7624339143976007,-0.3779305027089548,-0.10329807,0.5683689575599473,0.8333677909318644,0.5821385451182539,-0.45204469959683347,-0.33393145
CIV,Cote d'Ivoire,2020,-1.1,-1.070129761138608,-1.0320627378529654,-1.0667986744160487,-1.029791656530262,-1.0810309041295059,-1.1100177,-1.0631592500120808,-1.0701576066892207,-1.063018015432192,-1.0944349552886476,-1.0908262
CIV,Cote d'Ivoire,2021,-1.1,-1.0438889188251455,-0.9775614120109509,-1.0392322629407351,-0.9754079036871507,-1.0774242322436738,-1.0989602,-1.0299225973171016,-1.042785701942793,-1.0296835798732964,-1.087761567243629,-1.0801498
CIV,Cote d'Ivoire,2022,-1.1,-1.0213380561825143,-0.9334106039101279,-1.0157439178744483,-0.9326786603416011,-1.0709100562628386,-1.0940969,-0.9998177235836434,-1.017439930154074,-0.9995101679915757,-1.0811072174279641,-1.0686654
CIV,Cote d'Ivoire,2023,-1.1,-1.0012850622436944,-0.8972326383186439,-0.9951886352922247,-0.898525469497255,-1.0649321352995083,-1.0894455,-0.972434207978624,-0.9937509736370749,-0.9720756263215845,-1.0726737151371353,-1.0565917
CIV,Cote d'Ivoire,2024,-1.1,-0.9856051243016749,-0.8671952388723001,-0.9767243071391086,-0.8706757380833509,-1.0630883314647,-1.1003292,-0.94741541547642,-0.9714118810421452,-0.9470136562622797,-1.0642402128463064,-1.0479573
CIV,Cote d'Ivoire,2025,-1.1,-0.9700995392583545,-0.8418864227107684,-0.9597315940741945,-0.8474517817043025,-1.0630883314647,-1.0945159,-0.9244514482081871,-0.950167535610389,-0.9240064239543924,-1.0554555281811957,-1.0402404
CIV,Cote d'Ivoire,2026,-1.1,-0.9556803777554188,-0.8202180921885105,-0.9437549949097952,-0.8276150922578868,-1.05505395391024,-1.0859624,-0.9032730205395538,-0.9298059019142264,-0.9027781479403628,-1.0514837197066007,-1.0368584
CIV,Cote d'Ivoire,2027,-1.1,-0.9418698327611482,-0.801351741032192,-0.9284595053626672,-0.8102513724404471,-1.0396261438888934,-1.0825018,-0.8836461368217297,-0.910150750752786,-0.8830895352370312,-1.043218074631887,-1.0364033
CIV,Cote d'Ivoire,2028,-1.1,-0.9286227393088848,-0.7846412022610235,-0.9135987421679033,-0.7946856653760663,-1.0141290920928774,-1.0825018,-0.8653674666253711,-0.8910556125874898,-0.8647329535681149,-1.0386758810128458,-1.036839
CIV,Cote d'Ivoire,2029,-1.1,-0.916613327281466,-0.7695885287750963,-0.8989914995431818,-0.7804197012103706,-0.9992959158085856,-1.0844079,-0.8482603260518216,-0.8723987520553842,-0.8475282423556274,-1.0319796517640427,-1.0332627
CIV,Cote d'Ivoire,2030,-1.1,-0.9042502287609704,-0.7558099941976699,-0.8845045073349503,-0.7670856448169446,-0.9810658206205862,-1.0814972,-0.8321711856950528,-0.8540789911317588,-0.8313190779564357,-1.0252834225152396,-1.0296865
CMR,Cameroon,2020,-1.346,-1.277614682010805,-1.2389267574971254,-1.244385159333015,-1.2297082239279928,-1.3142287784308482,-1.266343,-1.2874664243452354,-1.2757344258726766,-1.2874756035596295,-1.324228479535936,-1.30765
CMR,Cameroon,2021,-1.346,-1.224390237988565,-1.155901584578205,-1.170073740551621,-1.1430600172518997,-1.268632130071468,-1.2367905,-1.2364262491181408,-1.2181618297339163,-1.2364605262602546,-1.3041141435066699,-1.2742816
CMR,Cameroon,2022,-1.346,-1.1801977796781447,-1.0914084331101448,-1.115846542619138,-1.078296839764859,-1.2155679147911165,-1.2098699,-1.1918974613210143,-1.171139473071178,-1.19196141551205,-1.2858994943476856,-1.2500904
CMR,Cameroon,2023,-1.346,-1.1427420430860742,-1.041196543997398,-1.0763941100736325,-1.0296911452532327,-1.152848379811971,-1.1873629,-1.1530267411358344,-1.13288645964438,-1.1531163485931168,-1.2676848451887013,-1.233213
CMR,Cameroon,2024,-1.346,-1.1212994819182533,-1.0019902110727243,-1.047811534718336,-0.993014717486299,-1.1504398860961325,-1.1942583,-1.119072596633744,-1.1019226315157367,-1.1191774432447943,-1.2558730951676973,-1.2294344
CMR,Cameroon,2025,-1.346,-1.1046790060606528,-0.9712651202894067,-1.0272269009425958,-0.9651461826982435,-1.1504398860961325,-1.1942583,-1.0893907086873216,-1.077017783650569,-1.0894957690483695,-1.2533158735997132,-1.2292335
CMR,Cameroon,2026,-1.346,-1.0916136991803653,-0.9470759929560357,-1.0125280209921554,-0.9437812655979583,-1.1504398860961327,-1.1942583,-1.0634211964377123,-1.0571494546015436,-1.0635082551682205,-1.2549419520126113,-1.2290326
CMR,Cameroon,2027,-1.346,-1.0809315243592752,-0.9279237647259332,-1.0021614588632954,-0.9272188931914418,-1.1494812691065646,-1.1942583,-1.0406775516271751,-1.0414678450410588,-1.0407263303233822,-1.2565680304255094,-1.2288318
CMR,Cameroon,2028,-1.346,-1.0717505581216282,-0.9126532315014007,-0.9949847198072478,-0.9142032913348292,-1.143851247741204,-1.1942583,-1.0207370230915875,-1.0292666604686462,-1.020726065797461,-1.2581941088384074,-1.2286309
CMR,Cameroon,2029,-1.346,-1.063970558982841,-0.9003741736529098,-0.9901575411753815,-0.9038074165056137,-1.1425567504529268,-1.1882287,-1.003232261368894,-1.0199588776834287,-1.0031396226208227,-1.2598201872513055,-1.22843
CMR,Cameroon,2030,-1.346,-1.056590561162448,-0.8904005730210924,-0.9870619408549165,-0.8953469022539682,-1.1386126356684998,-1.1762596,-0.987844058284819,-1.01305660354998,-0.987647830370824,-1.2614462656642036,-1.2282292
COG,"Congo, Rep.",2020,-1.084,-1.0901689657091485,-1.049314931548424,-1.1391001449717584,-1.0484040006981212,-1.132063135936432,-1.1200738,-1.0659491176088487,-1.1117754126641006,-1.066884598529121,-1.088389717569981,-1.0797348
COG,"Congo, Rep.",2021,-1.084,-1.091953393264427,-1.024736776226918,-1.2001728695643448,-1.024175557599654,-1.1227131986870098,-1.1247197,-1.0518079270080096,-1.1513518904518925,-1.053500345001618,-1.0896257354601693,-1.0767299
COG,"Congo, Rep.",2022,-1.084,-1.1026540744771498,-1.0079463080097777,-1.2656231331414594,-1.008331950703075,-1.121607777816787,-1.1502883,-1.0410640615900717,-1.2007232041020244,-1.0433525826155141,-1.1004690220961346,-1.0871344
COG,"Congo, Rep.",2023,-1.084,-1.1240335133492265,-0.9971562924701962,-1.334277842285232,-0.9986712623543434,-1.1313369126915411,-1.1860281,-1.0332723005878772,-1.258221914434508,-1.0360121023049318,-1.145254785820729,-1.1201036
COG,"Congo, Rep.",2024,-1.084,-1.1490063737656686,-0.9909894568193371,-1.4052742301571688,-0.9935679824979742,-1.1313369126915411,-1.2100195,-1.0280457695864236,-1.3224621611827607,-1.0311064833905332,-1.1538373142450722,-1.223424
COG,"Congo, Rep.",2025,-1.084,-1.1681610216208855,-0.9883844515742124,-1.4779777636448461,-0.9918221194196375,-1.1413233117123476,-1.2266202,-1.0250482942110544,-1.3922921130227133,-1.028312579943155,-1.1620283199398007,-1.2478011
COG,"Congo, Rep.",2026,-1.084,-1.1920487928393502,-0.9885233830436307,-1.5519217671033534,-0.9925478095655522,-1.1604592748144826,-1.2313892,-1.023987755867742,-1.4667544473215588,-1.0273500012720311,-1.2057653697457262,-1.271789
COG,"Congo, Rep.",2027,-1.084,-1.206667538418992,-0.9907759686479022,-1.6267630178492891,-0.9950910865569953,-1.1770312775748344,-1.2199667,-1.0246103182161534,-1.5450535036348088,-1.0279754550055957,-1.2206826828823196,-1.2387254
COG,"Congo, Rep.",2028,-1.084,-1.229020289496995,-0.9946565020726985,-1.7022490882882717,-0.9989691762436193,-1.1778064422253722,-1.1894549,-1.0266954102656325,-1.6265279839619475,-1.029977838635771,-1.2724399353170455,-1.2714256
COG,"Congo, Rep.",2029,-1.084,-1.2559278015900222,-0.9997906898957039,-1.7781943272571157,-1.0038256828108585,-1.1778064422253722,-1.2018797,-1.0300513669383768,-1.7106282630846865,-1.0331739804970015,-1.342905093963507,-1.2810224
COG,"Congo, Rep.",2030,-1.084,-1.2965404248878392,-1.0058900953355625,-1.8544621951889932,-1.0093975060563753,-1.1758748778611219,-1.2923591,-1.034511640938481,-1.7968975304874277,-1.0374049442537232,-1.406270892030022,-1.3523355
DZA,Algeria,2020,-1.025,-0.9653640869871717,-0.9512961847556674,-0.9164413740393842,-0.9319675189618135,-1.0436600822601314,-0.8407041,-0.9875046940739202,-0.9602789503762256,-0.9856514983079712,-1.023007010921372,-1.0131295
DZA,Algeria,2021,-1.025,-0.923362803311378,-0.8919931948705728,-0.8303095687518185,-0.8593968890420154,-1.0545214945724273,-0.76642585,-0.9533541496781142,-0.90443094333303,-0.9498566478400701,-1.022080327711583,-1.001259
DZA,Algeria,2022,-1.025,-0.8888925798387403,-0.8437853216853225,-0.7606276964453295,-0.8019124461777534,-1.0790937356388353,-0.69690156,-0.9221100345322443,-0.8559306324791814,-0.9171425312932024,-1.0211434174733336,-0.9902784
DZA,Algeria,2023,-1.025,-0.8535479987895462,-0.8041251307301481,-0.7029999771935415,-0.7555457422424392,-1.0824288032957288,-0.59346104,-0.8933914599692911,-0.8135102552589284,-0.8870988027606971,-1.0199701189120343,-0.98294866
DZA,Algeria,2024,-1.025,-0.8213247181680401,-0.7710495263283261,-0.6541934773766582,-0.7173671707075975,-1.0866999709881118,-0.4766506,-0.8668674529280139,-0.7761161350077409,-0.8593694089494729,-1.027816322509868,-0.9771171
DZA,Algeria,2025,-1.025,-0.790538649490227,-0.7430457140658274,-0.6118304938418678,-0.6852140235982436,-1.0885740776776123,-0.36884892,-0.8422504144936847,-0.7428725284657018,-0.8336454057578514,-1.024721553409258,-0.96438336
DZA,Algeria,2026,-1.025,-0.7645182158180439,-0.7189479092250484,-0.5741623138261639,-0.6574897364134457,-1.0895485138053567,-0.32757565,-0.8192904356995654,-0.7130515783279021,-0.8096587252875245,-1.0136290814501538,-0.9218282
DZA,Algeria,2027,-1.025,-0.7434264763123426,-0.6978577385735165,-0.5399028237438848,-0.6330156857629358,-1.0895485138053567,-0.32116535,-0.7977703582447805,-0.6860483398798832,-0.7871767675383212,-1.003369498810602,-0.8784097
DZA,Algeria,2028,-1.025,-0.7249778837238546,-0.6790829006488465,-0.508106134601586,-0.610921782718095,-1.0947308305410628,-0.3092057,-0.7775014825070043,-0.6613600248620742,-0.7659977076725005,-0.993664801919188,-0.84920746
DZA,Algeria,2029,-1.025,-0.7088712006678902,-0.6620898963467721,-0.47807658001498093,-0.5905657061185289,-1.0965774213122903,-0.30808148,-0.7583198380217318,-0.6385687504036599,-0.745946424172009,-0.9839601050277742,-0.8265258
DZA,Algeria,2030,-1.025,-0.6936608305026164,-0.6464676023204323,-0.44930252307785684,-0.5714732786019928,-1.1014764118716383,-0.30243438,-0.7400829427166682,-0.6173272011280445,-0.7268709657387378,-0.9744341412933579,-0.80673885
ECU,Ecuador,2020,-1.184,-1.0432215537095835,-1.0213208407378005,-0.9510708001590235,-0.9893192062633002,-1.0690021068095021,-0.93144035,-1.091480455565899,-1.0423759140929039,-1.0892884805986647,-1.1165037280088177,-1.1304137
ECU,Ecuador,2021,-1.184,-0.9343607493212887,-0.8877672419071378,-0.776585966074169,-0.8360680157391083,-1.0491402454627596,-0.7182787,-1.0057652852289165,-0.9220617535501804,-1.0017353797814643,-1.0775423751720608,-1.0686625
ECU,Ecuador,2022,-1.184,-0.8415223142034567,-0.7766576753017684,-0.6450813425136106,-0.7133962687707026,-1.0030429836908623,-0.55883855,-0.9259627731560208,-0.8194213677213835,-0.9203928734847255,-1.0444000886309983,-1.0080292
ECU,Ecuador,2023,-1.184,-0.7602839026539451,-0.6828432433577928,-0.5451836150284743,-0.6132941092250616,-0.9629627435340983,-0.40238807,-0.8512980632158269,-0.7314326393561589,-0.844438543661513,-1.018938708406513,-0.9500593
ECU,Ecuador,2024,-1.184,-0.6933239069953523,-0.6023561193587486,-0.46852813132357635,-0.5298484632579714,-0.9377125194964709,-0.29254246,-0.7810978444699116,-0.6555837933514126,-0.7731587858889724,-0.9928446624631363,-0.8995663
ECU,Ecuador,2025,-1.184,-0.6227257454240642,-0.5321386295683672,-0.408962998884747,-0.4586941535545762,-0.8134252770177693,-0.18010414,-0.7147770436363616,-0.589787215744522,-0.7059344123049026,-0.9646895618320084,-0.858744
ECU,Ecuador,2026,-1.184,-0.5665195756171539,-0.4698344793836925,-0.3619637282089757,-0.3966086982903377,-0.735770855007724,-0.12265216,-0.6518272615110727,-0.5323078260135211,-0.642228159410903,-0.936878197694716,-0.8151244
ECU,Ecuador,2027,-1.184,-0.5154313492017175,-0.41362786871131835,-0.32420272454136295,-0.34121318170526166,-0.66250850467359,-0.0729214,-0.5918067248004698,-0.4817035450807615,-0.5815738487103738,-0.9070568165680661,-0.7776989
ECU,Ecuador,2028,-1.184,-0.4680988624552347,-0.3621195115811983,-0.29323266496393874,-0.29075142936570025,-0.5641893314876771,-0.062461387,-0.5343315547703992,-0.43677581642977903,-0.5235669814958108,-0.881483540612905,-0.7320764
ECU,Ecuador,2029,-1.184,-0.4197307303973064,-0.314231094784142,-0.2672536339503297,-0.24392698988263684,-0.43104237496815395,-0.060376488,-0.47906818014192976,-0.3965284826754317,-0.46785657803398817,-0.8562822909537832,-0.6807412
ECU,Ecuador,2030,-1.184,-0.3843255536589023,-0.26913165209737216,-0.2449418601754314,-0.19978279078543282,-0.411907721548219,-0.058535445,-0.4257267442800671,-0.36013360660963506,-0.41413809650351,-0.8350193566452007,-0.62393826
EGY,"Egypt, Arab Rep.",2020,-0.144,-0.21333470815786937,-0.27815748319784783,-0.26913435556410426,-0.2862964375271706,-0.14995839672209058,-0.12473103,-0.22561493364841445,-0.23562628697874377,-0.22542248566205408,-0.16769433716834758,-0.17071134
EGY,"Egypt, Arab Rep.",2021,-0.144,-0.28141761900123624,-0.3856303182810281,-0.3640721470470908,-0.39513969496286694,-0.20771193454116765,-0.15119053,-0.29927014815381725,-0.3131252672173585,-0.2987503150915103,-0.19977139674190658,-0.19951443
EGY,"Egypt, Arab Rep.",2022,-0.144,-0.3349687702151111,-0.4725365979041136,-0.4367476438751764,-0.4792635746009794,-0.2332230498608337,-0.15765636,-0.3660087677602608,-0.3788503849881657,-0.3650511609454207,-0.23257658854897806,-0.22777358
EGY,"Egypt, Arab Rep.",2023,-0.144,-0.384617380996224,-0.5435910267562807,-0.4929962078740585,-0.5451155852415261,-0.2817990780733201,-0.16669865,-0.42673721487986355,-0.4347576606040911,-0.42525143277069666,-0.2702475443036703,-0.2589794
EGY,"Egypt, Arab Rep.",2024,-0.144,-0.4393354357901053,-0.6024268352511826,-0.5371095319278091,-0.5974554372978507,-0.3443375638942657,-0.24304952,-0.4822431249202723,-0.4824728030354193,-0.48015496743900443,-0.32452766851135556,-0.2995769
EGY,"Egypt, Arab Rep.",2025,-0.144,-0.5009902379133644,-0.6518438516090254,-0.5722439974848046,-0.6397968666827795,-0.5595699503024772,-0.26305208,-0.5332109133671207,-0.5233469892809772,-0.5304592466617584,-0.39203977256695133,-0.34433872
EGY,"Egypt, Arab Rep.",2026,-0.144,-0.5366367757860847,-0.6939996703586903,-0.6007210064059819,-0.6747338001256522,-0.5725006928682072,-0.26486847,-0.5802353027943647,-0.5585032243284533,-0.5767694687757168,-0.4548134426352234,-0.38922268
EGY,"Egypt, Arab Rep.",2027,-0.144,-0.573855377944932,-0.7305569699879009,-0.6242478639356844,-0.7041811384739175,-0.6362869995472471,-0.2728145,-0.6238330771547315,-0.5888748723510594,-0.6196107586993128,-0.5071728949404117,-0.4309747
EGY,"Egypt, Arab Rep.",2028,-0.144,-0.6198857358450997,-0.7627970383922897,-0.6440802299604715,-0.7295525088798324,-0.6784223306186398,-0.3368616,-0.6644532956658986,-0.6152376811766198,-0.6594387623972007,-0.6054635374067968,-0.50255036
EGY,"Egypt, Arab Rep.",2029,-0.144,-0.6742382675053318,-0.7917072574882145,-0.6611415959039992,-0.7518914858596756,-0.7603718082960708,-0.46545354,-0.7024861681629766,-0.6382363988141604,-0.6966488395977384,-0.702973536852647,-0.57147205
EGY,"Egypt, Arab Rep.",2030,-0.144,-0.7222171339870832,-0.8180485203209247,-0.676111155566034,-0.7719684619241513,-0.8331188663641371,-0.5102464,-0.7382707673326466,-0.658406895272249,-0.731584040227695,-0.8340237044496039,-0.65039253
ETH,Ethiopia,2020,-1.155,-1.1030966582828305,-1.0989145943496545,-0.994410048727375,-1.0832653192895019,-1.1285160074661014,-1.1151303,-1.1262911541743954,-1.0736270636431227,-1.123967482908978,-1.1382458168101932,-1.1485988
ETH,Ethiopia,2021,-1.155,-1.0595180086702274,-1.0534170590505638,-0.8600484374420121,-1.0269129068354905,-1.1109851854921917,-1.0866679,-1.1004031942567092,-0.9989371652744972,-1.0959089947428275,-1.1202128087767416,-1.1416864
ETH,Ethiopia,2022,-1.155,-1.02413388387022,-1.0160889048381498,-0.7451546767015551,-0.9819978161766783,-1.1109851854921917,-1.0803374,-1.0769664420676757,-0.9299539694755158,-1.0704426579794113,-1.1052518486297147,-1.1241599
ETH,Ethiopia,2023,-1.155,-0.9934711415242974,-0.9850664033708834,-0.6447566764627041,-0.9456077902950026,-1.1110326777925383,-1.0750178,-1.0556596658950914,-0.8658660136874576,-1.0472371210757991,-1.0971854527108602,-1.1072818
ETH,Ethiopia,2024,-1.155,-0.9665458950598615,-0.9589133343678258,-0.5551976483213831,-0.9155929290530392,-1.1095359435024161,-1.0722195,-1.0362037315657417,-0.8059988662840019,-1.02600487340715,-1.0961025207035027,-1.0896896
ETH,Ethiopia,2025,-1.155,-0.9428200637374108,-0.936522922421094,-0.47378815960124654,-0.8903661230122218,-1.1116803173791603,-1.0722195,-1.0183560855467821,-0.749791986284307,-1.0064964447019054,-1.0964393010564792,-1.0725398
ETH,Ethiopia,2026,-1.155,-0.9206202571039259,-0.917042267860803,-0.39855023199965794,-0.8687557287431008,-1.1116803173791603,-1.071296,-1.0019059610388006,-0.6967794907449576,-0.9884953719461288,-1.0963072243445349,-1.05539
ETH,Ethiopia,2027,-1.155,-0.8995091290190345,-0.899814111913665,-0.3280291356027169,-0.8498968100967158,-1.1037966147584142,-1.0707086,-0.9866702123122184,-0.6465741699446599,-0.9718138322136275,-1.095702004086852,-1.0420858
ETH,Ethiopia,2028,-1.155,-0.8799812480053933,-0.8843319599586635,-0.26115497034146123,-0.8331508498220205,-1.1038279034999523,-1.0692618,-0.9724896949555046,-0.5988542019099258,-0.956288853313623,-1.0926528890262195,-1.0277994
ETH,Ethiopia,2029,-1.155,-0.8557306358092877,-0.8702054987561055,-0.19714086427036515,-0.8180464786967044,-1.102428249122072,-1.011848,-0.9592261204932472,-0.553352110446527,-0.94177902580529,-1.0913794934661283,-1.0119005
ETH,Ethiopia,2030,-1.155,-0.8254063647481462,-0.8571339463850024,-0.13540810216487853,-0.8042357203060703,-1.1005048864362954,-0.8864731,-0.9467593232077325,-0.5098455878179738,-0.9281616500436217,-1.087948803068131,-0.9975925
GAB,Gabon,2020,-1.243,-1.1680862970315813,-1.1514796749336824,-1.18606980948469,-1.1184176867268774,-1.1575898098067416,-1.0928478,-1.1979988742605423,-1.1956573772396286,-1.1945485170292267,-1.1832050483109267,-1.2030483
GAB,Gabon,2021,-1.243,-1.1193379664095722,-1.081212104526277,-1.1466096050657102,-1.0250873099565943,-1.1564966377191177,-1.0276177,-1.1592893477633006,-1.1587996415910085,-1.1526823090396372,-1.1255962545385059,-1.1599888
GAB,Gabon,2022,-1.243,-1.0857459171571844,-1.0273168597957212,-1.1198957202223339,-0.9547845417492815,-1.1575796761971404,-0.9558325,-1.1260469040164867,-1.1306065538892554,-1.116523924506389,-1.1121094330287322,-1.1567631
GAB,Gabon,2023,-1.243,-1.0578453165116952,-0.9860330004120696,-1.1024540728668901,-0.9014379798700111,-1.1595889941784447,-0.8724249,-1.0975550797305358,-1.109565257075135,-1.0853120069742077,-1.1105444808616183,-1.1535374
GAB,Gabon,2024,-1.243,-1.0405333663318255,-0.9544622827542404,-1.091729604063927,-0.8605655650711708,-1.1626977922855573,-0.8471798,-1.0731913044045474,-1.0944183688629405,-1.0583859345904034,-1.1110001599564272,-1.1517029
GAB,Gabon,2025,-1.243,-1.0284404816698784,-0.9303712717367939,-1.0858431624293141,-0.82885853039551,-1.1634729569360949,-0.83725435,-1.0524145956403481,-1.084120839951577,-1.0351724919717888,-1.1124419141209698,-1.1544547
GAB,Gabon,2026,-1.243,-1.0117972543469669,-0.9120388448686512,-1.0834127015939898,-0.8038742622646332,-1.168655273671801,-0.76371694,-1.0347548669903632,-1.0778040975496714,-1.0151743055086595,-1.113181381138782,-1.1453599
GAB,Gabon,2027,-1.243,-0.9999968616822702,-0.8981386763261464,-1.0834217775490427,-0.7838095629403947,-1.170505760107267,-0.71291786,-1.0198036370161212,-1.0747462439504625,-0.9979598087865639,-1.1105860097391422,-1.1480793
GAB,Gabon,2028,-1.243,-0.9895643945674987,-0.8876486772111101,-1.085122833304794,-0.7673332672677283,-1.1722176017739336,-0.635909,-1.0072059559282023,-1.0743472876458076,-0.9831545356769242,-1.1267579151890892,-1.1559469
GAB,Gabon,2029,-1.243,-0.9827131159289333,-0.8797812086967006,-1.087966068333209,-0.7534626762155864,-1.17450280063757,-0.59661525,-0.9966533902431159,-1.0761085571390783,-0.9704335654334635,-1.1226003363810448,-1.1690073
GAB,Gabon,2030,-1.243,-0.9835947811489693,-0.8739293031085218,-1.0915471246725532,-0.7414723370616326,-1.1772371114802302,-0.59665287,-0.9878779268035822,-1.0796155911284484,-0.9595149673732588,-1.1463996395511002,-1.181701
GHA,Ghana,2020,-0.994,-0.9763889883638205,-0.963304723381712,-0.9521692405425224,-0.9527075297834289,-0.9892451180731042,-0.9871113,-0.9820304771474004,-0.9598208101724829,-0.9811782537678329,-1.007843620944586,-0.98847884
GHA,Ghana,2021,-0.994,-0.9540075192680149,-0.9416237785652584,-0.9194875335493402,-0.9230410784810456,-0.9717154131022903,-0.90768856,-0.9732781512086153,-0.9298200311286341,-0.9714771318146566,-1.0210917472813288,-0.98085177
GHA,Ghana,2022,-0.994,-0.9312017337480679,-0.9268804442302175,-0.8933715559452207,-0.9018851670472257,-0.9587248666854081,-0.8264846,-0.9673214072951799,-0.903182361797239,-0.9644735065739696,-1.0275349467180166,-0.94215846
GHA,Ghana,2023,-0.994,-0.9211788013297977,-0.9174743641380835,-0.8719213691161753,-0.8869398718190549,-0.936288624379099,-0.8150822,-0.9637938833113362,-0.8792301802455408,-0.9598002342263822,-1.0580492953655887,-0.923208
GHA,Ghana,2024,-0.994,-0.9063203742143984,-0.9121722769624856,-0.8537396384541052,-0.8765073322820599,-0.9016282449278546,-0.7527981,-0.9623772290543742,-0.8574002939303615,-0.9571387475245965,-1.0832482249531217,-0.9061937
GHA,Ghana,2025,-0.994,-0.9032917615610152,-0.9100238108658751,-0.8377986760155071,-0.8693341458241932,-0.8797496112283486,-0.762324,-0.9627948142376486,-0.8372246161128307,-0.9562126286571413,-1.1019301391227698,-0.9155252
GHA,Ghana,2026,-0.994,-0.9040510599716338,-0.9102965933897207,-0.8233426553125092,-0.8644950196463728,-0.8716877690512561,-0.76595193,-0.9648062610795907,-0.8183141054291014,-0.9567820324825382,-1.1402342863034594,-0.92459995
GHA,Ghana,2027,-0.994,-0.9002026679050183,-0.9124262460488614,-0.8098156939068866,-0.8613068797260909,-0.8701929737296187,-0.7446776,-0.968202693399025,-0.8003454175709176,-0.9586388476219128,-1.1580867933760641,-0.91833353
GHA,Ghana,2028,-0.994,-0.9042348155166884,-0.9159778493282308,-0.7968089608168132,-0.8592654639306607,-0.8641885244054474,-0.7009438,-0.9728026083183655,-0.7830498110845486,-0.9616024977844542,-1.229316051387249,-0.95839256
GHA,Ghana,2029,-0.994,-0.9206864953277758,-0.9206162469637986,-0.7840217759700158,-0.857998513485655,-0.8562613484648519,-0.7338742,-0.9784482889816903,-0.7662039266372054,-0.9655162986169128,-1.2874142615550888,-1.0565101
GHA,Ghana,2030,-0.994,-0.935465377669933,-0.9260831619240051,-0.7712330002897579,-0.857231217759548,-0.8535477235580842,-0.76117283,-0.985002687387487,-0.7496221233802153,-0.9702442965760901,-1.3258890539871362,-1.1546277
GIN,Guinea,2020,-1.386,-1.3617801626753334,-1.2912800138781269,-1.4225826543572206,-1.295340876783886,-1.4470265331392926,-1.4051993,-1.3333441352184452,-1.3877274348638424,-1.3346262059972276,-1.335782477272983,-1.364892
GIN,Guinea,2021,-1.386,-1.3466399159208962,-1.2185478997208434,-1.4771367988368125,-1.2315634139079288,-1.4920546095144127,-1.4288987,-1.2879175445229896,-1.4062223153751405,-1.290467099088975,-1.2885651275033323,-1.3450257
GIN,Guinea,2022,-1.386,-1.3412986282493868,-1.1628112440248057,-1.5458272988893842,-1.1880416735466146,-1.5136541999230189,-1.487256,-1.2487728287742137,-1.4393214667575114,-1.2526265017476235,-1.2398843120863132,-1.3347907
GIN,Guinea,2023,-1.386,-1.3410005326917949,-1.1202228093120175,-1.6258335548423335,-1.1598842245682528,-1.519583680170175,-1.5440811,-1.2150867458529857,-1.4852270075600214,-1.2203268091409896,-1.2046066392700008,-1.3151528
GIN,Guinea,2024,-1.386,-1.3543068693790548,-1.0878178499334692,-1.7150811199166416,-1.1434800915688867,-1.5221111315951483,-1.6307675,-1.1861439398353728,-1.542444662910893,-1.1928933008521925,-1.1882704901527985,-1.3340586
GIN,Guinea,2025,-1.386,-1.3704848546448303,-1.0633116832269662,-1.8120443152005583,-1.13616356322254,-1.5263572687854277,-1.6684192,-1.1613228024654154,-1.6097324947550526,-1.1697405283061786,-1.178436384718341,-1.3793203
GIN,Guinea,2026,-1.386,-1.3934931662863133,-1.0449436944602883,-1.915601060260253,-1.1359667455176243,-1.5319156569949783,-1.6923395,-1.140083187487313,-1.686058289969084,-1.1503605032674407,-1.1893766904411236,-1.4482863
GIN,Guinea,2027,-1.386,-1.4206162806391576,-1.0313571244271778,-2.024926106420995,-1.1414368904378385,-1.5318425517426402,-1.7003604,-1.1219557350190854,-1.7705641443058302,-1.1343124491103116,-1.2338182695578226,-1.5155891
GIN,Guinea,2028,-1.386,-1.4523019071010852,-1.0215064317550224,-2.139412513792728,-1.1515015434777878,-1.5352981028250943,-1.7154425,-1.106532594971156,-1.8625370270155437,-1.1212139080923587,-1.2767252754208813,-1.5928491
GIN,Guinea,2029,-1.386,-1.491639884759056,-1.014585904747303,-2.258613900525445,-1.1653689922047334,-1.538121903961458,-1.7289478,-1.0934593661644856,-1.9613843161922584,-1.1107330252189451,-1.3591569875108658,-1.6860267
GIN,Guinea,2030,-1.386,-1.5296064204420987,-1.0099746484734944,-2.3822019692716156,-1.1824547749254293,-1.5424758935617746,-1.7289478,-1.082428091830363,-2.0666134654436137,-1.102581853024908,-1.4403903821649957,-1.7579954
GNQ,Equatorial Guinea,2020,-1.901,-1.6682469032399063,-1.6606949412068177,-1.6398670836980855,-1.6174790279876996,-1.482068097387071,-1.5371498,-1.7672931267745786,-1.7397262126786657,-1.7651767004277528,-1.741393028296436,-1.731621
GNQ,Equatorial Guinea,2021,-1.901,-1.5328367162497323,-1.4737394474634367,-1.4286468279789528,-1.4007747078217547,-1.4098294477505526,-1.4413823,-1.6503241194368214,-1.5959740578809842,-1.6460929540991474,-1.6479005561585056,-1.6337028
GNQ,Equatorial Guinea,2022,-1.901,-1.4180979833772205,-1.3279219050043944,-1.2546023072612484,-1.2336037241055076,-1.349856579001441,-1.3448907,-1.547899474247787,-1.4671121740749884,-1.5415634594349348,-1.5648955638828685,-1.5486339
GNQ,Equatorial Guinea,2023,-1.901,-1.3147856808807705,-1.2138318396945207,-1.1083659836758157,-1.1032071060764308,-1.253985603936846,-1.2173592,-1.4581131469741264,-1.3509535553189138,-1.4496920507587494,-1.5042953729429822,-1.488053
GNQ,Equatorial Guinea,2024,-1.901,-1.2297055352140829,-1.1242173825221058,-0.9830483794464363,-1.0001658660470976,-1.1855178131726039,-1.1357168,-1.379308881209715,-1.2456805133433198,-1.3688334429042919,-1.4460109081967971,-1.4285554
GNQ,Equatorial Guinea,2025,-1.901,-1.1683515093029773,-1.0534901217442767,-0.8735825383790723,-0.9175266744185053,-1.1680605843658294,-1.1233882,-1.3100474735851686,-1.1497823112170595,-1.2975600373699208,-1.3938923786985975,-1.3961848
GNQ,Equatorial Guinea,2026,-1.901,-1.1151554944077622,-0.9973435336555646,-0.7762419015230696,-0.8501564113568835,-1.1689101021281814,-1.1170908,-1.2490783288841993,-1.0620033287584427,-1.2346331203304377,-1.33592607812047,-1.3601713
GNQ,Equatorial Guinea,2027,-1.901,-1.0676127932174722,-0.952458938946161,-0.6882857225445562,-0.7942656808825527,-1.1659735440598564,-1.1173065,-1.1953147428728725,-0.9812999812055139,-1.1789778714221524,-1.2782008709792763,-1.3240441
GNQ,Equatorial Guinea,2028,-1.901,-1.025054311856087,-0.9162789077458049,-0.6076982838428984,-0.7470570571890198,-1.1659735440598564,-1.1080378,-1.1478124243235628,-0.906804912990669,-1.1296616791001681,-1.2359600675486369,-1.2852584
GNQ,Equatorial Guinea,2029,-1.901,-0.9893798842461157,-0.8868326417547117,-0.5329970996457751,-0.7064654113784877,-1.163855359534566,-1.1068393,-1.1057508317359006,-0.8377972380794623,-1.0858753250773578,-1.2193223101709723,-1.2480633
GNQ,Equatorial Guinea,2030,-1.901,-0.9600006945003285,-0.8626014107884874,-0.4630918564765162,-0.6709662142374848,-1.161338248751264,-1.1068393,-1.0684169558875916,-0.7736778057958976,-1.046916658238604,-1.2097756535615698,-1.2363828
IDN,Indonesia,2020,-0.135,-0.15285600248607428,-0.2308470136301345,-0.02603482642288346,-0.22219204577973173,-0.1437105863744315,-0.15072285,-0.19106996936916534,-0.07157951247979012,-0.19089519513155806,-0.14634514349912853,-0.15516289
IDN,Indonesia,2021,-0.135,-0.16572255959509746,-0.30507108424651624,0.05734510078992194,-0.28647687263762256,-0.1437105863744315,-0.15072285,-0.2400843879950742,-0.0164972269965543,-0.23964917146688258,-0.15703275442921066,-0.17532577
IDN,Indonesia,2022,-0.135,-0.17671936193963622,-0.3626348967372802,0.1218621658701794,-0.3338730364103273,-0.1437105863744315,-0.15152009,-0.28296788850649146,0.03160593556142774,-0.282209906556231,-0.16825667130172547,-0.19548865
IDN,Indonesia,2023,-0.135,-0.18627439720011915,-0.40736277921153213,0.17246043388758348,-0.36882358382760494,-0.1437105863744315,-0.15315762,-0.3205239300718403,0.07385954787223585,-0.3193999516254078,-0.18097792596917178,-0.21510758
IDN,Indonesia,2024,-0.135,-0.1950805817894492,-0.4422018229748395,0.21277608191423203,-0.39460848184142716,-0.1437105863744315,-0.15706831,-0.3534506782276168,0.11120243271966623,-0.35193302665532233,-0.19559638419893183,-0.23621504
IDN,Indonesia,2025,-0.135,-0.2012425933777359,-0.4694231059565969,0.24548338375382084,-0.4136490831542017,-0.14371058637443146,-0.15410304,-0.38235480364920477,0.14441487475160272,-0.3804284197768158,-0.20541841184878049,-0.25323674
IDN,Indonesia,2026,-0.135,-0.20171179420012728,-0.49077675885402405,0.27254916891859005,-0.4277328901997359,-0.1437105863744315,-0.13120538,-0.40776347258748796,0.17414539266851978,-0.4054234814904471,-0.20894058346187175,-0.24825935
IDN,Indonesia,2027,-0.135,-0.20284276074265,-0.5076114617003802,0.2954199677992847,-0.4381794814713613,-0.14371058637443146,-0.12473959,-0.43013476595414857,0.20093299041725354,-0.42738446578377254,-0.212462755074963,-0.24055746
IDN,Indonesia,2028,-0.135,-0.20416485906371423,-0.520966529922223,0.3151596500187305,-0.44596300243994824,-0.14494160199943149,-0.12473959,-0.44986673298184504,0.22522565084624363,-0.44671593686709066,-0.21598492668805427,-0.23285557
IDN,Indonesia,2029,-0.135,-0.20469354046115812,-0.5316428773977466,0.3325506523522702,-0.4518025913782198,-0.1436429811463509,-0.1215257,-0.4673052583987536,0.24739570635430477,-0.4637689313097878,-0.22203974166110196,-0.22515368
IDN,Indonesia,2030,-0.135,-0.20694883391830174,-0.5402577017783017,0.34816842812075743,-0.45622913394007464,-0.15871406455614434,-0.1248294,-0.48275089860687137,0.26775261391214467,-0.4788480402494627,-0.22632834954394254,-0.2174518
IRN,"Iran, Islamic Rep.",2020,0.0039999999999999,-0.04794837522535392,-0.07182030795797645,-0.08917283554434052,-0.06646094644417389,-0.012056904756843942,-0.0625766,-0.03707961211410027,-0.05059355918423001,-0.03611661560345059,-0.010156403129712364,-0.043449968
IRN,"Iran, Islamic Rep.",2021,0.0039999999999999,-0.10998133033493433,-0.12937852139165684,-0.1660593776721243,-0.11604056674076635,-0.10232132887796447,-0.2315133,-0.07229634538241014,-0.10037008688339955,-0.07032480776016643,-0.0228036906598601,-0.08870527
IRN,"Iran, Islamic Rep.",2022,0.0039999999999999,-0.15914149757514293,-0.17285959545871477,-0.23089375255829236,-0.15017247907986842,-0.14583201593529324,-0.36194918,-0.10241853232447035,-0.1460952045213,-0.09940168530056925,-0.03510259845801454,-0.14668994
IRN,"Iran, Islamic Rep.",2023,0.0039999999999999,-0.20010741778403415,-0.2054885267095261,-0.28679000346494926,-0.17286791475773466,-0.14631029984411748,-0.47062573,-0.12811381518869175,-0.18840524373941514,-0.1240215382654656,-0.06594371056526566,-0.2125074
IRN,"Iran, Islamic Rep.",2024,0.0039999999999999,-0.22935633315805606,-0.2297505515105701,-0.3360383940823113,-0.18708806389651833,-0.14631029984411748,-0.4920803,-0.14996234145097398,-0.22782907944297978,-0.14476944179662704,-0.10195396804530851,-0.2777809
IRN,"Iran, Islamic Rep.",2025,0.0039999999999999,-0.25372049492917614,-0.24756083463824086,-0.38032332868136376,-0.19501895026097404,-0.14792383830565592,-0.4899318,-0.16846823003817318,-0.26480627592072703,-0.16215306010500585,-0.13796422552535137,-0.3430544
IRN,"Iran, Islamic Rep.",2026,0.0039999999999999,-0.27582895645602346,-0.26039523415184074,-0.42088362432943127,-0.1982743506445337,-0.14792383830565592,-0.48832723,-0.18406953489859024,-0.299702168646163,-0.17661288866320313,-0.1737727528112128,-0.40832794
IRN,"Iran, Islamic Rep.",2027,0.0039999999999999,-0.29640021985699333,-0.2693910709952674,-0.4586303851793172,-0.1980455949773694,-0.15261076983334085,-0.48685038,-0.1971469028427281,-0.3328203992289975,-0.18853114125977422,-0.2107153673986615,-0.4692602
IRN,"Iran, Islamic Rep.",2028,0.0039999999999999,-0.31476581338285126,-0.2754247837401538,-0.4942336946510448,-0.19521215247003154,-0.1573739043545298,-0.48450604,-0.20803109677070006,-0.36441333360091077,-0.1982394612128654,-0.24709366657913348,-0.52313
IRN,"Iran, Islamic Rep.",2029,0.0039999999999999,-0.33079494508474205,-0.2791717706317955,-0.5281863743264366,-0.19042326903896756,-0.1703142920220103,-0.46608397,-0.21700953297780304,-0.3946907208919173,-0.20602561231793468,-0.28397271034564947,-0.5720712
IRN,"Iran, Islamic Rep.",2030,0.0039999999999999,-0.3470544822837487,-0.2811525048722085,-0.5608508762588532,-0.1841582340725576,-0.17667868565565256,-0.46608397,-0.22433196174369027,-0.42382689009027996,-0.21213928452031025,-0.32031002231788896,-0.6210124
IRQ,Iraq,2020,-1.575,-1.4953910943643367,-1.4147785458620512,-1.4852986234773284,-1.3834716378262395,-1.5342581004804108,-1.5451845,-1.491448300366889,-1.503485671661399,-1.4887782873335056,-1.527019247605698,-1.580188
IRQ,Iraq,2021,-1.575,-1.4412666193367136,-1.292093384133629,-1.4312635376499907,-1.2422646611896586,-1.5268996258735672,-1.551493,-1.4194231623857199,-1.454401940361109,-1.414466820469388,-1.4900483661746777,-1.5903116
IRQ,Iraq,2022,-1.575,-1.3991559874922255,-1.198331879882791,-1.4034165166002772,-1.1381866158246203,-1.520585797224071,-1.5478225,-1.3574140257347425,-1.423926966357039,-1.350486983275385,-1.4542090825388918,-1.5971795
IRQ,Iraq,2023,-1.575,-1.365903431186742,-1.1268569923531435,-1.394786675584499,-1.0614985058036541,-1.5113113212983935,-1.5260233,-1.3041082896012566,-1.408884300452496,-1.2954690253451557,-1.4281079747747678,-1.601988
IRQ,Iraq,2024,-1.575,-1.336769213478706,-1.0725541067548894,-1.4002471865937347,-1.005010763532628,-1.4834902324038715,-1.4998688,-1.258365370012087,-1.4066338974912043,-1.2482244271030254,-1.4028323315062752,-1.5904651
IRQ,Iraq,2025,-1.575,-1.3191448984909149,-1.0314818152515906,-1.416027457170999,-0.9634158724486908,-1.48200976248319,-1.48255,-1.219194156960843,-1.4149815343027026,-1.2077219212646588,-1.3920502104106909,-1.5820162
IRQ,Iraq,2026,-1.575,-1.3022334510011675,-1.0006028029384915,-1.4393543559664734,-0.9327956925947283,-1.4352561924070801,-1.4549584,-1.1857334257872898,-1.4321035241555942,-1.1730666868834725,-1.386109440858441,-1.582354
IRQ,Iraq,2027,-1.575,-1.2906943700464892,-0.9775764640692481,-1.4681883473975992,-0.9102577561768602,-1.3664439092741327,-1.4394778,-1.1572348156529582,-1.4564841446115036,-1.1434822962199191,-1.3758180851351836,-1.6119801
IRQ,Iraq,2028,-1.575,-1.2821952631529858,-0.960599088646178,-1.501029428446923,-0.8936667719522497,-1.2964511717605884,-1.3859977,-1.133048038694051,-1.4868636318795099,-1.1182950502093534,-1.3994398166859976,-1.646562
IRQ,Iraq,2029,-1.575,-1.2695629215446005,-0.948280707529531,-1.536774402351608,-0.8814464151295258,-1.2040762840873926,-1.307307,-1.112608027520528,-1.522194957315889,-1.0969203864944737,-1.4229896904430812,-1.6630313
IRQ,Iraq,2030,-1.575,-1.2649060195584663,-0.9395501872156172,-1.5746119086787926,-0.872433003772453,-1.1467598463166933,-1.2364259,-1.0954237670403615,-1.5616079030363998,-1.0788510858026013,-1.4638959180610378,-1.6795007
KAZ,Kazakhstan,2020,-0.23,-0.29172743028266984,-0.3460059042729801,-0.3082427482287876,-0.3268241706695973,-0.24955268988627335,-0.290045,-0.3037962867926334,-0.27493628817030785,-0.2997276622431948,-0.2605834254667475,-0.25756013
KAZ,Kazakhstan,2021,-0.23,-0.3525552083036379,-0.4437964178991163,-0.37558586786851006,-0.4065759442454426,-0.29824306666312334,-0.35967276,-0.3735095079690733,-0.31672610797199385,-0.36565848226945225,-0.2985690579254391,-0.28721488
KAZ,Kazakhstan,2022,-0.23,-0.4203417793962517,-0.5275484908972065,-0.4348890769159242,-0.4737135786876429,-0.41634056488650417,-0.43917874,-0.43967475084305335,-0.3558804671048815,-0.42829327312840915,-0.36206440337519225,-0.32583445
KAZ,Kazakhstan,2023,-0.23,-0.48709784152194446,-0.6004809509235078,-0.48825559223122295,-0.5315282702545164,-0.5467796267729412,-0.49518138,-0.5027569793307838,-0.39282407987075874,-0.48806658560427535,-0.4409152236068349,-0.38418972
KAZ,Kazakhstan,2024,-0.23,-0.5437454932056708,-0.6650742804913513,-0.5372322520572043,-0.5824496614000647,-0.5558030069697146,-0.5351254,-0.5631602236490697,-0.42790993945975864,-0.5453554753352661,-0.556518721978184,-0.468826
KAZ,Kazakhstan,2025,-0.23,-0.6146151100114507,-0.7232399809782586,-0.5829566987334042,-0.6282713742576892,-0.5574857255489496,-0.5915778,-0.6212355656999697,-0.46143142942820564,-0.6004871099608747,-0.7799599630771941,-0.5995054
KAZ,Kazakhstan,2026,-0.23,-0.6882399731086252,-0.7764510873669924,-0.6262656261408611,-0.6703175050342736,-0.5566572655850724,-0.692103,-0.6772880779677344,-0.4936323899223899,-0.653745369772186,-0.9941462253291515,-0.74179316
KAZ,Kazakhstan,2027,-0.23,-0.7551136159522066,-0.825842745091377,-0.6677743916957315,-0.7095655342885346,-0.5620140976618248,-0.7965509,-0.7315828530706417,-0.5247154840284358,-0.7053765750342208,-1.1483823179876957,-0.87933123
KAZ,Kazakhstan,2028,-0.23,-0.815089084248185,-0.8722897162385391,-0.7079355680272652,-0.7467370623375053,-0.5832388487179281,-0.9019564,-0.7843502431377547,-0.5548491513043995,-0.755594455529798,-1.238245028431793,-1.0056944
KAZ,Kazakhstan,2029,-0.23,-0.8694919310086661,-0.9164661071267293,-0.7470820055722465,-0.7823647923770682,-0.6341349527180704,-0.97451043,-0.8357904125633456,-0.584173387075827,-0.8045844625861147,-1.2950381320457138,-1.1207746
KAZ,Kazakhstan,2030,-0.23,-0.9184107106567387,-0.9588913953773405,-0.7854585035211412,-0.8168419790777188,-0.6746295743369827,-1.0208822,-0.8860772941211098,-0.612804545787012,-0.8525075105797528,-1.3397406469517532,-1.2362734
KEN,Kenya,2020,-0.436,-0.48375904576266915,-0.4978765094272482,-0.4987573709202644,-0.5147440771236441,-0.4935546201014263,-0.4764874,-0.4716345366179652,-0.49937799493150076,-0.4736104315732029,-0.45157501798277067,-0.4599725
KEN,Kenya,2021,-0.436,-0.5121917256502628,-0.5468148704538893,-0.5452244056092963,-0.5726914143332764,-0.4727840603831123,-0.47801465,-0.5043636800017942,-0.5504155696227051,-0.5075809120187115,-0.4664122800692228,-0.47761542
KEN,Kenya,2022,-0.436,-0.5319826222847333,-0.585766384420384,-0.5794202881487235,-0.6151537754115803,-0.47109668468698274,-0.4293641,-0.5345681830482388,-0.5909594370970082,-0.5383742438882201,-0.4812354482588501,-0.4938877
KEN,Kenya,2023,-0.436,-0.5498694450911918,-0.6170053735795411,-0.6043009798376273,-0.6460524357183643,-0.47904878772125786,-0.3984725,-0.5625789008410178,-0.6225444576561336,-0.5663919966135137,-0.4955761635291181,-0.50672287
KEN,Kenya,2024,-0.436,-0.5652601656938177,-0.6422844687585518,-0.6220404809268566,-0.6682821776793016,-0.4784830595112593,-0.38656524,-0.5886833297783366,-0.6464463011610521,-0.5919826082227613,-0.5093823615934923,-0.51845163
KEN,Kenya,2025,-0.436,-0.5827047154385914,-0.6629542766327136,-0.634237688226109,-0.6839800012556488,-0.49359676230381766,-0.40093565,-0.6131312897452402,-0.6637252162821874,-0.6154484151237284,-0.5268794801582656,-0.5321584
KEN,Kenya,2026,-0.436,-0.5974121851316814,-0.6800555973312133,-0.6420685312262223,-0.6947234926569633,-0.513307776650887,-0.40242592,-0.6361398616351014,-0.675262408476789,-0.6370517517807128,-0.5483985897868445,-0.5446879
KEN,Kenya,2027,-0.436,-0.609722719796186,-0.6943904888689629,-0.6463978625925054,-0.7016772650295745,-0.5254355261408918,-0.40361524,-0.6578976778070256,-0.6817902748508822,-0.6570202433469896,-0.5718136353107448,-0.557189
KEN,Kenya,2028,-0.436,-0.6216032568301,-0.7065770305882342,-0.6478617494858898,-0.7057010645936171,-0.5385454298037702,-0.41432655,-0.6785686502771687,-0.6839175332880227,-0.6755513980323256,-0.5956175430425189,-0.5693656
KEN,Kenya,2029,-0.436,-0.6353702311597567,-0.7170915247841737,-0.6469279957872486,-0.7074295772663554,-0.5624994013349482,-0.42800823,-0.6982952103291548,-0.6821501080453002,-0.6928165918571824,-0.632523762306348,-0.5859599
KEN,Kenya,2030,-0.436,-0.6466933251687284,-0.726301017984381,-0.6439406539558216,-0.7073313438847705,-0.5799332862946597,-0.4347841,-0.7172011235723051,-0.6769084884180455,-0.708964526186551,-0.6712228470390951,-0.60034585
KWT,Kuwait,2020,0.419,0.3265068819167155,0.3236894268204703,0.2859007733495237,0.3098604451607285,0.2202011951402674,0.26499033,0.37327174012090536,0.3291867467729324,0.3736094171701177,0.40367892888216406,0.38067982
KWT,Kuwait,2021,0.419,0.26073458341395467,0.24335803041369797,0.17218153490961619,0.22209555472096687,0.17688040937074373,0.1650739,0.3289922590027327,0.24192081966074802,0.32974059161209823,0.3862316075744008,0.34087113
KWT,Kuwait,2022,0.419,0.2106329322410554,0.17457057786437657,0.07272799927541718,0.15011590077428338,0.18040461055859422,0.12455697,0.2859716936336555,0.15678492923682505,0.2871930231433161,0.36999280587967553,0.3040108
KWT,Kuwait,2023,0.419,0.16528941152615673,0.114679821141357,-0.016221201388482265,0.08979522943936524,0.17393777420066145,0.07527953,0.24404506262230719,0.07343225335438855,0.24579273963653264,0.3606217940726105,0.29153112
KWT,Kuwait,2024,0.419,0.1246983524578495,0.0616457465654503,-0.09743241406377479,0.03808743807779069,0.16653568233860194,0.045088038,0.20306900545188478,-0.008425462597916433,0.2053887871092649,0.3512507822655455,0.28177592
KWT,Kuwait,2025,0.419,0.08943258961919849,0.013896285421406307,-0.17294018468108674,-0.0072561815941991625,0.16536388004553704,0.037885815,0.16291894905625157,-0.08902779594160823,0.1658501842072626,0.34316324458175707,0.2744717
KWT,Kuwait,2026,0.419,0.0576202394584026,-0.02978002477785524,-0.24424084655334755,-0.04789568163186442,0.1576462915072624,0.03739223,0.12348664571732758,-0.168573866797319,0.12706327963839686,0.3382839650637466,0.2828204
KWT,Kuwait,2027,0.419,0.02778305727381265,-0.07031675731915454,-0.312434897511389,-0.0850565535078327,0.1576462915072624,0.0346331,0.08467803362197039,-0.24722917005492134,0.08892945924283907,0.3329880407084031,0.29399303
KWT,Kuwait,2028,0.419,-0.00125026854078506,-0.10843333941642419,-0.37833171302336444,-0.11964348532795255,0.15454409370506458,0.0346331,0.04641137779369671,-0.32513125363517253,0.0513631564393695,0.3276921163530596,0.30439326
KWT,Kuwait,2029,0.419,-0.029390014902118632,-0.14468417373247988,-0.4425265588227403,-0.1523243402207276,0.15144930928774308,0.0346331,0.008615654656014202,-0.4023944378685626,0.014290125908306126,0.3242476744144642,0.3147935
KWT,Kuwait,2030,0.419,-0.06395847891014776,-0.17949649224657538,-0.505457230848956,-0.18359215126079553,0.08960903289419052,0.029409057,-0.02877085170065212,-0.47911373791701795,-0.02235405431762033,0.3165636747835598,0.32361796
LAO,Lao PDR,2020,-0.805,-0.8237506221345707,-0.7938323799935302,-0.7901079209895138,-0.7979899446870065,-0.8334600934931901,-0.8230696,-0.8035210494964437,-0.7991705368645596,-0.8027101483250182,-0.9160748996021576,-0.8775697
LAO,Lao PDR,2021,-0.805,-0.8339147017019654,-0.7795362598280974,-0.7853374861979647,-0.7860336612099814,-0.8375291693075507,-0.8153156,-0.7988109208854038,-0.7986545465484126,-0.7971893609001761,-1.002110857541542,-0.93862915
LAO,Lao PDR,2022,-0.805,-0.8429946330854188,-0.7628257858211649,-0.7879500443509033,-0.7703980395013709,-0.837529169307551,-0.8100757,-0.7912930612961335,-0.8025042479391413,-0.7888611556097309,-1.0881272302493217,-0.9903819
LAO,Lao PDR,2023,-0.805,-0.8474438757783102,-0.7442512910882645,-0.7959314186864446,-0.7520183290336542,-0.8362948159917845,-0.7964512,-0.7813354249493216,-0.8099319108449161,-0.7780930149481269,-1.1384047520620615,-1.0417266
LAO,Lao PDR,2024,-0.805,-0.8494513665625447,-0.7242368715473401,-0.8078002566622013,-0.7315849540918236,-0.8348597753934938,-0.7964512,-0.7692577455240266,-0.8202828283434422,-0.7652038000278291,-1.1517648815450554,-1.0930713
LAO,Lao PDR,2025,-0.805,-0.8513798916764767,-0.7031093426171635,-0.8224670782502228,-0.70960760295407,-0.8348597753934939,-0.7964512,-0.7553378554781365,-0.8330128532653635,-0.7504701836443569,-1.1691606140932338,-1.1393224
LAO,Lao PDR,2026,-0.805,-0.8515065009894773,-0.6811205537342138,-0.8391306111690362,-0.6864625401095955,-0.8348597753934939,-0.7964512,-0.7398171772194607,-0.847669728070954,-0.7341322321864551,-1.1702609017619288,-1.1851603
LAO,Lao PDR,2027,-0.805,-0.8457444025371451,-0.6584645842931933,-0.8572015492793961,-0.6624275333076155,-0.8348597753934939,-0.7968361,-0.7229054946567466,-0.86387756753328,-0.7163982490071752,-1.1710546718524844,-1.1734185
LAO,Lao PDR,2028,-0.805,-0.8451413560177222,-0.6352909951268549,-0.8762464797030812,-0.6377076375685166,-0.8348597753934939,-0.8026255,-0.7047850994371053,-0.8813239618163162,-0.69744897697152,-1.1704482483532963,-1.2106769
LAO,Lao PDR,2029,-0.805,-0.8388747441184087,-0.6117150403183432,-0.8959466432918348,-0.6124542295784134,-0.8359402592644618,-0.80210876,-0.6856143938174358,-0.8997492574443415,-0.6774412449676029,-1.1680522183726267,-1.1997254
LAO,Lao PDR,2030,-0.805,-0.8337391996253247,-0.5878255365948521,-0.9160676044769352,-0.5867790593498438,-0.8359402592644618,-0.79622006,-0.6655310213781667,-0.9189376483841287,-0.6565111319501675,-1.1848058002233446,-1.1887739
LBR,Liberia,2020,-0.849,-0.880395022453456,-0.8651422191526759,-0.9295620864177798,-0.8780226925425588,-0.8720110864842018,-0.9160342,-0.8565191983848686,-0.8914647760948909,-0.8591409493627029,-0.8757053658522683,-0.8603476
LBR,Liberia,2021,-0.849,-0.8956894611095082,-0.874923278173419,-0.9888389506012456,-0.8958471036197317,-0.8720110864842019,-0.9205126,-0.861603588063626,-0.9246926530294599,-0.8664135169417756,-0.8899190894474305,-0.8621327
LBR,Liberia,2022,-0.849,-0.9063450822644178,-0.8797685411177836,-1.0318371565931725,-0.9051336864219373,-0.8720110864842019,-0.9208393,-0.864572251650287,-0.9498746574587092,-0.8711587182992183,-0.9023028039569428,-0.8659526
LBR,Liberia,2023,-0.849,-0.9174409322124772,-0.8807764174045092,-1.0622388471497146,-0.907846453275085,-0.8720110864842019,-0.9591085,-0.865702455860019,-0.9680006884670657,-0.8736724494385447,-0.9148735738678674,-0.8701789
LBR,Liberia,2024,-0.849,-0.9224394556820421,-0.8787933597321009,-1.0827521021357969,-0.9054352866391321,-0.8720110864842019,-0.97583115,-0.8652351314987118,-0.9798934817953568,-0.8742114565457109,-0.9250421274876084,-0.8651894
LBR,Liberia,2025,-0.849,-0.9241403043558293,-0.8744716587297021,-1.0953686141718522,-0.8989705255949286,-0.8720110864842019,-0.980736,-0.8633796352978123,-0.9862368385601658,-0.8729985158773081,-0.9363889965629637,-0.86084116
LBR,Liberia,2026,-0.849,-0.921238485525881,-0.8683139804832258,-1.1015531995454895,-0.8892423209165092,-0.8720110864842018,-0.9636939,-0.8603178877088807,-0.987599087015434,-0.8702269283009462,-0.944436025280807,-0.8549904
LBR,Liberia,2027,-0.849,-0.9155681062045439,-0.8607076878990794,-1.1023831764806307,-0.8768339814420523,-0.8730915703551696,-0.94379985,-0.856207968438584,-0.9844525823480649,-0.8660644191657729,-0.9465590659269181,-0.84558076
LBR,Liberia,2028,-0.849,-0.907794069369614,-0.8519512893219976,-1.0986508727015185,-0.8621761201784398,-0.8743696428670289,-0.91500366,-0.8511872407874504,-0.9771899135610638,-0.8606565221835337,-0.9494366567160799,-0.8373188
LBR,Liberia,2029,-0.849,-0.89997946963784,-0.8422748202830096,-1.090939015956244,-0.8455866262944265,-0.8743696428670286,-0.8989619,-0.8453750665428328,-0.9661373735152987,-0.8541295155904162,-0.9528997996548567,-0.82912093
LBR,Liberia,2030,-0.849,-0.8953979704843678,-0.8318555500158544,-1.0796761809595443,-0.8273001734343208,-0.8743696428670286,-0.90393835,-0.8388751650841091,-0.9515661542977576,-0.8465929698271341,-0.972574942595751,-0.8272306
LBY,Libya,2020,-1.425,-1.4069238396212969,-1.308573033110814,-1.4481073300061953,-1.2976937919777911,-1.4989940899116347,-1.4824132,-1.3620592708911925,-1.4359975842872699,-1.3619647129145667,-1.3999708021991968,-1.4734646
LBY,Libya,2021,-1.425,-1.427352589337412,-1.2250774119228742,-1.5092975593897813,-1.2160393745550069,-1.568911169585513,-1.6948276,-1.3108384073192172,-1.4730988849171764,-1.3113731376704285,-1.4138327227867673,-1.5502297
LBY,Libya,2022,-1.425,-1.4427083554659523,-1.1670486979263297,-1.6000896672177984,-1.1688038920255044,-1.587591980116362,-1.7768134,-1.2698015164141307,-1.5331070647152694,-1.2716808119292424,-1.4333218160614067,-1.6188247
LBY,Libya,2023,-1.425,-1.4692297330237778,-1.1287346697621008,-1.7142461761452505,-1.1476949725702699,-1.5985694335659903,-1.8249363,-1.2376139846551877,-1.613365133446478,-1.2415476202111972,-1.5208808124460025,-1.6647083
LBY,Libya,2024,-1.425,-1.5209531661242435,-1.1057025692903506,-1.8471796521902033,-1.1465909822803797,-1.6201640767844985,-1.8892941,-1.2131161001349933,-1.7116647843613435,-1.2198107568883134,-1.7000769759914305,-1.7559316
LBY,Libya,2025,-1.425,-1.5796778232846747,-1.094536438831482,-1.995516207260625,-1.1609727796444802,-1.620116535377422,-1.9830364,-1.1953001316360468,-1.8261706254304417,-1.205461266427406,-1.870391135979931,-1.8452767
LBY,Libya,2026,-1.425,-1.628703826846077,-1.0926038841738799,-2.1567744714005923,-1.187504222661354,-1.6201165353774223,-1.9814113,-1.1832904115030887,-1.9553572055802302,-1.1976236875790207,-2.003366844440248,-1.9089897
LBY,Libya,2027,-1.425,-1.6415837913578675,-1.0978763382405172,-2.3291294887460676,-1.2237224888182894,-1.6130069333296877,-1.9814113,-1.1763260286626587,-2.0979566752502516,-1.1955383908311634,-1.742262796621119,-1.9586074
LBY,Libya,2028,-1.425,-1.6928012335961455,-1.1087905532595226,-2.5112390717293587,-1.2678094616421558,-1.6130069333296877,-1.9814113,-1.173745789729073,-2.2529152854636747,-1.1985462527836248,-1.9138079384104039,-1.9067397
LBY,Libya,2029,-1.425,-1.7502862654578955,-1.12414186431055,-2.7021160910163458,-1.318422962598849,-1.613006933329688,-1.9801718,-1.174975150963228,-2.4193572328595923,-1.2060753582463764,-2.0059016380518107,-1.9586936
LBY,Libya,2030,-1.425,-1.7663589343558486,-1.1430019364255775,-2.9010345494768672,-1.374572162308606,-1.6130069333296877,-1.9801718,-1.1795148628032082,-2.596554610181304,-1.2176294617751173,-1.7512771275205685,-1.9068259
MDG,Madagascar,2020,-1.494,-1.3969650499738286,-1.3643746054262809,-1.3364630222788856,-1.353083562604533,-1.4484735602703456,-1.3805122,-1.4200094017247173,-1.3819929900288175,-1.4205189818569794,-1.4318414617293682,-1.4323807
MDG,Madagascar,2021,-1.494,-1.3140676992856146,-1.2621648386900832,-1.2177368995939897,-1.2465760667962842,-1.4325530756862284,-1.2345166,-1.3545299996817353,-1.2879974389589695,-1.3555270085425535,-1.3732484470565707,-1.3758266
MDG,Madagascar,2022,-1.494,-1.2457396936166578,-1.1810784891675161,-1.1274943453341821,-1.165441825928883,-1.4151004971427326,-1.1312163,-1.2964463983431103,-1.208914621087814,-1.2978968825182098,-1.315183450199124,-1.3186241
MDG,Madagascar,2023,-1.494,-1.192994525118515,-1.116266673945443,-1.0581400220063222,-1.1030104727091021,-1.3867284085625105,-1.1052835,-1.244789375192283,-1.142169089658511,-1.2466505450558958,-1.2626316144487586,-1.2642756
MDG,Madagascar,2024,-1.494,-1.152971091779362,-1.0639927626230894,-1.004087839690863,-1.054357777073648,-1.3850707457745388,-1.1031182,-1.1987167246949193,-1.0856203112280203,-1.2009393437740763,-1.2140609996730511,-1.2197462
MDG,Madagascar,2025,-1.494,-1.117720101790062,-1.0213772452180294,-0.9612294357748932,-1.0158485506362886,-1.383325226730476,-1.0988162,-1.1574966126747135,-1.0374892222577117,-1.1600269109639119,-1.1667669425966216,-1.1748247
MDG,Madagascar,2026,-1.494,-1.0921623492214498,-0.9862011231005955,-0.9265432614465848,-0.9847992074488562,-1.3881299856726814,-1.1028419,-1.1204931121046215,-0.996297188024651,-1.1232743072735332,-1.137765724013093,-1.1552777
MDG,Madagascar,2027,-1.494,-1.070652364253966,-0.9567543987543641,-0.8978070792642954,-0.9592286580117042,-1.3889089541766182,-1.1024823,-1.0871536344381965,-0.960815269485126,-1.0901271310222755,-1.1176139315106142,-1.1456323
MDG,Madagascar,2028,-1.494,-1.052256799296252,-0.9317193194475034,-0.8733865157478717,-0.937674413072983,-1.392441229661435,-1.0988165,-1.0569980080697687,-0.9300220573960459,-1.0601043330735906,-1.1068855486145972,-1.13452
MDG,Madagascar,2029,-1.494,-1.0356574611090663,-0.9100804028500267,-0.8520795496269619,-0.9190568269063599,-1.392441229661435,-1.0931923,-1.0296089880666053,-0.9030686269492934,-1.0327885116052171,-1.1008502957525228,-1.1234078
MDG,Madagascar,2030,-1.494,-1.0212436560889033,-0.8910551012672063,-0.8330021386970609,-0.9025788783419945,-1.3952891999411552,-1.0923488,-1.0046240096043066,-0.8792494104845869,-1.0078174909723199,-1.0953667907784008,-1.1111047
MLI,Mali,2020,-0.351,-0.4811700611404266,-0.46088099133220395,-0.5913145566420789,-0.49115335055659426,-0.5255480165285286,-0.57395244,-0.4136088278788699,-0.49471831474863515,-0.41527774029278597,-0.4004468643526854,-0.4447995
MLI,Mali,2021,-0.351,-0.5620512258134114,-0.5445921945655503,-0.7675262304932197,-0.5933354454777412,-0.5336275278670276,-0.6562345,-0.46779030145888084,-0.6142203251169902,-0.4707458273343052,-0.45050002933266675,-0.5219399
MLI,Mali,2022,-0.351,-0.617159281334277,-0.6081325055893698,-0.8965194986657772,-0.6674540113569813,-0.5431741136423293,-0.7018835,-0.5146488287504684,-0.713547320086291,-0.5185652849201414,-0.4879261010813802,-0.51974165
MLI,Mali,2023,-0.351,-0.6597715892502893,-0.6561247740687732,-0.9907122698411404,-0.720823176938071,-0.5576499544135296,-0.7300177,-0.555144084671064,-0.7960581399021499,-0.5597435225042274,-0.5123767492052276,-0.5190655
MLI,Mali,2024,-0.351,-0.6949423717007852,-0.6921314453971243,-1.059237456752892,-0.7588424129043368,-0.5846698847398826,-0.7500323,-0.590109978372399,-0.8645444205618833,-0.5951546598175573,-0.5363118085289149,-0.51838934
MLI,Mali,2025,-0.351,-0.7324101225549041,-0.7188977996722122,-1.108811979064344,-0.7854977420182299,-0.6393285063937177,-0.82645047,-0.6202711348922952,-0.9213263770717546,-0.6255571623491438,-0.5602468678526022,-0.5177132
MLI,Mali,2026,-0.351,-0.7615236888776754,-0.7385393957259996,-1.144375882857125,-0.8037317448389586,-0.6776130145560378,-0.88424677,-0.6462572168796743,-0.9683324118740827,-0.6516091434873772,-0.5835076890006139,-0.5170236
MLI,Mali,2027,-0.351,-0.7883022070064364,-0.7526865186339876,-1.1695623893861966,-0.8157167070917829,-0.7515305775629293,-0.92099524,-0.668615369452014,-1.0071652798728326,-0.6738816420445073,-0.6065342937227498,-0.51633406
MLI,Mali,2028,-0.351,-0.8092400542361855,-0.7625954933856999,-1.1870435985610297,-0.8230562638097016,-0.825611293227471,-0.9284777,-0.6878210341494675,-1.0391570802324783,-0.6928701430400587,-0.6301234407121119,-0.5156445
MLI,Mali,2029,-0.351,-0.8227462164252776,-0.7692344650638704,-1.1987847410750332,-0.8269342580245762,-0.8398068993754887,-0.9379411,-0.7042873457161496,-1.0654149617626127,-0.7090045741765039,-0.6531014668910299,-0.5229524
MLI,Mali,2030,-0.351,-0.8350116865595865,-0.7733495024875058,-1.2062311714468112,-0.8282246319335073,-0.8593750390781502,-0.9507066,-0.7183732974296355,-1.0868591100764937,-0.7226579796874115,-0.6777238530493992,-0.5266157
MMR,Myanmar,2020,-1.344,-1.2501654831338522,-1.195339326789103,-1.2727884375928493,-1.181642542368458,-1.274398447210679,-1.1888471,-1.259167516483253,-1.2806968809927681,-1.2588735255993964,-1.2872496839956191,-1.3026514
MMR,Myanmar,2021,-1.344,-1.1718577362518339,-1.07437400177856,-1.2169456804685022,-1.0542909703303618,-1.1836195001539185,-1.1114824,-1.1816099875849444,-1.225881599160452,-1.1810590250147286,-1.228011387417435,-1.2613028
MMR,Myanmar,2022,-1.344,-1.109788226551656,-0.9747499524688363,-1.1723878590774368,-0.9527717930540973,-1.1316504214222727,-1.0768411,-1.1103740277143859,-1.1780903473754967,-1.109587661009083,-1.1695590227079995,-1.2218701
MMR,Myanmar,2023,-1.344,-1.0615780664118517,-0.8915706241491212,-1.1361114383504176,-0.8703129127896284,-1.1107398213045128,-1.0790199,-1.0446311928279095,-1.1361065102672407,-1.043618782602263,-1.1224969875708326,-1.1811725
MMR,Myanmar,2024,-1.344,-1.023238021890499,-0.8210626497327604,-1.1059074292874933,-0.8019149995351201,-1.1070666853092275,-1.0816126,-0.9836616067912503,-1.0989189211783639,-0.982422964826297,-1.093737374506441,-1.156075
MMR,Myanmar,2025,-1.344,-0.9912263523263791,-0.7603182093317797,-1.080151202147568,-0.7438874242728334,-1.1050536678081628,-1.0797645,-0.9268397335134129,-1.0656871682305258,-0.9253672924804248,-1.074679022203021,-1.1505153
MMR,Myanmar,2026,-1.344,-0.9585282823268801,-0.7070964882290526,-1.0576479018201312,-0.6935056734096312,-1.1058486477969955,-1.0427291,-0.8736220136478479,-1.0357127591226376,-0.8719025909833766,-1.05436780596024,-1.1428498
MMR,Myanmar,2027,-1.344,-0.92586779663926,-0.6596706770656986,-1.0375187565463015,-0.6487584436463987,-1.1058486477969955,-0.97058856,-0.8235361215086765,-1.0084151553030034,-0.8215523467037048,-1.0476049649241772,-1.1351843
MMR,Myanmar,2028,-1.344,-0.8956364518641304,-0.6167100676224592,-1.0191174621864274,-0.6081609411574704,-1.1069192659036131,-0.9039142,-0.7761716298721613,-0.9833118532286627,-0.7739030932343691,-1.041175210700424,-1.1269808
MMR,Myanmar,2029,-1.344,-0.8706192160807955,-0.5771891938537073,-1.0019686859402572,-0.570617054428634,-1.1035494795725165,-0.87214863,-0.7311718981595212,-0.9600018292840625,-0.7285960696533967,-1.0360673341092792,-1.124882
MMR,Myanmar,2030,-1.344,-0.849163882975877,-0.540317814446197,-0.9857228381066997,-0.5353176068383128,-1.0988713139763862,-0.86278033,-0.6882270236764981,-0.9381517803410135,-0.6853199824749246,-1.0306452996106528,-1.1262848
MNG,Mongolia,2020,-1.332,-1.146324837645305,-1.1204280691130788,-1.0193155000845575,-1.0738434081425743,-1.1813303582242964,-1.0015593,-1.2116059968431194,-1.1268473326478612,-1.207687926797009,-1.2657199388287623,-1.2549106
MNG,Mongolia,2021,-1.332,-1.011494194474881,-0.9592619297092148,-0.7866739844430476,-0.8844992730252511,-1.1319620250637843,-0.79112357,-1.10866949744329,-0.9544413364185653,-1.1012487585275985,-1.2072177972645113,-1.1898438
MNG,Mongolia,2022,-1.332,-0.9118041635603525,-0.8369421423936514,-0.6129513500229393,-0.7459766948907813,-1.1167590868675459,-0.6747883,-1.020902689243004,-0.809289019614471,-1.0103209387597778,-1.1561437795729217,-1.1339676
MNG,Mongolia,2023,-1.332,-0.8384025935596373,-0.7445608095264313,-0.48261160000673986,-0.6449943467063499,-1.1167590868675457,-0.5765367,-0.9463175783971615,-0.6868249869697196,-0.9328553671351972,-1.142504395495193,-1.110061
MNG,Mongolia,2024,-1.332,-0.7750597424621972,-0.6752533559621585,-0.3842285831153668,-0.5717476244703412,-1.1167590868675457,-0.4555729,-0.8831866984159108,-0.5832547972980131,-0.8670740584989348,-1.1273658559304383,-1.0861545
MNG,Mongolia,2025,-1.332,-0.7239985123942327,-0.6237298250992418,-0.3093987875184445,-0.5189985270861043,-1.1167590868675459,-0.35568655,-0.8300089679549035,-0.49542477318965444,-0.8114342718143005,-1.115178521970115,-1.0633658
MNG,Mongolia,2026,-1.332,-0.6865772020659262,-0.5859136877637696,-0.2519417409503433,-0.4814037831816912,-1.1128093073803662,-0.32921365,-0.7854800229552191,-0.42071379582473767,-0.7645973851587777,-1.100456422762885,-1.0332422
MNG,Mongolia,2027,-1.332,-0.6523016734845879,-0.5586635022847921,-0.20731193455747288,-0.4550188577158611,-1.1128093073803662,-0.26599976,-0.7484664367677234,-0.3569433722962391,-0.7254018888500371,-1.0812223428245782,-1.0111793
MNG,Mongolia,2028,-1.332,-0.6178674150820582,-0.5395584210856172,-0.1721663146296878,-0.4369317973910024,-1.1115148100920893,-0.15958288,-0.717983318740008,-0.3023028897811496,-0.6928399518347754,-1.0566773338640776,-0.98911643
MNG,Mongolia,2029,-1.332,-0.596412266422783,-0.5267328984698944,-0.14404618875896602,-0.4249929262836374,-1.1115148100920893,-0.13672002,-0.6931748485170972,-0.25528749197065326,-0.666037088564181,-1.0356144590137477,-0.97000194
MNG,Mongolia,2030,-1.332,-0.5749501918115307,-0.5187493136726155,-0.12114327957934201,-0.4176153004754788,-1.1089576679443207,-0.0856381,-0.6732973613295065,-0.21464644625013207,-0.6442345161325528,-1.0157007769029789,-0.94951916
MOZ,Mozambique,2020,-1.334,-1.2540235237879505,-1.2362036603236533,-1.2717253667551278,-1.2367949931083277,-1.2383497655432223,-1.1943165,-1.2770131726754954,-1.2722477473298794,-1.277779878698532,-1.2666661685056906,-1.269138
MOZ,Mozambique,2021,-1.334,-1.194582592659057,-1.1679528547581635,-1.234371356711323,-1.1734088213883507,-1.1356771469251068,-1.1207563,-1.232301333493679,-1.2253152975535235,-1.2338494416166494,-1.2124881720685798,-1.2097052
MOZ,Mozambique,2022,-1.334,-1.159086350878684,-1.1224686327642497,-1.2153091475988256,-1.134974912880059,-1.1047492749873964,-1.0954261,-1.198255840554373,-1.1907010694025881,-1.2005807107933586,-1.163100805792315,-1.165297
MOZ,Mozambique,2023,-1.334,-1.150780541095846,-1.094527021496166,-1.2096634857119222,-1.114947744933123,-1.093193635529748,-1.1486546,-1.1734788650948897,-1.1663259213257469,-1.1765611050266733,-1.155173434414349,-1.1752796
MOZ,Mozambique,2024,-1.334,-1.1516718369386425,-1.0801023399676075,-1.2138488021927034,-1.108495250886469,-1.1293760212360509,-1.1847208,-1.1567557643475737,-1.150461814484064,-1.160564940861404,-1.1722786308756408,-1.160114
MOZ,Mozambique,2025,-1.334,-1.1787264477983996,-1.0760923309727966,-1.225228043707976,-1.1120502796561589,-1.1361938615837834,-1.3098824,-1.1470310749449517,-1.1416725223604145,-1.1515287042636577,-1.2313806529716746,-1.2562046
MOZ,Mozambique,2026,-1.334,-1.1993842313632463,-1.0801063431403166,-1.2418617550254796,-1.122979472112828,-1.142270163437411,-1.3749481,-1.143387652398338,-1.1387643526823716,-1.1485295940848188,-1.2911086196745456,-1.3098862
MOZ,Mozambique,2027,-1.334,-1.2252932522609106,-1.0903021004754456,-1.262323538525342,-1.1393388174363475,-1.1678180350067981,-1.4461101,-1.1450285443557608,-1.140745190888435,-1.150766904426566,-1.3538250678020902,-1.3566742
MOZ,Mozambique,2028,-1.334,-1.2530221796501528,-1.1052599142350614,-1.2855643314933871,-1.1596931987728731,-1.1707954913240024,-1.5229821,-1.1512612393763868,-1.1467904598862693,-1.1575458702936798,-1.4286039976094327,-1.4017252
MOZ,Mozambique,2029,-1.334,-1.2871995255170194,-1.123885748491257,-1.3108125870881584,-1.1829831773770723,-1.1717341911986892,-1.6263274,-1.1614839799090908,-1.1562148281551112,-1.1682636506185538,-1.520315159997362,-1.4499745
MOZ,Mozambique,2030,-1.334,-1.3193048176536792,-1.145336520830827,-1.3375008611325654,-1.2084266493721043,-1.1778156592028468,-1.6783216,-1.1751738689604312,-1.1684486954747788,-1.1823971658630805,-1.6157670397348853,-1.5038601
MWI,Malawi,2020,-1.2,-1.1789680615468543,-1.1675955074176483,-1.1790068968399106,-1.1753717247878435,-1.1591607879262074,-1.1985849,-1.1806663777023876,-1.198553858953172,-1.1838101325923895,-1.1544251746011558,-1.1925052
MWI,Malawi,2021,-1.2,-1.1665340522168592,-1.1437493327068935,-1.166380452157459,-1.1592454417114957,-1.1376865080564094,-1.1920557,-1.16459638075845,-1.1989694220059415,-1.1706845592428932,-1.1423901370311267,-1.1895826
MWI,Malawi,2022,-1.2,-1.1538866749089183,-1.1264972502932102,-1.1598875266860325,-1.1493867888416245,-1.1280615483464334,-1.158545,-1.1513623098148864,-1.200919189305651,-1.1602166018939737,-1.1467646694206768,-1.1572258
MWI,Malawi,2023,-1.2,-1.1506961478134303,-1.114325595044395,-1.1578857290562632,-1.1441463049565268,-1.121135792260824,-1.158545,-1.1405925156825507,-1.2041309655971109,-1.1520533898108296,-1.1487181260715684,-1.165428
MWI,Malawi,2024,-1.2,-1.1481962790580968,-1.1060679112528338,-1.1591671411367108,-1.1423063169987695,-1.121135792260824,-1.1566613,-1.13196405394096,-1.208378520986334,-1.1458887403677407,-1.1515211524734659,-1.1588719
MWI,Malawi,2025,-1.2,-1.1573498273218783,-1.100825308609911,-1.1628433837995522,-1.1429679086099138,-1.1196893686155038,-1.1650951,-1.1251963021596956,-1.2134738288124665,-1.141456981773178,-1.1965548782622695,-1.2053952
MWI,Malawi,2026,-1.2,-1.158959639352097,-1.0979050871857032,-1.1682610870404717,-1.1454674775081028,-1.1196893686155038,-1.1719831,-1.1200454135853868,-1.219260614303113,-1.1385275931063408,-1.2086188255100883,-1.1998378
MWI,Malawi,2027,-1.2,-1.1611131082885844,-1.096773440810185,-1.1749397213769894,-1.1493151360810447,-1.119689368615504,-1.1751006,-1.1162994976751404,-1.225608992662276,-1.1369005535271504,-1.2228718005356847,-1.193632
MWI,Malawi,2028,-1.2,-1.1810421018506894,-1.097019009506477,-1.1825258751403613,-1.154149237180683,-1.1196893686155038,-1.2645822,-1.1137744322229106,-1.2324110126194279,-1.1364023068293985,-1.2529314267446099,-1.2569362
MWI,Malawi,2029,-1.2,-1.197544714262786,-1.098324792385342,-1.1907596271141825,-1.1597028039404556,-1.1196893686155038,-1.3144656,-1.1123102243083145,-1.2395769525353353,-1.1368822599213777,-1.285491133796361,-1.3182443
MWI,Malawi,2030,-1.2,-1.2082934378867478,-1.1004465032511734,-1.199449814853315,-1.1657787474363592,-1.1196893686155038,-1.3306746,-1.1117678481444984,-1.2470322419810684,-1.138209744590378,-1.3040553978903846,-1.3658301
MYS,Malaysia,2020,1.209,1.0468151884288992,1.0086568809053174,1.0679704647577446,0.992815227566217,0.9830927003303047,0.7687708,1.1090232207255537,1.104062813825914,1.108729367598573,1.1574960432885353,1.1675344
MYS,Malaysia,2021,1.209,0.9618069949935233,0.8527049279765259,0.9599234021752713,0.8320675190949578,0.9830927003303047,0.7000387,1.0210854929008069,1.0163853712608817,1.0207110668450616,1.1059920865770705,1.1260687
MYS,Malaysia,2022,1.209,0.8904233067810194,0.7309621840592381,0.8761411985214137,0.7122498977056444,0.9830927003303047,0.63268554,0.943609094219615,0.943076529370113,0.9433247204188633,1.0544881298656057,1.0846031
MYS,Malaysia,2023,1.209,0.8266230073882616,0.635582262403343,0.8102123711951495,0.6226529543743726,0.9830927003303046,0.537936,0.875223063488676,0.881733369854445,0.8751643421223455,1.002984173154141,1.0416489
MYS,Malaysia,2024,1.209,0.7637377333023945,0.5605186059374655,0.7574215117818722,0.5553707385653806,0.981161533663638,0.37204412,0.8147361045044557,0.8303587530073034,0.8150099709237172,0.9508707969273286,0.9998852
MYS,Malaysia,2025,1.209,0.7186877271637443,0.5011116364911968,0.7143006117256533,0.5045668821154579,0.981161533663638,0.31776673,0.7611130408874275,0.7872927942587614,0.7618030580821765,0.8987574207005162,0.95900357
MYS,Malaysia,2026,1.209,0.690813319830634,0.4537706050697191,0.6782990789490942,0.46593283374004413,0.981161533663638,0.32480747,0.7134543565193068,0.7511559122122785,0.7146251107873361,0.8803806756481564,0.9445456
MYS,Malaysia,2027,1.209,0.6699899960440981,0.4157284203458239,0.6475410472770177,0.4362879143502647,0.981161533663638,0.32960117,0.670978417213827,0.7208014941068456,0.6726791614455312,0.8759709563748866,0.94914985
MYS,Malaysia,2028,1.209,0.6521142470626042,0.3848527153887792,0.6206468864900904,0.41328406799918205,0.981161533663638,0.32960117,0.6330060222443733,0.6952765546187946,0.6352736887534172,0.8715612371016169,0.9564786
MYS,Malaysia,2029,1.209,0.6368546902711254,0.35950025252060425,0.5966019295681987,0.3951879017301676,0.981161533663638,0.33136415,0.5989469803998401,0.6737890381753898,0.6018086661643935,0.8671515178283472,0.9630349
MYS,Malaysia,2030,1.209,0.625133831294237,0.3384047252593251,0.5746599264312283,0.38071978200382084,0.981161533663638,0.34821296,0.5682884452535131,0.6556806428965071,0.5717634562738217,0.8627417985550775,0.96970505
NER,Niger,2020,-0.62,-0.7008078650871684,-0.7063728789256998,-0.7830570591686419,-0.7277931976560135,-0.7147940964815794,-0.70153016,-0.6687902941787364,-0.7131273064980539,-0.6699767620086842,-0.6783552716868496,-0.6442816
NER,Niger,2021,-0.62,-0.7672107754709546,-0.7732170800377978,-0.9105407417484618,-0.8083932470029912,-0.7896967810932822,-0.7695324,-0.7113531882215054,-0.7942983155049564,-0.7136307705780383,-0.7341468118694064,-0.66729844
NER,Niger,2022,-0.62,-0.8258698027533325,-0.8250100065093683,-1.0118171836547853,-0.8689014075943483,-0.8361229343064316,-0.87147844,-0.7485047853026191,-0.865526852226259,-0.7517961368252624,-0.783180648337457,-0.69635963
NER,Niger,2023,-0.62,-0.8725371460434237,-0.8652020202305092,-1.0937748315786195,-0.9145600048138283,-0.8676586750941178,-0.9377576,-0.7809542379626448,-0.9284866690660731,-0.7851966111405677,-0.8272407444750315,-0.72454005
NER,Niger,2024,-0.62,-0.903797785302101,-0.8964520278737833,-1.1614798833889495,-0.9492390528782502,-0.8675564291522184,-0.93624353,-0.8093177640299439,-0.9845688734067803,-0.8144601849468343,-0.8672890772169919,-0.751371
NER,Niger,2025,-0.62,-0.9331093724724285,-0.9208090274627567,-1.218658340316389,-0.9757954919700812,-0.8675564291522183,-0.9513848,-0.834130825750321,-1.0349296576126534,-0.8401317605094631,-0.8968582735124446,-0.79083914
NER,Niger,2026,-0.62,-0.9592156041550606,-0.9398520111989616,-1.2680505385123402,-0.9963383859709788,-0.8675564291522183,-0.96948886,-0.8558587128370659,-1.0805299689118737,-0.8626841444115086,-0.9232952900240424,-0.8285017
NER,Niger,2027,-0.62,-0.9805665292492497,-0.9547977769239884,-1.3116718939033947,-1.0124246979858096,-0.8675564291522183,-0.98913735,-0.8749057386082311,-1.1221684802622325,-0.8825275864889021,-0.9338079382483778,-0.8566674
NER,Niger,2028,-0.62,-0.994532606939497,-0.96658400943822,-1.3510046703917684,-1.0252038166751065,-0.8675564291522183,-0.9776595,-0.8916232309665955,-1.160508993457211,-0.9000180566750449,-0.9446383336242176,-0.860529
NER,Niger,2029,-0.62,-1.0080125566724019,-0.9759333043568161,-1.387139018276873,-1.0355242491671577,-0.8675564291522183,-0.9810604,-0.9063164761586412,-1.1961032146948594,-0.9154644267412038,-0.9532537967060652,-0.86177427
NER,Niger,2030,-0.62,-1.024526979547883,-0.983402505965655,-1.4208767028000597,-1.044012384403735,-0.8710283901900817,-0.9827355,-0.9192507525512559,-1.2294096840574071,-0.929134701825267,-0.9805901147025183,-0.88482904
NGA,Nigeria,2020,-1.529,-1.4494467431917397,-1.4007920060270822,-1.3171103863410978,-1.370356821843105,-1.5283777674426695,-1.527872,-1.4590196178899968,-1.3972094642805617,-1.4593383535873106,-1.5085682894689538,-1.5258228
NGA,Nigeria,2021,-1.529,-1.391787641885565,-1.305523847243772,-1.159245038782866,-1.256091685901986,-1.5312800833262445,-1.5512714,-1.4005788996051718,-1.2906343201540824,-1.401239362674284,-1.4926036453014588,-1.5294081
NGA,Nigeria,2022,-1.529,-1.353827475269077,-1.2356373135520937,-1.0410695501508318,-1.1745685562588937,-1.546361125375964,-1.5849693,-1.3521655677789517,-1.204987972992643,-1.35317048554771,-1.5029451348224407,-1.5423998
NGA,Nigeria,2023,-1.529,-1.3384278643142458,-1.1853079216363072,-0.9520414939244719,-1.1171974234938193,-1.5619759623501528,-1.6212734,-1.3124655295731944,-1.1367077014418017,-1.3138019501423583,-1.5836121425139449,-1.5998951
NGA,Nigeria,2024,-1.529,-1.3446910915003518,-1.1500472270822497,-0.8844073051612092,-1.077636930261579,-1.5639121462921508,-1.7333298,-1.280336904519789,-1.0828324176098503,-1.2819799257140319,-1.6756250923210956,-1.7168032
NGA,Nigeria,2025,-1.529,-1.3437122950033384,-1.126396359434479,-0.8324645235022513,-1.0512057297774233,-1.5680592161058144,-1.7494625,-1.2547874560235674,-1.0409010697809447,-1.256703244151996,-1.743366253661693,-1.8137766
NGA,Nigeria,2026,-1.529,-1.3411444662205034,-1.1116898551774435,-0.7920192001789443,-1.034447936096726,-1.5666620672763827,-1.7673414,-1.2349549804754083,-1.008868201768182,-1.2371032012801895,-1.800849781284462,-1.8575081
NGA,Nigeria,2027,-1.529,-1.3418628770653656,-1.10387366347453,-0.7599868409261118,-1.0248123287670354,-1.5666620672763827,-1.7743772,-1.2200902663795827,-0.9850337716806895,-1.2224260306358024,-1.8540696787031556,-1.9072969
NGA,Nigeria,2028,-1.529,-1.3400029194481589,-1.1013648983418292,-0.7340989142483243,-1.0204155337704313,-1.566662067276383,-1.7743772,-1.2095422866939936,-0.9679848221306585,-1.2120176961313913,-1.901591795811978,-1.911974
NGA,Nigeria,2029,-1.529,-1.3341804150444845,-1.1029437613238213,-0.7126869991004031,-1.0198671978397273,-1.567527657478976,-1.7551488,-1.2027453317199002,-0.956547000538614,-1.2053106967904819,-1.8968189048915063,-1.9222078
NGA,Nigeria,2030,-1.529,-1.331069529134565,-1.1076702552967643,-0.6945240334866895,-1.0221409278160603,-1.567527657478976,-1.7596033,-1.199207828231376,-0.9497442661599309,-1.2018126173404575,-1.8753160594935265,-1.9331484
OMN,Oman,2020,-0.179,-0.17979652947059982,-0.19392586597090034,-0.11956768004766527,-0.19037092063499184,-0.1663222313931083,-0.21630488,-0.1838042446033755,-0.15107898387633326,-0.18235227666050172,-0.1943212940528438,-0.19991691
OMN,Oman,2021,-0.179,-0.18062813420163995,-0.20350865479619085,-0.08354568926202544,-0.1981097785104483,-0.16349365158437848,-0.21952541,-0.18661102738987737,-0.13722667027851557,-0.18404712728027786,-0.2096425881056876,-0.22057074
OMN,Oman,2022,-0.179,-0.1834321946580831,-0.2089785493683206,-0.06482275094332601,-0.20320402251684644,-0.16349365158437848,-0.21737675,-0.18768211649608357,-0.1351283130118029,-0.18430905384205318,-0.22810214816650787,-0.24122459
OMN,Oman,2023,-0.179,-0.18918549429048176,-0.21128354923208903,-0.058904247018454425,-0.20638261184019513,-0.16813925684536585,-0.22182895,-0.18724497524395747,-0.14286005493224824,-0.18333285460981144,-0.2458986143006695,-0.26597983
OMN,Oman,2024,-0.179,-0.19512778865391536,-0.2111541987174943,-0.062484552064826726,-0.20818368217540661,-0.16727466053389045,-0.22185428,-0.18549725779994963,-0.15882291887392308,-0.18128755420948486,-0.26498286448179736,-0.2897359
OMN,Oman,2025,-0.179,-0.2028286826894254,-0.20915346752322517,-0.07313250079616451,-0.2090044985980799,-0.16850567615889042,-0.22446795,-0.18261071567625126,-0.18168794546725828,-0.17831981372309375,-0.28341437506514433,-0.3179899
OMN,Oman,2026,-0.179,-0.21346132295988643,-0.20571518952989276,-0.08906006102684094,-0.20913833200955612,-0.18469008469183654,-0.2302454,-0.17873459228356153,-0.21035059548330237,-0.17455688959543558,-0.3018830798184881,-0.350239
OMN,Oman,2027,-0.179,-0.2207972507283776,-0.20117368439342975,-0.10895220118953253,-0.20880168224044293,-0.19586406584365235,-0.21293435,-0.1739985726264137,-0.24389285221196721,-0.17010920104965685,-0.32032406539187347,-0.37192184
OMN,Oman,2028,-0.179,-0.2304127904583356,-0.19578658444118113,-0.1318417641844073,-0.20815437481873733,-0.20972419203051296,-0.21489942,-0.16851534643979846,-0.2815517235766374,-0.16507255780965532,-0.33435196222122276,-0.39422998
OMN,Oman,2029,-0.179,-0.24993018277195875,-0.18975242546042514,-0.157017441721232,-0.20731439690095543,-0.2519124592656786,-0.27467045,-0.16238283542575052,-0.3226930632675771,-0.1595300930739068,-0.35065925307075196,-0.4233694
OMN,Oman,2030,-0.179,-0.2625549110578208,-0.18322420245468607,-0.18395609285026604,-0.2063688495233159,-0.268640716795376,-0.28888798,-0.1556861286097269,-0.36678981267634675,-0.15355394073871786,-0.3669665439202812,-0.45147485
PNG,Papua New Guinea,2020,-1.409,-1.3656433365609435,-1.2988267465787082,-1.4491014836125153,-1.2840074496855745,-1.4336319119566263,-1.3555375,-1.3444657899423333,-1.4126413757535048,-1.3461747791887282,-1.345125962222744,-1.3869203
PNG,Papua New Guinea,2021,-1.409,-1.3312936235881188,-1.2162098867932394,-1.4803067098737532,-1.1912303132258484,-1.4775684394853186,-1.2797346,-1.2902361333966308,-1.4172723485499659,-1.2932781265759905,-1.288091611735934,-1.379008
PNG,Papua New Guinea,2022,-1.409,-1.3046445885497833,-1.1548105708293719,-1.5046467125240266,-1.122092000298382,-1.504370935952897,-1.2315782,-1.2449606146761905,-1.4224995090451753,-1.2489760277313984,-1.2399369542063217,-1.3725743
PNG,Papua New Guinea,2023,-1.409,-1.2794232636137806,-1.1097439748326057,-1.5236152417901367,-1.0702610598676099,-1.4781359222048842,-1.1929902,-1.207465790587565,-1.4279958825673231,-1.2121109708503115,-1.2069345809053242,-1.364979
PNG,Papua New Guinea,2024,-1.409,-1.2574098078774736,-1.0772457717106732,-1.5383108957385687,-1.0310634582314802,-1.4270942429201967,-1.1720833,-1.176731998117501,-1.4334897103552633,-1.181678593800387,-1.1765566567638857,-1.3598435
PNG,Papua New Guinea,2025,-1.409,-1.236717305419993,-1.0544151079467123,-1.549541652631034,-1.0010487081438324,-1.3259794090082924,-1.1756921,-1.1518732014813922,-1.4387551252987059,-1.1568074209829828,-1.1583523909414732,-1.354708
PNG,Papua New Guinea,2026,-1.409,-1.224285453789625,-1.0390165372258746,-1.5579017506073174,-0.9776695746049078,-1.1837439696255312,-1.2040068,-1.1321194802237549,-1.443604402257547,-1.136741281197918,-1.1990254014215882,-1.3690253
PNG,Papua New Guinea,2027,-1.409,-1.2147161078249746,-1.0293273871700066,-1.5638282298496966,-0.9590456257565053,-1.0997438647189315,-1.2182827,-1.11680181225985,-1.4478815170626105,-1.1208240517896964,-1.1956355515412533,-1.3957903
PNG,Papua New Guinea,2028,-1.409,-1.2090031099069698,-1.0240201375864997,-1.5676425172544568,-0.9437886803064899,-1.0976091601515627,-1.2091984,-1.1053388511055284,-1.4514567932019842,-1.1084864212863208,-1.1909066206048335,-1.3915836
PNG,Papua New Guinea,2029,-1.409,-1.210987149988102,-1.0220717791764686,-1.5695810104203654,-0.9308739485016836,-1.1143540706329271,-1.2158934,-1.0972254359561757,-1.4542224525164853,-1.0992344034651975,-1.214903928767991,-1.3915111
PNG,Papua New Guinea,2030,-1.409,-1.2158698560234709,-1.0226939638368622,-1.5698175710414786,-0.9195449052079641,-1.120906768088827,-1.2383801,-1.092022607524212,-1.4560889172450717,-1.092639371115888,-1.2489045487571078,-1.3976998
QAT,Qatar,2020,0.003,0.017652425238510454,0.03581038758175337,0.068373714113518,0.06581058818348151,-0.029411712454396638,-0.0435769,0.031060700768681098,0.05529758182568732,0.03510518358483676,-0.013702191031894368,-0.0282431
QAT,Qatar,2021,0.003,0.02444974412432842,0.07631688874860865,0.12913326650027246,0.13000006959699828,-0.13501560652903866,-0.14241216,0.06534172536669225,0.10332836433384034,0.07295500714377286,-0.02115405756063083,-0.03399606
QAT,Qatar,2022,0.003,0.05215680799033333,0.12275447875733292,0.18650536470649037,0.19521016976962147,-0.14462289482486082,-0.14128318,0.10502789797241817,0.1478169060494306,0.1157897824644915,-0.028605924089367296,-0.037024517
QAT,Qatar,2023,0.003,0.08252176372372645,0.17376299997330547,0.2413922067799087,0.26117640162843614,-0.14462289482486082,-0.14099962,0.1494108718680618,0.18936540996889872,0.16295033521306407,-0.03605779061810376,-0.031160288
QAT,Qatar,2024,0.003,0.11318775612119576,0.2282942921380885,0.29445732602954056,0.32770351427666955,-0.14462289482486082,-0.1364705,0.19787512944464924,0.22847438562518568,0.21386470600475121,-0.04350965714684023,-0.034188744
QAT,Qatar,2025,0.003,0.14494711416079545,0.2855406253978733,0.34618872667272516,0.3946473686746703,-0.14462289482486082,-0.13811123,0.24988581691174425,0.26555982196893707,0.268036611047917,-0.04932918590235265,-0.028324515
QAT,Qatar,2026,0.003,0.1768449918793979,0.34487954959632006,0.3969453177693473,0.4619015578194732,-0.14462289482486082,-0.13661501,0.3049781732731164,0.3009674602811276,0.3250354295530223,-0.05366669580865872,-0.03135297
QAT,Qatar,2027,0.003,0.207954305558472,0.40583139421574266,0.4469910636637521,0.529387529430535,-0.14462289482486082,-0.14475267,0.362748344639199,0.3349846568321213,0.38448751590135377,-0.058355980317825504,-0.037155908
QAT,Qatar,2028,0.003,0.2403036396948381,0.4680265171198278,0.4965201003721992,0.597047294272123,-0.14462289482486082,-0.14870712,0.4228454023274201,0.36785024230445795,0.44606866129534506,-0.06554568744280882,-0.036446117
QAT,Qatar,2029,0.003,0.2745110112067218,0.5311800658861313,0.5456752077572599,0.6648380432566123,-0.14462289482486082,-0.13587104,0.4849644069935431,0.39976271626402604,0.5094975528032896,-0.07469136638837924,-0.03562258
QAT,Qatar,2030,0.003,0.3080291817887718,0.5950725284661044,0.594561395129151,0.7327281736570477,-0.14462289482486082,-0.13306883,0.548840381711254,0.43088705783846026,0.5745300978338098,-0.08383704533394966,-0.034799047
RUS,Russian Federation,2020,0.257,0.20755167691903412,0.10602563383934938,0.2917030786967044,0.1282200382950045,0.26596075694635074,0.2255714,0.16982809838714652,0.2587758502847798,0.1726686538064608,0.2386290405530449,0.21813422
RUS,Russian Federation,2021,0.257,0.16917872308475496,-0.012012890001366627,0.3221587104191522,0.03202507565613255,0.26489666170825554,0.20119748,0.09278704630526828,0.2622171985950056,0.0983499828491455,0.227895808279633,0.20227216
RUS,Russian Federation,2022,0.257,0.13931426391988752,-0.10467034910017547,0.3494940861603343,-0.04011360832521493,0.26337520887806687,0.20053358,0.024549192040939513,0.2670414822097216,0.03271939052235451,0.2160217853434273,0.18419187
RUS,Russian Federation,2023,0.257,0.11585343852028725,-0.17776858161544318,0.37453821322230085,-0.09449212593060441,0.26337520887806687,0.20565158,-0.03603912685343226,0.27301385451353727,-0.02537246322043417,0.20449953701008236,0.17112829
RUS,Russian Federation,2024,0.257,0.09606623314737253,-0.2357939935587493,0.3979007958265429,-0.1357584229201203,0.26189618387806685,0.20811394,-0.08998038491957056,0.27993912722197584,-0.0769228499537172,0.19363002827451828,0.15763791
RUS,Russian Federation,2025,0.257,0.07888697639843958,-0.28220388455835826,0.4200302488866371,-0.16734372777612894,0.26189618387806685,0.20811394,-0.13814568202633312,0.2876550733157823,-0.12279709286562229,0.17809914121265827,0.14356557
RUS,Russian Federation,2026,0.257,0.06407770564299284,-0.3196625076240842,0.4412563649932052,-0.19178105820277558,0.2606636317947335,0.20931506,-0.18129196007093684,0.29602686090252556,-0.16374602476745184,0.16050346619491185,0.12949322
RUS,Russian Federation,2027,0.257,0.05077172229199463,-0.3502229807565404,0.46182169440391163,-0.21094035049911108,0.2606636317947335,0.20931506,-0.22007696342488958,0.3049424270268482,-0.2004211362447617,0.14343603945327846,0.1091998
RUS,Russian Federation,2028,0.257,0.041355018003028474,-0.37546747108058864,0.48190462386596133,-0.22620203787599913,0.2606636317947335,0.23035032,-0.2550722388077492,0.31430863270110404,-0.23338771956592205,0.12754606587397374,0.08890638
RUS,Russian Federation,2029,0.257,0.03192609970099247,-0.3966152230869235,0.5016363502368003,-0.23858519026144887,0.26994388823337373,0.23035032,-0.2867744315224448,0.3240480672324189,-0.2631362735282508,0.10978053862495216,0.068612956
RUS,Russian Federation,2030,0.257,0.022753741593026545,-0.41460580700471333,0.5211133639546107,-0.24884211027321812,0.26994388823337373,0.23035032,-0.3156151013146297,0.3340963922000873,-0.2900923993359958,0.09286934043262655,0.048319533
RWA,Rwanda,2020,-0.746,-0.7760862285154776,-0.7640237245882657,-0.7615510754020025,-0.7768515122402878,-0.832467415255254,-0.8264536,-0.756060811347037,-0.758834477215214,-0.7574326682710789,-0.771531566774204,-0.7556554
RWA,Rwanda,2021,-0.746,-0.7945194942534898,-0.7752040669691503,-0.775216432205041,-0.7965229225300524,-0.8628342511128777,-0.8791368,-0.7637299633859095,-0.7688811670058928,-0.7661278792922054,-0.7932262117320714,-0.76431525
RWA,Rwanda,2022,-0.746,-0.8043382837788983,-0.7810907794318696,-0.7871208510750044,-0.8077804249908,-0.8679487696914198,-0.89545935,-0.7693208839854954,-0.7764097879706141,-0.7724250248520186,-0.8138622926403641,-0.77196467
RWA,Rwanda,2023,-0.746,-0.8150553272359253,-0.7828781270517596,-0.7973561035783974,-0.8126660925182554,-0.8687740932393996,-0.94354296,-0.7731059261723426,-0.781644511577467,-0.7766185920211219,-0.8329767451458217,-0.7809901
RWA,Rwanda,2024,-0.746,-0.8208694783580424,-0.7814864305020616,-0.8059896843095041,-0.8126874338150911,-0.8709049231844546,-0.9575263,-0.7753217510044978,-0.784771653665886,-0.7789641044676049,-0.8523026163939884,-0.78873986
RWA,Rwanda,2025,-0.746,-0.8253383347388155,-0.7776249043106777,-0.8130712330470834,-0.8089573290793609,-0.8719879616624773,-0.97064745,-0.7761740050176562,-0.7859460670916792,-0.7796832776807764,-0.8693245415214539,-0.7999666
RWA,Rwanda,2026,-0.746,-0.8280068619413358,-0.7718400810734872,-0.8186372580131833,-0.802297333989665,-0.8730684455334451,-0.98847777,-0.7758413846902013,-0.7852964548519975,-0.778968492110428,-0.8787772006145733,-0.8068642
RWA,Rwanda,2027,-0.746,-0.8185969596131395,-0.764553127964324,-0.8227146096553778,-0.7933139412612307,-0.877693928795993,-0.9124586,-0.7744791682585433,-0.7829297859877999,-0.7769866744678028,-0.8771148761397074,-0.8037249
RWA,Rwanda,2028,-0.746,-0.7980599440114383,-0.7560886034626866,-0.8253230354851713,-0.7824548788122078,-0.8755597736890088,-0.7829367,-0.7722222846867051,-0.7789349657769516,-0.7738826654940295,-0.8660314756580618,-0.76716506
RWA,Rwanda,2029,-0.746,-0.7835419255451449,-0.7466966177698422,-0.8264770590671918,-0.7700506704620217,-0.8908765323793527,-0.70335305,-0.7691879804462655,-0.773385886145204,-0.7697821421411936,-0.8548588781182584,-0.73075044
RWA,Rwanda,2030,-0.746,-0.7661285585510761,-0.7365699099967036,-0.8261873619462735,-0.7563453170665029,-0.8908765323793527,-0.6125196,-0.7654781368137715,-0.7663439609570918,-0.7647941531214351,-0.8476980996393898,-0.6944725
SAU,Saudi Arabia,2020,0.7,0.5668660989361248,0.4420284932928348,0.46467236098517406,0.4310308775183209,0.741138577372492,0.5940415,0.5516925043467006,0.5447336969644587,0.5538203810441304,0.68409790223472,0.66140467
SAU,Saudi Arabia,2021,0.7,0.4471678471725065,0.24106042810103412,0.28471863205477554,0.23175102776958956,0.7537906161918368,0.4229402,0.421263207184824,0.40979452043694653,0.4256338261287139,0.6623494661919392,0.61837655
SAU,Saudi Arabia,2022,0.7,0.3476080597289331,0.08402534625903257,0.14558188940960537,0.08395904746445093,0.7556089495251702,0.2834292,0.3063691637507026,0.29182256828302516,0.31306558356597725,0.6377423631297251,0.5744765
SAU,Saudi Arabia,2023,0.7,0.26935709173859734,-0.039149066250319886,0.03655605377830029,-0.0257817893420923,0.7556089495251702,0.19155541,0.20497447308982147,0.18802532193673743,0.21405510359793462,0.6168992552457495,0.5508272
SAU,Saudi Arabia,2024,0.7,0.20718005000110035,-0.13622470333884917,-0.05023280032956601,-0.10739080597092787,0.7556089495251703,0.14951934,0.11531003984796248,0.09608183286172986,0.1268144665330258,0.599019017570347,0.52329516
SAU,Saudi Arabia,2025,0.7,0.15198081719485806,-0.2131830104813348,-0.12057565400588866,-0.16819069215667304,0.7538999495251701,0.08662731,0.035838609295038695,0.014063088956141903,0.04979231123033205,0.5820381882948819,0.49949807
SAU,Saudi Arabia,2026,0.7,0.10499018368737842,-0.2746333897611069,-0.17873155974582478,-0.21358723851778227,0.7538999495251701,0.035145126,-0.03477561547754496,-0.05963417139088956,-0.01835746381622297,0.5648752253104004,0.47570097
SAU,Saudi Arabia,2027,0.7,0.06748762696468252,-0.32412792363973714,-0.22783289319844913,-0.2475711333490801,0.7538999495251701,0.025347823,-0.09769337468160183,-0.12634246848361153,-0.07880285825344487,0.5460952688079772,0.45190388
SAU,Saudi Arabia,2028,0.7,0.03515433706365786,-0.3644039063661765,-0.27018340084682896,-0.2730884014211308,0.7538999495251701,0.024718007,-0.15392329307936287,-0.18716930115390487,-0.13255733441591966,0.5289681855592151,0.42528287
SAU,Saudi Arabia,2029,0.7,0.006541114875379395,-0.3975707427434954,-0.3074774030576203,-0.29231387106117646,0.7556526515453722,0.025842242,-0.2043418147714387,-0.24303514592937558,-0.18050026406239209,0.5104936450081031,0.39866185
SAU,Saudi Arabia,2030,0.7,-0.020008092313672045,-0.4252539754494391,-0.3409610098199063,-0.3068530543138659,0.7556526515453722,0.023994163,-0.24971052552318,-0.2947050393170459,-0.223394669817076,0.4920580724326807,0.36909246
TCD,Chad,2020,-1.845,-1.7420916924157759,-1.660963952416684,-1.7889282378856146,-1.6503433158052756,-1.8638569256912592,-1.6723021,-1.7380840256422256,-1.7715939804017946,-1.7402270481780628,-1.789212829364563,-1.7454045
TCD,Chad,2021,-1.845,-1.6661721796481843,-1.5187976021798009,-1.754066519039224,-1.5064090508339372,-1.866945491707204,-1.606913,-1.6449674647452965,-1.7121375685313105,-1.6491254487510942,-1.743545488332831,-1.6588142
TCD,Chad,2022,-1.845,-1.6116873726778806,-1.4088963438413353,-1.734797039698286,-1.3999161349107259,-1.8737391271051325,-1.5932723,-1.5638418988868934,-1.6642692030715773,-1.569885899614871,-1.68861015572268,-1.6196456
TCD,Chad,2023,-1.845,-1.5635672229065085,-1.323858707547834,-1.7269881128908562,-1.3210601536526259,-1.8808605214014082,-1.5713385,-1.493135903571972,-1.6260261173828487,-1.5009384863096313,-1.6402247709322377,-1.5512409
TCD,Chad,2024,-1.845,-1.528537966039768,-1.2579809966416813,-1.727601035601362,-1.262603245944125,-1.8782914340512793,-1.5974737,-1.431483990087773,-1.595776995413996,-1.4409210087886177,-1.5927451037635594,-1.5005021
TCD,Chad,2025,-1.845,-1.495267647608412,-1.206867846930868,-1.7344009541055128,-1.2192022437508125,-1.8782914340512793,-1.5964355,-1.3776996175406322,-1.5721659999479078,-1.3886514988523233,-1.5424650762478,-1.4364963
TCD,Chad,2026,-1.845,-1.46854305218035,-1.1671321171384128,-1.7457442161137036,-1.186912688317773,-1.8718931035332604,-1.6104786,-1.3307517416757126,-1.554066252745367,-1.343104373784045,-1.5021504293970187,-1.373197
TCD,Chad,2027,-1.845,-1.4480678819085722,-1.136163619455284,-1.7604219761342765,-1.1628226826638461,-1.8687350673748693,-1.6319652,-1.2897444369828948,-1.540541170454039,-1.3033897450831964,-1.463178677722898,-1.3237163
TCD,Chad,2028,-1.845,-1.423764843407335,-1.1119508994302856,-1.7775451730002545,-1.1447825924397512,-1.7857811684666955,-1.645424,-1.2538991893335014,-1.5308123296867806,-1.268735464847343,-1.4339814520356686,-1.2847362
TCD,Chad,2029,-1.845,-1.4003424901110295,-1.0929438965676797,-1.7964599350927393,-1.1312055044183014,-1.7506749157577552,-1.6037419,-1.222539509173764,-1.5242327586944764,-1.238471547586346,-1.407967776697957,-1.2351872
TCD,Chad,2030,-1.845,-1.3839297136550326,-1.077948108283021,-1.8166853640102714,-1.1209199200181386,-1.7277020893658888,-1.5923477,-1.1950775611651834,-1.5202647392494029,-1.2120166531766596,-1.384159929446433,-1.192175
TGO,Togo,2020,-0.893,-0.8801086181301656,-0.862008379554653,-0.8857421767207608,-0.8660919903723285,-0.8684773180192806,-0.87476194,-0.8740990268394174,-0.8966774617041169,-0.8756224885032028,-0.9000626258618519,-0.8975428
TGO,Togo,2021,-0.893,-0.8744038185541736,-0.8388414016905057,-0.8836188920599508,-0.8469502924257039,-0.8673698596859473,-0.8710733,-0.8583658866907952,-0.9031162003789605,-0.8612227287627212,-0.905404345203352,-0.9080753
TGO,Togo,2022,-0.893,-0.8704143879474984,-0.8217121545421914,-0.8854165852832043,-0.8336054929415377,-0.8673698596859473,-0.8661232,-0.8453854338239241,-0.9119436277784468,-0.8494157741175208,-0.9083894065443666,-0.91478235
TGO,Togo,2023,-0.893,-0.8659095625223998,-0.8092436138921227,-0.890242727336859,-0.8246037223873582,-0.8649675490798866,-0.85988766,-0.834796927515633,-0.922850074289291,-0.8398676099616467,-0.9004990076795348,-0.91213673
TGO,Togo,2024,-0.893,-0.8571471914948136,-0.8003746218104807,-0.8974408960995718,-0.8188716983268034,-0.8633021566930849,-0.83243054,-0.826286902252767,-0.9355781639196304,-0.8322884149554584,-0.8872811006089667,-0.8776174
TGO,Togo,2025,-0.893,-0.8544616684224126,-0.7942874322201547,-0.906528317369628,-0.8156170971280239,-0.8633021566930849,-0.8321186,-0.8195829722977981,-0.9499139835235019,-0.8264267138418457,-0.8775154619214209,-0.859324
TGO,Togo,2026,-0.893,-0.8547469906814115,-0.7903518762953383,-0.9171499285702759,-0.8142550058954777,-0.8618088652591928,-0.839392,-0.8144484481684859,-0.9656797432702187,-0.822064303899722,-0.8745766946953637,-0.84774303
TGO,Togo,2027,-0.893,-0.8579597001338441,-0.7880823353823514,-0.9290445943033064,-0.8143536274674763,-0.8481194258866069,-0.8563734,-0.8106776586299432,-0.9827276765335025,-0.8190118526753226,-0.8807744820636321,-0.8504319
TGO,Togo,2028,-0.893,-0.8648847681579512,-0.787104583611642,-0.9420202591377544,-0.8155941985029078,-0.8429838380897032,-0.86155826,-0.8080918857414329,-1.0009349699007004,-0.8171050781749589,-0.8987601432960535,-0.87469447
TGO,Togo,2029,-0.893,-0.8800204584677406,-0.7871302362591461,-0.955935673404612,-0.8177414000218156,-0.8413119883139185,-0.8920712,-0.8065358326168405,-1.0201995493466594,-0.8162014344541098,-0.916734397269886,-0.9463429
TGO,Togo,2030,-0.893,-0.8907447415491407,-0.7879370592255133,-0.9706869531944549,-0.820621513734842,-0.8255961474381753,-0.8934377,-0.8058745540864907,-1.040436577992525,-0.8161772357341747,-0.9340117961395219,-1.0126679
TTO,Trinidad and Tobago,2020,0.055,-0.002539955530766684,-0.06792837455623624,-0.009191512446768635,-0.06025183864826644,-0.0165154354250334,0.039239462,-0.017368919388086455,0.0257916378353467,-0.014340813411534266,0.04487620877190954,0.05029003
TTO,Trinidad and Tobago,2021,0.055,-0.05076790811765499,-0.15760909240589016,-0.0577302002366159,-0.1395216992752536,-0.12177308288602705,0.040933024,-0.07696233318823309,-0.00032444626051261055,-0.07119868505545948,0.03318830181420795,0.043319132
TTO,Trinidad and Tobago,2022,0.055,-0.07650137233150492,-0.22166865280273806,-0.09475752789535763,-0.19222912515100066,-0.1437105863744315,0.060380578,-0.12545447630362838,-0.023871293447350686,-0.11722527513074849,0.030750719359664266,0.06277192
TTO,Trinidad and Tobago,2023,0.055,-0.09461870353554447,-0.26598416382995144,-0.12331938946795473,-0.22532785601933214,-0.1437105863744315,0.0656964,-0.1643001745117898,-0.04528361940764366,-0.1538537136950789,0.027891651557838897,0.08200441
TTO,Trinidad and Tobago,2024,0.055,-0.10867885791808318,-0.29508462342904,-0.14565592741495348,-0.24395131449306673,-0.1437105863744315,0.06244457,-0.19476359811456603,-0.06492272978829847,-0.1823275142529211,0.026090295337490098,0.09509285
TTO,Trinidad and Tobago,2025,0.055,-0.11462253841447209,-0.3124601532829674,-0.16341468369594503,-0.25188912007086367,-0.1437105863744315,0.087124765,-0.21794324741128723,-0.08308891688551963,-0.20372566180463586,0.024072326734345964,0.118809894
TTO,Trinidad and Tobago,2026,0.055,-0.11880016356878471,-0.32080029962672996,-0.17780736451105772,-0.25193886356645345,-0.1437105863744315,0.089867875,-0.23479366381608396,-0.10003176291295848,-0.21898438151128355,0.0276704721398794,0.14252694
TTO,Trinidad and Tobago,2027,0.055,-0.1210712078811382,-0.32217767184397567,-0.18972513497258592,-0.24616579569005603,-0.1437105863744315,0.08385172,-0.2461442957249611,-0.11595870336649167,-0.22891602716083098,0.03326934067480666,0.16496508
TTO,Trinidad and Tobago,2028,0.055,-0.12153979716425786,-0.3181894574458501,-0.19982341407342297,-0.2360945355800852,-0.14548749113633622,0.08611675,-0.25271589200376204,-0.13104214430150296,-0.23422547051305512,0.03411457105381945,0.18194911
TTO,Trinidad and Tobago,2029,0.055,-0.11967774074257224,-0.3100664758843379,-0.20858423825139505,-0.22285059478132085,-0.14548749113633622,0.09183858,-0.2551347471032526,-0.14542537772212777,-0.23552432218034017,0.03552411683980899,0.19893314
TTO,Trinidad and Tobago,2030,0.055,-0.11688147881010233,-0.29875721724768,-0.21636212748519013,-0.20726485374483128,-0.1462457809797726,0.09348021,-0.25394507934641436,-0.15922749804418262,-0.2333432709525156,0.03693366262579852,0.21591717
TZA,Tanzania,2020,-0.924,-0.925502868103092,-0.9296611310905716,-0.955313137369377,-0.9366362711659574,-0.8605260241185094,-0.91919667,-0.928101842206942,-0.9363878065741512,-0.9293749997095156,-0.9349440404130227,-0.92488676
TZA,Tanzania,2021,-0.924,-0.9323859427870257,-0.9342334206225957,-0.975194296513835,-0.9458275610379483,-0.8571286120748183,-0.92663777,-0.9321304550803542,-0.9452278616613623,-0.9344142322795896,-0.9445813164462811,-0.9284839
TZA,Tanzania,2022,-0.924,-0.9396544186546982,-0.9379662464925467,-0.9866611239065209,-0.9524725991460861,-0.8724754511870014,-0.9269372,-0.9360954353524589,-0.9511128645767023,-0.9391616850780135,-0.9607086178628593,-0.93295294
TZA,Tanzania,2023,-0.924,-0.9443897460635894,-0.9410517834849961,-0.9919329869632503,-0.9572348498509384,-0.8711619334780277,-0.92977774,-0.940005122100043,-0.9545354260496315,-0.9436555255311008,-0.9768359192794376,-0.9377062
TZA,Tanzania,2024,-0.924,-0.9552738460706098,-0.9436381247082244,-0.992642148366288,-0.9606040989478919,-0.8720453162619104,-0.96574914,-0.9438667615606847,-0.9559049700909589,-0.9479288711565521,-1.0017819381339423,-0.9685771
TZA,Tanzania,2025,-0.924,-0.9671324959488287,-0.9458393931923104,-0.9899890769721775,-0.9629419184212453,-0.8728741607997255,-1.0150676,-0.947686650349751,-0.9555617816571462,-0.9520104577137457,-1.0275346900522895,-1.0018193
TZA,Tanzania,2026,-0.924,-0.9810272884918938,-0.9477435340560085,-0.9848566732424617,-0.9645152296498166,-0.879576451749387,-1.0463406,-0.9514702599087514,-0.9537886820985225,-0.9559252189514759,-1.0768919553110372,-1.0491643
TZA,Tanzania,2027,-0.924,-0.9921706290009304,-0.949418319281077,-0.977894277824958,-0.9655210805951844,-0.8816342243350569,-1.0811967,-0.9552223446446895,-0.9508207329853483,-0.9596947896496267,-1.1038885736337323,-1.0964153
TZA,Tanzania,2028,-0.924,-0.9989157137494711,-0.9509159750919668,-0.9695794567594112,-0.9661049369346735,-0.8806043919328224,-1.1331016,-0.9589470358977084,-0.94685330125774,-0.9633379421037118,-1.1190574361015762,-1.1006551
TZA,Tanzania,2029,-0.924,-0.9970583372890918,-0.9522767478921277,-0.9602634422119951,-0.9663741850279809,-0.8785710618046171,-1.1253392,-0.9626479235942426,-0.9420487624211796,-0.9668709648584141,-1.1140207864841696,-1.1021703
TZA,Tanzania,2030,-0.924,-0.9968446087750197,-0.9535316522342607,-0.9502045524555524,-0.9664081001410045,-0.8785710618046171,-1.1218277,-0.9663281271994916,-0.9365420717795933,-0.9703079913311249,-1.1178135075959346,-1.1069113
UGA,Uganda,2020,-0.754,-0.7858987311918364,-0.7921086714864052,-0.722598381612179,-0.813993363940115,-0.8257757931631585,-0.81435716,-0.7759950912801852,-0.7718361264755451,-0.7801974580231559,-0.790768443355528,-0.7713568
UGA,Uganda,2021,-0.754,-0.8008061390710637,-0.8191305446754834,-0.687534348816098,-0.8560014985876462,-0.8334747848073932,-0.8180814,-0.7942629323291422,-0.781906842805117,-0.8020585479274807,-0.8268968778113795,-0.78871363
UGA,Uganda,2022,-0.754,-0.8126713489034681,-0.8376058893052533,-0.6497247661466747,-0.8847095808513453,-0.8543788760884026,-0.8174503,-0.8092919807180479,-0.7854891859615493,-0.820153756864154,-0.8618387211732897,-0.80607045
UGA,Uganda,2023,-0.754,-0.8171191155399044,-0.8494922797901293,-0.6098439535720109,-0.9035763241680799,-0.8543788760884026,-0.81151205,-0.8215066814661871,-0.783644540864212,-0.8349780911815659,-0.882988340492731,-0.81927
UGA,Uganda,2024,-0.754,-0.817460553492739,-0.856298255766914,-0.568387848498412,-0.9151550363149838,-0.853288460860502,-0.8035966,-0.8312758559104098,-0.7772550573419911,-0.8469610632437362,-0.8985801612712959,-0.8238072
UGA,Uganda,2025,-0.754,-0.8096333087144242,-0.8591863231506041,-0.5257211945529503,-0.9213306322246686,-0.8492766430581576,-0.77889436,-0.8389199912100301,-0.7670539173973829,-0.8564753568989555,-0.9023706031677887,-0.79710406
UGA,Uganda,2026,-0.754,-0.7986932754937697,-0.8590523284734577,-0.4821122471884285,-0.9234946027056445,-0.8484865240402115,-0.73874986,-0.8447175745593158,-0.7536504912656727,-0.8638443464256185,-0.9046206855826922,-0.7682041
UGA,Uganda,2027,-0.754,-0.7814027811156432,-0.8565866260803475,-0.4377582983727302,-0.9226741806779072,-0.8484865240402115,-0.64827585,-0.8489105972990024,-0.7375512453936456,-0.8693486206509762,-0.9052775936950179,-0.7391583
UGA,Uganda,2028,-0.754,-0.7654472552573306,-0.8523212145941667,-0.3928044490541672,-0.9196276948817319,-0.8463523689332274,-0.5835859,-0.8517093377118852,-0.7191771197072553,-0.8732316438677641,-0.9055503533664127,-0.71011245
UGA,Uganda,2029,-0.754,-0.7456297900691399,-0.8466660610656944,-0.3473574156157065,-0.9149149623431636,-0.8373461844062627,-0.49674112,-0.853296517031215,-0.6988779703961597,-0.8757046677584452,-0.9043263737570328,-0.68106663
UGA,Uganda,2030,-0.754,-0.7254127896228423,-0.8399370929719808,-0.3014956840116167,-0.9089492538325232,-0.8383318131320451,-0.40431055,-0.8538309108026022,-0.6769445737585795,-0.8769509934257895,-0.9013562079927032,-0.6520208
UZB,Uzbekistan,2020,-0.69,-0.6834003916542282,-0.682725778751919,-0.6531663715981874,-0.6785964295042541,-0.753173380216668,-0.6063465,-0.6893972988640321,-0.683103255230153,-0.6883451905564201,-0.7011761744556878,-0.69797355
UZB,Uzbekistan,2021,-0.69,-0.6809931296771131,-0.6672951621741137,-0.6246806694902352,-0.6611874370537844,-0.8421148239367972,-0.5568519,-0.6823378138240473,-0.6747462819201666,-0.6804703065890897,-0.7134278208525684,-0.70681906
UZB,Uzbekistan,2022,-0.69,-0.6706861012859191,-0.6455834530693993,-0.6024147132137924,-0.6393800884887171,-0.8931506387812835,-0.48386043,-0.669667708885066,-0.6652250670728015,-0.6672032940547726,-0.7248719831693968,-0.71550363
UZB,Uzbekistan,2023,-0.69,-0.6557828779766597,-0.6190357911924758,-0.584803304719602,-0.6143607595475631,-0.895628239165659,-0.4254524,-0.6521222579349796,-0.6547856146391908,-0.6492625538918149,-0.7365438354689817,-0.725834
UZB,Uzbekistan,2024,-0.69,-0.6464127797943855,-0.5887658254471242,-0.5706952987092556,-0.5870052621340942,-0.8992290120715069,-0.42960122,-0.6303403769368963,-0.6436323861105774,-0.6272714358539051,-0.7498488459270013,-0.73773813
UZB,Uzbekistan,2025,-0.69,-0.6367897960496072,-0.5556317523343128,-0.5592440703746817,-0.5579601422504655,-0.9002588444737414,-0.4367725,-0.6048772516721106,-0.6319353157551255,-0.6017708146736385,-0.7644145552721908,-0.7550327
UZB,Uzbekistan,2026,-0.69,-0.6245619309503285,-0.520294912454094,-0.549826958470046,-0.5277026961415701,-0.9002588444737414,-0.43128544,-0.5762153106125175,-0.6198356411981746,-0.5732300022816424,-0.7800911960840237,-0.7668783
UZB,Uzbekistan,2027,-0.69,-0.6117690769638244,-0.4832649459515672,-0.5419860186694005,-0.49658527569672384,-0.9002588444737414,-0.42762926,-0.5447737597938916,-0.6074507493977939,-0.5420562162367265,-0.7949618016596864,-0.7787239
UZB,Uzbekistan,2028,-0.69,-0.599319582164254,-0.44493459005997743,-0.5353844498516358,-0.4648679957926576,-0.9014224606017516,-0.42451873,-0.5109168681403693,-0.5948782042849236,-0.5086027953938848,-0.8139463188931486,-0.7937234
UZB,Uzbekistan,2029,-0.69,-0.5868356636572398,-0.40560649467035076,-0.5297745472440252,-0.43274287966281594,-0.9014224606017516,-0.42520675,-0.47496116699398183,-0.5821990942596467,-0.47317632856233616,-0.8377224779682225,-0.80554444
UZB,Uzbekistan,2030,-0.69,-0.5735320106404667,-0.36551388685866704,-0.5249741331441028,-0.4003516836059769,-0.9014224606017516,-0.42520675,-0.4371817061430848,-0.5694808143988601,-0.4360428399752203,-0.8585987948747117,-0.81654704
VEN,"Venezuela, RB",2020,-1.277,-1.2243586774882609,-1.187919949674416,-1.197810488232076,-1.1571490013146,-1.229674074901061,-1.1772885,-1.2348100342430601,-1.2898717314590413,-1.2320334845665215,-1.2660782071776226,-1.2709513
VEN,"Venezuela, RB",2021,-1.277,-1.2083086715755413,-1.1266350815270825,-1.1658483282731313,-1.0769726628244554,-1.2021362108853655,-1.1778148,-1.20294157904192,-1.321792591730615,-1.197878165954745,-1.318802435102448,-1.2922648
VEN,"Venezuela, RB",2022,-1.277,-1.2340252221617207,-1.0867764889561915,-1.1687449074339757,-1.0261400306920547,-1.202603464026723,-1.2870753,-1.1800419964827842,-1.3696270247695814,-1.173111419810796,-1.4290494177883022,-1.4170822
VEN,"Venezuela, RB",2023,-1.277,-1.2665056165791269,-1.0634361858432215,-1.1974035683607698,-0.9970245393576835,-1.2060968185614636,-1.3746883,-1.164935912368825,-1.4307689729825057,-1.1564988483308218,-1.5347838780838157,-1.5394192
VEN,"Venezuela, RB",2024,-1.277,-1.3147019470886356,-1.0528319958672383,-1.245134055881608,-0.9839960695553523,-1.2060968185614636,-1.4935638,-1.156601985742141,-1.5030524613134395,-1.1469693761223592,-1.6442614228848669,-1.7145115
VEN,"Venezuela, RB",2025,-1.277,-1.3668045656595122,-1.0520493105967608,-1.3070159346624801,-0.9828983280360128,-1.2060968185614636,-1.6308838,-1.154152722768767,-1.5846772809125058,-1.1435936411169065,-1.7483965522674971,-1.8582813
VEN,"Venezuela, RB",2026,-1.277,-1.4074681644468618,-1.058842083949315,-1.3794304064282708,-0.9906630363572457,-1.2049960931883295,-1.6799433,-1.1568169360217884,-1.674147222534693,-1.1455652445675166,-1.8532112620617196,-1.931066
VEN,"Venezuela, RB",2027,-1.277,-1.4408926824089823,-1.0714794751882486,-1.4597159788379543,-1.005025115508476,-1.2058310020118588,-1.7240098,-1.1639245024821259,-1.7702187404075131,-1.1521844818476308,-1.9286421103636948,-1.9278957
VEN,"Venezuela, RB",2028,-1.277,-1.4670409878153572,-1.088627669447059,-1.5459152226725426,-1.024312428159135,-1.2058310020118588,-1.7356606,-1.174893119009158,-1.87185828518389,-1.1628442258178768,-1.9317426070959482,-1.9287248
VEN,"Venezuela, RB",2029,-1.277,-1.492246781286735,-1.1092588066457103,-1.6365885211094393,-1.047290561187549,-1.2058310020118588,-1.7229674,-1.1892167935119948,-1.978206842039862,-1.177017677955891,-1.9238500936421652,-1.9322401
VEN,"Venezuela, RB",2030,-1.277,-1.519981947041477,-1.132580800587937,-1.7306770891995917,-1.073048240305953,-1.2058310020118588,-1.7239954,-1.2064558443571662,-2.088550457190954,-1.194247740126591,-1.915281195232434,-1.9291517
VNM,Viet Nam,2020,-0.057,-0.028740039125352758,0.018843861881784774,0.07111089689823369,0.02785628854437716,-0.14591798421318924,-0.11434827,0.0008857840850912332,0.0025291107963777357,0.0003646700968439054,-0.06514406170192209,-0.08358069
VNM,Viet Nam,2021,-0.057,0.00963555946506039,0.08780496121041337,0.17817251582207438,0.10256807113952882,-0.1468966935373444,-0.11635773,0.05804527099872724,0.05946507820346729,0.05700362203618488,-0.07328812340384418,-0.11016138
VNM,Viet Nam,2022,-0.057,0.045044821776344154,0.1514627138153838,0.2697649812203696,0.1697959455805539,-0.1468966935373444,-0.11734333,0.11457364226356223,0.11425162483515411,0.11301358790198163,-0.08143218510576626,-0.13674207
VNM,Viet Nam,2023,-0.057,0.07755650516909321,0.21103424399309434,0.349992268322881,0.2315040309441122,-0.1468966935373444,-0.121621184,0.17055360582723067,0.16725754227757106,0.16847850121588048,-0.08992802141054906,-0.16480924
VNM,Viet Nam,2024,-0.057,0.10953140059524039,0.2674574881154711,0.4218726991833345,0.2891422884962047,-0.1468966935373444,-0.12180988,0.22605703072913372,0.21878934462250912,0.2234711903070941,-0.09733539129900197,-0.18543407
VNM,Viet Nam,2025,-0.057,0.13926940080116962,0.32145523566291956,0.487626138082086,0.3437811154942507,-0.1468966935373444,-0.12535004,0.2811463675435172,0.26910178521033534,0.2780548476335566,-0.10455717740848874,-0.21166757
VNM,Viet Nam,2026,-0.057,0.16826830098175335,0.37358448031712344,0.5488852131268996,0.39621070565966754,-0.1468966935373444,-0.1265314,0.3358758826729393,0.3184065974202524,0.3322843046981038,-0.1117789635179755,-0.23735711
VNM,Viet Nam,2027,-0.057,0.19638495466282144,0.42427445073988024,0.6068506619312631,0.44701439953545274,-0.1468966935373444,-0.13071582,0.3902927308871067,0.3668797594113844,0.38620713828128095,-0.11900074962746227,-0.26105633
VNM,Viet Nam,2028,-0.057,0.2241194889069301,0.47385591772835933,0.6624055826175158,0.49662283353377035,-0.1468966935373444,-0.13071582,0.44443788730508527,0.41466753207374973,0.43986463030917017,-0.12829142597244925,-0.28475556
VNM,Viet Nam,2029,-0.057,0.2513110522383069,0.5225837787998923,0.7161994612056836,0.5453539141017323,-0.1468966935373444,-0.13054691,0.4983469572408845,0.4618914773560322,0.49329260072169856,-0.13738037212325477,-0.3097337
VNM,Viet Nam,2030,-0.057,0.27691734017052333,0.5706544622513477,0.7687099706513955,0.5934423276389578,-0.1486735982992492,-0.12975232,0.5520508799184682,0.5086526291529796,0.5465221301446543,-0.1546811219279651,-0.33775195
YEM,"Yemen, Rep.",2020,-1.518,-1.4415886443858448,-1.3795892931246723,-1.383699519871089,-1.3651868494986996,-1.5430778919686137,-1.4710661,-1.4431406511914506,-1.4091446874785436,-1.4426288466350672,-1.5056759520151148,-1.4726766
YEM,"Yemen, Rep.",2021,-1.518,-1.3838873060544177,-1.2767253877451028,-1.2853366466700544,-1.256166138141874,-1.554782442905904,-1.459863,-1.3806154186007422,-1.3148375606667013,-1.37981104647525,-1.5018014937938104,-1.428934
YEM,"Yemen, Rep.",2022,-1.518,-1.3404307024644455,-1.201226726466427,-1.212905283262394,-1.1792517449240416,-1.5619308351316379,-1.4598244,-1.328807911570789,-1.2322687316872323,-1.3278540846991185,-1.50345021665318,-1.396787
YEM,"Yemen, Rep.",2023,-1.518,-1.3104948007521378,-1.1467884641036827,-1.1590463151403556,-1.1258166863750552,-1.5662335033003945,-1.4721863,-1.286313568059557,-1.1591028158320447,-1.2852893820764142,-1.519476369389854,-1.3846946
YEM,"Yemen, Rep.",2024,-1.518,-1.300127956285427,-1.1085519813393196,-1.1183473856567625,-1.089492309991721,-1.5730577969648052,-1.5095129,-1.251911894418884,-1.09339880265052,-1.2508426661882257,-1.6022083647431558,-1.4039555
YEM,"Yemen, Rep.",2025,-1.518,-1.3155126313476042,-1.0827731447362183,-1.0868279065974518,-1.0655771190287644,-1.5849132446081347,-1.6573716,-1.2245423431609224,-1.0335434583331038,-1.2234082628127325,-1.702047404061081,-1.4941218
YEM,"Yemen, Rep.",2026,-1.518,-1.323790156058234,-1.0665666623464558,-1.0615603024969373,-1.0506003523424825,-1.5911795897679988,-1.6974533,-1.203283351952535,-0.9781959743728358,-1.2020267888018297,-1.7997855222201358,-1.5872498
YEM,"Yemen, Rep.",2027,-1.518,-1.326460057793894,-1.0577090798608935,-1.0403914498355296,-1.0419998082406707,-1.591523181018758,-1.6948262,-1.187334129557508,-0.9262419633562542,-1.1858657963994752,-1.8651881209103909,-1.6735208
YEM,"Yemen, Rep.",2028,-1.518,-1.3261594162451504,-1.0544869661418665,-1.0217378058674658,-1.0378840060827077,-1.5845771437441223,-1.6922917,-1.1759988287380156,-0.8767552234425781,-1.1742029784983286,-1.9093151101210493,-1.7343444
YEM,"Yemen, Rep.",2029,-1.518,-1.3161832956457737,-1.0555799224514952,-1.0044347334482788,-1.03685660809209,-1.5818715629996374,-1.6857969,-1.168672793303416,-0.828965959639955,-1.1664115959985142,-1.8949701375037196,-1.7382728
YEM,"Yemen, Rep.",2030,-1.518,-1.3027745089126004,-1.0599704274032062,-0.9876256850159267,-1.0378868031972064,-1.5622227775471356,-1.6334691,-1.1648306074885693,-0.7822343715254219,-1.161947833263552,-1.8945706806317024,-1.7429868
ZMB,Zambia,2020,-0.49,-0.5688398469786041,-0.5880516757880305,-0.6150160034041458,-0.5997689461585457,-0.6031932679270896,-0.5672753,-0.5473944899795392,-0.5672336088506138,-0.5492991496603976,-0.5384734716105133,-0.5126926
ZMB,Zambia,2021,-0.49,-0.6350704318617123,-0.6645445124725164,-0.7065277303882034,-0.6807292341090285,-0.6734916845835919,-0.66164666,-0.5983119950475102,-0.6336740592149299,-0.6016067291808295,-0.5883233479857479,-0.54184836
ZMB,Zambia,2022,-0.49,-0.6947848239222634,-0.7244201882332739,-0.7733284966846486,-0.7403937130291022,-0.7558998755033889,-0.75878626,-0.6436013265587143,-0.6911210601391913,-0.6478437334549737,-0.6402700351335006,-0.57218355
ZMB,Zambia,2023,-0.49,-0.7514646267739807,-0.7714868430580761,-0.821885460917695,-0.7843085539398369,-0.8429278555816123,-0.88451904,-0.6840000588146208,-0.7410704054661537,-0.6888093011106899,-0.6912618361495527,-0.6043769
ZMB,Zambia,2024,-0.49,-0.7982607133254392,-0.8086790934150108,-0.8569549791586107,-0.8165680774202285,-0.8850164654568418,-0.98647076,-0.7201491067218347,-0.7847652957146435,-0.7251968372373235,-0.7469285795138705,-0.65187794
ZMB,Zambia,2025,-0.49,-0.8381168581668497,-0.838258403914733,-0.8820351754509269,-0.8401948121553652,-0.8907008009674471,-1.047051,-0.7526053930428362,-0.8232389932807428,-0.7576080029249133,-0.8259636359026021,-0.7235124
ZMB,Zambia,2026,-0.49,-0.8768230632581023,-0.8619674970700011,-0.8996987906997767,-0.8574200635537796,-0.8937765289921731,-1.1133673,-0.7818528555986557,-0.8573502744945685,-0.7865648538561023,-0.9202632013909178,-0.79596925
ZMB,Zambia,2027,-0.49,-0.8993855470825798,-0.8811493440430269,-0.9118379807242726,-0.8698910364379472,-0.8892830623489698,-1.1289136,-0.8083120119734207,-0.887812894920985,-0.8125203728484478,-0.9747318453409223,-0.8294033
ZMB,Zambia,2028,-0.49,-0.9244085478615279,-0.896838860908705,-0.9198443561746199,-0.878823738135601,-0.8811403889826621,-1.1672575,-0.8323482707607062,-0.915220078882216,-0.8358676088425587,-1.0440164595852852,-0.87272817
ZMB,Zambia,2029,-0.49,-0.9473877864534035,-0.9098335713311404,-0.9247413952349106,-0.8851158553223291,-0.8784267640758947,-1.2021222,-0.8542791536178654,-0.9400648734574032,-0.8569476067163558,-1.1164310537976059,-0.9059154
ZMB,Zambia,2030,-0.49,-0.9649756157828557,-0.9207480604059142,-0.9272818282706086,-0.8894300824977037,-0.878882836227392,-1.1958048,-0.8743805708673735,-0.9627570653210696,-0.8760562879105017,-1.1779993464291596,-0.94641525
ZWE,Zimbabwe,2020,-0.921,-1.0369189371534688,-0.9583303245131021,-1.1291992460540912,-0.9644196947686665,-0.8893383691264626,-1.1528343,-0.9471325067278739,-1.0862970900969002,-0.9488933548902738,-1.122477264818987,-1.1702672
ZWE,Zimbabwe,2021,-0.921,-1.144986786372426,-0.9961094064850624,-1.3217447494697336,-1.0054311492330963,-0.8833559233301416,-1.3538263,-0.9761854686390258,-1.253765613481607,-0.979222491381947,-1.2876975281037917,-1.3925292
ZWE,Zimbabwe,2022,-0.921,-1.2279209403345546,-1.0342281624533807,-1.5026613437020748,-1.0446154776637195,-0.9007623713724731,-1.4384712,-1.0077761589624967,-1.4229819823074221,-1.011658128143584,-1.3750114183125368,-1.5410432
ZWE,Zimbabwe,2023,-0.921,-1.3154984726172896,-1.0726025308745006,-1.6749091449555569,-1.082401672983245,-0.9043631442783209,-1.5838531,-1.0415720074173322,-1.5935941396158715,-1.045914550853434,-1.4523617576067445,-1.7034127
ZWE,Zimbabwe,2024,-0.921,-1.395525267522825,-1.1111677325147693,-1.8406652092603113,-1.1191064283742338,-0.9043631442783209,-1.6910499,-1.0772840271853459,-1.765309479981715,-1.0817438478752754,-1.5416547092540644,-1.8229082
ZWE,Zimbabwe,2025,-0.921,-1.4592720697340855,-1.1498738474115593,-2.0015306808387225,-1.1549635345744147,-0.9043631442783209,-1.7158204,-1.1146611032816216,-1.9378848099874701,-1.1189309086084298,-1.6272913520227315,-1.8674009
ZWE,Zimbabwe,2026,-0.921,-1.5215722626922858,-1.1886824064054167,-2.1586831420705703,-1.1901455816869462,-0.897521825497862,-1.7530725,-1.15348502943625,-2.1111180040633233,-1.1572890836029988,-1.69307399191889,-1.9126511
ZWE,Zimbabwe,2027,-0.921,-1.581100326966848,-1.2275637645176354,-2.312988661259873,-1.2247799799933379,-0.8945022489377011,-1.7834269,-1.1935661953946153,-2.284841069397647,-1.1966564188825743,-1.764093474795535,-1.9285846
ZWE,Zimbabwe,2028,-0.921,-1.636265036071233,-1.2664950768310157,-2.4650841996248873,-1.258960786913669,-0.8945022489377011,-1.7998072,-1.2347398393986324,-2.4589143819696666,-1.2368923885013872,-1.8489923429237967,-1.8982619
ZWE,Zimbabwe,2029,-0.921,-1.6938491734884096,-1.3054587386696679,-2.615438218592597,-1.292757437961048,-0.8917498182182869,-1.8272681,-1.276862791781754,-2.633221895937967,-1.2778750594148003,-1.9063870917060466,-1.9114726
ZWE,Zimbabwe,2030,-0.921,-1.744344290790417,-1.34444118357544,-2.764395254223096,-1.326221192148072,-0.8881490453124391,-1.8454572,-1.3198106453171004,-2.8076671620151323,-1.3194986314640396,-1.9075607648800401,-1.9202418
