Country Code,Country Name,Year,Access to electricity (% of population),Adjusted savings: gross savings (% of GNI),Agriculture,Capital depreciation rate,Clientelism index,"Death rates, crude per 1000 people",Domestic credit to private sector (% of GDP),Economic Complexity Index,"GDP per capita (constant prices, PPP)",Government revenue,"Gross fixed capital formation, all, Constant prices, Percent of GDP",Human capital index,Industry,"Inflation, consumer prices (annual %)",Landlocked,Lending interest rate (%),"Life expectancy at birth, total (years)",Manufacturing,Mineral rents (% of GDP),Mobile cellular subscriptions (per 100 people),Natural gas rents (% of GDP),Oil rents (% of GDP),Political corruption index,Political stability — estimate,"Primary net lending, General government, Percent of GDP",Property rights,Real interest rate (%),Rule of law index,Services,Share of consumption in GDP,Share of government spending in GDP,Share of investment in GDP,Total natural resources rents (% of GDP),Trade (% of GDP),Urban population (% of total population),"Use of IMF credit (DOD, current US$)",Total_Production,Total_Reserves,Total_Production_Value,Total_Reserves_Value,Hydrocarbons_Dominant,Subsoil_Metals_Dominant,Precious_Metals_Dominant,knn_reliance_pct,Population,Total_Production_Value_Per_Capita,Total_Reserves_Value_Per_Capita,Cluster
AGO,Angola,1995,60.99288555815447,13.36747224929976,21.8941953397251,0.0353665016591549,0.84,18.7,16.305665745852664,-1.914,4214.831,39.104,51.16142144,1.21491169929504,25.25916219358679,2666.45059288538,0.0,206.25,46.139,14.235817481478348,0.0,0.0143326900000033,0.206519283558313,41.0188156720936,0.809,-2.062,4.14315379618196,0.1889999999999999,-84.0950001791546,0.174,44.20166279544888,0.279739618301392,0.248554781079292,0.624451816082001,44.2109966299264,72.1607504181408,6056809.0,0.0,632.8546027,0.0,8091577843.587495,0.0,1.0,0.0,0.0,7.43,13699778.0,590.6356908548076,0.0,0.0
AGO,Angola,1996,85.83340175466556,17.239217021542185,13.368704346128354,0.038397703319788,0.84,18.445,13.810240374349448,-2.328,4533.696,39.104,67.19577537,1.23089158535004,38.70604481739539,4145.10598220638,0.0,217.875,46.418,7.79048374962111,0.0,0.0229292900000075,0.1597342054563639,39.0741439653244,0.809,-2.062,4.14315379618196,0.1889999999999999,-93.5134588840176,0.174,46.18420452141845,0.2149481028318409,0.0840984433889389,0.734222173690796,41.3617166839795,83.95744682369126,6441501.0,0.0,715.9760656,0.0,10802259749.223038,0.0,1.0,0.0,0.0,7.43,14170973.0,762.2807374781561,0.0,0.0
AGO,Angola,1997,32.600507147215865,30.354750054160828,8.058934579378686,0.040404699742794,0.84,18.184,6.323142378767876,-1.57,4703.959999999997,34.882,48.507818129,1.24708163738251,52.06632770364575,219.17672117297397,0.0,37.75,46.688,5.799024518589662,0.0,0.0474206900000027,0.158566178380028,37.3490232506807,0.809,-2.19,4.14315379618196,0.1889999999999999,-29.522706549011005,0.174,38.07528598295741,0.293120920658112,0.25624880194664,0.55162787437439,39.4514891636558,123.4463511506165,6849440.0,0.0,741.0,0.0,10091478183.98411,0.0,1.0,0.0,0.0,7.43,14660413.0,688.3488332821258,0.0,0.0
AGO,Angola,1998,39.30498224411022,36.0061215473829,6.638801795567293,0.0408246666193008,0.84,18.925,10.34992205092977,-1.579,4765.765999999998,27.629,64.03852148,1.26348471641541,48.11698655512605,107.284821528298,0.0,45.0,45.452,7.615613391190508,0.0,0.0639037349999966,0.136441188557766,21.747680007613496,0.809,-2.318,0.17270863483786,0.1889999999999999,4.04755887747496,0.174,40.54893162234039,0.393798619508743,0.129606649279594,0.714909553527832,24.2693807744448,124.96765294099978,7275437.0,0.0,730.8493151,0.0,6527530572.644657,0.0,1.0,0.0,0.0,7.43,15159370.0,430.5937893622662,0.0,0.0
AGO,Angola,1999,32.63097697285154,37.49362504595039,7.054659731235097,0.041405875235796,0.84,18.518,7.27739851965638,-1.505,4715.119999999997,41.128,50.73873052,1.2801034450531,53.73019206296209,248.195902412868,0.0,80.2966666666667,45.808,5.959791600647605,0.0,0.1512215679999968,0.161428826039536,38.5242698405316,0.809,-2.178,-2.47690086179152,0.1889999999999999,-72.5785001611618,0.174,36.540191393328016,0.328058332204819,0.291531920433044,0.58463728427887,40.8033543240701,125.31353701985908,7717606.0,374707057.4,745.060274,0.0,9202873755.045742,0.0,1.0,0.0,0.0,7.43,15667235.0,587.3961649931045,0.0,0.0
AGO,Angola,2000,24.200000000000003,48.0554136813391,6.529867741533844,0.0414570495486259,0.796,18.08,3.5987492115620796,-1.938,4704.042000000001,42.858,27.660103246,1.29694080352783,60.66810210106925,324.996871601321,0.0,103.160174166667,46.501,4.96739277552266,0.0,0.1593469999999968,0.1963006436619739,57.5134839616206,0.809,-2.038,5.93821542113509,0.1889999999999999,-60.78132703879951,0.176,32.167318960349306,0.283970803022385,0.246948853135109,0.38012158870697,59.1425103628059,129.51609679877316,8179553.0,355705668.9,746.0614754,0.0,14135425868.47222,0.0,1.0,0.0,0.0,7.43,16194869.0,872.8336035612402,0.0,0.0
AGO,Angola,2001,20.0,17.5450639869731,9.044095485880522,0.041017010807991,0.796,17.606,6.748595751547597,-1.454,4743.472,37.463,24.626983012,1.30848634243011,53.31265114039562,152.561022469299,0.0,95.9665608333333,47.032,5.0477011469659505,0.0,0.4478360000000023,0.210594107007388,42.5915766791073,0.809,-1.807,6.40129810327971,0.275,-5.03293321688837,0.176,37.44576048632929,0.478612929582596,0.199827581644058,0.334656327962875,44.219476594374,113.65323393762152,8662071.0,343098130.59999996,742.0150685,0.0,11728383947.991468,0.0,1.0,0.0,0.0,7.43,16747208.0,700.3187604758637,0.0,0.0
AGO,Angola,2002,26.299999999999997,32.3347229473668,9.3867906039345,0.040836151689291,0.723,17.071,6.007581102486441,-1.898,5214.845000000001,28.681,23.095996398,1.32013463973999,51.9196521931075,108.897436089429,0.0,97.3358333333333,47.874,3.7265752922806694,0.0,0.8079550000000069,0.131900390989224,31.761029246478508,0.8400000000000001,-1.576,-0.1838484869807359,0.469,-41.3294690923792,0.147,37.9804219303572,0.391951650381088,0.20116750895977,0.311204314231873,32.8837159773494,90.5708209731095,9165075.0,371160687.2000001,905.4410959,0.0,14421988064.13299,0.0,1.0,0.0,0.0,7.43,17327699.0,832.3083211529118,0.0,0.0
AGO,Angola,2003,27.4,28.8519074680264,10.000076846294,0.0409888550639153,0.717,15.559,7.507006698204776,-1.812,5190.530999999999,29.715,25.31655432767413,1.33188664913178,48.9228549611473,98.2241436573304,0.0,96.115,50.218,3.88517172538279,0.0,1.9505399999999968,0.135113552616191,27.1162657537214,0.864,-1.007,-2.84996146607176,0.397,0.7747598160314189,0.121,40.8282626261312,0.388605028390884,0.199904248118401,0.323308616876602,28.4066969543848,90.6807161820483,9690386.0,405682628.0,869.5630685,0.0,15603742506.6109,0.0,1.0,0.0,0.0,7.43,17943712.0,869.5939004488537,0.0,0.0
AGO,Angola,2004,28.4,37.5128985319467,10.3635914449926,0.0416290871798992,0.717,14.958,6.546666084079469,-0.848,5560.617,30.987,26.97387142917635,1.34374332427979,50.2978770697738,43.5421067519687,0.0,82.3341666666667,51.123,4.679179846727461,0.0,3.9784000000000006,0.123797564311738,32.9626955078503,0.864,-1.063,2.70791225768521,0.397,36.70039745685901,0.121,39.7136676214341,0.328811168670654,0.170598268508911,0.307960003614426,33.7707170143085,90.3860384733605,10238515.0,423985126.3,1106.441208,0.0,25664236030.52635,0.0,1.0,0.0,0.0,7.43,18600423.0,1379.766257494593,0.0,0.0
AGO,Angola,2005,29.4,46.22787494458569,8.56536731681355,0.0423293896019459,0.717,14.31,5.316183303403783,-1.257,6172.758,33.697,26.288933768749636,1.35570561885834,56.12429841911491,22.953513851394,0.0,67.7181307369684,52.13,3.895781993138101,0.0,8.351590000000002,0.0367077834483982,42.2206783158613,0.864,-0.885,7.75042606230854,0.397,19.6820166550524,0.121,35.4993259457285,0.264263898134232,0.147640272974968,0.259461849927902,42.7600742732017,95.3414592884703,10803050.0,390203038.9,1269.022575,0.0,40564122033.48418,0.0,1.0,0.0,0.0,7.43,19291161.0,2102.7309882222316,0.0,0.0
AGO,Angola,2006,30.5,49.264953985907,8.44100897843275,0.0426680743694305,0.717,13.757,4.335742142675642,-1.654,6642.628000000001,40.027,24.51880221036985,1.36777424812317,54.2214232962716,13.3052101780032,0.0,19.5108144527911,52.965,3.661849599916831,0.0,15.261400000000002,0.0801485865290752,40.2786520912475,0.864,-0.539,9.5466060158362,0.397,2.30827389629116,0.121,37.1439693103216,0.229344069957733,0.133777588605881,0.221920400857925,40.7534428993222,84.6246041171541,11387473.0,410714177.0,1401.440285,0.0,51852390073.60702,0.0,1.0,0.0,0.0,7.43,20015279.0,2590.6403839590253,0.0,0.0
AGO,Angola,2007,37.5,46.9674164478886,8.61624042186554,0.0427367426455021,0.717,12.98,4.577781305432097,-1.649,7302.588,42.44,24.09010920380675,1.37995040416718,57.905278239704,12.2514974459487,0.0,17.6988356005955,54.2,3.442696492529521,0.0,23.8782,0.0756903520365189,45.3976036521592,0.864,-0.667,4.8109021430761,0.397,11.908133430495004,0.121,34.0967823030459,0.232502326369286,0.138810813426971,0.240880578756332,45.881176080136,97.2256306999958,12000962.0,431421881.2,1655.990605,0.0,66196446571.91743,0.0,1.0,0.0,0.0,7.43,20778561.0,3185.805146560314,0.0,0.0
AGO,Angola,2008,38.5,45.7465270529109,7.81831803295795,0.0436033681035042,0.728,12.302,6.5774846895871235,-1.516,7825.396000000001,48.431,27.125568717141498,1.39223492145538,56.2078263483829,12.4758291326398,0.0,12.533605759663,55.281,3.5323513964737607,0.0,31.3891,0.0566358779076588,52.1013581243545,0.864,-0.362,-2.14095272322433,0.397,-5.772358565980511,0.123,34.2212938482245,0.22384549677372,0.137995436787605,0.280332654714584,52.5607729557913,108.680408741993,12641893.0,420506996.4,1876.322885,0.0,97043556213.28572,0.0,1.0,0.0,0.0,7.43,21578655.0,4497.2013414777575,0.0,0.0
AGO,Angola,2009,33.8,30.6304595516828,10.3661474573001,0.0450906530022621,0.718,11.702,12.938339287467798,-0.96,7606.388999999999,37.11,29.397429393052676,1.40462875366211,40.9723218323879,13.7302839288408,0.0,15.682074235437,56.225,4.97545309460282,0.0,36.1789,0.0619194883478921,29.7782995191992,0.864,-0.348,-5.20444938816463,0.397,34.9396938678722,0.13,46.6572174638642,0.335290610790253,0.171203285455704,0.403330266475678,30.311466137659295,102.263183257986,13309339.0,787056610.5,1753.832877,0.0,57724579441.909225,0.0,1.0,0.0,0.0,7.43,22414773.0,2575.2917257698405,0.0,0.0
AGO,Angola,2010,35.0,40.923093287263,10.0913068588653,0.046247024089098,0.695,11.078,9.188920672240414,-1.427,7683.606,42.789,25.55363434581107,1.41713297367096,48.5501387093455,14.4696564932577,0.0,22.5435720221269,57.242,4.487228855621659,0.0,40.3668,0.0633424630809302,37.7085091832735,0.864,-0.226,3.9971142678956504,0.416,-4.761941243741642,0.1289999999999999,40.4058954859428,0.286203533411026,0.14795558154583,0.308978587388992,38.1623101146694,90.9940631355109,14007418.0,1302262652.3,1812.318233,0.0,75648803502.07948,0.0,1.0,0.0,0.0,7.43,23294825.0,3247.451032668392,0.0,0.0
AGO,Angola,2011,34.6,41.4587533952508,9.55630602216444,0.0474252179265022,0.695,10.546,6.731326515637633,-1.23,7657.088,45.483,27.225458317637788,1.42419624328613,52.1706630052286,13.4824679218511,0.0,18.7572405365757,58.093,4.178085057887181,0.0,49.8515,0.070481597765254,38.6184358197859,0.864,-0.369,7.9979472056111,0.416,-8.39804755510652,0.1289999999999999,37.8278152881355,0.268340647220612,0.157939031720161,0.305831223726273,39.0226784952754,89.0369443425845,14735211.0,1605921015.9,1670.399937,0.0,94595215809.237,0.0,1.0,0.0,0.0,7.43,24218352.0,3905.9311636579155,0.0,0.0
AGO,Angola,2012,37.3,40.4951038207633,9.69697932366603,0.0483519174158573,0.701,10.043,8.915908284262251,-1.322,8004.574,41.34,26.913394743,1.43129467964172,53.3611036467722,10.2779049218839,0.0,16.6564013212232,58.916,4.3619180251915,0.0,50.7801,0.0646914683950498,34.3328389540912,0.864,-0.389,4.45275377913014,0.416,8.91040000919163,0.1289999999999999,38.1528946330169,0.288825362920761,0.161902159452438,0.291953265666962,34.7310076331615,81.9394785486361,15486973.0,1739652880.5,1734.063651,0.0,96567710769.4203,0.0,1.0,0.0,0.0,7.43,25177394.0,3835.4926951304137,0.0,0.0
AGO,Angola,2013,38.4,34.4889428079832,10.3295507034404,0.0487328805029392,0.719,9.578,16.047788675173386,-1.265,8093.128999999999,36.746,26.066226656136564,1.43842852115631,50.3750405397121,8.77781429332624,0.0,15.8086382955866,59.705,4.779643733540901,0.0,50.7735,0.068998447457045,29.001484610750097,0.861,-0.391,0.397688613368518,0.416,12.1812486049925,0.128,40.5013779544273,0.315760850906372,0.224058985710144,0.260818004608154,29.400045227201495,77.3498013716078,16257565.0,1478597285.6,1737.851674,0.0,92809510245.06108,0.0,1.0,0.0,0.0,7.43,26165620.0,3547.002144228231,0.0,0.0
AGO,Angola,2014,32.0,31.8047646939619,11.4782158930109,0.0486918054521084,0.719,9.179,16.547342406683676,-1.736,8176.552,30.736,25.67240054,1.44559788703918,43.9966362099567,7.28038730361121,0.0,16.3822709411366,60.396,4.726180924275809,0.0,51.7384,0.0508980853938273,21.736607448328996,0.861,-0.333,-4.14384028454908,0.416,11.8181537125048,0.128,44.0532339009099,0.375087440013886,0.213110372424126,0.265493988990784,22.124247625087996,69.5801424481147,17036081.0,914027909.7,1701.373826,0.0,81418918817.90982,0.0,1.0,0.0,0.0,7.43,27160769.0,2997.666186031398,0.0,0.0
AGO,Angola,2015,42.0,26.1104425370296,13.6637723279796,0.048470813781023,0.719,8.809,22.2749280175046,-1.078,7960.448,24.134,24.834887531,1.45280301570892,36.7338841349078,9.35597215533784,0.0,16.8818623998822,61.042,5.240515596476261,0.0,49.3097,0.0604405605969015,12.7187303090272,0.861,-0.505,-1.0026636018453998,0.416,20.4438021561075,0.128,48.0419306568083,0.457098633050919,0.218248263001442,0.316665858030319,13.3056748880613,54.9793808779835,17884616.0,532051255.4,1795.646188,0.0,45441715585.42261,0.0,1.0,0.0,0.0,7.43,28157798.0,1613.8234809917526,0.0,0.0
AGO,Angola,2016,41.8,25.28568498671,14.6711413269562,0.0478745624423027,0.719,8.476,18.5908277620868,-1.092,7481.876,17.523,23.52759731,1.46004402637482,37.3943513261608,30.6944150806719,0.0,15.7805039391116,61.619,5.86891528292793,0.0,44.5502,0.158766315983972,19.7483988340046,0.861,-0.322,-1.47841982717097,0.416,-4.212861222286781,0.128,46.7231427013984,0.493991494178772,0.205774024128914,0.247727766633034,20.8851202682195,47.0155661405313,18764489.0,395881505.2,1744.837415,0.0,36403535369.45578,0.0,1.0,0.0,0.0,7.43,29183070.0,1247.4196638481071,0.0,0.0
AGO,Angola,2017,42.9,24.565710525555,14.9283260019113,0.04694864153862,0.721,8.192,14.847459281189998,-1.5810000000000002,7210.026,17.516,18.65155829709784,1.46732115745544,37.0989345106935,29.8444799015679,0.0,15.8061003813255,62.122,5.814021927340321,0.0,44.0682,0.476162010407452,24.711006005538195,0.722,-0.389,-2.58586698839955,0.387,-6.391178096670911,0.252,46.6189972009799,0.466189980506897,0.219926998019218,0.218714833259583,25.950329908930694,45.6643423539921,19678361.0,388801462.9,1671.357706,0.0,42307954304.31728,0.0,1.0,0.0,0.0,7.43,30234839.0,1399.3113806333577,0.0,0.0
AGO,Angola,2018,45.3,27.1933998810933,13.3397905678931,0.0462397895753384,0.686,7.928,13.2564012766381,-1.505,6872.841,22.866,17.942380474184223,1.4746345281601,41.1891594014386,19.6289379701521,0.0,20.6770040277157,62.622,5.400009225648681,0.0,42.4589,0.74554243174425,30.730402728590494,0.63,-0.348,6.23411179667743,0.387,-3.6081173945212406,0.323,43.9574616765439,0.497108697891235,0.187200635671616,0.172652900218964,32.045405604301,58.916480075976,20616442.0,1374114587.4,1519.226037,0.0,49397683621.8317,0.0,1.0,0.0,0.0,7.43,31297155.0,1578.3442176080127,0.0,0.0
AGO,Angola,2019,45.6,35.285796926718,12.3911585673156,0.0457041710615158,0.686,7.701,13.471824895999198,-1.204,6596.756000000001,21.179,17.659968420123565,1.48198437690735,42.2251045134162,17.080954143438,0.0,19.295367205655,63.051,5.44224033917375,0.0,45.8065,0.814083850645771,27.504828641196,0.602,-0.37,5.67445263623788,0.387,-0.4759655392537816,0.325,43.8627207016305,0.475599735975266,0.16942897439003,0.180379092693329,28.897859059390697,60.7148243336685,21582821.0,1861295679.9,1420.3765150000002,0.0,40846094769.44734,0.0,1.0,0.0,0.0,7.43,32375632.0,1261.6308083019767,0.0,0.0
ARE,United Arab Emirates,1995,100.0,19.43667911500857,1.7870683047090292,0.027301263064146,0.717,2.8499999999999996,55.241170424766736,-0.1159999999999999,97687.065,29.727,25.266877028,2.33468842506409,45.5451739211502,0.7553366664558467,0.0,9.15600222585239,71.392,6.77246265719199,0.0,5.298629245999997,1.52774715570848,16.3473463917171,0.135,0.964,3.58620197732355,0.2239999999999999,6.8440048547898,0.639,52.6677577741408,0.458554446697235,0.0609081350266933,0.318553596735001,17.8753368140734,102.21066273286458,1905313.0,0.0,2691.4,0.0,31748341540.05902,0.0,1.0,0.0,0.0,13.14,2434662.0,13040.143371054799,0.0,3.0
ARE,United Arab Emirates,1996,100.0,21.289589390527254,1.7924318720379109,0.0271988846361637,0.717,2.7539999999999996,43.959308658086705,-0.187,101612.90799999998,28.521,25.06335011,2.39202475547791,46.3670023696682,2.054456519582759,0.0,9.596271419779054,71.82,6.63729265402844,0.0,7.534161116000007,1.60805442765848,19.1112827067212,0.135,0.964,0.923693204002223,0.2239999999999999,7.434119245120856,0.655,51.8405657582938,0.455987215042114,0.0569403395056725,0.310442566871643,20.719562152948697,101.79551368924452,2033087.0,0.0,2759.8,0.0,38159616946.07306,0.0,1.0,0.0,0.0,13.14,2597564.0,14690.53965410402,0.0,3.0
ARE,United Arab Emirates,1997,100.0,21.30765728848509,2.00402186456958,0.0271511115133762,0.717,2.644,55.91308601891311,-0.194,104460.373,29.273,24.55366366,2.45076894760132,45.4284115017034,2.839100529409345,0.0,9.805209715067011,72.559,7.89550062539303,0.0,11.265830530000002,1.71580198382946,16.9646090621951,0.135,0.9175,6.71195525705889,0.2239999999999999,6.306125588287232,0.655,52.567566633727,0.471294105052948,0.0634389445185661,0.308481991291046,18.6806267958819,102.87174006270536,2208344.0,0.0,2900.8999999999996,0.0,34998364902.2304,0.0,1.0,0.0,0.0,13.14,2817410.0,12422.176716285667,0.0,3.0
ARE,United Arab Emirates,1998,100.0,20.14887319929056,2.18089049130306,0.0271306000649929,0.717,2.4589999999999996,67.77285540453855,-0.394,95932.627,26.839,24.61740315,2.51095581054688,40.0235324596818,1.2979428387290923,0.0,8.47315286261045,73.66,8.63108731478083,0.0,16.88654733,1.69523548425714,10.8323014620584,0.135,0.871,0.9971474434914552,0.2239999999999999,4.97137355793509,0.655,57.7955770490152,0.486986696720123,0.0720414295792579,0.323106616735458,12.5278825303178,101.214741627375,2389636.0,0.0,2996.748,0.0,23868702399.606182,0.0,1.0,0.0,0.0,13.14,3040421.0,7850.459656608799,0.0,3.0
ARE,United Arab Emirates,1999,100.0,20.16464213520224,2.33324519711343,0.027308564633131,0.717,2.2330000000000005,67.86087059356,-0.347,93071.464,25.586,24.36627139,2.56848430633545,42.0206625694073,1.291268377284327,0.0,7.88872215366586,74.982,8.55748953651097,0.0,26.86844465,1.48019075248212,13.3744382605246,0.135,0.923,1.3072247928478302,0.2239999999999999,5.64819127217782,0.655,55.6460922334793,0.478972226381302,0.0709500759840012,0.308545053005219,14.8547635599251,100.87552571500096,2576890.0,0.0,2854.5,0.0,30440692800.965218,0.0,1.0,0.0,0.0,13.14,3266009.0,9320.455883913735,0.0,3.0
ARE,United Arab Emirates,2000,100.0,24.907524669797247,2.2626500930374593,0.027904286980629,0.717,2.0039999999999996,66.82449246542066,-0.249,105865.836,32.449,23.038525341,2.61078405380249,48.5170116316395,3.233967513724478,0.0,9.635464579539937,76.347,9.07200029229159,0.0,40.8783,1.5402537160529,20.844056153649497,0.135,0.975,10.7279292179591,0.2239999999999999,2.4524061782380997,0.655,49.220338275323,0.448654681444168,0.0647029578685761,0.273453027009964,22.3844177151254,105.6316513070949,2769954.0,0.0,3134.898,0.0,50071420552.11265,0.0,1.0,0.0,0.0,13.14,3493575.0,14332.430404989916,0.0,3.0
ARE,United Arab Emirates,2001,100.0,21.636778461474908,2.23820016235649,0.0286267530173063,0.717,1.8010000000000002,56.12192271238492,-0.272,101516.92699999998,26.434,23.01506254,2.62868571281433,49.6763412859899,1.0506932915582503,0.0,7.402100999176128,77.621,13.3137591852656,0.0,51.2759,1.79003505598156,15.8062390008792,0.135,0.956,1.2981936027389105,0.2239999999999999,5.695921517877275,0.655,48.0854585516536,0.471899479627609,0.0685313493013382,0.274552971124649,17.5963966616315,89.8645799289427,2969447.9999999963,0.0,3076.722,0.0,40909373026.447075,0.0,1.0,0.0,0.0,13.14,3723590.0,10986.540684244794,0.0,3.0
ARE,United Arab Emirates,2002,100.0,23.442071526899948,2.2033225886436902,0.0292266886681318,0.717,1.646,67.93861757349319,-0.062,98336.147,20.095,23.772338239,2.64671063423157,47.5457475824448,2.064729151126695,0.0,6.822361855888099,78.721,13.0634763203571,0.0,61.3641,1.5921747902260202,14.6453240587361,0.136,0.937,-1.20983933113755,0.2239999999999999,4.519496986420921,0.655,50.2509298289115,0.489160239696503,0.0715416893362999,0.287797391414642,16.2376283737788,93.0716588147781,3176166.0,0.0,2904.26,0.0,38389508866.457214,0.0,1.0,0.0,0.0,13.14,3956826.0,9702.09679840792,0.0,3.0
ARE,United Arab Emirates,2003,100.0,24.048510283762763,1.9276839325365405,0.0298057235777378,0.717,1.5460000000000005,68.42175418998146,-0.078,100904.05,22.402,23.499255721,2.6648588180542,49.1210129154604,1.0530192165666,0.0,6.957641350931471,79.6,12.2624610762446,0.0,70.8971,1.40024746926002,17.8057010079321,0.136,0.995,2.35626697508901,0.2239999999999999,5.127720144112166,0.649,48.951303152003,0.457935243844986,0.0716252774000168,0.280189603567123,19.2061128677808,102.300169490783,3389557.0,0.0,3282.489,0.0,49598090660.51591,0.0,1.0,0.0,0.0,13.14,4192457.0,11830.31588887278,0.0,3.0
ARE,United Arab Emirates,2004,100.0,24.904438828582883,1.6653619090599303,0.0303824841976165,0.758,1.4900000000000002,68.91302960284933,0.09,104383.904,24.109,22.006933437999997,2.6831316947937,51.6783480847693,1.5477255034924315,0.0,6.951313419272376,80.272,11.5123829171924,0.0,83.1597,1.3026745340904,20.9182068452778,0.136,0.7690000000000001,6.455929690556109,0.2239999999999999,-0.7538365778355764,0.633,46.6562900061707,0.468893557786942,0.0664382055401802,0.26502326130867,22.2210170035245,116.622612523831,3608409.0,0.0,3493.495,0.0,66522459284.47908,0.0,1.0,0.0,0.0,13.14,4428967.0,15019.858871036764,0.0,3.0
ARE,United Arab Emirates,2005,100.0,39.3100727150766,1.3954098740852905,0.0309643130749464,0.758,1.471,69.06563305678235,-0.129,100244.954,31.731,24.152573288,2.70152950286865,55.6434763024807,3.5681322542753833,0.0,8.914562425171493,80.779,10.608039735308,0.0,97.1993,1.39252709986089,23.9417369873026,0.136,0.875,16.024134178653505,0.317,0.4490165863902779,0.633,42.9608649080015,0.422657310962677,0.057507462799549,0.273345649242401,25.3343747676468,119.552871642254,3835030.0,0.0,3670.028,0.0,95361319934.23685,0.0,1.0,0.0,0.0,13.14,4664790.0,20442.789479105566,0.0,3.0
ARE,United Arab Emirates,2006,100.0,45.59955872451121,1.0942440019467394,0.0316232666373253,0.7529999999999999,1.444,52.28822726779419,0.0329999999999999,90205.284,35.777,25.262629368,2.70470285415649,57.903111718071,4.19502275926549,0.0,6.56000960317416,81.155,9.65695462798033,0.0,110.185,1.32306915187906,25.882027221467197,0.136,0.923,20.1514330085266,0.317,-2.53956744021367,0.657,41.0026442799823,0.415812015533447,0.048586767166853,0.262538552284241,27.205207203556697,119.470669577786,4135458.0,0.0,3923.853,0.0,117679906533.13268,0.0,1.0,0.0,0.0,13.14,5009100.0,23493.22363960246,0.0,3.0
ARE,United Arab Emirates,2007,100.0,43.12870906891194,0.9766711676662824,0.0326869748532772,0.618,1.34,74.72378746724213,-0.078,75018.704,34.783,35.08173963,2.70787954330444,54.840228590251,4.999871584098756,0.0,6.871177600312503,81.438,9.0255775725641,0.0,137.458,1.21877202510384,23.7183455650517,0.121,0.975,17.1328371696081,0.351,-5.672528809397619,0.705,44.1831002420827,0.430177539587021,0.0457074753940105,0.329262495040894,24.937206357194697,136.798152865771,4654870.0,0.0,3983.843,0.0,125576962365.87518,0.0,1.0,0.0,0.0,13.14,5624635.0,22326.242034527608,0.0,3.0
ARE,United Arab Emirates,2008,100.0,41.994583307695954,0.8273054640932305,0.0341219194233418,0.617,1.205000000000001,61.25671522941217,-0.399,59630.356,39.589,34.12191093,2.71106028556824,58.01797844355839,12.2504202448139,0.0,6.663408892792457,81.591,8.60026538838952,0.0,148.473,1.04274122887812,26.672042741759995,0.1159999999999999,0.696,17.6709660486803,0.351,-1.4897183459258692,0.703,41.1547160923483,0.444828182458878,0.0476880259811877,0.313096702098846,27.7149122716078,148.51354402572298,5229062.0,0.0,4004.817,0.0,162801811551.1734,0.0,1.0,0.0,0.0,13.14,6302664.0,25830.63472067897,0.0,3.0
ARE,United Arab Emirates,2009,100.0,26.21973415211858,1.0368868886082492,0.0350864194333553,0.617,1.165000000000001,75.38337180260461,0.155,55633.163,28.87,39.27065186,2.71424436569214,52.044956000368,1.5618131744907,0.0,5.180965191341057,81.679,9.19537711686217,0.0,159.114,1.29504191176003,18.418263242659,0.1159999999999999,0.919,-5.9498154147511,0.351,6.518708979105023,0.703,46.9181571110237,0.361026346683502,0.0733536034822464,0.391570568084717,19.713461721995,153.461944358373,5578274.0,0.0,3793.214,0.0,92954614937.83546,0.0,1.0,0.0,0.0,13.14,6707058.0,13859.223364079371,0.0,3.0
ARE,United Arab Emirates,2010,100.0,30.71257419662231,0.7322843981659268,0.0351731739938259,0.617,1.0730000000000004,74.58944452305514,0.245,58118.433999999994,31.646,34.9411042,2.71743273735046,50.2592548678862,0.8779832882858667,0.0,5.824402902909931,81.886,8.09883892751659,0.0,157.473,1.09696752906347,22.679737867780695,0.1159999999999999,0.802,0.826022478317353,0.351,0.2041625826268136,0.703,49.0084607339479,0.342266023159027,0.0748936012387276,0.355509072542191,23.7768704858008,135.485709128426,5727482.0,0.0,4314.636,0.0,124069153118.29285,0.0,1.0,0.0,0.0,13.14,6869838.0,18059.982363236635,0.0,3.0
ARE,United Arab Emirates,2011,100.0,37.42513022326024,0.6501731728273672,0.0354013629257679,0.615,1.027,70.72577633773119,-0.051,60775.516,35.459,32.632846539999996,2.74564242362976,55.7510208781767,0.8773465956851201,0.0,5.796880435777137,81.898,7.85633298787347,0.0,162.894,1.17972038186238,28.5990789001782,0.1159999999999999,0.912,5.22791378416362,0.351,0.3851510070149313,0.692,43.598805948996,0.32845151424408,0.0735959261655808,0.292457938194275,29.7789568323524,144.176786868982,5937227.0,0.0,5024.9580000000005,0.0,188716787871.33612,0.0,1.0,0.0,0.0,13.14,7104538.0,26562.851500173005,0.0,3.0
ARE,United Arab Emirates,2012,100.0,39.91173271165289,0.6277148406900626,0.0361449345946312,0.613,1.0330000000000004,70.89328569463657,0.408,60923.346999999994,37.153,31.56225936,2.77414512634277,55.356407543947,0.6622689002690088,0.0,6.052463171556006,81.913,7.83232838879361,0.0,183.74100000000004,1.14944917707313,27.0648520266069,0.1159999999999999,0.863,8.88766386515465,0.351,-0.08222058767429,0.71,44.015877615363,0.275410026311874,0.0752117857336998,0.247010752558708,28.2144669709365,156.637694501481,6191396.0,0.0,5208.115437,0.0,191879918685.66345,0.0,1.0,0.0,0.0,13.14,7391448.0,25959.719757977524,0.0,3.0
ARE,United Arab Emirates,2013,100.0,36.81278383784566,0.6312916451738122,0.0367341935634613,0.613,1.0330000000000004,71.95735604994354,0.0619999999999999,63006.34900000002,37.744,28.33546102,2.80294370651245,52.9894122214127,1.1011183637571005,0.0,5.834862704777171,81.95,7.69049758836887,0.0,205.105,1.13311451584915,26.2480640478396,0.1159999999999999,0.895,8.38754837231988,0.351,3.1144857252517104,0.702,46.3792961334135,0.294169396162033,0.0842732265591621,0.223244562745094,27.381311403077895,157.398083989641,6458747.0,0.0,5384.997366,0.0,191727875562.14343,0.0,1.0,0.0,0.0,13.14,7693031.0,24922.280381054417,0.0,3.0
ARE,United Arab Emirates,2014,100.0,34.36147643090502,0.6256019408206068,0.0371221415698528,0.613,1.0140000000000002,73.1231500541215,0.145,64605.401,34.039,30.12903332,2.8320415019989,50.7402069875437,2.346268656716429,0.0,5.899627098793649,81.99,7.87817582855572,0.0,204.192,1.02785418598527,22.9458647037024,0.1159999999999999,0.7690000000000001,2.00435018073988,0.351,2.202952402132433,0.7,48.6341910716357,0.2768439352512361,0.0846029967069626,0.269026577472687,23.9739257701595,159.515615057764,6781526.0,0.0,5888.488554,0.0,175568492186.58716,0.0,1.0,0.0,0.0,13.14,8059440.0,21784.20488105714,0.0,3.0
ARE,United Arab Emirates,2015,100.0,28.287791261678496,0.7162837647099085,0.0375821739435196,0.572,1.020999999999999,77.07927136232243,0.205,67908.511,20.683,29.90255983,2.86144089698792,42.1588028480264,4.06996608361593,0.0,5.914049816303681,82.076,8.88504101808103,0.0,206.839,0.944063472144973,13.1025344354216,0.1159999999999999,0.748,-6.15541060879586,0.351,6.3158018060199765,0.7,57.1249133872637,0.310570508241653,0.0940684750676155,0.28510919213295,14.0468089597238,164.286182737903,7172334.0,0.0,6272.77823,0.0,101294783381.21524,0.0,1.0,0.0,0.0,13.14,8505237.0,11909.695565357584,0.0,3.0
ARE,United Arab Emirates,2016,100.0,29.276863646539404,0.7408036203433159,0.0380470529198647,0.449,1.0069999999999988,81.9398711422571,0.141,70253.338,29.723,31.578700410000003,2.89114570617676,39.8749229592768,1.6174880890419807,0.0,6.073049908519344,82.195,9.04122820032871,0.0,220.41200000000003,0.724598673737908,11.0807563620506,0.1159999999999999,0.55,-2.80979291685095,0.351,8.094061567357365,0.7,59.3842734203798,0.322409719228745,0.0929549634456635,0.289275914430618,11.8055195768229,165.39501917458,7550995.0,0.0,6490.916225999999,0.0,86834998559.67853,0.0,1.0,0.0,0.0,13.14,8935095.0,9718.419172899508,0.0,3.0
ARE,United Arab Emirates,2017,100.0,28.979547810302385,0.7537003209217499,0.0382307507097721,0.449,0.9699999999999988,78.1489012109159,0.338,69377.0,27.972,25.51952067,3.11606049537659,41.4122717128473,1.96682557818842,0.0,5.547534293364704,82.388,9.1350639075767,0.0,214.701,0.82907663794894,13.4985731745503,0.1159999999999999,0.6020000000000001,-0.0291046431807195,0.373,2.278668777610754,0.71,57.834027966231,0.348943889141083,0.103660240769386,0.313145965337753,14.3278424370326,165.476542469815,7810843.0,0.0,6479.596644,0.0,101950264849.4078,0.0,1.0,0.0,0.0,13.14,9223225.0,11053.64607817849,0.0,3.0
ARE,United Arab Emirates,2018,100.0,33.560296726036725,0.7056429806230948,0.0378860458731651,0.449,0.957,73.9842900645691,0.343,69819.141,30.461,26.128372282,3.19747185707092,45.7439845434706,3.06863379251997,0.0,6.134571457233751,82.449,8.72303775687487,0.0,214.84200000000004,1.08759822581719,17.0989945007163,0.1159999999999999,0.6890000000000001,3.88032125252154,0.373,2.092182426532302,0.724,53.5503724759063,0.347361654043198,0.104713775217533,0.28066274523735,18.1866824883602,154.747005019293,7931627.0,0.0,6533.683465,0.0,130932843522.23264,0.0,1.0,0.0,0.0,13.14,9346701.0,14008.455338651855,0.0,3.0
ARE,United Arab Emirates,2019,100.0,33.62925020775465,0.7346287699376379,0.0372247099876404,0.448,0.9580000000000002,75.2884988271793,0.333,69576.041,31.039,25.702859869999997,3.23897194862366,43.4669683746299,-1.931081147821729,0.0,6.139165427809234,82.596,8.84290478001298,0.0,209.033,1.21418377523218,15.681591549088,0.1159999999999999,0.667,2.77951779801135,0.373,2.1055641540946723,0.708,55.7984028554324,0.359403789043427,0.106675885617733,0.312234103679657,16.8958990035406,163.822152944853,8031735.0,0.0,6583.792523,0.0,118200996548.47856,0.0,1.0,0.0,0.0,13.14,9445785.0,12513.623436112357,0.0,3.0
AZE,Azerbaijan,1995,99.52113369678936,7.292647193015391,25.3444559002718,0.0479588434100151,0.568,6.7,15.333436352818644,-0.147,3142.3250000000025,17.572,3.679154223999999,2.7624688937523296,30.9963445496298,411.759641777268,1.0,19.85,61.931,11.5334145655638,0.0,0.0760520859999971,5.91670157388794,20.087202730857,0.929,-0.829,-1.2397975442871898,0.661,21.017984953084,0.049,37.9417002530696,0.605134665966034,0.448180019855499,0.0737393796443939,26.0039043047449,85.8937107507733,4020074.0,100873212.20000003,196.0685205,0.0,2388476536.0738873,0.0,1.0,0.0,0.0,5.71,7684850.0,310.803273463228,0.0,0.0
AZE,Azerbaijan,1996,98.87278888342873,2.110499805483169,24.9615750567225,0.0467642843723297,0.618,6.2,17.871737167271657,0.408,3187.366,17.586,6.845366544000001,2.0055831098620445,35.1496743028617,19.7948028061898,1.0,19.85,62.66,10.4296274610261,0.0,0.213860634999996,4.430122861646391,21.6088403332231,0.929,-0.829,-1.92869403229924,0.661,21.017984953084,0.049,30.8497401741931,0.642431735992432,0.425622552633286,0.150155901908875,26.038963194869396,80.8497401741931,4046200.0,174970976.29999995,183.2893989,0.0,2765371345.950696,0.0,1.0,0.0,0.0,5.71,7763000.0,356.2245711645879,0.0,0.0
AZE,Azerbaijan,1997,85.18899225255547,13.8529385750555,20.1279169173289,0.0456423684954643,0.618,6.0,21.677214213228083,0.226,3437.780999999999,17.587,8.699699376,2.3880700087242577,36.9914194345059,3.6743480968473,1.0,19.85,62.953,8.39375613462939,0.0,0.4999961250000098,3.41074027833419,15.0224092579053,0.929,-0.7654999999999998,-0.826906353542983,0.661,21.017984953084,0.049,35.816736852104,0.666559159755707,0.349434077739716,0.196250483393669,18.4331495362395,82.0789665326283,4070174.0,266787194.4,187.1065753,0.0,2491087842.694745,0.0,1.0,0.0,0.0,5.71,7838250.0,317.8117363818129,0.0,0.0
AZE,Azerbaijan,1998,79.01808311724199,6.59640943139356,18.1479974423066,0.045908372849226,0.619,5.9,40.994196502489906,0.249,3608.7180000000008,20.353,9.730838697,2.4222398232928604,34.9561123059931,-0.7726978860331659,1.0,19.85,63.75,8.32412951229437,0.0015755618914685,0.8083475190000016,0.372016698669466,4.8840188982702,0.953,-0.702,1.73245000746947,0.661,21.017984953084,0.045,43.3412776841249,0.693871915340424,0.289047002792358,0.226433947682381,5.26124571558297,77.2278091030634,4072600.0,321227971.7,234.0816164,0.0,2065317928.284724,0.0,1.0,0.0,0.0,5.71,7913000.0,261.0031502950492,0.0,0.0
AZE,Azerbaijan,1999,97.0,13.9059422753881,18.3995125956928,0.0468796789646149,0.624,5.8,32.38551698453996,-0.235,3981.195,18.472,8.879454227,2.412873305359138,39.1035999046383,-8.52517000536064,1.0,19.4833333333333,64.733,6.04222404704511,0.0,4.567083669999995,0.378262974832,17.0099980276687,0.953,-0.766,-0.633163509872584,0.661,16.9546089911586,0.045,39.045323302694,0.694961726665497,0.233260482549667,0.200019493699074,17.3919391279831,69.8259648751026,4071063.0,618051142.8,279.9966301,0.0,3444505848.8951674,0.0,1.0,0.0,0.0,5.71,7982750.0,431.49363927157526,0.0,0.0
AZE,Azerbaijan,2000,98.9,20.3971474436171,16.0848646701003,0.0493613518774509,0.637,5.8,31.824569597466727,-0.175,4187.305,18.384,8.200498934,2.164238476440502,42.5383099128887,1.8050030370435604,1.0,19.6558333333333,65.377,5.29238464636188,0.0,5.142639999999993,2.11438079766029,32.945747625415706,0.958,-0.8299999999999998,0.538964129628452,0.661,6.36757302509518,0.043,35.7855916576588,0.655009627342224,0.188381537795067,0.178771957755089,35.0771900902615,78.5485682796041,4115417.0,535896290.0,281.1869727,0.0,5327539057.808599,0.0,1.0,0.0,0.0,5.71,8048600.0,661.9212108700394,0.0,0.0
AZE,Azerbaijan,2001,98.6,24.2787752103922,14.8374595530138,0.0537749156355858,0.645,5.6,19.66163879001574,-0.658,4414.089,38.549,9.315719074,2.613125470262073,43.4626382722552,1.5471959015227998,1.0,19.7058333333333,66.043,6.187448265482729,0.0,8.846589999999999,4.20455862951384,23.7019953992356,0.958,-1.0075,22.0244238735686,0.661,16.7690790545171,0.043,34.4796448190232,0.633456170558929,0.161704078316689,0.189252853393555,27.9091787893391,78.8151854917601,4149567.0,488207206.5,300.21234250000003,0.0,4744373076.950994,0.0,1.0,0.0,0.0,5.71,8111200.0,584.916298075623,0.0,0.0
AZE,Azerbaijan,2002,100.0,23.4410030031155,13.9546391752577,0.0579028315842152,0.645,5.7,23.88284586174534,-0.4,4785.262999999999,42.532,11.135698759,2.4735061150991866,46.1542268041237,2.7711647199827,1.0,17.3708333333333,66.769,7.43092783505155,0.0002849283215728,9.538640000000008,2.61682450573272,23.2537194764338,0.958,-1.185,19.672370764111,0.661,12.6244058764035,0.043,32.4552577319588,0.62567538022995,0.157040908932686,0.274482309818268,25.8803395854058,92.8181443298969,4185217.0,487639730.2,307.09758899999997,0.0,4890643442.278649,0.0,1.0,0.0,0.0,5.71,8171950.0,598.4671274639039,0.0,0.0
AZE,Azerbaijan,2003,98.8,26.9644741622217,12.4256629119149,0.0631148219108582,0.633,6.0,24.08544770583589,-0.563,5224.138999999999,23.267,13.481923172,2.0493233741447647,48.5398446792136,2.2338649296704993,1.0,15.4566666666667,67.036,8.63639543832645,9.800492137068684e-05,12.5837,2.4361104864402106,23.651013813951195,0.958,-0.948,1.83294168947029,0.661,7.94230043681975,0.043,31.9247183936193,0.629781544208527,0.167938038706779,0.392917662858963,26.088568051437,107.551948506262,4259154.0,487459411.6,326.4989726,0.0,5550365885.296209,0.0,1.0,0.0,0.0,5.71,8234100.0,674.070740614786,0.0,0.0
AZE,Azerbaijan,2004,99.0,29.2746371179366,10.9880190382406,0.0685952454805374,0.674,6.0,24.08798362412276,-0.419,5652.950000000001,25.997,13.071636963,2.0983795585871974,50.7690323790767,6.70893042797784,1.0,15.72,67.488,8.28351035145718,0.0006823087707338,17.156,1.90809402810988,26.8343888172544,0.958,-1.06,1.99040809948524,0.661,5.92029158128701,0.043,31.7987854915477,0.647594094276428,0.153438001871109,0.411893457174301,28.7444372660525,121.507115894117,4342904.0,446885181.2,338.19068849999996,0.0,7206574178.583621,0.0,1.0,0.0,0.0,5.71,8306500.0,867.5825171352099,0.0,0.0
AZE,Azerbaijan,2005,99.1,44.8157743992356,9.14753443801158,0.0730944350361824,0.815,6.2,21.68125622815427,-0.442,7062.1810000000005,25.239,11.120739354,2.1943267792438075,58.7877819924137,9.67950731917057,1.0,17.0283333333333,67.71,6.48752245957277,0.0011478644770012,26.0781,1.14263840609091,37.4466296016638,0.958,-1.125,2.90800545474139,0.661,2.0090364093059296,0.043,25.0852465561988,0.499047547578812,0.104497037827969,0.282199203968048,38.591250620275105,115.841884607706,4405961.0,383127572.2,476.6806027,0.0,14274800962.926449,0.0,1.0,0.0,0.0,5.71,8391850.0,1701.0314725509213,0.0,0.0
AZE,Azerbaijan,2006,99.5,51.2156226178645,7.09103711685568,0.0763116627931595,0.821,6.2,21.589661378668012,-0.648,9378.891,25.962,10.245476595311295,2.2170932342317324,64.9582315349244,8.3289248286321,1.0,17.8633333333333,68.489,5.772903308403841,0.0012116352268805,38.1512,1.8870925892626,39.5813073807196,0.958,-1.093,0.849751705740259,0.661,5.86921103386284,0.043,23.5098313258154,0.423486679792404,0.0894545763731002,0.206843942403793,41.4702603073283,105.262399846369,4467456.0,365276173.0,678.0186848999999,0.0,23976552477.99103,0.0,1.0,0.0,0.0,5.71,8484550.0,2825.90738200506,0.0,0.0
AZE,Azerbaijan,2007,99.5,53.12922471247991,6.54008215652051,0.0776462033390999,0.821,6.3,21.593886855318186,-0.602,11570.746,28.405,8.615980689,2.182672502547627,66.160328626082,16.6997549618244,1.0,19.1308333333333,68.659,4.98404471007211,0.0032336020258694,51.1876,2.27027277147196,36.8683513686981,0.957,-0.626,2.54523396155008,0.661,-1.20386445598547,0.045,21.755963399799,0.382384777069092,0.0793679133057594,0.150085642933846,39.14235964119441,96.6418081486575,4533343.0,345670553.7,896.4885068,0.0,34350739667.83581,0.0,1.0,0.0,0.0,5.71,8581300.0,4002.9762003234723,0.0,0.0
AZE,Azerbaijan,2008,99.7,55.6633105727178,5.57089184098542,0.0768230929970741,0.824,6.0,15.350403906043988,-0.852,12651.511,48.633,9.403522181,2.274558727620615,65.5185214713533,20.8490871772712,1.0,19.7625,69.355,4.705609758528251,0.0048382651286026,73.2222,3.53468638543854,39.5007730331452,0.956,-0.33,17.3422459545255,0.661,-6.41437028522556,0.046,23.658850144006095,0.434978127479553,0.0906377211213112,0.153779104351997,43.040682245059,89.2428968637573,4650150.0,315789574.8,957.799082,0.0,46475098926.324905,0.0,1.0,0.0,0.0,5.71,8763400.0,5303.318224242293,0.0,0.0
AZE,Azerbaijan,2009,99.9,43.5849880346339,6.12193306461806,0.074619859457016,0.838,5.9,24.52143758387717,-1.141,13601.497,40.363,8.116466952,2.051069414192217,56.2619552546943,1.4570483597032098,1.0,20.0291666666667,69.874,5.5258907630296505,0.0128771526846619,85.7487,2.94720896244255,26.6788300895754,0.956,-0.278,6.036131930976219,0.661,48.0000301665622,0.046,31.3211521986433,0.495964080095291,0.112474992871284,0.127280980348587,29.639296394546996,74.7440416836369,4754190.0,302558244.1,1026.080641,0.0,33459765103.64059,0.0,1.0,0.0,0.0,5.71,8947243.0,3739.6732271204205,0.0,0.0
AZE,Azerbaijan,2010,99.9,47.5793632129492,5.54456611326975,0.0725448429584503,0.842,5.9,21.969765998274735,-1.239,14162.525,45.789,8.326507935,2.2958562214810474,59.9948192629224,5.72687224669605,1.0,20.7,70.309,4.80819498410456,0.0949855549611138,99.489,2.27375001160716,25.5154476387508,0.951,-0.239,13.8356717006518,0.661,6.03749019446764,0.045,28.216178028964997,0.471123784780502,0.138675317168236,0.106183864176273,27.8844974121657,74.9859884610856,4824586.0,282350979.1,1025.508314,0.0,42846696380.5039,0.0,1.0,0.0,0.0,5.71,9054332.0,4732.176419033884,0.0,0.0
AZE,Azerbaijan,2011,99.9,50.2299897712447,5.07622595138436,0.0714464038610458,0.858,5.9,21.92956141778821,-0.876,13999.772,44.594,11.471023288,2.289009857231997,61.733996390307595,7.8583333333334,1.0,18.9883333333333,70.565,3.988326101148189,0.1167195494860899,109.334,2.96365565662679,29.79795499798781,0.951,-0.532,10.9345953747949,0.661,-4.509071419504709,0.045,27.712837448638705,0.427962064743042,0.165577843785286,0.103929989039898,32.878647863762,80.5080450059522,4908383.0,264679350.5,927.9158404,0.0,52212170228.64745,0.0,1.0,0.0,0.0,5.71,9173082.0,5691.889621028947,0.0,0.0
AZE,Azerbaijan,2012,100.0,46.926836496291,5.139769507724179,0.0704917684197426,0.858,5.9,25.288627219988353,-0.683,14116.062,40.342,12.783896434,2.3925995008423775,59.5173508549842,1.0662133972030308,1.0,18.3458333333333,71.08,4.236103880446521,0.0878361305997427,107.989,3.10607700286362,25.8177819240506,0.948,-0.716,3.81289695403508,0.661,15.0720533422824,0.046,29.522301196302003,0.459916323423386,0.160021781921387,0.116128712892532,29.011969750391195,78.263069540422,5001842.0,251858474.3,928.7014558,0.0,48783052024.75217,0.0,1.0,0.0,0.0,5.71,9295784.0,5247.868498746547,0.0,0.0
AZE,Azerbaijan,2013,100.0,44.9974327263947,5.366264480423499,0.0689473822712898,0.854,5.8,23.747437633020823,-1.112,14747.223,39.423,14.662832089,2.5502417756017417,57.054415454951695,2.4157174527941905,1.0,18.21,71.485,4.21573682582242,0.0579827506323953,106.583,2.88092982846284,22.5837832214089,0.9469999999999998,-0.413,1.74892523846224,0.651,17.7236085217691,0.031,31.4925578357568,0.477009654045105,0.173632711172104,0.154853045940399,25.5323883349298,74.6758447629851,5102221.0,242453187.9,931.9688775,0.0,47039587393.87106,0.0,1.0,0.0,0.0,5.71,9416801.0,4995.283153362916,0.0,0.0
AZE,Azerbaijan,2014,100.0,41.9491731157453,5.31940671805552,0.0669634565711021,0.885,5.8,23.85147859869523,-1.155,14962.347,39.117,15.447701985,3.000217815315305,53.5868546669355,1.3734418153317591,1.0,17.8575,71.93,4.70701069744349,0.0506031083752945,109.567,2.21091796655308,20.2463063109853,0.9469999999999998,-0.56,2.8914342561249,0.651,19.446380788800504,0.031,34.1869146526,0.505484521389008,0.192026242613792,0.14903961122036,22.5181229967843,69.4832251953347,5209197.0,224366292.7,902.2706776,0.0,40867379680.78129,0.0,1.0,0.0,0.0,5.71,9535079.0,4286.003260254192,0.0,0.0
AZE,Azerbaijan,2015,100.0,29.0508193715189,6.17763883780802,0.0649795606732369,0.885,5.7,27.226943242482584,-0.967,14941.15,33.866,14.033768697,3.436203364801886,44.8913203383597,4.02768573742726,1.0,17.5341666666667,72.349,4.99080544317764,0.0731851344259292,109.682,2.28675308989615,12.069575141696,0.9469999999999998,-0.734,-4.46213417065079,0.651,28.8887719865482,0.032,40.6504229496138,0.602532982826233,0.215244740247726,0.158441781997681,14.4439997922585,72.6015079073189,5322292.0,212814959.2,895.5713519,0.0,21423135393.34231,0.0,1.0,0.0,0.0,5.71,9649341.0,2220.165645855226,0.0,0.0
AZE,Azerbaijan,2016,100.0,24.0451167922668,5.60511177455763,0.0631841197609901,0.896,5.8,32.8688540294339,-0.946,14315.678,34.255,12.522838785,2.2730545899242935,47.5578070076723,12.4433748584372,1.0,16.3752267159245,72.568,4.93006229189146,0.109557378108189,103.248,1.87620937481827,12.7825654497772,0.942,-0.8089999999999999,-0.74278239034062,0.612,1.52395800803738,0.031,39.322666701972,0.62188333272934,0.250195175409317,0.135324910283089,14.7854023448198,90.0773187345677,5440710.0,206457094.3,866.3928698000001,0.0,17371764231.542255,0.0,1.0,0.0,0.0,5.71,9757812.0,1780.2929828472054,0.0,0.0
AZE,Azerbaijan,2017,100.0,30.1662217800014,5.60736901068842,0.0614783875644207,0.902,5.8,22.099603808676,-1.119,14184.792,34.229,12.541094291,2.672125565508566,49.7017251037138,12.9359184187335,1.0,16.5425,72.694,4.699464583765771,0.309498967400041,101.59,2.22236696678728,17.123567860269404,0.944,-0.752,-0.909371661715604,0.635,0.2721378126868305,0.038,38.1231713246647,0.617007315158844,0.240293949842453,0.133578985929489,19.6746501247433,90.4023156823216,5560945.0,218712839.0,810.263332,0.0,19949897585.479755,0.0,1.0,0.0,0.0,5.71,9854033.0,2024.541381734743,0.0,0.0
AZE,Azerbaijan,2018,100.0,33.7690333241531,5.212380762123561,0.0607495307922363,0.865,5.8,20.766485823452,-1.236,14265.254,38.612,12.20746914,2.661160855872756,52.2509114518304,2.26854690373999,1.0,17.4483333333333,73.016,4.620186785197021,0.1527761946551049,102.987,3.27586233997117,24.172410009490697,0.939,-0.7109999999999999,6.10610192178682,0.649,4.69218428014947,0.029,35.2831743494981,0.611694574356079,0.160487085580826,0.130242839455605,27.620932014444897,91.6725765369825,5683974.0,213592206.0,830.5336793,0.0,25672603564.430145,0.0,1.0,0.0,0.0,5.71,9939771.0,2582.8164013466853,0.0,0.0
AZE,Azerbaijan,2019,100.0,29.7183187937011,5.69538024963307,0.0610256567597389,0.873,5.6,23.0018690122863,-0.827,14541.29,41.475,12.423799934,3.13035464819245,48.8232665251868,2.6105718279921497,1.0,17.2812151745262,73.29,5.003528857260779,0.1740934802744389,106.328,2.78333521411986,20.4577104992688,0.924,-0.6929999999999998,9.6478795351871,0.64,17.5417497363129,0.039,36.972533524144,0.60786509513855,0.176496595144272,0.136828944087029,23.4349054129318,85.8181454084561,5827198.0,212368821.7,797.7301285000001,0.0,22104694911.423725,0.0,1.0,0.0,0.0,5.71,10024283.0,2205.114810847192,0.0,0.0
BFA,Burkina Faso,1995,6.625332832336426,10.760259765832853,33.2172170930601,0.0351254194974899,0.71,16.594,6.7851801383330255,-0.82,1049.1100000000006,16.79,9.954690727,1.0493390560150102,19.9448893655573,7.45884497828324,1.0,14.333898921244668,49.554,14.1207630284126,0.0799924681567667,0.0,0.0,0.0,0.545,-0.301,-1.4161291993722798,0.781,7.417782597914922,0.47,39.532823713261,0.780606508255005,0.123116604983807,0.150881052017212,13.843726322489,40.7474714183407,1547056.0,75097475.39999998,0.001361,0.0,18101300.0,0.0,0.0,0.0,1.0,3.43,10386722.0,1.7427346182943955,0.0,1.0
BFA,Burkina Faso,1996,7.122936248779297,12.5210226289673,36.37917326580419,0.0366280376911163,0.71,16.436,6.912335600979674,-0.886,1135.286,18.086,9.748103833,1.0533310174942,18.4922177411329,6.09780439121741,1.0,17.65937135200535,49.693,13.3691843435768,0.1245311706384449,0.0049429399999993,0.0,0.0,0.545,-0.301,-0.8935293695414511,0.781,11.20922043757265,0.47,37.4748721663137,0.837297797203064,0.111938118934631,0.149778112769127,12.8265050804085,38.1802977691941,1632399.0,81270624.89999998,0.000897,0.0,11661000.0,0.0,0.0,0.0,1.0,3.43,10655942.0,1.0943190193790469,0.0,1.0
BFA,Burkina Faso,1997,7.61713981628418,10.637876820930224,33.738778695498596,0.0391916260123253,0.709,16.43,11.5520785082807,-0.463,1176.414000000001,17.383,10.526677951,1.05733823776245,19.6827849656377,2.31869062176683,1.0,14.607848859105037,49.56,14.3566842684005,0.097216174596622,0.013792340000009,0.0,0.0,0.545,-0.2065,-1.91329009306151,0.781,7.618863487965417,0.47,38.3333246970843,0.779390454292297,0.108097329735756,0.160926401615143,12.7584218450444,37.4164187803511,1729152.0,92442511.70000003,0.001089,0.0,11870099.999999998,0.0,0.0,0.0,1.0,3.43,10934223.0,1.0855915413468336,0.0,1.0
BFA,Burkina Faso,1998,8.107264518737793,11.947123261381629,36.5635560806964,0.0424086265265942,0.707,15.934,11.019296830463702,-0.59,1228.1539999999986,17.143,9.918090421,1.06136059761047,17.855937461003002,5.084333441453239,1.0,17.392168049129282,50.163,13.800527058155,0.0677406138689072,0.0243726870000031,0.0,0.0,0.545,-0.112,-1.91513648457833,0.781,10.87948625872896,0.47,37.9875193058709,0.818609178066254,0.110340125858784,0.144943997263908,11.6835551560442,40.9397835752562,1848313.0,112115799.4000001,0.001091,0.0,10353590.0,0.0,0.0,0.0,1.0,3.43,11240664.0,0.9210834875946831,0.0,1.0
BFA,Burkina Faso,1999,6.900000000000006,10.553399830052047,27.252286656753498,0.0438616462051868,0.696,15.636,8.992765854816803,-0.44,1280.215,18.107,8.943495909000001,1.06539833545685,22.4646377615114,-1.0726136275953395,1.0,13.961962062858184,50.463,16.1865910663958,0.0319119656863442,0.0436639039999917,0.0,0.0,0.545,-0.026,-2.63202554138573,0.781,7.263439883120804,0.548,43.9512839598567,0.895678162574768,0.0886716246604919,0.120098307728767,4.63222320225907,35.2548157814824,1988968.0,133598747.10000002,0.000886,0.0,7805660.0,0.0,0.0,0.0,1.0,3.43,11574928.0,0.6743592703125237,0.0,1.0
BFA,Burkina Faso,2000,9.099999999999994,10.553045512382376,24.9140364618327,0.0437544696033001,0.723,15.332,10.336397053519596,-0.228,1266.045000000002,16.799,8.550100999972383,1.06945133209229,21.8707545475914,-0.3042121684868029,1.0,9.072919632307972,50.808,15.3569387785973,0.0381539913096733,0.2116880000000023,0.0,0.0,0.522,0.06,-2.23951596774048,0.781,4.221188621431491,0.569,47.7431323544295,0.865038573741913,0.101910099387169,0.1050841584801669,5.33460866542021,35.1229419704263,2146640.0,124397938.10000002,0.000625,0.0,5331250.0,0.0,0.0,0.0,1.0,3.43,11925546.0,0.4470445210642766,0.0,1.0
BFA,Burkina Faso,2001,9.5,10.345605147457594,26.9204304323679,0.0436651408672333,0.723,14.998,9.708668108289253,-0.362,1309.3489999999983,16.102,7.774617700102667,1.07874643802643,20.6389246484114,5.00743290822373,1.0,12.932981821856044,51.188,14.9412026654593,0.0132398344894726,0.61965,0.0,0.0,0.522,-0.1235,-2.8097887798217,0.781,-2.949643238521052,0.569,46.3932165940742,0.841603755950928,0.113324455916882,0.109181113541126,4.7678329673339,31.658170814851104,2318732.0,128327213.79999997,0.000229,0.0,1845740.0,0.0,0.0,0.0,1.0,3.43,12295001.0,0.1501211752646462,0.0,1.0
BFA,Burkina Faso,2002,9.900000000000006,10.00981636783078,26.372448475120898,0.0433176569640636,0.728,14.727,8.858713851207717,-0.786,1324.9710000000014,15.034,7.697885329127491,1.08812236785889,20.6338145094446,2.1756948066460797,1.0,12.480704813804556,51.447,14.8511840913686,0.0279486868303719,0.875434999999996,0.0,0.0,0.522,-0.307,-3.7654986366862206,0.781,-2.3308674654007273,0.569,46.5996342910245,0.843990743160248,0.11706517636776,0.107592679560184,5.7281615453601,31.312522852796604,2501314.0,139286902.60000002,0.0002089999999999,0.0,1893539.9999990936,0.0,0.0,0.0,1.0,3.43,12680897.0,0.1493222443175032,0.0,1.0
BFA,Burkina Faso,2003,11.400000000000006,8.83163707233908,25.9609768246545,0.0427793227136135,0.731,14.335,11.3534781382915,-1.155,1384.6899999999987,15.809,7.973693676,1.0975795984268202,22.6250739908394,2.0345657405381505,1.0,12.1328211804329,51.959,15.5877482965007,0.0111085881042358,1.8199400000000097,0.0,0.0,0.532,0.0669999999999999,-1.1793439655208695,0.781,6.349188608065166,0.564,44.9144762732164,0.840861916542053,0.115945912897587,0.121302261948586,6.32363457743713,30.368236407732297,2690204.0,138635057.10000002,0.00078,0.0,8112000.0,0.0,0.0,0.0,1.0,3.43,13082532.0,0.6200634556063,0.0,1.0
BFA,Burkina Faso,2004,10.700000000000005,8.695032020939003,23.3814384513092,0.0424485057592392,0.731,13.861,12.9534294603704,-1.196,1402.0090000000018,16.063,8.666692817000001,1.10711920261383,22.6591757180332,-0.4002287021154522,1.0,7.848827069507804,52.6,15.1405667549036,0.0260286434124573,2.932769999999998,0.0,0.0,0.532,-0.081,-3.52873427614818,0.781,3.0729093510437613,0.564,46.4776363991653,0.846015810966492,0.123008631169796,0.120151415467262,5.43726005672726,35.4809436017462,2880908.0,129295847.60000002,0.001008,0.0,11491200.0,0.0,0.0,0.0,1.0,3.43,13500533.0,0.8511663946897504,0.0,1.0
BFA,Burkina Faso,2005,11.099999999999994,5.915337764338091,26.7709190270281,0.0424069613218308,0.731,13.392,13.2962037127745,-1.119,1476.2239999999983,15.327,8.831280104000001,1.11674165725708,20.1658324331189,6.41504018369684,1.0,8.868333333333329,53.271,13.3407610225118,0.0443426028299963,4.5474299999999985,0.0,0.0,0.532,-0.063,-4.32906375626415,0.781,4.94407010067677,0.564,44.5494891325644,0.824992895126343,0.129646897315979,0.137254878878593,6.37352650275332,34.1721697681049,3067572.0,116984320.20000003,0.001397,0.0,16624300.0,0.0,0.0,0.0,1.0,3.43,13932123.0,1.1932352305531613,0.0,1.0
BFA,Burkina Faso,2006,11.599999999999994,6.331826596041282,25.228976164516503,0.0428437367081642,0.733,13.049,14.677884433703298,-1.171,1520.3139999999985,36.224,9.013807387,1.1264476776122998,20.5038527918156,2.3331085637222007,1.0,4.73666666666667,53.784,14.0439735303659,0.131141061007624,7.072670000000002,0.0,0.0,0.532,0.1559999999999999,14.852850037825402,0.781,5.43552158413382,0.563,47.138528226651,0.798936069011688,0.141768097877502,0.125249072909355,6.43344765321295,35.1065423554549,3241678.0,49087067.600000024,0.001571,0.0,24821800.0,0.0,0.0,0.0,1.0,3.43,14373707.0,1.726889242976777,0.0,1.0
BFA,Burkina Faso,2007,12.0,10.1989498013623,21.8394874058463,0.043378010392189,0.731,12.653,12.784558177152796,-0.711,1535.5370000000005,17.824,9.855392875,1.13623821735382,22.5483344043863,-0.2306273062730479,1.0,4.751666666666669,54.377,14.3377242679516,0.0006293095440287,12.540500000000002,0.0,0.0,0.532,0.307,-4.65725049536609,0.781,2.2043767181162597,0.563,48.1789341308636,0.786929547786713,0.149914085865021,0.13853520154953,7.8129241337381,33.7797172895073,3403924.0,52352102.29999995,0.0023499999999999,0.0,39858900.0,0.0,0.0,0.0,1.0,3.43,14816307.0,2.6902047858484575,0.0,1.0
BFA,Burkina Faso,2008,12.5,9.64195628601574,27.314280245881,0.0435873977839947,0.73,12.122,15.090956904862004,-0.988,1577.4739999999983,14.963,9.66718662,1.14611375331879,20.5479237002055,10.6597978997424,1.0,4.98416666666667,55.199,13.0131387415025,0.471558294823088,19.82,0.0,0.0,0.532,0.119,-3.3261934998209206,0.781,-3.825248630071661,0.563,45.0673520982897,0.805525600910187,0.14186780154705,0.16496479511261,8.59697070774107,35.3853169801502,3564805.0,68799240.10000002,0.006833,0.0,128794900.0,0.0,0.0,0.0,1.0,3.43,15258093.0,8.441087624777225,0.0,1.0
BFA,Burkina Faso,2009,12.599999999999994,11.6366972082284,23.2048471286094,0.0441496707499027,0.73,11.71,16.083101798088798,-1.027,1577.2769999999982,17.359,11.065095059,1.15607511997223,22.9558804915607,2.608176663683139,1.0,4.977499999999999,55.791,13.5479824440917,1.45795503529807,24.338700000000003,0.0,0.0,0.532,0.034,-3.78086000054953,0.781,2.51157897500392,0.563,45.889730891061,0.787398755550385,0.150893449783325,0.169295847415924,9.57845327918773,40.2959836735924,3730392.0,200602284.9,0.01394,0.0,289578200.0,0.0,0.0,0.0,1.0,3.43,15710066.0,18.432653306485154,0.0,1.0
BFA,Burkina Faso,2010,13.099999999999994,16.3265497365752,24.1433866229434,0.0455378741025925,0.714,11.334,15.634526298698296,-0.667,1660.9540000000015,17.597,12.001579571,1.16612303256989,26.0555520336446,-0.7642307346767687,1.0,5.11333333333333,56.343,12.1399885526317,4.22402377988937,35.2848,0.0,0.0,0.524,-0.118,-3.63144523226216,0.781,1.2851411688742598,0.561,42.120724852489,0.743312239646912,0.145153179764748,0.18488547205925,11.0860921412972,49.0732385398039,3900977.0,217415936.0,0.027028,0.0,695759500.0,0.0,0.0,0.0,1.0,3.43,16176498.0,43.010514389455615,0.0,1.0
BFA,Burkina Faso,2011,14.799999999999995,18.2315616992441,23.043650452489,0.0471036210656166,0.724,10.905,15.3703421373421,-1.005,1719.1320000000014,18.397,13.031914742,1.17889547348022,28.3722709055706,2.759767248545341,1.0,5.255916666666671,57.001,11.6121572602355,7.06149315713164,46.1058,0.0,0.0,0.529,-0.555,-1.54244925593741,0.781,-1.3885289905265,0.554,40.5626068793802,0.73627632856369,0.149329110980034,0.195285081863403,13.6361933357251,57.4972531038508,4076885.0,232851989.0,0.037189,0.0,1182212400.0000002,0.0,0.0,0.0,1.0,3.43,16661908.0,70.95300250127418,0.0,1.0
BFA,Burkina Faso,2012,15.1,18.531750709899,23.7560050181575,0.0485723651945591,0.716,10.584,16.6424591713295,-0.933,1775.41,19.905,13.976763127,1.1918078660965,26.8675103794383,3.818152402523801,1.0,5.03916666666667,57.457,10.3423290173696,5.10230867157689,58.0942,0.0,0.0,0.531,-0.573,-2.11139175683668,0.781,-0.7416397273680655,0.553,40.3188210511278,0.741340279579163,0.131578400731087,0.204080328345299,12.4016028413011,61.2386079818398,4258760.0,301227736.2,0.034377,0.0,1144496400.0000002,0.0,0.0,0.0,1.0,3.43,17172287.0,66.64787281973567,0.0,1.0
BFA,Burkina Faso,2013,15.4,14.7904312402165,23.6410927919708,0.0499465130269527,0.72,10.277,20.8210379838202,-0.994,1822.5879999999995,21.713,14.304177563,1.20486176013947,24.0957515828697,0.5337385070905363,1.0,5.2875,57.903,10.1697715451051,3.6188959933092,63.5243,0.0,0.0,0.479,-0.7629999999999999,-3.0253988953152207,0.781,7.57802019961703,0.624,41.5589270375237,0.759021699428558,0.134250864386559,0.184674218297005,10.7523406528446,64.0358513024234,4442630.0,303917956.59999996,34.435494000000006,0.0,1111196260.0000002,0.0,0.0,0.0,1.0,3.43,17695409.0,62.79573758368627,0.0,1.0
BFA,Burkina Faso,2014,19.200000000000003,13.9970422796586,23.6937727725999,0.0510278902947903,0.72,9.966,23.4056081561129,-0.966,1845.625,19.19,11.940924691,1.21805846691132,24.9295392471244,-0.2580895175352911,1.0,5.338333333333331,58.331,10.9960425440905,2.78132209742585,68.5396,0.0,0.0,0.437,-0.7869999999999999,-1.0981215228724497,0.781,5.99591815146962,0.679,42.4959291277041,0.765726685523987,0.142767712473869,0.15118633210659,10.3109055603822,58.8235624937426,4626895.0,282947275.1,65.01772,0.0,1128787080.0,0.0,0.0,0.0,1.0,3.43,18229461.0,61.92103430814548,0.0,1.0
BFA,Burkina Faso,2015,16.200000000000003,12.4254039752804,22.6464984902029,0.052055437117815,0.701,9.658,25.037770562270403,-1.189,1861.826000000001,18.269,13.341304663,1.23139977455139,24.3613757844362,0.7248389810705174,1.0,5.15416666666667,58.778,11.6602964471487,2.43619453376634,76.9373,0.0,0.0,0.397,-0.609,-1.4642672844538298,0.773,7.54593907323847,0.706,44.0578267356519,0.776174187660217,0.140346124768257,0.145298272371292,11.6328502278275,59.0891813101662,4811061.0,282957869.6,68.84604,0.0,1040757800.0,0.0,0.0,0.0,1.0,3.43,18777487.0,55.42582987808752,0.0,1.0
BFA,Burkina Faso,2016,16.60000000000001,14.0778151215646,21.7147178290213,0.0532220937311649,0.602,9.366,25.809945602652597,-1.26,1915.6980000000003,18.55,14.270086732,1.24488723278046,24.8815173666488,0.4410414480588098,1.0,5.295,59.173,11.120438157279,3.65447126182336,79.6698,0.0,0.0,0.398,-0.869,-2.22311700502317,0.693,2.6224055219093705,0.71,43.8058266776224,0.759945869445801,0.145447343587875,0.152130991220474,12.6155172354896,57.8931727994406,4992552.0,286054977.7,81.46632,0.0,1177526640.0,0.0,0.0,0.0,1.0,3.43,19334856.0,60.90175380670019,0.0,1.0
BFA,Burkina Faso,2017,16.999999999999993,15.3463650862792,20.5855872188282,0.0545949153602123,0.602,9.077,27.4216018903543,-1.264,1977.0620000000015,19.343,14.923323065999998,1.25852251052856,25.1402372200063,1.4829989716132594,1.0,6.51166666666667,59.578,10.2593862096842,4.18031048444882,90.2081,0.0,0.0,0.391,-0.928,-6.0696128845346,0.781,5.02421161425245,0.714,43.9679835884394,0.738845884799957,0.160355880856514,0.167011693120003,12.3099089646115,59.2687802020168,5167968.0,284059238.3,92.784436,0.0,1445498240.0,0.0,0.0,0.0,1.0,3.43,19894407.0,72.65852357398741,0.0,1.0
BFA,Burkina Faso,2018,14.400000000000006,17.6662375534792,20.9974732840091,0.0560783259570599,0.612,8.778,27.149713713934904,-1.014,2050.084999999999,19.757,17.101493718,1.27230703830719,25.5894433780973,1.95594302672532,1.0,6.76333333333333,59.972,10.5252036549404,3.6524814575751297,94.622,0.0,0.0,0.402,-1.06,-3.33385520480034,0.727,5.62891377347395,0.728,43.5508126426667,0.712088048458099,0.16376519203186,0.165798008441925,8.87619594401664,60.5956256236488,5330964.0,268945710.4,99.222898,0.0,1604728240.0,0.0,0.0,0.0,1.0,3.43,20438288.0,78.51578566658812,0.0,1.0
BFA,Burkina Faso,2019,17.6,17.8040627152272,18.2205245524421,0.0577257759869099,0.612,8.564,28.3478578876958,-0.884,2104.8729999999996,20.038,18.947302979,1.28624248504639,27.4259133812459,-3.2333893398332183,1.0,6.688333333333329,60.184,10.4105983913211,3.4382346066714504,97.1499,0.0,0.0,0.453,-1.302,-2.14502918137533,0.758,6.1439206172505,0.693,45.3162521473929,0.694175064563751,0.183336019515991,0.152969121932983,8.32797318460633,60.4086928753226,5474995.0,309646452.99999994,95.6702,0.0,1642729450.0,0.0,0.0,0.0,1.0,3.43,20961952.0,78.36719834107052,0.0,1.0
BHR,Bahrain,1995,100.0,18.8290060636952,2.18410377641678,0.0315550304949284,0.301,2.904,37.8992052283149,-0.411,46756.829,21.977,16.085163979,2.23690319061279,44.97841942123131,2.7040347506470397,0.0,11.7018558077437,73.361,15.11864751305962,0.0,4.502931799999999,3.71221281533309,15.2459702602519,0.4684764683141595,-0.308,-3.21784356594279,0.762,10.4967021438002,0.195,52.5702929774208,0.490599364042282,0.193293482065201,0.229074403643608,18.958919570053,134.086732319169,493152.0,0.0,493.6694625302176,0.0,1425547013.520277,0.0,0.0,1.0,0.0,7.54,558879.0,2550.725673214197,0.0,3.0
BHR,Bahrain,1996,100.0,18.6850421194405,0.8460509863708161,0.031376875936985,0.301,2.846,36.5960610954508,-0.105,47021.612,23.894,15.901762306999998,2.25751900672913,46.14903678177433,-0.4522273825303475,0.0,12.320347129506,73.61,15.170236710017946,0.0,6.334195172000001,4.023642541484431,18.4494024419669,0.3920757106249862,-0.308,0.961629789266354,0.762,12.0998245722299,0.195,52.57780160345293,0.523209273815155,0.202291294932365,0.220334023237228,22.4740735880541,144.333450490306,505752.0,0.0,500.1249355358582,0.0,1338428794.9680767,0.0,0.0,1.0,0.0,7.54,573792.0,2332.6027462357033,0.0,3.0
BHR,Bahrain,1997,100.0,17.6209068576573,1.677926093416433,0.0310674663633108,0.301,2.7959999999999994,39.5763886005707,-0.143,46873.72,25.647,18.555104279,2.27832508087158,44.25628753424808,2.4315513395592596,0.0,12.1966488651535,73.872,15.115152064605896,0.0,8.970155154000004,4.504202431602821,16.418731399958,0.5528060577544607,-0.235,-5.637059029527351,0.762,11.1609435676703,0.195,53.14753064611524,0.453173279762268,0.177697002887726,0.241509452462196,20.9239457699085,130.672449001883,518680.0,0.0,528.8755157131346,0.0,1378145654.9336946,0.0,0.0,1.0,0.0,7.54,589115.0,2339.3491167831316,0.0,3.0
BHR,Bahrain,1998,100.0,9.08900886642651,6.643064702862877,0.0306384842842817,0.301,2.748,44.0355640323323,-0.011,47868.80100000001,21.064,17.325145088,2.29932284355164,41.260638692486715,-0.3665338645417737,0.0,11.7958664886515,74.138,14.872092408556083,0.0,13.689991140000004,4.51744251842113,10.6376958646887,0.5690372597204517,-0.162,-4.61249627979386,0.762,20.2848647143456,0.195,51.95842375351219,0.490477412939072,0.199901640415192,0.270364314317703,15.1566374540832,113.001418957352,531983.0,0.0,539.3821337630943,0.0,1061940036.4811772,0.0,0.0,1.0,0.0,7.54,604842.0,1755.7313091372246,0.0,3.0
BHR,Bahrain,1999,100.0,7.668859040885241,0.8898766919551999,0.0302417799830437,0.301,2.7010000000000005,46.0132820650577,-0.124,49408.685,23.164,13.120894572,2.32051396369934,48.454965280417625,-1.2875879718490992,0.0,11.7340173564753,74.405,14.757781930115469,0.0,19.283577,4.13601981051486,14.7940799756461,0.2279491702327488,-0.0529999999999999,-3.82653600616656,0.762,8.84267997634557,0.2249999999999999,50.3744651653505,0.419191807508469,0.183351621031761,0.199609741568565,18.9307099565332,124.735737154328,545736.0,0.0,540.3342328767123,0.0,1179090928.8568945,0.0,0.0,1.0,0.0,7.54,620989.0,1898.7307808300864,0.0,3.0
BHR,Bahrain,2000,100.0,26.3842732846557,0.5431805522655111,0.030481094494462,0.301,2.646,40.5117896497586,-0.326,51500.172999999995,30.734,15.468327367,2.34190058708191,51.863702654201695,-0.7048529530907892,0.0,11.6028971962617,74.673,13.139709994346507,0.0,30.7247,3.90509019196928,18.711078045797,0.3942715531014822,0.0559999999999999,8.65873493576474,0.762,-2.3789073277779007,0.2249999999999999,47.20523618263674,0.352048844099045,0.141219034790993,0.197304502129555,22.6166110930815,135.809135327865,560024.0,0.0,546.7092328767123,0.0,1502755604.877399,0.0,0.0,1.0,0.0,7.54,637582.0,2356.9605241010554,0.0,3.0
BHR,Bahrain,2001,100.0,18.9176846854712,0.3857988698410057,0.0309498813003302,0.301,2.5280000000000005,41.8156768047881,-0.192,50888.649,28.393,13.667156435,2.33037757873535,50.25556039357414,-1.2075718015665906,0.0,10.6924779706275,74.942,13.546842406086933,0.0,42.8008,4.598528385325051,15.0074471454831,0.3963852425002975,0.1735,2.13081994912753,0.762,14.5455953860328,0.2249999999999999,48.32899234684427,0.401743829250336,0.159385979175568,0.223927363753319,19.6064806102315,127.026266277537,580897.9999999963,0.0,559.5117824335214,0.0,1323110916.5458574,0.0,0.0,1.0,0.0,7.54,661316.0,2000.7241871448105,0.0,3.0
BHR,Bahrain,2002,100.0,24.1492319931759,0.2889947660402683,0.0315385162830353,0.243,2.434,44.5383071446789,-0.288,48948.387,28.468,17.986924114,2.31891107559204,44.22777709409505,-0.4955401387511546,0.0,8.40653404539386,75.209,14.787480297119412,0.0,51.7138,3.81848759632743,14.4906538546743,0.5528091274905336,0.291,-2.31620071509628,0.762,4.82736149717816,0.244,54.19169434306836,0.433611273765564,0.188176453113556,0.258961409330368,18.3096740288898,131.133634216392,626301.0,0.0,554.6752328767124,0.0,1272137685.1271417,0.0,0.0,1.0,0.0,7.54,710553.0,1790.3487637475905,0.0,3.0
BHR,Bahrain,2003,100.0,26.7376693378017,0.2874495881099879,0.0324530713260174,0.309,2.37,42.1254859958743,0.017,48357.607,27.509,19.497960553,2.30750107765198,44.21618572795569,1.5936254980078708,0.0,8.295205607476642,75.486,14.78023184200798,0.0,54.6188,3.26282991909153,14.9880274040125,0.5528113614773863,0.4839999999999999,-0.566675102929015,0.762,-0.2830279994115479,0.244,54.193314588322366,0.383153408765793,0.188467442989349,0.283185631036758,18.2515226696453,128.091582155216,679140.0,0.0,563.6712328767123,0.0,1375565720.8848264,0.0,0.0,1.0,0.0,7.54,764517.0,1799.2611294252795,0.0,3.0
BHR,Bahrain,2004,100.0,25.2072437344681,0.2776745238223839,0.0331011116504669,0.309,2.3130000000000006,43.9429196313401,-0.154,48013.993,26.302,17.617092541,2.29614734649658,44.6952680029093,2.352941176470619,0.0,7.904319092122829,75.787,14.901409435615973,0.0,74.5619,2.89392654797881,16.6530213443367,0.5528282247915968,0.313,1.1271479918610403,0.762,-2.7810921629047893,0.244,53.78445901493031,0.364795982837677,0.187982991337776,0.331091642379761,19.5474993928405,140.737310039923,740188.0,0.0,567.610797743755,0.0,1720393746.3761902,0.0,1.0,0.0,0.0,7.54,823741.0,2088.5129505223003,0.0,3.0
BHR,Bahrain,2005,100.0,36.9197054931944,0.2739816973530633,0.0337049327790737,0.428,2.258,43.6843509050045,0.298,47510.515,27.837,21.584413856,2.28484916687012,46.03834523188621,2.5862068965517295,0.0,7.821853582554521,76.125,14.525515803924396,0.0,82.2539,3.45660209335522,20.0931217396654,0.553,0.014,3.78453747723602,0.762,-5.199029687030391,0.257,52.49118470775773,0.304995059967041,0.171103805303574,0.380508214235306,23.550178255666403,148.313525108923,810323.0,0.0,786.6912707493956,0.0,2425724965.9533644,0.0,0.0,1.0,0.0,7.54,888822.0,2729.1459549306433,0.0,3.0
BHR,Bahrain,2006,100.0,43.1052781546399,0.2687635010542148,0.0339364409446716,0.424,2.2029999999999994,44.8777557241595,0.23,46811.959,26.453,25.200521635,2.28080487251282,45.2834880040933,2.0074696545284905,0.0,7.97523943035158,76.51,13.2467349546336,0.0,91.2343,3.564943452881,20.367061471308197,0.553,-0.365,3.25807443135726,0.762,-0.7967461244169982,0.257,53.4635279305642,0.281392872333527,0.150080904364586,0.39324626326561,23.9324887044813,147.104181068989,890492.0,0.0,908.4526293311844,0.0,3218551995.75813,0.0,0.0,1.0,0.0,7.54,960424.0,3351.1782251985896,0.0,3.0
BHR,Bahrain,2007,100.0,48.7592102131327,0.2922716902801294,0.0340515971183777,0.385,2.151,53.1180542636418,0.439,46847.329,24.937,32.044203829,2.27676749229431,45.9178652906561,3.25666666666703,0.0,8.266342679127717,76.952,14.4669591015461,0.0,105.539,3.2849174428085,18.9906048191926,0.553,-0.248,2.29522755002098,0.762,-0.1561195044550158,0.24,52.8099940272787,0.275896549224854,0.140182837843895,0.435156434774399,22.275906128542395,137.785050572304,981723.0,0.0,912.0957316680098,0.0,3682976294.678734,0.0,1.0,0.0,0.0,7.54,1039295.0,3543.725597331589,0.0,3.0
BHR,Bahrain,2008,100.0,45.3555864012965,0.264810236570705,0.0349159017205238,0.385,2.103,64.2133791234367,0.357,46748.225,27.903,35.770748587,2.27273750305176,50.4076629462208,3.52600316363721,0.0,8.2234606141522,77.457,15.0965626389995,0.0,128.559,3.13396671097874,21.681576876821097,0.553,-0.237,4.61505102671281,0.762,-2.82101965375419,0.24,48.3070764329234,0.270790189504623,0.109339214861393,0.375195920467377,24.816118203270797,145.882511145821,1063176.0,0.0,916.5411587429492,0.0,4073392817.793625,0.0,1.0,0.0,0.0,7.54,1103496.0,3691.3525901259495,0.0,3.0
BHR,Bahrain,2009,100.0,31.9261390158899,0.3372843565683485,0.0352335534989834,0.385,2.058,71.4372673126356,0.305,45010.86,20.052,24.528261329000003,2.268714427948,43.0997000499723,2.7955128355041197,0.0,7.94142857142857,78.016,13.9817061788314,0.0,118.44899999999998,3.64045864499061,14.4351176966592,0.553,-0.137,-4.80243665660408,0.762,24.061967438179195,0.24,55.5964970660087,0.371103793382645,0.142085656523705,0.296288967132568,18.0762091411409,117.963725409489,1158709.0000000035,0.0,891.8377921031426,0.0,2580165213.3848596,0.0,1.0,0.0,0.0,7.54,1178415.0,2189.5216993884665,0.0,3.0
BHR,Bahrain,2010,100.0,33.3532134517374,0.2855427842901861,0.0348628163337708,0.406,2.077,64.9376677365426,0.418,44826.715,22.713,26.96165051,2.26469850540161,43.9268581860394,1.961884683346231,0.0,7.247499999999999,78.593,14.5894702377704,0.0,129.158,3.1458020023521,17.3156329535965,0.553,-0.493,-8.38980569597333,0.762,-4.2492460256505,0.24,54.7856196764576,0.419015377759933,0.13375361263752,0.311593651771545,20.4621165633706,115.561486449616,1228543.0,0.0,895.0392425463336,0.0,3313988583.9338484,0.0,1.0,0.0,0.0,7.54,1228543.0,2697.494987097601,0.0,3.0
BHR,Bahrain,2011,100.0,30.925185547498,0.2798739678091593,0.0343844369053841,0.431,2.061,66.9065925077703,0.257,47228.895,26.265,23.135830606,2.30664491653442,48.2947958378082,-0.4000406974880786,0.0,6.79083333333333,79.141,15.0474932254141,0.0,140.351,3.59618035200711,23.398055951889596,0.553,-0.9509999999999998,-3.8843355621878897,0.705,-2.46162141459636,0.148,50.6068677586612,0.458886802196503,0.147235751152039,0.255119293928146,26.9949431372074,167.529641035854,1195020.0,0.0,937.2729331184528,0.0,4808433160.893994,0.0,1.0,0.0,0.0,7.54,1195020.0,4023.726097382466,0.0,3.0
BHR,Bahrain,2012,100.0,37.7674554850156,0.2651802593391377,0.0337720587849617,0.473,2.022,66.5172271480683,0.327,48424.648,26.348,24.499494717,2.34936833381653,46.3397302766462,2.7573966996297905,0.0,6.035,79.622,14.7645578720345,0.0,174.62,3.48743064000799,20.0940234657871,0.555,-1.13,-4.51683550739169,0.705,3.01266280675138,0.142,52.4449503421466,0.39632773399353,0.174941867589951,0.274634212255478,23.5822213574272,178.824020821684,1208964.0,0.0,948.91965914585,0.0,4675616291.372168,0.0,1.0,0.0,0.0,7.54,1208964.0,3867.457005644641,0.0,3.0
BHR,Bahrain,2013,100.0,34.6180531198843,0.2642800472102777,0.0333909839391708,0.473,1.984,66.9876399343585,0.527,49245.997,24.33,27.172762819,2.39288306236267,46.6971284608616,3.30001156888442,0.0,5.934999999999999,79.998,14.6994276422304,0.0,175.802,3.66701220157543,20.8660137007827,0.555,-1.335,-7.04379806834167,0.705,5.40813959591411,0.149,52.1331512230717,0.420283287763596,0.176416233181953,0.257891058921814,24.5336335455131,184.58950884485,1253191.0,0.0,973.054552780016,0.0,4546633971.087509,0.0,1.0,0.0,0.0,7.54,1253191.0,3628.045502311706,0.0,3.0
BHR,Bahrain,2014,100.0,33.0215914971106,0.2879657836990716,0.0338159911334515,0.477,2.0649999999999995,61.3347998045045,0.492,48989.608,24.96,27.567544420999997,2.43720364570618,45.3135767644884,2.64755321246189,0.0,5.868333333333329,80.214,14.8385364760484,0.0,177.4,3.53944248592437,18.8709266924557,0.555,-0.907,-1.58887235199591,0.705,7.41558701492672,0.161,53.7209538895267,0.401483327150345,0.186466172337532,0.277308881282806,22.4113282575127,168.57585814186,1314562.0,0.0,993.3528662369056,0.0,4444419406.798019,0.0,1.0,0.0,0.0,7.54,1314562.0,3380.9127350387575,0.0,3.0
BHR,Bahrain,2015,100.0,24.9967901557324,0.3019112322099708,0.0340271443128586,0.511,2.0839999999999996,70.5500803025,0.237,48164.149999999994,18.21,24.51476747,2.48234534263611,39.0907990671172,1.84862742374977,0.0,5.160833333333329,80.338,17.1732865801602,0.0,183.92,2.8089852552925,9.82474436918962,0.555,-1.068,-15.2669928278423,0.705,15.2531776895774,0.166,59.7147216888712,0.425592392683029,0.194443210959435,0.25973504781723,12.6346752292951,147.916060172904,1370322.0,0.0,1024.2409049153907,0.0,2896708918.865059,0.0,1.0,0.0,0.0,7.54,1370322.0,2113.8892310457386,0.0,3.0
BHR,Bahrain,2016,100.0,26.4175968196413,0.3159966846249471,0.0334919728338718,0.511,1.9830000000000003,67.96397101789859,0.233,48006.927,17.552,26.222010802,2.52832293510437,38.2033398636175,2.7867934760204403,0.0,6.118464100533737,80.407,17.8416468874405,0.0,209.48900000000003,2.01829730710093,7.62960432748572,0.555,-0.7929999999999999,-13.7233341090662,0.705,10.866658011314502,0.174,60.7104509663565,0.400207668542862,0.187539666891098,0.302964568138123,9.6486154919148,132.822997902774,1423726.0,0.0,1033.1645608380338,0.0,2453915890.1255217,0.0,1.0,0.0,0.0,7.54,1423726.0,1723.5871861056985,0.0,3.0
BHR,Bahrain,2017,100.0,30.5703798958382,0.2770746464546079,0.0334641598165035,0.506,1.987,67.23670242858874,0.698,47486.023,18.151,27.906803691,2.5783224105835,39.9934662996166,1.3867183057640595,0.0,6.413641636206444,80.407,18.1844891096654,0.0,159.547,2.22156526267298,8.93795259727704,0.555,-0.959,-9.88662239616842,0.705,9.323133689003622,0.174,58.8266074582833,0.360297113656998,0.182806059718132,0.348499715328217,11.1603274625829,136.429239810394,1501116.0,0.0,1037.5631394037066,0.0,2844070440.9073205,0.0,1.0,0.0,0.0,7.54,1501116.0,1894.6373504161706,0.0,3.0
BHR,Bahrain,2018,100.0,30.4993672299561,0.2751123168046376,0.0339781008660793,0.577,2.035,66.85753844261725,0.54,48424.429,21.765,30.024682369,2.71675133705139,41.4758871750475,2.08766938046978,0.0,6.492000944929211,80.412,17.1706919683066,0.0,139.735,3.36088505657664,11.3900811220261,0.552,-0.8459999999999999,-7.00688014925386,0.705,8.962528476748858,0.17,57.2061547726912,0.369435161352158,0.189422205090523,0.32632452249527,14.7513564173951,144.075372574535,1503091.0,0.0,1066.882627719581,0.0,3471947065.498396,0.0,1.0,0.0,0.0,7.54,1503091.0,2309.8715017909067,0.0,3.0
BHR,Bahrain,2019,100.0,30.4993672299561,0.2686743819042601,0.034354455769062,0.551,2.104,66.35311041483614,0.492,50118.484,23.717,29.502196808999997,2.75606608390808,40.6177669647554,1.0058200470213698,0.0,6.851256996769733,80.471,17.0407022619674,0.0,129.143,3.51507642806904,9.8481886760226,0.552,-0.627,-4.16579999943012,0.763,6.533255934804037,0.195,56.3995265649658,0.352295875549316,0.187141761183739,0.312578678131104,13.3637839937888,135.417543398211,1483756.0,0.0,1429.025950846092,0.0,3752042617.835423,0.0,0.0,1.0,0.0,7.54,1483756.0,2528.7463827175243,0.0,3.0
BOL,Bolivia,1995,64.0915298461914,11.52328236385,14.8592991083324,0.0495905242860317,0.552,10.517,48.2018453881021,-0.565,5087.435000000001,23.964,10.865996741,2.32242250442505,29.1427574218391,10.1932067630745,1.0,51.0175,59.787,16.7294171064214,2.04389063801456,0.0921893240000031,0.448012489750806,1.6753909346087092,0.694,-0.135,1.11159261648011,0.669,35.5300943196571,0.468,46.7308234317658,0.665896534919739,0.299153715372086,0.0905692055821419,5.11080000814782,49.737987097898,4676865.0,267762932.2,205.95584290297847,0.0,940429613.6806636,0.0,0.0,0.0,0.0,0.0,7874676.0,119.4245469503334,0.0,0.0
BOL,Bolivia,1996,71.0,12.4187513817631,14.1846793837749,0.0505876988172531,0.552,10.344,52.7372304538668,-0.676,5205.619999999997,24.148,11.94833816,2.35512590408325,27.9548862100277,12.4254866180049,1.0,55.9666666666667,60.287,16.4255252549623,1.46212762695585,0.4180556480000064,0.405157180948825,2.08266621438735,0.694,-0.135,0.863432766838399,0.669,39.77986870846,0.468,47.5103918978719,0.644768536090851,0.297642678022385,0.0952368825674057,4.73280305606934,49.8562913723023,4806644.0,276121398.6,203.02093190433484,0.0,959861909.5977472,0.0,0.0,0.0,0.0,0.0,8021736.0,119.6576289219375,0.0,0.0
BOL,Bolivia,1997,67.330431,12.9020437810914,14.9182592343414,0.0527035258710384,0.555,10.179,58.2754233787146,-0.797,5357.025,24.999,15.042380913,2.38829016685486,26.4351094914312,4.70844436028193,1.0,50.05,60.745,14.5202255849151,1.26953717155461,1.4553763880000048,0.385551525773547,1.6455708871686796,0.716,-0.188,-1.0069307300063095,0.669,41.9515996899942,0.464,49.2203470032769,0.674142897129059,0.278234630823135,0.125534042716026,4.01382529219893,50.4696628058748,4935367.0,248140560.0,216.74843585913985,0.0,960034822.6407254,0.0,0.0,0.0,0.0,0.0,8167900.0,117.53753383865197,0.0,0.0
BOL,Bolivia,1998,71.2,13.071648734362,12.6254313762121,0.0554867498576641,0.567,10.011,64.0518430826259,-0.547,5517.513999999999,24.873,20.151639452,2.42192125320435,26.1333943093732,7.67322895675083,1.0,39.4116666666667,61.227,13.992064260063,0.169697256119387,2.8873425709999907,0.264054370006603,1.24033297671521,0.716,-0.241,-2.99693496082084,0.669,30.229051182493997,0.464,51.7171694015191,0.699279725551605,0.257866114377975,0.162177905440331,2.2359480639886105,52.2811629581228,5063678.0,264183043.0,212.98004473653788,0.0,800574919.1861577,0.0,0.0,0.0,0.0,0.0,8313394.0,96.2994078214214,0.0,0.0
BOL,Bolivia,1999,70.929888,10.9159671187422,13.2579915795139,0.0570687465369701,0.567,9.88,64.4499926981327,-0.58,5435.123,25.528,18.179106515,2.45602583885193,25.1438963960235,2.159516268355979,1.0,35.3691666666667,61.655,13.594130404228,0.211120591313388,4.980938617,0.320800790853637,1.83148099301924,0.716,-0.239,-1.8431334880386,0.669,32.1815221664532,0.464,54.2201173752696,0.729462862014771,0.245752811431885,0.136592507362366,2.77497627522259,44.1682564870165,5193104.0,283651143.6,199.59628017216133,0.0,808604759.9134424,0.0,0.0,0.0,0.0,0.0,8459806.0,95.58195068698294,0.0,0.0
BOL,Bolivia,2000,70.0,11.3190374089697,12.9658118842238,0.057603545486927,0.567,9.745,58.7218026947676,-0.572,5407.991,25.586,16.339116761,2.4906108379364,25.7390221812353,4.60822998872598,1.0,34.5958333333333,62.057,13.2411058398516,0.278147845667971,6.769669999999998,0.772562074092428,3.20071915897547,0.716,-0.237,-1.4522496744554698,0.669,27.948395718594796,0.464,52.1618196573823,0.750764012336731,0.231701254844666,0.133194074034691,4.61282788346862,45.5977750218555,5323763.0,254673303.1,202.2274006115585,0.0,972407689.3382186,0.0,1.0,0.0,0.0,0.0,8606326.0,112.98755001126132,0.0,0.0
BOL,Bolivia,2001,69.3,11.5559370679501,13.2556536661742,0.0568643026053906,0.567,9.563,53.5566000288069,-0.831,5396.623,25.135,13.25419888,2.51987934112549,25.4206764753126,1.5896537787956806,1.0,20.0570612222166,62.538,13.3447719203847,0.121156626329288,8.91055,1.10433905071583,2.70191454521148,0.716,-0.262,-4.21784679465597,0.669,17.8530979126692,0.464,52.653776599304,0.744637608528137,0.21409960091114,0.111089579761028,4.33368686543391,45.2278224315522,5456235.0,240714064.2,194.9261504836963,0.0,845505259.0330662,0.0,1.0,0.0,0.0,0.0,8752736.0,96.59896734381869,0.0,0.0
BOL,Bolivia,2002,64.0,12.6239440525093,12.955118631021,0.0554061084985733,0.51,9.356,51.001676850074,-0.912,5429.626,24.505,15.088803894,2.54949164390564,25.4735692447779,0.9282588516110692,1.0,20.6324567427484,63.068,13.0354217893501,0.2246899170536309,11.497700000000002,1.10088698094808,3.20143436722118,0.723,-0.287,-6.19210172152855,0.669,17.3230579080153,0.457,52.2995520552759,0.736911058425903,0.198000252246857,0.131720945239067,4.94485124710044,49.3502603725957,5591093.0,231620062.9,195.29499877862472,0.0,826242994.5981308,0.0,1.0,0.0,0.0,0.0,8900355.0,92.83258865496161,0.0,0.0
BOL,Bolivia,2003,72.3,15.0477204810069,13.4272369562791,0.0546076819300652,0.481,9.148,47.880519858362,-0.717,5476.696000000002,24.114,11.573459559,2.57307386398315,25.5964904919612,3.3372749967153403,1.0,17.6632890518186,63.455,12.7844476107651,0.23473798970115,14.129800000000005,1.02122652481984,3.57840976144804,0.717,-0.835,-5.05949028619388,0.669,10.6586077125964,0.469,51.2880547650981,0.731225669384003,0.189100325107574,0.113496191799641,5.31627802754268,51.967836443987,5728357.0,318333409.2,202.47535423581465,0.0,952484678.7744408,0.0,1.0,0.0,0.0,0.0,9050700.0,105.23878581484756,0.0,0.0
BOL,Bolivia,2004,75.9,17.828431371046,13.3223836388477,0.0540705099701881,0.481,8.964,42.6507012903778,-1.047,5604.611000000001,26.801,10.387727529,2.59339308738709,26.8396494762825,4.43738080101725,1.0,14.4698833333333,63.819,12.5074546204993,0.56359830222864,19.5647,1.31796776619707,5.08868092656529,0.668,-0.681,-2.61621599372377,0.669,6.02233191168458,0.456,49.2849694922866,0.724796175956726,0.175741627812386,0.0983544141054153,7.4299811875095,57.4642660901316,5868328.0,348459724.7,213.5999569937488,0.0,1387898590.7516935,0.0,1.0,0.0,0.0,0.0,9204287.0,150.78827841327563,0.0,0.0
BOL,Bolivia,2005,68.3,20.6982800939157,11.7927215329112,0.0537619031965733,0.366,8.79,39.7951588996808,-0.915,5750.965,30.938,10.570952882,2.61387252807617,26.2692194219914,5.393231068906629,1.0,16.6150416666667,64.182,11.6269448883483,0.913753281667752,25.867599999999996,2.83615706373774,7.33080300030145,0.671,-0.971,0.756049880974343,0.669,10.0756689351212,0.455,46.8201969433938,0.724742531776428,0.167785853147507,0.121265821158886,11.5452208680479,67.6419413613743,6010850.0,281990683.2,227.98932543433716,0.0,1818684395.682201,0.0,1.0,0.0,0.0,0.0,9360754.0,194.28823743068142,0.0,0.0
BOL,Bolivia,2006,76.2,27.5374538756841,10.9375480546288,0.0538775213062763,0.301,8.648,35.1778876648113,-0.893,5924.145,34.304,10.765977057,2.63451361656189,27.652247464959,4.28239604802561,1.0,11.8912833333333,64.529,11.3316028641399,3.5767062406323102,30.2062,3.55806070652127,6.90511113358437,0.698,-0.8029999999999999,6.9965214610416995,0.669,-1.5593338295826698,0.403,43.1317849879713,0.732664048671722,0.156229868531227,0.111868895590305,14.6334565247073,74.537848431547,6157023.0,54704497.20000005,241.54344364961136,0.0,2391440300.110716,0.0,1.0,0.0,0.0,0.0,9521689.0,251.15715290750578,0.0,0.0
BOL,Bolivia,2007,80.2,29.7456870145333,10.011155665672,0.0541573204100132,0.301,8.465,34.3464279647996,-1.074,6090.762999999999,31.113,11.027362928326044,2.65531778335571,28.2897904061027,8.70560923578869,1.0,12.8608083333333,64.939,11.414916152174,4.52067350442681,33.5993,3.98560882647042,4.87482833139779,0.698,-0.8519999999999999,0.999068121851212,0.669,5.11062966265615,0.403,42.5095719427825,0.743007957935333,0.145486623048782,0.12141190469265,13.9849345825977,76.0619114476148,6306212.0,42197415.79999995,295.00958042956245,0.0,2783891455.8535676,0.0,1.0,0.0,0.0,0.0,9685960.0,287.41513033850725,0.0,0.0
BOL,Bolivia,2008,84.7,29.9465759357784,10.4424041155226,0.0547023415565491,0.301,8.313,31.4948343659664,-0.895,6358.720000000001,38.86,12.304827476,2.67628622055054,29.7366397824222,14.0068107702519,1.0,13.8733333333333,65.299,11.1684738555863,3.4625264504346305,51.1488,3.64008440973696,5.13358898631882,0.698,-0.6969999999999998,5.50490300370719,0.669,3.16372004257659,0.399,40.496023654551,0.72250097990036,0.128360763192177,0.147929191589355,12.7766867611472,82.8670208961798,6456728.0,41129829.79999995,519.4078975549121,0.0,3504670333.4372663,0.0,1.0,0.0,0.0,0.0,9850858.0,355.7731045800545,0.0,0.0
BOL,Bolivia,2009,86.8,23.8257218528247,11.1524074497311,0.0554529130458832,0.301,8.172,34.0214297799199,-0.95,6465.642,35.834,12.249519250564475,2.69742035865784,29.2286844945559,3.3464542014201406,1.0,12.359625,65.656,11.616725705404,1.63166193147975,64.5389,3.30564306364059,1.99901854108232,0.698,-0.506,4.27527941936082,0.669,15.1460374289771,0.383,43.5085261772037,0.736001074314117,0.122682549059391,0.151744499802589,7.44851742232197,68.6270739127592,6608557.0,257306771.90000004,563.8058357693254,0.0,2583323283.5978785,0.0,0.0,0.0,0.0,0.0,10016275.0,257.91257564292897,0.0,0.0
BOL,Bolivia,2010,88.0,26.0265880438812,10.3899057010594,0.0561688803136349,0.297,8.036,36.029022193555,-0.893,6625.064,33.123,12.573902416,2.71872138977051,30.1439417460822,2.5032760584424096,1.0,9.90992714868378,66.003,11.2700224741776,3.248263477302499,70.5073,2.34929579123048,2.81120414194023,0.724,-0.415,3.01694268831918,0.667,1.041041528489071,0.367,43.5524305510023,0.721287548542023,0.111591719090939,0.15333491563797,9.16161212209317,75.5116262512877,6761848.0,252766904.2,536.4460348320429,0.0,3310960959.134889,0.0,0.0,0.0,0.0,0.0,10182345.0,325.1668411485654,0.0,0.0
BOL,Bolivia,2011,88.3,27.44649800795,9.7695858816954,0.0576765798032284,0.297,7.94,36.7535059221777,-0.922,6860.401,36.187,14.786194812,2.7451503276825,30.3691066361261,9.88446419823883,1.0,10.915392341297,66.282,10.3384637671598,5.12663676709338,80.7163,4.72620152059823,3.57882129837961,0.724,-0.417,2.0585141476343,0.667,-3.2171781489289906,0.367,41.013191725216,0.700047910213471,0.10235508531332,0.180809497833252,14.001095606139,82.4803954243518,6916574.0,251985639.89999992,584.7287398153062,0.0,4645591080.889722,0.0,0.0,0.0,0.0,0.0,10348929.0,448.8958307559866,0.0,0.0
BOL,Bolivia,2012,90.4,27.3386212840697,9.8121619148328,0.0594505481421948,0.297,7.835,38.9658038429773,-0.649,7100.323,37.754,14.420959231,2.77183604240418,29.3342196293346,4.51560291399376,1.0,11.1349478606743,66.586,10.2142087811062,3.2307469283833203,90.2756,5.04123047708524,3.58582706729094,0.724,-0.458,2.73770197403258,0.667,3.76719139203379,0.354,40.4434919386356,0.707493484020233,0.0931557044386864,0.153376191854477,12.3531411069095,84.9487611684942,7072737.0,252256438.2,536.8704368776682,0.0,4574020345.041286,0.0,0.0,0.0,0.0,0.0,10515807.0,434.9661747349763,0.0,0.0
BOL,Bolivia,2013,89.5,25.4761904081546,9.9669794768463,0.0608759932219982,0.296,7.781,40.9310950343345,-1.055,7467.422999999999,39.033,15.086807323,2.7987813949585,28.5181929044884,5.73640023719607,1.0,11.0513992821176,66.777,9.92781122691066,2.55541456378636,97.5951,5.55829339354152,3.31838837807072,0.696,-0.329,1.55192001163022,0.667,4.77002914125722,0.407,40.2117817540524,0.709608137607575,0.0992367118597031,0.157992765307426,11.9598682861297,81.2309075267174,7228889.0,252761843.7,584.0943224182112,0.0,5476496272.291668,0.0,1.0,0.0,0.0,0.0,10682608.0,512.6553620887023,0.0,0.0
BOL,Bolivia,2014,90.0,21.9173274396152,9.74021753770169,0.0622474066913128,0.302,7.729,43.7497193000006,-1.317,7757.096,39.847,15.723051493,2.82598876953125,27.6254998805738,5.76660074579144,1.0,9.69422821628935,66.97,9.73832796276455,2.18635765248212,96.3264,4.77969194953676,3.03332355757079,0.696,-0.333,-2.45077193908647,0.667,7.49119854684631,0.401,41.4653506578459,0.74413925409317,0.109197594225407,0.167436763644218,10.5328802221264,85.2644695625131,7381304.0,237793817.7,530.2128008146656,0.0,4923163756.398606,0.0,0.0,0.0,0.0,0.0,10848888.0,453.7943203394308,0.0,0.0
BOL,Bolivia,2015,91.5,14.7196648180842,10.2394941144455,0.0640992596745491,0.337,7.659,51.4488724591572,-1.122,8013.704,37.65,15.743629457,2.85346055030823,25.2024162838659,4.05961041135645,1.0,8.07325379670779,67.205,10.1911908480799,0.1545306957553209,92.266,2.33856535298855,1.1402473144831604,0.662,-0.27,-5.934432712990011,0.667,13.3088029026579,0.405,45.97640028474,0.772214114665985,0.131028831005096,0.161266773939133,4.11807754841214,67.9328451905248,7533596.0,227441345.5,595.0217256929895,0.0,3197098736.3172045,0.0,0.0,0.0,0.0,0.0,11014705.0,290.2573184045514,0.0,0.0
BOL,Bolivia,2016,91.8,15.7073917987234,11.1718754150532,0.0659634992480278,0.304,7.614,57.4086457676424,-1.137,8233.759,32.686,15.61547586,2.88119912147522,25.3263589797711,3.6232143176413807,1.0,7.95202606117997,67.392,10.9842215418371,0.707160512505969,90.3953,0.926800497644539,0.7881146983759146,0.664,-0.254,-6.25300531258274,0.706,9.43472495453866,0.406,49.8023324477813,0.763076543807983,0.133632093667984,0.170891165733337,2.97275312620724,56.4010345026573,7685664.0,220646516.0,648.6605242030621,0.0,3102548838.6081476,0.0,0.0,0.0,0.0,0.0,11180020.0,277.5083442255155,0.0,0.0
BOL,Bolivia,2017,91.8,16.5465375851931,7.67713722474752,0.0675092115998268,0.311,7.591,47.873300738401,-1.159,8456.073,30.774,16.750793351,2.90920758247376,30.1846229804293,2.8227580554717004,1.0,8.10989203240817,67.536,11.56848905963,2.42321513255476,96.6384,1.0880253133197,1.02986757658124,0.661,-0.28,-6.742929683576981,0.706,-16.7532693506203,0.402,51.5106326361384,0.759512186050415,0.137273415923119,0.184670850634575,5.01456692473101,45.5761123650708,7837272.0,233744575.8,707.6504604165996,0.0,3788546312.0538287,0.0,0.0,0.0,0.0,0.0,11344587.0,333.95189371405314,0.0,0.0
BOL,Bolivia,2018,92.8,16.5280497809507,7.45035399971013,0.0689662769436836,0.3149999999999999,7.561,52.1161124499522,-1.16,8688.547,28.951,16.591083745,2.93748831748962,30.385489117214,2.2720598723015506,1.0,8.03724252665112,67.699,11.1822958503404,1.16643513443381,99.4566,2.2533911778168,1.4498952900262,0.654,-0.287,-6.9793827464737,0.706,5.42778018252471,0.389,52.3312287295658,0.733820497989655,0.134198993444443,0.195104002952576,5.37166725772886,46.9261953417368,7988348.0,228272011.0,692.5784054335214,0.0,3923100237.058511,0.0,0.0,0.0,0.0,0.0,11508368.0,340.8911008979302,0.0,0.0
BOL,Bolivia,2019,95.1,14.49112527948,7.63288264501605,0.0696290582418442,0.341,7.555,54.8862654855189,-0.964,8757.259,28.845,15.669437437,2.96604371070862,30.4627271604529,1.83954504969026,1.0,8.39953170954602,67.82,11.2386028232878,0.562741001877922,100.149,2.06571007254961,1.0303191682966002,0.67,-0.728,-5.87526041897396,0.656,8.5914640600721,0.345,53.345193618041,0.739974975585938,0.13669365644455,0.193723902106285,4.09529358747088,45.8209732749024,8138866.0,226964545.7,673.2933629492345,0.0,3807877708.54094,0.0,0.0,0.0,0.0,0.0,11671386.0,326.2575420383612,0.0,0.0
CHL,Chile,1995,95.760383605957,25.1914988580256,6.9674031262015,0.0269874390214682,0.139,5.154,75.36882672529383,-0.078,12941.470999999998,22.552,18.511679167,2.70977973937988,37.8499822511135,8.23263034116114,0.0,18.1595558966592,75.298,19.2514284613681,5.7124400201405106,1.368639745000003,0.0225535114248098,0.057797010115058,0.061,0.6760000000000002,4.05011999328465,0.801,6.38855352000345,0.958,48.0904060517893,0.522555351257324,0.200536102056503,0.263627231121063,6.55630977481336,54.6874835998853,12263540.0,0.0,8982.74326037788,0.0,9350412397.138275,0.0,0.0,1.0,0.0,0.69,14527381.0,643.6406119684116,0.0,2.0
CHL,Chile,1996,95.617315,26.1523962775318,5.019558780659879,0.0277805645018816,0.139,5.186,73.18513746496608,-0.097,13396.827,22.706,18.771094046,2.72498273849487,30.8497178485542,7.35911781788767,0.0,17.3678567329936,75.555,15.2270914076658,4.35408641638342,2.185860171999998,0.0220761655005778,0.0596959389109352,0.061,0.6760000000000002,2.81413180021166,0.801,13.6749448779556,0.96,52.4243926036768,0.549995243549347,0.196711897850037,0.275831192731857,4.95869610912803,53.9207498943257,12496660.0,0.0,9610.38067416937,0.0,9133475296.677448,0.0,0.0,1.0,0.0,0.69,14734046.0,619.8891531000683,0.0,2.0
CHL,Chile,1997,96.2361679077148,25.8643917520324,5.0065502183351,0.0284842997789383,0.139,5.189,73.23636062053448,0.0049999999999999,14194.618,22.621,19.465163901,2.7402708530426,29.9914868716623,6.13386464357927,0.0,15.670265400513,75.826,14.8805379045354,4.10331909636315,2.766776987,0.0198402199294848,0.0382894991799256,0.061,0.3545,2.68941045571943,0.801,11.941948682900602,0.96,53.3242982629102,0.567630767822266,0.177840545773506,0.281542629003525,4.60520277817387,54.0992981792892,12725637.0,0.0,10011.714700059489,0.0,9303229375.558252,0.0,0.0,1.0,0.0,0.69,14932434.0,623.021630335567,0.0,2.0
CHL,Chile,1998,97.241124,23.93067122817,5.3942318667479805,0.0289549510926008,0.1479999999999999,5.089,56.248713586520935,0.027,14598.285,22.296,19.209477268,2.75564479827881,27.329719671118,5.11024954517559,0.0,20.1695011436128,76.324,14.4175557942238,1.99827242912151,6.429716534000001,0.0140606516256155,0.0234700874281488,0.061,0.033,0.897216436242877,0.801,19.240628326491,0.96,55.1217423498041,0.591974139213562,0.159788355231285,0.280635833740234,2.51172777125851,53.8361785153282,12951576.0,0.0,10350.450024427966,0.0,7377377591.979493,0.0,0.0,1.0,0.0,0.69,15127799.0,487.6702547396018,0.0,2.0
CHL,Chile,1999,96.6955490112305,23.1402773775592,5.29404331977604,0.0291774719953537,0.1479999999999999,5.036,67.21926972549126,-0.005,14378.352,21.675,15.826660814,2.77110481262207,27.0228972445176,3.336879175260229,0.0,12.6231518368615,76.738,14.6831056227199,2.99596980125977,14.89605908,0.025964022680054,0.0418250296937214,0.061,0.259,-1.4771311699946104,0.801,10.2119697724669,0.96,56.2307389663935,0.602220833301544,0.153049632906914,0.237921819090843,3.6694603049762,54.6956098321562,13170267.0,0.0,10880.57737921296,0.0,8180376425.808341,0.0,0.0,1.0,0.0,0.69,15319313.0,533.9910755664005,0.0,2.0
CHL,Chile,2000,97.9,23.3179471423145,5.08296243051118,0.0294331591576338,0.1419999999999999,5.010999999999999,73.96695171542936,0.047,14915.166,22.177,16.487972837,2.7866518497467,27.8329007305146,3.8432729570656505,0.0,14.8433912347788,77.128,15.1925267293194,4.3408550303353,21.940200000000004,0.0492733030540225,0.0648093154178193,0.061,0.485,-0.0549875245854379,0.801,9.83487325107737,0.96,55.6064735933259,0.592927932739258,0.137125506997108,0.257474452257156,4.87094937341686,58.7119230876973,13375155.0,0.0,10768.713617941845,0.0,9465328230.889397,0.0,0.0,1.0,0.0,0.69,15503635.0,610.5231599485796,0.0,2.0
CHL,Chile,2001,97.1,23.7337527422961,4.06242026416145,0.029765073210001,0.1419999999999999,4.969,73.0816959622537,-0.001,15210.404,22.687,16.63925114,2.80529260635376,28.4825729751045,3.569100530014669,0.0,11.8910098561076,77.58,15.9367790320988,3.31968916729076,32.522499999999994,0.0562807667278416,0.0510190743548735,0.061,0.7869999999999999,-0.0373780083593021,0.801,7.30156423972337,0.96,56.1914535588133,0.600358366966248,0.129311874508858,0.260464876890183,3.94016087143578,62.1447669687645,13565061.0,0.0,10705.777296005006,0.0,8215390941.941632,0.0,0.0,1.0,0.0,0.69,15683849.0,523.8121676599687,0.0,2.0
CHL,Chile,2002,97.3,24.0462258899263,4.065033247532839,0.0300762113183737,0.1429999999999999,5.013,74.3460982791172,-0.121,15525.847,22.031,16.534981344000002,2.82405781745911,28.5180345922146,2.4893981665070495,0.0,7.758072896523739,77.84,15.7836753201839,2.82461629362167,39.3766,0.0437175691931366,0.0501709401792531,0.061,1.089,-0.677918721446064,0.875,4.27461224669902,0.96,56.35055914484,0.605448484420776,0.121617250144482,0.262579441070557,3.69658229472728,62.4838519016295,13734773.0,0.0,10836.125660133312,0.0,7728584316.191256,0.0,0.0,1.0,0.0,0.69,15857925.0,487.3641612122176,0.0,2.0
CHL,Chile,2003,98.8,24.8079026290911,4.09477533093825,0.0304466094821692,0.1429999999999999,5.161,75.8320621380067,-0.04,16089.703,21.803,16.966857106,2.84294891357422,29.7153366007983,2.8101787574361,0.0,6.178778730860969,77.884,15.1937580372309,4.38038439919149,45.3566,0.0255686799154456,0.0506283318232752,0.061,0.762,0.112419641516946,0.875,1.8010282147399597,0.96,55.6800266355176,0.594696998596191,0.112086780369282,0.263890415430069,5.01162090891452,65.693419590905,13890142.0,0.0,11773.293788561932,0.0,9014688308.04494,0.0,0.0,1.0,0.0,0.69,16024752.0,562.5477578713818,0.0,2.0
CHL,Chile,2004,97.5,26.3821895357199,3.75826582540335,0.0310621839016676,0.1429999999999999,5.14,76.7499857822204,-0.144,16986.649,22.866,17.651230265,2.8619658946991,32.7525021838824,1.054738714035171,0.0,5.12700362788107,78.276,14.2216397906642,9.08081866316417,57.2138,0.0196927049591449,0.0480418034693173,0.061,0.6910000000000001,2.54862736827206,0.875,-1.7731953320846203,0.96,53.64534841734,0.582583069801331,0.101523891091347,0.247542396187782,9.56665341226193,69.8893600532458,14039859.0,0.0,13035.03403300801,0.0,14905738839.483698,0.0,0.0,1.0,0.0,0.69,16187322.0,920.8279689181261,0.0,2.0
CHL,Chile,2005,97.7,27.2705976415974,3.922211937895029,0.0321212820708752,0.1429999999999999,5.238,77.634565408211,-0.188,17798.917,24.817,20.529477324,2.88111042976379,34.0353024141328,3.05257621387849,0.0,6.677879009813459,78.459,12.8191999709241,9.27535102760256,64.6505,0.0355430214805235,0.0466681498310732,0.061,0.8420000000000001,5.00647748420648,0.875,-0.4130274832216836,0.96,52.1481091980374,0.571969926357269,0.09488844871521,0.267597109079361,9.79630843278012,72.0625342380294,14186950.0,0.0,13700.884257131487,0.0,18242322331.84119,0.0,0.0,1.0,0.0,0.69,16348778.0,1115.8217655069504,0.0,2.0
CHL,Chile,2006,99.4,31.0539985650152,3.7120451436571384,0.0332786254584789,0.118,5.377,78.1133233692663,-0.169,18685.928,26.239,20.459489668,2.90038323402405,38.684729192628,3.3920173369940496,0.0,7.99948207856606,78.533,11.6836771075447,16.8703851667569,75.4174,0.0384461522535262,0.030520000296569,0.061,0.613,7.681128931172749,0.875,-3.872201043583379,0.96,48.4126070132585,0.527062952518463,0.0944598466157913,0.25595161318779,17.3488493708667,73.7116350448521,14332047.0,0.0,14696.142409832324,0.0,31908401567.18902,0.0,0.0,1.0,0.0,0.69,16509195.0,1932.7654417546717,0.0,2.0
CHL,Chile,2007,98.0,30.6356668974261,3.5505710887990194,0.0344804413616657,0.1169999999999999,5.494,84.0752473162029,-0.327,19449.357,27.261,21.560511304,2.91978454589844,37.4665970166252,4.407799383980439,0.0,8.67125848644778,78.652,10.6421663942592,16.5646131991133,83.7065,0.0395838125596647,0.0244412955141761,0.061,0.4060000000000001,7.769582264223159,0.875,3.40902444709341,0.96,49.5481523450583,0.528770387172699,0.103400401771069,0.259587407112122,17.1517567156625,76.9770247140928,14478352.0,0.0,16220.529644904767,0.0,33776796384.69503,0.0,0.0,1.0,0.0,0.69,16671581.0,2026.010393657028,0.0,2.0
CHL,Chile,2008,98.2,26.3839227699044,3.4244322613297804,0.0357838310301304,0.1169999999999999,5.617,100.172568090545,-0.335,19968.979,25.722,24.67581004,2.93931579589844,31.9839914243068,8.71626873039607,0.0,13.261771366415,78.752,9.97400639751951,13.0984754101501,87.871,0.0413250084352477,0.0394143420844663,0.061,0.432,3.57279065338767,0.875,12.910470199151,0.961,54.4485312368393,0.569259345531464,0.117718927562237,0.339878559112549,13.8254393455321,80.6766262406468,14629135.999999998,0.0,16312.976518357023,0.0,30658823619.807007,0.0,0.0,1.0,0.0,0.69,16838988.0,1820.704642096485,0.0,2.0
CHL,Chile,2009,99.6,26.3313207934354,3.697126955884861,0.0366763025522232,0.118,5.687,102.687075908392,-0.386,19531.285,20.717,21.724633147,2.95897746086121,31.8892011542261,0.3530451783609347,0.0,7.25063476884463,78.89,10.261159884544,8.12539086996139,96.7107,0.0505988665683243,0.0241963153528486,0.061,0.603,-4.45859507830564,0.875,3.54597211267265,0.961,55.5112499818484,0.566151082515717,0.144360840320587,0.249978959560394,8.79204050030603,66.6860309631418,14783581.0,0.0,16234.675304604356,0.0,24234476903.893555,0.0,0.0,1.0,0.0,0.69,17009731.0,1424.741925894863,0.0,2.0
CHL,Chile,2010,99.5,28.2509709544453,3.4782846318978606,0.0376171432435513,0.1169999999999999,5.76,99.4755906592451,-0.329,20452.653,23.104,23.219866222,2.97877097129822,33.4669030156191,1.4107110795432103,0.0,4.7548268051870295,79.095,9.88717399049902,11.317663311545,115.545,0.0282523464279479,0.0177167005915164,0.068,0.6800000000000002,-0.312418322066086,0.875,-3.7687958012820104,0.961,53.8127811770917,0.562360465526581,0.15099124610424,0.270253241062164,11.9881628362203,69.7176801370338,14940316.0,0.0,17272.99467854997,0.0,34094652563.23954,0.0,0.0,1.0,0.0,0.69,17181464.0,1984.385763823126,0.0,2.0
CHL,Chile,2011,99.6,24.0723268535468,3.62618323583881,0.0392434224486351,0.1159999999999999,5.888,101.863485350982,-0.252,21486.074,24.313,25.416469455,2.9968798160553,32.4417542348483,3.34121694259302,0.0,9.03015252269429,79.236,9.90905378555266,11.524686737595,128.605,0.0440500118610045,0.020299690192858,0.068,0.453,1.5237224784327,0.875,5.58745776542778,0.961,54.3697640865635,0.566571354866028,0.162292122840881,0.281995356082916,12.1645185437385,72.4816428077334,15097974.0,0.0,18140.14896899282,0.0,38265262722.313385,0.0,0.0,1.0,0.0,0.69,17351816.0,2205.2598253873475,0.0,2.0
CHL,Chile,2012,100.0,24.8280493934352,3.274933539617519,0.0410503335297108,0.1079999999999999,6.092,104.266686517932,-0.356,22561.049,23.772,26.855925752,3.01509833335876,30.5583003272184,3.0074484021304695,0.0,10.0572624433615,79.221,9.82773286927817,8.45777139773805,136.656,0.0362681843736354,0.0339242699071755,0.068,0.331,0.791910246705568,0.875,9.22337834222408,0.961,56.2982132532287,0.556037068367004,0.15963314473629,0.302271455526352,9.05442637303188,68.156142891334,15256086.0,0.0,18555.510572762578,0.0,35615611340.230515,0.0,0.0,1.0,0.0,0.69,17519119.0,2032.9567565715213,0.0,2.0
CHL,Chile,2013,99.6,23.722920031041,3.4733753278992605,0.0422637388110161,0.12,6.058,106.039690607085,-0.289,23084.61,22.643,26.667011884999997,3.03342795372009,29.4304373078105,1.7895555398458995,0.0,9.26187678192101,79.551,9.98503250354271,7.00031067490142,133.778,0.0300928851237096,0.0371419227856781,0.076,0.364,-0.389328116817554,0.875,6.84632643680273,0.958,57.2209852364053,0.593325138092041,0.158275276422501,0.279147356748581,7.66232423505302,65.1432879523879,15420023.0,0.0,19913.64064758047,0.0,34118803331.01792,0.0,0.0,1.0,0.0,0.69,17687006.0,1929.0321567719218,0.0,2.0
CHL,Chile,2014,100.0,22.6864410952458,3.9466206299946194,0.0427651293575764,0.138,6.119,109.059262772581,-0.386,23266.306,22.356,24.937457124,3.05186891555786,28.9028670653185,4.71867527854672,0.0,8.09805824839012,79.714,9.9204651623778,6.15970096777187,132.56,0.0237423341784095,0.0299545823134526,0.076,0.448,-1.35239512721183,0.875,2.1210253100164103,0.958,57.1528758804213,0.593541622161865,0.166779264807701,0.250608861446381,6.87780503013052,65.6346281218887,15597831.0,0.0,20798.368385185775,0.0,31445817065.33525,0.0,0.0,1.0,0.0,0.69,17864195.0,1760.2705895975303,0.0,2.0
CHL,Chile,2015,99.7,23.3058209357631,3.7094042753649,0.0428218133747578,0.138,6.106,110.121398406265,-0.366,23523.903,22.939,24.305131871,3.07042193412781,27.8806404106495,4.34877353217044,0.0,5.514927322914019,80.008,10.3988647875082,3.287716523067779,128.584,0.0163761783716804,0.007021750384422,0.085,0.425,-1.87130925415893,0.875,0.5341005017346339,0.95,58.3447093583013,0.584815323352814,0.174327284097672,0.260645896196365,4.04461870413776,59.3491104775309,15785415.0,0.0,20811.21824977643,0.0,25294801343.097683,0.0,0.0,1.0,0.0,0.69,18047625.0,1401.5584512143666,0.0,2.0
CHL,Chile,2016,100.0,21.6913344929065,4.199089371291959,0.0426662340760231,0.134,6.086,111.31220923273,-0.398,23678.408,22.706,23.576720176,3.08908796310425,26.7795650481896,3.786193558931179,0.0,5.588396577252059,80.295,9.70592487599938,2.42915567711849,127.565,0.0081846580803659,0.0071656778225497,0.085,0.4020000000000001,-2.37735539354677,0.875,0.9829132480216218,0.95,58.9826363326027,0.581595659255981,0.183284983038902,0.249159440398216,3.2056957232857695,56.0578610877723,16007681.0,0.0,20586.96069913079,0.0,21753245725.87991,0.0,0.0,1.0,0.0,0.69,18267221.0,1190.834978450193,0.0,2.0
CHL,Chile,2017,99.7,20.6443062053205,4.28097161377037,0.0424395613372326,0.1259999999999999,6.037,113.584914657417,-0.421,23671.478,22.865,22.57822005,3.10786700248718,27.3811560671383,2.1827184686851897,0.0,4.552855078890719,80.61,9.16084501940209,4.40604754508335,124.001,0.0100470032058539,0.0083333916899706,0.0739999999999999,0.4060000000000001,-2.26749310335288,0.875,-0.2626553051844018,0.95,58.2768071532191,0.573927462100983,0.182157337665558,0.252487003803253,5.30261792520974,56.0261589675707,16294692.0,0.0,20966.228634884137,0.0,25919340448.02236,0.0,0.0,1.0,0.0,0.69,18558868.0,1396.6013685760554,0.0,2.0
CHL,Chile,2018,100.0,20.4425480725529,3.92743592461123,0.0423488058149815,0.091,6.196,118.19423090080198,-0.358,24179.863,24.133,22.773279153,3.12676072120667,27.8615227739821,2.434889813530571,0.0,4.178019250255609,80.559,9.60421381916072,4.99157894253016,133.27,0.0228131047345746,0.0122096396579944,0.0569999999999999,0.413,-1.11191945002306,0.875,2.5473121617917904,0.946,58.0012686596891,0.573314249515533,0.191314771771431,0.260097324848175,5.83707726201581,58.177050633437,16618838.0,0.0,21419.839521196416,0.0,27920273500.25772,0.0,0.0,1.0,0.0,0.69,18893191.0,1477.79554550937,0.0,2.0
CHL,Chile,2019,100.0,20.5700739112286,3.987812171379,0.0423667579889298,0.091,6.46,124.87580960749798,-0.413,23880.123,23.767,23.480889492,3.14576888084412,27.1184422429165,2.55754475703327,0.0,4.178019250255609,80.324,8.96909548434668,1.75323566107489,130.493,0.0313384615447608,0.0113846116949503,0.0559999999999999,-0.016,-2.38006220492549,0.913,2.5473121617917904,0.941,58.8831754600692,0.585412561893463,0.191794812679291,0.249209716916084,2.56889266052365,57.6117545680829,16918467.0,0.0,21292.12876310113,0.0,25585066110.248703,0.0,0.0,1.0,0.0,0.69,19197744.0,1332.7121202495825,0.0,2.0
CIV,Cote d'Ivoire,1995,43.6312522888184,14.321316647065531,24.727605801391995,0.040038462728262,0.794,13.559,18.5046323094816,-0.737,4121.812,14.423,7.570075393,1.34967958927155,20.7680000059137,14.2950690851945,0.0,25.005352395324437,51.713,15.0492451707548,0.128619001646594,0.0,0.0069778311120424,0.2308158684590378,0.619,0.033,2.08673142441739,0.372,9.752334489549693,0.444,54.5043941926943,0.777318775653839,0.14539897441864,0.0843346193432808,5.164865014929411,76.202343905242,6134173.0,426768309.3,9.852866672038678,0.0,151754374.61843687,0.0,1.0,0.0,0.0,3.43,14855565.0,10.215321639967033,0.0,1.0
CIV,Cote d'Ivoire,1996,44.6482124328613,-8.114951077060066,16.526725263958,0.0413430482149124,0.771,13.55,11.235645369763295,-0.886,4334.261999999999,14.423,8.734803888,1.36483943462372,13.7159570722429,2.480806691875511,0.0,15.547246618358455,51.596,9.80285006702168,0.0,0.0914796389999992,0.0579435908857458,0.3803597737387481,0.619,0.033,2.08673142441739,0.372,4.7625711949134235,0.453,36.9319707734694,0.792670547962189,0.13693080842495,0.0571839511394501,3.10906315979616,52.8042944211567,6429837.0,502672001.1,28.204945046736505,0.0,449991550.7540453,0.0,1.0,0.0,0.0,3.43,15442312.0,29.140167013465685,0.0,1.0
CIV,Cote d'Ivoire,1997,45.6617698669434,0.9649638100500688,15.1463001011509,0.0428444817662239,0.771,13.547,11.1012819475022,-0.679,4424.157999999999,14.423,8.505524614,1.38016951084137,15.361027789703902,4.02083333333306,0.0,20.61077004104721,51.498,11.226710485998,0.0287402582201248,0.2347501420000028,0.0411475004385255,0.3198627574434267,0.619,-0.0854999999999999,2.08673142441739,0.372,7.813103525358025,0.453,34.4440812913609,0.779851078987122,0.135657355189323,0.0710779950022697,2.79707040165525,54.0062903380367,6738169.0,449947876.3,14.748591441579372,0.0,227191226.16931975,0.0,1.0,0.0,0.0,3.43,16047170.0,14.157712928156164,0.0,1.0
CIV,Cote d'Ivoire,1998,46.6712455749512,-22.23761837551212,15.5416187703162,0.0440341718494892,0.771,13.628,10.252335792672298,-0.722,4482.09,13.868,8.584891444,1.39567184448242,14.642153139227698,4.61144759515372,0.0,4.909508514924967,51.22,10.4106818313486,0.0,0.5751438140000005,0.054959817290706,0.1016041510549543,0.619,-0.204,2.08673142441739,0.497,2.37774537072221,0.466,34.0988794437297,0.773996710777283,0.123992763459682,0.0839365124702453,2.467747120060958,53.6538337944761,7056716.0,643954087.5,20.188734407735694,0.0,212549930.9598621,0.0,1.0,0.0,0.0,3.43,16663948.0,12.755076465664805,0.0,1.0
CIV,Cote d'Ivoire,1999,48.2,-24.4182818003555,15.2177670996904,0.0443561263382435,0.771,13.592,9.47189015365766,-0.642,4427.977999999999,12.4,9.40557833,1.41134834289551,14.3674680263112,0.7023758059559615,0.0,5.273142353157761,51.273,10.8702639777103,0.0,1.5730800649999992,0.108854679545715,0.1629648321983632,0.622,-0.7224999999999999,1.56682477155849,0.668,2.8148423063339445,0.454,36.0002917193271,0.778417408466339,0.130200698971748,0.0526942126452923,2.23064062431383,55.8935626908747,7353045.0,671455204.8,27.662112850120874,0.0,367780928.15000856,0.0,1.0,0.0,0.0,3.43,17215935.0,21.362820442224518,0.0,1.0
CIV,Cote d'Ivoire,2000,48.7,-24.714834490122804,16.195154514693,0.0438041500747204,0.822,13.478,9.761974871572754,-0.595,4215.844000000001,12.047,6.749452872000001,1.42720079421997,13.9368025202647,2.5307751673799697,0.0,5.310622043778494,51.393,11.1544711278649,0.0,2.6722000000000037,0.21648578432124,0.3080131214393118,0.648,-1.241,2.09060444320722,0.668,2.866007296485527,0.521,34.67687694007,0.790403485298157,0.125695049762726,0.0599968470633029,2.86211491053466,54.9639916295152,7625440.0,598611576.2,7.132331993553586,0.0,164446441.08481508,0.0,1.0,0.0,0.0,3.43,17699004.0,9.291282214796668,0.0,1.0
CIV,Cote d'Ivoire,2001,49.7,-24.918724250599453,17.2770975527184,0.0428762622177601,0.763,13.36,9.44431281617056,-0.699,4103.623,12.138,5.984053831000001,1.43718838691711,14.1786160309594,4.36152914007256,0.0,5.347128582093832,51.428,10.7672585033538,0.0,4.007639999999995,0.268183612174263,0.1844509086263821,0.627,-1.5805,2.98914101400593,0.668,2.920015689350653,0.502,35.1831669144554,0.781088769435883,0.12365510314703,0.0596961341798306,2.32208785748223,53.1141047180447,7901831.0,511536865.7,5.807983039484287,0.0,121339993.8343504,0.0,1.0,0.0,0.0,3.43,18178913.0,6.6747661884046865,0.0,1.0
CIV,Cote d'Ivoire,2002,51.4,-25.15251289231059,18.737314157226,0.04196647554636,0.764,13.183,9.641545204666777,-0.825,3923.017,12.461,7.378576580000001,1.44724583625793,14.5005281247497,3.07726485157427,0.0,5.3778691452671765,51.544,9.79702179289704,0.0,5.505600000000001,0.1912119225201239,0.4498717883924836,0.668,-1.92,1.4218338428757402,0.668,3.0261924705238386,0.464,35.472387041315,0.766218185424805,0.121136136353016,0.0223184991627931,2.4589064799038294,55.90194822753881,8181802.0,542288056.7,15.198755334407736,0.0,274375164.2642066,0.0,1.0,0.0,0.0,3.43,18654771.0,14.708042476865923,0.0,1.0
CIV,Cote d'Ivoire,2003,51.5,-25.146919128300297,20.7760202202729,0.0409640446305275,0.764,13.092,9.025656485758518,-0.754,3762.1100000000006,11.413999999999998,6.182775111,1.45737361907959,15.212331213412504,3.296807469742081,0.0,5.396359857235053,51.443,8.88995122139567,0.0123903278170217,6.696260000000002,0.1614092743860989,0.5475361576901143,0.647,-1.803,0.154646378206555,0.668,3.0314335754709285,0.49,36.198594385247,0.794326364994049,0.104377754032612,0.0591858960688113,2.6488355489675506,53.260060681877,8464845.0,481229898.6,33.28092621514908,0.0,610836168.3966489,0.0,1.0,0.0,0.0,3.43,19125542.0,31.93824093438235,0.0,1.0
CIV,Cote d'Ivoire,2004,52.4,-25.67571184482734,16.640018984398,0.0400873720645905,0.764,12.706,9.483030119837174,-0.864,3702.581,12.470000000000002,6.466662725999999,1.46757233142853,15.5260750475447,1.4579883560074105,0.0,5.566475692354322,51.939,8.79290482659688,0.0,8.544689999999996,0.1738199708167149,0.868358242832743,0.647,-2.115,0.4627047290134289,0.668,3.3509037336397376,0.49,38.3730686607013,0.805507481098175,0.109478883445263,0.0459344759583472,2.49321707811937,58.1182963035946,8752569.0,370136638.4,35.33562673569702,0.0,833488796.6490825,0.0,1.0,0.0,0.0,3.43,19595000.0,42.535789571272396,0.0,1.0
CIV,Cote d'Ivoire,2005,58.9,-27.419659612581697,16.0651853584803,0.0394882895052433,0.764,12.344,8.854635466395457,-0.876,3661.613000000001,12.571000000000002,5.910640080945857,1.47784245014191,16.2241764456125,3.8858303988648206,0.0,7.04916666666667,52.432,10.2822652747136,0.0,11.707099999999995,0.1262141926197649,2.12719162540331,0.647,-2.26,0.399797764398233,0.668,5.76399145289527,0.49,38.8167783655946,0.805469572544098,0.112871706485748,0.0632676184177399,3.71197677716882,62.8209360402806,9047322.0,252467682.1,39.36505459951652,0.0,1277738086.28588,0.0,1.0,0.0,0.0,3.43,20068458.0,63.66897179075144,0.0,1.0
CIV,Cote d'Ivoire,2006,60.2,-26.996366146592393,15.9447949066292,0.0387765951454639,0.74,11.996,10.149368807964002,-0.848,3613.786,13.427,6.5190710075723235,1.4881843328476,16.5839543942617,2.467191485969149,0.0,4.73666666666667,52.885,10.0288786056082,0.009076274990735,19.786100000000005,0.407012042239876,3.70627347527892,0.647,-1.862,0.225311887465229,0.668,3.33183089135264,0.49,37.9448192296392,0.795071244239807,0.110365532338619,0.0419348329305649,5.60158447625658,63.690377061452,9349517.0,206970838.79999995,62.57183065511684,0.0,2335971979.6339393,0.0,1.0,0.0,0.0,3.43,20546802.0,113.69029494876814,0.0,1.0
CIV,Cote d'Ivoire,2007,55.3,-29.262566829620795,15.5787463255399,0.0386232323944569,0.74,11.611,12.155208374595396,-0.943,3575.3390000000018,14.454000000000002,7.745920610999999,1.49859869480133,16.483170824856,1.89200629349598,0.0,4.751666666666669,53.452,10.3106092817882,0.0,35.5088,0.274487306472778,2.92984750032697,0.647,-1.84,0.844679459083179,0.668,1.6132899627415895,0.49,38.7672870732728,0.819909274578095,0.111053936183453,0.0567268058657645,4.983872467886899,61.4309423484426,9659402.0,233244900.0,48.81268538517325,0.0,1973186105.6349485,0.0,1.0,0.0,0.0,3.43,21030558.0,93.8247147619644,0.0,1.0
CIV,Cote d'Ivoire,2008,60.3,-20.347019692819103,16.1854841829726,0.0392271988093853,0.74,11.163,12.032312209459398,-0.952,3564.3369999999995,14.38,8.086559546859506,1.50908589363098,17.4088361491375,6.30852769152578,0.0,4.98416666666667,54.179,10.2040236477777,0.110068813260895,48.5676,0.307395693178292,3.23685198449427,0.647,-1.804,1.04481047729245,0.668,-0.3689437177831269,0.478,37.7795452078374,0.794055640697479,0.116529889404774,0.0798994973301888,5.56200251854781,61.9406212969499,9974530.0,246606468.7,59.714116361805,0.0,3177767462.6662045,0.0,1.0,0.0,0.0,3.43,21514439.0,147.70394257857268,0.0,1.0
CIV,Cote d'Ivoire,2009,57.3,-17.689752696478195,15.2495816385759,0.0396184287965298,0.74,10.995,12.699282868801,-1.054,3577.9249999999993,13.384,8.095015221842058,1.51964640617371,18.0163071461274,1.0195045773113804,0.0,4.977499999999999,54.744,9.62769349501281,0.240205141462773,59.9343,0.2453145819494859,1.5532360872676303,0.645,-1.321,0.061782917127788,0.668,3.72473413500344,0.479,38.6653601228599,0.758196711540222,0.116994865238667,0.0615752376616,3.87323197312723,66.6729037469185,10294587.0,839175295.4,58.36714039242546,0.0,2086170204.826991,0.0,1.0,0.0,0.0,3.43,21997940.0,94.83479838689401,0.0,1.0
CIV,Cote d'Ivoire,2010,58.4,-16.550670915272505,17.4889170707842,0.0394714213907719,0.718,10.851,13.0878719593805,-0.951,3548.645999999999,13.128,10.042535270000002,1.53028094768524,15.9765793754723,1.2264561213548006,0.0,5.11333333333333,55.282,9.00191119633441,0.093749138174934,69.3659,0.283475786785777,1.9760751684520603,0.635,-1.584,-0.195465457251842,0.668,3.54338989640227,0.482,37.8322011028794,0.777535855770111,0.122381404042244,0.108468919992447,4.33013803473931,67.472940081257,10622784.0,861428341.0,44.26397836905721,0.0,2004243049.9330573,0.0,1.0,0.0,0.0,3.43,22488065.0,89.12474461155539,0.0,1.0
CIV,Cote d'Ivoire,2011,55.8,-18.701982171413903,18.4866714886447,0.0388617180287838,0.593,10.647,13.168148828706002,-1.063,3282.42,10.308,6.662127197846242,1.54781758785248,16.7624007263304,4.912433950524501,0.0,5.255916666666671,55.972,9.2213557501251,0.654511620365384,75.4688,0.362965532638359,2.38568766510419,0.588,-1.406,-1.5794505374453798,0.668,-0.4289156634867188,0.536,34.0131352473082,0.73556923866272,0.106858007609844,0.0416155532002449,5.53239950172039,64.7159030611345,10957761.0,1090425757.0,39.97887492908945,0.0,2666395542.7824645,0.0,1.0,0.0,0.0,3.43,22982000.0,116.0210400653757,0.0,1.0
CIV,Cote d'Ivoire,2012,55.8,-13.8629797175574,16.3751498758861,0.0393479876220226,0.538,10.482,13.6834555407143,-1.014,3537.8629999999994,13.865,9.682674958,1.56555509567261,17.7324551897287,1.3045111991560605,0.0,5.03916666666667,56.57,10.3182515272799,0.530274437341492,77.1273,0.393227820298858,2.0161071388430103,0.57,-1.263,-1.04432862738419,0.668,5.46535041885889,0.571,39.6867369938255,0.717552125453949,0.108949527144432,0.15535244345665,5.36757176448081,70.3010893191249,11293355.0,1265163491.4,39.37682659951652,0.0,2688987697.4266357,0.0,1.0,0.0,0.0,3.43,23467078.0,114.58553542228972,0.0,1.0
CIV,Cote d'Ivoire,2013,61.5,-11.9059649412645,15.3429019354945,0.0419669896364212,0.538,10.366,14.317568604292198,-0.922,3758.4249999999993,14.236000000000002,13.666469457,1.58349585533142,18.9795295741683,2.5811703725293604,0.0,5.2875,57.057,11.8501855603565,0.368977123492966,80.9987,0.320411424987291,1.3208922486106198,0.508,-1.049,-0.614960685166584,0.672,2.34335749341271,0.584,38.8134449737706,0.69153493642807,0.104234978556633,0.200048625469208,4.15503587681362,58.3526792527234,11627605.0,1417940614.6,38.37143638356165,0.0,2516168005.438791,0.0,1.0,0.0,0.0,3.43,23939775.0,105.10407910846241,0.0,1.0
CIV,Cote d'Ivoire,2014,61.9,23.2214339008179,15.2417555256185,0.0455247201025486,0.538,10.12,14.690699809991202,-0.893,3975.277,13.645,15.417373512,1.601642370224,19.8455486242141,0.4486820767661417,0.0,5.338333333333331,57.772,12.2006998127999,0.351420911174992,90.122,0.319671081972001,0.6917895005239423,0.508,-1.037,-0.683184478846649,0.672,0.8917007614375372,0.587,37.3151438010014,0.68547523021698,0.103678360581398,0.196071177721024,3.4193551109143403,53.6804175610344,12022670.0,1492154720.8,19.104254621273167,0.0,1447440667.118023,0.0,1.0,0.0,0.0,3.43,24527395.0,59.0132244829923,0.0,1.0
CIV,Cote d'Ivoire,2015,62.6,23.0359710286642,18.3620416868752,0.0491611696779728,0.528,9.798,16.7417116291801,-0.747,4206.526,14.46,16.760342599999998,1.6199967861175495,20.1215578301808,1.2514995478146798,0.0,5.15416666666667,58.281,11.4305990168412,0.361552777361383,100.639,0.261322774444977,0.366602851194199,0.511,-0.835,-0.943783403692898,0.672,0.3612329553837288,0.59,54.1326121734967,0.709653854370117,0.0938521400094032,0.198686853051186,3.0725966973087804,52.7153604615931,12489236.0,1508308147.7,29.709423583400483,0.0,1347687067.3750577,0.0,1.0,0.0,0.0,3.43,25246342.0,53.38147868610263,0.0,1.0
CIV,Cote d'Ivoire,2016,64.3,20.7733031764807,17.4349684074971,0.0520868711173534,0.481,9.437,17.6694307998743,-0.941,4382.895,14.602,16.15215739,1.63856148719788,20.820713814142,0.723178457513308,0.0,5.295,58.814,12.5430342990523,0.559881099662443,105.625,0.178681873738581,0.3843707282520867,0.511,-0.909,-1.7232364752119502,0.672,6.55213666931005,0.579,54.493573696894,0.703955113887787,0.0987272262573242,0.194369032979012,3.23053071841614,47.5663138935656,12976508.0,1494849865.1,42.68251846011282,0.0,1575409854.739387,0.0,1.0,0.0,0.0,3.43,25989405.0,60.61738830648055,0.0,1.0
CIV,Cote d'Ivoire,2017,65.6,17.9769994423508,16.9409871496938,0.0539173185825348,0.466,9.103,19.2505134817876,-0.663,4576.889999999999,14.835,15.86628949,1.65733885765076,19.8085626532407,0.6858810653046028,0.0,5.140000000000001,59.315,11.2836181003932,0.4008495711951469,118.755,0.1869695612185409,0.8114128077028937,0.522,-1.091,-2.02964504260439,0.672,6.24674820295151,0.551,55.7500354113374,0.719415843486786,0.104291446506977,0.178340241312981,3.38876801583982,48.6596050387177,13473013.0,1737919425.3,34.427338443190976,0.0,1556666904.9717207,0.0,1.0,0.0,0.0,3.43,26733372.0,58.22935112606523,0.0,1.0
CIV,Cote d'Ivoire,2018,67.1,16.2885780656066,17.8526014022659,0.0546822883188725,0.466,8.776,19.2748278273806,-0.802,4665.103999999999,14.656,16.358086495000002,1.67633152008057,19.1116818893978,0.4012978172635471,0.0,5.140000000000001,59.795,11.2909843422326,0.455348393491403,123.09799999999998,0.253454611297185,0.9304970529706172,0.518,-0.8979999999999999,-1.56906003267098,0.672,6.24674820295151,0.547,55.6186479812729,0.722451388835907,0.106213554739952,0.189605951309204,3.10996909544373,46.040028237159,13971532.0,1814028914.6,32.612417103142626,0.0,1708570047.9136453,0.0,1.0,0.0,0.0,3.43,27464173.0,62.2108682432799,0.0,1.0
CIV,Cote d'Ivoire,2019,68.6,18.035951507118,15.6882063635315,0.055318009108305,0.472,8.492,19.047672198888694,-1.1,4840.268,14.978,17.304697863999998,1.6955418586731,21.6420400540965,0.7908555120536604,0.0,5.140000000000001,60.274,12.3199684287316,0.574500241538047,132.574,0.2184030893898609,0.8574650035493061,0.558,-1.036,-0.746981427629265,0.672,6.24674820295151,0.5,54.9974768932861,0.701345205307007,0.120159551501274,0.188823059201241,2.95827158248838,44.6604105830795,14477527.0,1914817944.1,40.81461117002417,0.0,2101723495.913848,0.0,1.0,0.0,0.0,3.43,28193009.0,74.54768293493781,0.0,1.0
CMR,Cameroon,1995,36.1477737426758,20.7317430684007,19.1448537215648,0.0424405746161938,0.894,13.589,6.84825406635548,-1.083,2711.083999999999,14.785374099305695,10.444253797620531,1.63064682483673,28.8844375605838,9.06969071921509,0.0,11.45168649906948,53.347,16.6691655018677,0.0102979152411489,0.0211934209999995,0.0,3.7645468556202,0.928,-0.956,7.671869078018669,0.741,5.954351780436828,0.1069999999999999,45.9120544140405,0.738269984722138,0.107617676258087,0.1082277074456209,8.98379335404863,36.682272663701,5662890.0,51150121.29999995,188.08379932312653,0.0,1558519118.4858208,0.0,1.0,0.0,0.0,6.97,13058516.0,119.3488692348978,0.0,0.0
CMR,Cameroon,1996,37.2933235168457,17.3070824641664,18.32231925338,0.0432418808341026,0.882,13.588,6.799911553297207,-1.35,2766.780999999999,14.88855893638094,10.253734197,1.65355229377747,29.826629188602,3.924063727497981,0.0,12.557577798608309,53.2,16.0131698127636,0.0323695377209901,0.025782073000002,0.0,4.21594793357001,0.921,-0.956,3.0513805672719787,0.741,9.224792581944984,0.1059999999999999,45.107647324355,0.7778599858284,0.103926226496696,0.111936561763287,9.19379916300563,45.1156121020442,5899405.0,72056177.0,195.113248186946,0.0,1849199203.016181,0.0,1.0,0.0,0.0,6.97,13414757.0,137.84813269567096,0.0,0.0
CMR,Cameroon,1997,38.435474395752,18.5280590117948,18.9678877806491,0.044670756906271,0.887,13.557,5.528166782399147,-1.1570000000000005,2834.4480000000003,14.887025683868536,10.667354265484168,1.6767795085907,28.407483771746,4.78623881860376,0.0,12.618764500331103,53.105,15.7385124691562,0.0202518036215724,0.0301265720000003,0.0,4.60078884361968,0.921,-0.8705,7.382169688082164,0.741,9.303723887033726,0.1069999999999999,45.3112612711672,0.756834447383881,0.0998696759343147,0.118481859564781,8.90970986050162,48.4696352704455,6139836.0,92982211.70000003,217.81477921031427,0.0,1896561364.572014,0.0,1.0,0.0,0.0,6.97,13775214.0,137.67926687541944,0.0,0.0
CMR,Cameroon,1998,40.7,18.1029031939566,19.001000498789,0.0464258417487145,0.89,13.532,6.433485295997762,-1.88,2892.222,14.788697835120884,11.12880245538999,1.7003329992294298,27.5442174044136,3.1707518538690707,0.0,18.618701997511412,53.043,15.3640978595003,0.0154146966487108,0.034929378000001,0.0,2.0516754025480006,0.921,-0.7849999999999999,2.980203027759026,0.741,12.169728634736035,0.1039999999999999,45.5692727876606,0.778103888034821,0.106256917119026,0.120748862624168,5.51531751570534,42.2946538344074,6386187.0,156201219.79999995,188.3697348912168,0.0,1080591638.80965,0.0,1.0,0.0,0.0,6.97,14144860.0,76.3946506935841,0.0,0.0
CMR,Cameroon,1999,40.7067756652832,17.2076561265561,18.9787903350983,0.0473372973501682,0.89,13.424,6.763599693877261,-1.704,2927.7350000000006,14.761285707245746,11.348306416,1.72049605846405,27.4605534316155,1.8717450067200792,0.0,20.284557242572305,53.166,15.4327495727127,0.0107622058372602,0.0408191779999995,0.0,2.7393088165397,0.921,-0.6744999999999999,2.9560276220626767,0.741,11.401938473931985,0.1039999999999999,45.6788784946962,0.776348173618317,0.106553770601749,0.122441150248051,5.15124734114853,37.2383798464814,6638943.0,229367825.8,187.107212731668,0.0,1331569446.2636857,0.0,1.0,0.0,0.0,6.97,14525140.0,91.67343283876683,0.0,0.0
CMR,Cameroon,2000,41.0,15.2395106888265,18.1177424642566,0.0477035231888294,0.875,13.275,7.248347709787041,-1.482,2943.7610000000004,16.119,11.694396252,1.73868060112,28.4827009917297,1.22719012976132,0.0,22.968379668580937,53.338,14.7402693384168,0.0193819949111034,0.6925609999999978,0.0,5.65350106318017,0.921,-0.564,3.087056070067481,0.794,14.095290338766768,0.1039999999999999,45.0294526824351,0.767184674739838,0.1044434756040569,0.125657588243485,8.33574817486337,47.9279442460149,6896344.0,267051729.9,177.03769943593875,0.0,1859997484.4643292,0.0,1.0,0.0,0.0,6.97,14912631.0,124.7263131813782,0.0,0.0
CMR,Cameroon,2001,46.2,12.98333406833,18.6209582669445,0.048583272844553,0.875,13.071,7.840749159026238,-1.55,2963.2819999999992,15.463,14.089884997,1.75137519836426,26.1843316001578,4.41977245881146,0.0,22.880634451338988,53.598,14.5294467948212,0.0184512221716902,2.7257299999999987,0.0,3.59717199204675,0.921,-0.6205,3.44414625647801,0.794,14.395235624503306,0.1039999999999999,46.4356337030915,0.771234095096588,0.111413955688477,0.131827354431152,5.68439536844397,51.5722691890366,7159139.0,274498234.1000001,163.4952817082998,0.0,1423597977.3322666,0.0,1.0,0.0,0.0,6.97,15309490.0,92.98794259849718,0.0,0.0
CMR,Cameroon,2002,44.0,12.5975780363133,18.2716803952334,0.0497106797993183,0.876,12.849,8.063339602144879,-1.232,3025.499999999998,15.369,14.059786708,1.7641624212265,27.4755881959079,2.8344226012806697,0.0,15.788169465255256,53.922,15.5306950238032,0.0209055571751343,4.460940000000001,0.0,3.05284107934737,0.921,-0.677,3.83306895158711,0.794,7.616298628917453,0.1039999999999999,45.9507243180747,0.772201955318451,0.109213933348656,0.143958404660225,5.279828084591179,48.4817227279603,7431715.0,340237010.0,141.53736398066076,0.0,1280672050.7863228,0.0,1.0,0.0,0.0,6.97,15725528.0,81.43904934615377,0.0,0.0
CMR,Cameroon,2003,45.1,14.6750300188421,17.473784234889,0.0501528158783913,0.876,12.645,8.238549709599042,-1.268,3092.7869999999984,13.723999999999998,12.635101643,1.77704298496246,28.4233912786935,0.6231635573743155,0.0,20.372699772137192,54.253,15.5805470862548,0.0082439263845571,6.664459999999991,0.0,2.31676395154355,0.921,-0.429,2.51005691533748,0.794,11.447237941678406,0.1039999999999999,45.9000169949749,0.770385146141052,0.114735201001167,0.129500985145569,5.0826805069134,40.2431925894529,7713743.0,383479225.6,147.2938506849315,0.0,1341148947.0633206,0.0,1.0,0.0,0.0,6.97,16160340.0,82.99014420880505,0.0,0.0
CMR,Cameroon,2004,47.10000000000001,17.2879256715259,17.5609527218813,0.0504548996686935,0.859,12.445,7.79541952361572,-1.609,3208.1630000000005,12.952999999999998,13.06360872015772,1.79001760482788,27.6768854698155,0.233647380067584,0.0,22.798278788390043,54.578,15.410790288914,0.0100498206680562,9.216270000000002,0.0,2.75939445890458,0.921,-0.359,1.19458746449417,0.794,13.163446774446028,0.1039999999999999,48.1104019430089,0.753212630748749,0.11341305077076,0.140587717294693,4.73178788679167,41.8377424272557,8003379.0,371406379.3,176.55329943593875,0.0,2246996582.052948,0.0,1.0,0.0,0.0,6.97,16610487.0,135.27577981626595,0.0,0.0
CMR,Cameroon,2005,47.2,17.3040230714456,16.734176851979,0.0508788153529167,0.797,12.238,8.402862425801551,-1.476,3160.419,15.456,12.866743003299227,1.80308699607849,27.9657412557505,2.01353950175986,0.0,22.850474416832338,54.904,15.026144152072,0.0149995961676797,13.1922,0.0021223957771239,5.28439433394488,0.921,-0.182,4.28445077053617,0.794,13.227118622915908,0.1009999999999999,48.1626860371302,0.744303286075592,0.114410258829594,0.135853230953217,7.39166566634719,44.9976813478478,8295484.0,306983756.0,171.00978614020954,0.0,2855948328.761872,0.0,1.0,0.0,0.0,6.97,17074594.0,167.26303001769014,0.0,0.0
CMR,Cameroon,2006,49.0,19.5562776261121,15.6250817945247,0.0508968383073807,0.797,11.978,8.123532984188053,-1.255,3183.780999999999,40.718,12.822147988,1.81625187397003,28.704565046287,5.11757816019469,0.0,15.315770703990198,55.301,15.1145771495117,0.039115141119154,17.8682,0.0058555994931319,6.18342969188823,0.936,-0.245,29.0116417875452,0.794,5.926222571963936,0.1009999999999999,47.9296207330584,0.739020228385925,0.11298343539238,0.13270477950573,8.54390800832229,47.1044341803567,8635576.0,44774855.399999976,177.03879500402903,0.0,3479980262.198755,0.0,1.0,0.0,0.0,6.97,17550407.0,198.28487522817875,0.0,0.0
CMR,Cameroon,2007,48.2,19.2898567572639,15.8575319059376,0.0513725839555264,0.83,11.703,8.28508670414223,-0.805,3224.672999999999,17.336,12.296330677,1.82951271533966,27.1251768898711,0.9214022456500944,0.0,28.444587233649557,55.71,15.2099676527559,0.0390110756046045,25.1303,0.0049330640108032,6.03958891829607,0.936,-0.326,4.31383504250279,0.794,22.68817471548526,0.0989999999999999,49.1015543996337,0.730470180511475,0.119944505393505,0.139079615473747,8.98192175035093,53.2156908605178,8971286.0,55407673.600000024,174.49777969379534,0.0,3692665821.739418,0.0,1.0,0.0,0.0,6.97,18049896.0,204.5810026683488,0.0,0.0
CMR,Cameroon,2008,50.6,17.7823312431331,16.0011918854665,0.0525304228067398,0.87,11.435,9.239715279032474,-1.09,3226.823000000002,17.912,14.485160954,1.84287047386169,27.6000470998579,5.33780627627498,0.0,34.422553383060915,56.116,14.3056947684094,0.0441662425191704,33.16929999999999,0.0052768354804251,7.12107584128101,0.936,-0.552,2.30087727768729,0.794,28.09729733358904,0.1009999999999999,49.5994999231808,0.743211627006531,0.123692862689495,0.149457991123199,10.0769277835546,56.9244171562734,9302971.0,62169301.899999976,177.62429057211926,0.0,4675873582.815344,0.0,1.0,0.0,0.0,6.97,18574056.0,251.74219259462467,0.0,0.0
CMR,Cameroon,2009,51.7,16.2072805332805,16.3871903453991,0.0534284301102161,0.87,11.174,9.643957385170452,-1.017,3221.4419999999973,14.661,14.295502206,1.85632574558258,26.5112531811637,3.0436184793999903,0.0,33.284018307371866,56.486,14.8792991867479,0.0619603414591366,41.8758,0.0044795666249973,3.18641938368574,0.936,-0.475,0.207246881737886,0.794,27.438272883410654,0.1009999999999999,50.6233092722091,0.756431818008423,0.126665025949478,0.143209606409073,5.82385438485316,42.1761073594765,9647093.0,452571505.1,147.53726398066078,0.0,2564624034.4700966,0.0,1.0,0.0,0.0,6.97,19113974.0,134.1753438855832,0.0,0.0
CMR,Cameroon,2010,52.8,15.4465925711388,17.2697108767217,0.053558211773634,0.87,10.86,10.777937424221696,-0.931,3226.116,14.254,14.515205806,1.86987924575806,25.8445117305141,1.2753804624233798,0.0,33.32785134938577,56.965,14.5199737898429,0.0721667406406687,43.9121,0.0529414980109187,4.14191421736693,0.936,-0.7369999999999999,-0.6930597076824061,0.794,27.46021838681525,0.1009999999999999,50.6327279323192,0.745822966098785,0.129427045583725,0.149314910173416,6.92041886170631,47.2385853965951,10001311.0,444586426.5,140.464741821112,0.0,2839247200.630766,0.0,1.0,0.0,0.0,6.97,19668066.0,144.3582302718918,0.0,0.0
CMR,Cameroon,2011,53.7,15.6763582768318,16.6973907363193,0.0534471720457077,0.87,10.52,12.326365070491498,-0.669,3248.2649999999994,15.588,15.329852147,1.87274312973022,25.7767597299444,2.9396994630509106,0.0,23.755966579780356,57.482,15.1890862079643,0.1075043200361439,51.831,0.049940575845557,5.25804310748538,0.933,-0.662,-1.94940662436417,0.794,20.93822808897304,0.1049999999999999,51.7703818821919,0.741048395633698,0.128244161605835,0.152361467480659,8.16416608406496,51.521987603918,10363590.0,441991737.5,133.464741821112,0.0,3800922388.358814,0.0,1.0,0.0,0.0,6.97,20232304.0,187.8640410088151,0.0,0.0
CMR,Cameroon,2012,55.2,15.3410289312325,16.6572401682217,0.0532555393874645,0.853,10.105,12.412020010814302,-0.922,3303.245999999999,15.756,15.07746797,1.8756115436554,26.624872181086,2.7352967752953905,0.0,23.524103818095817,58.17,15.532770064592,0.0957864454228019,62.9907,0.0951680418324432,5.26170344833076,0.935,-0.589,-1.06310120362716,0.794,20.745029254233984,0.1029999999999999,50.7616920668838,0.739338755607605,0.124980680644512,0.141943320631981,8.40581417479506,50.0360127271229,10735368.0,440023024.6,115.03484367445608,0.0,3630631368.141219,0.0,1.0,0.0,0.0,6.97,20809529.0,174.46965609559058,0.0,0.0
CMR,Cameroon,2013,56.3,15.6079028942012,16.7236611922507,0.0527341924607754,0.866,9.758,12.961137492878102,-0.934,3374.99,15.653,15.078368845,1.87848424911499,26.7419459294765,2.0503471800174093,0.0,23.892462297241323,58.73,15.2287357474586,0.0615594112069461,73.1912,0.0,4.19597685270569,0.941,-0.532,-3.20673103944051,0.797,21.037463432810434,0.0999999999999999,50.3174153036428,0.73697566986084,0.130480363965034,0.143612623214722,7.33302882488587,49.6745363462134,11118012.0,437231729.8,143.47803464947623,0.0,3797547972.8039584,0.0,1.0,0.0,0.0,6.97,21402376.0,177.43581239783651,0.0,0.0
CMR,Cameroon,2014,56.8,16.4372234858664,16.8258381780095,0.0524136759340763,0.858,9.477,13.7278364272632,-0.747,3474.884,15.975,16.018959639000002,1.8813613653183,25.7078027839026,1.8548985036677692,0.0,22.611046101849222,59.13,14.5140212331135,0.0436954410837231,77.24,0.122306805074881,3.67835628658685,0.941,-1.059,-3.70240699113203,0.797,18.712085616286657,0.0999999999999999,50.4278201457651,0.743341863155365,0.133567601442337,0.150412663817406,7.03590731300358,50.8323893087648,11537190.0,406346345.6,170.5594206285254,0.0,3887513375.300057,0.0,1.0,0.0,0.0,6.97,22059893.0,176.2253958031463,0.0,0.0
CMR,Cameroon,2015,58.6,14.5125419384521,17.2094159041593,0.0521371252834797,0.858,9.2,14.1903930856487,-0.738,3572.366,15.823,15.419441095,1.88424289226532,25.0914880063978,2.6762353141989994,0.0,23.3817867208018,59.687,14.3500581853268,0.0446758359983915,79.7801,0.109547491948903,1.89664344480798,0.941,-0.99,-3.8786400172653,0.797,20.639767787163915,0.0999999999999999,49.5603216890022,0.744859576225281,0.137881472706795,0.135646924376488,5.63563339959601,45.5401468279393,11983591.0,357776235.0,171.6369754995971,0.0,2614398731.3693347,0.0,1.0,0.0,0.0,6.97,22763414.0,114.85090643122928,0.0,0.0
CMR,Cameroon,2016,59.8,16.7310797641308,17.1926623891151,0.0516240037977695,0.88,8.908,14.370664048515202,-1.079,3634.3809999999994,14.303,15.439116114,1.88712894916534,24.1821445706245,0.8741903832888553,0.0,33.20535815588422,60.293,13.8415343692757,0.0547069367728852,79.8046,0.075259562096555,1.55546940126434,0.949,-1.061,-5.15867253175701,0.797,27.376801510565727,0.084,50.4664605241712,0.721149265766144,0.138514325022697,0.144684076309204,5.36737216526029,40.638631526826806,12426367.0,318199294.5,169.01867253988718,0.0,2086013899.2349265,0.0,1.0,0.0,0.0,6.97,23454161.0,88.94003495733344,0.0,0.0
CMR,Cameroon,2017,60.9,16.5957375959735,16.6929418227731,0.0507333986461163,0.908,8.65,14.0633461453046,-1.01,3665.118,14.502999999999998,15.505036985,1.89001929759979,24.2621952863109,0.6404091498819504,0.0,23.7138380386869,60.817,13.7129455296811,0.0415320830954526,83.4503,0.0955529946977523,2.19707562839754,0.934,-1.092,-3.89453870343614,0.786,20.902143836311,0.084,50.3626877993823,0.725232183933258,0.139322564005852,0.148648455739021,6.08352640758934,39.1990216052629,12863323.0,602413053.0,158.7796009935536,0.0,2114298199.6584003,0.0,1.0,0.0,0.0,6.97,24128601.0,87.62622415026881,0.0,0.0
CMR,Cameroon,2018,62.2,16.0026506936533,16.4988006978593,0.0496206395328045,0.91,8.431,14.682077628989802,-1.311,3714.217000000001,15.545,16.467208841,1.89291405677795,24.6822312095632,1.0688581131292008,0.0,23.196517518743008,61.189,13.6850154316949,0.0,74.3995,0.356813520977837,2.78430133697793,0.9469999999999998,-1.402,-1.5134541503753898,0.773,19.746990046805983,0.078,50.4464488185533,0.723495244979858,0.145494803786278,0.144597724080086,6.10463986256462,40.587602877028,13304652.0,714177033.9,156.68283094117646,0.0,2458120993.4122963,0.0,1.0,0.0,0.0,6.97,24806383.0,99.09227771788802,0.0,0.0
CMR,Cameroon,2019,63.2,14.711625507849,16.8022835644401,0.048637505620718,0.853,8.163,14.091092875124396,-1.346,3743.3169999999977,15.421,16.677158238,1.89581322669983,23.826878053897,2.4528021406273197,0.0,23.062696049943327,61.695,12.8257802062343,0.0,83.9044,0.49071048227931,2.42269397588966,0.949,-1.562,-2.24732431071746,0.812,19.645037812641934,0.076,51.0268734763051,0.731020987033844,0.14861074090004,0.135897740721703,5.55584424286198,43.3785132480415,13760230.0,760370154.8,140.33276265108785,0.0,2163492428.3456984,0.0,1.0,0.0,0.0,6.97,25506095.0,84.8225660708038,0.0,0.0
COD,"Congo, Dem. Rep.",1995,14.75311798310564,12.832488973371785,56.5439892558885,0.0200464073568583,0.86,15.799,1.0631201412233082,-1.348,1092.6980000000003,1.610999999999997,3.927492273,1.47929739952087,16.864006974389405,541.908883239027,,19.589098466870684,50.381,8.83855851534866,0.365253823097639,0.019636927999997,0.0,1.8044047302603603,0.914,-2.683,-0.465831810673717,0.143,6.51235881984775,0.0499999999999999,25.791997311954105,0.752921402454376,0.184075117111206,0.0674519762396812,36.2921410617751,52.2085314177979,14421479.0,485145744.9,75.77509824365244,0.0,673596762.7968084,0.0,1.0,0.0,0.0,4.34,44433704.0,15.159590629599737,0.0,1.0
COD,"Congo, Dem. Rep.",1996,18.778806520682203,17.319792255925847,33.2619815378394,0.0194078497588635,0.86,16.522,1.0057466578683645,-1.335,1041.958999999999,1.610999999999997,3.5594184197945467,1.49378287792206,32.3539577528642,492.441850235414,,17.964756871047797,49.376,8.83855851534866,0.3013688823185909,0.0163196069999926,0.0,2.19515258214803,0.914,-2.683,-0.465831810673717,0.143,12.894205908637904,0.0479999999999999,33.5209202292819,0.816373348236084,0.169957146048546,0.066181555390358,36.29903341221521,60.3162567434145,14914320.0,433202714.2,80.03348928609967,0.0,738758233.5097691,0.0,1.0,0.0,0.0,4.34,45296124.0,16.309524265470685,0.0,1.0
COD,"Congo, Dem. Rep.",1997,11.92778211385567,9.49889840869904,47.50000059375,0.0190014000982045,0.8200000000000001,15.744,0.9483731745134136,-1.506,915.7129999999996,1.456000000000003,3.3306847348807693,1.50841009616852,21.250000265625,198.516707416463,,27.0369817344342,50.461,6.250000078125001,0.196892316502676,0.0198562329999987,0.0,1.8203081208373997,0.914,-2.7655,-0.465831810673717,0.143,14.024691484342592,0.038,29.9262491240781,0.740145742893219,0.199129030108452,0.0649604126811027,32.2278074977846,33.750000421875,15376899.0,406479090.4,77.92551815853776,0.0,695079229.2285634,0.0,1.0,0.0,0.0,4.34,46029902.0,15.100601978873721,0.0,1.0
COD,"Congo, Dem. Rep.",1998,12.215795033982502,11.024865906904823,46.4999674321061,0.0187696423381566,0.741,15.865,0.8909996911584628,-1.804,862.969000000001,1.2360000000000009,3.360593624322073,1.52318060398102,20.4456503112709,29.1488069236652,,19.379120642908784,49.664,5.94300249194689,0.212448292720936,0.0217886169999985,0.0,0.797078595749003,0.937,-2.848,-0.6389645717730001,0.143,11.642804471981965,0.045,30.9862944672749,0.85365504026413,0.124040126800537,0.0641648545861243,32.1829001126895,62.6793067265869,16031907.0,423415751.4,75.35001396265284,0.0,564872922.4151644,0.0,0.0,1.0,0.0,4.34,47297600.0,11.942951067605213,0.0,1.0
COD,"Congo, Dem. Rep.",1999,18.64075428106307,7.293258141215539,52.3661649268665,0.0183860044926404,0.741,15.577000000000002,0.9030450691896448,-1.529,813.8770000000004,0.7989999999999959,3.742534032770912,1.53809583187103,18.7144488639215,284.894975914087,,15.1160679271254,50.089,5.01459736098321,0.35166289490923,0.0254090660000017,0.0,1.7397570661530102,0.937,-2.661,-0.8625414111807461,0.143,2.8470153721478817,0.0529999999999999,28.2944718563066,0.772602081298828,0.0994890555739403,0.0821458026766777,28.4965787872588,41.1776608191529,16823215.0,530252755.0,297.7528262061101,0.0,3438935947.3624077,0.0,1.0,0.0,0.0,4.34,48912971.0,70.30723910355819,0.0,1.0
COD,"Congo, Dem. Rep.",2000,6.700000000000003,8.575684237040239,31.972358265241503,0.0179393030703068,0.741,14.619,0.7762527244485682,-0.978,725.8840000000018,0.637000000000004,3.5759190764038973,1.55315709114075,22.4057063027137,513.906843747535,,17.80869731380709,51.887,9.90831810404657,0.077461316272629,0.0296986000000032,0.0,0.862629545247728,0.937,-2.474,-1.37726056182822,0.143,12.206784144198322,0.0809999999999999,44.5134186173392,0.864687442779541,0.0990721583366394,0.0974666327238082,7.51126046065517,27.0144029227569,17627539.0,503350614.5,319.11326038484293,0.0,5576651029.440139,0.0,1.0,0.0,0.0,4.34,50507442.0,110.41246217617076,0.0,1.0
COD,"Congo, Dem. Rep.",2001,7.099999999999994,9.344303450684484,32.8709040200447,0.0175753328949213,0.741,14.382,0.5439040711067733,-1.47,690.5149999999994,2.985000000000003,3.933154482687246,1.56119608879089,30.0162665475473,359.936614264586,,42.89783024588736,52.205,19.8076885846759,0.115803321235549,0.2877280000000084,0.0,1.71728779678104,0.937,-2.225,-0.251620578903035,0.143,22.153196031500062,0.0809999999999999,34.5450001204126,0.849385976791382,0.0660252049565315,0.105511121451855,18.4200094895652,25.041937513839105,18462960.0,485509987.5,321.30062511949393,0.0,4568631819.629683,0.0,1.0,0.0,0.0,4.34,52132646.0,87.63475806752035,0.0,1.0
COD,"Congo, Dem. Rep.",2002,7.700000000000003,9.293686283240826,26.5837793204992,0.017276830971241,0.741,14.204,0.4913875119317978,-1.339,689.637999999999,4.8919999999999995,5.638047104121069,1.56927669048309,32.6183368838049,31.5225826025495,,45.25079657606321,52.371,21.2167905566391,0.1270836584952099,1.0418499999999966,0.0,1.45214336853988,0.937,-1.976,1.40060418520875,0.143,24.11735867346438,0.0809999999999999,38.0515982890655,0.73448520898819,0.10560680180788,0.152235776185989,18.8676859222972,29.316845642982106,19316360.0,688337211.7,300.2774621052948,0.0,4319777280.742379,0.0,1.0,0.0,0.0,4.34,53750524.0,80.36716592274298,0.0,1.0
COD,"Congo, Dem. Rep.",2003,8.299999999999997,9.257062879549498,26.0538388066067,0.017133330926299,0.741,13.814,0.7959868094364282,-1.401,712.5800000000017,4.943999999999999,5.507209617136128,1.57739913463593,28.8579384069788,12.8739657187405,,45.44124055733604,52.952,18.2984058567587,0.216470606221018,2.2517899999999926,0.0,1.59353042142954,0.936,-2.028,-0.883212312140794,0.143,23.986163301088837,0.0869999999999999,41.9888095470269,0.832518041133881,0.0891282111406326,0.144109204411507,29.5533566420657,54.0313561776419,20181397.0,831661745.7,66.55672597534547,0.0,964143500.8256844,0.0,0.0,0.0,0.0,4.34,55343867.0,17.420963750611868,0.0,1.0
COD,"Congo, Dem. Rep.",2004,9.0,9.277708093657312,23.8793594908244,0.0170398000627756,0.741,13.411,1.0952359404733372,-1.473,742.9789999999994,7.0169999999999995,4.822447921364073,1.58556365966797,31.7824234941503,3.9943840081597095,,45.237591376177086,53.534,17.6415058357846,0.405551757964498,3.4926299999999983,0.0,2.13752329731202,0.936,-2.388,-0.0131368178400247,0.143,23.73940871599811,0.0879999999999999,40.173975662304,0.787808001041412,0.126986742019653,0.122225761413574,24.0864214623167,49.3364146254994,21089164.0,952113158.8,78.17334252681418,0.0,1966077383.0533297,0.0,0.0,1.0,0.0,4.34,56997741.0,34.493952717412604,0.0,1.0
COD,"Congo, Dem. Rep.",2005,6.0,7.688522981741281,19.8446510872333,0.0169948879629374,0.741,13.098,1.1396070479690934,-1.789,790.005000000001,8.886,5.287113924,1.5937705039978,31.706002446974,21.3168167229341,,45.43690608200184,54.001,15.0082781288568,1.52097033196487,4.672159999999998,0.0,2.66413154294407,0.936,-2.129,1.72178044701536,0.143,23.559387566994424,0.0879999999999999,44.6160533240911,0.777433693408966,0.151063799858093,0.128935724496841,23.7428655133964,51.0276749145565,21983222.0,914412643.5,167.95143432615453,0.0,2139425747.8235016,0.0,0.0,1.0,0.0,4.34,58775724.0,36.39981955515344,0.0,1.0
COD,"Congo, Dem. Rep.",2006,10.200000000000005,12.222252955237698,20.3859027537723,0.0171830840408801,0.745,12.803,1.9443972975503527,-1.625,804.0289999999986,9.439,5.980021767,1.59951412677765,29.2943469787201,13.0526949745101,,46.43583333333329,54.498,13.4106294053824,5.05804607329062,7.284339999999993,0.005137695711196,2.58333183654341,0.926,-2.247,2.37528259286141,0.143,26.8521672115927,0.0949999999999999,44.9515505509654,0.730916142463684,0.152236223220825,0.1223246380686759,24.025816181170597,44.7667089929736,22914318.0,962479014.4,233.987906996962,0.0,3089444152.655372,0.0,0.0,1.0,0.0,4.34,60615908.0,50.9675472098079,0.0,1.0
COD,"Congo, Dem. Rep.",2007,15.200000000000005,13.5853465374793,18.2652590798129,0.0176399406045675,0.759,12.53,2.4109542135552573,-1.601,844.7860000000001,9.191,6.319985019000001,1.60527849197388,34.3633671355341,16.945100654195,,47.0010183333333,54.954,14.8285019089602,2.41940915087099,10.551000000000002,0.0085533364806231,2.54642184974013,0.926,-2.178,1.50323749160843,0.143,21.8304014342516,0.0939999999999999,43.5982480710875,0.758071482181549,0.137281388044357,0.11426255851984,25.763708024321296,72.9983031777719,23867614.0,944635524.0,232.2592826682549,0.0,3734216291.941841,0.0,0.0,1.0,0.0,4.34,62477752.0,59.76873642863849,0.0,1.0
COD,"Congo, Dem. Rep.",2008,11.599999999999994,3.7019758528474505,18.2329625593996,0.0183029323816299,0.759,12.264,4.344586411705059,-1.593,878.3319999999985,9.654999999999998,6.330487588,1.61106359958649,32.9518891770136,17.3013845700157,,43.1541666666667,55.388,13.3109785359421,4.34789395952976,15.433300000000004,0.008963235415929,2.83293568116403,0.926,-2.003,-0.076290971083841,0.143,14.8694003808125,0.0939999999999999,44.4684392267681,0.797610759735107,0.150736629962921,0.112170502543449,28.458407091659197,72.9527093196566,24854619.0,787245859.4,322.47116940806103,0.0,6327633892.485245,0.0,0.0,1.0,0.0,4.34,64390664.0,98.26943068152309,0.0,1.0
COD,"Congo, Dem. Rep.",2009,12.299999999999995,8.91948062060077,17.2150539616489,0.0197439398616552,0.758,12.006,5.31192894200943,-1.787,855.1330000000016,13.300000000000002,10.230506544,1.61686956882477,35.9314571550511,2.7999999999998195,,65.4175,55.798,19.9293745544653,3.809428143282,14.242199999999997,0.0081376594459376,1.37907393656144,0.92,-2.001,1.23723516147501,0.143,40.3110300261998,0.0999999999999999,42.0586123920764,0.81550133228302,0.111946791410446,0.162105977535248,28.261800820164,63.0860045505312,25898218.0,1600700624.2,402.11250775721845,0.0,4487183933.096151,0.0,0.0,1.0,0.0,4.34,66412044.0,67.56581581943406,0.0,1.0
COD,"Congo, Dem. Rep.",2010,13.0,20.8196292045724,28.8558506334207,0.0217509865760803,0.758,11.654,3.323821635045938,-1.433,892.9209999999985,14.385999999999996,10.870013702,1.6226963996887198,29.1029769216412,7.10000000000037,,56.5183333333333,56.411,5.5254405381140295,6.41161516606728,17.240099999999998,0.0077997629672618,1.80606291179953,0.924,-2.197,-0.671111276554679,0.1729999999999999,16.1974614240562,0.1039999999999999,37.5993158688842,0.808226406574249,0.153243780136108,0.148689612746239,25.9608846428413,80.9975153909582,27007916.0,1109863980.1,498.1165280567915,0.0,7349257381.942756,0.0,0.0,1.0,0.0,4.34,68563038.0,107.18978616354129,0.0,1.0
COD,"Congo, Dem. Rep.",2011,13.700000000000005,20.1806519067108,15.741544467002,0.0243317149579525,0.76,11.367,3.938737052371146,-0.757,930.4049999999988,12.728000000000002,17.098352312,1.63658380508423,38.636424619178,15.316515913949,,43.75340275,56.911,14.3031352127062,9.3917398141362,22.081900000000005,0.0095730701789558,2.44284320183572,0.924,-2.213,-0.246126052291948,0.1729999999999999,39.5052052139538,0.1039999999999999,40.2616539649032,0.725808143615723,0.13936074078083,0.211108207702637,28.8830474855316,83.4133637998303,28187377.0,1258403794.4,639.2667248368226,0.0,8882034167.796558,0.0,0.0,1.0,0.0,4.34,70849311.0,125.36514529825926,0.0,1.0
COD,"Congo, Dem. Rep.",2012,15.4,8.62792652332201,15.3232580698254,0.0273369196802378,0.773,11.113,4.695474195569098,-1.528,979.3590000000004,15.113,16.434102349,1.65058994293213,39.1726260796598,9.72182806273364,,28.4466666666667,57.35,16.1921118341111,7.62424604775848,27.4285,0.0065690524153955,2.05735950238427,0.92,-2.086,2.2853401595947,0.1729999999999999,22.6407148868129,0.1049999999999999,39.5487534325728,0.815861999988556,0.146891564130783,0.1158593147993089,27.122970462756797,66.7056747465748,29431536.0,1259756147.7,746.4553290921567,0.0,8338611841.814446,0.0,0.0,1.0,0.0,4.34,73254618.0,113.83052795134972,0.0,1.0
COD,"Congo, Dem. Rep.",2013,15.200000000000005,13.7193947976729,13.6738761208634,0.0291808862239121,0.777,10.844,4.913971987594422,-1.223,1040.1490000000013,13.697,15.033239019,1.66471600532532,39.9816041724909,0.8082231014871102,,19.3660119047619,57.795,14.3921788875029,7.80936228605857,37.2505,0.0035650346518352,1.5624595976329,0.9469999999999998,-2.192,3.7630126396551304,0.178,12.6439880829609,0.083,40.9779095596647,0.723596930503845,0.155300170183182,0.171023100614548,25.746219512295,72.5557545139014,30745883.0,1262280118.2,1040.9073069065269,0.0,8832609842.313826,0.0,0.0,1.0,0.0,4.34,75789395.0,116.54150085660171,0.0,1.0
COD,"Congo, Dem. Rep.",2014,13.5,16.8168040806029,12.488689362081,0.0301733873784542,0.777,10.595,5.353617632642397,-1.617,1081.4599999999991,17.296,14.468607223,1.70311319828033,41.6198309477347,1.2430388976080309,,18.6925,58.236,15.0815603659497,6.96634515795802,47.3232,0.000561016888275,1.0574581164719,0.951,-2.1680000000000006,4.06330285943097,0.178,15.1552569123836,0.083,41.408347283971,0.729259550571442,0.1477060765028,0.180303961038589,24.5568779878184,74.1131729382021,32111135.0,1187531873.7,1148.912893318644,0.0,9588026392.604286,0.0,0.0,1.0,0.0,4.34,78403242.0,122.29119801709585,0.0,1.0
COD,"Congo, Dem. Rep.",2015,16.60000000000001,13.2870553133712,12.456053797914,0.0304833445698022,0.81,10.349,5.931674715930228,-1.385,1114.6620000000005,15.887,12.257675168,1.73415064811707,40.537636098592,0.7441989947814704,,19.3708333333333,58.658,16.825427556868,3.2899447509583,46.5879,0.0002185659727755,0.3455341218291341,0.96,-2.139,-1.0500819418423797,0.178,21.0913993029501,0.072,42.3570507639146,0.71930855512619,0.177159279584885,0.149247318506241,20.1093927301662,57.7539236163245,33502987.0,1097782692.5,1166.0350152740232,0.0,8080858126.33152,0.0,0.0,1.0,0.0,4.34,81035531.0,99.71993799030601,0.0,1.0
COD,"Congo, Dem. Rep.",2016,17.299999999999997,11.0901334145536,12.2895509013421,0.0301665011793375,0.81,10.076,7.112128151255803,-1.542,1083.5210000000006,13.451,12.118310158,1.76421427726746,38.655052456977,2.8858510728998805,,19.0458333333333,59.081,16.3700223244065,2.46160219519804,34.40990000000001,4.59100664006451e-05,0.3066781100449862,0.96,-2.225,-0.666593639331721,0.178,14.0221262627849,0.072,44.4535955216769,0.824888169765472,0.129091203212738,0.123255982995033,20.5721227000572,68.0083342860132,35034213.0,989239968.6,1132.6300046950544,0.0,6762710874.032414,0.0,0.0,1.0,0.0,4.34,83956415.0,80.55025782166156,0.0,1.0
COD,"Congo, Dem. Rep.",2017,18.0,22.2790725674046,12.2591059827241,0.0301268473267554,0.825,9.867,5.535986341328979,-1.3,1087.4989999999998,11.09,15.321828961,1.78063941001892,39.2934247373311,2.8858510728998805,,20.6208333333333,59.495,13.8219778041361,7.001726398849981,40.6223,4.854149013022724e-05,0.6599024107813349,0.964,-2.339,0.1966748713358639,0.174,-10.798429044567198,0.063,45.173960243307,0.821607053279877,0.069830559194088,0.162730440497398,24.765655843734095,65.9184525277578,36673221.0,953621644.6,1227.720799078364,0.0,11301003189.447536,0.0,0.0,1.0,0.0,4.34,87083398.0,129.77218906234614,0.0,1.0
COD,"Congo, Dem. Rep.",2018,18.700000000000003,16.4300997472639,12.3021936655493,0.0302089732140303,0.825,9.647,5.917385648659618,-1.76,1103.780999999999,10.945,15.730674835,1.7972174882888805,38.2165467089592,2.8858510728998805,,24.7483333333333,59.926,11.1749836363491,8.09288830144681,40.5014,6.122989060586281e-05,0.7834951135026671,0.965,-2.0810000000000004,-0.9431096487042192,0.2039999999999999,-3.92075875738656,0.076,46.4519161839569,0.80144864320755,0.0840813592076302,0.165329441428185,18.4167757889728,72.5591739081336,38265440.0,839163299.8,1366.4215983078163,0.0,16142769653.14673,0.0,0.0,1.0,0.0,4.34,90047644.0,179.2692061232244,0.0,1.0
COD,"Congo, Dem. Rep.",2019,19.1,15.320398862822,13.1512157041087,0.0302767083048821,0.771,9.46,6.63540522970596,-1.095,1116.6709999999985,10.96,13.119247,1.80343377590179,34.4712510908167,2.8858510728998805,,26.7358333333333,60.242,11.5012106732224,3.63527603517241,39.94,6.041727968653099e-05,0.6293093833343288,0.94,-1.624,-2.9646673107182906,0.2059999999999999,24.9897727890946,0.1119999999999999,49.4130479383798,0.725551128387451,0.104044087231159,0.204567804932594,12.7500585788424,60.9143523742792,39850945.0,1129700742.7,1580.0454996776791,0.0,10582060498.258356,0.0,0.0,1.0,0.0,4.34,92947442.0,113.8499378848786,0.0,1.0
COG,"Congo, Rep.",1995,52.38157163871362,-3.96527157070625,10.4525658019315,0.0485248528420925,0.792,11.476,8.112384018178368,-0.831,4912.427,21.201,21.95682136,1.9017893075943,44.8683961370952,9.41800743452228,0.0,18.453135798774223,55.474,8.13292936943761,0.0399320210296036,0.0,0.0,31.3905248097934,0.639,-1.225,5.88424678301968,0.495,14.521586133363032,0.466,44.6790380609733,0.464311599731445,0.189427763223648,0.26495823264122,39.1289096653397,128.312504260557,1550883.0,18581125.100000024,179.754411,0.0,2298311181.0031567,0.0,1.0,0.0,0.0,6.29,2749461.0,835.9133593832233,0.0,0.0
COG,"Congo, Rep.",1996,43.3835859705354,-0.3653642828066843,8.98668923597753,0.0489875599741936,0.792,11.608,7.547203200738629,-1.552,4950.046,24.914,15.680459535,1.91660988330841,51.8427329383704,10.0311203319503,0.0,18.700737499186637,55.24,6.70154651073325,0.0994954758020607,0.0355038620000058,0.0,34.2466290821695,0.639,-1.225,9.88580080939297,0.495,12.180309860080634,0.466,39.1705778256521,0.571222066879273,0.0423299074172973,0.179922863841057,39.2687753315493,128.407663306917,1606443.0,37956393.0,200.3872131,0.0,3023333921.8052063,0.0,1.0,0.0,0.0,6.29,2826785.0,1069.530905889626,0.0,0.0
COG,"Congo, Rep.",1997,30.75842212778587,12.9686558204873,9.13919008630228,0.0483036935329437,0.857,15.461,7.857711883159986,-1.942,4800.738000000001,25.865,18.580823853,1.9315459728241,56.8636128937081,8.068304012247026,0.0,78.2171002593343,48.575,5.45843475695213,0.492168672200092,0.075460620500003,0.0,38.8429815606382,0.811,-1.363,4.11485905590523,0.495,-3.0392788124374324,0.13,33.9971970199897,0.424205631017685,0.183496862649918,0.112992897629738,45.5915923371128,135.758179538246,1654677.0,33507273.5,224.7366575,0.0,3060627633.337056,0.0,1.0,0.0,0.0,6.29,2887862.0,1059.824753861873,0.0,0.0
COG,"Congo, Rep.",1998,32.86142301106731,7.942838997234919,10.9555690809495,0.0481832586228848,0.857,12.979,9.739153117120246,-1.495,5119.75,19.908,19.224024536,1.94659829139709,46.0568646204678,6.105487692543754,0.0,51.67834679392672,52.551,6.955916876793321,0.0008933528274178,0.115417378999993,0.0,23.4026290591939,0.811,-1.501,-4.97626838470038,0.495,6.579031630796914,0.133,42.9875662985827,0.343712538480759,0.255847215652466,0.316378861665726,30.5229307392362,148.901662464134,1706525.0,34160216.599999905,263.7833425,0.0,2355962846.4419513,0.0,1.0,0.0,0.0,6.29,2952061.0,798.0739037716196,0.0,0.0
COG,"Congo, Rep.",1999,34.022100552699925,25.3029356019092,8.35575795211481,0.0478065237402916,0.857,11.923,10.9017456703236,-1.363,4801.519,24.006,14.964036958,1.9617680311203,61.2709583937073,4.14267137284048,0.0,41.75253575554354,54.427,5.4647070999793,0.0005286021929373,0.1657462780000003,0.0,34.4709216830853,0.836,-1.212,5.56024951620876,0.495,12.3473459491562,0.144,30.3732836541779,0.503175556659699,0.0874292328953743,0.122756458818913,39.243722535284306,131.394190298765,1769537.0,42348795.20000005,266.266,0.0,3288878052.9197955,0.0,1.0,0.0,0.0,6.29,3032874.0,1084.4097225667124,0.0,0.0
COG,"Congo, Rep.",2000,29.4,51.191785610538,5.30425299890949,0.0461699552834034,0.857,11.257,4.780545256270457,-2.079,5164.860000000002,23.692,15.225064115,1.97705602645874,72.1526717557252,-0.8819915170254315,0.0,27.67730337567744,55.371,3.4765539803707703,0.0006344670596347,2.221269999999997,0.0,55.9533665542603,0.836,-0.923,7.23609925687928,0.495,4.809831008698541,0.144,22.543075245365305,0.1869496703147889,0.0898940861225128,0.161353200674057,59.6838725227388,123.909884405671,1855976.0,53979561.29999995,265.0,0.0,5020883638.492104,0.0,1.0,0.0,0.0,6.29,3151345.0,1593.2510209107868,0.0,0.0
COG,"Congo, Rep.",2001,30.299999999999997,31.2771254820142,5.79993165063711,0.0452231429517269,0.801,11.151,4.897427134697061,-1.572,4734.399000000001,28.373,14.018069931,1.98404741287231,65.4884538397696,0.0559899218140582,0.0,29.57461317504952,55.885,4.51105795049553,0.0007226547681833,4.583600000000004,0.0,43.2924415564204,0.836,-1.255,6.190870873774241,0.495,8.112820822783565,0.144,28.7116145095933,0.391727089881897,0.10886350274086,0.164055109024048,48.0984534986102,130.732481081873,1945254.0000000035,50928983.29999995,248.0,0.0,3919919342.0448494,0.0,1.0,0.0,0.0,6.29,3272537.0,1197.8227723765535,0.0,0.0
COG,"Congo, Rep.",2002,31.200000000000003,32.7230922418732,6.26158012257114,0.0450881272554398,0.8840000000000001,10.905,2.8660743978336285,-1.615,4670.4439999999995,24.793,11.614849133,1.99106359481812,63.3189225141337,4.37875971780873,0.0,42.365113569740785,56.414,5.32091785833056,0.0008555309504566,6.6193700000000035,0.0,40.6339102482945,0.836,-1.587,0.313332356592163,0.495,2.0355629098538017,0.144,30.4194973632952,0.143934354186058,0.316894352436066,0.200304806232452,46.645011436159,135.45607107226,2009511.0,46394979.5,238.00001,0.0,3790986744.217802,0.0,1.0,0.0,0.0,6.29,3350771.0,1131.3774484194241,0.0,0.0
COG,"Congo, Rep.",2003,32.1,41.6835096045676,6.27522393936411,0.0451412498950958,0.889,10.451,3.635840141746229,-1.686,4563.773000000001,27.379,12.242284727,1.99810445308685,61.1723594842012,-0.6318449873631558,0.0,29.273997460074156,57.131,6.02421498178955,0.0003757662868595,9.57701,0.0124534187883327,32.8203228243625,0.836,-1.17,5.62297429898723,0.495,7.906148360225285,0.144,32.5524165764347,0.207679733633995,0.2404445707798,0.194498166441917,39.3172945315231,156.861777335368,2083628.0,42546293.100000024,217.000075,0.0,3894703565.2860126,0.0,1.0,0.0,0.0,6.29,3445753.0,1130.2909887290275,0.0,0.0
COG,"Congo, Rep.",2004,33.0,25.0613709409956,5.5094063034449094,0.0442906841635704,0.889,10.027,2.932649238537337,-1.816,4402.616,27.715,13.153666497,2.0051703453064,65.864484078508,2.4297660796179894,0.0,28.46885297498423,57.957,4.980047235116871,0.0043335731222743,10.759999999999998,0.0249068375766655,36.7574181614469,0.836,-1.191,8.07881079513253,0.495,8.052834449891828,0.144,28.626109618047096,0.287416577339172,0.189253151416779,0.161700174212456,40.082048227288304,131.368198717322,2172157.0,44144309.29999995,225.00006,0.0,5219626556.655417,0.0,1.0,0.0,0.0,6.29,3565554.0,1463.9033812572793,0.0,0.0
COG,"Congo, Rep.",2005,33.8,43.110879407319,6.10423786651851,0.0426835604012013,0.889,9.616,2.2103552237435338,-1.709,4638.200000000001,35.528,16.651675667,2.01226115226746,61.71041069581369,3.09449011456182,0.0,28.912029826487743,58.73,6.41356952361613,0.0035204791631298,15.101,0.0373602563649982,44.9456173814714,0.836,-1.166,17.9090081223089,0.495,4.882416281542105,0.144,29.4011383610328,0.312993466854095,0.1646998077631,0.135434463620186,48.0989114251068,119.552892262402,2266269.0,40331140.79999995,246.776135,0.0,7888578643.4885,0.0,1.0,0.0,0.0,6.29,3696393.0,2134.1287691780876,0.0,0.0
COG,"Congo, Rep.",2006,34.9,49.5857178065926,4.81314641849445,0.0415199920535088,0.889,9.246,2.0104197616463537,-2.017,4824.098,42.588,16.053190864999998,2.0145583152771,62.6291888487541,6.53784395299604,0.0,28.64507941210264,59.474,6.19527888192557,0.0067549286348486,23.9093,0.1365151959169119,50.12080934286419,0.836,-0.923,20.1994508651399,0.495,4.80946505999707,0.144,30.4641799648533,0.319985747337341,0.159898295998573,0.148149058222771,53.3147620920685,125.600762974491,2364756.0,50095015.600000024,278.43403,0.0,10302353097.013897,0.0,1.0,0.0,0.0,6.29,3837409.0,2684.715936459704,0.0,0.0
COG,"Congo, Rep.",2007,35.8,39.7415762382235,4.91981108062473,0.0413823164999485,0.881,8.964,2.1700179223150684,-1.596,4342.192999999999,37.568,35.670973268,2.01685833930969,57.0704175228573,2.6546464506070304,0.0,28.44597788237729,60.05,6.468566485984481,0.0070856450483565,32.349,0.1948800938867609,43.9536353057112,0.836,-0.772,11.3866988528196,0.495,5.0255322521007635,0.144,35.7365110433718,0.435756832361221,0.235738083720207,0.393651992082596,47.4870837640152,148.586625395069,2461906.0,52620744.79999995,223.9285,0.0,8951301379.019365,0.0,1.0,0.0,0.0,6.29,3980430.0,2248.8277344456164,0.0,0.0
COG,"Congo, Rep.",2008,36.8,49.6026275027723,4.24815097163364,0.0407098047435284,0.873,8.655,3.2133016767847025,-2.432,4465.6,48.063,30.623627792999997,2.01916074752808,63.9419789342891,4.95875092023152,0.0,29.20087482224518,60.79,5.596268705119119,0.007004799078644,43.9283,0.232242539355073,48.8603735696485,0.836,-0.7209999999999999,26.3966710272089,0.495,4.2021770429110745,0.144,29.2296120913724,0.361209958791733,0.144333839416504,0.29506117105484,52.6445029945798,133.108486659608,2551839.9999999963,53151637.100000024,236.736,0.0,12244003154.983852,0.0,1.0,0.0,0.0,6.29,4113517.0,2976.5291245870267,0.0,0.0
COG,"Congo, Rep.",2009,37.1,43.6092087922853,5.27993327507586,0.0398778468370438,0.871,8.367,4.872240314695318,-1.681,4788.98,29.189,27.726657086,2.02146577835083,55.6979481298564,4.415003747952231,0.0,18.437920986217833,61.215,6.77669543676046,0.0098888260039472,68.866,0.34102428913248,32.0193923725837,0.836,-0.25,6.0790182654979,0.495,1.275524659187969,0.1399999999999999,33.8304898548024,0.458729296922684,0.153985217213631,0.417449861764908,35.57790926750851,135.552365681975,2663656.0,167577675.39999998,276.0879,0.0,9086987777.171137,0.0,1.0,0.0,0.0,6.29,4281219.0,2122.5234628667995,0.0,0.0
COG,"Congo, Rep.",2010,40.0,58.1429322945012,4.038534521225911,0.0406607687473297,0.869,8.23,5.979740079200688,-1.452,5050.279,38.514,28.061633088999997,2.02377367019653,66.1791697837805,0.3915250112276123,0.0,28.439851068697397,61.731,5.31217687243179,0.0141542458702399,83.3372,0.490499136773879,40.9410251641332,0.836,-0.316,16.3333083123329,0.495,5.178739950252748,0.139,25.4331744328979,0.289255827665329,0.0989528745412827,0.445001661777496,43.9398414162223,124.064754399607,2784125.0,149648797.70000005,313.8935,0.0,13102372017.06726,0.0,1.0,0.0,0.0,6.29,4462290.0,2936.243950318617,0.0,0.0
COG,"Congo, Rep.",2011,40.8,55.6560933627025,3.9839361915251903,0.0408878512680531,0.869,7.952,7.169385399923932,-1.031,4996.919,43.938,26.369768199000003,2.04913234710693,65.8738951997526,1.7595870427380298,0.0,25.868757127511472,62.286,5.242004896457889,0.0197193859186748,84.2731,0.749128501169339,48.6661331517592,0.836,-0.354,16.1450670808261,0.495,2.5078753442568256,0.139,25.5372291556931,0.28046777844429,0.113557212054729,0.301118284463882,51.8437302128778,124.591742710141,2883832.0,154753144.89999998,300.5626,0.0,17020944135.239977,0.0,1.0,0.0,0.0,6.29,4609724.0,3692.399834619161,0.0,0.0
COG,"Congo, Rep.",2012,41.6,60.7877763688553,3.798774922984339,0.0401414074003696,0.875,7.767,7.412754333223958,-1.011,5343.555,37.893,29.864009815000003,2.07480883598328,65.3102191154701,5.01018773134471,0.0,18.703913872270643,62.662,4.25728211443351,0.0163254434710573,90.3529,0.697104154265071,38.0875246076633,0.836,-0.49,7.24706608607366,0.495,1.3575550307657878,0.139,26.9856799806227,0.262381911277771,0.135429158806801,0.368717551231384,41.3573491386651,97.444435145443,2973149.0,152389681.39999998,279.97025,0.0,15596894502.695454,0.0,1.0,0.0,0.0,6.29,4740450.0,3290.171714224484,0.0,0.0
COG,"Congo, Rep.",2013,42.5,59.2063383854998,4.26008218811564,0.0397434383630753,0.882,7.572,8.878672805256478,-1.357,5179.3240000000005,39.542,32.720942379287855,2.10080718994141,61.989308125115,4.631616197294609,0.0,18.743900473706912,62.969,5.920856148125109,0.0108389927350306,95.9371,0.90171887030378,29.6858074019147,0.831,-0.475,-2.65084770519997,0.582,-0.0227619859576035,0.148,28.5856778748643,0.298396080732346,0.167848140001297,0.367949992418289,33.1448495573332,93.0028633915235,3053575.0,147853242.70000005,242.54925,0.0,12958040706.68077,0.0,1.0,0.0,0.0,6.29,4857099.0,2667.8559993693293,0.0,0.0
COG,"Congo, Rep.",2014,43.4,56.5509802517049,4.55765474287642,0.0395398177206516,0.882,7.347,11.1598525258918,-1.222,5396.653,37.83,35.987408576126775,2.12713122367859,58.001415539826496,0.9121395454500972,0.0,16.827080456047725,63.349,6.05990720251214,0.0088758684469383,99.08,0.491681471556293,24.822639976710697,0.831,-0.359,-10.5501752150315,0.582,12.440517046743064,0.148,31.9010854029803,0.324709624052048,0.21466201543808,0.409264802932739,27.658231292043396,104.197620103417,3135180.0,134017362.5,253.17655,0.0,12119923166.660526,0.0,1.0,0.0,0.0,6.29,4975880.0,2435.734617125117,0.0,0.0
COG,"Congo, Rep.",2015,44.3,40.6821036548955,5.81058893116428,0.0395255088806152,0.882,7.166,15.227252169824602,-1.32,5082.196,23.483,44.53069286,2.15378499031067,48.6789561936062,3.1690979675082893,0.0,12.748440458762284,63.662,8.36764019343637,0.0100854199682749,102.323,0.529950921594635,12.274670066884298,0.831,-0.529,-17.1593129454771,0.582,14.372893659616988,0.148,39.1611584474461,0.44689291715622,0.268323928117752,0.567537605762482,15.885704604199,117.320721558581,3218388.0,122821458.29999997,234.20865,0.0,5930877882.243019,0.0,1.0,0.0,0.0,6.29,5097581.0,1163.4690811667376,0.0,0.0
COG,"Congo, Rep.",2016,45.3,25.3492904035596,6.76365035154121,0.0394676551222801,0.88,7.026,17.9395649927598,-0.598,4714.4389999999985,24.264,43.25527147,2.15652751922607,38.4474514101503,3.1905617972377307,0.0,14.329578694342429,63.911,11.4670700612109,0.0150847854361374,103.858,0.388986974310453,12.8004971968497,0.831,-0.523,-12.699081658468298,0.582,13.243371074277256,0.148,47.2058789987295,0.502031683921814,0.314837664365768,0.4923281669616699,17.0000392659621,122.259818284021,3303334.0,115577578.70000003,232.30815,0.0,4845065859.085996,0.0,1.0,0.0,0.0,6.29,5222536.0,927.7228264364278,0.0,0.0
COG,"Congo, Rep.",2017,46.2,29.892683865107937,7.30993971951451,0.039002075791359,0.867,6.881,15.784514445444202,-0.572,4345.519,21.029,22.886477866,2.15927910804749,45.9671895089887,0.4500638232855465,0.0,16.132533093856612,64.203,12.3763983593463,0.0112608678152659,94.4868,0.435295524625467,25.022776825189396,0.828,-0.534,-4.00929305610396,0.582,6.872892088693564,0.152,41.6484311025105,0.392518311738968,0.299617052078247,0.332418978214264,29.8063807729514,94.6170952583422,3390104.0,120028881.39999998,274.03015,0.0,6840638973.91085,0.0,1.0,0.0,0.0,6.29,5351011.0,1278.3825288176104,0.0,0.0
COG,"Congo, Rep.",2018,47.0,34.43607732665627,6.78839255400222,0.0386017635464668,0.862,6.758,13.0035781117488,-1.184,4144.9490000000005,23.008,18.304949104,2.1620397567749,54.391991835456,1.15277896375523,0.0,18.246484614977057,64.472,9.20702262871982,0.0,91.189,0.562029195762642,38.248715891351,0.828,-0.348,6.958646169909911,0.582,1.8161396745233924,0.163,34.7072948885714,0.343041270971298,0.21552836894989,0.207943961024284,42.6682046537325,100.583216779714,3478680.0,114865475.60000002,330.96615,0.0,10750097654.867062,0.0,1.0,0.0,0.0,6.29,5483118.0,1960.5811246205283,0.0,0.0
COG,"Congo, Rep.",2019,47.7,38.9794707882046,7.3469917082119,0.0384698547422886,0.893,7.344,12.639976280567303,-1.084,4093.990999999998,24.457,18.855519269,2.16480922698975,50.1286715725578,2.2060730578152494,0.0,18.061615461936643,63.152,9.56929234054286,0.0,91.0654,0.374465630241367,35.8517991110343,0.828,-0.299,7.22156596212073,0.582,5.9267738934912435,0.148,39.0356482656264,0.39095351099968,0.200318813323975,0.179894953966141,39.243039155317504,91.5757547930374,3567570.0,157171955.79999995,340.99715,0.0,9680629064.157145,0.0,1.0,0.0,0.0,6.29,5616661.0,1723.5558749508195,0.0,0.0
DZA,Algeria,1995,98.6,38.54079398754624,9.16614789898342,0.0359894074499607,0.529,5.835,5.199387035094851,-0.532,9093.926,27.613,15.015032071,1.7143430709838898,42.57236353448825,29.7796264864999,0.0,18.4166666666667,67.691,16.439551399602486,0.0232419159888824,0.0164723519999938,4.46124812000903,14.1774813179102,0.581,-1.783,1.5606265726845896,0.662,-7.90216593784411,0.3179999999999999,42.01194564462731,0.4106506407260899,0.291141122579575,0.295912832021713,18.8771195086714,55.1910052081435,15947041.0,1477675125.4,1314.038712,0.0,16749531584.56356,0.0,1.0,0.0,0.0,3.54,28470191.0,588.3182021702474,0.0,0.0
DZA,Algeria,1996,98.6,44.88735246634113,9.045508937723206,0.0358689613640308,0.493,5.694,5.36490270870533,-0.455,9272.29,29.584,14.92058916,1.7472060918808,42.49805826466854,18.6790758601749,0.0,19.0,68.219,15.284015269711505,0.0240730637079515,0.0403662160000024,4.63271636138877,16.3135923983909,0.581,-1.783,5.88760494301396,0.662,-4.04920735792248,0.3179999999999999,42.18151336713508,0.388119786977768,0.281419157981873,0.267613768577576,21.1719242100152,53.7051478767794,16484647.0,2031176058.9,1382.376463,0.0,20805277322.885056,0.0,1.0,0.0,0.0,3.54,29033044.0,716.606819556539,0.0,0.0
DZA,Algeria,1997,98.6,53.228976280451114,9.068296229494088,0.0357047766447067,0.515,5.52,3.907416857131551,-0.92,9219.688000000002,30.712,14.892465885,1.7806990146637,42.20259911641851,5.73352275357187,0.0,15.7083333333333,68.859,15.25477999063422,0.0167029949615872,0.0590310139999914,5.3278994745028,14.7901349570278,0.581,-1.831,5.816673931692961,0.662,8.13664537995793,0.3179999999999999,42.390367007730546,0.3862864673137669,0.307225495576859,0.26356115937233,20.3327344060761,52.2439115059386,17021583.0,2017823552.4,1452.060678,0.0,19719820947.686382,0.0,1.0,0.0,0.0,3.54,29579301.0,666.6763676290519,0.0,0.0
DZA,Algeria,1998,98.63197944573348,40.002620612640776,9.149524987700213,0.035543791949749,0.531,5.431,4.563822481552279,-0.814,9538.175,25.213,14.339159898000002,1.8148339986801103,42.267437797337735,4.95016163793114,0.0,11.5,69.327,16.09114253607795,0.043122511921964,0.0601510429999976,5.29640841954736,9.01756331973938,0.581,-1.879,0.0865591374932707,0.662,15.1040086059725,0.3179999999999999,42.26026585319741,0.372617363929749,0.308729946613312,0.302755266427994,14.6270810412232,45.0944505585079,17525977.0,2010716168.3,1457.338349,0.0,12974693935.680176,0.0,1.0,0.0,0.0,3.54,30054133.0,431.7108044900239,0.0,0.0
DZA,Algeria,1999,98.51261042856645,34.0564353373488,11.1069798696683,0.0354985743761063,0.542,5.205,5.388089301518939,-0.684,9692.945,27.595,14.269687115,1.84962320327759,44.2390490019449,2.6455111339279895,0.0,10.75,70.088,34.4790528559403,0.0259486752552403,0.2372629109999948,5.50096124701129,12.955667382787002,0.646,-1.656,1.6844343171708402,0.662,-0.095922627849907,0.302,38.9784997705514,0.36432409286499,0.308580875396729,0.283336699008942,18.6233051712637,50.9291093379713,18005609.0,2082628769.3,1403.901349,0.0,17274088638.23332,0.0,1.0,0.0,0.0,3.54,30474354.0,566.840190877658,0.0,0.0
DZA,Algeria,2000,98.6,25.551338661035604,8.39504849504573,0.0355576351284981,0.606,5.109,5.965639985701522,-1.051,9882.848,35.265,14.613370671,1.88507950305939,53.3309696535528,0.3391631890717672,0.0,10.0,70.576,44.98039778693611,0.0216085733371284,0.2782819999999972,6.36143139801464,20.2038945100895,0.657,-1.433,12.538178693268096,0.662,-10.3343779975902,0.244,33.1105460051791,0.329536259174347,0.28055202960968,0.273995190858841,26.686897386109095,62.8583436360347,18496636.0,1885510115.2,1555.142784,0.0,29358045374.38439,0.0,1.0,0.0,0.0,3.54,30903893.0,949.9788707650648,0.0,0.0
DZA,Algeria,2001,98.6,55.41947334388586,8.886179657499,0.0357004851102829,0.606,5.022,7.384503885528993,-0.516,10032.007,32.241,14.953874912,1.90001463890076,40.8145902645976,4.225988348546729,0.0,9.5,71.025,10.3451538024072,0.0209913566660274,0.3191699999999997,6.77330448791438,16.719771361217205,0.657,-1.534,6.3678296767792,0.662,1.3754069352095897,0.244,43.9930011441695,0.343471854925156,0.293610215187073,0.291612386703491,23.6309412932778,54.52964911772081,18992271.0,1679854653.5,1540.509426,0.0,24256315014.176315,0.0,1.0,0.0,0.0,3.54,31331221.0,774.189905148488,0.0,0.0
DZA,Algeria,2002,98.6,51.351609100453615,8.41302644785912,0.035993155092001,0.644,4.88,11.256638903706197,-0.952,10418.306,32.709,15.350382233,1.91506826877594,39.7667145410183,1.4183019234505103,0.0,8.58333333333333,71.644,9.26121851105326,0.0173275115286968,1.418050000000001,5.62628427786398,17.703706765696,0.657,-1.635,3.01394204483324,0.662,7.11282850261404,0.244,44.6845597055727,0.335742771625519,0.308564752340317,0.302315592765808,23.4709385218627,56.5896052814114,19489064.0,1505040301.8,1658.206454,0.0,26337048288.41136,0.0,1.0,0.0,0.0,3.54,31750835.0,829.4915169447154,0.0,0.0
DZA,Algeria,2003,98.6,55.52616015756154,8.45671950735323,0.0363743416965008,0.67,4.873999999999999,10.364272501840496,-0.912,10931.954,34.243,14.935117532,1.93024098873138,42.0401015762179,4.268953958395,0.0,8.125,71.906,8.64007998371067,0.0108310764410362,4.496940000000002,4.622660327214161,19.6786326659537,0.657,-1.754,9.22116107904862,0.662,-0.7503614497279116,0.244,43.0000362219583,0.318785697221756,0.302736520767212,0.285349756479263,24.452322612612,57.7691353044878,19994951.0,1178931448.8,1827.73229,0.0,32776445700.929123,0.0,1.0,0.0,0.0,3.54,32175818.0,1018.6670530312275,0.0,0.0
DZA,Algeria,2004,98.6,55.598532801559664,7.72217403415641,0.0368904694914818,0.673,4.744,10.2103283916163,-0.685,11257.407,33.445,15.578543144405744,1.94553411006928,44.9814633218361,3.96180030257187,0.0,8.0,72.536,7.86118213503579,0.0143692812615109,14.963700000000005,3.90735998177232,22.126973327222295,0.657,-1.359,7.6502014462459,0.662,-3.09251853802661,0.244,41.318485873096,0.317986369132996,0.293774604797363,0.289455711841583,26.1573130077943,61.3579975707176,20523947.0,842694286.2,1920.779056,0.0,44557264102.86907,0.0,1.0,0.0,0.0,3.54,32628286.0,1365.602351985914,0.0,0.0
DZA,Algeria,2005,98.6,54.5484352111705,6.5592713699842,0.0375094003975391,0.674,4.731,11.5002886298427,-0.311,11684.367,39.275,16.019456885,1.96094822883606,48.5068360058496,1.38244656662118,0.0,8.0,72.836,8.06151876196538,0.0488688923690098,41.2614,4.62829429535199,27.914114150565496,0.657,-0.914,12.3649330614136,0.662,-3.881747500686179,0.242,39.5234001714181,0.295884311199188,0.268068462610245,0.273424029350281,32.6800315430258,66.8404602203906,21077300.0,183861292.79999995,1992.139183,0.0,63618399642.07253,0.0,1.0,0.0,0.0,3.54,33109249.0,1921.4691230861965,0.0,0.0
DZA,Algeria,2006,98.7,56.7667119985915,6.36600271426263,0.0380223989486694,0.674,4.724,11.5208153731445,-0.906,11840.876,40.707,16.979323801,1.97648453712463,50.8913842012469,2.311499185144239,0.0,8.0,73.116,8.11584656308032,0.0724122609853374,62.4502,4.48809354777683,29.5343935472454,0.657,-1.126,13.635540624190902,0.662,-2.5105199782339795,0.242,38.3695971271538,0.27891731262207,0.266656190156937,0.259842783212662,34.1913224229422,65.9152919677621,21658728.0,193526015.9999999,1979.803329,0.0,73247172920.6143,0.0,1.0,0.0,0.0,3.54,33623506.0,2178.451376266779,0.0,0.0
DZA,Algeria,2007,98.7,57.7266753762172,6.32601878401142,0.0386615246534348,0.661,4.733,12.305815626595802,-0.883,12029.272,37.736,18.001104744,1.99214398860931,50.3717168823853,3.678995747416991,0.0,8.0,73.346,8.46045227925819,0.1303788591127219,80.6177,3.92429679953824,27.926708766248495,0.657,-1.151,5.44303229493939,0.662,0.8445584366069987,0.242,39.7143271260495,0.285681188106537,0.267755508422852,0.272969841957092,32.0600728476928,67.5454733939763,22280927.0,203283360.0,1992.273887,0.0,79643327017.0635,0.0,1.0,0.0,0.0,3.54,34189416.0,2329.4731626028215,0.0,0.0
DZA,Algeria,2008,99.3,57.8656017003807,5.549750920496279,0.0395862981677055,0.654,4.72,12.130191758165203,-0.814,12063.113,45.092,19.694563831,2.00792741775513,51.6161712058703,4.858590628149391,0.0,8.0,73.618,8.82116731993132,0.3342778497629459,77.6388,3.31233807885605,29.108640132372095,0.657,-1.096,8.31299088199227,0.662,-6.183124664693418,0.242,39.5735544641773,0.287395358085632,0.28596618771553,0.288020431995392,32.865091355443,71.0284922505261,22944895.0,198140332.8,1950.981207,0.0,100918673413.46632,0.0,1.0,0.0,0.0,3.54,34816961.0,2898.5491701434344,0.0,0.0
DZA,Algeria,2009,98.8,47.6940668528447,8.01121741497815,0.0408491082489491,0.658,4.705,14.847576861545695,-1.175,11968.318,33.585,21.099113619,2.02383589744568,42.0128802106709,5.73706036145628,0.0,8.0,73.871,7.87621943005796,0.171442811044615,92.2215,3.9916714009693504,19.9046263657492,0.657,-1.197,-6.186665895005409,0.662,16.5976144696892,0.242,46.1374615012615,0.325757056474686,0.340280622243881,0.327223002910614,24.2022509333631,64.2847547238993,23604602.0,1878382595.6,1774.857993,0.0,58440371982.04383,0.0,1.0,0.0,0.0,3.54,35490445.0,1646.6508656638098,0.0,0.0
DZA,Algeria,2010,98.9,49.9672854180098,7.53171561491377,0.0419397801160812,0.676,4.677999999999999,13.790133198985998,-1.388,12297.062,33.742,21.678283604,2.03987050056458,45.2431946364671,3.91106195534028,0.0,8.0,74.144,9.3708250521221,0.15354556834639,90.5824,3.25358685142754,21.9939993236664,0.672,-1.259,-1.09612183732339,0.662,-6.539563571494892,0.253,43.6024032576579,0.302191585302353,0.323900878429413,0.298450201749802,25.538324424549096,63.4912159928425,24290813.0,1845240799.3,1689.15487,0.0,70529148179.55672,0.0,1.0,0.0,0.0,3.54,36188236.0,1948.9523661655328,0.0,0.0
DZA,Algeria,2011,99.0,49.0280054233191,7.08352512171367,0.0428056828677654,0.676,4.658,12.5651064123385,-1.768,12410.163,36.662,21.496668131,2.07550859451294,44.9869856015855,4.5242115050527,0.0,8.0,74.383,9.73343874629741,0.155584161415637,96.5113,3.27268025363181,25.0260096148481,0.672,-1.361,-0.8216182815719258,0.662,-7.620226489358769,0.253,44.6513051761826,0.298133730888367,0.335194766521454,0.280550599098206,28.5812899587159,62.2200899610479,24996281.0,1839537438.9,1641.503615,0.0,92971287120.78824,0.0,1.0,0.0,0.0,3.54,36903376.0,2519.3165828727497,0.0,0.0
DZA,Algeria,2012,98.8,48.3918493760611,8.02697167412095,0.0435170419514179,0.668,4.654,12.908643865172202,-1.495,12448.28,35.995,22.259405614,2.11176919937134,43.1950549091774,8.89145091062317,0.0,8.0,74.609,8.5589556099004,0.142947452820782,99.6853,3.36687425907052,22.602538298738196,0.672,-1.325,-3.79781521603969,0.662,-0.0022652614397831,0.259,44.9114940485958,0.32344576716423,0.312538534402847,0.29222372174263,26.2525144621236,60.7576393340605,25728190.0,1841514311.8,1536.8093769999998,0.0,85592978772.97768,0.0,1.0,0.0,0.0,3.54,37646166.0,2273.61741891532,0.0,0.0
DZA,Algeria,2013,99.2,46.477082665290595,9.12007464194984,0.0440587066113949,0.669,4.641,15.065274898980697,-1.471,12504.092,32.678,23.44472325146675,2.14866352081299,39.7438543670176,3.25423910998847,0.0,8.0,74.809,8.02018645677549,0.0799940492930439,102.871,3.15384901781361,20.8724313901278,0.65,-1.202,-0.545805545324223,0.692,7.04435828748252,0.259,46.7933663667477,0.351972937583923,0.298537135124207,0.315410435199738,24.2231338959379,59.151008157244,26485182.0,1845203857.4,1485.233208,0.0,79322945283.62424,0.0,1.0,0.0,0.0,3.54,38414171.0,2064.939662074817,0.0,0.0
DZA,Algeria,2014,99.3,44.3224182791101,9.40707440856373,0.0447334758937359,0.658,4.645999999999999,16.421663636013797,-1.403,12743.188,29.802,23.96985339853655,2.18620228767395,38.5614138325673,2.9169269206745803,0.0,8.0,74.992,9.87797970942307,0.0545536170787533,110.44,3.0569020902826,19.3167294732848,0.65,-1.191,-6.94864614790925,0.692,6.45599979815453,0.261,47.9036022305248,0.368450731039047,0.315419763326645,0.31715327501297,22.6123097835033,56.9235419669867,27265874.0,1735936449.6,1589.092704,0.0,76048117648.70741,0.0,1.0,0.0,0.0,3.54,39205031.0,1939.754049644991,0.0,0.0
DZA,Algeria,2015,99.4,37.4611358992195,10.5327896965018,0.0453425496816635,0.653,4.645,19.2203451351034,-1.626,12866.813,27.039,24.43240536496197,2.22439670562744,32.7565009315894,4.7844470069388905,0.0,8.0,75.159,7.11001759889613,0.0564100379035481,108.016,2.90603072482324,11.7459031918092,0.65,-1.091,-13.6532050781224,0.759,13.6683505561602,0.261,52.1103711658838,0.406219661235809,0.333682954311371,0.332892954349518,14.9252527493911,53.2046225904145,28071021.0,1660361592.5,1557.715359,0.0,39422028320.35777,0.0,1.0,0.0,0.0,3.54,40019529.0,985.0697723193537,0.0,0.0
DZA,Algeria,2016,99.4,37.7513605231004,11.0683130545794,0.0457648038864136,0.653,4.647,20.2524548230485,-0.959,13080.748,25.332,24.503464420496172,2.26325869560242,32.205164049828,6.39769480268757,0.0,8.0,75.31,6.89853876611083,0.0507846759461622,115.154,2.56694843286828,10.0262189142963,0.641,-1.1,-11.6102789269906,0.759,7.08263567020895,0.285,52.3939905220294,0.429103761911392,0.325757801532745,0.321857661008835,12.8191814025545,49.7609327925216,28895912.0,1610758149.3,1577.31139,0.0,32905060283.123425,0.0,1.0,0.0,0.0,3.54,40850721.0,805.4952147141644,0.0,0.0
DZA,Algeria,2017,99.5,39.3126580455441,11.0318809304784,0.0458506345748901,0.683,4.66,21.8603855833638,-0.935,12998.363,28.702,25.009240334,2.30279946327209,33.4766949498416,5.591115909616641,0.0,8.0,75.431,7.33456829401543,0.0407837177161842,109.97,2.96806789859693,12.1565741270026,0.656,-0.92,-6.74463839007243,0.748,2.91790627930198,0.239,51.2221393515536,0.434138715267181,0.302729219198227,0.317580312490463,15.372392970843,49.8208161712587,29733972.0,1706376276.2,1540.825801,0.0,38995797287.48141,0.0,1.0,0.0,0.0,3.54,41689299.0,935.391052928988,0.0,0.0
DZA,Algeria,2018,99.6,41.1870471509403,11.2438301354995,0.0457032807171345,0.682,4.667,22.387148870126,-1.578,12920.12,30.096,25.478780211,2.34303092956543,35.3432586054084,4.26999020467084,0.0,8.0,75.555,7.077380400015961,0.0265132651271734,110.938,4.64378704706283,15.9428081774505,0.67,-0.8419999999999999,-5.705245296818071,0.748,1.7287497728930097,0.249,49.4261444653673,0.435820043087006,0.27838921546936,0.316845029592514,20.7172028374976,52.4361676779223,30563352.0,1666425596.1,1511.015098,0.0,49123056408.32301,0.0,1.0,0.0,0.0,3.54,42505035.0,1155.6997049484376,0.0,0.0
DZA,Algeria,2019,99.5,38.5597350523564,11.4791798857164,0.0453827902674675,0.773,4.680999999999999,22.9128695368994,-1.025,12786.558,28.591,25.529331697000003,2.38396549224854,33.5743211841578,1.95176821052892,0.0,8.0,75.682,6.403969944000669,0.0029012873898951,104.922,4.23642792336282,14.1421031504305,0.657,-1.056,-8.01512645184081,0.748,7.05471454760202,0.2249999999999999,50.4800694011749,0.447727769613266,0.284289628267288,0.298534840345383,18.5236789388593,46.5068426081672,31380950.0,1656880871.0,1487.617134,0.0,42754068579.57194,0.0,1.0,0.0,0.0,3.54,43294546.0,987.5162700533213,0.0,0.0
ECU,Ecuador,1995,89.830167,15.0829813188832,21.9121688235555,0.0396233946084976,0.618,5.073,32.67926686913975,-0.996,7824.51,19.928,18.78284119515936,2.33196043968201,27.1405229373742,22.9341344145802,0.0,18.551135285800463,71.349,22.1645697816292,0.1752587152740909,0.470346788999997,0.0046055518567871,6.45365140471758,0.66,-0.77,0.255444879984233,0.82,9.47560949771411,0.406,47.8071197724812,0.573623597621918,0.264385223388672,0.16344927251339,7.81653810988059,45.9112707318244,6747820.0,173451087.0,395.00741,0.0,5148959893.7493105,0.0,1.0,0.0,0.0,6.51,11590514.0,444.23913329031916,0.0,0.0
ECU,Ecuador,1996,92.0513763427734,17.4698156081961,20.7500581031484,0.0396859683096409,0.618,4.993,32.300973218415876,-1.059,7824.690999999999,19.295,18.018761125,2.35579395294189,26.7891803608979,24.4114592150674,0.0,18.59157980075473,71.82,21.9243247145014,0.1341120019297379,0.5076677110000034,0.0046136517034546,7.78787008443719,0.671,-0.77,0.255444879984233,0.82,9.492017203811187,0.382,49.4611755952499,0.584536612033844,0.247073888778687,0.138621628284454,9.06384330500035,44.2157026832153,6944264.0,145036962.39999998,393.007208,0.0,6023075504.74022,0.0,1.0,0.0,0.0,6.51,11810950.0,509.95690479937855,0.0,0.0
ECU,Ecuador,1997,92.429817199707,17.5588211815521,20.1087737333262,0.0393400974571705,0.568,4.997,21.74508703179803,-1.093,8035.168,19.138,18.613044482,2.37987112998962,25.8733559916857,30.6575675722173,0.0,32.02530601516717,72.007,20.4203734464423,0.0297507017148643,1.055277857,0.0034229064339272,6.17219683622489,0.707,-0.466,1.0979312246294,0.82,24.894470193163436,0.358,50.1865605095813,0.493044793605804,0.201341956853867,0.294887036085129,7.15232502703141,45.0171863180765,7139029.0,133440820.89999998,397.003069,0.0,5440087510.312674,0.0,1.0,0.0,0.0,6.51,12031127.0,452.16774042138144,0.0,0.0
ECU,Ecuador,1998,92.726642,15.5927574668981,17.4759454640616,0.0388389565050602,0.576,5.077,23.474763329420583,-1.071,8174.005000000001,16.432,19.225430013,2.40419411659241,25.8163124547115,36.0984331623886,0.0,29.789974287022588,71.949,19.9260144824571,0.0129509600672261,1.9903122159999995,0.002646470631438,3.21214311967333,0.704,-0.162,-1.3717908235099403,0.82,22.81697455702666,0.402,52.085486843384,0.533509969711304,0.186001226305962,0.320390701293945,4.06421827365714,43.395107949805,7331024.0,69627085.10000002,385.001474,0.0,3452589375.9144793,0.0,1.0,0.0,0.0,6.51,12251184.0,281.8167922312227,0.0,0.0
ECU,Ecuador,1999,93.071434,23.6470203914615,17.5713518152118,0.0382153913378716,0.608,5.158,26.538101430257083,-0.849,7673.701000000001,19.304,15.337669847,2.42876577377319,28.7803284365777,52.2420051858225,0.0,18.224356437561188,71.92,21.2679363090736,0.0159090707299481,3.087202545000004,0.0054774308663152,7.86330811758721,0.713,-0.367,2.31083271176319,0.82,10.442863567456826,0.387,49.5185544512603,0.553113400936127,0.197153329849243,0.180189296603203,8.23306097190049,49.20125079893761,7518816.0,45196754.100000024,383.002026,0.0,4748608129.00724,0.0,1.0,0.0,0.0,6.51,12470795.0,380.7783007424338,0.0,0.0
ECU,Ecuador,2000,93.7,28.6808923258888,12.401175424691,0.0375057607889175,0.564,5.168,20.371482990623097,-0.93,7643.448,23.939,17.016768687000003,2.45358872413635,34.6929113152167,96.0963756926096,0.0,14.891138828578422,72.09,23.9393098444242,0.0312504676242628,3.8001799999999974,0.0149274346317537,16.3324950885101,0.704,-0.572,5.70910422967397,0.82,6.708249647937627,0.379,46.9393808627558,0.569772899150848,0.192734330892563,0.154048562049866,16.7324376195742,65.4042953826391,7700635.0,190583160.3,403.002871,0.0,7660022106.650255,0.0,1.0,0.0,0.0,6.51,12689206.0,603.6644141997738,0.0,0.0
ECU,Ecuador,2001,94.0,20.7560593981385,10.4701484905882,0.0369913130998611,0.564,5.052,20.6234181222532,-0.748,7788.868999999999,21.423,19.77303665,2.48427653312683,28.4638100268279,37.6767454518094,0.0,30.578044792589292,72.571,20.4272571669847,0.0101999192713221,6.654549999999993,0.0125625783754854,9.09069290930629,0.704,-0.6659999999999999,4.33981998746628,0.82,24.365424692418976,0.379,52.6943573230574,0.551974415779114,0.152195975184441,0.288854837417603,9.40733648144871,56.128486744205,7877146.0,231332574.8,410.003005,0.0,6504732115.477371,0.0,1.0,0.0,0.0,6.51,12910740.0,503.8233374289445,0.0,0.0
ECU,Ecuador,2002,94.2,19.5664723023521,9.43400389965372,0.0366982147097588,0.564,4.908,19.0719396318142,-1.076,7998.551,23.512,22.221742124,2.51534819602966,27.9809746339912,12.4835980082095,0.0,30.621705826203343,73.164,18.8763207423972,0.0591764232924234,11.8801,0.0052559739651215,8.07370405839442,0.704,-0.76,3.84871504537307,0.82,24.413225911986295,0.379,54.0499206093605,0.594095826148987,0.140559315681458,0.279831320047379,8.38814722027282,54.7966439366136,8052192.0,353011603.7,394.00275,0.0,6300600213.537034,0.0,1.0,0.0,0.0,6.51,13138472.0,479.55349857555996,0.0,0.0
ECU,Ecuador,2003,95.0,19.2862891882647,9.05012813090098,0.0365541949868202,0.566,4.817,18.0551202336506,-0.916,8089.609,22.316,21.493407767,2.54680848121643,27.5468648555501,7.92936487461556,0.0,30.61288313718867,73.632,17.3160600116104,0.104498850632412,17.933800000000005,0.0052872442884198,8.39147653417875,0.716,-0.961,3.69202442361687,0.82,24.543454460058335,0.373,56.0993066799358,0.643281757831574,0.1356181204319,0.201000794768333,8.74010782962713,52.3575426975979,8229564.0,438756418.0,420.004819,0.0,7586743855.392283,0.0,1.0,0.0,0.0,6.51,13372306.0,567.3474608936023,0.0,0.0
ECU,Ecuador,2004,94.8,20.1768229823779,7.96891951563388,0.0364435687661171,0.566,4.813,20.541398022022904,-1.104,8494.181,23.232,20.900953746000003,2.57254362106323,29.6637383769892,2.7432319892670396,0.0,30.573330454372375,73.868,15.9186999201902,0.0862266175887913,26.0434,0.0053453483959927,12.2508252521177,0.713,-0.843,4.20494567721445,0.82,24.4899819432627,0.372,55.5666641577838,0.636372148990631,0.115907393395901,0.212125718593597,12.5726365426945,56.0745467239942,8407858.0,341188532.0,528.0055,0.0,12305646924.951378,0.0,1.0,0.0,0.0,6.51,13608701.0,904.2484602278629,0.0,0.0
ECU,Ecuador,2005,95.8,23.8537898900169,7.72632554619423,0.0364779755473137,0.551,4.879,21.984301048125797,-0.926,8842.207,22.706,22.19717794,2.59416246414185,32.1244730702211,2.1682770118371995,0.0,20.19979452005799,73.909,14.7037965260626,0.0904096131303906,45.1124,0.0137364930608804,16.5366396462506,0.717,-0.794,2.66365467587573,0.82,13.496287659785072,0.363,54.4341944825683,0.654260337352753,0.103764370083809,0.196381390094757,16.8498380565704,61.9581507902572,8585572.0,125314105.79999997,534.005621,0.0,17132810281.938282,0.0,1.0,0.0,0.0,6.51,13846163.0,1237.3688134350493,0.0,0.0
ECU,Ecuador,2006,96.3,27.2054776263263,7.71967865189029,0.0366635322570801,0.559,4.923,22.3312165490477,-0.868,9065.311,24.65,22.294319751,2.61596298217773,34.7933483797009,3.29874846258215,0.0,13.85676346830348,74.01,14.0483715285816,0.1200958014696369,60.2369,0.0184815396309599,17.9868791091883,0.71,-0.8539999999999999,4.88267781602318,0.82,7.6646426574632365,0.376,52.4424149459359,0.637054562568665,0.101979345083237,0.195610493421555,18.3894115217757,65.8423556166562,8762982.0,72254827.60000002,537.6849444999999,0.0,19975502788.693512,0.0,1.0,0.0,0.0,6.51,14086131.0,1418.0971899731383,0.0,0.0
ECU,Ecuador,2007,96.8,27.7720828105919,7.64839421670263,0.0369307845830917,0.556,4.918,23.380459859384604,-0.8,9075.061999999998,27.344,22.651942545,2.63794684410095,35.4352292862054,2.276184780021211,0.0,13.47442033961422,74.226,14.1174583702993,0.0715927422537482,69.3707,0.0200087462005954,16.5138217754915,0.685,-0.8159999999999998,4.38681689843719,0.816,8.085382266001195,0.405,51.9074780749157,0.634557008743286,0.103433184325695,0.192399129271507,16.9001920320212,68.8505854462677,8939543.0,52036052.29999995,513.0931115,0.0,20591504740.43167,0.0,1.0,0.0,0.0,6.51,14328773.0,1437.0738332187739,0.0,0.0
ECU,Ecuador,2008,97.2,30.209294648805,7.3493757008365,0.0373858213424683,0.558,4.807,23.964875561842703,-0.819,9498.504,36.161,24.398702922,2.66011524200439,38.9201614839835,8.40009593987462,0.0,21.829869351604653,74.709,13.6931926001675,0.0223541929369212,80.1668,0.0174278432820981,18.654574856841,0.666,-0.7289999999999999,1.7204976356756796,0.804,5.866106817417346,0.392,50.1895274209096,0.611448407173157,0.104869171977043,0.219077050685883,18.9618727793611,74.5902963648439,9115266.0,50719550.79999995,506.7230172,0.0,26295666031.62736,0.0,1.0,0.0,0.0,6.51,14575202.0,1804.1373307640856,0.0,0.0
ECU,Ecuador,2009,96.5,26.8912160065077,8.61225542007853,0.0377471782267094,0.552,4.83,24.8896332211154,-0.926,9429.101,30.582,23.332172891,2.68247008323669,31.0916213331503,5.15996829181047,0.0,12.388599416481998,74.901,14.3067678633646,0.1407507232221769,89.3147,0.0215040580227174,8.82457083402611,0.663,-0.674,-3.1332282049428497,0.804,8.728769024352426,0.401,54.7057842337508,0.644214868545532,0.126624867320061,0.207223027944565,9.26408283902812,57.3473460627608,9289765.0,452056205.4,488.3712614,0.0,16193480052.232533,0.0,1.0,0.0,0.0,6.51,14825954.0,1092.2386547423885,0.0,0.0
ECU,Ecuador,2010,97.5,26.0423082863636,8.33021025899583,0.0381076335906982,0.572,4.814,27.0843336858919,-0.599,9630.139,34.01,24.584779004,2.70501255989075,33.9061751825852,3.5543773456784304,0.0,11.02020900768985,75.188,13.4157104992039,0.1449985039523961,98.0369,0.0152411813949827,11.1941478463167,0.673,-0.587,-0.779876351464028,0.804,7.17798701969514,0.379,53.5584229032423,0.652940928936005,0.125547528266907,0.215186893939972,11.7907315375663,65.7773849135062,9459198.0,444080218.7,488.7927721,0.0,20513536708.838303,0.0,1.0,0.0,0.0,6.51,15076695.0,1360.612303216209,0.0,0.0
ECU,Ecuador,2011,96.9,28.234311176099,7.90853917487421,0.0386972427368164,0.572,4.9350000000000005,27.5915486903939,-0.89,10272.965,39.487,25.84714837812023,2.71133708953857,37.4057005178901,4.4745326579584,0.0,12.521414090006298,75.179,12.8501503190767,0.1930714063934611,100.042,0.021901464875727,16.0118572281981,0.677,-0.687,0.508471298024619,0.804,7.8356778941607645,0.385,51.5008663236349,0.622847855091095,0.123964034020901,0.216572999954224,16.5773760059007,70.0356837525249,9624090.0,442707633.8,502.014514,0.0,28540162957.456367,0.0,1.0,0.0,0.0,6.51,15326227.0,1862.178014031527,0.0,0.0
ECU,Ecuador,2012,97.2,28.101749582809,6.99944108995073,0.0392307154834271,0.577,4.901,28.44437278344,-0.782,10688.853,40.39,26.99725516,2.71767663955688,37.0917503800762,5.101721809586661,0.0,11.023189096931423,75.486,12.5996773832049,0.183332769961552,105.68,0.0448272573078322,13.9638597674194,0.68,-0.57,-2.31276124597266,0.804,7.179204711626133,0.377,51.742214810209,0.626273810863495,0.115782544016838,0.219147801399231,14.5265186334151,67.0029290916898,9785703.0,443183393.0,506.4236086,0.0,28310114572.73997,0.0,1.0,0.0,0.0,6.51,15572194.0,1817.9913872598795,0.0,0.0
ECU,Ecuador,2013,98.0,27.5168579289105,6.96320880489033,0.0397886708378792,0.57,4.846,28.5522332055412,-0.947,11275.295,38.604,28.44402015351416,2.7240309715271,36.8322936524171,2.7217757771037103,0.0,13.652133066319315,75.832,12.2611805401854,0.164424799645526,105.182,0.0450469705695697,12.2978605117168,0.698,-0.179,-7.93051408656385,0.804,10.25186395303213,0.356,52.0189015811005,0.593934059143066,0.121021084487438,0.239309281110764,12.8813253368088,63.4333003342414,9940111.0,444071328.1,532.0634345,0.0,28464345920.881348,0.0,1.0,0.0,0.0,6.51,15807128.0,1800.7285017797888,0.0,0.0
ECU,Ecuador,2014,99.0,27.6576047125093,7.40439967003185,0.0402809418737888,0.569,4.8149999999999995,29.208430980274,-1.156,11566.497,37.947,28.023825456371295,2.73040008544922,35.7119955282529,3.58922016616663,0.0,14.563168834626648,76.141,13.1351000392395,0.0892047794978054,103.559,0.0426715913878212,11.0826381316277,0.7,-0.0189999999999999,-7.868950271598249,0.804,9.86873815096681,0.344,52.8341973543552,0.590746283531189,0.131686866283417,0.247785672545433,11.5903571785583,61.4263766217565,10089820.0,417774519.6,559.5618019,0.0,26854262775.629658,0.0,1.0,0.0,0.0,6.51,16035124.0,1674.715005361334,0.0,0.0
ECU,Ecuador,2015,98.8,24.7635206764987,8.02049629728797,0.0403441376984119,0.569,4.869,29.9362613682185,-0.99,11401.517,37.245,26.252753395203857,2.73678398132324,28.0900423392523,3.966646232553579,0.0,22.980052547818655,76.222,14.2997317197965,0.0643810131639396,79.5746,0.019029143170083,4.19483660505841,0.706,-0.147,-6.400992383337081,0.804,17.401658915979944,0.344,57.6066295867738,0.621949136257172,0.145428106188774,0.234479263424873,4.63202397853143,47.8280397077826,10241083.0,399586498.0,544.9051046,0.0,13950231575.151417,0.0,1.0,0.0,0.0,6.51,16266225.0,857.6194891655203,0.0,0.0
ECU,Ecuador,2016,98.7,26.3957474733082,8.07212585894998,0.0398553125560284,0.569,5.005000000000001,31.5046558000332,-1.046,11151.895,33.872,24.37422718,2.74318289756775,27.5339637947157,1.7282646332453293,0.0,25.53898771076507,76.094,14.5926588381272,0.0828958421781742,84.1088,0.0089325525577211,3.26158550456448,0.706,-0.092,-9.67817823197687,0.804,19.7638341429209,0.333,58.567451344755,0.609337985515595,0.152859449386597,0.210963129997253,3.75806780861528,40.5344917996647,10396808.0,739366335.8,550.4085277,0.0,11633105650.741867,0.0,1.0,0.0,0.0,6.51,16505139.0,704.8171875887787,0.0,0.0
ECU,Ecuador,2017,99.2,26.3208443369477,7.90222040951574,0.039438895881176,0.552,5.066,34.2208461040213,-1.027,11642.842,34.748,25.064429084,2.74959659576416,28.4680086969835,0.4173355886668251,0.0,13.128575876069332,76.22,13.9316523803397,0.0849569513997177,87.4214,0.0099993351361004,4.51289936555742,0.622,-0.079,-4.68422297670222,0.816,10.318582019913109,0.431,58.0552249529581,0.581279993057251,0.155411392450333,0.239988207817078,4.98372023451617,43.6177233172817,10561758.0,783256738.6,531.7290088999999,0.0,13623068471.995943,0.0,1.0,0.0,0.0,6.51,16759519.0,812.8555761054922,0.0,0.0
ECU,Ecuador,2018,98.7,25.7948250258756,7.64505994805811,0.0394112132489681,0.576,4.648,38.3374947486699,-1.015,11594.126,38.148,25.266497455,2.75602555274963,28.0147488586162,-0.2241032460055514,0.0,13.006756519316047,77.248,13.3663080349279,0.0,92.5118,0.0183213291864609,6.75910009874679,0.64,-0.095,-1.3959778118215698,0.816,10.00332629349422,0.507,58.7476436434848,0.60789942741394,0.159585207700729,0.23684173822403,7.0964207852671,48.0093476154836,10748602.0,764918673.5,522.7480513,0.0,17059284800.424313,0.0,1.0,0.0,0.0,6.51,17049547.0,1000.5711471644562,0.0,0.0
ECU,Ecuador,2019,99.1,26.2956581762764,7.78676459859086,0.0392524898052216,0.549,4.753,42.6915820194147,-1.184,11448.816,36.303,24.430081349,2.76246953010559,26.6504631266844,0.266012515466155,0.0,13.48979978897302,77.286,12.6784857740305,0.0,91.4249,0.0174551929671251,5.52629823993135,0.629,-0.238,-1.92432524502643,0.816,10.357962760224758,0.518,59.4371120144712,0.618181049823761,0.160325944423676,0.220845773816109,5.82070104913459,48.0828494933307,10935088.0,2114249049.6,537.3121526,0.0,15475610632.542929,0.0,1.0,0.0,0.0,6.51,17340021.0,892.4793477783521,0.0,0.0
EGY,"Egypt, Arab Rep.",1995,95.5,22.1233360395207,15.7107843137255,0.0621831454336643,0.7,7.15,32.7338235294118,-0.303,7164.850999999999,26.23537401629271,7.522591729,1.82311594486237,30.2450980392157,15.7422305021596,0.0,16.4708333333333,65.214,16.3382352941176,0.0131293718550865,0.0114825539999969,0.612728283364487,7.50906073379094,0.829,-0.526,0.5051943364852389,0.68,4.55215763100247,0.339,47.6764705882353,0.827451944351196,0.0763904899358749,0.076538436114788,8.46293557504675,50.245098039215705,28034918.0,103311055.79999997,1103.5106849,0.0,12171460074.607864,0.0,1.0,0.0,0.0,1.03,65652622.0,185.39183514419065,0.0,0.0
EGY,"Egypt, Arab Rep.",1996,96.1543273925781,18.6314945973769,16.1150828247602,0.0625399947166443,0.804,6.918,36.5343940714908,-0.461,7361.049999999999,26.224479192230735,7.664421593,1.85067498683929,29.5187445510026,7.18710369719992,0.0,15.5833333333333,65.733,16.5370531822145,0.0163292304660992,0.0112391950000017,0.632966198090484,8.40318332983217,0.832,-0.526,0.5044511649757109,0.68,7.91322048801275,0.339,47.7336530078466,0.821014106273651,0.0592218115925789,0.0951845273375511,9.35519973587659,46.9485614646905,28580556.0,15673764.299999952,1073.3756831,0.0,13792092114.702547,0.0,1.0,0.0,0.0,1.03,67028048.0,205.76598194687912,0.0,0.0
EGY,"Egypt, Arab Rep.",1997,96.4024658203125,17.6221125115503,15.7510342233923,0.0631751120090485,0.804,6.732,39.6936066190297,-0.241,7628.116000000002,26.33413603354356,8.233266065999999,1.8786506652832,28.9996239187665,4.62560578826438,0.0,13.7916666666667,66.207,16.3155321549455,0.0153523678026592,0.0975882399999932,0.593986674942503,6.09921817559871,0.832,-0.2735,0.7777538477449347,0.68,3.56345275833201,0.339,48.1519368183528,0.805355548858643,0.0686007291078568,0.112163417041302,6.97273046538769,43.7382474614517,29176418.0,0.0,1051.0538356,0.0,12204301282.5909,0.0,1.0,0.0,0.0,1.03,68431740.0,178.34270007734568,0.0,0.0
EGY,"Egypt, Arab Rep.",1998,96.6465225219727,18.7699538320562,15.8844815588031,0.0640492290258408,0.804,6.575,46.5550104384134,-0.426,8042.896000000001,26.827061727757332,9.249204389,1.90704917907715,28.6450939457203,3.8725754642749006,0.0,13.0166666666667,66.635,16.9791231732777,0.0402208069832632,0.1326388470000026,0.525188376468722,3.42870521918816,0.832,-0.0209999999999999,1.3542392213894132,0.68,10.3918989204567,0.339,48.287891440501,0.79734194278717,0.0782187134027481,0.139333292841911,4.33399828725849,41.9276270006959,29834980.0,0.0,1044.1309589,0.0,7927801847.563694,0.0,1.0,0.0,0.0,1.03,69943294.0,113.34613219050985,0.0,0.0
EGY,"Egypt, Arab Rep.",1999,96.8857345581055,18.7892573898933,15.9086475942783,0.0645832046866417,0.77,6.436,52.0018205461638,-0.287,8357.08,28.387,8.917649404996778,1.93587708473206,28.4008452535761,3.07949912638332,0.0,12.965,67.01,17.953511053316,0.0271373170183809,0.6880110679999945,0.559601222853832,5.19186775765069,0.832,0.0145,1.8557606992905429,0.68,11.935822403060598,0.339,47.5558192457737,0.785149216651917,0.086158350110054,0.140959069132805,5.93374872989679,38.361508452535794,30532323.0,186557048.79999995,1014.4023288,0.0,10492879668.777445,0.0,1.0,0.0,0.0,1.03,71520954.0,146.7105663716041,0.0,0.0
EGY,"Egypt, Arab Rep.",2000,97.7,17.5020068690136,15.5380770361658,0.0643065571784973,0.729,6.319,51.9532784475154,-0.241,8614.314,27.313,8.936923881,1.96514070034027,30.7518670979124,2.683805353485461,0.0,13.2158333333333,67.332,17.9979711849456,0.0130912613990578,1.860749999999996,0.80988360858388,6.47222160611776,0.832,0.0499999999999999,5.87919475696896,0.68,8.919600974251,0.326,46.5259923551897,0.777074098587036,0.0969750806689262,0.141377538442612,7.41974591133175,39.0179359012055,31231367.0,177096738.79999995,967.6780164,0.0,15048757048.10639,0.0,1.0,0.0,0.0,1.03,73083284.0,205.91243612022674,0.0,0.0
EGY,"Egypt, Arab Rep.",2001,97.4,18.4066804224986,15.3512684694731,0.0634198561310768,0.802,6.235,54.9311402286033,-0.352,8740.352,26.792,8.568475884,2.00113081932068,30.8988569835517,2.2697572047595607,0.0,13.2916666666667,67.612,17.6980763869529,0.0238511839077043,3.742429999999999,1.12609010255356,5.17066273278314,0.832,-0.182,2.67246211651998,0.681,11.2145133756357,0.327,46.457987175913,0.744009971618652,0.107382841408253,0.142547115683556,6.46938580220137,39.8104265402844,31938789.0,170819768.5,949.3019041,0.0,12257444185.132998,0.0,1.0,0.0,0.0,1.03,74652029.0,164.19438760509775,0.0,0.0
EGY,"Egypt, Arab Rep.",2002,97.5,18.3872995785607,15.4048561625759,0.0621425285935402,0.802,6.175,54.6553972024281,-0.319,8842.734,24.156,8.764757459,2.03778004646301,32.5835048825548,2.7372385500033403,0.0,13.7916666666667,67.846,18.4967537608868,0.021749873798385,5.895529999999994,1.1880642465276,5.90580704386046,0.832,-0.414,-2.76223276555558,0.681,10.300031943995,0.327,45.5887833201372,0.783147752285004,0.0844523310661316,0.119900517165661,7.30037527584326,40.9870678279229,32656854.0,184791396.5,946.4581781,0.0,12223409047.293972,0.0,1.0,0.0,0.0,1.03,76239137.0,160.32984538235226,0.0,0.0
EGY,"Egypt, Arab Rep.",2003,98.8,18.6730277667024,15.2867065868263,0.0608405880630016,0.802,6.131,53.897628742515,-0.344,8937.253000000002,24.909,8.205733127,2.07510042190552,33.3705868263473,4.50777636319304,0.0,13.5333333333333,68.045,17.3038323353293,0.0190720913893448,7.446709999999996,1.34012258500625,7.50637371077042,0.832,-0.641,-1.4206005092314498,0.681,6.32702594810347,0.327,44.9042395209581,0.752894103527069,0.0984429866075516,0.1164371669292449,9.13743176464721,46.1796407185629,33386302.0,201978986.3,944.2598959,0.0,13714536934.79018,0.0,1.0,0.0,0.0,1.03,77853548.0,176.15814933431398,0.0,0.0
EGY,"Egypt, Arab Rep.",2004,97.8,21.1677566698342,14.2699361219864,0.0596082620322704,0.802,6.101,54.0429142798269,-0.241,9128.457,24.356,8.197351284,2.11310434341431,34.6679167525242,11.270619332052,0.0,13.375,68.211,17.2369668246446,0.0153400376478507,9.616640000000004,1.60233568193565,9.49448631419397,0.832,-0.8219999999999998,-1.44967528993605,0.681,1.52690342883876,0.327,45.0910776839069,0.71676641702652,0.113812409341335,0.120604395866394,11.3771125904479,57.8199052132701,34116137.0,211091331.2,917.1573333,0.0,16614048773.583292,0.0,1.0,0.0,0.0,1.03,79477443.0,209.04105802174954,0.0,0.0
EGY,"Egypt, Arab Rep.",2005,99.4,21.9043376389331,13.9816898792943,0.0585869699716568,0.816,6.09,51.1654340531105,-0.175,9347.814,23.623,8.624446112,2.15180444717407,34.1486722376973,4.86939696871988,0.0,13.1416666666667,68.355,16.709452181987,0.048670841739392,16.8057,2.3345867580249804,11.8509312061057,0.832,-0.629,-2.29651785157069,0.681,6.52364099171329,0.327,45.9292479108635,0.690159976482391,0.134475335478783,0.130886152386665,14.464485213491,62.9526462395543,34838499.0,194272095.5,915.9405479,0.0,21900593165.204494,0.0,1.0,0.0,0.0,1.03,81101004.0,270.0409623190916,0.0,0.0
EGY,"Egypt, Arab Rep.",2006,99.0,22.863785956869,13.2372025254978,0.0578049682080746,0.848,6.086,49.2909797353084,-0.097,9780.065,27.186,8.877294337152575,2.19121313095093,36.1547353084021,7.64452644526434,0.0,12.6,68.493,15.9775619232637,0.0612878709250083,21.766599999999997,2.8202302183493,11.7296934107586,0.832,-0.8379999999999999,-2.58250996587057,0.681,4.88079671789458,0.327,44.6899951432734,0.710257470607758,0.140695974230766,0.137579247355461,14.8463875493972,61.5185365063947,35538843.0,204484065.6,931.2744103,0.0,25674717533.58714,0.0,1.0,0.0,0.0,1.03,82700403.0,310.4545637291168,0.0,0.0
EGY,"Egypt, Arab Rep.",2007,98.4,23.3446487905649,13.4201262083781,0.057048711925745,0.848,6.092,45.5152215665951,-0.098,10274.04,26.362,9.965518238,2.2313437461853,35.0653866809882,9.3189690579923,0.0,12.5083333333333,68.627,15.3699248120301,0.0966122421911582,35.7084,2.45152200895889,10.7818588338143,0.832,-0.552,-0.590130760590097,0.681,-0.0776285947232153,0.327,46.8939983888292,0.715711653232575,0.131645530462265,0.147052675485611,13.5101746020733,65.077873254565,36215994.0,214793901.0,1030.0883277,0.0,28635114478.379025,0.0,1.0,0.0,0.0,1.03,84276225.0,339.7769000495576,0.0,0.0
EGY,"Egypt, Arab Rep.",2008,99.8,23.4278540565231,12.6302400893356,0.0570705384016037,0.848,6.095,42.7975137803462,-0.0039999999999999,10775.039,26.639,10.708843858,2.27220916748047,36.2125516471245,18.3168316831684,0.0,12.325,68.761,15.5223673925181,0.693023407802065,48.0833,2.18068996423443,12.4545677729971,0.832,-0.51,-2.37696399519429,0.681,0.1078531546623908,0.327,46.6682970407594,0.681201875209808,0.124289765954018,0.14842414855957,15.5824855619458,71.6806253489671,36888285.0,209359659.5,1108.2659678,0.0,37785377200.494194,0.0,1.0,0.0,0.0,1.03,85864789.0,440.0567175503592,0.0,0.0
EGY,"Egypt, Arab Rep.",2009,98.9,16.8261780845755,12.9979466513145,0.0571728199720383,0.848,6.088,36.0927133507004,-0.139,11029.289,26.331,9.176956764663352,2.31382298469543,35.8164459796584,11.7634954386443,0.0,11.975,68.915,15.786154289004,0.619163373480266,63.2585,2.05000012334665,6.24755741424533,0.832,-0.607,-3.19611011546724,0.681,0.7100363200684665,0.327,46.5660621761658,0.736383438110352,0.139960408210754,0.127305448055267,9.1307819389596,56.5534446363462,37571756.0,1408494794.4,1082.8072872,0.0,24495667534.094025,0.0,1.0,0.0,0.0,1.03,87501636.0,279.94525192756424,0.0,0.0
EGY,"Egypt, Arab Rep.",2010,99.4,18.3154455095606,13.3407591579645,0.0567226111888886,0.843,6.076,33.0722952214189,-0.23,11331.75,23.911,9.343311649,2.35619902610779,35.7845184816841,11.2651882653185,0.0,11.0083333333333,69.078,16.102270843693,0.2147671374168209,79.2199,1.5962103417445,7.41778712942652,0.832,-0.8979999999999999,-3.1591751346206594,0.681,0.8187216181243224,0.324,46.2327200397812,0.713922262191773,0.14322067797184,0.122581847012043,9.45061556541184,47.9363500745898,38270215.0,1383643601.8,1078.6796368,0.0,31005200789.910244,0.0,1.0,0.0,0.0,1.03,89196072.0,347.60724429558115,0.0,0.0
EGY,"Egypt, Arab Rep.",2011,99.4,17.3125176566451,13.8691050980964,0.0559513568878174,0.618,6.049,31.1549232899382,-0.151,11273.855,20.948,8.201361097,2.39559030532837,35.9517175990081,10.0649259874818,0.0,11.0333333333333,69.232,15.7671942236161,0.468680136986449,91.5823,1.89361087079368,9.74186285549743,0.622,-1.437,-4.7561708483077,0.677,-0.5638780533864729,0.382,45.7160236306615,0.707435727119446,0.150068864226341,0.101401105523109,12.3388401952225,45.2556341623514,39045598.0,1379366968.6,1108.277399,0.0,41444753408.191605,0.0,1.0,0.0,0.0,1.03,91093059.0,454.97158469770574,0.0,0.0
EGY,"Egypt, Arab Rep.",2012,99.7,13.1842699909697,11.2727652713919,0.0547395832836628,0.459,5.999,27.388449729504,-0.178,11245.443,19.72,7.64562656708117,2.43564009666443,39.2513148623634,7.11172943343083,0.0,12.0,69.464,16.1654744133278,0.501480973530533,103.905,1.63298671232615,8.38345897037217,0.712,-1.436,-4.67980611610423,0.675,-6.262719502491281,0.363,51.771621185884,0.760782182216644,0.135316088795662,0.0936578959226608,10.7454978351353,40.71176927210839,39883949.0,1380849315.8,1115.680946,0.0,40807484766.25097,0.0,1.0,0.0,0.0,1.03,93161001.0,438.0318408799726,0.0,0.0
EGY,"Egypt, Arab Rep.",2013,99.9,14.0438387735576,11.2743496022361,0.0535116754472256,0.487,5.966,26.2224394958043,-0.174,11328.402,20.607,6.764244345638822,2.47635960578918,39.8869544184046,9.46971981064921,0.0,12.2916666666667,69.632,16.608374543109,0.284318834974563,104.585,1.4846231559039698,7.82863019779494,0.696,-1.639,-5.6157875925453205,0.677,3.29215715258359,0.352,52.3007390883681,0.754161715507507,0.140734806656837,0.0824834406375885,9.78188256424924,40.373038056332,40756455.0,1383615901.1,1028.29142,0.0,38722809998.68214,0.0,1.0,0.0,0.0,1.03,95333553.0,406.182385740749,0.0,0.0
EGY,"Egypt, Arab Rep.",2014,99.8,12.1742918108298,11.3377089201878,0.0524177141487598,0.501,5.879,25.6066805392918,-0.157,11364.819,23.169,6.491144293287974,2.51775979995728,39.890323943662,10.0702154687481,0.0,11.7083333333333,69.911,16.7744460093897,0.1822873187470289,97.7313,1.15200734272802,6.82340013626772,0.691,-1.631,-4.03123714627382,0.685,0.4141291390277581,0.366,52.320985915493,0.77941220998764,0.147831678390503,0.0709699168801308,8.43222797439408,36.9201877934272,41627719.0,1301681772.9,1047.6446525,0.0,35049840191.74183,0.0,1.0,0.0,0.0,1.03,97528654.0,359.3799232761054,0.0,0.0
EGY,"Egypt, Arab Rep.",2015,99.3,9.762439631468222,11.3940627685257,0.0516085922718048,0.54,5.818,26.316393760305,-0.203,11567.169,20.895,6.768290087779537,2.5598521232605,36.6302017267482,10.370490343517,0.0,11.625,70.135,16.6974467040386,0.125986889944651,94.3962,0.717587471392014,3.05526433674059,0.732,-1.499,-3.90795213569341,0.636,1.5410684601894102,0.374,53.1705429845738,0.75818806886673,0.157173916697502,0.0784828513860702,4.12906894708286,34.8459429600229,42434076.0,1245012409.2,1005.6241365,0.0,19104144227.30624,0.0,1.0,0.0,0.0,1.03,99597342.0,191.81379586722545,0.0,0.0
EGY,"Egypt, Arab Rep.",2016,100.0,9.84243286985033,11.769316084742,0.0511663444340229,0.595,5.707,34.1348626252639,-0.174,11803.896,19.172,7.1286655782867925,2.58862996101379,32.4559533476046,13.813606214829,0.0,13.6,70.437,16.8413264929505,0.176063334468341,96.2092,0.506687001503198,2.35006516963224,0.732,-1.44,-4.08411257376305,0.636,6.92201135491608,0.367,54.4832841219458,0.752099573612213,0.153851509094238,0.0825372412800789,3.2090806082014396,30.2465490514505,43220369.0,3856218340.9,1046.4044341,0.0,15318701065.79266,0.0,1.0,0.0,0.0,1.03,101644589.0,150.70847564539477,0.0,0.0
EGY,"Egypt, Arab Rep.",2017,100.0,10.5599646930451,10.9863806449848,0.051123958081007,0.585,5.628,27.0698246737254,-0.058,11756.039,20.655,7.371428809000001,2.61768794059753,34.3958677753768,29.5066083940039,0.0,18.175,70.709,16.59352061052,0.2138445277715029,99.2884,1.04828310066825,4.12683269397819,0.741,-1.43,-2.38067780847397,0.674,-8.758194080944449,0.346,53.1699504909872,0.767808556556702,0.131452441215515,0.0874739065766334,5.69886428656261,42.8321343581608,44017525.0,7400858183.300001,958.2184478,0.0,17598554043.082188,0.0,1.0,0.0,0.0,1.03,103696057.0,169.71285651760306,0.0,0.0
EGY,"Egypt, Arab Rep.",2018,100.0,14.2529231997226,10.8302490249025,0.0515957586467266,0.547,5.533,24.2952790707642,-0.151,12140.04,19.656,8.054197255,2.64707231521606,35.3298750589345,14.4014657807422,0.0,18.3166666666667,70.974,16.3508895889589,0.073788825824687,88.7421,1.8915190624859195,5.47658822874947,0.734,-1.188,-0.401272984441301,0.68,-2.35870301315836,0.339,51.6422459388796,0.752654433250427,0.114597968757153,0.0932430475950241,7.59656355901849,45.9110196733959,44870205.0,9220255488.4,991.434968,0.0,22838067974.140488,0.0,1.0,0.0,0.0,1.03,105682094.0,216.10158457061314,0.0,0.0
EGY,"Egypt, Arab Rep.",2019,100.0,15.7556034612628,10.6971354538956,0.0521900169551373,0.535,5.477,22.8487308972763,-0.144,12682.907,19.302,8.599085165,2.67678642272949,35.8254244102931,9.15279959324804,0.0,16.1166666666667,71.213,15.9882989635454,0.0,88.6448,1.67276468331077,3.8819618632175,0.737,-1.125,1.2878949249463902,0.68,2.19909578279478,0.347,50.7617519656898,0.762918710708618,0.10933019220829,0.106970258057117,5.72496131230483,41.1240171551108,45689875.0,13129959331.1,909.3970008,0.0,19575011634.765877,0.0,1.0,0.0,0.0,1.03,107553158.0,182.0031322071071,0.0,0.0
ETH,Ethiopia,1995,12.644302952211874,15.973283515774703,50.6606917388224,0.0332636311650276,0.282,17.176,7.544823359443967,-1.482,721.6690000000017,14.633,4.767222658,1.1303945779800395,9.06014651920214,10.0221733553239,1.0,15.0833333333333,48.156,4.767187976217311,0.0821179079325106,0.0,0.0,0.0,0.582,-1.055,-0.9858894335977852,0.362,2.10898846052289,0.312,32.3249405663692,0.836525678634644,0.0992219895124435,0.0393413715064525,31.649303566210797,32.075129203324686,7987654.0,73462336.39999998,0.001183,0.0,15733900.0,0.0,0.0,0.0,1.0,8.0,57537335.0,0.27345548764119854,0.0,1.0
ETH,Ethiopia,1996,12.464402415822718,18.54111229831501,49.91984083124,0.0327803492546082,0.267,16.662,11.649261822770598,-1.44,795.3100000000013,14.861,6.165972794,1.14198839664459,9.545525013317349,-8.48424868948825,1.0,13.9166666666667,48.697,5.085479803610479,0.105023185856673,0.0,0.0,0.0,0.573,-1.055,-2.16342241644456,0.362,13.6448984893843,0.312,32.4643860300556,0.850989162921906,0.0955884605646133,0.058775071054697,28.6687356738762,32.20183799979853,8386570.0,92266705.20000003,0.000199,0.0,2587000.0,0.0,0.0,0.0,1.0,8.0,59467635.0,0.04350265484746451,0.0,1.0
ETH,Ethiopia,1997,12.526338468525722,16.356725596928193,52.713752061384,0.0322392322123051,0.267,16.185,13.996200855524002,-1.267,794.9079999999994,16.176,4.671310274,1.15370106697083,11.9051331681556,2.3952095808382907,1.0,10.5,49.21,7.12335673765681,0.0763187583625548,0.0,0.0,0.0,0.573,-0.8434999999999999,-0.114705915974188,0.362,10.2721165510033,0.312,26.7031849691114,0.829483151435852,0.0926075503230094,0.0446447432041167,27.079285265147696,32.0488360493216,8785359.0,86574623.5999999,0.000955,0.0,8261440.0,0.0,0.0,0.0,1.0,8.0,61404539.0,0.13454119409641688,0.0,1.0
ETH,Ethiopia,1998,12.49712500896679,14.676434421745546,47.8675852235723,0.0320966131985188,0.267,15.658,15.7643606067517,-1.394,740.9449999999997,17.484,5.5191888680000005,1.16553390026093,11.2887200042371,0.8948016939641068,1.0,10.5,49.785,5.12890534373707,0.0556895818565308,0.0,0.0,0.0,0.573,-0.632,-2.00998882787549,0.362,10.6661618519202,0.312,32.0408386392383,0.818792700767517,0.134466841816902,0.0585584677755832,31.214134159408495,32.554178048023154,9196292.0,107131373.10000002,0.0005,0.0,89000.0,0.0,0.0,0.0,1.0,8.0,63363524.0,0.0014045935955203503,0.0,1.0
ETH,Ethiopia,1999,12.438818513651428,12.816746733552238,44.378202481993,0.0323059037327766,0.267,15.632,18.9197318949241,-1.214,766.5999999999985,18.27,5.4177689010000005,1.17748808860779,11.8979313695795,7.94144864137325,1.0,10.5816666666667,49.486,5.594196084943931,0.0793000058613616,0.0103568689999988,0.0,0.0,0.573,-0.7889999999999999,-6.55446249227062,0.362,8.17718734419374,0.312,34.9856313498315,0.810909569263458,0.174830570816994,0.0629981979727745,19.6036651165619,31.65124974903057,9618768.999999998,110056083.70000003,0.0036169999999999,0.0,25909364.999999985,0.0,0.0,0.0,1.0,8.0,65374561.0,0.3963218200425084,0.0,1.0
ETH,Ethiopia,2000,12.700000000000005,13.734771696693638,44.6660179485759,0.0327635034918785,0.286,14.681,17.6238640309735,-1.206,819.8199999999997,16.718,6.92877612,1.1895649433136,11.410467117123698,0.6624581092664812,1.0,10.8916666666667,50.88,5.605245150460469,0.1286545801258339,0.0263411999999902,0.0,0.0,0.573,-0.946,-7.20905843872577,0.362,3.83114861098858,0.312,37.4479927810305,0.7476527094841,0.207561299204826,0.0962810292840004,18.4852654796037,33.79194423905346,10057330.0,91597178.80000009,0.004224,0.0,27501916.0,0.0,0.0,0.0,1.0,8.0,67411494.0,0.40797072380564653,0.0,1.0
ETH,Ethiopia,2001,10.200000000000005,13.36916650639083,42.3405711240311,0.0333738923072815,0.298,14.222,17.778546785567,-1.047,858.1739999999991,18.678,7.581735672000001,1.1984555721283,11.9279294612334,-8.237844533911371,1.0,10.8651666666667,51.428,5.776228138710009,0.127735991152237,0.0395753000000027,0.0,0.0,0.573,-1.086,-2.18532282631555,0.362,17.6354832066922,0.312,38.499283331384,0.739178657531738,0.155395716428757,0.107716903090477,18.1488127694134,31.646661898777083,10504998.0,119615561.39999998,0.007407,0.0,31588570.0,0.0,0.0,0.0,1.0,8.0,69487762.0,0.45459184597138125,0.0,1.0
ETH,Ethiopia,2002,11.900000000000006,19.06763150724162,38.69237169146379,0.0337568633258343,0.298,13.697,17.978117689976,-1.159,849.8100000000013,19.105,7.16444003,1.20741271972656,12.7402796419574,0.6750891021708014,1.0,8.660999999999998,52.085,5.76649058338808,0.1753434926637189,0.0703128999999904,0.0,0.0,0.573,-1.226,-4.26615314312263,0.362,12.7439479028674,0.312,41.4431413187039,0.806705594062805,0.149951726198196,0.129604354500771,23.1893231496073,31.310169735179393,10984041.0,158486044.0,0.00457,0.0,33371700.000000004,0.0,0.0,0.0,1.0,8.0,71635517.0,0.4658541097707162,0.0,1.0
ETH,Ethiopia,2003,13.5,20.164796282706103,37.285055413956094,0.0338925383985043,0.298,13.114,17.5006234628474,-1.168,810.8810000000012,21.449,6.846877409999999,1.21643686294556,12.8995022232624,13.6740452028272,1.0,7.0,52.877,5.77003750137346,0.0811136221682242,0.0695138999999969,0.0,0.0,0.573,-1.41,-3.9452145354923,0.362,-5.1149079851470685,0.312,42.7501557957854,0.756930708885193,0.132038235664368,0.124699518084526,36.1413210442662,36.66251961261934,11476441.0,173851060.20000005,0.004874,0.0,40439860.0,0.0,0.0,0.0,1.0,8.0,73832663.0,0.5477231669132671,0.0,1.0
ETH,Ethiopia,2004,15.200000000000005,24.71137957046802,38.6797549469264,0.0343538522720337,0.298,12.519,16.529186525911705,-1.117,882.8009999999995,20.498,9.279767339,1.22552835941315,12.6855403366012,3.3273704789484704,1.0,7.0,53.735,5.350705610623159,0.0430245623456205,0.2044420000000002,0.0,0.0,0.573,-1.312,-1.4161669555422298,0.362,2.97237710473646,0.312,40.0736578229212,0.685478925704956,0.13519249856472,0.181746289134026,27.810993348368,38.60278841639789,11988696.0,200541734.29999995,0.004623,0.0,39996738.0,0.0,0.0,0.0,1.0,8.0,76077206.0,0.5257387869896274,0.0,1.0
ETH,Ethiopia,2005,14.0,26.646945879833428,41.1744985607337,0.0351528450846672,0.334,12.074,18.8657892604975,-1.098,968.844000000001,18.768,8.354955197,1.23468780517578,11.788833526412898,9.96997123512892,1.0,7.0,54.364,4.84296124606208,0.069021214680715,0.5239799999999946,0.0,0.0,0.573,-1.69,-3.1803254102047105,0.362,-2.61706349192245,0.312,39.1449503016171,0.713681161403656,0.123875960707664,0.173460140824318,23.4931936600342,40.09548013869738,12525447.0,176133229.89999998,0.004609,0.0,44513351.0,0.0,0.0,0.0,1.0,8.0,78367470.0,0.5680080140394987,0.0,1.0
ETH,Ethiopia,2006,18.6,26.588832651379125,42.52417012263929,0.0364177003502846,0.368,11.427,20.449325065755797,-1.136,1052.8859999999986,18.279,8.558523514,1.24391579627991,11.592316049391098,12.2994763114825,1.0,7.0,55.402,4.637738366033769,0.1442185752984109,1.07392999999999,0.0,0.0,0.572,-1.74,-2.9935035738271196,0.362,-4.080908927948249,0.317,38.572635142107,0.734388649463654,0.131105124950409,0.186826780438423,18.828854826567,40.45996149235796,13085948.0,16790608.399999976,0.00473,0.0,60754803.99999999,0.0,0.0,0.0,1.0,8.0,80703490.0,0.7528150765227128,0.0,1.0
ETH,Ethiopia,2007,20.299999999999997,29.28288777547399,42.2650121920913,0.0376993790268898,0.368,10.732,18.5250760306452,-1.071,1138.1800000000003,16.954,8.073423274,1.25321269035339,11.5894966658928,17.2404008340898,1.0,7.5,56.566,4.579682467896909,0.138498847152681,1.4542100000000031,0.0,0.0,0.541,-1.806,-2.87117997694967,0.362,-8.29255368104718,0.3320000000000001,39.1141105816058,0.724470734596252,0.115455023944378,0.159173488616943,21.9115368349794,40.46511433374812,13375324.0,17637170.299999952,0.005068,0.0,77550900.0,0.0,0.0,0.0,1.0,8.0,83103217.0,0.9331877007841947,0.0,1.0
ETH,Ethiopia,2008,22.0,29.326071522744243,45.1845583729593,0.0385541580617428,0.368,10.067,17.7101483486321,-0.986,1224.101999999999,15.874,8.359232781,1.26257908344269,10.2068542889297,44.3566858766952,1.0,8.0,57.733,4.10813533633752,0.1053365156913039,2.2848299999999924,0.0,0.0089660103734656,0.562,-1.732,-2.42933851990798,0.362,-17.121776240154603,0.327,37.9001296082826,0.740019738674164,0.114093407988548,0.165008336305618,18.7793493652542,45.73597299910648,14365922.0,17190953.50000012,0.0063449999999998,0.0,78330909.99999787,0.0,0.0,0.0,1.0,8.0,85543668.0,0.9156833209443143,0.0,1.0
ETH,Ethiopia,2009,23.700000000000003,30.854329966233216,45.8826942649105,0.0397059805691242,0.368,9.505,18.522619786855348,-0.884,1312.3899999999994,16.181,11.140160314,1.27201545238495,9.68348044252178,8.48364404530282,1.0,7.370458476947682,58.715,3.88025579578888,0.118868129460701,4.603810000000003,0.0,0.0035679982906309,0.58,-1.641,-0.551173129774466,0.362,-7.22795326378408,0.316,38.7708154845259,0.725157022476196,0.113874793052673,0.216758847236633,16.4317377452986,43.95926652285175,15094278.0,368235550.7,0.019776,0.0,96651621.6923077,0.0,0.0,0.0,1.0,8.0,88007636.0,1.0982185874451587,0.0,1.0
ETH,Ethiopia,2010,25.5,30.92246098574686,41.4468200699758,0.0411163046956062,0.369,8.98,18.516171191104643,-1.046,1414.7210000000014,17.162,11.921127628,1.28152239322662,9.435128138223307,8.14926402965082,1.0,7.351086915047702,59.709,3.97390612014563,0.281800575724129,7.57025999999999,0.0,0.0058556774728311,0.58,-1.635,-0.9094472878533552,0.362,-6.867759557978685,0.319,41.7550740909194,0.713289797306061,0.116395086050034,0.2137760668993,15.8199957578791,44.1275921338545,15838612.0,485279684.9,0.026774,0.0,179309343.30769232,0.0,0.0,0.0,1.0,8.0,90538514.0,1.980475881321537,0.0,1.0
ETH,Ethiopia,2011,23.0,32.629238342525,41.24996385745369,0.0428202003240585,0.367,8.534,18.474003769265263,-1.29,1539.3580000000002,16.621,14.274541162,1.29974734783173,9.664642192888396,33.2499598823344,1.0,7.321702020613811,60.595,3.68255139559386,0.704513480541926,15.165500000000002,0.0,0.0081746694968387,0.58,-1.507,-1.2357921934133298,0.362,-6.296497233941459,0.325,41.4300565862634,0.63816773891449,0.144643470644951,0.251278638839722,17.4282532150132,48.232935411689,16640116.0,483779758.7,0.031037,0.0,380800385.0,0.0,0.0,0.0,1.0,8.0,93149970.0,4.088035508760765,0.0,1.0
ETH,Ethiopia,2012,29.0,30.9810640540065,44.3309427521463,0.0468197502195835,0.367,8.118,17.396743400620856,-1.046,1632.815999999999,15.476,19.102649331,1.3182315826416,9.47613796506918,23.600417677317,1.0,6.961857692991943,61.443,3.4200607188961207,0.54884423822428,21.424,0.0,0.005815012639915,0.581,-1.564,-0.873493594926833,0.36,-5.827117880075949,0.328,38.5815204962798,0.701537787914276,0.100595742464066,0.281525850296021,14.9281805721075,45.3979041835072,17441254.0,484299656.3000001,0.034981,0.0,484148192.3076923,0.0,0.0,0.0,1.0,8.0,95798767.0,5.0538040046767225,0.0,1.0
ETH,Ethiopia,2013,30.799999999999997,28.3984205184769,41.2395055340925,0.0512137934565544,0.359,7.78,12.392148287495536,-1.1570000000000005,1750.0260000000017,15.825,18.596061654,1.33697867393494,10.9445569914695,7.46402192944517,1.0,5.741162323944,62.161,3.702189003056001,0.343869213386082,26.053600000000003,0.0,0.0079039679631485,0.577,-1.407,-1.5923954235408695,0.514,0.1317344572189016,0.3179999999999999,39.6700979759192,0.712116003036499,0.101344212889671,0.24080203473568,14.0104012014584,41.4717870807625,18324880.0,485269969.5,0.03445,0.0,417375580.7692308,0.0,0.0,0.0,1.0,8.0,98438751.0,4.239952016144849,0.0,1.0
ETH,Ethiopia,2014,27.200000000000003,31.5369800043276,38.5204496889284,0.0533597730100155,0.359,7.461,11.103188565293864,-1.135,1881.4670000000008,14.901,21.51620271063872,1.35599231719971,13.4713245062584,6.89001951597192,1.0,5.172168681128985,62.927,3.99132524576571,0.2291631983511699,30.1536,0.0,0.0067708864607753,0.579,-1.339,-2.22464510919419,0.514,4.146500732537392,0.322,39.8920084959331,0.661049604415894,0.0995985716581345,0.260076999664307,13.3844820157845,40.7410841498626,19238546.0,451692494.0,0.03836,0.0,293020740.7692308,0.0,0.0,0.0,1.0,8.0,101115610.0,2.8978783866232996,0.0,1.0
ETH,Ethiopia,2015,29.0,29.6426303913377,36.0569753905786,0.0532596632838249,0.365,7.206,11.476922315294082,-0.945,2028.184000000001,15.379,23.510377534427946,1.37527632713318,16.297793638615303,9.56889955968623,1.0,7.237234243195294,63.592,4.404619138762701,0.112168490610375,40.7363,0.0,0.002856829895542,0.578,-1.497,-1.53582982719425,0.514,5.420668824983097,0.313,39.5457091545031,0.685689806938171,0.0984926223754883,0.278582364320755,12.1932229078984,39.6561241449515,20203785.0,396826122.7,0.044501,0.0,243095437.32673076,0.0,0.0,0.0,1.0,8.0,103867135.0,2.340446160633301,0.0,1.0
ETH,Ethiopia,2016,42.9,31.0546554650742,34.6969564523634,0.0512456297874451,0.352,6.999,10.95388915143225,-1.061,2140.001,15.613,24.281904843028236,1.39483463764191,21.9325618536317,6.62813337230924,1.0,5.179660923615296,64.162,5.69139715520615,0.118963294088809,47.9993,0.0,0.0027240103115131,0.578,-1.617,-1.83927119109085,0.514,4.587681025911164,0.304,36.7245794030803,0.681898951530457,0.119489207863808,0.253241658210754,11.2339790417281,34.8990210816111,21211688.0,334644504.9,0.0239,0.0,235197698.91091028,0.0,0.0,0.0,1.0,8.0,106718162.0,2.2039144462674525,0.0,1.0
ETH,Ethiopia,2017,44.3,30.7727685559501,33.7792813400479,0.0494107790291309,0.364,6.786,10.951322485455592,-1.056,2302.9350000000013,14.743,24.808091183601437,1.41467106342316,23.5819066692345,10.6871150284238,1.0,5.1809039199998494,64.766,6.18658862115693,0.112045765891954,36.1095,0.0,0.0,0.563,-1.677,-2.7933409675276595,0.659,4.58201396369187,0.301,36.6336554444575,0.694377481937408,0.121135756373405,0.268733620643616,9.87787063669115,31.103649492901596,22271601.0,301195845.5,0.0407039999999999,0.0,130330864.47115384,0.0,0.0,0.0,1.0,8.0,109666481.0,1.1884293476249488,0.0,1.0
ETH,Ethiopia,2018,44.8,33.3122169084508,31.218806648717404,0.0479282364249229,0.332,6.631,12.540643187098112,-0.983,2425.7819999999974,13.07,24.177065005564774,1.43478965759277,27.3057073050799,13.8330356586661,1.0,11.987568920584913,65.257,5.827617948844769,0.0361203941244651,36.1647,0.0,0.0,0.56,-1.275,-2.50315963534868,0.644,8.021076041831076,0.338,36.4097339191287,0.683815658092499,0.113253928720951,0.224991738796234,6.36887574699294,31.199368977788097,23415903.0,242077008.1,0.005677,0.0,68470605.46863462,0.0,0.0,0.0,1.0,8.0,112664152.0,0.6077408319607698,0.0,1.0
ETH,Ethiopia,2019,48.0,29.2100105782176,33.6333246930874,0.046366848051548,0.324,6.481,11.885419980666406,-1.155,2588.0899999999983,12.819,27.942814307,1.45519435405731,24.8223642571985,15.8096321719344,1.0,9.725019031071842,65.741,5.594368153775299,0.027894091470397,36.2199,0.0,0.0,0.563,-1.304,-2.03073434311805,0.644,7.338784519517423,0.355,37.1502538865175,0.725765943527222,0.101464875042439,0.219497844576836,5.503739713695591,28.8152939288346,24592655.0,318290495.6,0.0062799999999999,0.0,91240850.18147977,0.0,0.0,0.0,1.0,8.0,115737383.0,0.7883438161158333,0.0,1.0
GAB,Gabon,1995,77.27976983536806,37.7477871148575,8.0316742081448,0.0453853979706764,0.609,10.431,7.92178409825469,-1.169,18855.411,27.717,11.495555142,1.93304669857025,52.3634453781513,9.64653104079616,0.0,15.007423773394596,61.27,4.524886877828049,0.0019742284740362,0.356517678000003,0.056681158733968,27.444689624796503,0.88,0.126,10.6463901146107,0.473,-4.779524615078802,0.315,39.6048804137039,0.464964896440506,0.107811734080315,0.0735424309968948,31.9828513449062,95.1346961861668,842289.9999999963,96550499.20000003,1165.672039570492,0.0,5065706256.752772,0.0,1.0,0.0,0.0,6.74,1123213.0,4510.013912546216,0.0,3.0
GAB,Gabon,1996,77.2589854415762,41.0623701539811,7.09283163965943,0.0454617626965046,0.61,10.318,6.589329854435597,-1.392,19062.37,24.343,12.303034278,1.96957099437714,55.3659708871189,0.6896933772816389,0.0,15.061272788888742,61.265,4.061384235100249,0.0044145265361078,0.5909954879999972,0.0484586602713025,29.1677160895468,0.88,0.126,8.11615221942016,0.473,-1.5031302554617136,0.315,37.5411974732216,0.422327667474747,0.110162533819675,0.0752173140645026,32.9208323547404,95.6709008514144,874864.0,119727427.89999998,1195.9112021655735,0.0,6060826393.948809,0.0,1.0,0.0,0.0,6.74,1152015.0,5261.065519067728,0.0,3.0
GAB,Gabon,1997,77.28477797370014,47.8886205874102,7.21752275578142,0.0464218594133854,0.618,10.161,8.680582805313428,-0.809,19664.623,31.104,16.718086030000002,2.00678539276123,53.6521823035605,3.973450075453,0.0,19.707180399976068,61.395,4.39677076967611,0.0028713994128931,0.8052171290000061,0.0529871241663386,29.7709119999325,0.88,0.2254999999999999,7.29800955431933,0.473,0.5138604701142464,0.315,39.1302949406581,0.436171233654022,0.14460027217865,0.122938334941864,33.78906855705411,98.5362645138464,908283.0,131152493.0,1128.706334652459,0.0,5455279740.371592,0.0,1.0,0.0,0.0,6.74,1181439.0,4617.4874372452505,0.0,3.0
GAB,Gabon,1998,46.646399791713634,28.5226836711407,7.02079395085066,0.047694593667984,0.618,10.027,10.779508506616304,-1.082,19852.22,32.384,18.260116837,2.04470276832581,43.1417769376181,1.4487385429459805,0.0,16.135333728706065,61.506,5.610586011342161,0.0027191364528332,0.8012682749999911,0.0424388915850032,15.499721148259,0.88,0.325,-5.959385709429581,0.473,6.5523654181350395,0.315,49.8374291115312,0.519468009471893,0.231148615479469,0.175433978438377,20.2016349235387,95.9747826086956,942706.0,113377394.29999997,1082.437982442623,0.0,3453962487.145465,0.0,1.0,0.0,0.0,6.74,1211736.0,2850.42491693361,0.0,3.0
GAB,Gabon,1999,73.86252809989246,36.8014967667447,7.29362591431557,0.0483833663165569,0.62,9.882,9.963671194705682,-1.061,17635.904,26.611,13.416765483,2.08333659172058,48.8157436433299,-1.9366039760362617,0.0,14.548079322503234,61.658,4.726576105886451,0.0018685785827111,0.7165746270000071,0.0472763797891524,22.0308206615082,0.88,0.4825000000000001,7.52252833424152,0.473,-1.96585950285146,0.315,43.8906304423546,0.415537446737289,0.179452911019325,0.1000631451606749,26.0513920456146,97.7314524555904,978186.0,105259161.60000002,989.4405483360656,0.0,4539775710.88123,0.0,1.0,0.0,0.0,6.74,1243016.0,3652.2262874180465,0.0,3.0
GAB,Gabon,2000,73.6,49.2203389289619,6.21362452192229,0.0486960113048554,0.62,9.746,8.696552297544478,-0.913,16881.744,31.429,12.503116569,2.12270069122314,56.2551964968682,0.5049200258348598,0.0,11.365379376253216,61.81,3.7248489551577,0.0028217977021149,9.407539999999996,0.0772762340975762,43.6933433166058,0.88,0.6400000000000001,16.6502802082611,0.473,-2.4263290747095176,0.307,37.5311789812095,0.358159095048904,0.163669422268868,0.0877884700894356,47.7698658424489,101.701928939637,1014922.0,107445776.10000002,983.4099060655738,0.0,5619611057.019254,0.0,1.0,0.0,0.0,6.74,1275572.0,4405.561628053339,0.0,3.0
GAB,Gabon,2001,77.2,38.6903390166033,6.14393258219291,0.0492610111832619,0.619,9.602,12.5213235669856,-1.351,16824.041,31.901,13.374647758000002,2.15596961975098,47.7100745088105,2.1376205270146507,0.0,14.202615059798614,61.982,2.5411603282171296,0.0028163678916521,11.454,0.09276544922341,28.562139175418903,0.88,0.5250000000000001,12.3224857217722,0.473,-3.0206419167964658,0.307,37.9417335230936,0.41272708773613,0.217674016952515,0.129858687520027,32.5167942663475,83.6386132424108,1053029.0,92663729.79999997,1032.4262995081967,0.0,4516876837.706619,0.0,1.0,0.0,0.0,6.74,1309589.0,3449.0797018809867,0.0,3.0
GAB,Gabon,2002,77.8,38.1904274610141,5.74386163895503,0.0495684631168842,0.599,9.452,12.310953555709098,-0.849,16444.344,29.447,15.250739588885844,2.18976020812988,47.3156667989635,0.0366828893971415,0.0,14.319659534359849,62.175,2.67453927337973,0.0034057605811066,20.7629,0.0866644650501961,27.189573562465895,0.88,0.41,7.81150542602505,0.473,0.4631407390201305,0.307,38.8653039103033,0.386421740055084,0.234628319740295,0.173024758696556,31.727198627711296,84.7590815376223,1092526.0,86495381.39999998,1048.7869552459017,0.0,4416561551.522606,0.0,1.0,0.0,0.0,6.74,1345135.0,3283.359329377799,0.0,3.0
GAB,Gabon,2003,78.5,36.7635325809929,6.004020935132231,0.0493741557002068,0.599,9.262,11.5183478998664,-1.027,16316.144,29.002,12.94981946,2.22408032417297,47.039168102841,2.2353531355153606,0.0,14.04966642713286,62.463,2.6673385879484197,0.0014152647216675,21.702200000000005,0.0827014890693919,21.2503487601086,0.88,0.299,11.4994931460851,0.473,-3.298782901423188,0.307,38.816350461147,0.344369918107986,0.252139687538147,0.162264212965965,26.0570264508303,80.3026082056312,1133487.0,79514254.70000005,1167.4099060655738,0.0,5391554710.925222,0.0,1.0,0.0,0.0,6.74,1382350.0,3900.2819191414783,0.0,3.0
GAB,Gabon,2004,79.2,37.9498408349866,5.46729104251047,0.0488399416208267,0.599,9.102,9.270946511216998,-0.705,16096.439,27.867,12.137175141,2.25893831253052,51.5005373966573,0.4082053074392497,0.0,13.935333825101903,62.694,2.7817232421857803,0.0048698775599927,34.423500000000004,0.071282162957338,25.0988473562294,0.88,0.408,10.6729103489857,0.473,-3.2393737830658864,0.307,36.2849149195174,0.288992762565613,0.251000791788101,0.169852882623672,27.456783756690697,81.7675371418698,1176176.0,121838293.5,1279.2298081967213,0.0,7282146676.040268,0.0,1.0,0.0,0.0,6.74,1421609.0,5122.468045742724,0.0,3.0
GAB,Gabon,2005,81.6,49.5849685193512,4.98463861102881,0.0485730729997158,0.595,8.926,8.463617664004083,-1.603,15580.344,28.745,12.306224909,2.29434251785278,59.922360810853306,3.708333333333041,0.0,11.066951446175548,62.978,12.9297908424628,0.0061076176749035,50.3377,0.0326186299565399,34.837420996188,0.88,0.326,10.5662415446379,0.473,-2.408282291914288,0.307,29.565097435915703,0.228717133402824,0.245189934968948,0.199980586767197,37.767344326428,83.9495998399241,1221033.0,88230266.39999998,1388.363186885246,0.0,9309017441.548244,0.0,1.0,0.0,0.0,6.74,1463495.0,6360.81260376581,0.0,3.0
GAB,Gabon,2006,80.5,48.27496320909795,4.91120031463828,0.0487863942980766,0.553,8.755,9.553023111160208,-1.718,14910.298,29.807,13.545218799,2.32480835914612,59.466319655143394,-1.4094013660097993,0.0,13.66659322593354,63.259,11.4678387263822,0.0158394554393068,59.5349,0.0921095672170826,33.9084565801093,0.88,0.22,10.8683480215363,0.473,-0.6629540858081029,0.307,30.9213104046742,0.253133118152618,0.229926288127899,0.212474375963211,37.65597386602701,88.6494092562519,1268289.0,78117474.39999998,1410.792859016393,0.0,9712411704.88702,0.0,1.0,0.0,0.0,6.74,1508337.0,6439.152327952586,0.0,3.0
GAB,Gabon,2007,81.3,46.9649578988447,4.95783080287957,0.0491503365337849,0.538,8.556,9.95222909903567,-1.401,15392.754,27.451,13.950830457,2.35567855834961,57.2222057277107,5.03031883679951,0.0,13.660290031593767,63.619,12.7816305042674,0.014988937621301,75.1171,0.0792230139390131,34.283912273453,0.88,0.303,10.0545790024878,0.473,-1.1570047381688742,0.307,31.3484397338356,0.25183242559433,0.197598502039909,0.215464249253273,37.533512307082,85.1324791636578,1317977.0,46957128.79999995,1465.228231147541,0.0,10962383153.6274,0.0,1.0,0.0,0.0,6.74,1556237.0,7044.160467607055,0.0,3.0
GAB,Gabon,2008,82.0,51.5588764792644,4.229842031948409,0.0495869629085064,0.538,8.35,8.661172309383879,-1.373,15086.161,29.923,15.831985701986463,2.38695883750916,61.7420000109434,5.26430145575285,0.0,13.480696928060208,64.011,14.2227835357047,0.0157221283268531,80.8873,0.0879977934357384,37.187729257242,0.88,0.262,12.6415461742096,0.473,-2.0178893430566784,0.307,28.9831186458055,0.2213820964097979,0.152407214045525,0.188433066010475,41.0680827434693,88.9988725945748,1370017.0,21705484.899999976,1601.541113114754,0.0,14851225416.060163,0.0,1.0,0.0,0.0,6.74,1607175.0,9240.57766955071,0.0,3.0
GAB,Gabon,2009,82.7,38.9009761410525,5.04416979273101,0.0499996058642864,0.536,8.171,10.091112978372998,-1.368,14202.626,29.368,16.06365277227684,2.41865420341492,50.4467532257807,1.88570754577918,0.0,11.099595193850954,64.361,19.0243730718995,0.023812384764816,87.2676,0.128111970359723,24.5730772701098,0.88,0.14,8.20243664995973,0.473,-2.5339463558461475,0.307,36.8182126957151,0.355410814285278,0.222178086638451,0.274869650602341,27.7362590783372,83.5045774235636,1424672.0,230010562.8,1389.5251901639344,0.0,9134973171.605583,0.0,1.0,0.0,0.0,6.74,1661556.0,5497.842487165995,0.0,3.0
GAB,Gabon,2010,89.3,47.3833212223722,3.9144544172835705,0.0508573316037655,0.495,7.994,8.209996832041163,-0.647,14540.644,25.788,19.802593617092192,2.45077061653137,55.1924628115731,1.46154402720469,0.0,11.640353296106806,64.715,17.0804611102848,0.0,93.6112,0.160031176391066,33.5096734280311,0.873,0.299,4.05873278576493,0.473,-1.768751992010117,0.281,30.8276344945018,0.332184940576553,0.190229922533035,0.296980381011963,35.6548863864577,89.1576627248353,1482282.0,225952303.8,1727.2936606557378,0.0,11417701147.765709,0.0,1.0,0.0,0.0,6.74,1719879.0,6638.665364113236,0.0,3.0
GAB,Gabon,2011,88.7,50.72199188834439,3.4322897797715797,0.0517217665910721,0.495,7.802,9.52767161179321,-0.572,15001.764,23.483,22.555884547,2.51047468185425,60.8812104614947,1.263317078374211,0.0,8.62085438679971,65.102,19.1528007507603,0.0,133.01,0.2091077501321041,37.4261753637161,0.873,0.3849999999999999,2.51168916436391,0.473,-0.6740563414424701,0.281,25.632568342491105,0.249829009175301,0.134121686220169,0.238968208432198,39.1459946806966,90.4983773331323,1542603.0,225253919.3,1801.5282016393444,0.0,15047975122.647598,0.0,1.0,0.0,0.0,6.74,1781985.0,8444.501565752573,0.0,3.0
GAB,Gabon,2012,89.3,48.75578760756831,3.35369777676334,0.0521305277943611,0.491,7.615,11.302095673966896,-0.85,15211.482,30.154,24.330370991,2.56782054901123,58.8246016166913,2.6524182869562605,0.0,10.996937577213734,65.438,16.5014056434654,0.0746904757982236,138.488,0.235863079960661,38.2761163072887,0.887,0.2929999999999999,7.27325390225661,0.431,-2.3176079734353365,0.283,27.4556887815273,0.302611023187637,0.160314172506332,0.27460902929306,40.6293332424739,92.3428089420545,1604649.0,225495990.2,1867.7060610491803,0.0,13978085812.207266,0.0,1.0,0.0,0.0,6.74,1846889.0,7568.4493286858415,0.0,3.0
GAB,Gabon,2013,86.4,44.6299057386057,3.3290806507465707,0.0523890890181065,0.543,7.44,15.012821298493002,-1.002,15446.707,31.605,24.595583434,2.60977125167847,56.6086168756874,0.5054410589156149,0.0,7.153392223692139,65.751,17.1624139596913,0.083780652650466,143.499,0.21205622538129,30.2411289292074,0.777,0.33,-1.5137529572474595,0.714,0.1652604920694749,0.401,29.605783362913105,0.320777982473373,0.177206769585609,0.27497386932373,32.806984483505,90.6350361478645,1667197.0,225947780.2,1961.6029223114751,0.0,12890384528.57648,0.0,1.0,0.0,0.0,6.74,1913059.0,6738.100878528305,0.0,3.0
GAB,Gabon,2014,87.1,44.7145014321608,3.6212047699624295,0.0527286306023598,0.543,7.272,14.5417251249117,-0.638,15566.74,29.735,25.336047166999997,2.65240740776062,52.7222416503812,4.69045751826284,0.0,11.862857571500104,66.07,17.393405866881,0.0589250772695909,148.238,0.286832079981206,22.162753266709196,0.777,0.1499999999999999,7.59540447559674,0.714,-5.1444585641277865,0.401,32.6789965337499,0.336042523384094,0.203743189573288,0.321669965982437,24.754018401190095,73.5203290162438,1733544.0,212567224.6,2070.906078,0.0,11826656495.968458,0.0,1.0,0.0,0.0,6.74,1978399.0,5977.892475667678,0.0,3.0
GAB,Gabon,2015,87.3,41.8535618999309,4.31162904410146,0.0529270470142365,0.543,7.138,14.5161472286238,-0.428,15652.462,21.136,21.05968593,2.69573998451233,48.1836272968661,-0.3387951887534051,0.0,13.668626616792931,66.336,16.6870330418249,0.0723133717477539,138.244,0.259727579161708,9.98640233955356,0.777,0.015,0.909043342537743,0.714,-2.7809304079028703,0.401,39.0291929804191,0.351674020290375,0.212567910552025,0.259351193904877,12.5534347249347,73.9497814588281,1797811.0,203313004.7,2233.541356,0.0,7022604771.891911,0.0,1.0,0.0,0.0,6.74,2040989.0,3440.785213390131,0.0,3.0
GAB,Gabon,2016,88.1,39.99424981806166,4.97313690987068,0.0527144111692905,0.529,7.024,13.8289895507558,-0.609,15579.432,17.138,21.590513431,2.73978066444397,45.0378509048684,2.10670712784054,0.0,13.012933466057891,66.583,17.456006771994,0.0747484922345399,141.05,0.1803813693277289,9.0185416132992,0.777,-0.11,-2.38564627470064,0.714,-1.398320194195124,0.401,41.7428124794395,0.374925017356873,0.222268357872963,0.229693219065666,11.6621945364629,70.1333810645308,1859707.0,197239011.4,1840.65807,0.0,5645133436.178522,0.0,1.0,0.0,0.0,6.74,2100306.0,2687.7671330646685,0.0,3.0
GAB,Gabon,2017,86.3,38.30664830465827,5.2657648440765,0.0521899908781052,0.568,6.918,10.2903622081637,-0.668,15302.638,16.414,17.224181235,2.78454089164734,45.4673089938161,2.6519258314390193,0.0,14.385970103580243,66.816,17.6224186689537,0.055789957681496,123.475,0.1832509319890389,14.3932577694784,0.825,-0.106,0.827057384795657,0.774,-3.0058610856325476,0.349,42.6496912552085,0.359829872846603,0.222067639231682,0.163708716630936,17.699784026005,75.0687404456638,1919662.0,412399367.2,2400.0666,0.0,7401835681.414543,0.0,1.0,0.0,0.0,6.74,2156900.0,3431.7009047311158,0.0,3.0
GAB,Gabon,2018,89.6,41.782675740669816,5.43595280305822,0.0523712188005447,0.523,6.817,13.082693069164897,-0.65,15232.163,16.918,17.788722032,2.83003211021423,47.1270856238547,4.74906652083221,0.0,12.97403820432442,67.043,18.9415576135283,0.0051633157847298,132.465,0.249185395988878,18.3274076798358,0.803,-0.257,2.19645186226815,0.738,-7.055256014017523,0.338,41.1181969705571,0.343810051679611,0.176835164427757,0.170879781246185,21.16026297404,77.0365976973024,1979007.0,601432515.3,2523.447083,0.0,8560892389.1615715,0.0,1.0,0.0,0.0,6.74,2212318.0,3869.648210230885,0.0,3.0
GAB,Gabon,2019,90.3,41.27432836415845,5.5544308701413,0.0538002252578735,0.543,6.693,13.3764779657931,-1.243,15604.385,19.594,18.130016427,2.87626695632935,47.6788640928906,2.4645675615118705,0.0,12.96882211304058,67.337,18.8025688304726,0.0056624102411341,131.975,0.24178434717823,16.6842425426461,0.839,-0.075,4.40165054362877,0.776,-7.045463100662634,0.303,40.4703782489961,0.328587651252747,0.182495251297951,0.190338462591171,19.1754988018892,73.4280894486644,2038740.0,721529349.8,2727.831107,0.0,8347226491.706945,0.0,1.0,0.0,0.0,6.74,2267706.0,3680.912116344423,0.0,3.0
GHA,Ghana,1995,32.4504508972168,17.995213168883,38.7785905027284,0.0543800294399262,0.485,10.763,5.073564508430408,-1.306,2733.5509999999995,9.074000000000002,15.362994861,2.02125000953674,24.2849955493634,59.4615536991446,0.0,5.220175496411965,56.662,9.32698633848059,1.22819736978252,0.0355527540000011,0.0098921434225914,0.2279778241506163,0.65,-0.235,-2.77374568288928,0.761,3.871797466505859,0.504,27.7461718074745,0.633882462978363,0.131829828023911,0.262617081403732,12.844734865598,57.4230942889947,6952738.0,648472348.4,835.4357856152935,0.0,1150306858.6055396,0.0,0.0,0.0,1.0,5.71,17399017.0,66.11332459790916,0.0,1.0
GHA,Ghana,1996,34.5287704467773,18.4761473076185,38.9550830342103,0.0540814623236656,0.491,10.557,6.0050790655013415,-1.23,2794.5159999999996,7.327999999999999,18.394000625123503,2.04038000106812,23.5785407498214,46.5610196762282,0.0,5.216780080757342,56.957,8.63414677167577,2.63116103751054,0.0715422149999938,0.0082586773868785,0.3746117910740576,0.65,-0.235,-3.48287474509269,0.77,2.601414214820795,0.535,26.2463950893841,0.63577127456665,0.127535700798035,0.291602373123169,13.7777337984918,72.2049441293975,7269109.0,542612778.8,802.1294479267689,0.0,1066397868.2225668,0.0,0.0,0.0,1.0,5.71,17810181.0,59.875745688523146,0.0,1.0
GHA,Ghana,1997,36.6036949157715,10.6171656979695,35.7815976306205,0.0556696839630604,0.562,10.389,8.195094024118923,-1.028,2884.594000000001,6.279,18.01110763,2.05969095230103,25.6678050646903,27.8852086407527,0.0,17.647786211518575,57.241,9.0516813808154,1.80511321259601,0.1196953809999925,0.0054994120963085,0.2904547932869796,0.65,-0.1855,-3.60280711232732,0.77,13.353912374145755,0.538,27.8876812107642,0.681266069412231,0.106187552213669,0.269423872232437,12.4994065219438,85.4018379695892,7596244.0,346735651.4,847.6617130907034,0.0,1048344139.4162976,0.0,0.0,0.0,1.0,5.71,18238958.0,57.478291216872016,0.0,1.0
GHA,Ghana,1998,42.6,18.4066762573353,36.0141073080481,0.0566249080002308,0.562,10.248,9.358847165659398,-1.277,2955.1409999999996,7.033000000000001,16.731468788804676,2.07918477058411,25.2665356151711,14.6241666666675,0.0,20.360874115171132,57.525,8.98762719703978,1.72216238348812,0.2231025990000006,0.0024479174460299,0.1280390857028726,0.65,-0.136,-2.46060211374759,0.77,15.30125319249518,0.54,28.2331174838113,0.689312517642975,0.114878475666046,0.261843949556351,12.0486612371435,80.5995432469935,7933618.0,333570763.0,613.0462793803208,0.0,917275178.5411912,0.0,0.0,0.0,1.0,5.71,18688036.0,49.08355155893274,0.0,1.0
GHA,Ghana,1999,40.7405395507813,9.56498677743293,35.7763437934285,0.0562555640935898,0.562,10.11,12.5620832397761,-1.072,3013.4580000000005,5.891000000000002,11.108884349513318,2.09886288642883,25.4127834089738,4.86539785077528,0.0,20.101225592292927,57.835,9.02438313297505,1.31546159027039,0.3651601559999946,0.0018408372516929,0.2462566387231008,0.65,-0.2475,-3.39368454792749,0.77,13.354642461942534,0.54,28.4134879833623,0.816279232501984,0.110398314893246,0.172164976596832,7.82931688108889,81.7051040340528,8276155.0,396405583.1,621.5445503449096,0.0,1014185396.3596772,0.0,0.0,0.0,1.0,5.71,19149864.0,52.96044903293711,0.0,1.0
GHA,Ghana,2000,43.7,15.7293225127546,35.2715219593039,0.0574137195944786,0.537,9.991,13.971491324036002,-1.2,2897.0120000000006,8.616,25.438859772,2.11872744560242,25.4039222907651,40.24093312391399,0.0,23.16582497146197,58.139,9.01684927723046,3.0321131158405805,0.662241999999992,0.0034046403426577,0.9893417289514036,0.594,-0.359,-0.958703950646021,0.804,11.72435834791598,0.604,28.8150262406777,0.605077862739563,0.124288998544216,0.353067368268967,13.7597235776938,116.048430162968,8628021.0,374561869.7,825.432313692012,0.0,1141939094.9754517,0.0,0.0,0.0,1.0,5.71,19637087.0,58.152163555391475,0.0,1.0
GHA,Ghana,2001,44.8,21.5304455991013,35.2418001245052,0.0602344311773777,0.537,9.866,11.884391260895498,-1.162,2932.6309999999994,10.877,23.787830094,2.13079261779785,25.2159797429519,41.509496287803,0.0,23.226436572751354,58.403,9.00298654871069,2.67339483930454,1.2088900000000038,0.002410052736807,0.6770533713602465,0.594,-0.2595,-1.17771675386855,0.838,11.784819940780244,0.604,29.1589069809591,0.602788805961609,0.139041841030121,0.37630832195282,12.746063574387,110.045854160811,9002792.0,362750087.6,1036.5660167578014,0.0,1033033072.4629576,0.0,0.0,0.0,1.0,5.71,20167069.0,51.223758517559375,0.0,1.0
GHA,Ghana,2002,46.8,19.1561507193855,35.1483770619295,0.0607486292719841,0.537,9.722,12.1495373048323,-1.373,2993.0849999999973,8.5,13.647593680213822,2.14292621612549,25.2756743481642,9.36093239560313,0.0,22.718157691633127,58.709,9.02726044779174,2.95019670291322,1.8658300000000023,0.0013105843172912,0.6163483263702894,0.631,-0.16,-0.892542781199342,0.838,14.361736078184592,0.597,29.2141132168147,0.687475442886353,0.123684979975224,0.227048814296722,13.4249078896054,97.4892431746551,9400460.0,449005951.4,1000.7984039379136,0.0,1002695759.4757996,0.0,0.0,0.0,1.0,5.71,20729388.0,48.370736245363325,0.0,1.0
GHA,Ghana,2003,48.3,21.6243702883401,36.5454059013539,0.0599988140165806,0.537,9.58,12.493048761649,-1.108,3070.827000000001,10.858999999999998,18.480917143,2.15512919425964,25.2099150968066,29.7729797160384,0.0,26.28391397620856,59.014,8.97552363519288,1.21634094078967,3.7354600000000033,0.000787539446014,0.5064738550282639,0.631,0.0289999999999999,0.518505557006385,0.838,16.374616928431347,0.598,29.0667601805988,0.671056747436523,0.13739325106144,0.302810251712799,15.619772381445298,97.2871457139532,9808154.0,546685391.1,718.5467957363311,0.0,999235653.8598378,0.0,0.0,0.0,1.0,5.71,21296705.0,46.9197302521605,0.0,1.0
GHA,Ghana,2004,50.8,23.3938017561014,37.9524260930096,0.0608680807054043,0.537,9.436,13.1724893671741,-1.307,3160.915000000001,12.56,22.17888291906028,2.16740155220032,24.716756265122,18.0427388232565,0.0,23.778439867449976,59.316,8.74199863283443,0.945873447610532,7.75095000000001,0.0004750234262218,0.6204730774108747,0.631,0.041,-0.249616121363611,0.838,13.500223486416168,0.598,28.6782943752065,0.701694846153259,0.113133169710636,0.357020050287247,12.3974101450175,99.6703343472122,10225004.0,566277142.3,731.3282320969868,0.0,1106412304.3306215,0.0,0.0,0.0,1.0,5.71,21868298.0,50.59434915010859,0.0,1.0
GHA,Ghana,2005,41.3,19.4444714482516,37.4530129301836,0.0621186196804047,0.541,9.314,15.544068813627398,-1.048,3278.0910000000003,11.809,21.794633353,2.17974352836609,25.1254359413042,15.4389920155908,0.0,23.381918173454828,59.638,8.65538839902612,1.6684537886074,12.8046,0.0001431207353006,0.6994034682229406,0.631,0.1699999999999999,-0.393071829718554,0.838,11.977639559588964,0.598,28.9146295321445,0.7408567070961,0.110069632530212,0.358432471752167,11.7318044619005,98.1715141146279,10652897.0,506993512.9,877.4909119411413,0.0,1174250316.3809395,0.0,0.0,0.0,1.0,5.71,22449438.0,52.30644599570552,0.0,1.0
GHA,Ghana,2006,55.1,17.9019498458199,28.3330959873622,0.0623139590024948,0.541,9.161,10.857587016057202,-1.049,3388.044,12.058,24.600609147124015,2.19539880752563,19.3820947702815,11.6791839392492,0.0,23.190231008080445,59.975,9.54101659905651,2.12912560047911,22.6002,0.0001452799027441,0.4392563073477058,0.631,0.006,-1.71946400684807,0.838,11.726762126707229,0.598,45.4706783561681,0.715419232845306,0.10499681532383,0.413377672433853,7.57618461499477,64.5190542439152,11091539.0,253390605.20000005,1186.3917189684637,0.0,1719736449.845621,0.0,0.0,0.0,1.0,5.71,23040702.0,74.63906480998804,0.0,1.0
GHA,Ghana,2007,56.9,6.782012164213519,27.294114484663,0.0612018890678883,0.541,9.015,14.4884302260337,-0.847,3445.5110000000022,12.726,27.375025452,2.21116662025452,19.4928065701,10.7342665456292,0.0,22.864840233897155,60.282,8.59640481520955,2.15660916300531,32.1629,7.927399033680338e-05,0.4216543185463717,0.631,-0.073,-3.62409584839948,0.838,11.43042949841437,0.596,47.1685501017468,0.635224342346191,0.0926785841584206,0.400590091943741,8.82815308813168,65.3543222852532,11540390.0,266166248.3,1326.516876995786,0.0,2029348679.8114953,0.0,0.0,0.0,1.0,5.71,23642279.0,85.83557785658039,0.0,1.0
GHA,Ghana,2008,60.5,4.35888718374445,29.4080967578414,0.0590944439172745,0.53,8.884,12.613490470349198,-0.674,3671.761,11.77,27.134539414,2.22704744338989,19.3995645523361,16.494639613412,0.0,22.814736522444193,60.578,7.54411818600718,2.07837946336711,47.7132,5.8133980142982544e-05,0.5077263686201343,0.631,-0.03,-3.9943361421855097,0.838,11.394922820289834,0.596,46.173896812569,0.65406858921051,0.0981272906064987,0.395898908376694,9.16190193076971,69.5142256111434,11996659.0,259432296.9,1117.523864072289,0.0,2617842915.249533,0.0,0.0,0.0,1.0,5.71,24249946.0,107.95252555405827,0.0,1.0
GHA,Ghana,2009,61.1,11.0764828185353,30.993384209540302,0.0566681362688541,0.545,8.741,17.7369732584538,-0.916,3794.974,12.158,19.442182132,2.24304246902466,18.5140921293401,19.2469482220857,0.0,21.099824395788996,60.928,6.772090633722569,2.9365237184525403,60.7695,3.6407957823003656e-05,0.2665910662601263,0.631,0.0279999999999999,-3.06884508546488,0.838,10.383926703954174,0.596,47.9362071143916,0.701341867446899,0.0982175841927528,0.328780502080917,10.8115826827154,71.5947385281523,12458961.0,826123368.5,704.2680189575347,0.0,2648139514.7057395,0.0,0.0,0.0,1.0,5.71,24862664.0,106.51069067682126,0.0,1.0
GHA,Ghana,2010,64.2,4.9531181162823685,28.038737963649105,0.0545286871492863,0.564,8.604,16.6607748086712,-0.729,3883.743000000002,12.409,13.438361579,2.25915217399597,18.0149428066597,10.7333898354915,0.0,9.203442662155044,61.297,6.38865862680317,3.9488091072153706,68.4473,1.958888323472241e-05,0.3913728901887756,0.63,0.0259999999999999,-4.9134825026761,0.838,5.781079901291171,0.609,48.1811608328439,0.742545783519745,0.111048579216003,0.22999994456768,10.1146292384946,75.3778157916824,12923387.0,937059862.6,855.3471328024729,0.0,3417405410.4629617,0.0,0.0,0.0,1.0,5.71,25474995.0,134.14744185280358,0.0,1.0
GHA,Ghana,2011,64.1,4.006208013162869,23.663704967183996,0.0527425706386566,0.564,8.485,17.195282647350304,-0.888,4320.063,14.053,14.85248933,2.28744721412659,23.8636600934779,8.7284593709302,0.0,8.263365994033785,61.617,6.42376585885943,5.48815061104302,81.1104,1.5719064607511157e-05,5.08048685091895,0.63,0.1669999999999999,-3.4889773390209906,0.838,6.9523657417031135,0.609,45.844878600683,0.696458876132965,0.187066376209259,0.259929031133652,16.0706874677608,86.2954538549695,13394715.0,1100924579.6,864.1393767166307,0.0,8151213772.064784,0.0,1.0,0.0,0.0,5.71,26095088.0,312.36582808476385,0.0,1.0
GHA,Ghana,2012,56.5,5.549461119573639,22.1311546901572,0.0514557436108589,0.563,8.333,18.0717128637123,-0.848,4574.2970000000005,13.648999999999996,19.347574559,2.31609654426575,27.1365335859295,11.1863409441067,0.0,13.189205744097777,61.995,5.660586499206689,4.81836140282927,95.8262,1.1657271689391456e-05,4.78155703124787,0.63,0.131,-5.74316727480553,0.754,15.47634429236196,0.608,47.5829502482676,0.691262900829315,0.152155190706253,0.325455576181412,15.8226771827735,93.1680351286831,13880376.0,1252802691.8,1240.066020970661,0.0,9764941687.293364,0.0,0.0,0.0,1.0,5.71,26734268.0,365.25936252652826,0.0,1.0
GHA,Ghana,2013,70.7,15.6304022138446,20.3698425406713,0.0503171756863594,0.529,8.169,15.2923716479322,-0.708,4792.239999999998,12.448000000000002,13.406543229,2.34510469436646,34.0898222065997,11.6661923071729,0.0,5.152297813021928,62.397,11.5885474629749,2.9530496567103404,102.338,7.10418690308412e-06,3.51474407100181,0.608,0.061,-5.584584045070521,0.82,4.291319249440736,0.584,40.5885509559734,0.784837126731873,0.10286321491003,0.221563056111336,10.8892140729202,60.7593219028775,14377362.0,1222834148.2,1356.5294567626142,0.0,10116952493.39259,0.0,1.0,0.0,0.0,5.71,27386193.0,369.4179944394823,0.0,1.0
GHA,Ghana,2014,78.3,19.272664901697,19.5837731324669,0.0489369630813599,0.529,7.981,16.5048906269026,-0.745,4817.571,13.154000000000002,13.023452888,2.37447643280029,33.8982030516643,15.4896160333318,0.0,5.224662526649503,62.832,11.0199488260173,3.1623438398214105,108.27,7.876707868725852e-06,3.42103394358244,0.608,-0.107,-3.3497532899083597,0.82,3.134602284143188,0.584,37.4136837490477,0.738661408424377,0.101439155638218,0.21721488237381,12.249534681472,63.8365624430783,14880647.0,1119866883.8,1361.346390378727,0.0,9453776329.8334,0.0,1.0,0.0,0.0,5.71,28041592.0,337.134080327301,0.0,1.0
GHA,Ghana,2015,74.0,21.8873183159631,19.9826505985758,0.0478362701833248,0.558,7.845,17.933567047218595,-0.743,4810.493999999999,14.615999999999998,12.424263258000002,2.40421557426453,31.1193795046839,17.1499695007878,0.0,5.214288354069113,63.175,11.0982995618487,2.35816739244305,121.997,0.0841913549188798,1.2914654623354398,0.612,-0.038,0.937615863488542,0.843,3.6513084593311143,0.573,40.515265169488,0.778345108032227,0.0978371575474739,0.208037003874779,10.5635168212992,76.5212709243242,15387590.0,1241945787.5,1563.2089757308622,0.0,5904873450.289353,0.0,0.0,0.0,0.0,5.71,28696068.0,205.77291112808047,0.0,1.0
GHA,Ghana,2016,79.3,19.6635906045803,20.8442929192419,0.0469537302851677,0.525,7.693,17.4356386560413,-0.903,4864.581,13.145,13.763916121,2.43432760238647,27.6932546491989,17.4546347070868,0.0,5.1741392477379815,63.522,10.8204245904679,1.22418164413868,130.481,0.0451266748124126,1.00121845985195,0.62,-0.139,-1.49569681237808,0.837,5.128789245989871,0.564,43.9159268124684,0.787239074707031,0.0981910675764083,0.177147388458252,8.64980290681468,67.8769994445865,15901682.0,1365775195.4,1829.7268756712328,0.0,5618427208.785642,0.0,0.0,0.0,1.0,5.71,29356742.0,191.38456197849345,0.0,1.0
GHA,Ghana,2017,79.0,17.7626090467593,19.5617099184239,0.0461776815354824,0.532,7.558,16.0995201444141,-0.901,5148.046999999999,13.616,12.985372865,2.46481657028198,29.9522176933621,12.3719215507048,0.0,5.170654193302438,63.829,10.1522230921101,1.78436553549714,122.472,0.0717217647016315,2.60564944915053,0.621,0.082,1.19815571670278,0.837,6.205584452906941,0.59,43.4828610342125,0.823476254940033,0.084478072822094,0.134142890572548,10.3700404312643,70.5483652904116,16414312.0,1465019702.9,2473.214684144238,0.0,8311051214.66628,0.0,0.0,0.0,0.0,5.71,30008354.0,276.9579169409385,0.0,1.0
GHA,Ghana,2018,80.4,21.924661614365,18.1365503192521,0.0457183420658112,0.532,7.448,13.714143219220295,-0.996,5353.488000000001,14.104,13.590519734,2.49568748474121,31.1777436281076,7.80876516610703,0.0,5.1741566059182915,64.138,10.1201333350505,1.72215924988818,133.61,0.113151065000438,4.1465494257117,0.624,-0.037,-1.3510262615362998,0.837,5.125167336106048,0.575,43.6785254609153,0.7806196808815,0.0975515469908714,0.163100093603134,9.7904078745383,67.9585174644902,16917608.0,1507700117.5,2589.1738477485897,0.0,11056028160.3534,0.0,1.0,0.0,0.0,5.71,30637585.0,360.8648710514683,0.0,1.0
GHA,Ghana,2019,83.5,19.4058381606477,17.323230201462,0.0454142764210701,0.62,7.34,13.937211385640104,-0.994,5585.885,14.970999999999998,11.670513347000002,2.52694487571716,31.1077243700312,7.14364003330857,0.0,5.119852344923567,64.455,10.1612187308728,2.05143894352945,130.705,0.1651457288193459,4.069102005933,0.616,0.118,-1.97451372597778,0.837,5.272105323187171,0.555,45.1411499576786,0.806553602218628,0.103793106973171,0.14867414534092,9.76736656039863,76.824802732152,17418931.0,1575603914.5,2907.940201885576,0.0,11167856215.331783,0.0,1.0,0.0,0.0,5.71,31258945.0,357.2691341736512,0.0,1.0
GIN,Guinea,1995,16.93699909140655,21.1265935827369,12.7008257861854,0.0462287440896034,0.751,17.054,3.39956423274014,-1.192,1479.201000000001,11.622,5.021486308372385,1.5852077395434114,19.2783935401084,13.833341183653502,0.0,21.5,49.836,2.62899783826764,4.60779434441401,0.0127203520000023,0.0,0.0,0.853,-1.151,-0.0396692985166988,0.307,14.6752857952247,0.0889999999999999,34.0404592865913,1.01518821716309,0.0887920856475829,0.0668984204530716,15.158364653505998,31.3044291693273,2228135.0,93813871.10000002,17733.459862,0.0,549674245.2,0.0,0.0,1.0,0.0,8.57,7553249.0,72.77321920672813,0.0,1.0
GIN,Guinea,1996,16.931865225208192,16.3719111421243,11.9331422778597,0.0472675934433937,0.7529999999999999,16.519,3.326840976628027,-1.364,1496.0279999999984,9.778000000000002,4.818357583254393,1.5942998764510508,20.3686624030147,24.956153055656745,0.0,21.0,50.54600000000001,2.53279469881055,5.2821045766819,0.0123647750000017,0.0,0.0,0.923,-1.151,-1.2266272129781797,0.307,19.1578573730594,0.0869999999999999,33.9177141426892,1.02399516105652,0.082777664065361,0.0615236051380634,15.2793753579806,29.861424528613995,2313260.0,82425306.79999995,18492.606838,0.0,604837540.0,0.0,0.0,1.0,0.0,8.57,7770035.0,77.84231859959446,0.0,1.0
GIN,Guinea,1997,16.944590892822504,18.3973480994816,13.7972153135207,0.0482892170548439,0.7529999999999999,16.15,3.101731185428235,-1.541,1535.285,12.659,4.953239032209201,1.511576405407424,19.745238255934,14.36768079295043,0.0,20.5,51.113,2.3768377155485005,5.01248449836894,0.0365685440000049,0.0,0.0,0.923,-0.869,1.24802840972762,0.307,18.7963104334133,0.0869999999999999,32.0445453071511,1.00958943367004,0.0812352821230888,0.0702697187662124,11.7303487164876,29.089787494025305,2383601.0,99026851.5,16510.003713,0.0,448268700.0,0.0,0.0,1.0,0.0,8.57,7931370.0,56.518445110995955,0.0,1.0
GIN,Guinea,1998,17.003223404979664,14.0787653227297,14.515103584545,0.0495977811515331,0.7529999999999999,15.638,2.505634862326538,-1.556,1560.9890000000014,12.774,4.501615583778548,1.6024391127726838,21.1610594453432,14.051237970329357,0.0,19.5625,51.61,2.5163763887724304,4.40088940292079,0.2698389559999938,0.0,0.0,0.923,-0.587,3.4968193303836,0.307,15.7153796860059,0.0869999999999999,29.9672147430255,1.02841818332672,0.0685654133558273,0.0661496967077255,11.6837005355472,33.0646236252079,2452063.0,126787472.39999998,16678.825835,0.0,447959673.1999999,0.0,0.0,1.0,0.0,8.57,8081990.0,55.42690268114659,0.0,1.0
GIN,Guinea,1999,16.39999999999999,15.798375684627,14.7423669356158,0.05089445784688,0.747,15.258,2.6205034777153315,-1.913,1593.4209999999985,10.32,4.772668489296681,1.8445388039660724,19.7912161812614,14.997643882032644,0.0,19.875,51.987,2.63675405718425,4.20206158948023,0.3080405780000035,0.0,0.0,0.923,-1.2475,-0.1794941889026849,0.307,15.0126390589196,0.0869999999999999,31.0894251121885,1.00744462013245,0.0689303055405617,0.0743725225329398,10.7658987791663,32.6958994059117,2531625.0000000037,151400201.5,17419.111709999997,0.0,461998560.0,0.0,0.0,1.0,0.0,8.57,8265123.0,55.89736051115029,0.0,1.0
GIN,Guinea,2000,15.200000000000005,16.5122479810844,14.3900980537913,0.0522190555930138,0.808,14.892,2.7353720931041323,-1.53,1606.1870000000015,10.202000000000002,4.880389507,1.8520746825022805,21.5230896940631,25.026336369249066,0.0,19.375,52.42,2.58930253651401,4.9439374279438,0.4996180000000052,0.0,0.0,0.923,-1.908,-1.1480724375983795,0.307,12.2999631183486,0.082,28.3990447435042,0.964226067066193,0.0698249414563179,0.0849303156137466,12.3846874448677,36.6796954912881,2606457.0,135802309.29999983,17991.915748000003,0.0,515758719.9999992,0.0,0.0,1.0,0.0,8.57,8428832.0,61.18982084350468,0.0,1.0
GIN,Guinea,2001,16.39999999999999,15.6148975516014,14.9105463439258,0.0533687062561512,0.804,14.662,2.771575997653528,-1.573,1637.0159999999996,11.694,4.52271271,1.8594243607869392,21.8203987016552,22.556649463909267,0.0,12.875,52.669,2.5899191429594897,4.45095759724012,0.6518769999999989,0.0,0.0,0.923,-1.6645,-2.022899820318,0.307,10.9310156857046,0.082,27.4606418222,0.979678392410278,0.0676594898104668,0.0877017304301262,12.0823443635609,40.1878781394378,2665979.0,145388580.20000005,17312.116255999998,0.0,487652620.0,0.0,0.0,1.0,0.0,8.57,8539960.0,57.10244778664069,0.0,1.0
GIN,Guinea,2002,17.700000000000003,12.6368158652096,14.8357430403433,0.0537739805877209,0.811,14.157,2.845314407210573,-1.64,1692.9389999999985,11.034000000000002,5.563109352,1.952662134314953,21.4815029343945,15.011339454214257,0.0,17.706354592272543,53.2,2.59679162088128,3.3133844108047494,1.0464800000000023,0.0,0.0,0.923,-1.421,-2.04876757645719,0.307,13.817131548900791,0.082,27.032881934422296,0.9601233005523682,0.0793513134121895,0.118437334895134,12.1114517779361,38.0284032674396,2733470.0,162915360.20000005,17480.016666,0.0,465633960.0,0.0,0.0,1.0,0.0,8.57,8674066.0,53.68116405847039,0.0,1.0
GIN,Guinea,2003,18.9,20.6566148551569,14.2516528815736,0.0532020963728428,0.817,13.818,2.8989295267101696,-2.173,1684.4989999999998,10.085,6.030366852,1.742658911509796,21.7573715436192,16.027796905866243,0.0,18.283416528793275,53.589,4.06562141316577,2.7384592758393405,1.256939999999993,0.0,0.0,0.923,-0.7889999999999999,-3.03877563147459,0.307,14.397038045101572,0.082,27.8168506391328,0.930437624454498,0.0942405983805656,0.143002584576607,14.8963920119094,35.0751269891585,2821671.0,162418007.0,17072.216631,0.0,461482580.0,0.0,0.0,1.0,0.0,8.57,8870781.0,52.02276778110067,0.0,1.0
GIN,Guinea,2004,20.200000000000003,13.6357595125794,15.9897180256217,0.052004624158144,0.808,13.533,2.596229109710656,-1.256,1691.7469999999994,9.135000000000002,7.008901046,1.9345876898982295,20.9236440966749,17.471547793214054,0.0,18.164817413496912,53.975,3.885633799737579,4.03776494947596,1.7092000000000098,0.0,0.0,0.923,-1.033,-1.8456338761003397,0.307,14.253839733363066,0.082,26.9160103925124,0.917523145675659,0.0916801020503044,0.1698417365551,14.1598705167376,34.5950959210535,2909430.0,149273768.20000005,18795.5111,0.0,479895400.0,0.0,0.0,1.0,0.0,8.57,9062726.0,52.952654642764216,0.0,1.0
GIN,Guinea,2005,20.200000000000003,10.3455873289968,15.2811594891059,0.051949217915535,0.793,13.241,3.8791565428026615,-1.539,1706.661,9.934,8.3902682,1.703043706821172,21.9879538645841,31.3733025877534,0.0,18.617930847184045,54.422,4.17262160793595,8.09284516659152,2.044160000000005,0.0,0.0,0.923,-1.154,0.948937292425619,0.307,15.061843477499863,0.083,25.9855472680562,0.804485559463501,0.0853211060166359,0.191526100039482,21.087467539533694,47.9377003917167,2995309.0,112503558.79999997,19237.325097,0.0,694942680.0,0.0,0.0,1.0,0.0,8.57,9245844.0,75.16270878029091,0.0,1.0
GIN,Guinea,2006,22.799999999999997,1.3834207170994404,15.5845641334162,0.0527600571513176,0.793,12.925,4.604760735851372,-1.724,1709.5289999999986,11.035,9.125353433,1.7204676642713683,34.2753959440443,34.6952705997072,0.0,22.52297029117428,54.875,11.3806170792337,8.79897292709328,11.371580000000002,0.0,0.0,0.923,-1.909,0.340022091310751,0.307,7.015846599796041,0.083,44.9064387061431,0.929527640342712,0.0770389959216118,0.183217450976372,17.7856920060446,69.3862937148949,3086018.0,98544217.60000002,18783.944364,0.0,662405652.0,0.0,0.0,1.0,0.0,8.57,9441171.0,70.16138697201862,0.0,1.0
GIN,Guinea,2007,24.1,-3.720940613573511,16.81970768631,0.0532140657305718,0.793,12.67,3.262639438608012,-1.882,1775.9000000000017,9.937,11.066558764,1.7190808959140993,30.7663957919196,18.1755656108597,0.0,22.532098210227687,55.233,11.4378591383573,7.51691822703553,20.699,0.0,0.0,0.923,-2.403,2.84730854644849,0.307,7.286803545895866,0.086,45.5641193441512,0.967236995697022,0.0866197794675827,0.168649986386299,16.2933051533271,71.1210322265015,3186044.0,92498353.5,18519.025303,0.0,683837023.0,0.0,0.0,1.0,0.0,8.57,9662281.0,70.77387037284467,0.0,1.0
GIN,Guinea,2008,25.4,4.32684022128441,15.980005361399,0.0547641627490521,0.791,12.367,3.2394314668386315,-1.548,1801.454999999998,10.459,10.826600627,1.7598048331090932,32.9328375718068,23.065612938798,0.0,23.908402984951906,55.703,12.6717179303236,5.796809042429211,27.780900000000003,0.0,0.0,0.923,-2.097,2.10187582937652,0.307,9.245166480727022,0.061,43.7134631537269,0.919784367084503,0.0808735713362694,0.190696388483047,15.2239654800407,64.1842433909581,3292080.0,97828708.79999997,17682.347981000003,0.0,786152424.0,0.0,0.0,1.0,0.0,8.57,9898870.0,79.41840068613892,0.0,1.0
GIN,Guinea,2009,26.700000000000003,-5.620001812246862,16.3606168762438,0.056573960930109,0.593,12.135,2.6598686659776902,-1.751,1727.112000000001,11.357,10.28435159,1.8493129848200272,32.2887263194246,4.68438868976504,0.0,23.63311667280972,56.052,12.563672251459,5.6388377407706,34.3963,0.0,0.0,0.945,-2.116,-3.44005829818904,0.307,15.751127395052457,0.068,44.2802622043022,0.937066614627838,0.127017825841904,0.145846009254456,15.5855333124984,69.8153454158123,3401658.0,219612684.9,14774.257545,0.0,727830040.0,0.0,0.0,0.0,1.0,8.57,10143534.0,71.7531030112385,0.0,1.0
GIN,Guinea,2010,28.1,6.659826927053189,17.4849504866218,0.0568335093557835,0.615,11.883,3.9427019919574633,-1.579,1753.1709999999985,10.849,10.340504431,1.6723199130599646,32.3138372958105,15.0502688559001,0.0,20.972884360520226,56.431,10.6332855654235,6.68947629723384,38.476,0.0,0.0,0.94,-1.687,-8.26705059436595,0.307,13.50192602404556,0.1159999999999999,43.4042055577507,0.837432384490967,0.164545968174934,0.133400872349739,15.292080603896904,73.5465739340387,3514661.0,205396582.4,15548.617836,0.0,1046743578.6,0.0,0.0,0.0,1.0,8.57,10396086.0,100.68631392622186,0.0,1.0
GIN,Guinea,2011,29.5,3.46078465862119,16.0697496615218,0.056829322129488,0.652,11.641,6.817893791626709,-1.716,1804.231,15.105999999999998,12.700858897,1.6914769579982198,32.6144005582332,21.3169268542577,0.0,22.22713563393025,56.778,10.4712769261704,8.30924796317315,45.6102,0.0,0.0,0.905,-1.388,0.54801221887728,0.307,13.209466964081088,0.15,43.876515571947,0.837684154510498,0.204677700996399,0.155553430318832,18.1995114826407,85.9546732708386,3631117.0,198841731.5,17593.115779000003,0.0,966318910.0,0.0,0.0,0.0,1.0,8.57,10656810.0,90.67618827773039,0.0,1.0
GIN,Guinea,2012,26.200000000000003,5.85252801927243,16.8316746641336,0.0574023760855198,0.652,11.406,5.91858015950185,-1.645,1862.571,43.273,13.368370188,1.71470335912437,31.5767582978151,15.2262941038638,0.0,17.60491817392062,57.117,10.5298592048946,6.5140047754839605,51.1345,0.0,0.0,0.902,-1.287,25.022618261913905,0.307,10.319357832644569,0.153,42.2230260009564,0.786924421787262,0.178631708025932,0.15613266825676,16.6316633604097,86.6743318322581,3749531.0,214693578.1,17823.016154,0.0,977107400.0,0.0,0.0,0.0,1.0,8.57,10921581.0,89.46574676322045,0.0,1.0
GIN,Guinea,2013,32.2,-8.174682209415451,17.5452728357444,0.0577089488506317,0.61,11.178,7.341820073840985,-1.06,1887.6130000000012,14.765000000000002,12.946173685,2.500311163720373,29.6407139185782,11.8875884481828,0.0,9.35667377555389,57.459,10.8007785486665,4.67797519156106,66.4453,0.0,0.0,0.8679999999999999,-1.23,-3.00493010128758,0.301,6.070507970663707,0.173,43.5254453103127,0.870522022247315,0.241139128804207,0.136776372790337,14.2501576757042,80.4264477180461,3870292.0,243398408.6,20349.018322,0.0,973340399.9999968,0.0,0.0,0.0,1.0,8.57,11191873.0,86.96849937450119,0.0,1.0
GIN,Guinea,2014,33.5,-3.732969792642365,17.5238169176245,0.0576217323541641,0.643,11.066,9.935703108680444,-1.629,1908.8270000000011,17.05,12.893779606,2.5062058514497476,29.6941648521559,6.1505055670642,0.0,9.33732488122994,57.581,11.0824935422383,4.87388235079191,75.6869,0.0,0.0,0.8679999999999999,-0.9549999999999998,-2.04599832332518,0.301,6.045661296608758,0.173,43.3533895682141,0.817005515098572,0.214277893304825,0.128759503364563,14.931954306170702,76.7719658952305,3994619.0,320976958.3,20288.023465,0.0,1032665700.0,0.0,0.0,0.0,1.0,8.57,11472924.0,90.00893756465221,0.0,1.0
GIN,Guinea,2015,34.9,-7.5065313097452915,18.478241904135,0.0575117468833923,0.639,10.861,11.8208499509811,-1.273,1933.519,15.151,13.509507837,2.5082059110117303,26.3246416118291,11.7800825029834,0.0,9.327546059836848,57.899,12.1187356683819,3.63230227317354,91.4756,0.0,0.0,0.869,-0.386,-5.707209908271951,0.301,6.051121003263634,0.173,45.5062249188801,0.889242470264435,0.253113269805908,0.13816636800766,14.1138586026586,72.4427307469345,4122866.0,339865667.3,20905.021464,0.0,948819800.0,0.0,0.0,0.0,1.0,8.57,11767070.0,80.63347970225384,0.0,1.0
GIN,Guinea,2016,33.5,-1.240935526749059,17.5899474364211,0.0597064308822155,0.624,10.527,10.772259870664,-1.448,2090.4759999999987,15.989,28.758957227,1.791480202898428,30.1038432883843,8.17268112275132,0.0,20.306286023613357,58.49,10.9266759656277,6.85203440170771,92.0233,0.0,0.0,0.869,-0.396,1.0120264912739998,0.301,18.349976978335413,0.172,41.9293096001372,0.944535315036774,0.236211389303207,0.315476477146149,18.1063644814226,111.839467415368,4262990.0,379076013.9,32423.961192,0.0,1416238701.2,0.0,0.0,0.0,1.0,8.57,12073030.0,117.30598708029385,0.0,1.0
GIN,Guinea,2017,35.4,11.479706646481398,20.5284733113745,0.0609627552330494,0.672,10.365,9.115691528024108,-1.709,2249.5560000000005,15.284,14.391102563,1.6621636946542102,31.653986926333,8.91435947913097,0.0,14.007675745177798,58.715,10.021586832517,9.82298415674104,94.4641,0.0,0.0,0.873,-0.6989999999999998,-1.0742589302991798,0.313,13.767980519651577,0.168,37.9415078481777,0.855883300304413,0.210332453250885,0.136860355734825,18.9531246230915,101.251633768429,4407156.0,426088145.3,51701.610847,0.0,2345431687.6,0.0,0.0,0.0,1.0,8.57,12385659.0,189.3667254685439,0.0,1.0
GIN,Guinea,2018,45.0,8.64105079301622,22.9400092652548,0.0595321618020535,0.672,10.151,9.651737671689382,-1.28,2334.2379999999994,14.942000000000002,11.690365683,1.3238259885961214,33.3410014345781,9.82761701259191,0.0,5.149660428214222,59.043,12.0732499471316,8.20812399586866,94.555,0.0,0.0,0.8879999999999999,-0.881,-0.1510666513547739,0.313,3.2199633550366396,0.137,35.073938251438,0.827495813369751,0.219588756561279,0.121872439980507,13.7023759938136,88.984111543709,4555352.0,463991710.9,59573.732086,0.0,1880082622.8,0.0,0.0,1.0,0.0,8.57,12704774.0,147.98237440508584,0.0,1.0
GIN,Guinea,2019,42.2,7.436772591152341,26.4272768142306,0.059403982013464,0.672,9.945,10.291896851841102,-1.386,2405.2199999999993,14.715,9.132765847,2.0526682795610367,29.390798702636,9.47001039253012,0.0,14.237198601596509,59.379,10.4003589799348,0.0,98.7621,0.0,0.0,0.889,-0.843,0.29822362314535,0.313,6.769372808953519,0.135,35.2028277402344,0.813313245773315,0.215533778071404,0.1221589371562,4.65794341633325,78.4153132285974,4709069.0,481053215.3,70173.353552,0.0,2233557715.6000004,0.0,0.0,1.0,0.0,8.57,13034346.0,171.35940043328605,0.0,1.0
GNQ,Equatorial Guinea,1995,68.8171969364005,18.854772512246544,19.10691207699314,0.0385650359094143,0.859,15.275,4.79762403015507,-2.22,1251.183000000001,18.085,20.97731357,2.1083492458008597,32.01408269319628,19.8724349483472,0.0,22.29097013743057,51.926,11.595992948975148,0.0,0.0,0.0,18.1745945845415,0.849,-0.131,-117.679549235067,0.393,16.569228834965845,0.069,43.12401256992251,0.604289650917053,0.309436649084091,0.192007407546043,50.1379223378986,77.59024848205362,221674.0,0.0,7.0,0.0,89500881.66138019,0.0,1.0,0.0,0.0,18.51,571264.0,156.67166434674718,0.0,0.0
GNQ,Equatorial Guinea,1996,33.46511818349642,22.329511535959643,11.155415608314724,0.0495923198759556,0.854,15.013,5.210355743160278,-1.924,1840.545000000002,16.588,38.708529716,1.5423555930334958,49.68228325375439,4.54072771540235,0.0,35.48395267833766,52.123,5.52721589336384,0.0,0.010470791000003,0.0,46.7999763370726,0.849,-0.131,-2.7282531082639796,0.393,14.08561120935236,0.069,37.93148608125872,0.711078345775604,0.276346415281296,0.264666616916657,68.668339724923,119.36896332576327,230315.0,0.0,17.0,0.0,256486808.0930884,0.0,1.0,0.0,0.0,18.51,593492.0,432.16556936418414,0.0,0.0
GNQ,Equatorial Guinea,1997,51.28040574526284,37.09291461446517,7.485142228468961,0.0607164278626442,0.853,14.729,4.654521425895062,-1.402,4391.109,17.966,27.139399353,1.7684293442690635,61.74598021356064,3.0165054069436597,0.0,27.489537371005454,52.365,4.191884007643159,0.0,0.0495401029999982,0.0,56.4918345630485,0.849,-0.106,4.57849126392239,0.393,14.826182037120187,0.069,30.92019142078071,0.553323805332184,0.227413892745972,0.191449746489525,71.3152028910831,117.43184751263696,239408.0,0.0,60.0,0.0,817123739.5938549,0.0,1.0,0.0,0.0,18.51,616893.0,1324.5793672384918,0.0,0.0
GNQ,Equatorial Guinea,1998,47.78117292310727,19.21262780782172,8.914023947415807,0.0684450268745422,0.853,14.435,6.461722234701483,-2.268,5267.619999999999,27.436,28.063325381999995,1.8317752101416316,53.60181896178961,7.93571069814148,0.0,47.1827595927064,52.646,5.846276848965398,0.2349113668036749,0.047162770000007,0.0847954344553001,50.3861394664761,0.849,-0.081,-5.935837432003141,0.393,-4.428682187099357,0.069,37.13119591507872,0.600099086761475,0.313445180654526,0.232545614242554,61.9605840554592,131.36278176575038,248958.0,0.0,83.0,0.0,741308812.0023423,0.0,1.0,0.0,0.0,18.51,641474.0,1155.6334504630622,0.0,0.0
GNQ,Equatorial Guinea,1999,58.94260119401686,37.285364104730306,7.331022826124074,0.0740363001823425,0.859,14.108,5.566367888799888,-1.474,6395.434000000001,18.495,27.623606076,1.742103092679776,61.79806386516623,0.3722661703119279,0.0,27.366290464599217,53.001,4.106047787938186,0.1002014415258949,0.0915991379999923,0.0586454288412632,56.6922471100125,0.849,-0.0579999999999999,0.898682141598852,0.393,14.257940689732592,0.069,30.65075960345916,0.485340595245361,0.195089086890221,0.210873261094093,67.4328688990253,119.74652850549528,258962.0,0.0,100.0,0.0,1235185135.5110288,0.0,1.0,0.0,0.0,18.51,667214.0,1851.257820595834,0.0,0.0
GNQ,Equatorial Guinea,2000,64.8,38.289560724066746,4.967090879918101,0.0789401680231094,0.86,13.592,3.63341617435826,-2.267,12928.331,19.978,31.023600863,1.614282690929043,69.98707128050138,4.802288869013979,0.0,17.15490674671194,53.395,6.320812501575422,0.0978975496561164,0.7109550000000056,0.0926276422557398,82.776896134566,0.849,-0.035,-2.21899532690491,0.393,16.520943591067287,0.069,24.851806406775843,0.361664712429047,0.178191602230072,0.202655643224716,88.5923456549581,123.24587301809116,272981.0,0.0,118.0,0.0,2235714223.932333,0.0,1.0,0.0,0.0,18.51,703279.0,3178.986183196616,0.0,0.0
GNQ,Equatorial Guinea,2001,64.9,48.65777229773384,2.3545048200401357,0.0853904336690903,0.86,13.251,3.4700775720730164,-1.923,19865.687,28.385,29.339993039999996,1.8383314511475344,79.83914398745803,8.82538925854966,0.0,11.603539083855784,53.827,10.430613048570372,0.0691601506605683,2.0004399999999904,0.141936401518815,77.2607338787915,0.849,-0.2744999999999999,15.4860963075105,0.393,1.2048287117222074,0.069,19.69487314940039,0.290490239858627,0.157464548945427,0.23057296872139,82.13169940727607,127.38114245588272,291415.0,0.0,194.0,0.0,3066388517.567342,0.0,1.0,0.0,0.0,18.51,749836.0,4089.4122415666116,0.0,0.0
GNQ,Equatorial Guinea,2002,64.9,52.34237377491614,1.7098167766130068,0.0889250412583351,0.86,12.925,4.169054370794683,-1.874,22813.403,28.849,13.232101049,2.0408368482744197,82.32274892037697,7.5924784983324,0.0,6.304403551057648,54.324,10.429047078517376,0.0718391062881275,4.010239999999996,0.1912451607818902,71.744571623017,0.849,-0.514,17.8671048303108,0.393,-10.982368907787505,0.069,19.632203488320204,0.315371096134186,0.288151532411575,0.128236204385757,75.67105315959405,122.75299207247171,312775.0,0.0,230.0,0.0,3663471063.739893,0.0,1.0,0.0,0.0,18.51,797957.0,4591.063257468627,0.0,0.0
GNQ,Equatorial Guinea,2003,64.9,43.8810761040357,2.2875253656880528,0.09064731746912,0.858,12.665,3.5887917005606553,-2.09,25050.958,21.565,23.49933233,1.882977909763499,79.99760524967934,7.32354399351809,0.0,20.011229053590775,54.791,10.732477934311824,0.0264932735234888,4.894660000000002,0.2405539200449655,66.2284093672425,0.849,0.1149999999999999,10.0168986765713,0.393,-1.6647540968930628,0.069,18.209011252588567,0.297808736562729,0.199449509382248,0.221054747700691,69.21040691191206,127.63786888461298,338262.0,0.0,266.0,0.0,4773196628.4151125,0.0,1.0,0.0,0.0,18.51,847862.0,5629.685760672271,0.0,0.0
GNQ,Equatorial Guinea,2004,64.9,41.52422350333269,1.1984158196868415,0.090738020837307,0.856,12.423,2.722154318128773,-1.243,31303.001,24.638,19.094793608,1.577615997638056,80.50293374304451,4.21968787094834,0.0,9.530489148853748,55.307,16.627503954909308,0.0042895079599708,6.878410000000002,0.8655675223674095,58.04929684719565,0.849,-0.059,9.29892101179098,0.393,-10.218830819083196,0.069,18.847751519556112,0.246053174138069,0.133793219923973,0.15980027616024,60.76252240601737,126.62380362263433,368340.0,0.0,351.00015,0.0,8143260388.382451,0.0,1.0,0.0,0.0,18.51,899917.0,9048.901608017684,0.0,0.0
GNQ,Equatorial Guinea,2005,65.0,47.28504618810585,2.0021280217113855,0.0889394506812096,0.855,12.348,2.1485326379998213,-1.811,32419.368,32.669,20.304657,2.0983919109711766,79.54761672093204,5.631633513576131,0.0,6.481185454754346,55.766,10.923374045602984,0.0047483143011056,10.228300000000004,0.339171438571116,55.19608485569349,0.849,-0.386,18.5973809910927,0.393,-8.937201902590294,0.069,19.512694808939766,0.187194526195526,0.136228695511818,0.125714227557182,56.289114416548,131.02447181321,400561.0,0.0,380.1809,0.0,12154800779.098778,0.0,1.0,0.0,0.0,18.51,947367.0,12830.08673417881,0.0,0.0
GNQ,Equatorial Guinea,2006,65.1,57.717119489731225,1.51825527772648,0.0895828977227211,0.855,12.01,2.372933930915067,-1.72,33005.961,39.888,21.03733759,2.0997108947937875,82.9149022419933,4.41589984169561,0.0,6.290874470687006,56.354,7.13368571897706,0.0108120144456802,12.117000000000004,0.817082839693709,52.3927895781938,0.849,0.1689999999999999,21.8161954560985,0.393,-9.083438003679264,0.069,15.691393450238202,0.185316205024719,0.118639372289181,0.146260589361191,53.9325201023447,118.532782368937,435059.0,0.0,364.2963726,0.0,13481884313.94911,0.0,1.0,0.0,0.0,18.51,990343.0,13613.34841963755,0.0,0.0
GNQ,Equatorial Guinea,2007,65.1,50.14626681929525,1.3728840440035306,0.0925277322530747,0.855,11.713,2.802672965599782,-1.902,36347.342,36.849,22.99528761,2.091066647063964,81.3016985801085,2.8037383177570394,0.0,6.479270869891476,56.857,14.5144150685699,0.0095214902655678,14.478099999999998,1.36522658762627,48.2167537217234,0.849,0.257,17.1738915640477,0.393,-8.876212103985123,0.069,17.469095088676198,0.1815254241228099,0.105200491845608,0.174722209572792,50.1443326959341,134.083789857569,475103.0,0.0,373.5979151,0.0,14937707568.545824,0.0,1.0,0.0,0.0,18.51,1036044.0,14418.024300653084,0.0,0.0
GNQ,Equatorial Guinea,2008,65.2,45.075237331373486,0.8926961195743104,0.0943642631173134,0.872,11.398,4.104054824302779,-1.083,40889.487,34.506,25.81940015,2.4232850670137993,84.3491943279293,6.55176691184535,0.0,6.805018365250083,57.384,20.3675170370508,0.0082638338934836,16.597099999999998,2.28124170671599,43.6095454927149,0.849,0.208,14.6424845380093,0.393,-8.444746964428797,0.069,15.414671034622302,0.161380976438522,0.0877808332443237,0.203093975782394,46.4378660078331,128.688006601458,521057.0,0.0,369.1148257,0.0,19094895313.68902,0.0,1.0,0.0,0.0,18.51,1084530.0,17606.60868181518,0.0,0.0
GNQ,Equatorial Guinea,2009,65.4,50.591538911706294,1.05819979061204,0.0911030098795891,0.881,11.089,5.317521240025428,-1.397,39583.925,33.373,33.13190095,2.4485369739229683,75.3247324271881,4.69106567747375,0.0,13.334787899135362,57.881,18.0379595652092,0.0127965579301831,17.6107,2.70304389691587,24.4384804506248,0.849,0.3729999999999999,-6.42628530568063,0.393,0.0202085544787511,0.069,23.6771022893581,0.232486575841904,0.122940823435783,0.322239071130753,27.737003666495795,122.212077110801,573200.0,0.0,332.0549863,0.0,10933807540.508924,0.0,1.0,0.0,0.0,18.51,1135673.0,9627.601906982842,0.0,0.0
GNQ,Equatorial Guinea,2010,66.1,48.577197184812576,1.0613712857053097,0.0877402052283287,0.876,10.797,6.0782853149656475,-1.036,34459.656,26.646,30.86677387,2.4539285004711835,74.7445614275894,7.78916547991184,0.0,13.535774880256549,58.344,21.0164819339437,0.0152098871575581,33.5796,2.87867275035343,33.0485071859477,0.858,0.236,-4.29086679584103,0.393,0.067302891889728,0.0569999999999999,24.7325512094271,0.200487345457077,0.0950897559523583,0.294092118740082,36.311150239718,144.668225001248,631664.0,0.0,306.1097945,0.0,12783360460.737818,0.0,1.0,0.0,0.0,18.51,1189085.0,10750.585921727898,0.0,0.0
GNQ,Equatorial Guinea,2011,66.1,49.28471071190934,1.0535023877748202,0.0862718895077705,0.876,10.517,6.406482044011199,-1.304,35113.411,28.327,31.80140242,2.506127505734846,78.0648736933954,4.805389221557001,0.0,11.334091415829244,58.827,22.4684911736905,0.0192729679767372,38.5607,3.40190695668927,33.9272042714921,0.858,0.1499999999999999,1.1103914912228705,0.393,-1.5080330397152943,0.0569999999999999,22.1315186516791,0.178191944956779,0.0852485746145248,0.320358633995056,37.68415635816661,114.37734663649,695109.0,0.0,300.6432959,0.0,17032822640.579683,0.0,1.0,0.0,0.0,18.51,1241835.0,13715.850044957408,0.0,0.0
GNQ,Equatorial Guinea,2012,65.7,50.13731052616129,1.05565709179581,0.0843450725078583,0.876,10.219,4.832049940724431,-1.06,36409.998,27.961,38.59396038,2.444828019310195,77.31150427133142,3.656620482788061,0.0,7.504200557787963,59.301,17.0897521554373,0.0172020834501825,38.7386,3.59654715458514,34.9943032804264,0.858,0.233,-6.960117531053511,0.393,4.022538646622598,0.0569999999999999,22.934346504718803,0.1909951865673069,0.0977580398321152,0.410980761051178,39.0027634245776,116.675422472364,763293.0,0.0,319.726823,0.0,17812792675.53318,0.0,1.0,0.0,0.0,18.51,1293483.0,13771.184217754064,0.0,0.0
GNQ,Equatorial Guinea,2013,65.9,49.406083443434994,1.1919906801527294,0.0824460536241531,0.854,9.918,6.863157222794001,-1.523,33450.827,24.87,24.600112291,2.5120743560138608,72.4492577432395,2.94887694639662,0.0,15.55785936113652,59.784,19.2857889394799,0.0118247399487418,37.9421,3.89363267396189,29.002026376633204,0.858,0.12,-4.05512573070894,0.393,4.572221837775615,0.0569999999999999,27.166185093871395,0.244655445218086,0.155274584889412,0.288015335798264,33.3474569225038,106.893284926066,837509.0,0.0,282.1367233,0.0,15073786605.774448,0.0,1.0,0.0,0.0,18.51,1346218.0,11197.13642647361,0.0,0.0
GNQ,Equatorial Guinea,2014,66.0,47.7823885487723,1.294248771640289,0.0803885459899902,0.839,9.644,8.108476789296056,-1.74,32231.181,24.057,22.143220238,2.511330076858961,70.1909452181904,4.30999866149107,0.0,13.665753777532704,60.228,20.1256330691071,0.0097397535718126,36.9002,3.71720499957102,22.864877498821897,0.858,-0.374,-7.0755306118294,0.393,1.02437563379441,0.0569999999999999,29.019260710019996,0.2586518228054049,0.188418328762054,0.254887133836746,27.1072398964958,104.379198671388,917718.0,0.0,284.39868490000003,0.0,13615455063.96651,0.0,1.0,0.0,0.0,18.51,1399828.0,9726.520018149737,0.0,0.0
GNQ,Equatorial Guinea,2015,66.1,31.20863258722326,1.888390875668021,0.0781845822930336,0.839,9.397,12.526252594472098,-1.339,28149.294,26.474,14.802657502,1.57642527208968,59.10058726790861,1.67663085315988,0.0,19.004576013529327,60.635,17.8446575040216,0.0,36.6825,3.96755999067266,12.576041460388,0.858,-0.208,-14.7066184037878,0.393,3.2352787680821544,0.0499999999999999,39.1222153520914,0.344850063323975,0.293302327394486,0.198785781860352,17.5005073478909,98.8780591680756,1002498.0,0.0,259.7316027,0.0,6578060995.779301,0.0,1.0,0.0,0.0,18.51,1453923.0,4524.353074942277,0.0,0.0
GNQ,Equatorial Guinea,2016,66.2,28.14739926697346,2.332239209327609,0.0756500512361527,0.842,9.14,14.946858259612805,-1.608,24698.8,16.902,9.142158312,1.8473218168906844,52.3302543282798,1.4119391547901508,0.0,18.19044859792608,61.081,18.5043115557231,0.0,38.1684,3.3292341665039,11.7086428410267,0.858,-0.147,-10.5069459270683,0.393,4.004590584766801,0.0499999999999999,45.1807218132753,0.393585115671158,0.376619428396225,0.119048722088337,16.4599653575836,92.6007307237942,1044468.0,0.0,223.0773393,0.0,4659645232.854239,0.0,1.0,0.0,0.0,18.51,1508186.0,3089.5693454615275,0.0,0.0
GNQ,Equatorial Guinea,2017,66.4,30.172370229894156,2.31546339686272,0.0730010494589806,0.8520000000000001,8.915,14.1214330973783,-1.438,22449.899,17.48,8.605235158,2.0030313573187044,56.86222809290591,0.7443547466124105,0.0,12.217984615391089,61.481,25.7505953453878,0.0,36.2336,3.92567796997632,16.1366726241749,0.858,-0.172,-2.1670770489388,0.386,-1.6575534365863316,0.047,40.8999564262649,0.362374216318131,0.401931434869766,0.0949536040425301,21.9589067386853,102.428258251803,1086671.0,0.0,195.2796767,0.0,4948611825.413147,0.0,1.0,0.0,0.0,18.51,1562396.0,3167.3223852423757,0.0,0.0
GNQ,Equatorial Guinea,2018,66.5,29.072811860952875,2.25797968820385,0.0704810991883278,0.843,8.686,14.188249147145704,-1.666,20309.552,19.884,10.690078081,2.240639562325698,57.2950816179221,1.0600741066217108,0.0,13.020509935372427,61.915,25.5701377749619,0.0,36.576,5.43066594009262,20.3264698484548,0.858,-0.09,1.1663817799895302,0.386,0.5544220109277918,0.0509999999999999,40.4782944837917,0.368446886539459,0.396076619625092,0.0841088593006134,27.8023533090755,103.645681622953,1128904.0,0.0,176.2650438,0.0,5736557084.6124735,0.0,1.0,0.0,0.0,18.51,1616422.0,3548.9229202599777,0.0,0.0
GNQ,Equatorial Guinea,2019,66.6,21.93105906938449,2.4378785742038094,0.0680689811706543,0.831,8.496,15.2395082821309,-1.901,18544.02,18.623,7.836062996999999,2.411652858249687,52.0754100364789,1.5302752896418903,0.0,13.116108328107709,62.297,20.8538394751509,0.0,36.9422,4.67462374102181,18.813552099543,0.858,-0.148,2.68552047288446,0.386,0.5672592697905507,0.0479999999999999,45.2983496969454,0.40763995051384,0.402036368846893,0.0696741789579392,25.437280160975696,94.8787924253545,1171087.0,0.0,160.2779753,0.0,4614790767.850609,0.0,1.0,0.0,0.0,18.51,1670177.0,2763.0549144495517,0.0,0.0
IDN,Indonesia,1995,66.86,28.9910136049806,17.1383462031211,0.0438294894993305,0.595,7.497,33.06920944113419,-0.307,5862.968000000001,12.548,31.884237814,2.03531408309937,41.8008374217654,9.42030300572996,0.0,18.8516666666667,65.263,24.1331787066672,0.708278556583866,0.1063100980000015,1.26584699782308,2.9733252636664,0.943,-1.1310000000000002,1.8454914208839903,0.552,8.16295467111805,0.0509999999999999,41.0608163751136,0.524065315723419,0.200211644172668,0.211934790015221,6.18686041657674,53.9585900635426,72564063.0,0.0,3588.069694286904,0.0,27426179757.736137,0.0,1.0,0.0,0.0,1.6,199888057.0,137.20769599424412,0.0,2.0
IDN,Indonesia,1996,72.39,28.5738250435369,16.6723873758844,0.0437569655478001,0.595,7.494,21.298203438820813,-0.427,6249.156999999999,12.470000000000002,34.31532315,2.06453371047974,43.4557840501119,7.97328096513346,0.0,19.2175,65.465,25.6166348710399,0.630982423330039,0.2793397290000072,1.38532510289728,3.29829614660024,0.943,-1.1310000000000002,1.98492571641698,0.552,9.69941919220801,0.0509999999999999,39.8719036817834,0.529629647731781,0.197427332401276,0.206165105104446,6.42800323693652,52.264743657148,76276549.0,0.0,3452.287751846172,0.0,30630384136.811234,0.0,1.0,0.0,0.0,1.6,203204348.0,150.73685400083681,0.0,2.0
IDN,Indonesia,1997,80.3,29.9054516681645,16.0921102228181,0.0434852689504623,0.583,7.437,20.856382106127903,-0.378,6468.154999999999,14.216,35.968756584,2.09417247772217,44.3289567972257,6.22615154887214,0.0,21.8175,65.774,26.7929465196358,0.554171678420157,0.4477261019999972,1.55002266015724,2.9527366047692,0.943,-1.4315,0.451296876328834,0.552,8.21356548046801,0.0509999999999999,39.5789011173884,0.55233508348465,0.163765087723732,0.222065180540085,5.99702078194871,55.9938588086777,80025778.0,2970336005.7,3435.7040356236166,0.0,27914053541.017258,0.0,1.0,0.0,0.0,1.6,206536095.0,135.1533906991766,0.0,2.0
IDN,Indonesia,1998,80.94,23.7624246280495,18.0828529531935,0.0427733734250069,0.61,7.436,25.298935306429172,-0.302,5554.937,13.185000000000002,29.467403408,2.1242368221283,45.2277705496239,58.4510413515526,0.0,32.1541666666667,65.942,24.9956709549063,1.35634319697773,0.512769722999991,2.48987291889479,3.10513870524274,0.848,-1.732,0.892620490378574,0.573,-24.6001680758639,0.128,36.686823537659,0.639857172966003,0.147626131772995,0.173167884349823,9.08504454166328,96.1861923602686,83736655.0,9089988448.4,3835.198935195569,0.0,19792721872.29481,0.0,1.0,0.0,0.0,1.6,209826788.0,94.32886077584531,0.0,2.0
IDN,Indonesia,1999,83.73,14.2902631372463,19.612676402133,0.0417204685509205,0.524,7.482,21.05512180853809,-0.105,5534.957,14.181,24.168849492,2.15473294258118,43.3600616732301,20.4778324428892,0.0,27.6625,66.001,25.9948791141402,0.9772461126023,1.052607358000003,2.02933071336877,3.7780928159414,0.761,-1.8635,2.26278516515427,0.682,11.8265264283871,0.518,37.0272710177647,0.65012127161026,0.130051404237747,0.151929467916489,7.8691294427354,62.9439128601924,87322103.0,10576254291.0,3731.891829266867,0.0,23753132094.09663,0.0,1.0,0.0,0.0,1.6,213004668.0,111.51460818735029,0.0,2.0
IDN,Indonesia,2000,86.3,28.1539097079126,15.6787044387708,0.0407205075025559,0.507,7.431,21.746801386364737,-0.044,5744.178999999998,13.433000000000002,25.581256274,2.18566656112671,41.9690746433564,3.68862037056682,0.0,18.455,66.292,22.6597512078726,0.990349937041244,1.6981499999999985,2.6651584403675,6.51396124227823,0.762,-1.995,1.44354539330674,0.768,-1.65421247091313,0.527,33.3686365074031,0.686729967594147,0.128025352954865,0.169527962803841,11.1257366947505,71.4368759173731,90722754.0,11148904454.7,4171.216594200115,0.0,35954366432.57255,0.0,1.0,0.0,0.0,1.6,216077790.0,166.39547466943523,0.0,2.0
IDN,Indonesia,2001,86.3,28.2472995397379,15.9949177621389,0.0400678403675556,0.507,7.391,22.782671695238175,-0.084,5869.758,17.745,25.518330535,2.20774579048157,47.8935007853871,11.5001160550887,0.0,18.5475,66.583,30.7545972173123,0.968409758353021,2.9762699999999995,2.4241066416628403,4.50279039188872,0.762,-1.789,3.10326416379729,0.768,3.71998595702973,0.527,38.4172452290621,0.693416059017181,0.122118689119816,0.189315304160118,9.29197183116353,69.7932075256238,93997140.0,9413732114.9,4260.249034697794,0.0,30489642955.91806,0.0,1.0,0.0,0.0,1.6,219097902.0,139.15990375808371,0.0,2.0
IDN,Indonesia,2002,87.6,23.7273810974092,16.3196689664379,0.0396237522363663,0.481,7.315,20.554249345296036,-0.082,6047.620999999999,16.353,25.075844356,2.23004794120789,47.7453311592597,11.9001200338414,0.0,18.945,66.954,31.9532784940709,0.856603744414542,5.268169999999998,1.90319344354046,3.50125448115221,0.762,-1.583,3.84823596737301,0.768,12.3224124961922,0.529,40.104784004948,0.704269945621491,0.124062292277813,0.187614619731903,7.28595475221916,59.0794617663723,97235689.0,9186352773.1,4293.812370716428,0.0,28857031426.52004,0.0,1.0,0.0,0.0,1.6,222088495.0,129.93483262840806,0.0,2.0
IDN,Indonesia,2003,87.9,21.5110221608592,15.1853482186248,0.0390102304518223,0.481,7.336,21.68199393505212,-0.083,6247.621999999999,17.099,23.987434027,2.25257539749146,43.7495660917608,6.75731256333564,0.0,16.935,67.134,28.2528418444569,0.918755262552855,8.218360000000011,2.09426406086845,3.06092866032223,0.762,-2.095,1.90661122138227,0.768,10.8520711478648,0.537,41.0650856896144,0.723153054714203,0.128024786710739,0.213334888219833,7.1428118800621,53.6164937473016,100439322.0,10630687332.8,4047.9495773440185,0.0,31911151094.49585,0.0,1.0,0.0,0.0,1.6,225048008.0,141.7970831116881,0.0,2.0
IDN,Indonesia,2004,89.0,21.7629405591822,14.3357802955642,0.0385964401066303,0.521,8.097,22.676721065072883,-0.248,6469.6680000000015,17.573,26.077829501566956,2.27533054351807,44.6276159754602,6.06406189133648,0.0,14.1241666666667,65.521,28.0658265856536,1.01171111673856,13.309799999999996,2.11069450964371,3.94237539539958,0.757,-1.909,2.24223740053164,0.768,5.13441023123413,0.536,41.0366037289756,0.695265233516693,0.114796966314316,0.218157917261124,9.12075209301056,59.761294836691,103587360.0,10057236851.7,3972.283969623259,0.0,42852326931.10791,0.0,1.0,0.0,0.0,1.6,227926649.0,188.00928772092774,0.0,2.0
IDN,Indonesia,2005,84.8,25.5834120624887,13.1266186400506,0.0386478453874588,0.535,7.376,27.677280492013367,-0.18,6741.814,17.86,27.350382621,2.29831528663635,46.5410588710711,10.4532001873347,0.0,14.0508333333333,67.531,27.4075074800459,1.58686660914769,20.318600000000004,1.92387174642882,5.20636964649797,0.75,-1.518,2.62258772438844,0.768,-0.2457354670148079,0.545,40.3323224888783,0.669785559177399,0.109359376132488,0.233600348234177,10.3253531632848,63.9879358688635,106748992.0,8148491236.099999,5383.640137236501,0.0,53550347673.94565,0.0,1.0,0.0,0.0,1.6,230871650.0,231.948563948608,0.0,2.0
IDN,Indonesia,2006,90.6,26.9242646000448,12.9738027192484,0.0386837907135487,0.535,7.423,30.35629167872556,-0.126,7012.67,18.868,26.627675271574397,2.32153272628784,46.9435587410796,13.108670985346,0.0,15.9791666666667,67.664,27.5375740802454,1.77357767480631,27.2719,1.32448590617292,4.55289184316296,0.748,-1.418,2.62843751890172,0.788,1.6581514216352398,0.545,40.0826385396719,0.653415381908417,0.1166372746229169,0.233297154307365,9.40722899701392,56.6571268148867,109961391.0,359485406.4,9883.872061005022,0.0,62800076351.230415,0.0,1.0,0.0,0.0,1.6,233951652.0,268.43185681471664,0.0,2.0
IDN,Indonesia,2007,91.1,26.2590550111252,13.7166831034562,0.0386137776076794,0.535,7.421,30.31403674979248,-0.153,7352.768,17.782,27.401193393000003,2.34498429298401,46.7991415207073,6.40656087966005,0.0,13.8616666666667,67.914,27.048412748793105,2.65498357606547,39.3934,1.03226061871438,3.6879578095142,0.747,-1.198,0.904527004366513,0.788,2.33967409088073,0.546,39.4841753758365,0.648071587085724,0.116636894643307,0.237074166536331,9.75766253508312,54.8292499782075,113181381.0,377610219.0,14255.607066494204,0.0,75294302635.80872,0.0,1.0,0.0,0.0,1.6,237062337.0,317.61393896917804,0.0,2.0
IDN,Indonesia,2008,92.7,29.5008043837438,14.4817402607761,0.0387747250497341,0.535,7.444,30.35486382379699,-0.1,7788.867,19.448,28.979937042,2.3686728477478,48.0607447690172,10.2266663272483,0.0,13.5983333333333,68.085,27.8142729854303,1.02468839771291,58.5358,0.995657110106886,4.60202331049434,0.751,-1.057,1.6872134588497998,0.788,-3.8522450263345505,0.546,37.457515026462,0.603644907474518,0.115702778100967,0.256577759981155,11.10028650133,58.5613996312961,116391264.0,368056758.1,19265.83058996854,0.0,98827136498.02252,0.0,1.0,0.0,0.0,1.6,240157903.0,411.5089916404813,0.0,2.0
IDN,Indonesia,2009,93.6,30.1102485336039,15.290148146172,0.0389319956302643,0.539,7.461,27.658710487844097,-0.213,8040.417000000001,15.382,28.576848297,2.39260053634644,47.6521225811621,4.38641311792074,0.0,14.4983333333333,68.267,26.3554745271064,1.41195377994442,67.2958,0.945944802344101,2.12191492904716,0.75,-0.7509999999999999,-0.0842986338400116,0.823,5.74795209578427,0.552,37.0577298834625,0.601167023181915,0.13113634288311,0.272025316953659,6.42593139928445,45.5121213687054,119585835.0,3104713977.0,17518.010616624044,0.0,62330517927.09719,0.0,1.0,0.0,0.0,1.6,243220028.0,256.2721435386776,0.0,2.0
IDN,Indonesia,2010,94.2,33.6226923768118,13.929212707137,0.0389550477266312,0.545,7.528,27.2530411349395,-0.264,8432.941999999997,15.644,29.197483777,2.41677021980286,42.7758663362749,5.13420639015885,0.0,13.2516666666667,68.364,22.0386285924438,1.51452958965276,85.7839,0.826445929259323,2.31580791993823,0.749,-0.8539999999999999,0.0451692384628585,0.823,-1.74609753559597,0.586,40.6659902908934,0.568690180778503,0.122371606528759,0.297965347766876,7.13560902238893,46.7012738758737,122788468.0,3049935042.0,30157.27001876462,0.0,82940882267.6284,0.0,1.0,0.0,0.0,1.6,246305322.0,336.7401142376794,0.0,2.0
IDN,Indonesia,2011,94.8,34.1662777529407,13.5122870743946,0.0390801653265953,0.545,7.517,30.0821993577662,-0.287,8792.318,17.01,29.897848709,2.40213108062744,43.9134234267133,5.356048491125821,0.0,12.4033333333333,68.629,21.7608545038476,1.37848884835229,100.135,0.73781080558996,2.96041980198707,0.75,-0.77,0.487284647306737,0.824,4.59437674883754,0.574,40.5846042111279,0.527714967727661,0.116229243576527,0.335202038288116,8.5631139337506,50.1800131841104,125939961.0,3040508153.7,43191.83600740578,0.0,112854424438.44064,0.0,1.0,0.0,0.0,1.6,249470032.0,452.3766784077722,0.0,2.0
IDN,Indonesia,2012,96.0,32.9144358565005,13.3739742350727,0.0392579361796379,0.545,7.51,33.4341714348422,-0.239,9192.039,17.249,30.834564657,2.38758063316345,43.5937444233376,4.2795142691943,0.0,11.795,68.862,21.4509550553875,0.577088878511745,111.581,0.652294226994824,2.51944833801451,0.751,-0.593,-0.419798627037638,0.824,7.75018856489028,0.57,40.8733748934867,0.537102222442627,0.124521672725677,0.340893119573593,5.94561486320563,49.5828982992627,129279032.0,3043775658.8999996,33891.99573973985,0.0,99494503098.07968,0.0,1.0,0.0,0.0,1.6,252698525.0,393.72807220809733,0.0,2.0
IDN,Indonesia,2013,96.5,32.0806307225782,13.3566991621949,0.0393154546618462,0.572,7.51,36.0581396070456,-0.225,9570.556,16.864,30.664104802999997,2.37311816215515,42.6356774375889,6.41249457900391,0.0,11.6575,69.064,21.0286886817218,0.720021093755813,122.42499999999998,0.636686032705509,2.24228816443479,0.755,-0.519,-0.7714705043787151,0.825,6.37493124212137,0.547,41.5165374799893,0.543721199035645,0.125173002481461,0.331971883773804,5.38990903395495,48.6373726752893,132610251.0,3049873981.8999996,59658.6188793,0.0,97218145393.33743,0.0,1.0,0.0,0.0,1.6,255852467.0,379.97736169312543,0.0,2.0
IDN,Indonesia,2014,97.0,31.7328858513683,13.3367549992146,0.0391433276236057,0.614,7.499,36.4235451552096,-0.128,9916.343,16.56,30.533440649,2.35874342918396,41.9283421270033,6.39492882396559,0.0,12.605,69.292,21.0751760505565,0.291031667870561,125.767,0.850564550857553,1.97502549820142,0.757,-0.417,-0.542053996529118,0.783,6.79211858069728,0.54,42.2421853142869,0.544006407260895,0.118302948772907,0.34196749329567,4.79162103687978,48.0801755855227,135911187.0,2869269976.0999994,4758.3703102,0.0,82581873583.5653,0.0,1.0,0.0,0.0,1.6,258877399.0,318.99993550060856,0.0,2.0
IDN,Indonesia,2015,97.5,31.1568601011495,13.4926435578886,0.0388168431818485,0.64,7.495,39.1187982955119,-0.14,10260.61,14.877999999999998,30.532766881,2.34445571899414,40.0478624042506,6.36312061196646,0.0,12.6625,69.52,20.9857874310206,0.2319125613958099,129.469,0.960955966326089,0.7966751287189009,0.692,-0.62,-1.3704142950438205,0.824,8.34991063469474,0.595,43.3090809246806,0.556362211704254,0.119831472635269,0.341421991586685,3.08136736381978,41.9376402415294,139204099.0,2744354880.1,2993.0057423000003,0.0,54452394812.823975,0.0,1.0,0.0,0.0,1.6,261799249.0,207.99293741604268,0.0,2.0
IDN,Indonesia,2016,97.6,30.9123569191041,13.4787485470271,0.0384636409580708,0.64,7.502,39.4024246939413,-0.174,10655.77,14.36,30.523152094,2.33025455474854,39.3084439802081,3.5258045281545094,0.0,11.8883333333333,69.733,20.5229746805052,0.3255984423016289,145.704,0.63934334627299,0.62227933803086,0.698,-0.38,-1.0872873862306598,0.824,9.22443234413206,0.587,43.6417488094502,0.561236560344696,0.112187117338181,0.343308418989182,2.66818993930963,37.4213418023318,142402781.0,2662367045.6,4052.9986631,0.0,52656437363.06593,0.0,1.0,0.0,0.0,1.6,264627418.0,198.9833017343121,0.0,2.0
IDN,Indonesia,2017,98.1,31.8887882006076,13.1566308462661,0.0381406210362911,0.639,7.506,38.7323495613041,-0.1109999999999999,11073.521,14.179999999999998,31.015344332,2.31613945960999,39.3791548040237,3.8087985769194894,0.0,11.0733333333333,69.953,20.1600223614347,0.338696264430664,162.783,0.591523999755219,0.7993679661271438,0.705,-0.505,-0.670371732582266,0.779,6.50156399609036,0.578,43.6140553296427,0.546243250370026,0.10447733849287,0.351557552814484,3.08016177152276,39.3554970704606,145581221.0,2820410976.7,6844.6283188,0.0,69919924939.79399,0.0,1.0,0.0,0.0,1.6,267346658.0,261.53281833728397,0.0,2.0
IDN,Indonesia,2018,98.5,32.6535747143641,12.8084975586902,0.0378776751458645,0.625,7.562,38.8054496665639,-0.081,11522.780000000002,14.921,31.513564353,2.30210971832275,39.7297374523848,3.19834755924996,0.0,10.5366666666667,70.08,19.8631933835963,0.664931025171148,118.33,0.859660703628191,1.1323020199967098,0.733,-0.552,0.0483075063704801,0.821,6.47124983937941,0.559,43.4048373057688,0.531983315944672,0.106185659766197,0.357951194047928,4.21663374449654,43.0743089552002,148731816.0,2754377864.2,16224.660586,0.0,90359666986.22498,0.0,1.0,0.0,0.0,1.6,269951846.0,334.72513088954753,0.0,2.0
IDN,Indonesia,2019,98.9,31.8716276579178,12.7126026577522,0.0379284732043743,0.629,7.558,38.3726939516609,-0.135,11976.45,14.268,31.276179298,2.28816509246826,38.9517679950779,3.0305846094166107,0.0,10.3658333333333,70.349,19.7035390875513,0.527633581615829,125.244,0.738467377908887,0.7401346095146781,0.742,-0.502,-0.35041615710426,0.821,8.62940479031393,0.54,44.220745839176,0.53957211971283,0.109686799347401,0.345629453659058,3.23583967668836,37.6277775357108,151880690.0,2738601714.4,19537.2683347,0.0,80009619640.10048,0.0,1.0,0.0,0.0,1.6,272489381.0,293.6247252882874,0.0,2.0
IRN,"Iran, Islamic Rep.",1995,98.10831079250212,35.3827071659485,12.6102361431141,0.0356380604207516,0.323,5.4,16.6882373800448,-0.851,10278.77,22.376,14.00812478,1.55223035812378,39.4404238932804,49.6559858462746,0.0,13.239352563274128,67.904,15.3443223066172,0.2500114771944479,0.0261568379999914,1.17406917330279,19.3040585759505,0.633,-0.325,-2.4116810297048827,0.614,-7.328586699719642,0.288,49.9041053365152,0.517806828022003,0.227460220456123,0.194081604480743,20.7724689741647,35.1442449159574,37586681.0,0.0,24685.247157558704,0.0,49265474965.00429,0.0,1.0,0.0,0.0,5.6,62205567.0,791.9785533825982,0.0,0.0
IRN,"Iran, Islamic Rep.",1996,98.11602536965604,40.3589816764869,10.3464772313477,0.0349692478775978,0.356,5.266,15.1769848938656,-0.717,10773.529,20.146,16.263976332,1.58167088031769,42.0825362513932,28.9373440168137,0.0,14.304661241483084,68.328,16.5055430323782,0.109188225751502,0.0973515889999916,1.16892188051012,19.6685614584308,0.633,-0.325,-2.4216318303833666,0.614,-5.189757966828731,0.287,48.8097255642591,0.47235319018364,0.238921880722046,0.267218559980392,20.9894625885333,35.2212991546042,38396697.0,0.0,24709.176718558705,0.0,57904750338.65406,0.0,1.0,0.0,0.0,5.6,62881300.0,920.8580347202437,0.0,0.0
IRN,"Iran, Islamic Rep.",1997,98.11236800148156,36.2136908894348,9.81269950030608,0.0347936078906059,0.324,5.205,16.605413038843402,-0.262,10750.916,19.016,17.111257438000003,1.61166965961456,38.7114436760975,17.3492257538708,0.0,14.667702202072366,68.649,17.4359815844251,0.127055091970103,0.3824263209999969,1.53703282056056,18.0436980240134,0.516,-0.509,-2.4292748163366245,0.614,-3.4068560941461357,0.347,52.4764737606246,0.499805867671967,0.236383140087128,0.258416056632996,19.7567159419881,32.6495581116416,39529175.0,0.0,25165.207490157896,0.0,52716533231.44812,0.0,1.0,0.0,0.0,5.6,63639638.0,828.3600423913178,0.0,0.0
IRN,"Iran, Islamic Rep.",1998,98.11878517207408,29.427431550339,11.5550578925548,0.0349927842617035,0.297,5.084,18.0219203287981,-0.311,10824.05,14.482,17.04979647,1.64223754405975,32.5035534129176,17.8661342130398,0.0,17.00278375045408,69.214,16.8907124418374,0.1304875296572369,0.6145056220000029,1.5690669381716802,11.6492107603037,0.516,-0.6929999999999998,-2.0549974174130976,0.686,1.408163375894719,0.372,57.1684307665697,0.520888090133667,0.251979440450668,0.266163736581802,13.3950142635049,29.2282196463134,40586372.0,0.0,25585.67170845749,0.0,35670753244.11737,0.0,1.0,0.0,0.0,5.6,64519859.0,552.8647116869454,0.0,0.0
IRN,"Iran, Islamic Rep.",1999,98.11591145998128,36.6942796945194,9.91498621545228,0.0353765711188316,0.297,5.019,18.0432796682098,-0.44,10922.488,18.597,17.370374256999998,1.6733851432800302,37.4588861757893,20.0707078146866,0.0,14.667049935522728,69.686,16.6599877236784,0.09776074349142,0.7607288829999987,1.66822362541216,16.789615504378396,0.516,-0.7104999999999999,-2.4361319328261684,0.686,-3.428875280193406,0.378,53.4409524080366,0.481294989585876,0.221648499369621,0.269626051187515,18.626607792413,34.8854141345934,41695093.0,334969289.8999999,24887.910044558703,0.0,45642996934.764275,0.0,1.0,0.0,0.0,5.6,65445391.0,697.4211054031945,0.0,0.0
IRN,"Iran, Islamic Rep.",2000,97.9,37.8698843045837,9.06841932703815,0.0358617976307869,0.279,4.957000000000001,26.249781183445,-0.446,11378.399,22.874,18.097622909,1.70512354373932,40.3059101601225,14.4767513188567,0.0,14.386805418100597,70.166,16.6392250192538,0.0843084131247478,1.4492799999999946,2.3016244296399706,30.663774670772305,0.516,-0.728,-2.89711526394967,0.686,-4.856319866531985,0.35,51.4166442622418,0.501047909259796,0.231978014111519,0.25922030210495,33.082196505073,41.2572474638031,42825431.0,317983003.0,24164.67069323077,0.0,74138367045.55875,0.0,1.0,0.0,0.0,5.6,66418659.0,1116.2280022178518,0.0,0.0
IRN,"Iran, Islamic Rep.",2001,98.1,36.39384807214989,8.31084200246599,0.0367583855986595,0.271,4.91,30.0795827822114,-0.501,11457.749,16.658,22.105708068,1.7437410354614302,39.9172619781884,11.2742471332117,0.0,14.761625065632543,70.619,17.1481311479719,0.0742215523232544,3.0945800000000077,2.44405372220749,21.4882168458321,0.516,-0.7505,-2.7799377036104382,0.686,-3.617608955645061,0.35,52.3210997514138,0.489908248186111,0.22111140191555,0.274869561195374,24.0565282820387,40.535566479523,43990083.0,306712496.9,23306.444990672066,0.0,61502121712.999725,0.0,1.0,0.0,0.0,5.6,67452005.0,911.7908609684727,0.0,0.0
IRN,"Iran, Islamic Rep.",2002,98.1,36.46964858690226,7.82554689747938,0.0378856360912323,0.268,4.8870000000000005,29.1008806293968,-0.474,12181.025,15.577,21.835146641,1.78219604492188,45.5029348793712,14.3359337378404,0.0,14.684143053670224,71.112,15.0966632125649,0.0781738137360549,3.3511200000000088,2.3496161139381,20.4437414632993,0.516,-0.7729999999999999,-2.64358283701669,0.686,-5.385638943284272,0.35,47.6983837464383,0.490517199039459,0.204607784748077,0.299964308738709,22.901560055169,48.1726865520657,44837931.0,331799013.1,24072.567902020244,0.0,58698705696.70032,0.0,1.0,0.0,0.0,5.6,68011317.0,863.0726221152329,0.0,0.0
IRN,"Iran, Islamic Rep.",2003,98.2,36.48677728101062,7.45109456120201,0.039011511951685,0.268,5.225,32.4332547623977,-0.5,12907.436,15.759,21.425424811,1.8214989900589,45.0599495545921,16.4680116244792,0.0,14.904427863356425,70.464,14.7931353364884,0.0568901028390885,5.016590000000001,2.05072226747438,22.0449174416527,0.533,-0.78,-2.54808386287257,0.686,-5.508260840624313,0.35,48.7704956249067,0.471975952386856,0.204922929406166,0.333777666091919,24.1803070892105,50.6791057753261,45803769.0,362659894.3,26580.489851356277,0.0,74492551353.89407,0.0,1.0,0.0,0.0,5.6,68769340.0,1083.2232991314745,0.0,0.0
IRN,"Iran, Islamic Rep.",2004,98.3,37.42826283280585,6.88957846945821,0.0404061190783978,0.317,4.772,35.071095896488,-0.394,13264.229,15.4,22.415646965774005,1.86166882514954,47.4704724796045,14.7615086970672,0.0,16.65,72.04,15.7024342773986,0.1876685381111189,7.224510000000002,1.8365547162802895,25.1990020398231,0.533,-0.762,-2.30884329071856,0.686,-6.461675862059469,0.334,47.9180928342311,0.474157899618149,0.201204687356949,0.329521805047989,27.244364812419494,51.3138573265888,47252106.0,379021408.6,29200.048232951416,0.0,99625732045.146,0.0,1.0,0.0,0.0,5.6,70256316.0,1418.0323950539337,0.0,0.0
IRN,"Iran, Islamic Rep.",2005,98.4,37.43527105955458,6.50138220908685,0.0418773852288723,0.376,4.728,38.348153226962,-0.263,13481.204,18.745,22.588428603194355,1.90272438526154,49.6372490521282,13.433118008508,0.0,16.0,72.446,15.0414920675817,0.399231467997184,11.848399999999998,2.44636854647738,31.6076762648214,0.727,-0.7829999999999999,-2.26713144561289,0.686,-3.4670247456829895,0.264,47.9812176030011,0.463155508041382,0.201534584164619,0.28778874874115,34.4823160181386,54.4404952635536,48750605.0,348821919.1,31656.25846654656,0.0,136986429071.64967,0.0,1.0,0.0,0.0,5.6,71828455.0,1907.1331698788408,0.0,0.0
IRN,"Iran, Islamic Rep.",2006,98.4,37.42371106915917,7.11821124095933,0.0430574901401997,0.392,4.673,44.7948027977428,-0.324,13933.157,16.484,21.152400353724964,1.94468533992767,48.2599008746838,10.0158982511924,0.0,14.0,72.895,15.0335061173724,0.733376016232142,20.963,2.45659210122043,31.5582038058527,0.727,-1.041,-4.75154910544613,0.686,-0.5084481143759723,0.26,49.1253327032366,0.458965510129929,0.221412092447281,0.279034018516541,34.7791285091133,53.1673587143845,50134721.0,367157846.4,34870.647102040486,0.0,162405692906.18073,0.0,1.0,0.0,0.0,5.6,73392747.0,2212.8302801662503,0.0,0.0
IRN,"Iran, Islamic Rep.",2007,98.7,37.39703855049394,7.18556823147499,0.0440533086657524,0.392,4.649,47.0472761389845,-0.917,14851.262,14.089000000000002,22.421959459894964,1.98757183551788,48.235663136428,17.3410404624277,0.0,12.0,73.299,12.9076157657217,1.04037894076244,39.9047,1.99708594942742,26.1252401169156,0.727,-0.932,-2.21145240406974,0.686,-8.897954183401263,0.26,47.6077676817297,0.451026082038879,0.202694654464722,0.27582111954689,29.1825071901049,49.8873069225934,51331240.0,385669494.0,39114.389049331985,0.0,178073573965.9094,0.0,1.0,0.0,0.0,5.6,74602648.0,2386.9604999263483,0.0,0.0
IRN,"Iran, Islamic Rep.",2008,98.8,42.373695489240774,6.12277259111112,0.0450392439961433,0.383,4.634,45.3150694425274,-1.051,14737.255,14.581,25.0094558307719,2.0314040184021,47.6687887779159,25.4105090311987,0.0,12.0,73.683,12.9684578028281,1.05351568532114,56.9429,1.8467989298903,30.565973898031295,0.727,-0.94,-4.22108751612251,0.686,-6.21492024510556,0.26,48.6423388030411,0.431888818740845,0.226574435830116,0.306378543376923,33.5227511829978,48.2294027741438,52391005.0,375912135.1,40209.88392782996,0.0,232585326142.29208,0.0,1.0,0.0,0.0,5.6,75514204.0,3080.020894377594,0.0,0.0
IRN,"Iran, Islamic Rep.",2009,99.7,43.93706277033689,6.9244896148629,0.0458591170608997,0.389,4.623,49.2122294086103,-1.163,14696.544,14.29,25.062921568574993,2.07620286941528,43.0965172977284,13.5515548281506,0.0,12.0,74.041,13.2744893947707,0.472460550405355,68.7372,2.28085971648197,17.5512587993854,0.74,-1.564,-3.18565871589567,0.686,7.07608797972097,0.241,51.4807181924139,0.421556025743485,0.24497976899147,0.302353918552399,20.3362743181973,43.6995802243585,53512890.0,2235620001.4,39764.134532230775,0.0,145256213804.64102,0.0,1.0,0.0,0.0,5.6,76457825.0,1899.8214218706983,0.0,0.0
IRN,"Iran, Islamic Rep.",2010,99.4,45.72617818563493,6.49939072557201,0.0465412959456444,0.437,4.613000000000001,52.0229498170448,-0.592,15347.147,15.281999999999998,24.46991294760399,2.12198948860168,44.2093794197457,10.0893629287979,0.0,12.0,74.39,12.7839080636811,0.952827159850501,69.8155,1.8610874879457,20.2248363529261,0.739,-1.631,-0.767974644204821,0.686,-3.3504815238065806,0.231,51.1373145239641,0.409970372915268,0.25258469581604,0.307011067867279,23.0680430493324,43.7706437371399,54666286.0,2196175181.8,43278.804331024294,0.0,189795738716.76636,0.0,1.0,0.0,0.0,5.6,77420842.0,2451.481200847265,0.0,0.0
IRN,"Iran, Islamic Rep.",2011,99.5,42.89135172064045,4.642116204566289,0.047298900783062,0.437,4.61,49.2475078971103,-0.546,15545.179,16.136,24.940181224699828,2.16269493103027,46.2322885720868,26.2933856738608,0.0,11.0,74.721,13.7921914678481,1.04689385094231,71.4984,1.91739971657899,22.351458922128096,0.739,-1.422,-0.581107691144079,0.686,-16.797550089526,0.2339999999999999,48.7236875755503,0.39884877204895,0.257091283798218,0.275072515010834,25.3461464486072,41.2194147918578,55812297.0,2189387136.2,46721.25475481781,0.0,258200137061.92484,0.0,1.0,0.0,0.0,5.6,78383598.0,3294.058242413481,0.0,0.0
IRN,"Iran, Islamic Rep.",2012,99.5,40.19503048161928,6.79693716710654,0.0472388602793217,0.414,4.609,49.6173234830957,-0.939,14787.876,12.586,21.820880332,2.204181432724,42.0941632127045,27.2568127242908,0.0,11.0,75.039,16.3771989024111,0.668779628211241,73.2734,2.01887057952724,18.4120723402826,0.739,-1.324,-0.432244751957067,0.686,-6.68652747407881,0.2339999999999999,50.4291162835523,0.461074113845825,0.271167159080505,0.243035033345222,21.1187189284557,44.0893466807452,56958998.0,2191739977.7,46958.3709950162,0.0,217990664337.74625,0.0,1.0,0.0,0.0,5.6,79370580.0,2746.492016786903,0.0,0.0
IRN,"Iran, Islamic Rep.",2013,99.8,40.08681758128411,8.77490977276026,0.0460640974342823,0.329,4.609,44.5964991335657,-0.272,14377.88,12.476,20.163443973,2.24646353721619,42.7788684660118,36.6030355191029,0.0,11.0,75.349,15.7296956213052,0.95144936458257,81.1372,2.7187141958893,21.256566552395498,0.734,-1.25,-0.652233097527237,0.686,-18.845193058696697,0.252,47.6419116595481,0.442974895238876,0.272544026374817,0.232792720198631,24.9467390294435,47.0867179194755,58142301.0,2196131214.1,49949.1944849919,0.0,197610904957.4838,0.0,1.0,0.0,0.0,5.6,80414686.0,2457.3982040728706,0.0,0.0
IRN,"Iran, Islamic Rep.",2014,100.0,40.269321407167354,9.37842415684426,0.0447834879159927,0.3149999999999999,4.613000000000001,48.9844792976358,-0.339,14909.895,13.112000000000002,20.783623974,2.28955674171448,39.2282280462408,16.6065532357449,0.0,14.0,75.635,15.5847556165887,0.632030591810473,84.5269,2.97411018568107,21.235375826579897,0.733,-0.875,-0.836718294637327,0.686,3.86413888968698,0.251,49.3556902392447,0.452914714813232,0.251696318387985,0.266253858804703,24.8607811408678,45.3514201413161,59359901.0,2066082894.8,52680.994679821866,0.0,182537530597.54385,0.0,1.0,0.0,0.0,5.6,81502045.0,2239.6681040033272,0.0,0.0
IRN,"Iran, Islamic Rep.",2015,100.0,35.94909722345089,10.0916014141126,0.0435570478439331,0.3149999999999999,4.617,56.3719593551977,-0.261,14516.847,14.823,18.524341741999997,2.33347654342651,32.1747396532204,12.4846815611533,0.0,14.21,75.907,13.4507444091979,0.3231133184420469,89.8322,2.62955318037995,12.2663527393474,0.733,-0.925,-1.21481169342972,0.686,13.9854467563741,0.264,55.1819574554845,0.511281073093414,0.2462537586689,0.260363310575485,15.230299476589398,39.42258866118,60606375.0,1976134948.0,53012.99649482186,0.0,102096729049.94328,0.0,1.0,0.0,0.0,5.6,82619362.0,1235.7482142012097,0.0,0.0
IRN,"Iran, Islamic Rep.",2016,100.0,33.288653623001224,8.44788029281743,0.042352344840765,0.377,4.625,57.8313383703997,-0.257,15601.647,15.265000000000002,15.736419216954967,2.37823891639709,34.3222829592861,7.24542548952979,0.0,18.0,76.155,13.3188366338022,0.3203618349802,96.0722,1.91831819745209,10.8895031509112,0.725,-0.8139999999999998,-1.29430166644058,0.686,3.4497687580534007,0.273,54.0362259638003,0.48526394367218,0.254162102937698,0.234189808368683,13.1358103039789,39.8772417738866,61920147.0,1917097749.1,53749.026398821865,0.0,99747119603.9633,0.0,1.0,0.0,0.0,5.6,83812228.0,1190.1260947741814,0.0,0.0
IRN,"Iran, Islamic Rep.",2017,99.9,37.205433837950146,8.49044927227644,0.0413780361413956,0.374,4.631,57.8313383703997,-0.2,15805.787,15.504,15.37899787202682,2.4238600730896,36.1413931191139,8.04492437660278,0.0,18.0,76.396,14.1352502087451,0.498537165708424,102.376,2.33627116072101,14.6204399688795,0.756,-0.934,-0.9136872410908388,0.686,3.4497687580534007,0.249,52.2187211572302,0.473843902349472,0.247762188315392,0.260840266942978,17.4677964309489,43.1556931383906,63260912.0,2030900864.6,55707.07708710122,0.0,130013308483.29898,0.0,1.0,0.0,0.0,5.6,85026754.0,1529.0870504511906,0.0,0.0
IRN,"Iran, Islamic Rep.",2018,100.0,43.59786432293773,9.63092024660805,0.0404159501194954,0.371,4.645,57.8313383703997,-0.265,15323.612,13.612000000000002,15.64120720881425,2.47035622596741,37.1484284566829,18.0141183371874,0.0,18.0,76.621,16.2321484820513,0.743592034577805,103.024,5.80900087982186,27.6646471563106,0.768,-1.342,-0.709630444171205,0.704,3.4497687580534007,0.244,50.0804565914419,0.517099976539612,0.268116295337677,0.235992267727852,34.23959480334081,56.6153496142829,64419215.0,1983352224.9,55659.2662817004,0.0,159912214697.78473,0.0,1.0,0.0,0.0,5.6,86117998.0,1856.8965653124533,0.0,0.0
IRN,"Iran, Islamic Rep.",2019,100.0,41.92176029479315,11.8081014676882,0.0394075959920883,0.352,4.658999999999999,57.8313383703997,0.0039999999999999,14675.905,9.657,16.364785538680618,2.51774430274963,33.4149250633862,39.9073455697784,0.0,18.0,76.855,18.6553365055555,0.875208744950145,135.622,6.82201707137804,20.0780490508657,0.767,-1.711,-3.3061547885359195,0.704,3.4497687580534007,0.241,51.6940341555612,0.491029590368271,0.27872633934021,0.264740318059921,27.800666153371495,48.5917712137038,65466224.0,1971992250.6,54638.709389218624,0.0,106068420606.08948,0.0,1.0,0.0,0.0,5.6,87051648.0,1218.453906881688,0.0,0.0
IRQ,Iraq,1995,92.35537980542426,24.63131961880499,20.5851365851446,0.0372056178748608,0.666,7.153,18.64672067446088,-0.522,10089.206698594617,14.25595352442376,3.135763078,1.738844871521,64.8653587032535,387.310847766638,0.0,19.204948822552577,64.761,1.3933513294463005,0.0,0.0,0.788428190008421,22.278016374149196,0.8879999999999999,-1.817,-5.957792192272984,0.576,-56.62904704575816,0.142,15.051317657760002,0.669571876525879,0.209429860115051,0.0482201538980006,23.0812208617925,0.0209992321838399,14129486.0,0.0,530.2756164,0.0,6780019313.047404,0.0,1.0,0.0,0.0,7.43,20825860.0,325.557711088397,0.0,0.0
IRQ,Iraq,1996,80.47920415710061,24.475464831120135,18.5970823288736,0.0354263111948967,0.621,7.14,25.48364020067605,0.923,23626.90689517704,31.35855989976281,1.004981840999999,1.76973462104797,58.4465108240142,-16.117325751057205,0.0,11.600030745446569,64.618,1.0050155019487494,0.0,0.0,1.08692306964952,35.3690100952815,0.8879999999999999,-1.817,4.522924468136284,0.576,-0.8144352567243978,0.142,23.9510192134823,0.634539842605591,0.185307696461678,0.0068832673132419,36.4781663325503,0.0268884829090296,14536150.0,0.0,580.2612022,0.0,8754667271.325655,0.0,1.0,0.0,0.0,7.43,21501321.0,407.1688093641156,0.0,0.0
IRQ,Iraq,1997,44.91949227764969,32.90695206726486,8.4566018849353,0.0340178832411766,0.621,7.239,5.489504883813495,-2.318,7404.24351025935,27.96232428301382,2.3129511580000006,1.80117309093475,75.0202754310169,23.0631996788727,0.0,12.794691623223,64.241,0.6522166620818055,0.0,0.0,0.547208662489783,31.581543975153902,0.8879999999999999,-1.6755,9.092923526046114,0.576,-0.1581969729455066,0.142,17.0309479588878,0.477971136569977,0.128723055124283,0.0622966401278972,32.1441683410111,106.188169939941,14966880.0,0.0,1165.826849,0.0,15877079909.56334,0.0,1.0,0.0,0.0,7.43,22176593.0,715.9386434861,0.0,0.0
IRQ,Iraq,1998,62.53962929127865,33.17629829984763,10.9097070962474,0.0333738252520561,0.621,7.1,4.798071922314428,-0.031,4701.847499758802,28.65520426411279,2.683480608,1.83316993713379,70.1470884871537,14.7687735575528,0.0,13.0747476382721,64.405,0.8611830742974913,0.0,0.0,0.495158321201736,36.6105813767315,0.8879999999999999,-1.534,8.730285011880463,0.576,-1.9818743592196473,0.142,19.3984145894094,0.397728145122528,0.220912083983421,0.088506318628788,37.1258114796528,132.243160520961,15445076.0,0.0,2120.826849,0.0,18942019661.38387,0.0,1.0,0.0,0.0,7.43,22884399.0,827.7263327467708,0.0,0.0
IRQ,Iraq,1999,80.70070756190171,46.7562456256351,7.20350392397431,0.0332849696278572,0.621,6.992,15.433078662662185,-1.892,19415.75440953376,37.52211202983447,2.313259101,1.86573529243469,79.5741068177302,12.5777623393436,0.0,8.693104394165903,64.532,0.8752184590368906,0.0,0.0,0.283315868177146,36.719435347494,0.8879999999999999,-1.6335000000000002,9.590551507854808,0.576,-6.4304002976566785,0.142,13.568151956861795,0.2186641246080399,0.138673707842827,0.442952185869217,37.017920402799,138.314601242921,15965110.0,0.0,2609.826849,0.0,32236193301.423862,0.0,1.0,0.0,0.0,7.43,23636527.0,1363.829521207742,0.0,0.0
IRQ,Iraq,2000,96.8,47.62235478593577,4.63474550697269,0.033982876688242,0.637,6.801,10.32406545273026,-1.733,25523.036901740263,46.07633695131502,3.247210283999999,1.89887917041779,84.7959791546848,4.97896213183735,0.0,8.773962290200258,64.86,0.908108147593401,0.0,0.0,0.27271767012468,48.5807178166885,0.889,-1.733,12.014364497829488,0.576,-7.043013720439388,0.144,10.8591155618071,0.166512921452522,0.154091030359268,0.35593855381012,48.8587830406916,125.336595640904,16518769.0,0.0,2613.0,0.0,49507807348.60327,0.0,1.0,0.0,0.0,7.43,24424056.0,2027.0100653471836,0.0,0.0
IRQ,Iraq,2001,96.9,49.34416610846576,6.9309570545315,0.0366990119218826,0.642,6.588,10.95710693014692,-1.051,30946.814379551863,52.53411523537052,6.656510264,1.92977476119995,77.4195775516813,16.3740814963262,0.0,8.254306709535058,65.292,1.4760100907262306,0.0,0.0,0.358458660866,49.1960317224957,0.889,-1.667,16.012794665434303,0.576,-8.163736466030679,0.144,16.084658611404805,0.233501181006432,0.201489046216011,0.519392430782318,49.5653017649245,126.780255976775,17072026.0,0.0,2522.0,0.0,39863050728.375435,0.0,1.0,0.0,0.0,7.43,25197840.0,1582.002692626647,0.0,0.0
IRQ,Iraq,2002,97.1,40.32651292576489,8.5626717122094,0.0386270917952061,0.644,6.359,5.523246419735997,0.152,11508.701276081423,41.32613211400689,5.779974844,1.96117305755615,74.1578564186036,19.316694601979,0.0,15.0,65.724,1.5219445309502682,0.0,0.0769037000000025,0.288807298247214,46.6719927539111,0.87,-1.601,3.8568496611986007,0.628,6.3162297490151,0.142,17.815115992916702,0.280682176351547,0.246075078845024,0.216244459152222,46.9721057272114,119.762047746987,17656844.0,0.0,2116.0,0.0,33703933786.407017,0.0,1.0,0.0,0.0,7.43,26006559.0,1295.978210204857,0.0,0.0
IRQ,Iraq,2003,97.2,44.59831615866878,8.40560829262466,0.0393059216439724,0.531,6.685,3.52015798228635,-0.566,5155.323999999999,56.14403972266973,13.744928945,1.99308228492737,70.8382337998589,33.6162105992383,0.0,15.0,64.834,1.0265881505014196,0.0,0.2984780000000029,0.275320664273337,53.0047978158982,0.798,-2.393,4.706796484128168,0.682,1.0046743173640102,0.2269999999999999,21.799522355811103,0.659215450286865,0.202165588736534,0.155732080340385,53.2980916080186,154.234525288266,18239780.0,0.0,1344.0,0.0,24117204017.255302,0.0,1.0,0.0,0.0,7.43,26802659.0,899.8063967181504,0.0,0.0
IRQ,Iraq,2004,97.3,44.25741321411242,6.93856130624701,0.040755920112133,0.797,6.729,1.2669271397414337,-1.124,7695.850999999999,56.05199999999999,6.734763571,2.02551054954529,61.835060763852795,26.9619068193272,0.0,13.2675,64.634,1.7613887140014697,0.0,2.081380000000003,0.1130347011084039,64.6550924823725,0.751,-3.18,5.646367584741555,0.682,-3.4454552869103896,0.2989999999999999,31.7220633285599,0.50889927148819,0.418553054332733,0.2392218708992,64.7757532260062,120.233977121676,18813690.0,0.0,2030.0,0.0,47086459511.15777,0.0,1.0,0.0,0.0,7.43,27577878.0,1707.3996596532108,0.0,0.0
IRQ,Iraq,2005,97.4,43.9006551145225,6.88686273542446,0.0444412380456924,0.789,6.606,1.5561771676886167,-0.795,7623.700000000001,67.274,17.106425494,2.05846643447876,63.60843449867549,36.9594809201871,0.0,13.4166666666667,64.899,1.3205273759035077,0.0,5.396470000000001,0.1553631265834409,65.1575951980304,0.803,-2.689,3.91973970945587,0.697,-16.515394084053398,0.26,30.0180595268732,0.492755025625229,0.323453277349472,0.291184544563293,65.3184967985808,115.742540308642,19428259.0,0.0,1833.0,0.0,58591578394.4005,0.0,1.0,0.0,0.0,7.43,28407448.0,2062.5428371601874,0.0,0.0
IRQ,Iraq,2006,97.6,43.3658692425293,5.82603290514173,0.0492417067289352,0.788,7.101,2.263991320379219,-2.198,7856.385,61.040000000000006,18.851155836,2.08105945587158,61.44419192029831,53.230962911428,0.0,14.375,64.029,1.5412175133178998,0.0,32.6573,0.1664394984566299,63.55514026768349,0.803,-2.826,10.7291844480284,0.697,-7.053046888180811,0.261,33.2310996364157,0.434452801942825,0.224499329924583,0.212948024272919,63.726952647567295,89.6505198581778,19619216.0,0.0,1999.0,0.0,73961715576.872,0.0,1.0,0.0,0.0,7.43,28616515.0,2584.5815109517002,0.0,0.0
IRQ,Iraq,2007,98.1,40.2350936661635,4.92949827595085,0.0507604479789734,0.788,6.885,2.4758044608196386,-2.119,7816.3290000000015,53.96000000000001,7.234948443919205,2.10390043258667,60.1077106310903,-10.0674925768978,0.0,18.7833333333333,64.428,1.6310623416974703,0.0031325326975552,49.3851,0.282231021341203,52.9273802567399,0.842,-2.771,9.48798160812789,0.697,3.79616043966188,0.261,35.4162594088609,0.4453457295894619,0.259072691202164,0.0997650101780891,53.2166911072318,74.092853105498,19509712.0,0.0,2143.2118,0.0,85672590763.88478,0.0,1.0,0.0,0.0,7.43,28391607.0,3017.532285646416,0.0,0.0
IRQ,Iraq,2008,97.9,51.1530812837559,3.847780195488261,0.0509385317564011,0.777,5.953,2.682220363348911,-1.588,8261.357999999998,56.399,16.159783584,2.12699198722839,62.78885841966499,12.6628528269228,0.0,19.215,66.465,1.683907099915439,0.0016347112125179,60.5053,0.300021661461576,55.3793146361864,0.8400000000000001,-2.467,-0.981030520867862,0.697,-8.419722881997702,0.266,34.2660921070952,0.373225301504135,0.230022147297859,0.162628099322319,55.6857288439596,81.0555432665835,19948581.0,0.0,2432.928,0.0,125576449122.985,0.0,1.0,0.0,0.0,7.43,28971036.0,4334.551554282871,0.0,0.0
IRQ,Iraq,2009,98.1,26.9261992059114,5.22993319137947,0.0513976626098156,0.782,5.48,3.778730148132531,-1.318,8332.885,46.18,11.086613327,2.15033721923828,51.989792420915,6.8736154721255,0.0,16.1558333333333,67.834,2.61115151003297,0.0040598730439662,66.9264,0.388347267110813,39.1145928006965,0.8400000000000001,-2.1750000000000003,-14.7608579943282,0.697,44.3309717275955,0.266,43.5373054440268,0.608177423477173,0.275604218244553,0.111554645001888,39.5126626033864,78.6873788189898,20732417.0,0.0,2445.855151,0.0,80493152957.39236,0.0,1.0,0.0,0.0,7.43,30058206.0,2677.909418725534,0.0,0.0
IRQ,Iraq,2010,98.4,35.5691425540946,5.16228354680036,0.0511035621166229,0.804,5.409,5.393095630148707,-2.215,8637.549,45.396,17.435530915,2.17393851280212,55.7934951548678,2.8777472527476,0.0,14.3458333333333,68.092,2.269906804519831,0.0046376301070444,74.9368,0.301812816732089,43.2562312170542,0.842,-2.239,-3.692440755112619,0.697,-1.9220945730813508,0.26,39.6860480275684,0.548550546169281,0.250714272260666,0.154509678483009,43.5682899383508,73.4974796202443,21439401.0,0.0,2472.226616,0.0,103054574651.09428,0.0,1.0,0.0,0.0,7.43,31045366.0,3319.483321636288,0.0,0.0
IRQ,Iraq,2011,98.0,42.802617165436,4.56377343749618,0.0509313605725765,0.812,5.299,5.414452039957531,-1.376,9056.08,48.114,17.624919302,2.18642210960388,62.5480287876873,5.801455370852999,0.0,14.1308333333333,68.435,2.821903292860931,0.0120887266276967,79.3466,0.251799618876453,50.92636595010531,0.842,-1.847,5.46124574995946,0.697,-8.467921829147352,0.253,33.4821077639761,0.439618676900864,0.244818523526192,0.15359228849411,51.1945404105542,72.1713282233655,22231656.0,0.0,2773.255205,0.0,157050218214.33704,0.0,1.0,0.0,0.0,7.43,32161424.0,4883.18608698225,0.0,0.0
IRQ,Iraq,2012,99.3,41.5096949357578,4.12427143758484,0.0510147027671337,0.812,5.12,5.907559449938347,-1.629,10059.038,46.986,15.919876063,2.19897723197937,60.576988513607006,6.08909641595043,0.0,13.8675,68.827,2.721776317924519,0.0134283036554794,79.5012,0.222359214768549,49.6110993818029,0.842,-1.934,4.45777829298193,0.697,10.9065508616124,0.253,35.8893880581268,0.502942502498627,0.240068644285202,0.119978450238705,49.8510176490635,73.6086845912812,23296629.0,0.0,3078.502732,0.0,171437744661.33838,0.0,1.0,0.0,0.0,7.43,33654842.0,5093.999391271496,0.0,0.0
IRQ,Iraq,2013,99.0,41.5733722759009,4.7684397158552905,0.0516310445964336,0.836,5.059000000000001,6.335649161599285,-1.932,10554.469999999998,42.187,20.560078466,2.21160459518433,57.69152678908,1.8794980074946892,0.0,13.575,69.047,2.2976348440958105,0.0077684795049643,91.9733,0.236599620839355,45.3313602184612,0.875,-2.011,-5.70218700476498,0.649,13.5878727603533,0.2059999999999999,37.9634247963375,0.46823987364769,0.248608931899071,0.175522953271866,45.579366576846,67.4100184095672,24501383.0,0.0,3099.471233,0.0,165526443629.84085,0.0,1.0,0.0,0.0,7.43,35281989.0,4691.528123027329,0.0,0.0
IRQ,Iraq,2014,99.2,38.193613007339,4.92940777204755,0.0526588372886181,0.838,4.855,6.8142954506219695,-2.825,10151.67,38.152,21.653709967231823,2.22430443763733,55.3075963759279,2.235974079046791,0.0,12.6033333333333,69.679,1.8770638163476203,0.0004557885055094,90.2871,0.245416179697298,46.6038527995508,0.865,-2.48,-5.37406031937847,0.64,18.2890590602934,0.2079999999999999,40.1122330492623,0.496904671192169,0.221753925085068,0.193636417388916,46.8543961454295,68.9824868569036,25463207.0,0.0,3238.630137,0.0,154984025365.88638,0.0,1.0,0.0,0.0,7.43,36550059.0,4240.322166535665,0.0,0.0
IRQ,Iraq,2015,99.4,25.3015647900319,4.19186817517212,0.0532640069723129,0.839,4.737,9.875822388924398,-1.478,10346.328,30.634,24.82776763404165,2.23707699775696,45.340288824262,1.3933302878030904,0.0,12.2925,69.977,2.1752084247609,0.0,89.3464,0.240804420123799,37.2575416723352,0.874,-2.251,-12.197749411467802,0.64,57.625931221869,0.2169999999999999,51.2496561823717,0.575907766819,0.193367600440979,0.20696085691452,37.5037172137922,69.5917685983115,26262523.0,2858670724.1,3985.96989,0.0,100871380611.55634,0.0,1.0,0.0,0.0,7.43,37560535.0,2685.568259652221,0.0,0.0
IRQ,Iraq,2016,99.7,24.6754076740843,3.97718981146129,0.0528289452195168,0.853,5.2,10.076683756849896,-1.888,11603.674,28.024,13.895216067711392,2.24992322921753,46.1825020614016,0.5565213971555103,0.0,12.364068627451,68.683,2.2528688771733307,0.0,86.9439,0.250135507025277,32.9650560560142,0.8779999999999999,-2.303,-13.7477414749434,0.691,26.3997082773689,0.2359999999999999,50.7798718007565,0.605534315109253,0.185225024819374,0.17038357257843,33.2189217237902,54.588320188677,26895031.0,3946683802.4,4422.754086,0.0,92274433947.82204,0.0,1.0,0.0,0.0,7.43,38469627.0,2398.630845779244,0.0,0.0
IRQ,Iraq,2017,99.9,32.3510825397383,2.97672780101335,0.0517417304217815,0.861,4.802,9.549839732879391,-1.437,10916.391,33.569,14.04903930839589,2.26284313201904,51.3296814634291,0.1840588988476899,0.0,12.364068627451,69.788,2.1743987425353204,0.0,84.9465,0.2755088548352,38.9203120843433,0.8679999999999999,-2.296,-0.523455833029009,0.691,26.3997082773689,0.2329999999999999,47.0337230035122,0.553508162498474,0.167619124054909,0.186432600021362,39.2005542312932,59.7809123923157,27494627.0,5012946804.3,4537.939766,0.0,114871249623.25226,0.0,1.0,0.0,0.0,7.43,39337353.0,2920.1570736915687,0.0,0.0
IRQ,Iraq,2018,99.9,40.5941320927818,2.8158176432049196,0.0507253594696522,0.867,4.361,8.580017332662187,-1.532,11134.603,39.324,12.20879562443752,2.27583694458008,54.1699427538136,0.3674414889368496,0.0,12.364068627451,71.116,2.03197771830623,0.0,90.716,0.378532047680893,45.7658631354446,0.854,-2.521,8.98930476548724,0.69,26.3997082773689,0.252,44.1911800508283,0.490109860897064,0.169872790575027,0.160280421376228,46.1477869076682,65.8017917701083,28136215.0,4740629889.5,4631.920481,0.0,150607043922.01022,0.0,1.0,0.0,0.0,7.43,40265624.0,3740.338009464605,0.0,0.0
IRQ,Iraq,2019,100.0,37.5375169655355,3.77000825306199,0.0501996763050556,0.859,4.36,8.808960328168467,-1.575,11434.955999999998,36.113,13.951254568423236,2.28890585899353,53.1094032824868,-0.1989653800239281,0.0,12.364068627451,71.245,2.137531496495381,0.0,90.3685,0.374622752289475,40.2312783051026,0.879,-2.609,1.81096813880466,0.69,26.3997082773689,0.2249999999999999,44.4241091757329,0.482654333114624,0.212506845593452,0.204958841204643,40.609902398822,68.9899384202806,28780286.0,4018571347.5999994,4779.452102,0.0,137441594309.86526,0.0,1.0,0.0,0.0,7.43,41192171.0,3336.5950609853817,0.0,0.0
KAZ,Kazakhstan,1995,99.9,15.0149015757669,12.3293860124829,0.0349456928670406,0.667,10.311,50.462353610705875,0.154,8655.263,16.861,9.523991667,2.79071736335754,29.9976927400191,176.15529894237,1.0,58.894826061513086,63.717,14.6070164367623,0.557628766361471,0.0279901989999942,0.512015620779939,5.82930724272583,0.743,-0.367,-1.691098720003814,0.824,16.938960784643506,0.231,53.9618316094617,0.586834371089935,0.391590565443039,0.131323739886284,8.00915843020148,82.522407044045,9495073.0,432301025.1,30254.246826125094,0.0,11553828273.20792,0.0,1.0,0.0,0.0,8.91,16730536.0,690.5832708054255,0.0,2.0
KAZ,Kazakhstan,1996,99.1921157836914,19.2479418377735,12.1521551443733,0.0344694070518017,0.665,10.522,46.685222008937075,0.536,8808.222,13.223,7.211700354000001,2.83706879615784,25.5877645603598,39.182542365411095,1.0,55.65047306429294,63.455,13.2472781029019,0.473049635145677,0.0606903459999941,0.42354948713628,8.61228017412449,0.8299999999999998,-0.367,0.1005222059399139,0.824,37.43238092478036,0.185,58.0423502826806,0.576210200786591,0.331924438476563,0.0928250104188919,10.3991875099853,71.2735732877076,9295287.0,551601467.0,30330.9589514251,0.0,12525817523.968103,0.0,1.0,0.0,0.0,8.91,16416027.0,763.0236916623068,0.0,2.0
KAZ,Kazakhstan,1997,99.2694702148438,16.2847660362389,11.4067790275051,0.03412014991045,0.665,10.696,41.08406843665933,0.315,9130.419,13.471,7.578593376000001,2.88419008255005,25.6063822311795,17.4080410607357,1.0,53.39262004403203,63.318,13.3363454370665,0.363905710829326,0.0708071690000053,0.623717397764218,7.15860668434788,0.8299999999999998,-0.0865,0.1391772003728082,0.824,36.7359952666727,0.182,58.8697434578692,0.630749344825745,0.288281202316284,0.107287526130676,8.7953814576426,72.3595506961877,9062629.0,511310415.2,31098.39857981579,0.0,12582778766.914627,0.0,1.0,0.0,0.0,8.91,16043251.0,784.3035533704875,0.0,2.0
KAZ,Kazakhstan,1998,99.3427505493164,15.3600915928763,8.56579510270654,0.033928208053112,0.665,10.809,32.27300715500389,0.22,9096.427999999998,18.188,7.177636004,2.93209409713745,29.3146310413852,7.14632665452332,1.0,35.961547945408306,63.349,12.0199034941889,0.530221554675168,0.1919317080000055,0.0735055918357742,2.25218755062942,0.8299999999999998,0.194,-1.2016713172350344,0.824,22.88368516359607,0.182,56.7366358317705,0.665099263191223,0.237141847610474,0.1142223700881,3.40142076798264,65.2041827454395,8817977.0,652850021.2,31400.13823746113,0.0,9182304526.83433,0.0,1.0,0.0,0.0,8.91,15647785.0,586.8117773112507,0.0,2.0
KAZ,Kazakhstan,1999,97.0,14.1712088678246,9.88634864043421,0.0337903089821339,0.686,10.692,33.015728599466165,-0.031,9375.697,17.538,7.09059411,2.98079371452332,32.9666653326432,8.29602765342571,1.0,35.38566353903305,63.528,14.0916517754439,0.610818836269507,0.3244570830000057,0.0799213839146512,10.6811071898123,0.8299999999999998,0.142,2.0794980451090948,0.824,19.74719666708589,0.1769999999999999,52.4423266698118,0.697446823120117,0.24362351000309,0.134864062070847,11.688309587382,82.579151355772,8687786.0,931659169.5,30975.3085699251,0.0,11673612659.226677,0.0,1.0,0.0,0.0,8.91,15455874.0,755.2864793816692,0.0,2.0
KAZ,Kazakhstan,2000,99.6,22.5769886078205,8.11078388505165,0.0338938310742378,0.686,10.622,39.96669128123489,0.043,10306.975,21.855,7.452143842,3.03030228614807,37.7758296698614,13.1808905865731,1.0,19.330392262020418,63.793,16.4980359256673,0.862769121792731,1.2728100000000069,0.958298497963215,24.7022127271689,0.8299999999999998,0.09,4.033157366130245,0.824,9.984881463023214,0.189,48.3815387474664,0.618165373802185,0.227071642875671,0.138156220316887,27.3190672987164,105.699692634521,8684332.0,447749674.2,30014.60912565384,0.0,18831436936.78374,0.0,1.0,0.0,0.0,8.91,15501103.0,1214.8449653410948,0.0,2.0
KAZ,Kazakhstan,2001,99.7,26.0992975898785,8.72483186377084,0.034397978335619,0.686,10.528,47.311465736542694,0.0209999999999999,11718.274,25.654,8.103140633,3.08271479606628,36.1418298622593,8.35413777161341,1.0,20.222653918824147,64.108,16.4450901932272,0.44839503336108,3.736629999999991,1.9081610368391897,16.8769158317887,0.8299999999999998,0.2244999999999999,3.589305041294633,0.833,9.805358208788434,0.189,49.371713157718,0.595914304256439,0.223462358117104,0.180455535650253,20.9616871018262,92.8490685069707,8688255.0,431879752.3,29320.830260178744,0.0,18306790251.28371,0.0,1.0,0.0,0.0,8.91,15575550.0,1175.354337489444,0.0,2.0
KAZ,Kazakhstan,2002,99.8,31.5156271286267,7.99590909279888,0.0350244827568531,0.686,10.447,41.50265631716909,-0.055,12866.025,22.451,7.929887362999999,3.1360342502594,35.8109321050125,5.836924521056461,1.0,15.120764197880384,64.441,14.4961308853034,1.87938161856025,6.5595,1.6849421193502598,18.663679662835996,0.845,0.3589999999999999,3.664806012000806,0.833,5.970900056457042,0.185,50.4711505164094,0.578088462352753,0.181701958179474,0.197727426886559,23.0852806844263,94.03168564978,8690175.0,467203902.8000001,31363.793808592793,0.0,20085946600.5413,0.0,1.0,0.0,0.0,8.91,15656677.0,1282.8997239031821,0.0,2.0
KAZ,Kazakhstan,2003,99.9,30.0860426681793,7.86220602699238,0.035638865083456,0.686,10.395,31.23316413534816,-0.075,14015.368,25.351,7.835569502,3.1902756690979,35.0752659061292,6.43821810118941,1.0,16.158068386570047,64.753,14.2177474367653,1.51678511083951,8.45049000000001,1.55520091837354,19.0561886830313,0.845,0.356,3.68526686811058,0.833,6.77444232662183,0.173,51.8220273209182,0.574252128601074,0.168641731142998,0.191726759076118,22.8777662165405,91.4633324250457,8694369.0,510658896.9,34323.35212109717,0.0,25290541987.879696,0.0,1.0,0.0,0.0,8.91,15747380.0,1606.0158571063691,0.0,2.0
KAZ,Kazakhstan,2004,100.0,29.2611586263269,7.12295798751998,0.0366986691951752,0.689,10.345,28.562999778116808,-0.137,15254.277,24.55,8.757822703,3.24545550346375,35.3518419501918,6.88205438981896,1.0,15.406835872037922,65.04,13.3141536472172,3.13867011268656,15.438299999999998,0.904874674279211,21.3287460118204,0.845,0.07,2.73965686003216,0.833,5.880395502273127,0.186,53.3800989868324,0.571721017360687,0.154831364750862,0.199123784899712,28.254058031754397,96.4091997009336,8704922.0,533697432.3,37468.0779884413,0.0,38247874269.990524,0.0,1.0,0.0,0.0,8.91,15850159.0,2413.090888866826,0.0,2.0
KAZ,Kazakhstan,2005,100.0,31.5202924520393,6.36952301555866,0.0384796261787415,0.693,10.248,24.00524796810306,-0.13,16586.113,28.084,10.256351786772257,3.30158948898315,37.6280181516768,7.57999929125767,1.0,17.818309295236322,65.356,12.0413930742043,3.05254518431045,33.8049,0.707456812413737,24.6119449899113,0.845,0.191,5.59859381305205,0.833,3.2051678136840405,0.178,52.0218847182371,0.540754675865173,0.142252892255783,0.233126297593117,30.281758447040296,97.7625030243024,8726286.0,491173739.4,40624.416694785425,0.0,50137424823.93953,0.0,1.0,0.0,0.0,8.91,15968117.0,3139.8457829398126,0.0,2.0
KAZ,Kazakhstan,2006,99.8,35.1176258876213,5.49583486199441,0.0405742563307285,0.662,10.124,28.678409171980885,0.022,18167.643,27.452,12.00467652668918,3.28716969490051,39.3564557485124,8.72169386091742,1.0,13.36749730969927,65.722,11.6324580776122,5.02314713160832,48.2854,1.05583158575305,21.1400400879889,0.845,0.208,7.1954082555970995,0.833,2.208384345310355,0.1769999999999999,51.624997728548,0.507631719112396,0.138066574931145,0.247817173600197,28.7904563121509,91.4535267973373,8762632.0,516992432.2,44683.335079465585,0.0,62818837107.77085,0.0,1.0,0.0,0.0,8.91,16103716.0,3900.890770041576,0.0,2.0
KAZ,Kazakhstan,2007,100.0,33.5303300291031,5.66029151907027,0.0426031947135925,0.668,9.939,31.594543264635085,-0.163,19559.635,28.839,12.927768019305429,3.27281308174133,37.7308974758662,10.8468362075556,1.0,17.499755939891966,66.18,11.4916052350723,5.37625436616646,75.7982,0.885350833081291,18.7183777371544,0.8500000000000001,0.6480000000000001,4.18266435827376,0.833,8.772572602981073,0.171,54.2303277391062,0.492464542388916,0.148756489157677,0.259358614683151,26.491531190732395,92.1616330969975,8817038.0,543058555.6,50199.00745681781,0.0,71774563926.85,0.0,1.0,0.0,0.0,8.91,16257214.0,4414.93628163165,0.0,2.0
KAZ,Kazakhstan,2008,100.0,35.1959540801304,5.315803246552189,0.0447260513901711,0.678,9.676,21.122753720964777,-0.368,19960.475,28.295,12.637380283680493,3.25851893424988,40.2502455752721,17.139899777207,1.0,14.683182964097256,66.759,11.7738896985166,3.88478128586208,90.7713,1.6533303013548597,22.9379468470309,0.848,0.627,1.5400513406224705,0.833,4.671051279420828,0.173,52.104868253495,0.467492818832397,0.146104574203491,0.196738973259926,33.2480252476327,94.2948046483658,8891477.0,529319285.8,51869.821161044536,0.0,99719623047.13988,0.0,1.0,0.0,0.0,8.91,16426525.0,6070.646289896365,0.0,2.0
KAZ,Kazakhstan,2009,100.0,32.962691771431,6.14688498650048,0.0465599671006203,0.678,9.294,29.52669858112421,-0.616,19674.218,22.142,12.38975983556076,3.24428749084473,38.4314808509372,7.31607858288579,1.0,14.709338218584644,67.46,10.8721535671572,2.82881615364697,102.668,1.49618947932301,15.4811753728879,0.848,0.7770000000000001,-1.4165266722566,0.833,8.360790976930936,0.173,53.9952116833093,0.493159025907517,0.171603292226791,0.203859314322472,21.5858584721869,75.7660674636533,8994115.0,538742266.7,51413.55437315384,0.0,66464551765.64482,0.0,1.0,0.0,0.0,8.91,16619846.0,3999.1075588573335,0.0,2.0
KAZ,Kazakhstan,2010,100.0,34.9653401382829,4.51052752955614,0.0482542142271996,0.678,8.926,29.23185612792387,-0.713,20813.918,23.943,11.968114217108948,3.23011779785156,40.6024221199984,7.40046356341397,1.0,15.136464586831488,68.257,11.3213182158369,3.89618903524003,115.239,1.00856330578242,14.3876480168855,0.848,0.5230000000000001,1.81586514922768,0.833,9.122911040018254,0.173,51.6800394874896,0.478331416845322,0.170768857002258,0.173253759741783,21.7441441579602,74.1382658957842,9126462.0,529236808.9,55815.33101527935,0.0,88388573791.53174,0.0,1.0,0.0,0.0,8.91,16836810.0,5249.722114315701,0.0,2.0
KAZ,Kazakhstan,2011,99.8,38.3096750093118,4.9889741557576,0.049719974398613,0.687,8.55,21.397675123267685,-0.431,22057.084,27.045,11.522120265293715,3.26728224754334,37.2660880953566,8.452904661768,1.0,17.3330402079282,69.108,11.0865742214899,3.72439960919774,147.901,1.21331613739192,18.3529532976804,0.848,-0.339,5.70778335232848,0.833,14.116015961095949,0.175,48.8890328062873,0.439062297344208,0.174270510673523,0.152421414852142,25.768820541937096,73.1178570509129,9283838.0,527601017.9,60114.742105404854,0.0,119307621538.32031,0.0,1.0,0.0,0.0,8.91,17066002.0,6990.953214368562,0.0,2.0
KAZ,Kazakhstan,2012,100.0,34.4057740343986,4.28833015629833,0.0509535223245621,0.691,8.198,29.03909026810868,-0.239,22836.145,26.343,12.08102159,3.30487442016602,36.3028533254093,5.19568369035063,1.0,17.781757536161393,69.939,11.0807990431371,3.49247252521626,174.709,1.20333132239427,16.1210271615703,0.848,-0.408,3.78287215046429,0.833,13.195208990274631,0.171,51.3898529954355,0.465929269790649,0.18944251537323,0.164934024214745,21.9826967680593,73.7237324891671,9465070.0,528168008.4,60807.89322618623,0.0,113955590246.4046,0.0,1.0,0.0,0.0,8.91,17306106.0,6584.704279888532,0.0,2.0
KAZ,Kazakhstan,2013,100.0,32.4347397726876,4.50354556962711,0.0524426884949207,0.681,7.88,29.150761412857808,-0.57,23837.707,24.754,12.024035826,3.34289908409119,33.6988156382046,5.94283871648418,1.0,17.92293710826606,70.719,10.6349738343331,3.04684100006285,172.95500000000004,1.0538090594977,13.575329365067,0.848,-0.402,4.41827694655141,0.716,10.470322111944704,0.173,53.1795606876032,0.472821444272995,0.185133129358292,0.177063375711441,18.2187488150502,65.4076093299538,9669766.0,529226213.6,64985.54132490688,0.0,110509671259.376,0.0,1.0,0.0,0.0,8.91,17556502.0,6294.51534590296,0.0,2.0
KAZ,Kazakhstan,2014,100.0,33.5846111099799,4.32955246164473,0.0539521239697933,0.681,7.615,29.393800053077182,-0.083,24499.278,23.742,12.047113314,3.38136124610901,33.2094258316125,6.84944977003349,1.0,17.887030698721347,71.415,10.3182436278483,2.47636119751539,160.503,0.80881514404493,13.4439854013249,0.848,0.036,2.01398151371622,0.737,10.673483281419474,0.173,54.8385964696408,0.468826025724411,0.218809396028519,0.169961646199226,17.2500802611251,64.9720346513507,9897380.0,497887642.3,67743.87455495141,0.0,98624644640.36684,0.0,1.0,0.0,0.0,8.91,17816285.0,5535.645879057662,0.0,2.0
KAZ,Kazakhstan,2015,100.0,29.5022633615499,4.71054741881579,0.0552786737680435,0.677,7.388,37.7291069327007,-0.501,24385.32,16.611,12.404242888,3.42026591300964,30.8547873936113,6.67828585615244,1.0,10.481590019995984,72.024,10.2754093827734,1.33376288147232,145.482,0.789640342060327,6.77396398337604,0.848,-0.038,-5.88745417786007,0.737,1.2713747400593851,0.1769999999999999,59.297627869996,0.516850888729096,0.228047728538513,0.181360930204391,9.32876500546085,53.0497288072652,10147137.0,476211856.0,67921.04113175142,0.0,56680471240.16956,0.0,1.0,0.0,0.0,8.91,18084169.0,3134.2590992248283,0.0,2.0
KAZ,Kazakhstan,2016,100.0,26.497363324599,4.55600427070659,0.0563611276447773,0.654,7.208,33.0302298204432,-0.347,24257.322,17.008,12.637358256,3.43712115287781,31.9797903606788,14.3610942386248,1.0,10.453741964385404,72.549,11.3301396708405,2.7206388306359903,139.051,0.670873241173054,6.9499320090465,0.848,0.001,-4.27895074166057,0.813,5.456264171030362,0.175,57.857435042574,0.534326434135437,0.244929477572441,0.177652254700661,11.0336820575133,60.3115965864153,10420907.0,461984986.5,68034.42612135143,0.0,48447800585.0411,0.0,1.0,0.0,0.0,8.91,18363600.0,2638.2517907731108,0.0,2.0
KAZ,Kazakhstan,2017,100.0,29.100198957277,4.51698454026741,0.0574717968702316,0.636,7.063,29.1875977429896,-0.473,24862.969,19.822,12.685917004,3.45405912399292,32.3252253010728,7.44266321306792,1.0,18.317842341010653,72.996,11.2801569362864,3.5307844520862,143.113,0.86064865819105,9.66346231175396,0.8600000000000001,0.0239999999999999,-5.22917152568851,0.75,16.045616054477264,0.179,57.304415099355,0.508321821689606,0.243414506316185,0.163869768381119,14.897596398127,56.825387935971,10717147.0,489409425.8,70179.34709346396,0.0,65015052648.40374,0.0,1.0,0.0,0.0,8.91,18651931.0,3485.700898657825,0.0,2.0
KAZ,Kazakhstan,2018,100.0,31.6895877232871,4.395858102876361,0.0587595552206039,0.636,6.97,25.9325339763811,-0.319,25544.24,21.426,12.897936966552065,3.4710807800293,33.4962004017876,6.163662475777569,1.0,15.13515458057625,73.369,11.4286227484553,3.37110742964987,137.675,1.38519233067748,15.0881830400628,0.862,-0.0529999999999999,1.78638824294372,0.81,7.528060340496007,0.1769999999999999,55.454732268099,0.538197696208954,0.159006610512733,0.188994139432907,20.7829646926253,63.5279565118188,11026194.0,477951085.9,71728.87579555465,0.0,83510291781.38628,0.0,1.0,0.0,0.0,8.91,18932727.0,4410.89610500306,0.0,2.0
KAZ,Kazakhstan,2019,100.0,30.4914713767483,4.46633595812751,0.0603355690836906,0.642,6.911,24.266478602371105,-0.23,26351.775,19.679,13.842405524736288,3.45479321479797,33.028795913527,5.33356098916675,1.0,14.32974971246728,73.658,11.466364067234,3.00499256400792,133.88,0.925016309467418,13.3329218324239,0.851,-0.168,-0.764739773098562,0.867,5.854387135397599,0.193,55.5282559332057,0.52303808927536,0.188985228538513,0.202848315238953,17.9259738525419,64.8586165517565,11349629.0,475213542.8,69734.38288351416,0.0,72032215037.97116,0.0,1.0,0.0,0.0,8.91,19209555.0,3749.8117493076315,0.0,2.0
KEN,Kenya,1995,5.427343368530273,24.6917257705023,26.3496195621312,0.0384760163724422,0.703,10.292,25.8141177808766,-0.335,3648.398999999999,17.099,8.790621266,1.81758558750153,13.556517932674302,1.5543281605500905,0.0,28.7958333333333,55.856,8.36344720268473,0.0026290523880369,0.0084789439999966,0.0,0.0,0.862,-0.656,3.4947855607335105,0.472,15.8016483365158,0.2289999999999999,39.610743885759035,0.811654210090637,0.100033201277256,0.0839119702577591,7.28624749698591,71.7457416403035,4943340.0,373788318.8,0.004151,0.0,2012292.0,0.0,0.0,0.0,1.0,1.26,26601751.0,0.07564509569313689,0.0,1.0
KEN,Kenya,1996,7.378530502319336,16.7957322388206,27.4925217805866,0.040113028138876,0.703,10.376,21.6816261093782,-0.462,3695.875,14.728,8.625639379723314,1.84064602851868,16.3920534652717,8.86408741577522,0.0,33.7866666666667,55.575,11.8594821496574,0.0089431420876086,0.0102332960000026,0.0,0.0,0.862,-0.656,2.46078290707735,0.472,-5.776588540116959,0.2289999999999999,51.117802256197294,0.806698560714722,0.0880805850028992,0.0913051292300224,5.49076257603273,57.3121107038102,5102731.0,337223196.1,0.000492,0.0,6396000.0,0.0,0.0,0.0,1.0,1.26,27344211.0,0.23390691360595484,0.0,1.0
KEN,Kenya,1997,9.32631778717041,16.4871935336911,27.693937399472706,0.0411526039242744,0.703,10.383,24.3551778303105,-0.332,3614.852999999999,14.645,8.867370445756784,1.86399912834167,15.926383171516,11.3618450505783,0.0,30.245,55.478,11.5682845804238,0.0073303058127075,0.0238574850000006,0.0,0.0,0.862,-0.782,1.51515748108284,0.472,16.8795684948995,0.2289999999999999,49.66565343140339,0.795370817184448,0.0886265411973,0.0960894748568535,4.73298218305284,54.0571168602893,5271216.0,250423490.9,0.00044,0.0,4796000.0,0.0,0.0,0.0,1.0,1.26,28101768.0,0.17066541863131174,0.0,1.0
KEN,Kenya,1998,14.5,16.4098367571793,27.744913600973803,0.0421266332268715,0.713,10.31,23.963416784182396,-0.453,3615.543,15.315,9.305018963,1.88764846324921,15.542163321886198,6.72243650753928,0.0,29.49,55.568,10.9299604775788,0.0047944589212188,0.0369147899999902,0.0,0.0,0.862,-0.908,1.93355136523144,0.472,21.0963260259133,0.24,47.62054441404413,0.795630991458893,0.0897979587316513,0.112859636545181,4.53439348314472,48.8972419400753,5454028.000000004,196459614.5,0.000388,0.0,3682120.0,0.0,0.0,0.0,1.0,1.26,28888057.0,0.1274616704058705,0.0,1.0
KEN,Kenya,1999,13.208891868591294,18.7376291605058,28.744079613055803,0.042948704212904,0.707,10.109,26.5694419300027,-0.358,3579.1859999999997,14.525,9.160454668,1.91159796714783,14.915302558375,5.74200109520484,0.0,22.38,55.866,10.144580113851,0.009555594534679,0.0792821550000013,0.0,0.0,0.862,-0.988,2.83976876988094,0.472,17.4540487833673,0.24,46.60910861622593,0.812012135982513,0.088656485080719,0.103622011840343,3.2687072040192806,48.1922749889095,5657926.0,182248736.0,0.00099,0.0,8721900.0,0.0,0.0,0.0,1.0,1.26,29733408.0,0.29333670731589195,0.0,1.0
KEN,Kenya,2000,15.200000000000005,13.0134513783101,28.7217806412905,0.0434825755655766,0.687,9.942,25.7583827680558,-0.461,3494.2039999999997,14.475,9.855457785,1.93585121631622,15.0158560285564,9.98002515350979,0.0,22.3391666666667,56.084,10.3155807456118,0.0200362817544637,0.4157700000000091,0.0,0.0,0.846,-1.068,2.45886101022608,0.472,15.3274334465867,0.283,46.97778699166306,0.794754326343536,0.0887907072901726,0.118018344044685,3.3139675485876605,53.3090443862273,5961692.0,174880488.89999998,0.001243,0.0,10602789.999999998,0.0,0.0,0.0,1.0,1.26,30642890.0,0.34601142385721445,0.0,1.0
KEN,Kenya,2001,16.999999999999993,9.88896863980188,27.849260111289603,0.0440446324646473,0.687,9.709,25.222686695122896,-0.425,3537.308000000001,14.412000000000004,10.503482693,1.95771253108978,15.3096240912508,5.73859814341467,0.0,19.6658333333333,56.501,9.77993983656482,0.024045305689377,1.8975799999999907,0.0,0.0,0.846,-1.128,1.45255712824589,0.472,17.8125009681691,0.283,48.66646858808501,0.787397503852844,0.0872515067458153,0.128123447299004,3.14162066789234,55.9468360286644,6463474.0,145325743.70000005,0.001545,0.0,12452699.999999998,0.0,0.0,0.0,1.0,1.26,31619170.0,0.39383386723939934,0.0,1.0
KEN,Kenya,2002,18.9,8.61274224377454,25.8539676039456,0.0444780513644218,0.686,9.535,25.854601834826695,-0.663,3462.907999999999,14.356,9.816123818,1.979820728302,15.4535611803669,1.96130821739162,0.0,18.4533333333333,56.759,9.82360946248357,0.0291619455198214,3.638150000000003,0.0,0.0,0.842,-1.188,0.8541388976045191,0.496,17.3581406445427,0.338,48.70387499203888,0.819623172283173,0.0942135155200958,0.108725495636463,3.73954391156623,55.1726722640053,7132438.0,138136748.60000002,0.001477,0.0,13381620.0,0.0,0.0,0.0,1.0,1.26,32629808.0,0.4101041599754433,0.0,1.0
KEN,Kenya,2003,16.000000000000007,9.58150509724652,25.804439370832895,0.0446395315229893,0.64,9.203,25.1556752227903,-0.407,3464.7610000000022,15.286,8.736375635014797,2.00217866897583,15.6231500412624,9.81569062979654,0.0,16.5733333333333,57.369,9.70902523630876,0.0132501544648396,4.72713000000001,0.0,0.0,0.812,-1.264,1.1548296736856902,0.496,9.77051092711813,0.39,48.740457609469786,0.809574246406555,0.101649299263954,0.116513758897781,5.08542139634021,54.132265895729,7929773.0,167284558.70000005,0.0015429999999999,0.0,16047199.99999896,0.0,0.0,0.0,1.0,1.26,33652223.0,0.47685408479549657,0.0,1.0
KEN,Kenya,2004,22.6,12.0674988194594,24.929041087505706,0.0448653250932694,0.64,8.893,27.2875160327278,-0.548,3526.1800000000003,15.95,8.832786481,2.02478885650635,16.2050773387406,11.6240355442426,0.0,12.5316666666667,57.947,10.0007925739742,0.0044433759057835,7.334780000000002,0.0,0.0,0.805,-1.087,1.98444616701051,0.496,5.04525759665487,0.382,49.17644539646388,0.775816440582275,0.0991029143333435,0.118761211633682,4.12367812938474,59.4770033484289,8822339.0,160065634.70000005,0.000567,0.0,6463800.0,0.0,0.0,0.0,1.0,1.26,34713455.0,0.18620445588029194,0.0,1.0
KEN,Kenya,2005,24.5,13.877282935908,24.2362747002419,0.0460493229329586,0.64,8.6,26.2768754700489,-0.509,3626.716,16.056,10.658076785,2.04765462875366,17.0126260396617,10.3127783574683,0.0,12.8825,58.51,10.5360857511169,0.0064136034506916,12.883899999999995,0.0,0.0,0.777,-1.251,1.4665876459022402,0.496,7.6099875458817,0.416,51.91958906148999,0.785750448703766,0.098543755710125,0.127127677202225,4.07693603995981,64.4788661639796,9761227.0,211650589.4,0.000616,0.0,7330400.000000001,0.0,0.0,0.0,1.0,1.26,35796484.0,0.2047798884382053,0.0,1.0
KEN,Kenya,2006,26.4,16.1049418465041,20.5196878049409,0.0484834536910057,0.64,8.323,22.888310996038804,-0.361,3739.463,16.878,11.97816479742416,2.07077860832214,19.3841059353688,14.4537342081708,0.0,13.6355339080567,59.059,12.6893553901337,0.0091212202141863,19.890299999999996,0.0,0.0,0.777,-1.127,1.31669734426763,0.496,-8.00986697136364,0.416,50.3566785049309,0.77043479681015,0.0938611924648285,0.141414523124695,2.95041850869952,55.2364851257303,10695917.0,208916028.0,0.000432,0.0,6825599.999999999,0.0,0.0,0.0,1.0,1.26,36904008.0,0.18495552027844778,0.0,1.0
KEN,Kenya,2007,28.299999999999997,16.7374095318056,20.5866644602991,0.0511237010359764,0.639,8.142,23.0449642815856,-0.395,3883.720999999999,17.122,11.442340837412678,2.09416365623474,19.3021680815154,9.75888023027529,0.0,13.340343675809,59.407,12.7904398588978,0.0588658649507867,29.838300000000004,0.0,0.0,0.763,-1.305,0.678560419746359,0.496,4.8190907881851,0.415,50.2276478618764,0.763656258583069,0.0968489870429039,0.144276022911072,3.633898494430881,53.8947888046059,11568902.0,327348787.5,0.003023,0.0,53507100.0,0.0,0.0,0.0,1.0,1.26,38036349.0,1.4067359619610178,0.0,1.0
KEN,Kenya,2008,30.299999999999997,15.4184553069142,22.1963401579826,0.0534194484353066,0.637,7.886,25.380611749054,-0.292,3786.671999999998,16.964,12.955584672,2.1178126335144,18.5827717274425,26.2398166445063,0.0,14.0169393773033,59.955,12.0957706183263,0.0079188053109711,41.584,0.0,0.0,0.74,-1.394,-0.369307847627735,0.496,-0.9849969722943328,0.428,50.1247655109144,0.738107264041901,0.10420049726963,0.164768815040588,3.638868733954141,57.5785986473131,12319823.0,308716316.1,0.00034,0.0,7242000.000000001,0.0,0.0,0.0,1.0,1.26,39206351.0,0.18471497130656206,0.0,1.0
KEN,Kenya,2009,23.0,7.584531623133699,16.2549814662286,0.0551680698990822,0.637,7.631,21.874821577017695,-0.254,3808.1309999999994,17.15,13.830744581999998,2.14172887802124,18.386624667775,9.23412592394652,0.0,14.8045412422178,60.483,11.4929531371255,0.0245265465131725,47.9215,0.0,0.0,0.74,-1.426,-1.5741333982592,0.496,-10.0960035655484,0.432,58.4144115871026,0.751603126525879,0.103827640414238,0.156886532902718,3.2457237351873403,45.9451918127805,12874397.0,857631720.8,0.001055,0.0,25109000.0,0.0,0.0,0.0,1.0,1.26,40408891.0,0.6213731527549222,0.0,1.0
KEN,Kenya,2010,19.200000000000003,8.10831044895426,17.5677598863696,0.0566828660666943,0.627,7.424,23.9866365463318,-0.444,4019.063000000002,17.87,14.491967368,2.16591501235962,18.5746727706851,3.96138889115385,0.0,14.3715,60.915,11.160375024669,0.0667009022992328,60.0234,0.0,0.0166382187818552,0.657,-1.166,-1.98413957232296,0.547,12.526958492458,0.589,56.99824606755,0.746662139892578,0.106099650263786,0.17031741142273,2.67307931109746,50.3942873502834,13258015.999999998,816750541.4,0.002355,0.0,69472500.0,0.0,0.0,0.0,1.0,1.26,41598567.0,1.6700695483092,0.0,1.0
KEN,Kenya,2011,36.2,7.296000377061141,18.8947112249953,0.0579415187239647,0.627,7.275,27.3659528452877,-0.605,4128.619999999999,16.48,14.273459743,2.18529486656189,19.6629008334867,14.0224913014704,0.0,15.0467599904394,61.283,12.0477672867887,0.0743308223348879,65.673,0.0,0.0288123870707703,0.642,-1.245,-1.93063607164151,0.547,4.52618583226898,0.593,55.2138923736953,0.763494312763214,0.107284404337406,0.172887995839119,2.9431872828814996,58.4022059745625,13626008.0,1099534524.6,0.0016359999999999,0.0,59877599.99999634,0.0,0.0,0.0,1.0,1.26,42758461.0,1.4003684557308165,0.0,1.0
KEN,Kenya,2012,38.1,7.302957984800152,18.8297259329446,0.0588401295244694,0.627,7.208,26.4022341140294,-0.448,4221.067000000001,16.81,15.482727087,2.20484805107117,19.26155255789,9.37777003547598,0.0,19.7234066533954,61.537,11.0833402731294,0.1313763340816469,70.0227,0.0,0.0230878177338187,0.627,-1.323,-3.52918570585597,0.547,9.31351134458288,0.596,55.6497106996552,0.752690553665161,0.101261019706726,0.176256626844406,2.9088832085553396,51.6236920232481,13980976.0,1292972530.6,0.0036,0.0,137520000.0,0.0,0.0,0.0,1.0,1.26,43888303.0,3.133408917633475,0.0,1.0
KEN,Kenya,2013,40.1,5.674413575832922,18.6165515854622,0.0593027137219906,0.561,7.175,28.3321722043471,-0.441,4275.546,17.985,14.937012559,2.22457599639893,19.0802591143975,5.71749357037733,0.0,17.3134576914047,61.729,10.9090166252394,0.0441884117434056,70.7541,0.0,0.0251947780243648,0.597,-1.1670000000000005,-3.2263755661534694,0.576,9.29394635969954,0.603,56.0807083434218,0.765024542808533,0.103395961225033,0.178003549575806,2.669402007068721,47.4646425127304,14320396.0,1470879636.7,0.0021,0.0,66780000.0,0.0,0.0,0.0,1.0,1.26,44986791.0,1.4844357313683476,0.0,1.0
KEN,Kenya,2014,36.0,6.839825651260881,18.3478393393556,0.0598047338426113,0.551,7.149,34.5220651778387,-0.648,4384.282999999999,17.672,16.286075849,2.2444806098938,19.0360328023672,6.87815499275949,0.0,16.5139307062948,61.99,10.0650334327975,0.0031044559761889,73.0327,0.0,0.0225273671136454,0.597,-1.282,-3.4256265262861896,0.576,8.24907899217324,0.606,56.9548463607011,0.743458271026611,0.106750883162022,0.198886498808861,2.6431094360270695,46.170489362216,14641204.999999998,1327897899.8,0.0002,0.0,5620000.0,0.0,0.0,0.0,1.0,1.26,46051440.0,0.12203744334596268,0.0,1.0
KEN,Kenya,2015,41.6,7.550180064709771,19.4696147780528,0.0602319277822971,0.551,7.14,36.6993293508397,-0.475,4506.427,17.145,16.425996991,2.26456332206726,18.8940456983605,6.58215429284779,0.0,16.086613785739,62.279,9.97517981812866,0.0015277573404898,80.0958,0.0,0.007663308025184,0.597,-1.241,-4.2152294656745,0.576,6.26880578270384,0.606,56.1313780292221,0.745376229286194,0.122481718659401,0.18296305835247,2.70967011611946,40.3273846919019,14942980.0,1204763864.6,0.0003,0.0,7709999.999999999,0.0,0.0,0.0,1.0,1.26,47088526.0,0.16373415468558092,0.0,1.0
KEN,Kenya,2016,53.1,14.1464370177782,20.0345164328349,0.0595284290611744,0.541,7.169,35.5710732134397,-0.498,4590.294,17.891,14.095617794,2.28482580184937,18.1621592865164,6.29724953814625,0.0,16.5596306460545,62.526,9.32149110147083,0.0021978668518871,80.9772,0.0,0.0065870720582816,0.593,-1.354,-4.66119010480098,0.576,10.1181287134987,0.6,56.4465087468317,0.752693355083466,0.126361474394798,0.165285557508469,2.65839831359762,34.8650195731824,15236332.0,1103364324.7,0.0002,0.0,5460000.0,0.0,0.0,0.0,1.0,1.26,48139687.0,0.1134199314590475,0.0,1.0
KEN,Kenya,2017,55.8,13.5344567931298,20.8936374065292,0.058103758841753,0.547,7.126,33.1505993031106,-0.64,4649.975,17.802,14.455061288,2.30526947975159,17.5035092078691,8.00564967709945,0.0,13.6675725164372,62.725,8.7391417305051,0.0051069961598361,87.0265,0.0,0.0,0.595,-1.128,-4.19947518289468,0.576,5.65674761585907,0.611,55.8541060679002,0.752685010433197,0.12844555079937,0.189340904355049,2.31435620783369,35.9950578754074,15516171.0,1046744357.9,0.000503,0.0,13581000.0,0.0,0.0,0.0,1.0,1.26,49197766.0,0.2760491197913336,0.0,1.0
KEN,Kenya,2018,61.2,14.6897278195129,20.314910419968,0.0564865320920944,0.542,7.186,31.1986897673002,-0.506,4807.768,17.543,13.755983945,2.32589602470398,17.313146131064002,4.689806467763299,0.0,13.0607588353757,62.825,8.40838529183248,0.0044583287375232,98.5945,0.0,0.0014697438220379,0.595,-1.18,-3.46179280749839,0.576,8.48796047494691,0.613,56.0189509830887,0.765408456325531,0.124665513634682,0.170181021094322,1.3613246351716093,34.4147531767425,15762021.0,878613102.6,0.005472,0.0,145008000.0,0.0,0.0,0.0,1.0,1.26,50207107.0,2.888196684983263,0.0,1.0
KEN,Kenya,2019,69.7,14.3000389724394,20.8611638110686,0.0550160557031632,0.548,7.294,30.8320287701597,-0.436,4926.242,17.0,13.261342834,2.34670734405518,16.9305452274709,5.23963795764792,0.0,12.4411328875146,62.939,7.90461593672111,0.0037599403400031,106.548,0.0,0.0028424927071064,0.576,-1.106,-3.80048750097874,0.576,7.83110074767397,0.633,55.9598629656759,0.785721242427826,0.117428533732891,0.163439840078354,1.2271842115853495,31.759461841481,15969935.0,719708168.5,0.0054,0.0,154440000.0,0.0,0.0,0.0,1.0,1.26,51202827.0,3.016239708795766,0.0,1.0
KWT,Kuwait,1995,100.0,31.9718919896288,0.4190340033769217,0.0610591918230057,0.65,2.051,30.0262512478586,-0.257,52244.334,62.8,10.607734907,2.02640151977539,53.70938510878872,2.6867275658248406,0.0,8.369166666666672,75.979756097561,10.9515769235509,0.0,7.105330886000004,1.10347928796571,36.227064016639,0.503,0.1709999999999999,12.663312170039,0.654,3.35588338788477,0.636,44.458093638180266,0.343377321958542,0.283481419086456,0.23854573071003,37.330800387490406,94.3196243483405,1648717.0,0.0,2130.0,0.0,27233839705.534256,0.0,1.0,0.0,0.0,3.43,1681513.0,16196.032802324013,0.0,3.0
KWT,Kuwait,1996,100.0,34.2830462014922,0.3945233373280583,0.0595836006104946,0.648,1.971,33.65220434612,-0.165,49165.734,66.126,10.68589116,2.04216074943543,60.72812850822221,3.5539856968428705,0.0,8.77083333333333,75.9250487804878,11.6776786755894,0.0,8.868749111999996,1.04256872930367,40.1364091145126,0.503,0.1709999999999999,25.1514440684556,0.654,-5.834464731382928,0.636,39.3777021756499,0.362446278333664,0.22014257311821,0.226186335086823,41.179195330857,91.4721447434007,1698198.0,0.0,2129.0,0.0,32121200848.834423,0.0,1.0,0.0,0.0,3.43,1730246.0,18564.528309173624,0.0,3.0
KWT,Kuwait,1997,100.0,35.3152688015087,0.3953642456037443,0.0577167570590973,0.64,2.000999999999999,46.967968979113,-0.74,47770.144,72.258,10.301083256,2.0580427646637,67.35094938937337,0.6821914347076046,0.0,8.79666666666667,75.9071463414634,13.2305820760968,0.0,11.921874250000002,1.14732100198997,38.3929185854833,0.503,0.3130000000000001,30.3167925135726,0.654,14.1806914342445,0.636,34.40302724280866,0.383875906467438,0.229543849825859,0.208743512630463,39.540480496468,92.4435465476229,1757745.0,0.0,2137.0,0.0,29103223858.53447,0.0,1.0,0.0,0.0,3.43,1787683.0,16279.857143875322,0.0,3.0
KWT,Kuwait,1998,100.0,22.0096059874155,0.4464680958704861,0.0569911152124405,0.64,2.015000000000001,60.7297792955164,0.0609999999999999,48162.19,70.201,13.995424199,2.07404828071594,52.71049309078074,0.1296582876740295,0.0,8.93333333333333,75.9642926829269,11.7156769746411,0.0,13.73970621,1.27688989600101,27.927039066816995,0.503,0.455,20.31182885254,0.654,31.492300238802997,0.636,44.14749204341505,0.469172328710556,0.264736026525497,0.276876330375671,29.204384704450295,94.9598431670145,1817523.0,0.0,2232.0,0.0,19934955040.834072,0.0,1.0,0.0,0.0,3.43,1844302.0,10808.942917610062,0.0,3.0
KWT,Kuwait,1999,100.0,26.8140776873566,0.4274949016870764,0.0567023195326328,0.636,2.021,54.6920837104813,-0.169,47634.518,71.617,10.834359478,2.0901780128479,63.97873780137171,2.9908103592316593,0.0,8.561666666666671,76.0779512195122,11.0756077079948,0.0,15.97931637,0.955691240167222,33.8805324667688,0.503,0.6035000000000001,28.837409915265106,0.654,-8.06820439322685,0.636,35.71137367870949,0.428172588348389,0.244408085942268,0.224443987011909,34.8365735674978,85.3681145511849,1876919.0,0.0,2085.0,0.0,25753610075.40495,0.0,1.0,0.0,0.0,3.43,1900030.0,13554.317603093083,0.0,3.0
KWT,Kuwait,2000,100.0,42.0901213034746,0.3552198300821931,0.055550429970026,0.633,2.0229999999999997,45.3894886044441,-0.321,50716.289,81.257,8.01229045,2.10643339157105,73.05686392047491,1.81294613887089,0.0,8.86666666666667,76.2258780487805,6.91511888196503,0.0,24.3515,1.07488964584328,50.2892381187247,0.503,0.752,53.1007651743072,0.654,-9.6704929718029,0.636,30.114254189929113,0.312298834323883,0.183820962905884,0.154901593923569,51.3644113589282,86.618324503254,1935162.0,0.0,2244.422568,0.0,42524469998.24011,0.0,1.0,0.0,0.0,3.43,1954709.0,21754.885253119577,0.0,3.0
KWT,Kuwait,2001,100.0,33.4586731498242,0.4467289719626173,0.054779015481472,0.633,2.0250000000000004,56.6305420560748,-0.11,48802.951,85.343,9.220961097,2.10222768783569,71.81607917271624,1.29999999999999,0.0,7.884274999999999,76.3843414634146,6.34392523364486,0.0,43.7185,1.29022077016935,42.7980143074398,0.503,0.3025,45.85790008141561,0.654,16.9080708625822,0.636,31.407028352719927,0.352179706096649,0.206058591604233,0.206981018185616,44.0885830746429,86.8504672897196,1992754.0,0.0,2183.543699,0.0,34513367660.928444,0.0,1.0,0.0,0.0,3.43,2008121.0,17186.896437479834,0.0,3.0
KWT,Kuwait,2002,100.0,26.0053190791337,0.5168248490077652,0.0541659593582153,0.633,2.034,58.3370664365833,-0.343,47971.6,72.752,11.209266292,2.09803032875061,67.53334917677913,0.8884501480749076,0.0,6.482208333333329,76.5316341463415,7.82830025884383,0.0,59.5639,0.928084779806332,37.2003716194143,0.503,-0.147,31.6783249281015,0.654,1.2686069463714098,0.628,34.501132065391616,0.369925320148468,0.212271139025688,0.246473222970963,38.1288168486834,81.2251941328732,2049860.0,0.0,2026.551096,0.0,32279179562.549416,0.0,1.0,0.0,0.0,3.43,2059974.0,15669.70241495738,0.0,3.0
KWT,Kuwait,2003,100.0,33.9262481085255,0.4548895368397438,0.0536687709391117,0.641,2.0549999999999997,59.4645690815297,-0.417,53481.78899999999,64.459,11.741163889,2.0938413143158,63.98966489373606,0.9613502935421128,0.0,5.41685833333333,76.6445609756098,7.8999383200628,0.0,67.3024,0.81882112644548,39.816851302288,0.503,0.294,27.7230684288084,0.654,0.4729365846165851,0.628,39.418202206595566,0.312457501888275,0.185096278786659,0.230754926800728,40.6360885106068,86.5551755074577,2104934.9999999963,0.0,2371.263863,0.0,42550784496.068405,0.0,1.0,0.0,0.0,3.43,2109881.0,20167.385978672923,0.0,3.0
KWT,Kuwait,2004,100.0,44.1801611576022,0.4047566036981855,0.0542390272021294,0.65,2.0869999999999997,56.3645435498696,0.291,54527.009999999995,66.885,11.47174897,2.08966064453125,69.76924616694104,1.2485644367988904,0.0,5.636633333333329,76.7276829268293,8.3114970285499,0.0,82.2579,0.76931436633299,46.1128336408051,0.517,0.3449999999999999,30.5271551947568,0.654,-5.14911494169832,0.616,39.364801628993135,0.266446977853775,0.159643664956093,0.239361360669136,46.8824794495593,89.2976416790834,2156180.0,0.0,2520.219836,0.0,58457255796.56683,0.0,1.0,0.0,0.0,3.43,2157320.0,27097.16490672076,0.0,3.0
KWT,Kuwait,2005,100.0,53.049367436743694,0.3013580184120847,0.054691918194294,0.65,2.088,50.9326670396555,0.234,55522.39,66.762,13.112998224,2.08548831939697,70.91005456824168,4.14297583631023,0.0,7.498258333333329,76.8007804878049,7.260142752996629,0.0,61.7888,0.821700960754246,53.31648346481639,0.517,0.254,36.2436632228779,0.654,-11.7209779616469,0.611,38.36637900023383,0.232946515083313,0.138673722743988,0.215281084179878,54.13842958264,92.2426800942645,2236788.0,0.0,2669.24463,0.0,85322016362.50822,0.0,1.0,0.0,0.0,3.43,2236788.0,38144.88291358333,0.0,3.0
KWT,Kuwait,2006,100.0,59.2073193591579,0.2365157196423428,0.0556503906846046,0.65,2.08,49.9541424184326,-0.35,56098.20599999999,59.141000000000005,16.489281958,2.09777212142944,67.50925901225196,3.057013391667219,0.0,8.578950000000003,76.8876829268293,5.478884948845419,0.0,49.8819,0.742307369022942,51.0394540758358,0.517,0.413,24.2653737126522,0.654,-6.539551298846581,0.617,38.27290387628715,0.22319307923317,0.124388717114925,0.197244465351105,51.7820031567292,89.7130931980522,2364733.0,0.0,2739.520767,0.0,101360508146.9676,0.0,1.0,0.0,0.0,3.43,2364733.0,42863.40493703416,0.0,3.0
KWT,Kuwait,2007,100.0,51.662565262007206,0.2133171273702743,0.0564522109925747,0.652,2.067,59.5793877338048,-0.37,55669.709,66.193,18.395428571,2.11012840270996,70.71842219785468,5.484949832775959,0.0,8.53628333333333,77.0101707317073,5.53427499800495,0.0,56.8764,0.618508798827339,48.1550015709463,0.517,0.621,32.430057089188,0.654,4.05428824689838,0.617,38.52802557910507,0.2524460554122929,0.11855036765337,0.242987766861916,48.7737107555426,91.7325033915889,2507887.0,0.0,2667.001566,0.0,106610524321.74825,0.0,1.0,0.0,0.0,3.43,2507887.0,42510.098868788045,0.0,3.0
KWT,Kuwait,2008,100.0,54.5278824619845,0.1600209996012083,0.0567039400339127,0.664,2.0389999999999997,57.2649281419896,-0.358,56351.08899999999,64.654,21.919707468,2.1225574016571,66.57824966620214,10.5827097865144,0.0,7.612991666666669,77.1890487804878,4.425564995280141,0.0,56.5701,0.568940384456548,52.8912935555667,0.517,0.502,15.9972211249173,0.654,-9.31204874289532,0.617,39.54922825683276,0.2342342734336849,0.102781869471073,0.199366092681885,53.4605112170385,92.6834562516721,2651421.0,0.0,2791.131776,0.0,144357538656.22333,0.0,1.0,0.0,0.0,3.43,2651421.0,54445.34785544179,0.0,3.0
KWT,Kuwait,2009,100.0,40.2912396068978,0.2623277654265123,0.0581669546663761,0.67,1.9990000000000008,79.0719269941829,-0.22,51716.51699999999,76.227,18.204451098,2.13505983352661,66.90726904575425,4.60959548447787,0.0,6.157775000000001,77.4333658536585,5.12162171024587,0.0,93.6658,0.735530245929982,38.854853146546,0.517,0.3529999999999999,22.9914524162028,0.654,28.1580797496703,0.617,39.348618582646154,0.306381791830063,0.142942920327187,0.20725579559803,39.5907640471852,88.8110649851457,2795484.0,0.0,2502.367014,0.0,82361372846.16325,0.0,1.0,0.0,0.0,3.43,2795484.0,29462.29448859777,0.0,3.0
KWT,Kuwait,2010,100.0,47.6315999571807,0.4517289854751123,0.0600817240774632,0.67,1.944,74.6393830657528,0.543,49120.852,80.596,20.697633167,2.14763569831848,66.0655582815397,4.49640287769787,0.0,5.42165833333333,77.7262195121951,5.977903186119569,0.0,135.19,0.635329840794475,48.1906069290048,0.523,0.452,22.7742542798929,0.654,-5.113880201019439,0.615,47.0401906716711,0.274617671966553,0.126176625490189,0.212926119565964,48.8263605663801,97.0280216600064,2943372.0,0.0,2564.212055,0.0,107033947103.90158,0.0,1.0,0.0,0.0,3.43,2943372.0,36364.396720462646,0.0,3.0
KWT,Kuwait,2011,100.0,54.2175208630282,0.4388358253241655,0.0607890896499157,0.67,1.864,60.8062581893838,0.063,52172.0,80.505,19.399587068,2.1896767616272,72.7249733972566,4.8394034987095,0.0,5.193091666666671,78.052243902439,5.6131394558656,0.0,157.499,0.700397270610481,58.3689295808333,0.523,0.3109999999999999,30.3966966433866,0.654,-10.2658861203424,0.608,38.8294818780374,0.248045057058334,0.102350972592831,0.155658230185509,59.0696960166924,99.1164927646913,3132814.0,0.0,2917.645205,0.0,165227064314.57468,0.0,1.0,0.0,0.0,3.43,3132814.0,52740.78330682086,0.0,3.0
KWT,Kuwait,2012,100.0,54.0982473297299,0.3598743008488334,0.0595440603792667,0.689,1.8179999999999996,55.7433682729455,-0.52,53789.678,81.652,18.93856824,2.23254108428955,74.8123207433144,3.2551460028721095,0.0,4.98379166666667,78.3950243902439,5.96446653129308,0.0,152.831,0.731563944664216,57.4129637304674,0.523,0.204,31.688775091231506,0.654,-2.329076834053099,0.608,36.780475654361,0.234451368451118,0.106039099395275,0.13443711400032,58.1449073185752,101.011435104032,3337109.0,0.0,3172.78694,0.0,176688307478.3476,0.0,1.0,0.0,0.0,3.43,3337109.0,52946.519720616736,0.0,3.0
KWT,Kuwait,2013,100.0,51.2105932437591,0.3551776089493703,0.057890098541975,0.684,1.8040000000000005,59.751887354111,0.076,52467.436,80.478,20.614864669,2.11419415473938,73.0986938777857,2.682296840850391,0.0,4.561308333333329,78.7418048780488,5.8798416234543405,0.0,182.738,0.784396720958018,55.5579394462588,0.523,0.1659999999999999,29.7046560879045,0.654,4.32863196223952,0.608,38.1405373589437,0.252124220132828,0.118315681815147,0.158008754253387,56.3426547447197,97.6054913328151,3507844.0,0.0,3133.563425,0.0,167347128150.8724,0.0,1.0,0.0,0.0,3.43,3507844.0,47706.54799668184,0.0,3.0
KWT,Kuwait,2014,100.0,45.7671814916834,0.4506361061098936,0.0563528351485729,0.709,1.798,67.6407157377814,0.063,51095.632,75.28,22.515884133,2.15259790420532,70.5483167543953,2.90892672858625,0.0,4.26845,79.0803414634146,5.542278981962319,0.0,207.324,0.731307332394645,53.239569150436,0.523,0.1489999999999999,16.2422635465053,0.654,11.8255806947688,0.608,42.1708386044131,0.285844147205353,0.122983306646347,0.175653114914894,53.9714223132032,100.037189841844,3665876.0,0.0,3105.854658,0.0,148630080230.19223,0.0,1.0,0.0,0.0,3.43,3665876.0,40544.21923441825,0.0,3.0
KWT,Kuwait,2015,100.0,27.8325142516853,0.5377290088696363,0.0545663386583328,0.709,1.7969999999999997,98.5107903934076,0.152,49615.956,71.898,25.801905245,2.19169926643372,55.9358456541559,3.2717016609213303,0.0,4.2949,79.3765609756098,6.97750997601227,0.0,199.891,0.864578423168116,36.4482994431389,0.523,-0.22,-3.91114748442982,0.654,40.8597363576398,0.608,58.4383547268602,0.400792598724365,0.146666839718819,0.295129805803299,37.3135995019662,98.6999884455485,3834574.0,0.0,3069.362556,0.0,77675157405.95206,0.0,1.0,0.0,0.0,3.43,3834574.0,20256.528471207508,0.0,3.0
KWT,Kuwait,2016,100.0,22.7919942042676,0.5185921311858674,0.0563877262175083,0.707,1.8260000000000003,105.186812834562,0.121,49075.161,67.288,27.297833709000003,2.20387268066406,52.134780154177,3.1983977665837404,0.0,4.4765833333333305,79.6775853658537,7.202057400854109,0.0,191.29400000000004,0.690322593013416,31.673210619504395,0.523,-0.0569999999999999,-9.16488980375616,0.654,12.1448737121763,0.608,60.710435050585,0.437940537929535,0.158088833093643,0.338679999113083,32.3641255908565,96.1576723758617,4004096.0,0.0,3149.827743,0.0,65716647674.0147,0.0,1.0,0.0,0.0,3.43,4004096.0,16412.355666301384,0.0,3.0
KWT,Kuwait,2017,100.0,30.7153125726954,0.5250921392494643,0.0604565478861332,0.682,1.861,98.699107218372,-0.0039999999999999,45834.153,68.316,28.939197013,2.21611380577087,55.6192158978196,2.1718329851000604,0.0,4.69493333333333,79.9160731707317,7.501476650243029,0.0,171.826,0.748172347211654,36.0090908245608,0.501,-0.0509999999999999,-5.36826223484459,0.654,-9.92502373516906,0.614,56.789146483868,0.402569532394409,0.159893900156021,0.335845291614532,36.75793361141711,97.840046457409,4154812.0,0.0,3009.267781,0.0,76175173818.83675,0.0,1.0,0.0,0.0,3.43,4154812.0,18334.204729079618,0.0,3.0
KWT,Kuwait,2018,100.0,35.0506693967335,0.4459068711695106,0.0636047050356865,0.682,1.9030000000000005,90.62807133154148,-0.001,45718.915,68.055,29.926490203,2.22225975990295,60.127653717457605,0.5431331481995674,0.0,4.827,80.1063658536585,7.427728724347981,0.0,164.22,1.10292151862869,44.0490671354298,0.501,0.091,-1.2074037682938998,0.654,-5.815110841771,0.614,51.7512772593754,0.378705888986588,0.156562447547913,0.275855273008347,45.1522896110691,102.785630655,4323515.0,0.0,3049.708616,0.0,99161374070.06683,0.0,1.0,0.0,0.0,3.43,4323515.0,22935.36024971969,0.0,3.0
KWT,Kuwait,2019,100.0,28.4524227870633,0.3704341383802934,0.0646373257040978,0.682,1.6446378020651604,91.9570581282983,0.419,44848.657,61.714,28.322154593,2.23645782470703,57.718656677003096,1.0918480265585604,0.0,4.8111,81.969756097561,6.37931499205825,0.0,164.942,1.18290776369048,38.6553473115018,0.461,0.175,-6.21440421273171,0.654,4.92698795890651,0.655,54.6024842626311,0.387801975011826,0.169242277741432,0.249601021409035,39.8386703389064,91.6857123895953,4442316.0,0.0,2976.156151,0.0,85584631371.7388,0.0,1.0,0.0,0.0,3.43,4442316.0,19265.768435144822,0.0,3.0
LAO,Lao PDR,1995,25.0,10.53982898150204,42.2262355997899,0.082833543419838,0.18,11.642,9.080050551466798,-1.357,2337.5869999999995,14.16478778219895,14.297259561,1.61277115345001,18.7611862855343,19.5939189878584,1.0,25.67,56.344,5.97943759227275,0.0,0.0312333079999973,0.0,0.0,0.775,0.372,-2.5028294712935772,0.2149999999999999,5.00030693754611,0.262,40.8606940096723,0.631822407245636,0.177001133561134,0.251629024744034,9.05515087040462,60.5544661404946,851755.0,63618799.5,0.03549,0.0,1579305.0,0.0,1.0,0.0,0.0,4.91,4929409.0,0.3203842489028604,0.0,1.0
LAO,Lao PDR,1996,31.2476997375488,10.749482198120576,40.4982887775844,0.0820619687438011,0.18,11.24,9.02190386502356,-0.726,2441.0189999999984,14.07901249088366,18.641752556,1.62739765644073,20.6120581991112,13.0244156963462,1.0,27.0,56.821,6.590139074385359,0.0,0.0751400599999954,0.0,0.0,0.775,0.372,-2.4838094589652684,0.2149999999999999,11.6726867165806,0.262,40.7308550781604,0.637345433235169,0.176055371761322,0.259482234716415,8.5244887824244,63.7571736099789,906397.0,67026192.899999976,0.075214,0.0,3102577.5,0.0,1.0,0.0,0.0,4.91,5045678.0,0.6148980374887181,0.0,1.0
LAO,Lao PDR,1997,34.0638961791992,10.879359242051144,51.8527062375068,0.0821564421057701,0.18,10.874,12.973605306196596,-0.869,2553.2300000000014,14.006207815860945,17.959443372,1.6421567201614402,20.6251128747956,27.5088624491449,1.0,28.13916666666665,57.302,15.5996962384154,0.0,0.0954269239999945,0.0,0.0,0.775,0.0899999999999999,-2.695917529254436,0.2149999999999999,-9.129724642568952,0.262,55.7018926222061,0.635304570198059,0.178351834416389,0.244344398379326,7.6394712904328,65.1569707659458,971065.0,66060627.20000005,0.108013,0.0,4203865.96,0.0,1.0,0.0,0.0,4.91,5152011.0,0.8159660295756356,0.0,1.0
LAO,Lao PDR,1998,36.8760108947754,18.599922399273233,33.9387656658138,0.0833311825990677,0.195,10.624,12.618766680963098,-1.294,2613.581,15.838484963520832,18.030126038,1.65704965591431,22.2619621078948,90.98073456228778,1.0,29.2783333333333,57.549,8.69260754627714,0.0,0.1229863910000048,0.0,0.0,0.775,-0.192,-1.9269527458076547,0.2149999999999999,-29.932136001718504,0.262,43.5732043382803,0.613845884799957,0.175796836614609,0.229397237300873,8.58585542696766,84.2695405093512,1043177.0,62337713.70000005,0.0860809999999999,0.0,2754591.9999999967,0.0,1.0,0.0,0.0,4.91,5248266.0,0.5248575434248182,0.0,1.0
LAO,Lao PDR,1999,39.6832847595215,25.763872667008883,34.3119793661779,0.0814588367938995,0.195,10.363,8.441349713605767,-1.397,2671.438,12.425964808900453,20.06053472,1.67207765579224,22.4698367237759,125.27212839928,1.0,32.0,57.866,8.69918037268013,0.0,0.2261774030000083,0.0,0.0,0.775,-0.385,-2.1673434061181047,0.2149999999999999,-42.09865183897081,0.262,40.5263320223378,0.554489314556122,0.184648558497429,0.267607361078262,5.13413124126985,80.0584561654881,1121757.0,65633426.5,0.538816,0.0,15512512.64,0.0,1.0,0.0,0.0,4.91,5340784.0,2.904538479743798,0.0,1.0
LAO,Lao PDR,2000,42.6,8.89310560056528,33.6302510315937,0.0764618068933487,0.195,10.033,8.931729257865832,-1.443,2795.642,16.315,15.312643037,1.68724203109741,16.477069401799902,25.0846414281315,1.0,32.0,58.317,8.71088702828675,0.0,0.2334839999999971,0.0,0.0,0.775,-0.578,-2.572876434854844,0.2149999999999999,5.77111514812214,0.262,42.2317010822793,0.653917372226715,0.17916913330555,0.212403908371925,4.02461466594692,68.8373013678325,1204865.0,54667497.79999995,0.3,0.0,10797000.0,0.0,1.0,0.0,0.0,4.91,5431212.0,1.987954069920305,0.0,1.0
LAO,Lao PDR,2001,45.3,1.4534098733006289,32.6831929428473,0.0713249295949936,0.195,9.682,9.586862652689495,-1.296,2881.903000000002,15.163,12.0789566134114,1.7018915414810205,16.9937147919347,7.81180794783471,1.0,26.1666666666667,58.887,9.1444310735075,0.0,0.5350919999999988,0.0,0.0,0.775,-0.3404999999999999,-3.40012819057212,0.2149999999999999,15.8895002535025,0.262,41.8364260116675,0.65561056137085,0.175650656223297,0.194070771336555,4.55666788739825,65.8994368798482,1290530.0,49211033.399999976,11.71,0.0,18455188.46153846,0.0,0.0,1.0,0.0,4.91,5521482.0,3.3424338721992504,0.0,1.0
LAO,Lao PDR,2002,46.3,19.0647729959035,33.3863040963517,0.0669463127851486,0.2,9.417,8.512054524926413,-1.239,3030.6820000000007,13.77,14.887443254401187,1.71481537818909,18.3826897329941,10.6313446323333,1.0,29.3333333333333,59.302,10.1492602809144,0.0,0.9830880000000092,0.0,0.0,0.775,-0.103,-2.45690330136985,0.2149999999999999,21.6471039611153,0.255,42.0529397212505,0.57068544626236,0.234050571918488,0.229512751102448,4.81089612054397,67.2549028523532,1376058.0,55986393.100000024,0.841,0.0,9943414.230769232,0.0,1.0,0.0,0.0,4.91,5610889.0,1.77216377489721,0.0,1.0
LAO,Lao PDR,2003,48.0,11.1918061503741,32.0861145753545,0.0639013946056366,0.201,9.221,6.919117654507048,-1.243,3171.026,12.153999999999998,14.20460190019854,1.72602570056915,20.1201441501939,15.4893529233525,1.0,30.5,59.643,9.81210926959904,0.840145130798113,1.9704499999999996,0.0,0.0,0.775,-1.232,-3.4187893528382,0.2149999999999999,15.0285558900744,0.255,41.9337781300384,0.590947926044464,0.209539636969566,0.237300157546997,6.57889990038597,60.572095882788,1458366.0,58337696.20000005,1.49999,0.0,67633584.42307691,0.0,0.0,0.0,1.0,4.91,5697945.0,11.869820509512977,0.0,1.0
LAO,Lao PDR,2004,53.5,15.3516794317961,30.5213475173909,0.0624122098088265,0.201,8.993,6.713329194129393,-1.294,3352.3100000000013,11.759,16.42781479955179,1.73730933666229,19.3595097686057,10.4622667314208,1.0,29.25,60.08,10.09899321317,0.790509951035875,3.531720000000007,0.0,0.0,0.775,-0.611,-1.0913335725161,0.2149999999999999,16.7670969391649,0.255,44.0601141074548,0.552432596683502,0.204255968332291,0.26748651266098,6.13767807292974,66.0797516222837,1534276.0,52772832.79999995,3.053127,0.0,80869991.50943395,0.0,0.0,0.0,1.0,4.91,5781626.0,13.987413144578005,0.0,1.0
LAO,Lao PDR,2005,57.2,20.7433726899629,28.2951353434837,0.0617807842791081,0.201,8.656,7.3547831441171,-1.217,3533.012999999999,12.789,21.462967161,1.74866676330566,23.2287895606829,7.16541759946639,1.0,26.8333333333333,60.688,9.64161022318721,3.14069276616939,11.202399999999995,0.0,0.0,0.775,-0.491,-1.73534904934185,0.2149999999999999,16.746094301747,0.255,43.3904134909633,0.567421436309815,0.207312017679214,0.281157284975052,6.59795887828897,71.7926462737852,1603700.0,42699441.20000005,32.360243,0.0,197613970.0,0.0,0.0,1.0,0.0,4.91,5869523.0,33.6678074180815,0.0,1.0
LAO,Lao PDR,2006,57.0,23.883875152056,26.7296699146578,0.062183041125536,0.209,8.476,5.8738505514865835,-1.112,3788.739,13.236,32.001110856,1.7609496116638197,26.1754512486046,6.54559439052787,1.0,30.0,61.074,9.455624322685,9.845628503515698,16.929900000000004,0.0,0.0,0.775,-0.085,-0.931390032023507,0.2149999999999999,17.323118305172095,0.255,38.1438717266097,0.494797617197037,0.176668152213097,0.291063785552979,13.2819832345904,81.9613754162421,1671955.0,41616217.20000005,65.19659899999999,0.0,474649190.92307687,0.0,0.0,1.0,0.0,4.91,5963200.0,79.59638967719964,0.0,1.0
LAO,Lao PDR,2007,55.0,19.8321158633944,25.788148677301,0.0626509413123131,0.213,8.313,6.543260116081321,-1.175,4022.119999999999,13.985,33.976170882,1.7733188867569,25.3930205228552,4.66197269469701,1.0,28.5,61.694,10.0618302002961,8.89584721512652,24.4114,0.0,0.0,0.775,-0.176,-0.614912648988328,0.2149999999999999,19.6035461645257,0.255,41.6699062812217,0.446871995925903,0.159437268972397,0.345871716737747,13.221931484425,79.2126289035269,1740217.0,40639289.29999995,63.81336,0.0,447097119.09615386,0.0,0.0,1.0,0.0,4.91,6056236.0,73.82425636916294,0.0,1.0
LAO,Lao PDR,2008,66.0,14.7223091289583,24.1764814314586,0.0619042590260506,0.213,8.197,9.56628324453861,-1.156,4269.941999999999,14.196,31.827847201,1.78577494621277,26.9497231702456,7.62880887577516,1.0,24.0,62.248,10.0831015739329,7.61995714785796,32.8857,0.0,0.0,0.775,0.017,-1.4119729957964495,0.2149999999999999,13.9041609220754,0.255,44.1080874597489,0.50350832939148,0.150131389498711,0.335027724504471,13.0184310702118,81.8491820941317,1808008.0,35424669.70000005,91.262539,0.0,633724166.8269231,0.0,0.0,1.0,0.0,4.91,6148969.0,103.06185749626046,0.0,1.0
LAO,Lao PDR,2009,67.4,17.1050761509499,24.2053770855586,0.0600891299545765,0.213,7.995,17.2418186461681,-1.366,4515.537000000002,17.008,29.04158261,1.79831850528717,25.163093788149,0.1411876749803848,1.0,24.775,63.023,11.6792654656985,6.31545864249351,51.8236,0.0,0.0,0.775,-0.158,-2.71559905786078,0.2149999999999999,28.5440047397464,0.255,45.6988801729367,0.474085628986359,0.236414447426796,0.297541171312332,10.5912220635737,76.930826218652,1875116.0,95070617.60000002,123.928247,0.0,658374944.1923077,0.0,0.0,1.0,0.0,4.91,6241642.0,105.48104876766526,0.0,1.0
LAO,Lao PDR,2010,70.2,10.3296367060307,22.5957941345194,0.0573054812848568,0.213,7.853,20.9192615607493,-1.109,4805.491,20.933,28.312995624,1.8109501600265503,30.4660210858755,5.98254521550082,1.0,22.6125,63.69,11.0944103727538,10.4469530516871,63.2029,0.0,0.0,0.78,-0.282,-1.0212198161845,0.2149999999999999,12.2860349478632,0.249,43.5714766178165,0.537759125232697,0.20911368727684,0.241074591875076,14.8104375708519,84.7203378916677,1941232.0,87812142.60000002,135.277672,0.0,988130959.653846,0.0,0.0,1.0,0.0,4.91,6334194.0,155.99947833202552,0.0,1.0
LAO,Lao PDR,2011,70.0,19.7405575382777,20.7912551864005,0.0544579178094864,0.212,7.659,13.269744939623614,-1.275,5114.137999999999,18.76,27.566421258,1.82428538799286,30.815970194642,7.5689885610998,1.0,25.543814144000088,64.505,10.6713661460928,10.323636810442,85.284,0.0,0.0,0.78,-0.0579999999999999,-0.8917951676018099,0.2149999999999999,17.358307036815784,0.249,41.7741927844051,0.49198791384697,0.194887489080429,0.244061812758446,15.2722808030825,91.6986958680216,2006040.0,82672387.29999995,142.45926,0.0,1147520858.0,0.0,0.0,1.0,0.0,4.91,6426590.0,178.55828020769957,0.0,1.0
LAO,Lao PDR,2012,76.4,7.303993850337669,18.5484865737637,0.0524314939975739,0.211,7.563,12.84738117823315,-1.242,5434.972,22.376,38.929064758,1.83793306350708,32.4366446720109,4.2551267783209,1.0,25.592933539390977,65.126,8.98377274194291,8.46160222330191,65.9613,0.0,0.0,0.78,0.034,-1.66215283820166,0.2149999999999999,17.944600979050257,0.249,40.1523222378494,0.550331950187683,0.222082510590553,0.265215933322907,12.1203041098296,98.1851264313662,2069272.0,79280108.20000005,151.495136,0.0,1198951396.346154,0.0,0.0,1.0,0.0,4.91,6518978.0,183.91707969349704,0.0,1.0
LAO,Lao PDR,2013,79.3,6.042321081568929,17.9304984280697,0.0513175092637539,0.232,7.496,13.397044470397866,-1.165,5789.421999999999,20.209,34.122849334,1.85190188884735,30.4277075542967,6.37142717782947,1.0,25.44482262079265,65.723,8.43540228331074,9.34511794096013,69.7677,0.0,0.0,0.78,0.0669999999999999,-3.1542700945184894,0.263,17.81980768744454,0.252,42.4921486144815,0.526829063892365,0.274195671081543,0.235885187983513,12.5380892460783,98.1791466159604,2130612.0,78043709.79999995,158.96228499999998,0.0,1093684838.010577,0.0,0.0,1.0,0.0,4.91,6611385.0,165.42446673587713,0.0,1.0
LAO,Lao PDR,2014,82.5,10.6413021751437,17.8487917824206,0.050822589546442,0.232,7.43,12.759529850484384,-1.024,6145.653000000002,21.855,36.563209826,1.86620151996613,28.815000545489,4.12924306873771,1.0,25.227113421564695,66.35,8.42769528413766,3.97640525476164,68.9015,0.0,0.0,0.78,0.499,-2.41378424357473,0.263,18.941608865889293,0.252,44.1576786053302,0.497699499130249,0.267358094453812,0.249388143420219,8.12984913076319,99.0597382933399,2189512.0,73422541.10000002,161.872972,0.0,949324826.3692306,0.0,0.0,1.0,0.0,4.91,6703172.0,141.62322350809896,0.0,1.0
LAO,Lao PDR,2015,89.7,11.2475550863237,17.5877596970627,0.0508741438388824,0.232,7.507,12.460452678383838,-0.948,6499.208999999999,20.212,31.526177725,1.88084125518799,27.6933442499915,1.2773542710299193,1.0,25.497309722850275,66.688,8.19005219527172,2.74146705972327,54.7979,0.0,0.0,0.78,0.5390000000000001,-4.80552411996312,0.263,18.47832173267963,0.252,44.1689693992427,0.502527296543121,0.282763302326202,0.249224215745926,5.52476230566431,85.798321703681,2252978.0,70226054.20000005,172.530752,0.0,1105677591.996923,0.0,0.0,1.0,0.0,4.91,6801645.0,162.5603206278662,0.0,1.0
LAO,Lao PDR,2016,89.0,18.4311688692273,17.2301765948066,0.0512899793684483,0.221,7.201,10.134337012355845,-0.84,6850.741,16.024,30.980721746,1.89583122730255,28.7595046372574,1.5969122758320395,1.0,26.742079645263175,67.014,7.77156382707168,1.68647627652902,57.2966,0.0,0.0,0.78,0.5250000000000001,-4.16438835430916,0.263,19.850840248494627,0.252,42.4771231213113,0.506103873252869,0.255961507558823,0.251525372266769,4.35259193269181,75.0918909204124,2337023.0,68128044.89999998,192.132961,0.0,1599178501.4662178,0.0,0.0,0.0,0.0,4.91,6908802.0,231.46972535415225,0.0,1.0
LAO,Lao PDR,2017,93.6,18.4311688692273,16.1997598561979,0.0521813593804836,0.26,6.945,13.98031934800295,-0.984,7208.633,16.294,3.4694594070000004,1.91118156909943,30.91247539947,0.8254786075680265,1.0,22.638679676581663,67.345,7.48353451889534,2.3607956816917,52.8888,0.0,0.0,0.772,0.3940000000000001,-4.7468169669245,0.263,13.447363252622484,0.27,41.5278261302034,0.50424337387085,0.241131469607353,0.279039114713669,4.97088233452954,75.0918909204124,2422070.0,72172274.70000005,173.325604,0.0,1977968231.580846,0.0,1.0,0.0,0.0,4.91,7018147.0,281.8362498791841,0.0,1.0
LAO,Lao PDR,2018,92.9,18.4311688692273,15.7091868201084,0.0528062582015991,0.26,6.766,13.97352932489985,-0.903,7546.503000000001,16.244,3.180715805,1.92690312862396,31.533192488879,2.04039266890201,1.0,22.650553171266644,67.594,7.45272743973651,2.27239697182916,51.3792,0.0,0.0,0.773,0.408,-3.33933317183728,0.263,13.456578123282974,0.27,41.60838243206,0.498435318470001,0.233635455369949,0.29458212852478,3.878758377955799,75.0918909204124,2509429.0,70482535.0999999,174.437314,0.0,2303529984.863404,0.0,1.0,0.0,0.0,4.91,7128045.0,323.1643437805743,0.0,1.0
LAO,Lao PDR,2019,98.4,18.4311688692273,16.0503390570341,0.0524747222661972,0.277,6.599,20.07923770032581,-0.805,7780.344000000001,15.418,3.8592879559999993,1.94300675392151,31.531381987864,3.32255881256925,1.0,18.70328331526761,67.911,7.643691940709589,1.68396142284596,64.0669,0.0,0.0,0.769,0.53,-1.8744213391309197,0.263,10.492814520228457,0.274,41.5143522873285,0.491683274507523,0.227220311760902,0.314892172813416,3.1045394180343795,75.0918909204124,2598839.0,70078834.89999998,157.85370600000002,0.0,1644554007.4575877,0.0,1.0,0.0,0.0,4.91,7237636.0,227.22253612334023,0.0,1.0
LBR,Liberia,1995,30.08754027551518,9.070238594404534,14.67206847155017,0.0423591695725918,0.811,19.599,2.849718540987773,-0.447,2136.0084149577524,10.94593177990501,6.565196512,1.5140825510025,20.805590354218975,4.4300301615365205,0.0,15.5666666666667,44.573,7.035882323357013,3.00761120786147,0.0,0.0,0.0,0.832,-2.439,-0.8510680550831872,0.458,8.50242012095618,0.135,47.749375476024774,0.784431457519531,0.0609454475343227,0.0744737461209296,9.381264592813904,50.41668983309361,965879.0,335551336.2,0.0008,0.0,10640000.0,0.0,0.0,0.0,1.0,15.2,2169162.0,4.905120041748841,0.0,1.0
LBR,Liberia,1996,43.510515364165535,35.95338835913374,38.28904403852136,0.0415420830249786,0.811,19.693,1.015939476801016,-0.735,2650.705111621146,14.7323259441198,27.976502698,1.52895164489746,26.34721257018309,15.05210620841349,0.0,15.3,44.945,14.089645117690193,0.0025598339500637,0.0,0.2755135686697012,10.052997525314783,0.847,-2.439,1.0335544225794302,0.458,9.32478548439716,0.0809999999999999,34.577406728379266,0.749693810939789,0.109001882374287,0.350951999425888,16.801784260701616,55.84252659782264,959081.0,324596469.1,0.0007,0.0,9100000.0,0.0,0.0,0.0,1.0,15.2,2232289.0,4.076533101224797,0.0,1.0
LBR,Liberia,1997,25.75992894799625,26.533613145159983,47.10082502285052,0.0431002750992775,0.766,16.245,0.6877794561398503,-0.511,2636.710389056345,13.70399497509747,27.974717545,1.54396677017212,21.607568445091708,8.303238660208674,0.0,16.825,48.302,9.086614724948724,0.0130403473388484,0.0,0.0698805047453752,9.77485911163524,0.927,-2.0975000000000006,0.630030771977239,0.452,29.818286867690297,0.066,30.987246037581578,0.717955946922302,0.109833151102066,0.338490813970566,22.003758174549056,83.99014346504862,1038148.0,304524366.5,0.0005,0.0,5450000.0,0.0,0.0,0.0,1.0,15.2,2412989.0,2.258609550230026,0.0,1.0
LBR,Liberia,1998,19.128967464438706,22.036290966527215,43.511223839120525,0.0465727038681507,0.746,16.203,7.862825760813429,-0.82,3440.9310109534963,19.064180331600696,27.975545216,1.55912935733795,25.122697452886932,9.970038189295868,0.0,21.7383333333333,49.367,4.334677508304951,0.016275132020591,0.0,0.0110250749121582,15.816343815110397,0.927,-1.756,0.0999549849231515,0.452,30.4339741438394,0.066,30.61932070231001,0.681133151054382,0.107602640986443,0.323021352291107,27.203485281180026,84.10576725012167,1153211.0,317168621.2,0.0008,0.0,7592000.0,0.0,0.0,0.0,1.0,15.2,2670124.0,2.8433136438607347,0.0,1.0
LBR,Liberia,1999,27.008667488697732,24.1633452792536,56.60474786337463,0.0504121445119381,0.746,15.627,4.999545037739189,0.037,2254.5511454607695,13.344290649770317,27.975186318,1.57444083690643,17.326399559688394,8.704146424833858,0.0,16.7191666666667,50.412,3.7470427697557014,0.0155756571092033,0.0,0.0,9.260081622400165,0.927,-1.8545,0.1928940302757046,0.452,15.6577151434054,0.066,25.75375220617467,0.694932639598846,0.112722054123878,0.331584960222244,27.093228633061088,67.98647524144272,1225869.0,337397260.90000004,2.5e-05,0.0,220250.0,0.0,0.0,0.0,1.0,15.2,2821684.0,0.07805622458078226,0.0,1.0
LBR,Liberia,2000,15.786028337823346,11.887282315469765,76.0745423340961,0.0512679107487202,0.746,14.843,1.9918355267179064,-0.457,1604.8600000000006,14.462000000000002,4.717406765,1.58990263938904,4.247151029748281,14.937254583450112,0.0,20.5266666666667,51.852,2.4529748283752895,0.005858163028909,0.051227500000003,0.0,0.0,0.918,-1.953,-0.183159437359062,0.452,-21.6404016302847,0.076,19.6801945080092,0.928650617599487,0.0347064398229121,0.0469642579555512,17.8409546807596,32.57880786427221,1281666.0,319693723.79999995,2.5e-05,0.0,213250.0,0.0,0.0,0.0,1.0,15.2,2928117.0,0.07282837400281478,0.0,1.0
LBR,Liberia,2001,6.851737113785646,20.189412671752923,76.533587196468,0.0522410199046135,0.746,13.978,2.0295032925381378,-0.689,1589.9520000000011,11.121,16.418887984,1.6033787727356,4.186181015452544,12.611959673936882,0.0,22.14,53.109,2.3758167770419405,0.012715227172797,0.066327600000001,0.0,0.0,0.918,-2.0715,-0.852499899492072,0.452,21.2668474893726,0.076,19.385794701986796,0.762304425239563,0.0372253768146038,0.194917932152748,17.2522953084162,33.88314984353812,1331301.0,307794541.4,4.625e-05,,473437.5,,,,,15.2,3015338.0,0.15700976142641387,,1.0
LBR,Liberia,2002,6.811451725703137,24.05145109714961,79.0423624595469,0.0555258691310883,0.746,13.358,2.054917496589838,0.14,1621.4300000000003,11.16,16.418887720999997,1.61696910858154,3.2430960086299905,14.1596470116325,0.0,20.205,54.061,1.87307443365696,0.0117613396411938,0.1615620000000035,0.0,0.0,0.918,-2.19,-1.4647958180237204,0.452,21.9027743320639,0.076,17.8637108953614,0.701397240161896,0.0202046446502209,0.200786888599396,23.8997704226428,37.5303732214452,1379242.0,332644634.5,6.75e-05,,733625.0,,,,,15.2,3094782.0,0.2370522382513534,,1.0
LBR,Liberia,2003,3.0324764018072443,22.059054093756973,72.2403877005348,0.057258952409029,0.746,13.941,2.55816937305228,-0.008,1132.1670000000013,9.336000000000002,14.968711188,1.6306746006012,4.14903743315508,10.3302881236823,0.0,17.0566666666667,53.045,2.25552139037433,0.003520270251059,1.514649999999996,0.0,0.0,0.918,-2.159,0.617419724890776,0.452,1.3376808240366405,0.076,23.7980748663102,0.817355573177338,0.024468746036291,0.173987910151482,34.1776687503452,35.40988545855661,1403804.0,363584167.7,8.875e-05,,993812.5,,,,,15.2,3119532.0,0.3185774340510051,,1.0
LBR,Liberia,2004,2.6170236028722087,19.82221616243855,65.04740245261979,0.0572553873062134,0.684,12.051,3.3521157621189204,0.285,1154.9799999999996,11.57,13.382729135,1.64449632167816,7.7269899665551804,7.82908704883235,0.0,18.0952325038288,55.949,4.024637681159419,0.0154678629612015,2.9893300000000025,0.0,0.0,0.894,-1.365,-0.487114949068961,0.598,1.0585081332458903,0.295,27.1750501672241,1.37133550643921,0.0342420302331447,0.0838016644120216,19.7880546295418,34.588410100829726,1434317.0,379987380.8,0.00011,0.0,1254000.0,0.0,0.0,0.0,1.0,15.2,3156892.0,0.39722613253795186,0.0,1.0
LBR,Liberia,2005,2.5834665176354576,21.803943506237182,66.0327291886196,0.0567661225795746,0.688,11.392,3.80967005163199,-0.562,1191.464,11.181,12.236680602,1.65843510627747,7.218187565858802,10.8343588481414,0.0,17.0333333333333,56.765,4.127260273972599,0.0055505984292034,4.846989999999998,0.0,0.0,0.857,-1.358,-0.51094510742394,0.736,16.4626540989673,0.375,26.7272602739726,1.54891014099121,0.0418844074010849,0.0855373963713646,20.0544068144487,67.72624714741413,1513549.0,349650895.7,2.5e-05,0.0,297500.0,0.0,0.0,0.0,1.0,15.2,3301015.0,0.0901237952569134,0.0,1.0
LBR,Liberia,2006,2.566426054765913,19.214995724973974,63.8180250223414,0.0564132481813431,0.702,11.021,4.744132337940563,-0.854,1249.4039999999986,14.877,12.236681007,1.67244517803192,7.7032618409294,7.34144608278558,0.0,15.5025,57.495,4.093556747095619,0.0043856177211333,8.021110000000007,0.0,0.0,0.825,-1.327,4.44410691426167,0.736,5.83463167329262,0.418,30.2998033958892,1.37849652767181,0.0393301658332348,0.0904876291751861,17.6485875136497,47.8919976299686,1613871.0,367294746.8,9e-06,0.0,142200.00000000003,0.0,0.0,0.0,1.0,15.2,3490787.0,0.040735799692161116,0.0,1.0
LBR,Liberia,2007,3.0,21.162075926541185,65.5981500364166,0.0578119717538357,0.702,10.644,5.2593748809371235,-1.061,1358.826000000001,18.329,17.829067464,1.68657350540161,7.929315367807721,11.3918966807102,0.0,15.0461512347723,58.147,3.95002184996358,0.1409605154651799,15.3446,0.0,0.0,0.825,-1.245,2.51734796884634,0.736,2.70359552564356,0.418,28.4765404224326,0.905244588851929,0.0945098698139191,0.179402157664299,21.5770270088301,35.328416472116444,1710162.0,385070579.3,0.000311,0.0,5504700.000000001,0.0,0.0,0.0,1.0,15.2,3669050.0,1.5003066188795466,0.0,1.0
LBR,Liberia,2008,1.2999999999999972,18.01305584589472,65.1745654692932,0.0591681711375713,0.702,10.343,6.126649855887756,-0.409,1383.440999999999,19.079,10.968732728,1.70082128047943,7.0949594438007,17.489448642993,0.0,14.3980288602552,58.675,2.9590092699884103,0.295025897767202,22.3666,0.0,0.0,0.825,-1.283,-2.54201920457967,0.736,-2.4958730943425103,0.418,27.725782155272295,1.0217387676239,0.0968026220798492,0.100238919258118,21.7673829953965,42.25481960236376,1800000.0,890329969.5,0.000624,0.0,13291199.999999998,0.0,0.0,0.0,1.0,15.2,3821003.0,3.478458404769637,0.0,1.0
LBR,Liberia,2009,1.9000000000000057,19.641954212011576,58.0357466063348,0.0587339475750923,0.702,10.043,7.9469631760414,-0.167,1398.6680000000017,22.552,15.030369803,1.71370160579681,5.00973981900453,7.42764305914919,0.0,14.1866666666667,59.106,2.8082466063348406,0.284975460928843,27.518500000000003,0.0,0.0,0.825,-1.051,-1.23707590577561,0.736,17.382816638339705,0.418,36.9545135746606,0.980901181697846,0.115480370819569,0.103281937539577,22.0777491215739,33.63463436840739,1877848.0,1085542260.9,0.000524,0.0,12471200.0,0.0,0.0,0.0,1.0,15.2,3943028.0,3.1628484504801895,0.0,1.0
LBR,Liberia,2010,5.299999999999997,11.36091414731518,35.918715215215194,0.0570488274097443,0.702,9.819,9.36698515953382,-0.586,1435.1280000000006,26.227,16.260223124,1.72460198402405,4.999614614614611,7.28992796890218,0.0,14.2425,59.358,2.60644144144144,0.4135680410787069,38.7128,0.0,0.0,0.825,-0.469,1.2857019499609703,0.737,7.25786394321447,0.4,52.5302337337337,0.963340997695923,0.137104853987694,0.105364918708801,18.3646624868945,52.65962141050488,1953980.0,235311987.0,0.000666,0.0,19647000.0,0.0,0.0,0.0,1.0,15.2,4058890.0,4.840485945664947,0.0,1.0
LBR,Liberia,2011,4.099999999999994,14.166547143184289,35.9187151793161,0.0559065155684948,0.7,9.569,10.3742636363462,-0.378,1497.1569999999992,25.455,27.032589883999997,1.7388561964035,8.300116763969971,8.488167518494,0.0,13.7508333333333,59.486,2.2770350291909907,5.805338657141,47.869,0.0,0.0,0.825,-0.427,-4.36577553195276,0.737,2.54895433981956,0.4,49.3673565471226,0.903979480266571,0.175637111067772,0.226318344473839,23.2729658968842,59.44644280249719,2053955.0,248217870.9,0.000449,0.0,16433400.000000002,0.0,0.0,0.0,1.0,15.2,4221178.0,3.8930838737433016,0.0,1.0
LBR,Liberia,2012,9.299999999999995,17.44212477013434,35.9187147650069,0.0568113401532173,0.692,9.534,10.046775620627798,-0.787,1576.5119999999988,27.894,30.778345424,1.75322818756104,14.588925976155698,6.83178703418548,0.0,13.5183333333333,59.785,8.370946632152972,8.82701310448789,54.4221,0.0,0.0,0.849,-0.484,-2.85354067193771,0.737,5.30735347778052,0.379,34.5571020921947,0.884969115257263,0.185861989855766,0.251301676034927,26.7116015359801,66.35665043902432,2150546.0,266654086.9,0.000641,0.0,24486199.999999996,0.0,0.0,0.0,1.0,15.2,4373043.0,5.599350383703063,0.0,1.0
LBR,Liberia,2013,9.799999999999995,23.23074371503079,35.9187149834944,0.0588793978095055,0.649,9.359,11.8207741493068,-0.756,1670.5689999999995,28.706,39.685392886,1.76771891117096,19.5182541497806,7.577306817414,0.0,13.4893929815199,59.992,6.557064115867835,11.6826942161479,57.0613,0.0,0.0,0.849,-0.476,1.3861952119217502,0.802,8.37898966744894,0.371,36.7766177374964,0.829543113708496,0.177313670516014,0.336685299873352,28.3711783328734,95.01614536521132,2221610.0,289924886.5,0.000587,0.0,18666600.0,0.0,0.0,0.0,1.0,15.2,4470239.0,4.175749887198425,0.0,1.0
LBR,Liberia,2014,9.400000000000006,16.25155693813052,35.918715038076,0.0589342080056667,0.649,9.66,11.440448183392595,-1.068,1638.9619999999995,28.523,15.701728182,1.78232944011688,18.554810004303,9.86111285574904,0.0,13.5016666666667,59.21,6.759513061559981,7.7016979887302,70.6628,0.0,0.0,0.849,-0.615,-4.67941348603855,0.802,12.5808439342769,0.371,40.7273599259933,0.975678265094757,0.120674043893814,0.0876316800713538,26.180636779086697,58.5124848302148,2292180.0,327205371.0,0.00062,0.0,17422000.0,0.0,0.0,0.0,1.0,15.2,4564293.0,3.817020511172267,0.0,1.0
LBR,Liberia,2015,15.200000000000005,18.629122448758423,35.9187152008861,0.0577311031520367,0.649,9.559,12.744949427578597,-1.186,1598.0279999999984,33.386,26.194095826,1.79706084728241,16.8248454785241,7.74869687621322,0.0,13.6066666666667,59.248,4.351697127931152,0.316280306796235,78.3787,0.0,0.0,0.849,-0.8179999999999998,-3.4284950418833096,0.802,13.5354646875379,0.371,44.5122901827187,0.988395035266876,0.131570890545845,0.156125336885452,19.4462580281234,45.93611159338776,2364355.0,332141605.0,0.000828,0.0,21279600.0,0.0,0.0,0.0,1.0,15.2,4659431.0,4.566995412100748,0.0,1.0
LBR,Liberia,2016,17.700000000000003,18.76563570715443,35.9187135102446,0.0574554279446602,0.649,8.934,13.0206645953549,-0.857,1532.5679999999993,31.925,25.814299236,1.81191384792328,13.7704420019235,8.83424868336488,0.0,13.59,60.483,4.2123247463645335,0.522159021029362,65.5437,0.0,0.0,0.849,-0.442,-3.5403246983558305,0.802,6.18571573208098,0.371,46.0395120131722,0.970494747161865,0.112473130226135,0.126878619194031,20.1143619477823,45.02074513982424,2438140.0,359443392.9,0.004704,0.0,128419200.0,0.0,0.0,0.0,1.0,15.2,4755608.0,27.003739584927942,0.0,1.0
LBR,Liberia,2017,24.200000000000003,19.71161235750677,35.9426159185731,0.056565023958683,0.684,8.765,16.752353794963103,-0.308,1531.9929999999986,27.946,21.854097132,1.8597457408905,15.4416514284322,12.4196323907138,0.0,13.2501851851852,60.777,7.486147781626207,1.29484144538855,54.8575,0.0,0.0,0.858,-0.321,-6.70067482765269,0.777,16.2947039582308,0.417,44.2886245963006,0.932159125804901,0.114393338561058,0.0923465192317962,21.3240563239483,43.5173738325889,2511537.0,401806656.7,0.006071,0.0,163917000.0,0.0,0.0,0.0,1.0,15.2,4848925.0,33.80481240687369,0.0,1.0
LBR,Liberia,2018,22.799999999999997,18.65273095586918,35.4966999096751,0.0555352866649628,0.718,8.64,16.9764079051885,-0.379,1513.362000000001,27.957,18.557321436,1.90884029865265,16.9238649522893,23.5635148953742,0.0,13.2501851851852,60.999,10.748267460980118,0.0,46.63085,0.0,0.0,0.89,-0.204,-3.8604798865058703,0.766,16.2947039582308,0.347,42.9373526844517,0.912481844425201,0.12250317633152,0.113895542919636,14.0250297312743,45.62760382708966,2587307.0,389481443.3000001,0.0072889999999999,0.0,193158499.99999735,0.0,0.0,0.0,1.0,15.2,4944726.0,39.06353961776595,0.0,1.0
LBR,Liberia,2019,23.1,17.004563287973703,36.4371513224574,0.0544941946864128,0.702,8.513,14.3078715677321,-0.849,1440.0279999999984,27.389,18.173270272,1.9592307806015,16.9896070200098,26.9662760197878,0.0,13.2501851851852,61.232,10.433517922576115,0.0,38.4042,0.0,0.0,0.89,-0.339,-3.86210041370312,0.769,16.2947039582308,0.303,41.3512545877187,0.895189762115479,0.118466585874558,0.105610810220242,14.2604895547102,48.7148403738785,2665872.0,396297069.6,0.005068,0.0,144944800.0,0.0,0.0,0.0,1.0,15.2,5043721.0,28.737672048077204,0.0,1.0
LBY,Libya,1995,98.33085676712756,25.682226329718073,5.160248834217029,0.0453393432196003,0.738,4.287,32.5346441947566,-0.309,29264.489,31.457,14.648698302,2.201770413437259,49.62810820211469,7.23798494499129,0.0,11.158580358839476,70.641,11.207808134979258,0.0,0.0,0.802673310614926,26.7764550727601,0.862,-0.988,4.79087512354683,0.386,-7.576951068030379,0.0959999999999999,43.01828561062764,0.3750002181400577,0.1989380801481014,0.2356068960977362,27.626373632229196,51.5917602996255,4135979.0,0.0,1439.0,0.0,18398824101.532295,0.0,1.0,0.0,0.0,21.37,4906843.0,3749.6255946098736,0.0,3.0
LBY,Libya,1996,91.31680038551968,41.6050119475144,8.773211394374156,0.0380173362602771,0.738,4.329,23.6847290640394,-0.733,29225.591,42.078,18.781763408,1.6892133259984174,56.61988896832115,4.02807775377963,0.0,8.322250391347083,70.736,5.606417283693579,0.0,0.0,0.812675513880029,31.034360603066396,0.862,-0.988,12.240841610119,0.386,-5.689049065703102,0.0959999999999999,37.52021183424499,0.4289315176611063,0.2548911163094396,0.173978535140581,31.8950825846373,52.5451559934319,4235292.0,0.0,1452.0,0.0,21906990903.009663,0.0,1.0,0.0,0.0,21.37,4987393.0,4392.473362939248,0.0,3.0
LBY,Libya,1997,91.45352433278892,24.25954956286756,9.007174328384444,0.0440082495497188,0.738,4.418,22.019223973425696,-0.625,27992.884,32.219,16.833906682,1.869490046978462,46.09824384766996,3.5502958579882105,0.0,10.955545871146876,70.72,8.956923744312803,0.0,0.203983970000003,0.804050121832851,26.3375156857295,0.862,-0.899,-1.25093977929262,0.386,-4.185503390992885,0.0959999999999999,43.00645607909479,0.4026611269827782,0.2127273681754793,0.2356681309073885,27.1875818919465,48.6324121846067,4330489.0,0.0,1491.0,0.0,20305524928.9073,0.0,1.0,0.0,0.0,21.37,5064639.0,4009.273894725231,0.0,3.0
LBY,Libya,1998,97.89295353477344,23.11325996949947,14.4839434486907,0.0522192418483532,0.738,4.533,24.562862972845704,-0.394,27304.062,30.495,13.308283972,2.025493092806358,36.6658951212887,3.7092731829573897,0.0,11.150915450198596,70.657,14.726778993248828,0.0,0.4015288610000027,0.814525728604263,17.8086785928772,0.862,-0.81,-1.51168816093635,0.386,-0.988115558609226,0.0959999999999999,44.72194676108938,0.6662255935127195,0.1637100566189825,0.1667834032844287,18.6892394203827,40.25270758122739,4423059.0,0.0,1480.0,0.0,13218518575.463451,0.0,1.0,0.0,0.0,21.37,5140704.0,2571.344036821309,0.0,3.0
LBY,Libya,1999,91.34369153616107,34.79799025526393,8.060989866753046,0.0428957106985268,0.738,4.649,23.9494186743378,-0.392,26824.135,32.649,14.243868328,1.942369452754915,45.87793910668719,2.6486225229581795,0.0,7.0,70.601,9.595827462657954,0.0,0.5931200449999992,0.462370901257643,19.6978468357252,0.862,-0.552,6.406265559841981,0.386,-17.6786042587428,0.0959999999999999,43.53662597794546,0.3992885504258098,0.2370467122607695,0.2107301894843218,20.2027250357524,34.8016301090735,4514815.0,0.0,1425.0,0.0,17601388181.032158,0.0,1.0,0.0,0.0,21.37,5218038.0,3373.1812955429145,0.0,3.0
LBY,Libya,2000,99.8,38.065966930203714,5.296147420686635,0.0491263432445292,0.738,4.761000000000001,20.467299255178,-0.712,27423.467,40.409,19.475705671999997,2.223729256508069,57.23802606548726,-2.900000000000242,0.0,7.0,70.542,3.4611355189947517,0.0,0.7540029999999902,0.64878145322726,33.5852838997618,0.862,-0.294,13.6396205231425,0.386,-5.566178581093219,0.0959999999999999,36.325715299882496,0.3333409943829189,0.2398677882633917,0.1665741835004671,34.2584472905959,45.2810937659422,4612761.0,0.0,1474.5902,0.0,27938663428.908676,0.0,1.0,0.0,0.0,21.37,5305021.0,5266.456707505715,0.0,3.0
LBY,Libya,2001,96.9,25.401061305235988,5.309632872466303,0.0471633698140313,0.738,4.778,19.614825581395305,-0.802,27715.65,37.046,18.696669903,2.2061087695472676,50.035330069407166,-8.813937521455458,0.0,7.0,70.653,9.739978223897944,0.0,0.925302000000002,0.858452679296687,29.491488045803095,0.862,-0.1945,0.418981880400894,0.386,-0.1724820382728662,0.0959999999999999,43.33081361065776,0.3281104966613016,0.2101198150515338,0.2719900570494727,30.3865708781182,43.1734496124031,4718428.0,0.0,1427.7246,0.0,22566795462.311474,0.0,1.0,0.0,0.0,21.37,5403639.0,4176.22188719703,0.0,3.0
LBY,Libya,2002,95.2,27.4261012465582,5.185299092726431,0.0463300438626189,0.738,4.779,17.2066738428418,-0.545,26283.004,47.865,22.163662917,2.202411288153736,65.8303859757035,-9.797647058823571,0.0,7.0,70.788,3.1258649853913596,0.0,1.2707800000000091,1.17058840670198,48.3822928740602,0.862,-0.095,6.9912092807992,0.386,-15.9117736358803,0.0959999999999999,33.97310607218236,0.2930918285895914,0.2114305998239322,0.2914185240610973,49.6150940004484,78.8597570352145,4826778.0,0.0,1374.88047,0.0,21899281817.15697,0.0,1.0,0.0,0.0,21.37,5508410.0,3975.6085362485674,0.0,3.0
LBY,Libya,2003,93.5,48.3188495301826,4.092207019631169,0.0503260755329081,0.738,4.743,12.7840571088638,-0.158,30075.797,47.886,18.11597794,2.160223176451363,70.8938132064248,-2.191151919866442,0.0,7.0,70.996,5.92415229030339,0.0,2.2600300000000004,0.820892853183124,47.8421621561942,0.862,0.121,6.165786700991861,0.386,-6.43791546245998,0.084,25.82567745936846,0.2702690970227246,0.1803014481366366,0.2802423941890236,48.7223667831708,90.6127305175491,4937540.0,0.0,1485.0,0.0,26647357117.279858,0.0,1.0,0.0,0.0,21.37,5619398.0,4742.030572897641,0.0,3.0
LBY,Libya,2004,91.8,43.6171107554657,3.342622912747631,0.0488103093653809,0.738,4.699,10.3399986065631,-0.457,31313.667,52.368,18.873017009,2.2337419343399887,76.6425137601895,-2.197567740559,0.0,6.08333333333333,71.21,5.68684827794422,0.0,8.71582,1.02085475369624,54.7869519679771,0.862,0.356,11.312073589782,0.386,-13.475766084563,0.084,31.948406398174765,0.230688814966405,0.1731022279302371,0.3026267215987557,55.8476922630083,96.1293320792401,5050422.0,0.0,1622.255101,0.0,37628694152.71215,0.0,1.0,0.0,0.0,21.37,5736693.0,6559.300655048501,0.0,3.0
LBY,Libya,2005,90.1,62.6687227926011,2.51001097978428,0.0610465464856905,0.738,4.645999999999999,7.384389330233162,-0.208,34143.225,58.533,20.123916645,2.2253207058595867,80.9742943873926,2.6502057613165704,0.0,6.125,71.439,5.056675062972289,0.0,34.1367,1.28973568533705,61.01717381028361,0.862,0.449,30.3813942587854,0.386,-17.456455741053,0.084,24.737875047610345,0.2274172095563306,0.147884703652482,0.2324371400034981,62.3347404677918,90.8608896854615,5163697.0,0.0,1744.687,0.0,55768666194.32155,0.0,1.0,0.0,0.0,21.37,5858798.0,9518.789723475968,0.0,3.0
LBY,Libya,2006,88.4,68.5440609004459,1.5176448381706695,0.0586159512503311,0.738,4.593,6.00761862776023,-0.68,33636.56,57.586,19.046098138,2.135423656485968,86.6695550057577,1.459268762027239,0.0,6.33333333333333,71.632,4.66973489354317,0.0,65.676,1.33425165972172,60.9295741290035,0.862,0.358,29.0911854873445,0.386,-11.1515992762555,0.084,21.491649786351605,0.2272724238845544,0.1500559132944563,0.276072993305171,62.291232406194794,97.7381011197381,5272151.0,0.0,1793.09589,0.0,66343395807.02259,0.0,1.0,0.0,0.0,21.37,5980211.0,11093.821908127085,0.0,3.0
LBY,Libya,2007,86.8,64.7107689358897,1.5414166225269597,0.0629763588029317,0.738,4.594,6.1536760126424,-0.923,35175.758,61.804,19.356598338,2.194925949567589,84.727507668667,6.25098782993553,0.0,6.0,71.788,4.595146766936551,0.0,73.7176,1.41426530663488,59.9292830144719,0.862,0.7470000000000001,28.3626847462678,0.386,3.47582503654986,0.084,24.517034044807104,0.2320539330583224,0.1284504849530127,0.210655804531946,61.3668774257785,102.732315500893,5381379.0,0.0,1837.164384,0.0,73438673880.20935,0.0,1.0,0.0,0.0,21.37,6104380.0,12030.48858036514,0.0,3.0
LBY,Libya,2008,85.1,66.4907804271504,1.3836525410948592,0.057257413500102,0.738,4.596,7.299144171316541,-1.066,34521.444,68.709,17.493657355,2.212294478475981,85.9203928517569,10.3607288954998,0.0,6.0,71.936,4.559267078871969,0.0,118.342,1.21083129603755,64.8164362995569,0.862,0.8090000000000002,27.676688816732,0.386,-14.3153031027785,0.084,22.6422296787815,0.2403230583240621,0.1288087057519419,0.2053596176197162,66.05989355062052,103.242158045544,5496372.0,0.0,1807.445355,0.0,93481205347.22607,0.0,1.0,0.0,0.0,21.37,6235430.0,14991.942070911882,0.0,3.0
LBY,Libya,2009,83.5,42.8176633140356,2.15806763082219,0.0541169794400425,0.738,4.605,11.178265569572396,-1.225,32559.478,54.818,0.0,2.338690110147707,73.7972544656913,2.4599002560994805,0.0,6.0,72.071,5.03820238869881,0.0,149.75,1.77360153552263,49.9122829981053,0.862,0.8320000000000001,-5.45946478093034,0.386,41.0461028132496,0.084,33.6406666526731,0.3229667755550723,0.1830671933647465,0.3121885905338381,51.7322646352647,107.620930501039,5611252.0,0.0,1672.397262,0.0,55044257565.6828,0.0,1.0,0.0,0.0,21.37,6366686.0,8645.668651741707,0.0,3.0
LBY,Libya,2010,81.9,52.309517913107,1.79953001101668,0.0610357173863911,0.738,4.626999999999999,9.260186236276276,-0.642,33737.312,64.408,0.0,2.3030652415977477,75.7449869936204,2.799895001092679,0.0,6.0,72.196,3.9588822472343104,0.0,167.748,1.39408948599556,54.526429982548,0.862,0.0279999999999999,11.468642069040598,0.386,-11.132383703005202,0.0879999999999999,32.1610487205157,0.3160474812872916,0.1620286460401209,0.2194940854188209,55.9661611105459,98.077213074239,5725747.0,0.0,1736.780824,0.0,72495761996.20769,0.0,1.0,0.0,0.0,21.37,6497839.0,11156.903394529732,0.0,3.0
LBY,Libya,2011,80.3,20.2125419986478,3.0576683371066604,0.0512357156152732,0.391,5.827,14.181919472921102,-1.057,17087.653,28.176,0.0,2.114333402644166,53.8989087023988,15.5184815317561,0.0,6.0,69.95,3.7092247292954497,0.0,157.649,1.15243299574461,36.3305559734441,0.836,-1.287,-11.450189734244,0.55,-14.751767076754096,0.15,60.4271917105475,0.560574748832826,0.2114690065368191,0.1936341637048443,37.5617320657366,63.0054352895288,5588174.0,0.0,512.041095,0.0,28997030478.649395,0.0,1.0,0.0,0.0,21.37,6343203.0,4571.354641913462,0.0,3.0
LBY,Libya,2012,78.7,45.7745839643091,1.8155936523598104,0.0479883120339002,0.268,4.971,9.338085155950232,-2.614,30094.639,63.992,0.0,2.1371478512517172,73.7369299183248,6.05980392156864,0.0,6.0,72.188,2.31116044510223,0.0,155.146,1.42580825881716,57.630093504639405,0.768,-1.587,24.6126935850086,0.632,0.0170496009954677,0.261,38.0498684426903,0.3325069985912841,0.2351811464055764,0.2515649917429859,59.1030408512754,98.2243189168448,5442307.0,0.0,1472.663936,0.0,82010706441.01984,0.0,1.0,0.0,0.0,21.37,6179328.0,13271.783993505416,0.0,3.0
LBY,Libya,2013,77.1,27.6881146948245,2.415485152895849,0.04960788816075,0.351,4.970000000000001,13.736936906851604,-1.407,24746.831,57.16,0.0,2.158678424988135,65.1237589148371,2.60581802719517,0.0,6.0,72.339,2.963994180962061,0.0,162.346,1.8885980942891896,45.8016137051651,0.787,-1.844,-16.2989756134214,0.661,5.90956134488155,0.254,49.5688944454069,0.5261156247118374,0.2814282872284436,0.1740591495085221,47.7413993201726,106.334360918106,5550919.0,0.0,1011.753427,0.0,54032424891.879555,0.0,1.0,0.0,0.0,21.37,6304628.0,8570.279625043628,0.0,3.0
LBY,Libya,2014,75.5,11.6311261030796,3.516678607191439,0.03929925213334,0.403,5.443,19.318718861600004,-1.36,19065.775,29.511,0.0,2.0556905478220417,46.7692775548728,2.43294141599225,0.0,6.0,71.3,4.56529868891668,0.0,132.204,2.28817061051005,28.630529816382207,0.804,-2.353,-30.507789651332104,0.661,7.07784993842523,0.2249999999999999,67.8416782304827,0.5471498468411595,0.2178298720559775,0.2073026188000083,31.016947831292995,76.5248826381117,5656895.0,0.0,495.1506858,0.0,23695341302.24863,0.0,1.0,0.0,0.0,21.37,6427252.0,3686.6986547670185,0.0,3.0
LBY,Libya,2015,73.8,4.032964633977421,4.386297334932399,0.0373259133094436,0.304,5.372,21.519978718692904,-1.187,18718.122,25.031,0.0,2.598347320857352,34.8289693278703,10.4022933588151,0.0,21.430922114131526,71.644,4.140789518659041,0.0,149.225,1.8628111435727397,14.4264442000075,0.779,-2.19,-28.4923241540222,0.661,15.271027743455154,0.2219999999999999,72.4462059977024,0.701493568888,0.1791768403113572,0.1636798555182374,16.3921988648858,56.9049073326883,5735976.0,0.0,412.3972603,0.0,10436376127.990364,0.0,1.0,0.0,0.0,21.37,6531819.0,1597.774850771334,0.0,3.0
LBY,Libya,2016,72.2,0.3982225294308144,4.61177989572916,0.0295973022703795,0.304,5.38,18.882925830232804,-0.977,18256.662,12.746,0.0,3.077000954386776,26.0770762664238,25.8538742124461,0.0,28.868890835667763,71.799,3.65524337067447,0.0,115.499,1.37802629270615,10.7931417666286,0.801,-2.275,-29.2899323017687,0.661,25.849331300239577,0.2049999999999999,77.8397088024993,0.7938824915685587,0.2040787480359446,0.1226189776764933,12.2468654255016,41.1101760615135,5824068.0,0.0,387.5,0.0,8084632891.52022,0.0,1.0,0.0,0.0,21.37,6632126.0,1219.01075032655,0.0,3.0
LBY,Libya,2017,70.6,20.2936773382942,3.874776455204509,0.0538739257556444,0.337,5.094,14.7896283143846,-1.069,23949.326,23.864,0.0,2.4152168795971845,38.9800161101817,25.8036184788338,0.0,9.492367011025491,72.721,2.806782514683981,0.0,89.3338,1.13858543021991,20.9466167504799,0.778,-2.354,-11.061778619136502,0.536,1.899139006721752,0.195,64.0663893322394,0.7216239750515759,0.1517848641936684,0.1037997324205086,22.1587604827104,47.5489661921214,5917764.0,0.0,892.4657534,0.0,22591453748.92913,0.0,1.0,0.0,0.0,21.37,6738770.0,3352.4595362253244,0.0,3.0
LBY,Libya,2018,67.0,29.8216703235588,3.6601292203691695,0.0550326497653796,0.445,5.007,12.846542334693702,-1.41,25595.531,46.949,0.0,2.197060940307176,49.676758007488,13.1702038536721,0.0,14.440591168893992,73.151,2.806782514683981,0.0,126.6689,1.5410878121623597,30.0345298438813,0.795,-2.435,9.39268395207979,0.584,20.08688551261681,0.139,52.9941083689439,0.5502492164634089,0.177490395061066,0.1631015240511003,31.616859891265698,63.7811335968183,6014736.0,0.0,1134.794521,0.0,36897880472.63835,0.0,1.0,0.0,0.0,21.37,6849055.0,5387.295104600321,0.0,3.0
LBY,Libya,2019,68.5,21.1203173455697,2.0420161923251694,0.0548495655601392,0.445,5.165,14.628953180793296,-1.425,22505.107,59.24000000000001,0.0,2.2269265188070393,49.9776179313478,-2.1621788347059514,0.0,15.658977622877828,72.941,2.806782514683981,0.0,164.004,1.68853062615573,32.7515623093831,0.808,-2.566,11.9296912192508,0.573,15.826329994467194,0.128,56.1374562146309,0.5298091438896286,0.1947039738654301,0.1464928402456231,34.4990280272661,78.9939691850138,6104537.0,0.0,1195.643836,0.0,34382852163.71085,0.0,1.0,0.0,0.0,21.37,6951033.0,4946.437768848293,0.0,3.0
MDG,Madagascar,1995,11.015634536743192,4.681348389075758,34.9596662452556,0.0416750572621822,0.719,12.437,9.46985784394134,-1.196,1628.071,9.412000000000004,4.380882226000001,1.44683110713959,22.6396217466286,49.0802100590784,0.0,34.7541666666667,54.845,14.887006901529997,0.0013846728474491,0.0093733289999988,0.0,0.0,0.738,0.217,-0.8858457344296861,0.817,-9.582880005098152,0.361,43.5835155830029,0.717981159687042,0.15115875005722,0.0464325845241546,7.72187580414643,45.37449156783241,3299247.0,72673010.20000005,16.118999999999996,0.0,8549517.599999998,0.0,0.0,1.0,0.0,2.74,14051275.0,0.608451375408993,0.0,1.0
MDG,Madagascar,1996,11.466900825500502,8.94530501701952,33.4308968971502,0.0422416143119335,0.722,12.06,7.856525290195101,-1.174,1614.545000000002,10.425,4.821590620000002,1.46479344367981,22.651064977140997,19.7563545439776,0.0,35.5,55.477,15.180261880588288,0.0036405398266583,0.0160643089999936,0.0,0.0,0.738,0.217,-0.180233894970782,0.817,13.1421812977142,0.361,47.5777989361997,0.700378358364105,0.12638857960701,0.0652355402708053,6.10099854193451,35.8824601668345,3452201.0,73078566.60000002,12.134,0.0,6753784.4,0.0,0.0,1.0,0.0,2.74,14510711.0,0.4654344228894091,0.0,1.0
MDG,Madagascar,1997,10.900000000000006,7.0741095121992785,33.7980682231685,0.0430321507155895,0.741,11.668,8.283184098225611,-1.194,1625.2580000000016,12.456,4.916327252,1.48297894001007,23.64771647175988,4.486382617373989,0.0,30.3333333333333,56.127,14.032697539572387,0.0004100544451022,0.0277422499999957,0.0,0.0,0.811,0.207,0.532173351603508,0.817,24.7304736070804,0.298,47.621535473864,0.711917638778687,0.141796693205833,0.0679297596216202,5.98372525542255,36.8737477819441,3612645.0,69448593.89999998,14.107,0.0,7990204.8,0.0,0.0,1.0,0.0,2.74,14990814.0,0.5330067333234872,0.0,1.0
MDG,Madagascar,1998,12.358554840087905,7.1783951739314205,33.2427573029233,0.0441204346716404,0.726,11.255,7.563906979602827,-1.265,1639.5699999999997,11.625,5.596924004,1.5013900995254503,23.66734110056334,6.2080160866332,0.0,27.0,56.803,14.037458734635896,0.000474762624766,0.0838243740000024,0.0,0.0,0.845,0.197,-2.99560002251432,0.817,19.5744623105424,0.272,47.6358803367286,0.71444970369339,0.131860002875328,0.0783643797039986,5.7146849652343,37.3321870147971,3780185.0,58036181.899999976,20.629,0.0,11653322.1,0.0,0.0,1.0,0.0,2.74,15489364.0,0.7523434855039884,0.0,1.0
MDG,Madagascar,1999,12.797500610351603,8.29755382056076,33.2796628878081,0.0452210307121277,0.722,10.841,7.207537902042766,-1.129,1666.4559999999983,13.057,5.419564855000001,1.52002990245819,23.67012130780343,9.92953399348781,0.0,27.25,57.434,13.978675078639068,0.0002327753430574,0.2272726690000013,0.0,0.0,0.845,0.18,-0.587439973852942,0.817,18.715381522234395,0.272,46.3037115948654,0.719203412532806,0.12049176543951,0.0778484120965004,3.51113304202429,40.92441202080631,3953495.0,89318831.10000002,16.152999999999995,0.0,10280004.499999998,0.0,0.0,1.0,0.0,2.74,16000506.0,0.6424799628211757,0.0,1.0
MDG,Madagascar,2000,12.599999999999994,7.888966059851811,30.878717294073702,0.0464561134576798,0.722,10.464,7.352042504090107,-1.018,1689.8630000000012,12.994,5.9425006289999995,1.53890109062195,24.116694365159955,11.859684500028,0.0,26.875,57.974,15.225023308571611,0.0002212037675518,0.382010000000001,0.0,0.0,0.845,0.1629999999999999,-0.398185773974043,0.817,13.7174855381102,0.278,48.3695987195514,0.731383264064789,0.121285028755665,0.0908824726939201,3.28334073398533,42.7771226639725,4130666.0,129290365.10000002,40.354000000000006,0.0,21341708.0,0.0,0.0,1.0,0.0,2.74,16516338.0,1.2921573777431776,0.0,1.0
MDG,Madagascar,2001,14.799999999999995,14.4164995313193,29.851313411587604,0.047989446669817,0.726,10.02,6.979457169319232,-1.223,1738.589,11.696000000000002,6.877907872,1.54889059066772,23.07509321543562,7.91694484529586,0.0,25.5,58.674,12.305669499505711,0.0,0.8659690000000069,0.0,0.0,0.845,-0.031,-1.96248871400996,0.817,16.2931365294902,0.275,50.9264110852576,0.721211731433868,0.137747704982758,0.109962217509747,2.78738585949357,41.0351260923859,4310695.0,151616934.10000002,2.026669,0.0,3720273.636538462,0.0,0.0,0.0,1.0,2.74,17032939.0,0.21841642458406396,0.0,1.0
MDG,Madagascar,2002,14.0,5.894797413729151,34.1425139825593,0.048511665314436,0.75,9.688,6.658481085497733,-1.185,1478.3669999999984,8.349999999999998,4.919985435000001,1.55894494056702,23.657228426236557,16.4985255315846,0.0,25.25,59.17,14.773219790563443,0.0,0.9288370000000016,0.0,0.0,0.77,-0.225,-2.28834722480051,0.817,7.51209032468099,0.381,50.2028794922736,0.771496117115021,0.128311425447464,0.0780461356043815,3.505345791795079,50.1816919379298,4493436.0,175757386.10000002,2.002802,0.0,26282120.0,0.0,0.0,0.0,1.0,2.74,17549913.0,1.4975641189788234,0.0,1.0
MDG,Madagascar,2003,20.299999999999997,10.353255766104802,32.0297909636333,0.0485532656311989,0.671,9.361,7.538672415541065,-1.351,1575.5980000000018,13.242,6.724098228761992,1.5690644979476902,22.585663689971547,-1.7040047961629805,0.0,24.25,59.693,13.725823888763038,0.0,1.569659999999999,0.0,0.0,0.766,0.6220000000000001,-1.41987504986922,0.817,26.4039290162197,0.367,49.9000478604401,0.759918212890625,0.15010105073452,0.105852365493774,5.21855839818452,34.030602917475,4680026.0,200906115.9,15.00001,0.0,6299000.0,0.0,0.0,1.0,0.0,2.74,18071854.0,0.3485530593595986,0.0,1.0
MDG,Madagascar,2004,15.299999999999995,16.529849798759,31.4205052808436,0.0497644022107124,0.671,9.077,8.60727448499636,-1.18,1609.9670000000006,17.469,8.163967101127527,1.57924973964691,21.558611228413778,13.9558018033211,0.0,24.5625,60.168,12.279616050026384,0.0009961701726936,1.7944600000000008,0.0,0.0,0.766,0.246,-1.7023210222139498,0.817,9.30772986434688,0.374,50.2445789659486,0.734955787658691,0.12230359017849,0.128125175833702,6.16053834340743,48.7753818852156,4872508.0,255768322.89999992,7.77004,0.0,3602850.0,0.0,0.0,1.0,0.0,2.74,18606608.0,0.1936328211998662,0.0,1.0
MDG,Madagascar,2005,16.000000000000007,10.6167098935869,30.762733934128704,0.050864364951849,0.671,8.793,8.495638303929404,-1.085,1637.2530000000006,15.878,7.730962885544665,1.58950114250183,23.281613780505012,18.3638246468932,0.0,25.875,60.664,10.74867231431248,0.0003329651320445,2.663240000000002,0.0,0.0,0.766,-0.0189999999999999,-0.203165083010554,0.85,6.34583697690706,0.374,51.4124515283538,0.724140584468842,0.129010781645775,0.121965825557709,5.46552559841922,59.1300849357677,5072399.0,239980150.1,6.400009999999999,0.0,2986200.0,0.0,0.0,1.0,0.0,2.74,19159707.0,0.15585833332419957,0.0,1.0
MDG,Madagascar,2006,16.799999999999997,15.3177686895872,30.1822717236059,0.0507433861494064,0.674,8.536,8.781580280411,-1.018,1675.2170000000006,12.763,8.76644819920181,1.59981906414032,23.369937302597148,10.7656371554865,0.0,28.15,61.14,11.12552172328496,0.0025577063345879,5.300759999999997,0.0,0.0,0.766,0.186,-3.6323978725367705,0.85,15.694725625404,0.374,52.4774184184697,0.720996737480164,0.117356240749359,0.140049561858177,5.6245995828571,62.1028389370244,5279730.0,57880285.600000024,4.85703,0.0,2645079.0,0.0,0.0,1.0,0.0,2.74,19730909.0,0.1340576351550757,0.0,1.0
MDG,Madagascar,2007,17.5,19.1853679390014,28.0670132910209,0.0506731532514095,0.71,8.334,8.775980820466152,-1.09,1719.1349999999984,13.779,9.969229771,1.61020398139954,18.9068307503233,10.2879663187671,0.0,40.275,61.533,9.16294312518312,7.300163064305476e-05,10.9142,0.0,0.0,0.766,0.09,-1.33350459572604,0.85,27.189760302666897,0.387,48.0405252639591,0.718355596065521,0.178525805473328,0.166489988565445,6.43424742692885,66.7027353570049,5494149.0,73212982.5,5.351,0.0,2675500.0,0.0,0.0,1.0,0.0,2.74,20318583.0,0.1316774895178468,0.0,1.0
MDG,Madagascar,2008,18.299999999999997,23.9098286035645,27.0525720488789,0.0523453950881958,0.691,8.117,9.702179478330107,-1.181,1780.928,13.988,15.085110378,1.62065637111664,20.4685954426536,9.29650839381057,0.0,44.0,61.992,9.69123347574797,0.0038043762385796,23.1088,0.0,0.0,0.774,-0.469,-1.02824330611561,0.85,33.9705614852236,0.377,47.7475305832466,0.712559998035431,0.146151199936867,0.253422737121582,5.80936537783052,74.357353960806,5716030.0,128840505.0,4.9220500000000005,0.0,4142880.3632800006,0.0,0.0,1.0,0.0,2.74,20923840.0,0.19799809037346877,0.0,1.0
MDG,Madagascar,2009,17.4,17.8669572732633,30.4651481314923,0.0540476404130459,0.817,7.972,10.141579288214302,-0.987,1660.1009999999987,10.247,13.659774484444169,1.63117647171021,18.8332096319198,8.95421802392949,0.0,44.6191666666667,62.304,9.15887832281025,0.0016997035530889,29.162800000000004,0.0,0.0,0.935,-0.734,-1.5783128730063898,0.856,35.2476423678687,0.1059999999999999,47.015745609716,0.761147320270538,0.139324679970741,0.22572723031044,6.87903891334948,62.4116975958196,5945614.0,284484833.7,3.437017,0.0,3525396.0,0.0,0.0,1.0,0.0,2.74,21547280.0,0.16361211252649988,0.0,1.0
MDG,Madagascar,2010,12.299999999999995,16.8465373584245,29.0780963483597,0.0532681830227375,0.817,7.826,10.868661613920402,-0.964,1621.572,11.52,11.183208472947497,1.64176499843597,18.0075205568584,9.24732173644116,0.0,46.0,62.597,8.95902902316701,0.1209664589780059,34.7636,0.0,0.0,0.938,-0.978,-0.051468202818616,0.832,32.464101444736,0.086,48.7541183093285,0.758902788162231,0.134198054671288,0.17724397778511,5.80844502636667,57.8748945101807,6181425.0,277717507.6999999,3.948046,0.0,13008115.0,0.0,0.0,1.0,0.0,2.74,22183340.0,0.5863911836540395,0.0,1.0
MDG,Madagascar,2011,14.299999999999995,15.806730740385998,29.0502057606452,0.0508228652179241,0.817,7.683,10.180253780620802,-0.984,1599.036,9.998,11.078014072559997,1.65068447589874,17.8532728101343,9.48254048582992,0.0,52.5,62.86,8.72437045917635,0.320174108110331,38.0364,0.0,0.0,0.954,-0.706,-1.3153145957243495,0.832,38.1513429866634,0.0869999999999999,49.1347880329208,0.749944448471069,0.140613302588463,0.163879469037056,5.89544167157359,56.4830925951893,6420753.0,273375597.3,4.07305,0.0,26476904.0,0.0,0.0,1.0,0.0,2.74,22822300.0,1.1601330277842286,0.0,1.0
MDG,Madagascar,2012,18.700000000000003,13.3107867785945,28.000612357414205,0.04850197955966,0.817,7.602,10.1166938504563,-1.242,1599.054,9.278000000000002,11.054732338,1.65965235233307,17.2760843242701,5.71384434191053,0.0,56.125,63.007,8.66520369091448,0.289984667146829,37.4155,0.0,0.0,0.954,-0.536,-1.62723836986835,0.832,48.0332440256903,0.0869999999999999,50.9548624555702,0.764216423034668,0.139381423592567,0.133732661604881,6.69129717051904,52.6517140811255,6663052.0,266558054.1,3.4851569999999996,0.0,28731464.999999996,0.0,0.0,1.0,0.0,2.74,23462438.0,1.2245728683438608,0.0,1.0
MDG,Madagascar,2013,12.900000000000006,8.60446388873567,26.4930339794941,0.0464915446937084,0.796,7.536,11.083287940873902,-1.098,1588.039000000001,9.299,9.950078958,1.66866898536682,17.9096138237139,5.826429444519801,0.0,58.97999999999999,63.161,8.62986885227877,0.540283265617823,35.094899999999996,0.0,0.0,0.917,-0.6599999999999999,-2.82430238690309,0.818,50.7601031926022,0.126,51.5008530957731,0.80445259809494,0.148724913597107,0.1012846678495409,6.77436297702956,56.3675817900932,6909834.0,256338299.3,6.7001,0.0,72414600.0,0.0,0.0,1.0,0.0,2.74,24109290.0,3.0035973684832693,0.0,1.0
MDG,Madagascar,2014,23.0,14.487250982148,25.8453829296172,0.0449563451111317,0.778,7.495,11.6677588601475,-1.232,1593.1140000000014,10.593999999999998,9.520397658,1.67773473262787,19.2497828687657,6.08040811088302,0.0,60.0,63.261,9.03893525393852,0.0,39.2253,0.0,0.0862831212415828,0.812,-0.557,-1.48979575283651,0.818,49.908503144345,0.2219999999999999,50.8124409881822,0.785657942295075,0.156275540590286,0.103528678417206,7.17890334828133,61.9694322111234,7161500.0,266765571.7,8.7161,0.0,112351856.0,0.0,0.0,1.0,0.0,2.74,24764348.0,4.536838845908642,0.0,1.0
MDG,Madagascar,2015,23.799999999999997,12.933363580675,25.7433543337656,0.0438990257680416,0.778,7.461,12.3105923900588,-1.186,1595.005000000001,10.178999999999998,9.328664692,1.68684959411621,18.950884731327,7.40419174202129,0.0,56.7166666666667,63.362,8.50771119517862,0.0,42.0572,0.0,0.0657333375320385,0.812,-0.428,-2.15694190964161,0.818,47.146664487391,0.264,50.7680550591088,0.781655490398407,0.147875532507896,0.0947057455778122,8.60993537983163,61.2203788365078,7417759.0,281217392.1,12.1003,0.0,127127100.0,0.0,0.0,1.0,0.0,2.74,25426702.0,4.9997479028149225,0.0,1.0
MDG,Madagascar,2016,22.9,16.2172110515201,25.133454359972305,0.0429308228194714,0.778,7.452,11.887814025657596,-1.335,1610.2279999999992,12.438000000000002,9.999558108,1.69601392745972,19.4099444668858,6.03575858154679,0.0,60.0,63.431,10.1953106769595,0.0,30.6447,0.0,0.058311086080069,0.812,-0.294,-0.367801382425633,0.818,46.8427693226406,0.264,51.0107328908938,0.773062586784363,0.144368425011635,0.0933192446827889,8.77277190379424,60.8346984831423,7679636.0,300807674.5,13.030586,0.0,118098649.99999726,0.0,0.0,1.0,0.0,2.74,26099952.0,4.524860812004453,0.0,1.0
MDG,Madagascar,2017,24.1,15.1284752075559,24.5501377693098,0.0419367663562298,0.778,7.48,12.706122619847,-1.377,1624.661,12.839,9.642940876,1.70522820949554,20.1123576645922,8.60905075422949,0.0,60.0,63.433,9.18815731963744,0.0,32.59060000000001,0.0,0.0955254362506412,0.808,-0.303,-1.4075819858094198,0.859,52.4367881529961,0.267,51.0493152393528,0.764518976211548,0.161908149719238,0.0942587405443192,7.63973631390415,65.3434015072915,7948388.0,439937850.8,16.397833,0.0,255450144.0,0.0,0.0,1.0,0.0,2.74,26788375.0,9.535858147424022,0.0,1.0
MDG,Madagascar,2018,36.5,18.7209591798967,23.9733833005861,0.0411285981535912,0.781,7.491,12.966876898901296,-1.39,1628.433000000001,13.013,10.305268791,1.71317684650421,21.4819574714216,8.59422958870476,0.0,55.38958333333329,63.491,9.3695954221963,0.340463533082977,38.7516,0.0,0.1290916597802454,0.714,-0.579,-0.56888386645967,0.859,43.4833449657503,0.3369999999999999,48.7393975825603,0.785395562648773,0.133481726050377,0.129904493689537,5.16989441363436,67.8415046683582,8225963.0,465153021.8,52.911,0.0,360149001.1999999,0.0,0.0,1.0,0.0,2.74,27494926.0,13.09874415373949,0.0,1.0
MDG,Madagascar,2019,31.0,16.7121486028293,22.9562520100657,0.0403915755450726,0.783,7.518,14.2116915537463,-1.494,1645.7299999999996,13.941,11.121987827,1.7201874256134,22.445497353094,5.61051441492365,0.0,49.0,63.504,10.0900513520788,0.0,46.078,0.0,0.0932709055862996,0.809,-0.314,-0.723228011665974,0.859,39.8770894409842,0.262,49.803398923588,0.774571061134338,0.136157304048538,0.141802251338959,4.7078522848274,62.6013230457128,8551850.0,545183134.5,60.2991,0.0,215171772.48054165,0.0,0.0,1.0,0.0,2.74,28219554.0,7.624917547617572,0.0,1.0
MLI,Mali,1995,6.200000000000003,10.6856756944607,29.714340699093803,0.0522364228963852,0.537,17.839,7.826837022817408,-0.859,1461.6749999999993,13.970716765344358,18.27625772,1.12488305568695,11.8124107619261,13.4417696811974,1.0,48.38790304987431,48.292,5.695182646798629,0.403068227221707,0.0,0.0,0.0,0.817,0.3649999999999999,-0.855489220299924,0.825,5.862866085438008,0.44,52.1244710554028,0.904286742210388,0.0863781943917275,0.156188428401947,6.17667816210642,45.0810713232829,1795008.0,147232376.10000002,0.0078,0.0,103740000.0,0.0,0.0,0.0,1.0,3.54,10185365.0,10.185202003070092,0.0,1.0
MLI,Mali,1996,6.200000000000003,10.0288514084696,29.399916815797305,0.0561113469302654,0.537,17.586,9.04491718964998,-0.886,1535.4680000000008,15.173092989108806,18.633388126,1.12878131866455,12.1506660206738,6.80545996788233,1.0,48.41616025090501,48.5,5.8970139757980204,0.559092277115167,0.0117154659999982,0.0,0.0,0.817,0.3649999999999999,-0.7320517575590263,0.825,5.815610413114962,0.44,51.4460515530223,0.857572317123413,0.0696307495236397,0.139385372400284,6.17985749617785,38.9934967655238,1857609.0,164843423.79999995,0.0043289999999999,0.0,56276999.999998696,0.0,0.0,0.0,1.0,3.54,10407278.0,5.407465813827467,0.0,1.0
MLI,Mali,1997,4.288540840148926,14.5525780626861,27.3448799454656,0.0611998736858368,0.651,17.12,10.0550855528651,-1.223,1573.7959999999985,17.582492443972363,17.888076112,1.13269305229187,15.283975538089102,-0.3629997959466937,1.0,37.40718709573936,49.086,6.155825424274379,1.32259632136496,0.0274342809999978,0.0,0.0,0.8500000000000001,0.3960000000000001,-1.796956700346085,0.825,13.637689438196434,0.386,49.4590875160022,0.790047526359558,0.0800446569919586,0.145084753632545,6.75534560859442,45.0487038446352,1926437.0,175708774.39999998,0.016323,0.0,177920700.0,0.0,0.0,0.0,1.0,3.54,10646495.0,16.71166895771801,0.0,1.0
MLI,Mali,1998,6.066863536834717,14.5713900376914,27.3072930976986,0.0647095888853073,0.681,16.73,11.094402736668798,-0.789,1580.005000000001,17.51846323893283,14.824843512,1.1366183757782,15.9882509072581,4.036589459549861,1.0,32.156959222339644,49.592,6.77784578835613,1.22630523337303,0.0421167639999922,0.0,0.0,0.8500000000000001,0.427,-1.786311431464806,0.825,13.38664817288667,0.386,49.1963861783117,0.771761417388916,0.134127363562584,0.14161579310894,6.45326618117715,39.830245090195994,2005314.0,186471049.4,0.020562,0.0,195133380.0,0.0,0.0,0.0,1.0,3.54,10919573.0,17.870055907863797,0.0,1.0
MLI,Mali,1999,7.840343952178955,10.511093360762798,28.070306859668,0.0672228336334229,0.681,16.404,11.5836224073741,-1.107,1633.0869999999995,17.47857176585284,11.501179041,1.14055728912354,15.0363366588065,-1.2019036863750203,1.0,34.1253585776295,50.06,6.59135809236894,0.857007658250554,0.058505120999996,0.0,0.0,0.8500000000000001,0.3335000000000001,-1.7977716566831283,0.825,17.143775909244695,0.386,49.121858397482,0.743623077869415,0.197817131876946,0.120043367147446,3.852472391324699,40.5393029667541,2094937.0,215272697.2,0.023688,0.0,208691280.0,0.0,0.0,0.0,1.0,3.54,11227415.0,18.58765174352244,0.0,1.0
MLI,Mali,2000,9.599999999999994,10.073749860434202,26.5674267955327,0.0689811632037163,0.681,16.02,11.3752727249383,-0.645,1585.3179999999993,16.749,11.726041056,1.14450979232788,16.1980631418107,-0.6776616590467697,1.0,11.349977873703594,50.605,6.32733025410032,1.98597769271002,0.0899536000000011,0.0,0.0,0.8500000000000001,0.24,-1.874809606219089,0.825,2.198888162092288,0.386,49.5097474415832,0.753588140010834,0.187460884451866,0.111827872693539,5.463678118889861,44.6657609790519,2193679.0000000037,196275574.0,0.028717,0.0,244956010.0,0.0,0.0,0.0,1.0,3.54,11559290.0,21.191267802780274,0.0,1.0
MLI,Mali,2001,10.799999999999995,12.6456051203598,26.4332165236526,0.0705563277006149,0.681,15.536,11.351194588874598,-0.342,1774.6490000000013,15.544000000000002,12.01014643,1.14905476570129,18.1624782025305,5.18701191944068,1.0,5.807554445716214,51.3,6.08856602462198,2.46418442782873,0.2014500000000012,0.0,0.0,0.8500000000000001,0.3255,-2.22350833786153,0.825,-1.201132273625169,0.386,47.6144991376994,0.725122451782227,0.180141374468803,0.143249735236168,5.3525949253061,49.3239069915403,2301214.0,190932475.5,0.041273,0.0,332660380.0,0.0,0.0,0.0,1.0,3.54,11912158.0,27.92612220220719,0.0,1.0
MLI,Mali,2002,13.0,12.4471715665414,27.4767257840254,0.0722967758774757,0.732,15.062,12.328023691735204,-0.989,1773.3120000000015,16.845,11.695243239,1.15361785888672,18.7136583189126,5.03282275711194,1.0,5.6675380158208295,51.995,6.16412553049599,3.7215538095535505,0.374136,0.0,0.0,0.852,0.411,-2.41620224552146,0.825,-1.1179523691368702,0.402,45.3849080030397,0.717258155345917,0.186045914888382,0.122757405042648,6.81256049490343,46.3529227419891,2418202.0,187156961.20000005,0.056019,0.0,507532140.0,0.0,0.0,0.0,1.0,3.54,12288050.0,41.30290322711903,0.0,1.0
MLI,Mali,2003,14.699999999999996,15.2523059260101,22.9908148143688,0.0743332356214523,0.756,14.632,12.515101411548798,-0.914,1873.9540000000015,19.627,11.794199515616915,1.15819895267487,18.5180716381273,-1.3467261904762111,1.0,6.193110192177981,52.632,7.26863137548352,1.27153977926327,1.9489500000000035,0.0,0.0,0.851,0.258,-0.500194477950559,0.825,-1.4125881418782154,0.384,49.616048926588,0.723746955394745,0.170644983649254,0.168281376361847,5.30099092296633,46.8915346664625,2544529.0,192428657.1,0.045529,0.0,473501600.0,0.0,0.0,0.0,1.0,3.54,12684955.0,37.32781078056642,0.0,1.0
MLI,Mali,2004,16.39999999999999,14.3577172761179,23.7241309998183,0.0777444094419479,0.756,14.214,14.302163640768,-0.716,1842.0220000000008,19.399,14.07431060888549,1.16279828548431,16.8551885175856,-3.099781280639572,1.0,6.341770625617771,53.253,5.96052298011219,0.876718794578996,3.105240000000002,0.0,0.0,0.851,0.452,-1.76149845996482,0.825,-1.4899847197289289,0.384,50.1080870456577,0.745840847492218,0.192328423261642,0.141699329018593,3.89561485181635,44.0120986422566,2680367.0,169507935.5,0.037911,0.0,432185400.0,0.0,0.0,0.0,1.0,3.54,13102409.0,32.98518615927804,0.0,1.0
MLI,Mali,2005,18.200000000000003,13.5164185842765,24.268706340607096,0.0809938386082649,0.756,13.843,12.483117413502704,-1.075,1898.5879999999995,18.87,14.064713259716772,1.16741585731506,20.6177348469944,6.39788293897883,1.0,8.67916666666667,53.792,8.6913178884911,0.0,5.628230000000002,0.0,0.0,0.851,0.174,-2.20993274247091,0.825,-2.6970599167177003,0.384,46.3414087058786,0.738352835178375,0.180879950523376,0.15547014772892,2.79148479768263,44.9124085077551,2825607.0,131933055.10000002,0.0492299999999999,0.0,585836999.9999988,0.0,0.0,0.0,1.0,3.54,13538647.0,43.27145836655604,0.0,1.0
MLI,Mali,2006,16.60000000000001,18.7545506367398,22.200470279959,0.0829466879367828,0.756,13.459,13.033840402586598,-0.676,1922.4900000000016,49.854,14.33113007039822,1.17825269699097,24.1071894414728,1.5435259692758194,1.0,4.73666666666667,54.305,8.55028091280195,4.84997517094625,10.8144,0.0,0.0,0.851,0.414,28.212612128609997,0.825,-0.8442517219147261,0.384,45.2894690334213,0.729619920253754,0.156860560178757,0.160465613007545,7.41659931305695,49.0190773449704,2979726.0,31950447.200000048,0.0583819999999999,0.0,922435599.9999985,0.0,0.0,0.0,1.0,3.54,13990139.0,65.9346987188618,0.0,1.0
MLI,Mali,2007,21.700000000000003,17.4086566700565,23.308453384611305,0.0836008340120316,0.705,13.101,13.6593665962248,-0.634,1925.0269999999985,18.705,13.963169083594227,1.18919003009796,22.8987343041739,1.4120020171457703,1.0,4.751666666666669,54.756,9.39869144313313,4.75208548839515,17.5054,0.0,0.0,0.854,0.23,-2.42853348176378,0.825,-1.49014626957217,0.387,46.104121556801,0.732174277305603,0.169965833425522,0.170315116643906,7.86264147796427,46.8977916240376,3143092.0,37786938.0,0.052753,0.0,933728100.0,0.0,0.0,0.0,1.0,3.54,14457775.0,64.58311185503993,0.0,1.0
MLI,Mali,2008,23.4,13.2959392084177,23.8672330814583,0.0830680131912231,0.681,12.756,10.2485311515508,-0.312,1951.7409999999984,16.842,16.151769584,1.20022904872894,22.9179833333908,9.17098813667678,1.0,4.98416666666667,55.187,10.0224865884625,3.77819115865768,23.0146,0.0,0.0,0.854,0.21,-1.64985606901767,0.825,-1.1983311855701402,0.396,46.1069254019307,0.731533646583557,0.176335871219635,0.193284004926682,6.91973321599543,53.6430193090625,3315701.0,64540393.5,0.0411599999999999,0.0,876707999.9999977,0.0,0.0,0.0,1.0,3.54,14940782.0,58.67885630082801,0.0,1.0
MLI,Mali,2009,24.0,15.9366606138291,25.1844479674011,0.0822122022509575,0.681,12.437,13.865981180427802,-0.905,1977.6219999999992,19.044,14.866395888,1.21137046813965,24.1177890486017,2.4637518857229903,1.0,4.977499999999999,55.588,9.9231624876607,5.56653503531067,28.8979,0.0,0.0,0.854,-0.076,-3.38118215938275,0.825,-0.9978646057155798,0.396,42.5421004229471,0.669793367385864,0.172493472695351,0.159051805734634,8.60703288880241,40.5413815805662,3497044.0,183972782.79999995,0.042364,0.0,1008263200.0,0.0,0.0,0.0,1.0,3.54,15435539.0,65.32089355609804,0.0,1.0
MLI,Mali,2010,27.0,13.3457859473682,25.985719669827205,0.080751396715641,0.681,12.12,15.144154913288196,-0.688,2018.0220000000008,17.694,14.431499802,1.22261524200439,23.77623896597,1.1089269067018606,1.0,5.11333333333333,55.993,9.34518439969232,5.05956970490197,46.6622,0.0,0.0,0.865,-0.183,-2.16692476838414,0.835,0.8700988720747951,0.375,42.7504445319706,0.689862430095673,0.176650747656822,0.169618830084801,7.66975245102324,48.8166953660615,3689072.0,186682100.9,0.0424,0.0,1250800000.0,0.0,0.0,0.0,1.0,3.54,15945198.0,78.44367940743038,0.0,1.0
MLI,Mali,2011,28.799999999999997,14.8253418148315,27.5615497296504,0.076417863368988,0.681,11.812,15.4832101716404,-0.777,2017.0950000000012,17.145,15.730548759,1.23921501636505,23.9979253880521,2.9556439522939204,1.0,5.255916666666671,56.367,8.49025048414414,6.395870968406981,65.7107,0.0,0.0,0.865,-0.708,-2.83880502417649,0.835,-6.427206105836863,0.382,41.2722148413838,0.700644373893738,0.214164361357689,0.164926424622536,8.91011559605289,43.1814699132908,3892948.0,229811161.0,0.0411,0.0,1504260000.0,0.0,0.0,0.0,1.0,3.54,16469049.0,91.33860734763738,0.0,1.0
MLI,Mali,2012,25.6,17.0972304285237,30.7772665359157,0.0708309039473534,0.681,11.559,16.447452249772304,-0.643,1942.703000000001,14.575,9.700247811,1.25604009628296,23.4100351460877,5.32312847064058,1.0,5.03916666666667,56.696,8.24735982192905,9.07448874069243,86.1757,0.0,0.0,0.846,-2.034,-0.438860517980719,0.835,0.1760235629508386,0.38,38.7717273817181,0.72793036699295,0.168474122881889,0.141697064042091,12.1110881558093,49.4252356223808,4096924.0,237436881.7,0.05012,0.0,1793866200.0,0.0,0.0,0.0,1.0,3.54,16957033.0,105.7889195592177,0.0,1.0
MLI,Mali,2013,32.4,17.0499622003912,28.496811607685306,0.0662725940346718,0.627,11.217,17.582470533778295,-1.29,1930.0989999999983,17.387,11.400228476,1.27309358119965,22.6884096448375,-0.6067363563515631,1.0,5.2875,57.052,8.1709300422976,5.44508230561883,113.115,0.0,0.0,0.802,-1.722,-1.8766283018731096,0.841,5.62291518418872,0.387,41.5078597880673,0.796576261520386,0.174373626708984,0.146242380142212,8.51315574828752,54.6032439863007,4313112.0,276568115.0,0.048577,0.0,1464183849.0,0.0,0.0,0.0,1.0,3.54,17459615.0,83.8611761485004,0.0,1.0
MLI,Mali,2014,34.2,15.8746004257663,29.3244531265672,0.0625284463167191,0.599,10.887,18.55947925554,-1.258,2002.335999999999,17.131,11.283708714,1.29037868976593,24.0582958024424,0.8838145471378418,1.0,5.338333333333331,57.482,9.95859136221206,3.930763704579301,130.44,0.0,0.0,0.802,-1.714,-2.29810627112995,0.841,3.45332646213888,0.387,40.1987213398366,0.794725954532623,0.16380001604557,0.145028501749039,7.24892090404468,51.078682187569,4552942.0,264250446.2,0.04789,0.0,1276793270.0,0.0,0.0,0.0,1.0,3.54,18020267.0,70.85318269701553,0.0,1.0
MLI,Mali,2015,37.6,15.7930580538141,30.525122276133004,0.0595121085643768,0.599,10.59,21.016858232422106,-0.823,2060.0600000000013,19.117,12.522782311,1.30789840221405,22.3555320283093,1.4506905760596105,1.0,5.15416666666667,57.852,8.9191214245065,3.6996322116691,122.083,0.0,0.0,0.794,-1.683,-1.2292021149963,0.841,2.27159167414957,0.387,40.0970307151047,0.855999648571014,0.174702569842339,0.155724495649338,7.42711000514874,53.5751760102265,4805741.0,255981852.4,0.049108,0.0,1195957584.0,0.0,0.0,0.0,1.0,3.54,18593022.0,64.32292631074174,0.0,1.0
MLI,Mali,2016,38.8,17.1826300414285,30.9987192702461,0.057127445936203,0.599,10.268,22.1370457826586,-0.531,2112.148000000001,18.313,12.730364406,1.32565605640411,21.8908239361417,-1.7996470708338617,1.0,5.295,58.286,8.21316833674848,5.32271470621413,105.348,0.0,0.0,0.794,-1.613,-3.27016683619007,0.841,3.63675094593401,0.387,39.318867039934,0.82843941450119,0.166702255606651,0.168812990188599,8.99083015150657,53.6126193604252,5075493.0,288442511.0,0.050205,0.0,1316609870.0,0.0,0.0,0.0,1.0,3.54,19191289.0,68.60455647351255,0.0,1.0
MLI,Mali,2017,34.8,14.8579706977907,31.4007766435761,0.0551422126591206,0.626,10.033,21.7776424964418,-0.669,2153.8050000000003,20.059,11.660259253,1.34365475177765,22.1743386291663,1.7598574292716496,1.0,5.140000000000001,58.562,8.25970658668328,4.39794476162732,111.21,0.0,0.0,0.8199999999999998,-1.903,-2.02771928032969,0.749,3.4090512877866797,0.361,38.465341607849,0.785705924034119,0.159655541181564,0.146208211779594,7.81614668872422,49.4919984941972,5362326.0,334118980.7,0.0535999999999999,0.0,1391266500.0,0.0,0.0,0.0,1.0,3.54,19813011.0,70.21984190085999,0.0,1.0
MLI,Mali,2018,50.9,16.0382615912056,32.4975413984656,0.0534223467111588,0.629,9.774,21.4473604453662,-0.641,2185.535,15.565,11.90625819,1.36189782619476,23.2080317204235,0.2995465073878431,1.0,5.140000000000001,58.873,8.40614559340644,5.38053448505117,107.404,0.0,0.0,0.822,-2.084,-3.8564544443920297,0.695,3.4090512877866797,0.356,37.7025904458647,0.775270044803619,0.157252907752991,0.132967308163643,7.74269774600288,50.6998462523276,5662426.0,440690389.0,0.0636,0.0,1617352800.0,0.0,0.0,0.0,1.0,3.54,20442030.0,79.11899160699794,0.0,1.0
MLI,Mali,2019,47.89999999999999,15.7067543932048,32.2682205547332,0.0522737540304661,0.592,9.475,20.6750806962891,-0.351,2219.1889999999985,21.465,13.016547811,1.38038861751556,23.0829741121544,-1.658266948463652,1.0,5.140000000000001,59.217,7.48007971697158,5.69040949691231,108.815,0.0,0.0,0.802,-2.214,-0.655822596750064,0.726,3.4090512877866797,0.386,37.2907298223604,0.789921998977661,0.156454056501389,0.144452124834061,7.85842877214771,53.9987132798636,5973329.0,446739781.3,0.0657,0.0,1802680200.0,0.0,0.0,0.0,1.0,3.54,21068405.0,85.56320234018665,0.0,1.0
MMR,Myanmar,1995,48.03010630276688,10.700001888352038,44.29854718299145,0.0810461565852165,0.673,10.604,7.581561327470652,-1.565,953.0190000000002,19.27,6.5341013960000005,1.43776202201843,19.84018739031389,25.1947123972847,0.0,20.3076923076923,58.671,13.57424137652836,0.182096421515765,0.0064505320000023,1.46070698160384,0.7800357405008249,0.887,-1.259,-2.926595243765317,0.1809999999999999,0.591006433392379,0.045,38.86928875073376,0.660418033599854,0.143678858876228,0.0736773014068603,19.0675432411162,61.699139044212046,11353225.0,0.0,38.93773953995225,0.0,339207296.6163269,0.0,0.0,1.0,0.0,9.83,42605338.0,7.961614965155937,0.0,1.0
MMR,Myanmar,1996,47.13773229368097,10.735998539352469,47.55874571461872,0.0819343104958534,0.673,10.376,9.564256673148314,-1.599,953.0190000000002,19.27,7.081950277000001,1.4530200958252,17.277525563322286,16.2753966377374,0.0,20.3076923076923,59.169,13.599146987789206,0.0748796567906364,0.0167191079999966,1.4103675273612,0.714927259697034,0.887,-1.259,-2.9143783658750566,0.1809999999999999,-2.21867392773399,0.045,38.860240809725326,0.678554892539978,0.134918287396431,0.0801683291792869,16.9886099764758,61.5907420143532,11575759.0,0.0,35.82820676143763,0.0,348257118.95360166,0.0,0.0,1.0,0.0,9.83,43154860.0,8.069939722979095,0.0,1.0
MMR,Myanmar,1997,47.24063589597925,13.620666133059018,47.40337602274933,0.0826688408851624,0.673,10.235,10.318898731497498,-1.566,953.0190000000002,19.27,7.480331421999999,1.46844029426575,17.40920888585439,29.6972325791529,0.0,20.3076923076923,59.523,12.561412903313078,0.058469240751982,0.0193122689999967,1.4074117440653,0.6887940261304379,0.887,-1.3725,-3.2308608163257624,0.1809999999999999,-10.080055551951402,0.045,37.68300409876745,0.693413972854614,0.131245464086533,0.0876404345035553,15.0830712313948,45.308022098080784,11801923.0,0.0,36.82797727249113,0.0,334962806.7525344,0.0,0.0,1.0,0.0,9.83,43708798.0,7.663509912867757,0.0,1.0
MMR,Myanmar,1998,45.495572572373625,16.497194882251748,46.75847857286202,0.0838839039206505,0.673,10.09,9.69920038564372,-1.628,953.0190000000002,19.27,7.944505708000001,1.48402392864227,15.829666574719818,51.4875497504079,0.0,20.3076923076923,59.896,13.591816272645758,0.0752857094148597,0.0191301209999963,1.44765762205338,0.4836029275207396,0.887,-1.486,-3.2485682894260486,0.1809999999999999,-11.4246420474345,0.045,41.56151057290205,0.582367479801178,0.139167070388794,0.0824714154005051,14.6521009115073,42.47682041116439,12028952.0,0.0,37.039243881862454,0.0,251594154.6108156,0.0,0.0,1.0,0.0,9.83,44257793.0,5.6847424500091,0.0,1.0
MMR,Myanmar,1999,46.76155191622341,15.67389271828982,42.69147412810157,0.0856374800205231,0.673,10.043,8.09772088096716,-1.467,1018.7599999999984,17.389,7.864041842999999,1.49977314472198,19.10191761102362,18.4010433741609,0.0,19.8461538461538,60.107,15.474094127440251,0.193560297439585,0.025285494000002,1.27486861904363,0.622091052701597,0.887,-1.58,-3.0538759308760204,0.1809999999999999,-2.2784776861827893,0.045,38.92522428619535,0.625696837902069,0.156226977705956,0.0966907814145088,9.29372690499582,48.256537666166096,12252698.0,59668497.79999995,57.77385884679256,0.0,320695019.3565194,0.0,0.0,1.0,0.0,9.83,44787724.0,7.160333026891909,0.0,1.0
MMR,Myanmar,2000,41.9,15.523020342179391,57.2386452556231,0.0873563960194588,0.673,9.983,9.51740928593184,-1.425,1130.1059999999998,14.621,7.307230286999999,1.51568937301636,9.69226113586128,-0.1091655146685646,0.0,18.7692307692308,60.357,12.89926546324043,0.2100156682476029,0.0295799000000087,3.2424384672353,1.3284777052521202,0.887,-1.674,-4.53016779236179,0.1809999999999999,15.9156494626897,0.0479999999999999,38.76659732924047,0.680536448955536,0.174166917800903,0.111939579248428,10.8456569216916,59.50731418530374,12470655.0,56642709.29999995,61.633906636753565,0.0,441983946.92282134,0.0,1.0,0.0,0.0,9.83,45290841.0,9.758793106156306,0.0,1.0
MMR,Myanmar,2001,43.0,22.071281771075306,57.0691916368966,0.0898438915610313,0.673,9.918,11.002171582463,-1.541,1256.0790000000015,12.086,6.968569090000001,1.53401160240173,10.5804943321805,21.101305376923,0.0,18.4615384615385,60.64,16.94656598346571,0.1579968640023701,0.049531199999997,6.67584865927321,0.978658400478298,0.887,-1.5419999999999998,-4.86400190228925,0.1809999999999999,-5.112702696148968,0.0479999999999999,39.920388777518134,0.740452766418457,0.131713032722473,0.10461400449276,15.8304411877684,58.20857168365193,12683506.0,54635080.0,61.12837741220514,0.0,399779259.1654032,0.0,1.0,0.0,0.0,9.83,45771139.0,8.734308734711696,0.0,1.0
MMR,Myanmar,2002,47.0,21.634618719758947,54.5283327348715,0.0894675478339195,0.673,9.852,10.344847140877,-1.57,1367.039000000001,10.729,7.042280993,1.55255532264709,13.0068954922166,57.0745112621703,0.0,18.4615384615385,60.925,14.937530601162177,0.167467304935829,0.1037839999999903,7.0882670077694,1.34949335508262,0.887,-1.41,-2.75431975516256,0.1809999999999999,-16.286880174983693,0.0479999999999999,40.00414424747677,0.833215475082398,0.0950323715806007,0.110449992120266,17.4019189724924,32.749811281499504,12891961.0,59103772.5,66.5905851375869,0.0,429935529.1514716,0.0,1.0,0.0,0.0,9.83,46232653.0,9.299391258197353,0.0,1.0
MMR,Myanmar,2003,45.1,24.071817922778507,50.620560861897,0.0863882005214691,0.673,9.777,4.095681213224005,-1.451,1534.690999999999,9.585,7.727804544,1.5713232755661,14.2582573952557,36.5897175323924,0.0,18.4615384615385,61.196,12.853921893111991,0.171509030585781,0.1425350000000023,8.04869867586634,1.3677409741701498,0.887,-1.154,-3.15105335961678,0.1809999999999999,-1.6888459672690193,0.0479999999999999,37.68393383054421,0.816467881202698,0.0728718265891075,0.116020739078522,20.1839434402257,42.40979953952149,13093322.0,64601059.79999995,73.2136114799926,0.0,568455375.0692,0.0,1.0,0.0,0.0,9.83,46667192.0,12.181049484811515,0.0,1.0
MMR,Myanmar,2004,46.2,20.83229603185744,48.1650901865787,0.0834236219525337,0.673,9.708,4.74016289477332,-1.416,1757.539000000001,9.428,8.578592745,1.59031808376312,16.3663619555986,4.53421374129692,0.0,18.4615384615385,61.443,12.893555379298752,0.380102975010015,0.1964189999999988,8.14214332520292,1.7450533325152402,0.887,-0.985,-3.5240467856731,0.1809999999999999,14.3438692782131,0.0479999999999999,37.91082838703636,0.84423041343689,0.0799323320388793,0.13545398414135,18.8644610196514,42.68477088745188,13285447.0,67515556.70000005,83.2072212318707,0.0,835145259.0275743,0.0,1.0,0.0,0.0,9.83,47068772.0,17.743085777287206,0.0,1.0
MMR,Myanmar,2005,47.3,25.686508419381436,46.687240402588,0.0804338082671166,0.673,9.637,4.657059701001529,-1.468,1983.664000000001,10.587,9.59880235,1.6095423698425295,17.512204636055,9.36861814196704,0.0,18.4615384615385,61.72,12.61088185843797,0.547781794950616,0.271298999999999,9.26676467372353,2.91494528517854,0.887,-0.899,-2.36680972547306,0.1809999999999999,-0.5890992343959001,0.0479999999999999,38.94265046319052,0.842639625072479,0.096707858145237,0.152387857437134,18.7820488600823,33.33915181059922,13468128.0,62136084.0,94.34773827429292,0.0,1069380006.5419228,0.0,1.0,0.0,0.0,9.83,47438365.0,22.542513987189963,0.0,1.0
MMR,Myanmar,2006,48.4,26.339817461894295,43.918958474559,0.0775117501616478,0.673,9.567,3.877139918310576,-1.541,2234.0629999999983,11.556,11.26778166,1.63307785987854,19.2372930203744,19.9964873359214,0.0,19.7948717948718,62.026,13.296046420312852,0.789794091849695,0.4482860000000102,7.11993514076936,3.19885684353995,0.887,-0.8499999999999999,-2.38073396054764,0.1809999999999999,-1.2412372798146205,0.0479999999999999,36.91263938535346,0.826422393321991,0.109680771827698,0.163310036063194,17.7577369198911,50.07042394707313,13643496.0,65402285.600000024,74.51861442414703,0.0,1199828309.3834238,0.0,1.0,0.0,0.0,9.83,47785135.0,25.108819079059288,0.0,1.0
MMR,Myanmar,2007,49.5,25.938037231185348,43.3227660063537,0.0759842842817307,0.673,9.49,3.42373646489974,-1.373,2497.732,11.576,12.33216918,1.65695738792419,20.4091296662276,35.0245970717698,0.0,20.9230769230769,62.367,17.987803265380535,0.558920259472605,0.5145780000000002,5.5796017245025,2.3101648355841307,0.887,-1.066,-2.49445910478856,0.1809999999999999,-2.20053800996142,0.0479999999999999,36.92371200568727,0.834433138370514,0.0948237255215645,0.181217908859253,15.8146237862238,53.04284828439848,13815694.0,68699788.5,71.42858790474021,0.0,1372745130.4105318,0.0,1.0,0.0,0.0,9.83,48125043.0,28.524548651531216,0.0,1.0
MMR,Myanmar,2008,50.6,25.11850183187981,40.275095637548496,0.0750660672783852,0.673,12.279,3.121102901596288,-1.557,2669.3410000000003,11.073,14.108840878,1.6811860799789398,22.6658154224732,26.7995371934022,0.0,20.9230769230769,56.364,18.105759987909337,0.1737285703133479,0.7592110000000005,3.82889756804556,2.15334545377525,0.887,-1.092,-1.5926580733024598,0.1809999999999999,6.42889038450246,0.0479999999999999,37.0590889399783,0.762366116046906,0.0770595967769623,0.178087458014488,13.9641200526851,64.03400046625208,13964932.0,66961698.0,54.77358302310299,0.0,1479269235.027983,0.0,1.0,0.0,0.0,9.83,48390793.0,30.569229047930314,0.0,1.0
MMR,Myanmar,2009,51.8,12.7473546626535,38.1081206105058,0.0734102725982666,0.673,9.3,3.472176911485299,-1.609,2767.993000000002,10.336000000000002,16.922742315,1.70576906204224,24.5320050982062,1.4723431138564695,0.0,20.9230769230769,63.095,16.725370930052883,0.0588315684326681,1.031649999999992,2.68196178358611,0.7161079307197955,0.887,-1.294,-2.21677862121299,0.1809999999999999,15.2981426068898,0.0519999999999999,37.3598731111395,0.778845012187958,0.0865718349814415,0.213901072740555,8.97077901763052,59.126472896568885,14113185.0,385273926.7,58.63457068368527,0.0,983843579.8147416,0.0,1.0,0.0,0.0,9.83,48660459.0,20.21854294088639,0.0,1.0
MMR,Myanmar,2010,48.8,21.9902876960355,36.853075751266,0.0715733617544174,0.677,9.212,4.766953785122929,-1.392,2893.0400000000027,9.848000000000004,20.858052617,1.72537803649902,26.4680642743774,7.71838195873614,0.0,20.9230769230769,63.479,19.8620828512879,0.258338989970332,1.2116400000000098,2.3936503114907905,0.9763362614873676,0.862,-1.286,-3.98957007076608,0.265,12.9665999215391,0.0959999999999999,36.6788599743565,0.636058390140533,0.0769029855728149,0.222075909376144,7.98804207462158,53.8721883656818,14286456.0,378476232.8,65.88696937073888,0.0,1336183877.8445375,0.0,1.0,0.0,0.0,9.83,49024382.0,27.25549661889746,0.0,1.0
MMR,Myanmar,2011,54.1,33.5739587914567,32.4961825024034,0.0725038573145866,0.717,9.125,6.746762064036012,-1.392,3028.997000000001,10.233,23.359990471,1.73815476894379,31.2916488307023,5.0214601462073,0.0,20.1025641025641,63.859,19.721311969926,0.470504517699231,2.516439999999996,1.83559798767907,1.0064388360072396,0.751,-1.111,-3.41106413628541,0.3109999999999999,8.93204412182702,0.2299999999999999,36.2121686668943,0.585649251937866,0.077530637383461,0.253971636295319,7.3614633514873,50.30769559753968,14466405.0,377306419.9,69.89886285450524,0.0,1746167895.4839325,0.0,1.0,0.0,0.0,9.83,49419820.0,35.33335199286304,0.0,1.0
MMR,Myanmar,2012,55.3,35.4273480804429,30.5901997024538,0.0745498463511467,0.611,9.043,9.310266145082856,-1.257,3200.387999999999,16.37,24.305306197,1.75102591514587,32.3730207966326,1.4675832267467896,0.0,16.0,64.251,20.0923540449082,0.231051010262153,7.483559999999997,1.6427752400454,0.771527109079778,0.72,-0.944,-1.2945347814554498,0.315,12.4792891965108,0.246,37.0367795009136,0.574870467185974,0.112194091081619,0.251082330942154,5.95623957618071,70.17338368243645,14650031.0,377711895.1000001,80.61921967362025,0.0,1624926251.5219371,0.0,1.0,0.0,0.0,9.83,49837446.0,32.60452494941128,0.0,1.0
MMR,Myanmar,2013,56.5,34.7102371910931,29.533725360499304,0.0752889662981033,0.562,8.982,12.8385297285065,-1.293,3424.733,21.214,24.948136691966976,1.76399254798889,32.3622196006021,5.64303883425501,0.0,16.0,64.617,19.9159137514953,0.517429829412603,13.593400000000004,1.59345178892816,0.6610948415136875,0.605,-1.14,-0.226776816111908,0.354,11.1344548361722,0.358,38.1040550388986,0.541845977306366,0.158514618873596,0.260840773582459,5.85283366421301,99.54472275670452,14832709.0,378468655.6,92.26633824738114,0.0,1588645045.5053146,0.0,1.0,0.0,0.0,9.83,50262658.0,31.606864991209072,0.0,1.0
MMR,Myanmar,2014,52.0,32.3963252573034,27.829802575961203,0.0752721577882767,0.556,8.92,15.575243666397904,-1.619,3673.822,22.462,26.09759177192894,1.77705514431,34.4897147952325,4.953299184843999,0.0,16.0,64.994,19.9307583033707,0.798589733591853,57.2778,2.48423798053391,0.5289362813769536,0.605,-1.088,0.175212665759989,0.367,11.6348268756635,0.366,37.6804826288063,0.534178376197815,0.195511773228645,0.266891092061996,7.88242876018736,85.01345465205986,15010093.0,356056874.3,87.05785060757454,0.0,1457613016.1650753,0.0,1.0,0.0,0.0,9.83,50681634.0,28.760181965819715,0.0,1.0
MMR,Myanmar,2015,60.5,32.1124908645523,26.771778645598,0.074900783598423,0.453,8.904,18.1305513861133,-1.468,3914.3390000000018,21.425,26.5810463263336,1.79021441936493,34.4688212621502,9.45417189526018,0.0,16.0,65.288,20.8081418827878,0.359737628124076,80.2397,3.15576965417731,0.1466041023391282,0.569,-1.1670000000000005,-3.2219441963690993,0.381,11.3920487516415,0.415,38.7594000921142,0.531890630722046,0.205751091241837,0.287716150283814,6.61317909325215,117.83316294952186,15181972.0,340555761.1,168.42597937792104,0.0,1164657966.4313607,0.0,0.0,1.0,0.0,9.83,51089056.0,22.796623340062514,0.0,1.0
MMR,Myanmar,2016,55.6,26.133204998825,25.6286228737595,0.0741909146308899,0.43,8.861,22.0063669806599,-1.283,4130.236000000001,19.565,25.85118401221783,1.80347120761871,34.8095048832944,6.92882525816076,0.0,16.0,65.64,22.7953506749618,0.652374910582734,98.2343,2.61215166075448,0.1035308407501727,0.433,-0.808,-1.2556018436005898,0.394,11.9521699151559,0.528,39.5618722429461,0.496433049440384,0.264228194952011,0.275430411100388,6.8108721648708,96.65880868718996,15352369.0,330381628.9,254.93949043352137,0.0,1469675863.1703155,0.0,0.0,1.0,0.0,9.83,51495696.0,28.539780551180733,0.0,1.0
MMR,Myanmar,2017,69.8,26.3453291230541,23.4041280962744,0.0732524245977402,0.39,8.855,24.50054608091,-1.122,4332.722,17.909,25.305050597,1.8168261051178,36.8009211203558,4.5725365531752,0.0,16.0,65.909,24.0940353438783,1.10184604979825,92.3918,2.58866845782587,0.1523476829778758,0.432,-1.084,-1.9871893897992097,0.409,9.56481061128967,0.543,39.7949507833698,0.503864228725433,0.248801678419113,0.2826908826828,7.82010371696471,118.52772227110889,15519270.999999998,349993805.0,208.22520066075745,0.0,1580120781.652262,0.0,0.0,1.0,0.0,9.83,51894938.0,30.448456873621506,0.0,1.0
MMR,Myanmar,2018,66.1,26.8646643221209,22.0756064041111,0.071688175201416,0.385,8.827,26.2093085820638,-0.997,4575.100999999999,17.629,24.365279656,1.83027982711792,36.9634615021809,6.87232865662935,0.0,16.0,66.232,24.9118739981676,1.21505683329675,116.972,3.24961569445266,0.1568143468377503,0.348,-1.267,-1.2720885127076298,0.421,10.118468387409,0.575,40.960932093708,0.454642444849014,0.331094056367874,0.231702327728271,6.70278022169487,100.5219212775103,15678315.0,341799545.2,303.2567305390814,0.0,2070274218.5334787,0.0,0.0,1.0,0.0,9.83,52272247.0,39.60560980922589,0.0,1.0
MMR,Myanmar,2019,68.3,30.8093616064269,20.8421577754282,0.0695008337497711,0.385,8.847,26.6379014764853,-1.344,4848.559000000001,16.349,24.269173167000005,1.8438333272934,38.4126110918443,8.82506696804558,0.0,16.0,66.457,25.3200721248355,0.682240313219997,155.669,3.23186360116772,0.1013847000710592,0.384,-1.33,-3.18713702289839,0.454,10.032984943461,0.574,40.7452311327275,0.4253784716129299,0.3565577864646909,0.231481343507767,5.88188183004994,104.94481481784102,15833402.0,339841832.4,347.6685540564061,0.0,2061139017.5270736,0.0,0.0,1.0,0.0,9.83,52640713.0,39.154846126933606,0.0,1.0
MNG,Mongolia,1995,68.852314836272,39.523065621678,32.5428245706631,0.0322764255106449,0.343,8.488,7.957424668831258,-0.723,4308.2069999999985,21.629,18.663382299,2.5105082988739,32.8445985623923,0.0435161009571931,1.0,48.0625,60.892512195122,17.2814541140671,10.1730139346072,0.0,0.0,0.0,0.291,0.7470000000000001,-4.69164627195846,0.936,50.9791099000427,0.746,29.313357008812204,0.789607167243958,0.168583288788795,0.111695699393749,12.7224494661582,82.1036587592106,1263587.0,46995381.69999993,126.944504,0.0,684361799.9999987,0.0,0.0,1.0,0.0,0.57,2224945.0,307.5859403266142,0.0,2.0
MNG,Mongolia,1996,47.850086370294775,33.3889104274116,38.47700455747819,0.031905185431242,0.346,8.347,8.84510855083812,-0.277,4340.603999999999,21.739,29.20585981,2.53017687797546,23.6539827816913,46.8899521531102,1.0,48.0625,60.994,7.67671831041256,4.45960546415221,0.0381835980000033,0.0,0.0,0.366,0.7470000000000001,-6.354500664898441,0.936,50.9791099000427,0.757,31.7541064055949,0.717373192310333,0.194534376263618,0.167446404695511,6.75909440795854,77.9740756901741,1282092.0,43577378.70000005,126.137976,0.0,607616900.0,0.0,0.0,0.0,0.0,0.57,2259507.0,268.91569709675605,0.0,2.0
MNG,Mongolia,1997,52.668407028430494,37.5453625591546,32.2368838484952,0.031790018081665,0.349,8.058,5.162680546142639,-0.356,4448.243999999999,22.74,32.609433672,2.54999971389771,28.5247780897138,36.5561148948773,1.0,48.0625,61.414512195122,8.45724490084642,6.12310888507932,0.0839711290000053,0.0,0.0,0.366,0.55,-5.82414747565763,0.936,50.9791099000427,0.757,32.0685963160347,0.590206980705261,0.201223134994507,0.199345037341118,8.03449122945997,99.9914490021753,1299411.0,47554314.79999995,134.953451,0.0,599111680.0,0.0,0.0,1.0,0.0,0.57,2291750.0,261.4210450529072,0.0,2.0
MNG,Mongolia,1998,62.808950547954986,30.8559332922542,32.4333687636968,0.0319511145353317,0.349,7.695,9.122807107354298,-0.57,4532.677,23.851,30.950711656,2.56670713424683,22.6048360041451,9.35704217716548,1.0,48.0625,62.0830731707317,7.0790830129723,1.57978542547366,0.3755278260000025,0.0,0.0180539444473168,0.366,0.3529999999999999,-11.1634405212861,0.936,50.9791099000427,0.757,37.3783321255612,0.598168253898621,0.295015156269074,0.208340242505074,3.9651366893904,107.351210779428,1316844.0,48322182.70000005,132.99286026591457,0.0,482512964.4967656,0.0,0.0,0.0,0.0,0.57,2323809.0,207.6388225094083,0.0,2.0
MNG,Mongolia,1999,75.50521487815317,33.4345979627298,31.697833066960904,0.032366756349802,0.349,7.363,7.439511279843494,-0.509,4606.184000000001,23.294,26.998736686,2.58022856712341,22.3042457388502,7.56494150307377,1.0,44.0083333333333,62.7895365853659,7.026705143492289,1.63660320087347,1.4231900670000002,0.0,0.069922322154067,0.366,0.5874999999999999,-8.30710892557722,0.936,29.8755875222241,0.757,37.1754051625983,0.606559813022614,0.300658643245697,0.196745201945305,3.2938688580756104,112.241338547745,1335126.0,118350283.20000003,133.40648844319097,0.0,447566025.9297161,0.0,0.0,0.0,0.0,0.57,2356813.0,189.9030707696012,0.0,2.0
MNG,Mongolia,2000,67.3,17.5036521791766,27.4225306231533,0.033298559486866,0.368,7.08,6.932842913624974,-0.645,4601.564999999999,28.707,28.880583183,2.59382128715515,22.1961421557269,11.5955387593327,1.0,36.9526929489206,63.2104878048781,6.70233796742524,3.0351038179094605,6.296889999999998,0.0,0.1194076549405958,0.575,0.8220000000000001,-4.33500764627628,0.936,22.279527069679503,0.618,39.1979237053442,0.567921876907349,0.3498010337352749,0.225128650665283,5.22235025250685,121.886609754208,1354895.0,113798881.10000002,131.26679039887188,0.0,522799464.56892866,0.0,0.0,0.0,0.0,0.57,2388299.0,218.90034060598302,0.0,2.0
MNG,Mongolia,2001,71.7,17.9463205926724,22.9688875084999,0.0344060696661472,0.398,7.0,9.143142626839648,-0.833,4757.027999999998,30.857,23.357526073,2.60908365249634,21.9418832214059,6.27736020484006,1.0,37.35,63.3917073170732,8.24986776096503,2.05198029970624,7.870199999999997,0.0,0.0851257034195285,0.575,0.9965,-3.140940963149,0.936,24.3565503058999,0.618,42.2560506979719,0.557922184467316,0.366278231143951,0.193819418549538,5.74160516265939,115.81832687888,1383331.0,108120364.0,138.87712544319098,0.0,525069631.5488404,0.0,0.0,0.0,0.0,0.57,2417751.0,217.17274919908644,0.0,2.0
MNG,Mongolia,2002,72.8,16.335549661783,18.919125275033,0.0351133346557617,0.388,6.995,14.410405057705,-0.946,4940.028,30.765,21.489952548,2.62443590164185,22.4846271364412,0.91707468718427,1.0,35.5166666666667,63.540243902439,6.39352200388807,2.19867574914092,8.63974000000001,0.0,0.1489431830837286,0.623,1.171,-3.47285284325864,0.936,27.401584080923996,0.612,46.5943186592965,0.580849468708038,0.353570252656937,0.190749391913414,4.4989917153818,118.517253113943,1423644.0,108893594.39999998,137.66025284206285,0.0,492875534.28574264,0.0,0.0,0.0,0.0,0.57,2449027.0,201.2536138988025,0.0,2.0
MNG,Mongolia,2003,76.3,25.2198757157984,18.4395172051068,0.0357337966561317,0.388,7.026,22.3056286186371,-1.037,5240.921999999999,30.282,24.674224772,2.63987851142883,25.2199551531292,5.128994994224191,1.0,31.9066666666667,63.5753658536585,6.645525036486029,2.4691292732248504,12.649699999999996,0.0,0.1968268224451437,0.623,0.963,-2.41835177419459,0.936,19.6578061535576,0.622,45.1543259811307,0.541668593883514,0.347584336996079,0.248750105500221,4.59850143279864,120.299393514881,1472219.0,122020558.79999997,136.50131610797743,0.0,590868756.2770493,0.0,0.0,0.0,0.0,0.57,2480374.0,238.2176060050014,0.0,2.0
MNG,Mongolia,2004,74.8,33.8456555399291,20.0297765271852,0.0367554053664207,0.407,7.069,25.5529272222261,-1.04,5674.289000000001,30.202,22.336273612,2.65541195869446,28.3334403733025,8.24115449417619,1.0,31.4733333333333,64.630243902439,5.530181270017511,9.39485279137489,16.8592,0.0,0.2711880197713814,0.637,0.7750000000000001,-0.6347478757236391,0.936,12.6674725571455,0.615,40.2348364808485,0.506724059581757,0.326615244150162,0.255007684230804,14.9665125748657,131.329318233554,1524688.0,119977925.80000009,139.7531528162772,0.0,1071482292.9509836,0.0,0.0,0.0,0.0,0.57,2508412.0,427.15562393697036,0.0,2.0
MNG,Mongolia,2005,86.2,40.3864445147016,19.7979604915498,0.0381584353744984,0.416,7.018,27.550665048247,-0.962,5974.005000000001,27.548,21.669003982,2.67103672027588,32.496500599666,12.7165674066053,1.0,30.5708333333333,65.2807317073171,5.75904440824678,11.3598576109697,21.7365,0.0,0.3051567478198311,0.661,0.879,3.11471373339822,0.936,8.71984237557576,0.592,37.4557419626278,0.428962469100952,0.326874107122421,0.299215495586395,16.7845880489393,122.381459889773,1580493.0,104691296.20000003,148.48517124093473,0.0,1189597723.1404638,0.0,0.0,0.0,0.0,0.57,2536407.0,469.00900491934607,0.0,2.0
MNG,Mongolia,2006,77.0,46.5390100519041,17.6436708395409,0.0402429662644863,0.41,6.868,30.1190332267899,-1.132,6381.182000000001,33.778,28.590697828,2.69511675834656,38.6926063353314,5.09516661663157,1.0,26.9345496107012,65.9021951219512,5.4346960366418,23.1450183779807,29.979600000000005,0.0,0.4989743790286018,0.66,0.647,8.033825359348851,0.936,4.05599556329609,0.596,33.6016996064578,0.412490844726563,0.280383706092835,0.296875566244125,28.4255991071812,112.929983096983,1638850.0,104110631.5,196.18828730459308,0.0,1794995422.0742369,0.0,0.0,0.0,0.0,0.57,2567168.0,699.2122923292269,0.0,2.0
MNG,Mongolia,2007,78.1,41.9990665863744,18.4279653888713,0.0430901609361172,0.41,6.655,41.5764911231768,-1.138,6841.467000000002,37.939,29.795754911,2.71941375732422,37.7347758580465,9.63096309630964,1.0,21.8283333333333,66.5934146341464,6.2441487861774805,21.296321923898,45.8052,0.0,0.9183132089854258,0.66,0.6680000000000001,3.0133956226923995,0.936,9.13723601081973,0.596,33.9138972323028,0.428074061870575,0.272020280361176,0.313288509845734,27.476852090490695,117.880426425377,1697943.0,102563106.50000012,221.54749818533443,0.0,2191405140.189268,0.0,0.0,0.0,0.0,0.57,2601850.0,842.248838399319,0.0,2.0
MNG,Mongolia,2008,79.2,30.9160746139612,19.2151247825371,0.0455957278609276,0.423,6.555,39.9020112482358,-1.126,7250.477999999999,33.107,30.169273707,2.74392986297607,30.8510356631246,27.955665024630605,1.0,20.5833333333333,67.2460975609756,6.56204437321323,15.5331284367367,66.9284,0.0,1.3677443197846904,0.663,0.54,-4.21710705052959,0.936,-0.7125807395010026,0.587,39.6705514673849,0.488383054733276,0.254454404115677,0.360274970531464,30.7370693872761,121.198013401183,1756917.0,95056359.89999998,214.77053517969375,0.0,2783876995.897748,0.0,1.0,0.0,0.0,0.57,2643201.0,1053.2218306128623,0.0,2.0
MNG,Mongolia,2009,80.3,28.4436551190758,17.8644380709085,0.0476282797753811,0.44,6.654,40.2997280197734,-0.844,6968.893,30.255,21.450767632,2.76866698265076,30.0565585316106,7.6195059351941,1.0,21.6669633454756,67.9690243902439,6.448551725597591,10.8709337580517,84.3808,0.0,1.34708748725095,0.66,0.6100000000000001,-4.74935070906482,0.936,19.484338531706,0.6,43.1000868867331,0.506410896778107,0.243844583630562,0.272469103336334,23.7157273322455,107.813757166177,1812894.0,258357019.3,222.69957639000808,0.0,2054772877.1894925,0.0,1.0,0.0,0.0,0.57,2691115.0,763.5396024285445,0.0,2.0
MNG,Mongolia,2010,78.5,28.9667516339637,11.7325631980129,0.0494225472211838,0.412,6.7,34.191265820963,-1.163,7357.472,32.001,26.82497191,2.79362726211548,33.1942474892146,10.0462065881651,1.0,20.0687801614724,68.5056097560976,6.8140135951620096,14.3767179735502,92.9208,0.0,1.51728063526244,0.658,0.597,0.859265213821614,0.936,-13.7301743093317,0.604,44.8404932199456,0.485923826694489,0.230126649141312,0.324231803417206,35.907762365776,103.350031656557,1857602.0,272731749.9,215.13109129572925,0.0,3594277943.4052877,0.0,1.0,0.0,0.0,0.57,2738622.0,1312.4403234200586,0.0,2.0
MNG,Mongolia,2011,72.1,33.1339888360895,10.3073568180221,0.051633283495903,0.412,6.9,43.4934673304814,-1.151,8474.033,33.918,37.801812322,2.81266522407532,31.3337485626924,8.41121495327101,1.0,16.6094364473738,69.109268292683,7.06994259514331,14.0546863394044,107.181,0.0,1.92131227140389,0.652,0.607,-3.73051019022537,0.936,1.2944583627867,0.602,45.7860011361674,0.45787313580513,0.204811796545982,0.439740151166916,42.2166543859938,126.999228633482,1892456.0000000035,268139647.9,216.43972055600324,0.0,5525432196.223108,0.0,1.0,0.0,0.0,0.57,2786317.0,1983.0594279915417,0.0,2.0
MNG,Mongolia,2012,83.7,30.0164404711896,11.2580245572127,0.0540296100080013,0.407,6.3,43.7217609870053,-1.373,9331.896,29.816,38.498645321,2.83183288574219,30.7715931133163,14.3303348325838,1.0,18.1138144349254,69.500243902439,7.48223219076914,9.88964892039198,120.739,0.0,2.12988232376644,0.66,0.471,-5.489261967428679,0.936,4.72533131942512,0.595,46.8583778990963,0.452316850423813,0.234013363718987,0.429111480712891,22.272954057618904,109.588564338415,1929644.0,233528966.3,224.6893950306205,0.0,4485757431.377181,0.0,1.0,0.0,0.0,0.57,2839705.0,1579.6561373020018,0.0,2.0
MNG,Mongolia,2013,81.2,27.8531321023309,13.4140624660902,0.0552759170532227,0.381,5.9,59.8748579259903,-1.366,10196.617,31.224,31.446690431,2.85113143920898,30.5068923847448,10.4906567588241,1.0,18.4820227869524,70.0980487804878,8.72166390590704,9.84721759372725,100.901,0.0,2.7278590828164,0.636,0.491,0.483367339285659,0.936,15.1340978367254,0.579,44.7170657988719,0.485078662633896,0.24862565100193,0.428442090749741,18.6702255850788,100.311989662943,1970680.0,140009161.39999998,288.84082302659147,0.0,4849192629.663567,0.0,1.0,0.0,0.0,0.57,2899011.0,1672.705839910082,0.0,2.0
MNG,Mongolia,2014,86.0,25.520283247343,13.3412210879498,0.0551278442144394,0.387,5.7,59.2943187125602,-1.4620000000000002,10759.506,28.418,22.982034389,2.87056159973145,31.4976232744188,12.2539808129759,1.0,19.0254306203402,70.5831707317073,8.77729309296388,7.17526010772536,103.92,0.0,3.6358489199923305,0.638,0.792,-1.4743032376670795,0.936,10.7740524626641,0.572,45.8242152655518,0.520771741867065,0.261799037456512,0.300398468971252,16.08653421855,109.322311877187,2014743.0,73415297.0,342.2389588871877,0.0,4586001137.457756,0.0,1.0,0.0,0.0,0.57,2963113.0,1547.697012384528,0.0,2.0
MNG,Mongolia,2015,88.0,17.8900289124141,14.079203180176,0.0537684112787247,0.388,5.8,54.4604207032134,-1.222,10796.04,26.134,16.005970572,2.89012384414673,31.5158775834209,5.73568281938327,1.0,19.5627170198657,70.810243902439,7.01550583710279,5.55352988558207,103.078,0.0,1.71657823790019,0.653,0.712,-1.84985822919813,0.936,18.8380789952191,0.584,46.1686156086131,0.582417011260986,0.273322701454163,0.199957817792892,9.87899879376714,89.653663477814,2058268.0,67564065.79999995,411.8154939540693,0.0,3838862191.5707498,0.0,1.0,0.0,0.0,0.57,3026864.0,1268.2638504969996,0.0,2.0
MNG,Mongolia,2016,90.8,18.5003596922118,12.6278436864479,0.0519326403737068,0.484,5.8,56.9431593815467,-0.959,10738.589,24.382,15.384756958,2.90981936454773,33.1780715301999,0.7332722273143979,1.0,19.7415351110051,70.2239024390244,6.6675055999559705,3.98730978039654,110.746,0.0,1.4469256873878402,0.653,0.7879999999999998,-11.1744235499547,0.936,16.2616757809116,0.583,45.8755640343065,0.581572532653809,0.294909685850143,0.182265907526016,10.050012393618,101.055237224997,2099733.0,65545583.600000024,448.55446837711526,0.0,4332854519.685331,0.0,1.0,0.0,0.0,0.57,3088856.0,1402.7376218526638,0.0,2.0
MNG,Mongolia,2017,93.6,20.1869654549472,11.1372332713568,0.0503804348409176,0.472,5.5,52.8177229331459,-1.148,11137.0,28.461,19.713409786,2.92964935302734,37.4184116118863,4.30143105302342,1.0,20.0069222277202,70.5434146341463,6.898238214797021,7.27119890150608,125.184,0.0,1.7498207808030397,0.679,0.7830000000000001,0.410672969935199,0.936,8.30906021963084,0.596,42.3762941537368,0.547081649303436,0.256401211023331,0.237530782818794,17.0883999734036,115.93290186796298,2138935.0,188875802.70000005,621.9588379927478,0.0,7387532833.496407,0.0,1.0,0.0,0.0,0.57,3148917.0,2346.0551146620905,0.0,2.0
MNG,Mongolia,2018,98.1,24.4293095348453,11.4280045193059,0.049762349575758,0.468,5.6,55.4068400252494,-1.162,11775.079999999998,31.26,22.30287751,2.94961452484131,37.975670332755,6.82424790145522,1.0,17.7142698930509,70.8270731707317,7.053217103383179,9.61105231259492,133.284,0.0,2.22574065348702,0.694,0.831,6.06726615406167,0.936,9.03445571352021,0.584,39.7977094219083,0.554656863212585,0.242472857236862,0.341339141130447,19.8676151919941,126.355873241513,2177345.0,286505844.8,586.4017934359388,0.0,8229345175.966644,0.0,1.0,0.0,0.0,0.57,3208189.0,2565.106100658859,0.0,2.0
MNG,Mongolia,2019,98.9,22.7792551543375,11.5583828612266,0.0497802086174488,0.472,5.6,48.9010221466083,-1.332,12214.531,31.822,26.451989786,2.81514573097229,38.0926977643653,7.30106953550729,1.0,16.996623348027,71.0531707317073,7.06955554689873,6.587264700304,136.719,0.0,1.4439172194730103,0.711,0.637,3.2780741613134303,0.936,6.38744086651105,0.579,39.7406192297241,0.554307639598846,0.251411765813828,0.310986399650574,14.7739570464507,124.396514621165,2216388.0,284864835.7,571.5440905721192,0.0,6297628597.440523,0.0,1.0,0.0,0.0,0.57,3267673.0,1927.2517774699375,0.0,2.0
MOZ,Mozambique,1995,6.599999999999994,13.148826575867096,31.3465539242874,0.0498121492564678,0.524,18.017,8.593047038524801,-0.939,463.1820000000007,16.299,9.417443052,1.1137900352477998,15.4693269155508,12.750290513329883,0.0,29.966666666666697,46.546,11.7128956937643,0.0150093270452553,0.0,0.000240967016585,0.0,0.505,-0.0499999999999999,-1.21157503969492,0.559,17.5689623803126,0.484,51.3714781039121,0.894158601760864,0.0667240992188454,0.229439720511436,19.4861261399571,63.7735360253924,4409430.0,201843046.2,13.682236,0.0,5007718.899999999,0.0,0.0,0.0,1.0,2.29,15960530.0,0.3137564291411375,0.0,1.0
MOZ,Mozambique,1996,6.599999999999994,14.717776502185426,30.953811461577104,0.0485298298299313,0.524,17.531,7.590012434818178,-1.423,497.39400000000023,12.807,8.830074941,1.11690139770508,16.9422309414662,10.527949556651272,0.0,29.966666666666697,47.121,13.16342939865,0.0036115224356583,0.0,0.0001904287596184,0.0,0.505,-0.0499999999999999,-1.03421729100297,0.559,17.5689623803126,0.484,44.6562692925674,0.917181015014648,0.0614613480865955,0.188707768917084,14.4718745782002,51.0292925616374,4645922.0,181021912.1,14.742,0.0,2147023.9,0.0,0.0,1.0,0.0,2.29,16492480.0,0.13018199203515785,0.0,1.0
MOZ,Mozambique,1997,6.599999999999994,13.56736731409301,30.181636938059505,0.0467378124594688,0.524,17.061,9.188736325713052,-0.859,541.3480000000018,14.737,9.817953043,1.1200214624404905,18.3503185023245,8.113633763244186,0.0,29.966666666666697,47.8,14.3506869589303,0.0019612413740625,0.0151315929999995,0.0001806628293009,0.0,0.505,0.031,-0.86681522177108,0.559,17.5689623803126,0.466,44.9046143413079,0.893733084201813,0.0712040215730667,0.18871021270752,11.2193510071238,43.2986819731024,4839623.0,189040713.29999995,13.343,0.0,3105784.599999999,0.0,0.0,1.0,0.0,2.29,16949982.0,0.1832323243765096,0.0,1.0
MOZ,Mozambique,1998,3.663175582885742,13.557491628975315,26.9864037577365,0.0444285199046135,0.524,16.676,9.923992053717464,-0.726,582.6729999999989,13.868999999999998,8.895441576,1.12315034866333,21.7566494452469,2.876475161099716,0.0,24.3525,48.212,16.3456995175275,0.0013947219135644,0.0397383590000046,0.0001606855444282,0.0,0.505,0.1119999999999999,-0.372692932020571,0.559,17.1385650626075,0.466,45.1638964312284,0.868064820766449,0.0814985632896423,0.204717263579369,10.2634941473695,39.0075460593046,4997600.0,207318342.1,11.992,0.0,3463403.3000000003,0.0,0.0,1.0,0.0,2.29,17340464.0,0.19972956317662552,0.0,1.0
MOZ,Mozambique,1999,4.879123687744141,13.802330768807543,22.798186555646502,0.041985847055912,0.524,16.178,10.7436540503819,-0.43,635.2720000000008,15.295000000000002,9.287668566,1.12628781795502,19.8149498260996,11.087700970125336,0.0,19.63,48.837,14.9331108586665,0.0011595677455923,0.0706141169999909,0.0001952498496256,0.0,0.505,-0.007,0.0897386448551975,0.559,9.81496970344474,0.466,42.5505992570302,0.848041296005249,0.0859314426779746,0.308486938476563,5.9357267119748,45.5276131355411,5151362.0,348971713.4,11.898592,0.0,3014855.969999997,0.0,0.0,1.0,0.0,2.29,17734506.0,0.16999943330815062,0.0,1.0
MOZ,Mozambique,2000,6.099999999999994,13.721688966388593,19.0391748514099,0.0409424193203449,0.524,15.664,12.166924151639002,-0.842,623.2330000000002,15.934,14.071090057,1.12943410873413,19.5292283612147,10.855220443949538,0.0,19.0391666666667,49.476,13.9854442293981,0.0017922560594658,0.2816659999999942,0.0005704710544539,0.0,0.52,-0.126,-1.1386588120653798,0.559,6.65105677994377,0.501,45.3843932799378,0.82903915643692,0.0967749431729317,0.280378609895706,6.21223527949675,47.92088080158911,5301540.0,361300924.7,61.946138,0.0,84338524.85,0.0,0.0,1.0,0.0,2.29,18129653.0,4.651965751909317,0.0,1.0
MOZ,Mozambique,2001,5.700000000000003,13.20169352694757,18.2257286235893,0.0403377339243889,0.524,15.044,9.05673892803938,-1.392,683.6460000000006,16.333,9.757746005625002,1.13541626930237,21.3938558593765,8.136367964316303,0.0,22.7291666666667,50.259,15.9319911383504,0.0017970143910684,0.8234670000000079,0.0009000315403719,0.0,0.52,0.031,-4.02640884574727,0.559,6.92363842161015,0.501,47.0298196369858,0.771268844604492,0.106102652847767,0.221947878599167,6.28945069549311,50.4153095777265,5452634.0,332691689.79999995,274.6246,0.0,373654442.9692308,0.0,0.0,1.0,0.0,2.29,18537729.0,20.156430324838105,0.0,1.0
MOZ,Mozambique,2002,8.400000000000006,11.726401461891632,22.734177349083,0.0409184955060482,0.524,14.524,9.096668112870269,-1.176,728.0770000000011,15.252,11.357718231,1.14143013954163,17.0821002587651,9.151349151032411,0.0,26.7083333333333,50.879,12.7735630464788,0.0012603239552213,1.3437800000000024,0.0015888196752836,0.0,0.52,0.188,-2.46024042980227,0.559,15.3657173967048,0.492,50.0444497396591,0.866047859191895,0.11300091445446,0.228541642427444,7.15607959007746,73.309162757423,5605721.0,348034477.1,282.362512,0.0,356701280.06461537,0.0,0.0,1.0,0.0,2.29,18958338.0,18.815007943450283,0.0,1.0
MOZ,Mozambique,2003,8.099999999999994,11.729514738822727,22.7228305424377,0.0425278469920158,0.524,14.074,8.083086606055872,-1.294,757.7340000000004,15.972,11.268566137,1.14747595787048,18.8768129822828,9.163691988867535,0.0,24.69,51.383,14.4625821515101,0.0017638143888546,2.2470399999999984,0.0016385641145461,0.0,0.52,0.246,-1.79359054228989,0.559,20.3105198393948,0.499,47.4111747462593,0.819484174251556,0.114855401217937,0.198406517505646,10.0969874352829,70.1683599479183,5762403.0,370880363.6,419.229742,0.0,543643175.1765385,0.0,0.0,1.0,0.0,2.29,19392475.0,28.033717984761537,0.0,1.0
MOZ,Mozambique,2004,10.700000000000005,11.63216260372003,22.4901289092367,0.0434397421777248,0.525,13.666,6.794929147283739,-0.961,796.0420000000013,14.6,10.135330715,1.15355372428894,19.8066623565294,9.207300889563449,0.0,22.075,51.855,15.1440170379742,0.0017211134496494,3.568489999999997,0.701308197114022,0.0784873173881832,0.52,0.003,-2.43088174307867,0.559,15.3890529465582,0.489,46.7802468120728,0.834387123584747,0.125638827681541,0.181333437561989,7.99532685365388,72.0520001612374,5924161.0,366320979.7,553.8395810000001,0.0,877316812.3622642,0.0,0.0,1.0,0.0,2.29,19840313.0,44.218899790656735,0.0,1.0
MOZ,Mozambique,2005,11.799999999999995,8.986231605952371,22.9214059867823,0.0441947281360626,0.534,13.277,8.784134494617312,-1.532,822.1970000000001,14.925,10.223400044,1.15966367721558,18.6061383452371,6.42755278070087,0.0,19.4671666666667,52.322,13.6989605665189,0.002729982436228,7.40692,0.558866557971731,0.2321488902517883,0.52,0.126,-1.4483974243052398,0.559,11.3071836268121,0.48,47.8301891535813,0.83509761095047,0.129504293203354,0.171719074249268,7.51808300528586,72.0092609780982,6093373.0,312492814.3,563.22148,0.0,925831633.3515384,0.0,0.0,1.0,0.0,2.29,20304569.0,45.59720688242821,0.0,1.0
MOZ,Mozambique,2006,13.0,11.1929208759532,24.1133917238134,0.0451033115386963,0.536,12.926,9.893252834473628,-1.142,878.5540000000001,17.106,9.871060538,1.16388356685638,19.8162320132045,13.2450879070999,0.0,18.5613333333333,52.748,14.4925558982687,0.0071919157462485,11.253700000000002,1.82989350547793,0.3678208178445699,0.52,0.52,-2.4622133522331,0.559,10.3292852338909,0.48,46.0372364063382,0.80418872833252,0.129398867487907,0.169289812445641,8.50524215312992,67.3498976872689,6272312.0,173484483.39999998,575.110038,0.0,1222446401.574231,0.0,0.0,1.0,0.0,2.29,20787087.0,58.807970620136956,0.0,1.0
MOZ,Mozambique,2007,12.400000000000006,13.1927140062235,24.0162173628877,0.0456233024597168,0.525,12.57,10.042135650233597,-1.215,919.8709999999992,18.73,9.528653478,1.16811883449554,19.5085348189008,8.48948675497455,0.0,19.5173333333333,53.255,14.1078689442492,0.0075789884336736,14.4675,1.56645133238839,0.3717323179270408,0.52,0.358,-1.73408275223097,0.559,11.2448561215594,0.48,47.066127757555,0.793999314308167,0.124504156410694,0.165266752243042,9.80505322870557,66.1203821840516,6462886.0,187382973.0,572.673699,0.0,1199685303.1088462,0.0,0.0,1.0,0.0,2.29,21287635.0,56.35596923325894,0.0,1.0
MOZ,Mozambique,2008,13.599999999999994,14.4445307594617,26.845751727575298,0.0457872338593006,0.549,12.261,14.012419566024398,-1.115,956.5159999999996,19.398,12.224109904,1.17236948013306,17.167744568171102,14.5028053002268,0.0,18.31,53.799,11.9483347125902,0.0199685271023678,20.1888,1.80233550297769,0.4812859029787857,0.52,0.3829999999999999,-1.4972301763650695,0.559,12.512453700722,0.485,46.6288684700152,0.776637732982636,0.121492698788643,0.200690239667892,10.2039173979552,64.981416499828,6668451.0,182642222.29999995,541.480998,0.0,1089398797.15,0.0,0.0,1.0,0.0,2.29,21819036.0,49.92882348926873,0.0,1.0
MOZ,Mozambique,2009,15.0,12.0844220612406,27.910601722519104,0.0455265752971172,0.541,11.929,19.551126234297197,-0.846,985.8719999999994,21.344,12.074474954,1.17663550376892,16.9004327987887,3.7886133091462497,0.0,15.6756666666667,54.4,10.6264937113478,0.0416701961713075,26.665099999999995,1.58858003406097,0.0778446405127866,0.52,0.625,-3.9427034106368297,0.559,13.9983258157257,0.473,46.0759228321161,0.775002121925354,0.123168207705021,0.201135233044624,10.0220013623256,67.898572768141,6890289.000000004,341722018.6,548.638435,0.0,738912412.4476923,0.0,0.0,1.0,0.0,2.29,22391745.0,32.99932240420263,0.0,1.0
MOZ,Mozambique,2010,18.9,12.8171854439584,27.3093770922399,0.0457621440291405,0.513,11.543,21.6491864986519,-1.499,1023.2619999999988,23.214,13.328075313,1.18091714382172,16.8681862980766,12.4255421735156,0.0,16.2626666666667,55.04,10.0398442546042,0.0131069316895525,31.410500000000003,2.06799636870009,0.14400760317542,0.52,0.3940000000000001,-2.80787411425652,0.58,8.00540705848522,0.478,46.4980980243579,0.767174303531647,0.129516690969467,0.210394337773323,10.2684840762505,73.8373532681892,7126584.0,357311686.7,559.594366,0.0,954558866.4846152,0.0,0.0,1.0,0.0,2.29,22999235.0,41.50393986950502,0.0,1.0
MOZ,Mozambique,2011,20.200000000000003,14.2551909486067,26.4848729989708,0.0467853993177414,0.507,11.108,20.9197341288749,-1.296,1066.5329999999994,24.564,14.530798821,1.18610608577728,16.5093372512898,11.1666056127874,0.0,19.099605952381,55.733,9.54977522476,0.0172522745725617,33.2163,2.46277284263354,0.2088922984362407,0.52,0.332,-3.49282974308961,0.58,16.3668897938917,0.478,47.0499217311335,0.799378573894501,0.145309939980507,0.268857151269913,11.3709466025082,84.4062119333019,7379972.0,354715007.8,573.000331,0.0,1128357144.8,0.0,0.0,1.0,0.0,2.29,23649039.0,47.71260027944476,0.0,1.0
MOZ,Mozambique,2012,21.200000000000003,11.3684243399908,25.5177066547282,0.0486514903604984,0.507,10.665,22.4314517976521,-1.315,1120.5190000000002,24.665,24.122346986,1.19131779670715,16.8740038772507,2.6024545695661807,0.0,16.8135416666667,56.46,8.62619404009544,0.0216963601172072,36.1782,2.50717835565139,0.2394015685305124,0.52,0.39,-2.5784710299306,0.58,13.2185859800858,0.478,47.6027313250162,0.853298783302307,0.158900156617165,0.466194152832031,11.9192598207508,105.934588060511,7649756.0,352855375.79999995,575.533178,0.0,1348182101.984615,0.0,0.0,1.0,0.0,2.29,24337846.0,55.39447089872354,0.0,1.0
MOZ,Mozambique,2013,22.4,12.3934378571071,24.252909083633597,0.0508267544209957,0.51,10.233,26.2611547587696,-1.316,1161.5400000000009,29.249,25.182407576,1.19655251502991,16.4457246085988,4.26135250941963,0.0,15.3206018518518,57.189,8.32603551504896,0.0156633915823614,49.503,2.50355833068363,0.2603623937623753,0.504,-0.227,-1.6953893389957804,0.573,12.3968931031657,0.48,48.1774792195794,0.82279759645462,0.186727896332741,0.49965700507164,11.6325534065914,109.38537659913,7931820.0,350562416.90000004,573.690091,0.0,1267202359.5384614,0.0,0.0,1.0,0.0,2.29,25051611.0,50.58366743513866,0.0,1.0
MOZ,Mozambique,2014,24.799999999999997,10.6862233332904,24.655467160789694,0.0521182008087635,0.51,9.779,30.188781793048,-1.22,1216.4830000000002,29.98,26.486048814,1.20181012153625,17.4884683555603,2.55974875844295,0.0,14.7979166666667,57.965,8.22056509258821,0.0119843595535411,71.6701,2.4941206807380403,0.1142544905713318,0.504,-0.336,-8.7364415224049,0.573,13.5647500969582,0.48,47.4439817727919,0.758581697940826,0.215942397713661,0.442352950572968,11.9039028509476,116.356855242217,8225808.0,326743202.2,578.724197,0.0,1547704400.0615387,0.0,0.0,1.0,0.0,2.29,25788475.0,60.01535182136744,0.0,1.0
MOZ,Mozambique,2015,24.0,12.8853065622104,23.5663164946958,0.0524407811462879,0.497,9.371,32.0531316730482,-1.176,1269.9049999999988,25.611,20.74475278,1.20709085464478,18.6152107018236,3.550759673567459,0.0,14.8665,58.711,8.30864034953938,0.0124739931737499,75.8447,2.13938758840339,0.0500451821774232,0.499,-0.516,-5.37855911675038,0.551,7.2917553577128,0.475,46.6230720271826,0.708030164241791,0.224694579839706,0.336580276489258,12.2160721685778,98.7612036510901,8531669.0,398591543.4,571.971242,0.0,1242980085.7692306,0.0,0.0,1.0,0.0,2.29,26547572.0,46.820857507015354,0.0,1.0
MOZ,Mozambique,2016,26.200000000000003,8.32952690362065,23.6272810887625,0.052303459495306,0.494,8.984,31.2078879056346,-1.148,1291.91,23.66,18.278325889,1.21239471435547,20.5669830121929,17.4180418197597,0.0,21.1760032765458,59.455,8.1178325868925,0.227730753504038,54.9641,1.97200900578106,0.063324809264075,0.498,-1.097,-2.9945809212494505,0.561,8.03766079352036,0.475,44.7281700621036,0.660047709941864,0.212810680270195,0.323405593633652,16.3133886142564,110.394358201481,8852280.0,354828301.9,578.076201,0.0,1021336074.9974358,0.0,0.0,1.0,0.0,2.29,27337105.0,37.360798628729555,0.0,1.0
MOZ,Mozambique,2017,24.299999999999997,12.948454376075,26.0749604736416,0.051357876509428,0.507,8.633,24.4582064524122,-1.29,1288.083999999999,26.98,16.996638246,1.21772193908691,23.6070708049686,15.1132073899384,0.0,27.8561208892752,60.148,7.81988703506551,0.15108877208214,42.162,2.16082066537561,0.0872960927597716,0.521,-0.917,0.0467476741464745,0.561,18.4094039568728,0.457,40.5397924322416,0.684898018836975,0.222445979714394,0.234328612685204,18.0510410834352,105.745640702087,9189973.0,343071088.5,592.237166,0.0,1787922659.376923,0.0,1.0,0.0,0.0,2.29,28166393.0,63.47716086248328,0.0,1.0
MOZ,Mozambique,2018,31.1,13.1852689789295,25.5425597958909,0.0508049167692661,0.535,8.324,22.129203507103096,-1.301,1297.8689999999988,25.466,29.255626604,1.2230726480484,25.3339200589579,3.9113343999072896,0.0,22.9833333333333,60.79,8.61313111852956,0.0308173507099441,48.5007,3.03979938526507,0.1102567387525201,0.55,-0.833,-3.01274032982202,0.538,18.4866253580844,0.431,39.3943049006571,0.666161417961121,0.211387947201729,0.340811520814896,16.3975888133586,124.607457525372,9573325.0,303440123.0,697.963923,0.0,2218761452.586769,0.0,1.0,0.0,0.0,2.29,29018644.0,76.45985982621274,0.0,1.0
MOZ,Mozambique,2019,29.700000000000003,19.2325307701414,24.7697818145637,0.0507918000221252,0.584,8.078,21.2791585156392,-1.334,1290.166000000001,29.708,29.404012731,1.22844684123993,23.8882628185244,2.802703079281109,0.0,18.9583333333333,61.306,8.72772955303203,0.0266967588970236,49.4351,2.70158116067819,0.0821437604923502,0.545,-0.7669999999999999,4.91638913951163,0.487,13.642538422536,0.397,40.4529777243247,0.649998068809509,0.208574682474136,0.294978320598602,12.6767242973038,105.591171401921,9986680.0,375009852.6,740.3659660000001,0.0,1533029605.3690848,0.0,0.0,1.0,0.0,2.29,29884380.0,51.29869200462198,0.0,1.0
MWI,Malawi,1995,2.471727132797241,11.642815627473198,22.3443422581962,0.0505224540829659,0.496,20.556,4.030062637357936,-1.232,944.2799999999988,14.794044366426796,5.585163892000001,1.46480941772461,20.4649438725609,83.32577475434579,1.0,47.3333333333333,43.804,15.090718170536382,0.0,0.0037773849999993,0.0,0.0,0.652,-0.457,-2.581387603678089,0.636,-16.863975996583605,0.535,49.55822763556,0.800239622592926,0.118228502571583,0.0907350182533263,18.314016528775,34.79021658094861,1384013.0,115975950.70000003,0.015,0.0,667500.0,0.0,1.0,0.0,0.0,9.6,10150117.0,0.06576278874420856,0.0,1.0
MWI,Malawi,1996,2.9270734786987305,12.768643062254188,26.1318131267678,0.0504060089588165,0.496,20.127,2.7684019113918907,-1.371,1018.3739999999998,16.3839638394261,4.926826045,1.48656284809113,20.6414758960251,37.6020450235016,1.0,45.3333333333333,44.005,15.390608309258592,0.0,0.0358856500000044,0.0,0.0,0.652,-0.457,-2.539350358921006,0.636,-4.602860420352181,0.535,47.8855293974102,0.915102481842041,0.0950208082795143,0.0986479744315147,10.6406276241143,32.77024303435318,1445316.0,119436960.0,0.0699299999999999,0.0,2884612.499999996,0.0,1.0,0.0,0.0,9.6,10352228.0,0.2786465386967903,0.0,1.0
MWI,Malawi,1997,3.3790202140808105,13.957871905293883,25.210732634324,0.0501974150538445,0.496,19.735,2.5156517073960103,-1.248,1059.0519999999997,14.893790775984511,5.267678505999999,1.50863921642303,19.8213745887778,9.13735243003495,1.0,28.25,44.2,14.951708967708532,0.0,0.0665862689999983,0.0,0.0,0.652,-0.2635,-1.7179104080665923,0.636,6.13659913024733,0.527,52.1755541825247,0.920871496200562,0.0959590971469879,0.0968922227621079,8.30341051996053,40.16047201767704,1502892.0,105806832.5,0.06321,0.0,2460133.2,0.0,1.0,0.0,0.0,9.6,10562035.0,0.23292227302787769,0.0,1.0
MWI,Malawi,1998,3.826887607574463,14.342777091354222,26.774421297200995,0.0501285716891289,0.496,19.412,4.39459725713747,-1.472,1041.286,14.405479158522285,4.8072697820000005,1.5310435295104998,19.4927025817737,29.7486512828264,1.0,37.6666666666667,44.3,14.044819978817335,0.0,0.0978340839999987,0.0,0.0,0.652,-0.07,-0.4425675035437711,0.636,15.1555141707111,0.527,48.2887064536368,0.851081252098084,0.10771706700325,0.105267703533173,12.9038429613876,45.99512097940362,1556629.0,102175107.39999998,0.0542379999999999,0.0,1735615.9999999967,0.0,1.0,0.0,0.0,9.6,10792876.0,0.16081126105775667,0.0,1.0
MWI,Malawi,1999,4.2699127197265625,12.027400608824609,28.6122410888132,0.0502078235149384,0.518,18.657,3.2622090630636222,-1.431,1049.237000000001,15.942317092689844,5.610899372429246,1.5537805557251,19.5355403517942,44.8041642861674,1.0,53.5833333333333,45.06,15.39009914051055,0.0,0.205030893,0.0,0.0,0.652,-0.1975,-1.8635239324911796,0.636,9.94522661374332,0.527,46.8659030626791,0.899975299835205,0.10873981565237,0.115766733884811,9.90428833075201,32.73785577349172,1608526.0,102622569.89999998,0.0438309999999999,0.0,1261894.4899999972,0.0,1.0,0.0,0.0,9.6,11047804.0,0.11422129592451108,0.0,1.0
MWI,Malawi,2000,4.799999999999997,12.051205498709855,29.660889012355305,0.0504749529063702,0.535,18.022,3.8506051173674294,-1.259,1031.4019999999982,15.21290471595028,5.4809067084018,1.57685518264771,19.0442214399711,29.5814884631684,1.0,53.125,46.17,15.082199936104338,0.0,0.4330170000000066,0.0,0.0807881603585496,0.636,-0.325,-1.01375893702025,0.636,17.3066437425268,0.538,45.5596539072455,0.844143390655518,0.114270053803921,0.118462026119232,10.1509116653401,33.8549784741781,1660848.0,96841391.60000014,0.0342499999999999,0.0,1232657.4999999965,0.0,1.0,0.0,0.0,9.6,11315942.0,0.10893105496652392,0.0,1.0
MWI,Malawi,2001,5.200000000000003,12.06183003824441,29.3463400754759,0.0505251884460449,0.535,17.367,3.5786230242684383,-1.476,967.482,14.663517154270451,5.850755008088083,1.58800005912781,17.892969404327395,22.7,1.0,56.1666666666667,47.205,15.334069710206643,0.0,0.4807190000000005,0.0,0.0598971612045522,0.636,-0.1585,-0.8549600041500587,0.636,24.3142780878701,0.543,47.8472542285068,0.811280727386475,0.132327273488045,0.129896149039269,9.93791742339101,32.75388886151973,1713500.0,86557278.70000005,0.0344099999999999,0.0,1343167.8807692267,0.0,1.0,0.0,0.0,9.6,11593058.0,0.11585967056916534,0.0,1.0
MWI,Malawi,2002,5.599999999999994,12.041353717514111,32.287184795846,0.0501626282930374,0.535,16.779,1.8875191273745244,-1.06,948.4160000000012,9.374,4.669254495810749,1.5992237329483,19.8051602224861,14.7446346101603,1.0,50.5416666666667,48.176,15.375770046784677,0.0,0.7242749999999987,0.0,0.0310630990812263,0.636,0.008,-2.5423785418727607,0.636,-29.221362601701003,0.54,47.1018174090037,0.863001823425293,0.12187884747982,0.0908367335796355,5.80694889486208,32.69936703824721,1766889.0,109479426.60000002,0.043372,0.0,1372707.1184615388,0.0,1.0,0.0,0.0,9.6,11880440.0,0.11554345785690924,0.0,1.0
MWI,Malawi,2003,6.200000000000003,10.92260434851953,30.1281788478073,0.0499914325773716,0.535,15.903,2.1555903729125205,-1.613,980.7010000000008,12.792,5.134430816678499,1.61052656173706,21.1842295520251,9.57679786919214,1.0,48.9166666666667,49.601,15.338471786389285,0.0,1.1091699999999989,0.0,0.034419361967295,0.636,0.042,1.07416062204913,0.636,34.9541770436317,0.54,45.9888017430968,0.841798841953278,0.138777300715446,0.0918392091989517,8.64215061116182,32.72294219402154,1821771.0,118497191.70000003,0.0470369999999999,0.0,2050713.6986538416,0.0,1.0,0.0,0.0,9.6,12181574.0,0.16834554374121452,0.0,1.0
MWI,Malawi,2004,6.900000000000006,15.095460225229118,28.873304004857403,0.0507901199162006,0.544,15.076,2.5278287237566275,-1.416,1011.7469999999994,14.558,6.166288943,1.6219094991684,18.4439345804436,11.4298060822124,1.0,36.8333333333333,51.073,14.03247252864139,0.0,1.7769800000000018,0.0,0.0452942648318499,0.636,0.124,1.2324342018048902,0.636,19.1444084717294,0.54,46.4939592314372,0.749997198581696,0.161751240491867,0.171683102846146,6.39211290059216,54.065866614252315,1879061.0,109519818.29999997,0.040891,0.0,2949645.2815094343,0.0,1.0,0.0,0.0,9.6,12500737.0,0.23595771045414637,0.0,1.0
MWI,Malawi,2005,6.599999999999994,15.419756537367917,27.3766782308788,0.0526512823998928,0.569,14.32,2.7779338413945,-1.402,1024.1810000000005,15.806,8.294389568,1.63337278366089,17.5211453129149,15.4103446604296,1.0,33.0833333333333,52.469,13.193608508698272,0.0,3.280079999999998,0.0,0.0685179503607438,0.627,0.1069999999999999,1.3872442170894002,0.643,20.1750469498236,0.545,47.8108177015335,0.735803425312042,0.178414151072502,0.217621609568596,6.82450197846741,63.7775267904148,1939381.0,90871557.39999998,0.05187,0.0,3140169.9000000004,0.0,1.0,0.0,0.0,9.6,12840031.0,0.2445609282407496,0.0,1.0
MWI,Malawi,2006,3.700000000000003,15.053759362922746,25.6738776075689,0.0556572414934635,0.568,13.667,3.506167865612966,-1.039,1042.6850000000013,17.782,11.880466639,1.64491701126099,19.2118062737994,13.9742943548388,1.0,32.25,53.652,13.414380384319008,0.0,4.698669999999993,0.0,0.0748603124282389,0.623,0.12,2.42675187337342,0.643,10.2384104629546,0.556,48.8725353335126,0.738106548786163,0.131968706846237,0.260972291231155,6.78461168008871,62.67486709962936,2002956.0,35971708.399999976,0.0604079999999999,0.0,3872640.710769224,0.0,1.0,0.0,0.0,9.6,13198701.0,0.29341074631277914,0.0,1.0
MWI,Malawi,2007,7.400000000000006,13.69252447936574,22.8824872507399,0.059005182236433,0.566,13.053,3.7643378242807657,-1.281,1111.3650000000016,18.168,12.564922506,1.65654289722443,21.2991638406833,7.9522099086403,1.0,27.7152777777778,54.687,12.809686021211784,0.0,7.74031999999999,0.0,0.0787195782768979,0.623,0.082,-1.09967868489488,0.643,22.6855094388768,0.545,49.5765681184685,0.67578786611557,0.12516450881958,0.279410064220428,7.97931680799651,62.04453001430696,2070093.0,48341427.70000005,0.05855,0.0,5198373.009615386,0.0,1.0,0.0,0.0,9.6,13576343.0,0.38289935733174874,0.0,1.0
MWI,Malawi,2008,7.799999999999997,27.74904848104601,24.9323563197161,0.0630402714014053,0.559,12.386,6.262299164137048,-1.37,1163.5010000000002,17.717,14.262094032,1.6682509183883705,18.9378891840899,8.71260186609043,1.0,25.2777777777778,55.715,8.744624874466005,0.0,10.787300000000002,0.0,0.0912165620723906,0.623,-0.061,-1.6109280132313095,0.643,11.8904566457614,0.557,49.887973712386,0.620391070842743,0.101777322590351,0.386920660734177,8.72702659415971,46.23671297958626,2141719.0,141586239.29999995,0.057477,0.0,8487838.602115387,0.0,1.0,0.0,0.0,9.6,13976417.0,0.6072971779616612,0.0,1.0
MWI,Malawi,2009,8.299999999999997,13.625157875934145,25.3093021258133,0.0656580477952957,0.586,11.541,7.472584489991462,-1.617,1225.1150000000016,17.208,8.885028848,1.68004179000855,18.0681311857964,8.42204427696655,1.0,25.25,56.714,13.152788483100352,0.0,17.2665,0.0,0.0373878734787398,0.624,0.0539999999999999,-1.42860964742026,0.643,16.0798939006844,0.547,50.3807859032207,0.818242430686951,0.123030878603458,0.219601333141327,7.04042216088488,63.5672589440886,2217172.0,230946818.6,0.059201,0.0,4167090.0811538454,0.0,1.0,0.0,0.0,9.6,14395788.0,0.28946592441857616,0.0,1.0
MWI,Malawi,2010,8.700000000000003,12.773793495287808,24.632140062097903,0.0663576945662499,0.601,10.708,9.502993442025918,-1.017,1272.6769999999997,20.228,7.734999209,1.69191586971283,17.9317288193438,7.41159092883827,1.0,24.625,57.787,11.948398887114957,0.0,21.0257,0.0,0.0823566866553218,0.654,0.0439999999999999,2.0691941265411997,0.654,11.1460693568346,0.513,51.1943503329606,0.884451866149902,0.0821677073836327,0.23851752281189,6.02572508561474,49.05907621040164,2294795.0,248247656.8,0.0791859999999999,0.0,7324674.543846145,0.0,1.0,0.0,0.0,9.6,14826463.0,0.4940271016658623,0.0,1.0
MWI,Malawi,2011,7.599999999999994,12.044025924297442,23.9314133083531,0.066828578710556,0.601,9.939,9.573614101989186,-1.185,1297.0970000000016,14.147,6.814557746,1.73121023178101,18.1661996680566,7.6228226284852,1.0,23.75,58.859,11.770860122930388,0.0,25.886399999999995,0.0,0.1125876093554749,0.654,-0.073,-1.3114922454975897,0.647,8.56192815281727,0.513,51.6606062394182,0.880014955997467,0.0801495239138603,0.187156185507774,5.97687719996186,47.83585778051189,2374064.0,246725007.9999999,0.083146,0.0,10100576.080000002,0.0,1.0,0.0,0.0,9.6,15265022.0,0.661681069309956,0.0,1.0
MWI,Malawi,2012,7.400000000000006,13.09020338565096,23.5292854390256,0.0670166239142418,0.631,9.239,10.014673658556198,-1.084,1284.5620000000015,17.314,6.814558556,1.76699984073639,17.7185220797601,21.2712650013779,1.0,32.3298611111111,59.87,10.801438271144816,0.0302171189100717,29.58,0.0,0.1441307943662648,0.654,-0.003,-0.4370649250970569,0.647,12.4873563820767,0.506,52.5104116951348,0.915872275829315,0.0794689208269119,0.186343312263489,8.95123535585595,47.82192058725785,2454671.0,282957152.3,0.070552,0.0,6526032.864615385,0.0,1.0,0.0,0.0,9.6,15709577.0,0.4154174784346762,0.0,1.0
MWI,Malawi,2013,9.0,17.009159496962944,23.849287029680696,0.0674393624067307,0.595,8.623,8.557086084423183,-1.254,1313.5299999999988,16.984,6.814558799,1.80352938175201,17.423944903561598,27.2833333333334,1.0,46.0111742424242,60.816,10.859786226230922,0.0184093644950517,32.73169999999999,0.0,0.1409754157772447,0.635,-0.206,-1.17760959367229,0.657,14.9275379042831,0.515,52.4849872843715,0.914450764656067,0.0802299156785011,0.174941495060921,10.1501360274794,50.1407698281804,2536858.0,295288121.50000006,0.067024,0.0,5475126.113846153,0.0,1.0,0.0,0.0,9.6,16161816.0,0.33876923941258535,0.0,1.0
MWI,Malawi,2014,11.900000000000006,17.1124980614096,23.8734416539637,0.0681836754083633,0.587,8.081,7.835985810162839,-0.587,1349.5339999999997,15.192,6.814558791,1.84081411361694,17.2649267145494,23.7920649469687,1.0,44.2895833333333,61.651,10.889956236478204,0.0119433124737109,33.8868,0.0,0.1018014776662123,0.631,0.081,-0.01001251999951,0.657,19.2778710228731,0.528,52.6198508476428,0.958830416202545,0.0864302217960358,0.172496318817139,9.61846301856776,49.74215540350136,2620577.0,272520225.3,0.063673,0.0,4799719.71923077,0.0,1.0,0.0,0.0,9.6,16621538.0,0.2887650781312036,0.0,1.0
MWI,Malawi,2015,10.799999999999995,17.111834518500423,22.9948363698368,0.0690883621573448,0.582,7.642,9.172403858501902,-0.676,1350.453000000001,15.352,6.814558451,1.87886953353882,17.556172133103,21.8673475542553,1.0,44.3872159083333,62.324,10.949793616222614,0.0132948439407638,38.4342,0.0,0.0421572569811807,0.631,0.034,-1.87391706541474,0.693,20.5087964592773,0.564,53.2072107130481,0.876965641975403,0.0798353105783463,0.150075972080231,8.89901041042248,49.15002844548346,2705306.0,254655708.3,0.058774,0.0,3338012.816538461,0.0,1.0,0.0,0.0,9.6,17085587.0,0.19537009858300222,0.0,1.0
MWI,Malawi,2016,11.0,17.121275425334623,22.1929077690151,0.0700773894786835,0.623,7.184,8.009309219419059,-1.345,1342.446,14.843999999999998,6.814558311000001,1.91771185398102,17.655842210407,21.7111132136499,1.0,44.1120833333333,63.163,10.980833294032244,0.0047027146606594,40.8844,0.0,0.054402913787233,0.648,-0.116,-1.8449999181687595,0.77,19.8012047157366,0.542,53.9094692362352,0.911871910095215,0.0850766971707344,0.150126785039902,10.9739875833904,48.80955812036356,2791616.0,295934471.9,0.0433379999999999,0.0,2603991.7885769163,0.0,1.0,0.0,0.0,9.6,17557739.0,0.14831020033826203,0.0,1.0
MWI,Malawi,2017,12.700000000000005,16.741265430339773,22.9262319821323,0.071173757314682,0.535,6.816,7.478350941831337,-1.113,1357.0600000000013,15.842,6.814558224000001,1.95735704898834,17.747962478614,11.5433939188771,1.0,38.5929166666667,63.914,11.2970614757279,0.0064711618641691,43.0855,0.0,0.0,0.611,-0.25,-2.38506146765013,0.749,25.336201268641094,0.581,53.1222211157681,0.886106967926025,0.0903093069791794,0.150220721960068,7.00371862797528,45.3003137160008,2879757.0,318897834.0,0.04523,0.0,3822406.000865385,0.0,1.0,0.0,0.0,9.6,18039715.0,0.21188838076795474,0.0,1.0
MWI,Malawi,2018,18.0,11.140128532446909,21.632593506951,0.0724849998950958,0.691,6.546,6.817648644292916,-0.908,1377.0,15.036,6.814558266000001,1.99782192707062,18.3907940135861,12.420178108921,1.0,32.29,64.464,11.4196722780594,0.0010796104919763,38.1956,0.0,0.0,0.648,-0.431,-1.59972422597708,0.756,24.6227744902615,0.568,53.509369127,0.898766815662384,0.0868868976831436,0.154776245355606,5.20814805353589,43.578773489,2968597.0,314065770.5,0.049753,0.0,4568671.601365383,0.0,1.0,0.0,0.0,9.6,18528081.0,0.24658093848819976,0.0,1.0
MWI,Malawi,2019,11.200000000000005,8.732962197619168,22.947399179014205,0.0740748047828674,0.676,6.301,7.220741695573928,-1.2,1411.3739999999998,14.765000000000002,6.902673765184062,2.03912305831909,18.4990069222553,9.3708360560567,1.0,25.6743055555555,64.995,11.5294189563407,0.0017185595820268,46.7841,0.0,0.0,0.681,-0.287,-1.4977404492508497,0.756,16.6583028004239,0.524,52.5126504640364,0.896683990955353,0.0789729729294777,0.155702590942383,4.24376277062568,44.1954524635798,3070447.0,339457406.9,0.054728,0.0,3292805.011860888,0.0,1.0,0.0,0.0,9.6,19025752.0,0.1730709520370542,0.0,1.0
MYS,Malaysia,1995,98.63709936039578,35.5516827702671,12.9494365608411,0.0539384596049786,0.669,4.493,124.41415362763098,0.333,14196.836,25.7,41.679023586,2.4499044418335,41.4018779806988,3.4505750958489507,0.0,8.73,71.979,26.3780323904474,0.0470946119233417,4.991168446999993,1.32399421350459,3.17116110941302,0.556,0.571,5.29795854041054,0.668,4.91789276941431,0.407,47.8822149204623,0.47262054681778,0.146146729588509,0.460147112607956,13.8761007648154,192.113200253514,11369540.0,0.0,909.312341,0.0,9122603196.287378,0.0,1.0,0.0,0.0,0.57,20330599.0,448.7129570696554,0.0,0.0
MYS,Malaysia,1996,98.63683245390706,38.8475096207069,11.6804344741696,0.0552812665700913,0.669,4.479,141.633739142087,0.39,15218.857,25.66,41.266881969,2.4793438911438,43.5282108681601,3.48855945858916,0.0,9.94333333333333,72.119,27.8427632304952,0.0261945976399868,7.348427919999992,1.7383680282988698,3.56410340235547,0.556,0.571,5.15161074309191,0.668,6.04112247803347,0.407,47.9005407280122,0.469129830598831,0.131631225347519,0.443657696247101,12.7124864921089,181.766982485457,11932874.0,0.0,954.985296,0.0,10900774042.2589,0.0,1.0,0.0,0.0,0.57,20850087.0,522.8167173719179,0.0,0.0
MYS,Malaysia,1997,98.63682183188372,39.116023892438,11.1013325289661,0.0559794344007969,0.669,4.453,158.38504758068802,0.488,15923.801,25.995,42.276290382,2.50913667678833,44.5735375006654,2.6625145971194595,0.0,10.6283333333333,72.296,28.3802054685143,0.0269918866297018,9.412128789,2.07195524134305,3.09025555254095,0.556,0.2664999999999999,6.40657559589241,0.668,6.90550976035378,0.407,48.2435813268511,0.448797583580017,0.1346495449543,0.461758315563202,11.0799757813186,185.66511116237,12504677.0,0.0,1012.006365,0.0,9830380347.786877,0.0,1.0,0.0,0.0,0.57,21375218.0,459.89614458139687,0.0,0.0
MYS,Malaysia,1998,98.63484041227052,42.1277581293744,13.3122442566983,0.0559122934937477,0.669,4.461,158.505378770173,0.346,14379.321,22.486,27.534329119,2.53928780555725,43.8757533284141,5.270342003487661,0.0,12.1341666666667,72.385,28.7827060156826,0.026868740220444,10.086865330000002,2.07084121911673,2.0250566884991,0.556,-0.038,1.05457745421211,0.668,3.35068161944534,0.407,48.9710248796969,0.451728940010071,0.142445579171181,0.300399243831635,10.095351709262,209.492202808189,13082746.0,0.0,899.5385279999999,0.0,6547637954.08311,0.0,1.0,0.0,0.0,0.57,21906713.0,298.8872841892396,0.0,0.0
MYS,Malaysia,1999,98.63511096269808,41.1645788522142,10.8423880517615,0.0544161237776279,0.668,4.494,149.152981074863,0.453,14877.228,21.64,23.10463541,2.56658840179443,46.4590177015866,2.7445613024060407,0.0,8.563333333333329,72.428,30.9362157705045,0.0171029137689506,13.366919019999996,2.13223667818743,3.08538088119353,0.556,0.0274999999999999,-1.45635886037027,0.668,8.51401065477758,0.407,47.8827253261694,0.438719660043716,0.16216853260994,0.27789580821991,10.0710448024694,217.570919391949,13658740.0,0.0,918.638695,0.0,8586981623.361207,0.0,1.0,0.0,0.0,0.57,22435531.0,382.7402892029258,0.0,0.0
MYS,Malaysia,2000,98.6,39.0879471864962,8.59902188826631,0.0525485537946224,0.654,4.431,134.999853925775,0.729,15764.355,19.58,26.680504706999997,2.58731245994568,48.3205714911013,1.5347402369769902,0.0,7.67333333333333,72.732,30.8635497655731,0.0117604999428554,22.2997,3.29597588490104,5.00305271845637,0.569,0.093,-4.55469970247946,0.668,-1.08573897723978,0.401,46.3014974705458,0.420022875070572,0.143971219658852,0.317149341106415,12.5675399788113,220.406788982074,14233031.0,0.0,847.269335,0.0,13760826375.70192,0.0,1.0,0.0,0.0,0.57,22967816.0,599.1351713938286,0.0,0.0
MYS,Malaysia,2001,98.6,34.7792975201556,8.01097059098812,0.0512358993291855,0.654,4.359,129.101375578239,0.904,15433.108,23.863,25.933494106,2.61509108543396,46.2026949988513,1.4167847320609803,0.0,7.126666666666669,73.08,29.3364040399457,0.0125766956255759,31.390099999999997,2.9945164708919,3.80612191711308,0.569,0.3165,-2.9238385496952004,0.668,8.84851289556281,0.401,49.1730931223924,0.434138000011444,0.171061724424362,0.296414732933044,10.666951361765,203.364636010653,14825974.0,0.0,768.4326963000001,0.0,11176586118.993471,0.0,1.0,0.0,0.0,0.57,23526538.0,475.0629318684063,0.0,0.0
MYS,Malaysia,2002,98.6,35.0256594965266,8.98508140381459,0.0503835454583168,0.654,4.278,121.827344934405,0.76,15868.023,23.184,24.25972817,2.64316821098328,45.1153796974529,1.8078724628153608,0.0,6.528333333333329,73.469,29.2463982171795,0.0146263688620714,37.5605,2.47122884853955,3.7943040184147,0.594,0.54,-2.35262562506136,0.668,3.2963123707561497,0.388,48.6964168752104,0.415558338165283,0.180466130375862,0.30405992269516,9.81548671538781,199.356232695655,15439171.0,0.0,781.6952164,0.0,11859271383.78028,0.0,1.0,0.0,0.0,0.57,24102477.0,492.03537809745774,0.0,0.0
MYS,Malaysia,2003,98.7,36.8350108017525,9.30608521643197,0.0497462972998619,0.654,4.257,118.974148880103,0.658,16393.497,23.472,24.06129632,2.67154669761658,46.5786626994835,1.08967632577286,0.0,6.30083333333333,73.727,29.9286718930962,0.0177561407310377,45.0737,2.97162062750446,4.23640666645896,0.598,0.4859999999999999,-4.49908534507131,0.647,2.90603239825626,0.392,46.7102388190148,0.419646918773651,0.191539898514748,0.281896084547043,12.1560364817758,194.195129056831,16060274.0,0.0,766.6888644,0.0,13708656631.308764,0.0,1.0,0.0,0.0,0.57,24679602.0,555.465061037401,0.0,0.0
MYS,Malaysia,2004,98.7,37.0443860281199,9.27100209261509,0.0492640994489193,0.663,4.225,111.937605148211,0.696,17110.04,22.531,23.663793487,2.70022964477539,48.5303176049683,1.4212711593740206,0.0,6.045833333333331,74.027,30.3781473606048,0.0165954462819569,57.8498,3.45269384358654,5.61137530219416,0.598,0.348,-2.919055713757281,0.647,0.0344787905461831,0.417,44.5475985554205,0.41388726234436,0.1906418800354,0.273682326078415,11.9873010934205,210.374265897124,16685833.0,0.0,779.3854673,0.0,18097926518.53525,0.0,1.0,0.0,0.0,0.57,25256772.0,716.5573858185539,0.0,0.0
MYS,Malaysia,2005,98.7,38.512091877277,8.26229170422644,0.0494466871023178,0.666,4.187,106.524431907379,0.684,17573.527,21.705,22.784900554,2.72922086715698,46.3683224854575,2.9750709268444897,0.0,5.952500000000001,74.37,27.5496800827112,0.0337390898800391,75.65,3.40113242923192,7.08944062793991,0.593,0.5660000000000001,-1.43955437225507,0.647,-2.673174104182211,0.433,44.1971529384927,0.409521400928497,0.192872315645218,0.240614801645279,13.884276518626,203.854644595624,17314297.0,0.0,747.0708205999999,0.0,23801814924.264977,0.0,1.0,0.0,0.0,0.57,25836071.0,921.2629476155633,0.0,0.0
MYS,Malaysia,2006,98.8,39.954278345207,8.60998284136304,0.0500390790402889,0.663,4.165,103.663830374316,0.819,18309.683,22.972,22.570924076,2.75938773155212,46.5156572562267,3.60923564224389,0.0,6.48583333333333,74.697,27.5660875626692,0.0309132491087825,73.6762,2.655793721263,7.01882709402704,0.593,0.288,-1.6428440446804498,0.647,2.40900097691566,0.433,43.9262781844017,0.42906591296196,0.185613870620728,0.249405190348625,13.4761141533839,202.577146840398,17942832.0,0.0,789.5077458999999,0.0,25896152901.84621,0.0,1.0,0.0,0.0,0.57,26417909.0,980.2499093265183,0.0,0.0
MYS,Malaysia,2007,98.9,39.5991687630279,9.98677367962245,0.0507422313094139,0.663,4.175,101.580075160148,0.762,19270.185,23.318,23.268376806,2.78988838195801,44.5959960321039,2.027353177795689,0.0,6.409166666666671,74.961,26.1225839420447,0.052471286446926,86.4755,2.14793890756065,5.89566119166293,0.593,0.193,-1.87262157308209,0.647,1.4567353466571298,0.433,44.5202452881234,0.445209562778473,0.171329915523529,0.248279392719269,12.628852352931,192.465506357652,18565433.0,0.0,883.3215570000001,0.0,29149437516.284466,0.0,1.0,0.0,0.0,0.57,26998389.0,1079.6732174013962,0.0,0.0
MYS,Malaysia,2008,99.0,39.7055730971204,9.96858233467411,0.0512221977114677,0.568,4.212,96.7482535065206,0.779,19835.386,23.515,22.340557857,2.82072591781616,45.1050654004356,5.44078221100769,0.0,6.08,75.151,24.5607176579228,0.0618600114951587,100.518,2.0355192417994,7.12611467503542,0.593,0.1089999999999999,-2.0426214533112,0.647,-3.90338193758431,0.433,43.9481056537511,0.457921296358109,0.159403532743454,0.236086085438728,13.3867719140126,176.668324785148,19173270.0,0.0,1023.5155299,0.0,37841453327.041336,0.0,1.0,0.0,0.0,0.57,27570059.0,1372.5561242738486,0.0,0.0
MYS,Malaysia,2009,99.3,34.0422284029582,9.21910004390782,0.0513017438352108,0.546,4.271,111.606889987937,0.915,19199.815,25.009,21.851406569,2.85190463066101,40.9678238412473,0.5833084056237023,0.0,5.08416666666667,75.269,23.8001450501293,0.0464000773077083,107.18,2.13948778482423,3.92901312526175,0.6,-0.042,-4.89182498845343,0.647,11.7823929563059,0.434,48.836021810826,0.496584594249725,0.168778538703918,0.223106846213341,9.65215518287161,162.558970452699,19756605.0,0.0,979.8621685,0.0,22889051132.13238,0.0,1.0,0.0,0.0,0.57,28124778.0,813.8393530477781,0.0,0.0
MYS,Malaysia,2010,99.5,34.5660535920084,10.0899159275121,0.0515104159712791,0.539,4.334,107.122752573885,0.924,20279.336,22.285,22.499655647,2.88342761993408,40.4989323548818,1.62285235577035,0.0,5.0,75.376,23.4337755680919,0.166394103186287,118.157,1.8305708661817095,4.63501988366743,0.602,0.1429999999999999,-3.04723530959543,0.647,-2.1132773264270206,0.434,48.4774187579282,0.515351951122284,0.158460140228271,0.260548055171967,9.61503786168569,157.944764886771,20306208.0,0.0,919.3280836,0.0,31020754603.092937,0.0,1.0,0.0,0.0,0.57,28655776.0,1082.5306075498684,0.0,0.0
MYS,Malaysia,2011,99.5,34.908835585986,11.4533531198278,0.0519297383725643,0.539,4.401,108.425936705379,1.028,21004.999,23.52,22.657905772508904,2.90448880195618,39.8242687277964,3.1744709215131,0.0,4.914999999999999,75.488,23.3202044896916,0.3349808505559719,125.716,1.79059723598374,5.48169161167852,0.597,0.077,-1.98504418026921,0.647,-0.4718686339606437,0.438,47.766725565489,0.512729704380035,0.155768722295761,0.245922744274139,9.94490616865965,154.937684607226,20828845.0,0.0,1038.5056227,0.0,38201869241.37104,0.0,1.0,0.0,0.0,0.57,29162039.0,1309.9862201463704,0.0,0.0
MYS,Malaysia,2012,99.8,32.0999301044006,9.79375074645921,0.0524290837347508,0.539,4.478,114.124529817132,0.97,21818.4,25.403,25.666733873,2.92570376396179,40.1350010090069,1.6635710247920592,0.0,4.785833333333329,75.552,23.1381762920437,0.2962320308496,139.315,1.6840208031327195,4.89957757600977,0.597,-0.005,-2.32522323941743,0.647,3.7484193736755,0.438,49.0223958354783,0.528269469738007,0.16681957244873,0.259761959314346,9.20599203286687,147.84175476601305,21347750.0,0.0,909.3566019,0.0,37546650440.53415,0.0,1.0,0.0,0.0,0.57,29662831.0,1265.7810861186563,0.0,0.0
MYS,Malaysia,2013,99.6,30.4349777121668,9.11336384538206,0.0529674552381039,0.472,4.607,119.899693910412,1.056,22310.47,24.302,26.57188535,2.94707369804382,39.8853736547897,2.10501231233612,0.0,4.649799999999999,75.464,22.8407424205833,0.301260578508611,142.522,1.68061798005116,4.34705959022544,0.575,0.0519999999999999,-2.14032609231252,0.647,4.46753081745693,0.444,49.9447288177857,0.54075014591217,0.157668843865395,0.250992268323898,8.46715106760802,142.720991464873,21872803.0,0.0,1128.6983155,0.0,34269455428.791817,0.0,1.0,0.0,0.0,0.57,30174265.0,1135.717984474247,0.0,0.0
MYS,Malaysia,2014,99.7,30.3718770457207,8.87320901302643,0.0531952269375324,0.47,4.749,120.578651022847,0.98,23269.507,23.329,26.25289549,2.96859955787659,39.9244244845871,3.14299050879095,0.0,4.587025000000001,75.345,22.8739302431305,0.1475068791475,146.366,2.11733139913897,3.85543153552736,0.575,0.267,-0.90623816294591,0.647,2.0685182164317304,0.444,50.1226904594272,0.5644810795784,0.152677044272423,0.25241681933403,8.64507399532146,138.312231176843,22402109.0,0.0,4591.4969927,0.0,32135745256.56515,0.0,1.0,0.0,0.0,0.57,30696137.0,1046.898678376538,0.0,0.0
MYS,Malaysia,2015,99.9,29.1957762263727,8.2874950827938,0.0530077256262302,0.47,4.864,123.10362963114,1.124,24060.439,22.162,26.088505562,2.99028301239014,38.4497222119902,2.10438980238359,0.0,4.5653749999999995,75.288,22.2933324025137,0.152278270436555,141.211,2.76972655209539,1.8652895644302403,0.575,0.254,-0.93285619941261,0.647,3.30703770408129,0.435,52.0138720406596,0.593638718128204,0.148835197091103,0.258518069982529,6.5709120658644,131.37007244526,22936988.0,0.0,28838.8889182,0.0,19004796340.303368,0.0,1.0,0.0,0.0,0.57,31232798.0,608.488433866968,0.0,0.0
MYS,Malaysia,2016,99.9,29.1930782083813,8.46251885618027,0.0526005774736404,0.47,4.915,121.97982060196298,1.144,24775.657,20.255,25.620268762,3.01212477684021,37.6832749440922,2.090566595257421,0.0,4.531066666666671,75.371,21.7969397965457,0.0265438964182799,136.725,2.02024347199899,1.5297271888572,0.575,0.129,-0.758978513895183,0.647,2.82594518260627,0.435,52.531571127313,0.608312070369721,0.136599630117416,0.260875225067139,5.20040474859063,126.8990100257,23479511.0,0.0,1691.4326019,0.0,16106281653.119904,0.0,1.0,0.0,0.0,0.57,31789685.0,506.65118742510043,0.0,0.0
MYS,Malaysia,2017,100.0,29.15741493364,8.59827753533139,0.0522440709173679,0.47,4.931,117.16756837428198,1.138,25897.244,19.631,25.63600641,3.03412580490112,38.114672270307,3.8712011577423695,0.0,4.60807808641975,75.542,21.8461950799461,0.0616905603457847,130.854,2.06070771057807,2.07911297067253,0.506,0.1109999999999999,-0.615985068660931,0.586,0.7989260403272747,0.49,51.8821117066805,0.609912931919098,0.13061611354351,0.267771929502487,6.23600042741287,133.155173371956,24019368.0,0.0,1670.2097981000002,0.0,19586062695.900387,0.0,1.0,0.0,0.0,0.57,32355644.0,605.3368214800604,0.0,0.0
MYS,Malaysia,2018,100.0,26.9680736130733,7.51205693063821,0.0519649870693684,0.429,4.946,120.276311883907,1.211,26849.887,20.155,24.686902757,3.05628776550293,38.2914253580498,0.8847091605712354,0.0,4.92844038461538,75.734,21.5281381981616,0.0060147375242365,128.873,2.61106308483195,2.71329599019211,0.268,0.248,-0.757638466770496,0.718,4.27704807389124,0.722,52.9909917677737,0.649880766868591,0.121466726064682,0.238951593637466,7.32744449685636,130.402625502126,24539557.0,0.0,2064.9777654,0.0,24752848939.834156,0.0,1.0,0.0,0.0,0.57,32910967.0,752.1155163819451,0.0,0.0
MYS,Malaysia,2019,100.0,25.2041775412835,7.24131401562151,0.0516009368002415,0.425,4.98,120.70694629911398,1.209,27913.548,21.567,23.17237247,3.07861137390137,37.4765336887335,0.6628918657643261,0.0,4.87689294871795,75.9,21.4089748962529,0.0,133.373,2.55969990465384,1.83020222238435,0.29,0.1459999999999999,-0.0380166484436974,0.718,4.80161718618398,0.711,54.1548750822015,0.663594245910645,0.1212123259902,0.217716172337532,6.19635932474839,123.028562027943,25026197.0,0.0,2375.7736401,0.0,20754367464.754913,0.0,1.0,0.0,0.0,0.57,33440596.0,620.6338985332353,0.0,0.0
NER,Niger,1995,6.200000000000003,8.44178492269165,30.730580966981904,0.025153998285532,0.441,20.778,3.654703525947788,-0.363,1010.7210000000014,9.303,10.43297754,1.08703029155731,21.2144468062521,10.5632886691814,1.0,28.409068543716728,45.504,9.5937195599439,0.0060739783279961,0.0,0.0,0.0,0.549,0.0259999999999999,1.01210303495069,0.51,9.327587215950915,0.634,45.2201239963526,0.711676895618439,0.205337166786194,0.116572879254818,9.66585920338205,34.7775356997428,1534811.0,52080664.0,0.1710709999999999,0.0,8938209.499999996,0.0,1.0,0.0,0.0,2.29,9714529.0,0.9200867587095573,0.0,1.0
NER,Niger,1996,7.0,13.264872208338,32.3287003295047,0.0249661412090063,0.47,20.112,3.5214990634916177,-0.669,977.1029999999992,10.517,10.409145485,1.09314656257629,21.1832268463029,5.2888575126488195,1.0,27.78918547910321,46.313,9.52600112949819,0.0,0.0,0.0,0.0,0.635,0.0259999999999999,1.01210303495069,0.51,9.059979548528558,0.586,43.1538098786399,0.72123247385025,0.206545487046242,0.1222878992557529,9.4091389903805,36.539997643493,1588477.0,52640840.79999995,0.182022,0.0,7508407.5,0.0,1.0,0.0,0.0,2.29,10044852.0,0.7474881163007678,0.0,1.0
NER,Niger,1997,6.235727787017822,11.2715624869943,30.2325247290335,0.0246561802923679,0.474,19.473,2.6609060966240676,-0.41,957.75,10.512,10.797438075,1.09929716587067,20.7958859775178,2.9334525339442195,1.0,21.80027535495618,47.097,9.49063533586826,0.0954041781636716,0.0009338489999919,0.0,0.0,0.625,-0.145,-1.1456347169406498,0.51,7.435875011194608,0.532,45.3697561320448,0.713116407394409,0.209770306944847,0.12322248518467,9.53508825403769,33.1743453903346,1650332.0,60745931.69999993,0.1628399999999999,0.0,6337732.799999997,0.0,1.0,0.0,0.0,2.29,10383969.0,0.6103381857168484,0.0,1.0
NER,Niger,1998,6.700000000000003,12.9637303457149,35.4137809699145,0.0244856532663107,0.474,18.882,3.165781422636208,-0.422,1016.5829999999988,11.401,10.630525302,1.1054824590683,18.6015467563389,4.548015777187201,1.0,11.569239648291129,47.807,9.16527605442151,0.065884800357196,0.0124275439999976,0.0,0.0,0.625,-0.316,-0.995036298269652,0.51,5.129084723037037,0.532,41.3904562742031,0.72406792640686,0.195266038179398,0.131033584475517,8.72521204690945,35.0196895457842,1715652.0,76132183.89999998,0.1812129999999999,0.0,5798815.999999997,0.0,1.0,0.0,0.0,2.29,10741413.0,0.5398559761178532,0.0,1.0
NER,Niger,1999,7.325682163238525,10.152986233980798,35.0025945777756,0.0244998168200254,0.475,18.308,3.055043016962223,-0.74,978.6670000000012,10.69,9.262792367,1.11170256137848,17.5650732293517,-2.302125038496481,1.0,11.754054563397853,48.48,9.63378832888801,0.0010300103994599,0.0195165899999949,0.0,0.0,0.499,-0.0955,-3.0067176179148505,0.51,5.360533990089814,0.572,42.6644357024781,0.742183208465576,0.198535069823265,0.0939615666866302,5.85596347413254,31.3752367245391,1784516.0000000035,81056320.89999998,0.168487,0.0,5035146.14,0.0,1.0,0.0,0.0,2.29,11117411.0,0.4529063592233839,0.0,1.0
NER,Niger,2000,6.5,12.9030531008555,36.5755600708745,0.0245015267282724,0.507,17.7,3.859404275204433,-0.733,932.5699999999996,10.675,10.497298914,1.11795771121979,18.0983791582371,2.9001497359910804,1.0,18.14843458505476,49.172,9.24669139274837,0.0022839421705727,0.0178633000000019,0.0,0.0,0.586,0.125,-1.4677410576757697,0.601,-0.5427361084118081,0.576,40.3631282931906,0.736633956432343,0.201653257012367,0.0943815559148789,7.26831682770737,34.7127807043604,1856592.0,86212251.79999995,0.1582249999999999,0.0,5906867.999999996,0.0,1.0,0.0,0.0,2.29,11509630.0,0.5132109372760024,0.0,1.0
NER,Niger,2001,8.400000000000006,14.580289373191,40.1819277330126,0.0247822683304548,0.507,17.076,5.9177826876628785,-0.468,964.6239999999998,11.145,12.023285566135248,1.1228008270263703,17.2090719474884,4.005514283526779,1.0,10.228931380896228,49.872,8.86970509631528,0.0024760564152715,0.0178346000000004,0.0,0.0,0.586,-0.0025,-1.16751116711638,0.601,3.130999269683379,0.576,37.3699413638536,0.728148698806763,0.193218424916267,0.109602205455303,6.55942488973714,33.0136670843015,1939337.0,92574502.0,0.163305,0.0,6615114.028846154,0.0,1.0,0.0,0.0,2.29,11920647.0,0.5549291098751732,0.0,1.0
NER,Niger,2002,8.799999999999997,13.8908899014086,41.3669351734986,0.0253002531826496,0.507,16.403,4.4141405401224105,-0.532,975.6660000000012,12.236,12.38323973302982,1.1276649236679102,16.5393297044005,2.6288659793813594,1.0,12.166459411112292,50.645,8.77459766202221,0.0026125103227313,0.465951000000004,0.0,0.0,0.586,-0.13,-1.0373572979288,0.601,3.158309904439763,0.576,36.1658912024804,0.725474059581757,0.19144743680954,0.118273392319679,7.01295308601143,30.8343857497549,2009048.0,119209511.20000003,0.182944,0.0,6042901.047692308,0.0,1.0,0.0,0.0,2.29,12349144.0,0.4893376454021678,0.0,1.0
NER,Niger,2003,9.299999999999995,13.3724080649175,41.1955263001462,0.0256804283708334,0.507,15.662,4.572364065523871,-0.469,960.8679999999986,11.861,11.25329771844526,1.1325501203537,17.3087523149077,-1.6144076917559609,1.0,8.422446493166825,51.545,9.11498220982298,0.0011637137419652,0.6436279999999925,0.0,0.0,0.586,0.042,-1.28961798932861,0.601,2.5512289451957124,0.576,35.9778240858115,0.731748700141907,0.194835931062698,0.1037096679210659,9.26317259194414,33.3827931416238,2081906.0,145391762.70000005,0.188949,0.0,8589894.372115383,0.0,1.0,0.0,0.0,2.29,12796984.0,0.6712436596088096,0.0,1.0
NER,Niger,2004,9.700000000000005,12.2144252874101,37.3717285561201,0.0262900535017252,0.49,14.965,4.486850086156963,-0.988,929.2289999999994,13.307999999999998,12.118526376402412,1.13745641708374,17.7534672936549,0.2625437572928373,1.0,9.301273946186956,52.402,9.39101059744582,0.0229428335169691,1.29974,0.0,0.0,0.586,-0.505,-2.35242008489263,0.601,1.5103663690696276,0.576,38.3835492189962,0.776727795600891,0.188018813729286,0.102985128760338,7.50759997659221,36.9641044464896,2158182.0,150056485.20000005,0.2019739999999999,0.0,32580567.51094339,0.0,0.0,0.0,1.0,2.29,13265836.0,2.4559754478303057,0.0,1.0
NER,Niger,2005,7.099999999999994,19.022797557266,39.2805201285945,0.0270177070051432,0.376,14.258,3.953365052435629,-0.064,960.887999999999,14.024,14.875441585820829,1.14238405227661,16.3274879150549,7.7974978178644,1.0,10.7941666666667,53.32,8.41473702588333,0.22084942348025,2.354230000000001,0.0,0.0,0.586,-0.486,-1.08791784218311,0.601,2.03461304635928,0.576,37.9194605692429,0.741256952285767,0.198059946298599,0.141614750027657,7.20852272920724,38.3477418070736,2237957.0,141087529.5,0.187223,0.0,70109169.35384616,0.0,0.0,0.0,1.0,2.29,13756192.0,5.09655356321329,0.0,1.0
NER,Niger,2006,9.299999999999995,19.4573048810053,39.7450785783419,0.0279075186699629,0.376,13.586,3.874003087319373,-0.321,980.5070000000014,46.242,15.11364728,1.14733302593231,16.6265686310414,0.0404858299595076,1.0,4.73666666666667,54.223,8.12440913215915,0.2997949837572931,3.3850599999999957,0.0,0.0,0.586,-0.227,31.2428538308703,0.601,3.1926999855322795,0.576,37.4439531922514,0.731011033058167,0.18715363740921,0.143387228250504,6.89459669021653,36.5313731842429,2321152.0,40669949.600000024,0.179035,0.0,52650736.12307692,0.0,0.0,0.0,1.0,2.29,14268581.0,3.6899770287652935,0.0,1.0
NER,Niger,2007,11.200000000000005,17.6082368459318,37.094506437909,0.0288719292730093,0.376,12.981,7.07832627658032,0.14,974.0430000000016,16.651,15.265477082,1.15230333805084,19.6749864140836,0.0539592607581571,1.0,4.751666666666669,55.063,7.68246033765395,0.373375851231499,6.079599999999992,0.0,0.0,0.586,-0.46,-0.488395830570193,0.601,-2.134777360369389,0.584,37.3635820305751,0.75271487236023,0.180192574858665,0.144000381231308,8.30057946231934,35.5028028471007,2407687.0,54975317.29999995,0.174862,0.0,75913569.30153847,0.0,0.0,0.0,1.0,2.29,14803610.0,5.128044396031675,0.0,1.0
NER,Niger,2008,11.799999999999995,20.5719957946869,38.7750062340041,0.0301368534564972,0.376,12.434,8.054482298665967,-0.726,1010.4520000000012,17.985,20.854483655000003,1.15729522705078,21.2545623661563,11.3051098827019,1.0,4.98416666666667,55.852,7.11226370543793,0.2598765979233358,12.352800000000002,0.0,0.0,0.586,-0.6699999999999999,1.2802036863071002,0.601,-4.67174281777422,0.584,34.2841235924332,0.739655137062073,0.173607692122459,0.215609341859818,7.94563898176327,39.7112440540383,2497643.0,65167283.399999976,0.1855149999999999,0.0,76404968.3723077,0.0,0.0,0.0,1.0,2.29,15361915.0,4.973661706389321,0.0,1.0
NER,Niger,2009,12.299999999999995,15.6125349913912,34.7848102748131,0.0323886312544346,0.404,12.0,8.891402211922568,-1.417,991.773000000001,13.761,23.022016152,1.16230881214142,22.3397565462644,0.5829065908011213,1.0,4.977499999999999,56.487,7.424792627034649,0.259600588912084,16.301100000000005,0.0,0.0,0.73,-1.15,-3.7594047296942894,0.601,0.755772673577094,0.552,36.908757364448,0.747254908084869,0.176609516143799,0.226479962468147,7.96220358501721,49.5122567031625,2591025.0,155401521.29999995,0.227313,0.0,63177462.38153845,0.0,0.0,0.0,1.0,2.29,15943675.0,3.9625407806881694,0.0,1.0
NER,Niger,2010,13.599999999999994,23.0204813091865,35.821387956676496,0.0352184362709522,0.26,11.605,9.034272960005204,-0.759,1036.262999999999,13.309,24.887062271,1.16734409332275,23.0003411876002,0.8040730808826595,1.0,5.11333333333333,57.08,6.917205464994301,0.308153599011326,22.1685,0.0,0.0,0.612,-1.161,-0.830634450156575,0.688,1.5832709716524604,0.655,35.1075507996062,0.70786327123642,0.140886172652245,0.242140501737595,6.88472156897825,51.9459863027627,2687801.0,157581584.70000005,0.248834,0.0,80488326.17,0.0,0.0,0.0,1.0,2.29,16548835.0,4.863685339179465,0.0,1.0
NER,Niger,2011,14.299999999999995,20.8620527313762,33.6467642815211,0.0377236306667328,0.301,11.261,9.922308182312593,-0.844,1020.3489999999985,13.136,24.539907476,1.1736124753952,22.7795105220039,2.942385140133201,1.0,5.255916666666671,57.6,6.681176806093311,0.453708188345834,27.613,0.0,0.8972899010921154,0.591,-0.8779999999999999,-1.94603717746985,0.688,1.2352521458623098,0.653,36.6722707602193,0.761740565299988,0.144726604223251,0.26095375418663,8.1477117559769,50.2463951569345,2787763.0,152585435.79999995,7.298935511684125,0.0,500960390.40674514,0.0,1.0,0.0,0.0,2.29,17176283.0,29.165820707934607,0.0,1.0
NER,Niger,2012,14.400000000000006,22.5424490584833,33.6809938208632,0.0394938550889492,0.273,10.99,9.970813567354362,-1.161,1084.7829999999994,15.811,22.413900138,1.17991459369659,26.5372397334702,0.455089820359289,1.0,5.03916666666667,57.987,7.51657609334777,0.343742842769807,30.2495,0.0,2.66870372209961,0.547,-1.148,-0.603702995717486,0.662,-0.2556043583330032,0.664,34.9550459944691,0.734662532806397,0.117204830050468,0.260051012039185,10.3335481762903,45.08596447308,2892077.0,163620047.20000005,20.295498628525383,0.0,1203065969.545574,0.0,1.0,0.0,0.0,2.29,17836769.0,67.44864888621778,0.0,1.0
NER,Niger,2013,15.200000000000005,23.2785674158636,32.2350107295479,0.040952879935503,0.519,10.751,10.460630408421004,-1.504,1098.6169999999984,18.516,22.715814943,1.18625044822693,26.0465019475956,2.29723114955317,1.0,5.2875,58.364,8.014047553372,0.146524133755415,37.8312,0.0,4.23042002083649,0.528,-1.322,-1.70432688081844,0.679,5.67763443695933,0.651,35.9846069967701,0.729615032672882,0.127536714076996,0.248595431447029,11.466881046248,46.2951491493291,3003235.0,172850601.60000002,20.301766529411765,0.0,1124150805.524159,0.0,1.0,0.0,0.0,2.29,18519898.0,60.69962186207283,0.0,1.0
NER,Niger,2014,15.700000000000005,23.8997632912632,33.4290442343639,0.0422208905220032,0.519,10.532,10.680035986388198,-0.894,1126.796999999999,17.514,23.224320207,1.19262039661407,23.6059602383299,-0.9302872599844658,1.0,5.338333333333331,58.693,8.48320463944569,0.071946469299858,42.8624,0.0,2.79681841817513,0.528,-1.1760000000000002,-5.82481941393238,0.679,5.76740721438735,0.654,37.0689591319954,0.706543505191803,0.148855492472649,0.251993387937546,10.2730531340882,45.7416008365932,3121633.0,201633093.0,20.315558529411764,0.0,999801354.5028778,0.0,1.0,0.0,0.0,2.29,19215909.0,52.0298755839694,0.0,1.0
NER,Niger,2015,16.60000000000001,23.032568683771,32.4169952714448,0.0429039634764195,0.519,10.386,11.273154737693098,-1.453,1131.518,17.491,25.236531747,1.19902455806732,22.5383286848915,-0.5760903698331887,1.0,5.15416666666667,58.85,7.62575595401117,0.1009014813826589,44.9309,0.0,0.90069467580531,0.528,-1.06,-6.28301929069693,0.679,2.84083767674412,0.65,38.5305288045027,0.703187525272369,0.146729290485382,0.258439809083939,9.74015905746736,44.727430371186,3250848.0,236549752.6,14.26345889041096,0.0,399280778.0855724,0.0,1.0,0.0,0.0,2.29,19939498.0,20.02461536822905,0.0,1.0
NER,Niger,2016,16.999999999999993,20.637901847043,35.262958212547495,0.0434903800487518,0.579,10.156,11.478825705069902,-0.958,1151.1749999999993,14.898,20.524456053,1.20546305179596,21.2451950725883,1.6538892238780605,1.0,5.295,59.228,7.473406568584049,0.0989601085722919,36.1205,0.0,0.9209183994398478,0.528,-1.101,-3.78011326909867,0.679,3.44059819209033,0.65,38.2723746369935,0.747873187065125,0.138447418808937,0.214362695813179,9.68635453036973,36.4881092245519,3390359.0,239406665.8,13.286144584206289,0.0,314206028.3754186,0.0,1.0,0.0,0.0,2.29,20685753.0,15.189489518482533,0.0,1.0
NER,Niger,2017,17.6,19.7125762639546,35.816868204144,0.0440714173018932,0.565,9.957,11.4148574711151,-0.896,1163.2259999999987,15.393,21.33741196,1.21193623542786,21.0721536929256,2.79637318871284,1.0,5.140000000000001,59.524,7.567786590617471,0.0744665106290883,40.955,0.0,1.29768887354329,0.533,-1.26,-3.39309062852935,0.679,4.7542146049944,0.619,37.8150324557852,0.77471649646759,0.142970263957977,0.216753527522087,9.37929042574549,39.0711117370149,3537641.0,286917475.7,13.273081584206285,0.0,374517067.5313588,0.0,1.0,0.0,0.0,2.29,21435446.0,17.471857946476074,0.0,1.0
NER,Niger,2018,17.6,21.9557775129039,37.5776218588144,0.0447113774716854,0.527,9.769,10.2026122139181,-0.751,1198.125,18.15,22.213705771999997,1.21844410896301,19.6976779523853,2.96760366004456,1.0,5.140000000000001,59.765,7.382368407725469,0.422039369560076,46.88315,0.0248077115644433,1.38714615007191,0.533,-1.358,-2.05833246995833,0.67,4.7542146049944,0.602,36.7622863840327,0.746921837329865,0.141216322779655,0.22873729467392,6.79609733342576,37.5388483992356,3693182.0,311380152.0,12.26314511764706,0.0,576181508.0842552,0.0,1.0,0.0,0.0,2.29,22188069.0,25.968078073141704,0.0,1.0
NER,Niger,2019,18.5,23.9206654790399,36.9919203931409,0.0457169897854328,0.575,9.573,11.2206118700838,-0.62,1224.3729999999996,18.004,23.376063475,1.22498691082001,20.5861804923542,-2.4897926507085497,1.0,5.140000000000001,60.031,7.34627879325586,0.0887703058763969,52.8113,0.0250536967376846,0.9336839497730144,0.556,-1.405,-2.57065305175886,0.56,4.7542146049944,0.58,36.5404927725689,0.73280668258667,0.147434487938881,0.241727963089943,5.81263963543114,37.1025664250801,3858240.0,345667676.6,11.263527941176472,0.0,480264186.33884263,0.0,1.0,0.0,0.0,2.29,22947757.0,20.928589506104785,0.0,1.0
NGA,Nigeria,1995,38.6872520446777,43.7523895427897,25.4865064493222,0.0297733303159475,0.864,18.535,6.508711495849099,-2.138,2699.097,16.047,19.480932258,1.33577060699463,36.5404898229186,72.8355022972638,0.0,20.2333333333333,45.87,19.9937155656229,1.587015584236795e-05,0.0120161629999984,0.249609362907884,16.2953221371822,0.837,-1.057,4.3011591855546,0.748,-31.452565499326,0.157,36.979423264697,0.549683570861816,0.0077483295463025,0.28110533952713,21.7988932440235,46.29648198508988,43370746.0,0.0,1948.613505,0.0,24915279543.93935,0.0,1.0,0.0,0.0,2.86,110819428.0,224.82772194004963,0.0,0.0
NGA,Nigeria,1996,39.5453186035156,40.3933847911015,26.1991591974906,0.0299305282533169,0.864,18.513,6.174443942216612,-1.614,2739.4140000000025,15.825,19.966661757,1.35963368415833,37.4454787243492,29.2682926829271,0.0,19.8366666666667,45.833,19.1010802100397,4.218349657947318e-05,0.0126175930000016,0.229376543029772,16.7094356163404,0.837,-1.057,4.59443625747851,0.748,-5.260784136920069,0.157,35.3582269388039,0.611630141735077,0.007019443437457,0.269494533538818,21.414512782387696,42.165310082846666,45445440.0,0.0,1971.0748,0.0,29738714889.271732,0.0,1.0,0.0,0.0,2.86,113754779.0,261.4282683391414,0.0,0.0
NGA,Nigeria,1997,40.3999824523926,43.0509433985944,27.416651144024804,0.0302399974316359,0.864,18.358,7.030590146977083,-1.643,2749.1890000000003,15.231000000000002,20.53505060813786,1.38392329216003,35.2488501000654,8.52987421383634,0.0,17.795,45.96,19.1985314411312,2.4074330031931268e-05,0.0131820410000003,0.2229391918976639,14.538489437452,0.837,-0.8225,2.37316391343788,0.748,12.12661188827,0.157,36.3339286815863,0.600336074829102,0.0077412975952028,0.294085592031479,18.7360799831083,41.941599783174574,47603284.0,0.0,1980.25083,0.0,26939026281.401505,0.0,1.0,0.0,0.0,2.86,116754792.0,230.7316540926346,0.0,0.0
NGA,Nigeria,1998,41.2505683898926,35.0832630533884,27.908371381409403,0.0303411427885294,0.855,18.153,7.619452393559989,-1.489,2748.467000000001,10.828,20.301729620314,1.40864670276642,28.7024397281229,9.99637812386806,0.0,18.1841666666667,46.148,17.4505658778831,3.189460668284738e-05,0.0171393519999938,0.165376593030192,7.09759652792726,0.837,-0.588,-2.10539392397586,0.748,11.4846690572742,0.171,42.3808822482371,0.658040106296539,0.0091146808117628,0.333510398864746,11.3595895147082,44.46522493231956,49857137.0,0.0,2048.566,0.0,18106056709.47097,0.0,1.0,0.0,0.0,2.86,119846254.0,151.07736875506322,0.0,0.0
NGA,Nigeria,1999,44.9,47.42131528593009,26.0284857101616,0.0300530903041363,0.818,17.803,8.16880785547432,-1.807,2694.701000000001,19.049,20.72416535138217,1.4338116645813,29.3636932703443,6.61837339479751,0.0,20.29,46.609,16.2573691313088,8.385941443056488e-05,0.0208863209999989,0.207621907106723,10.1094177919185,0.923,-1.0215,2.26531069144465,0.748,6.04724834411309,0.231,43.5884840152643,0.434166789054871,0.0070337099023163,0.251977145671845,13.0436291752413,42.936442776364224,52217062.0,215696807.7,1910.42004,0.0,23424088592.256435,0.0,1.0,0.0,0.0,2.86,123047320.0,190.366507716352,0.0,0.0
NGA,Nigeria,2000,43.2,55.5698767095503,21.3572412972176,0.0298264510929585,0.8200000000000001,17.439,8.24898869751761,-2.099,2773.092000000001,28.807,21.176495226638664,1.45942640304565,33.823003290999,6.93329215565161,0.0,21.2741666666667,47.143,13.93340041394,0.0001533457502177,0.0237375000000028,0.564094593247378,22.0499275524037,0.934,-1.455,5.76847340335851,0.748,-1.1408886399525011,0.231,43.7984549227611,0.355243504047394,0.0061023226007819,0.22780816257,24.935733999450896,67.97192069574007,54696454.0,204758821.1,2174.364503,0.0,41197711713.99389,0.0,1.0,0.0,0.0,2.86,126382494.0,325.9764102613285,0.0,0.0
NGA,Nigeria,2001,43.9,36.0891126410302,24.4753546604632,0.0299744643270968,0.8200000000000001,17.149,9.880807396552306,-2.087,2884.607,27.635,15.286641619493595,1.4883189201354998,28.2762662656489,18.8736462093863,0.0,23.4383333333333,47.549,13.9253596044022,0.0002725154939314,0.2051869999999951,0.726754459284971,15.2354705757222,0.934,-1.5405,0.563590521033639,0.748,12.1387024938542,0.231,46.2224797158223,0.619996070861816,0.0062640397809445,0.199968054890633,18.1012267482663,41.98966798526797,57303483.0,197501403.2,2157.507304,0.0,34102065392.14324,0.0,1.0,0.0,0.0,2.86,129862595.0,262.6011392437002,0.0,0.0
NGA,Nigeria,2002,44.6,31.1098363938035,36.9650826661797,0.0303686745464802,0.8200000000000001,16.799,8.084342998000004,-1.544,3223.5699999999997,20.724,14.649742410659425,1.5177835226059,23.0408371863292,12.8765792031099,0.0,24.7708333333333,48.02,11.8118130815755,0.0002763438179509,1.1755700000000076,0.501989566605627,11.144640444373302,0.934,-1.626,2.2884455739746,0.748,3.0235422788932005,0.231,38.9699324729488,0.631785571575165,0.0063703153282403,0.205370008945465,13.6048166584392,40.29712228937713,60034770.0,213655365.6,1951.120822,0.0,31077873185.487576,0.0,1.0,0.0,0.0,2.86,133471989.0,232.84191251160254,0.0,0.0
NGA,Nigeria,2003,52.2,29.4040155184969,33.8270605515687,0.0311599187552929,0.836,16.37,8.909484725703479,-1.85,3441.446,21.011,16.567884384,1.54783141613007,26.0024149026732,14.0317836131437,0.0,20.7141666666667,48.61800000000001,12.0606068369615,6.285057730770482e-05,2.295490000000001,0.778807998966763,12.1202192108891,0.934,-1.636,1.35436476710565,0.748,9.93571338064823,0.231,39.1455112028244,0.649569451808929,0.0051905489526689,0.242418587207794,15.512504112848,44.07886524826469,62889861.0,233527615.4,2298.807951,0.0,41251202694.52818,0.0,1.0,0.0,0.0,2.86,137202644.0,300.658948631691,0.0,0.0
NGA,Nigeria,2004,46.1,32.510243666813,27.2304536006497,0.0317649021744728,0.842,15.986,8.46166405532793,-2.456,3704.7710000000025,23.828,12.129234299691554,1.57847416400909,28.390040064544,14.9980338183251,0.0,19.1808333333333,49.148,10.8615699226756,2.78717613599877e-05,6.484760000000001,0.689215296398891,14.4183481253408,0.934,-1.754,4.87664931822795,0.748,-2.60484705691994,0.231,43.355018249934,0.622080028057098,0.0408416166901588,0.203953623771667,16.775506962461,41.99256026987611,65872907.0,244063286.60000008,2486.572494,0.0,57678115681.13018,0.0,1.0,0.0,0.0,2.86,141057045.0,408.8992200363348,0.0,0.0
NGA,Nigeria,2005,46.8,39.2100795298872,26.0892828250796,0.0316709764301777,0.842,15.692,8.435095263032274,-2.299,3863.213,22.72,11.793925032,1.60972356796265,28.2015834476344,17.8634933661605,0.0,17.9483333333333,49.538,10.0610833215667,0.0012880253534367,12.817099999999996,0.287750139206183,17.695803965512,0.934,-1.667,4.8112946222663,0.748,-1.5936804821988098,0.231,44.6842057357904,0.622390985488892,0.0676631107926368,0.220599457621574,19.3875677161802,45.70204406207573,68978387.0,224616926.9,2482.406472,0.0,79338474084.32428,0.0,1.0,0.0,0.0,2.86,145017253.0,547.0967932644834,0.0,0.0
NGA,Nigeria,2006,47.6,50.8281172875179,24.7349912601339,0.0317426137626171,0.842,15.43,8.120360452791466,-1.908,4016.8070000000007,21.076,15.53918735,1.64159166812897,25.7516355955536,8.22522152017047,0.0,16.8933333333333,49.876,8.85287260810424,0.0014534921914995,21.6815,0.732425679471773,14.8803763188218,0.935,-2.034,6.700672462332079,0.748,-5.62796804844818,0.231,48.488798713658,0.491694897413254,0.0768861323595047,0.267774403095245,16.6989726330047,59.15327608887952,72189614.0,236423982.0,2372.440618,0.0,87733646024.72223,0.0,1.0,0.0,0.0,2.86,149077334.0,588.5109672320959,0.0,0.0
NGA,Nigeria,2007,50.1,27.9488188315242,24.6625772142283,0.0318795740604401,0.842,15.067,13.797016933261602,-1.809,4198.763999999999,17.018,11.384117099,1.6740905046463,24.344717837607,5.38800796858626,0.0,16.9391666666667,50.381,8.40137965701994,0.0061760223687834,26.356300000000005,0.757101200988554,13.8343651228424,0.934,-2.014,-0.346837505672541,0.748,9.18717123000012,0.24,49.962371047205,0.641452729701996,0.128432273864746,0.191355600953102,15.8610116948726,40.36827210722268,75462360.0,248344188.80000007,2215.019968,0.0,88176525738.04729,0.0,1.0,0.0,0.0,2.86,153267261.0,575.3122040723837,0.0,0.0
NGA,Nigeria,2008,50.3,33.4550574968051,25.2797507802655,0.0316766873002052,0.839,14.801,18.6330147009187,-1.824,4383.329,20.076,10.377792343,1.70723295211792,24.7142488981493,11.5810751748252,0.0,15.1358333333333,50.748,8.16891297221069,0.0031753849113128,39.9686,0.749813672501435,15.529944090028,0.934,-1.861,4.49519607302274,0.748,6.68490863394994,0.244,48.9753597288614,0.56274950504303,0.125736892223358,0.185909643769264,17.590261235625,40.36736000192151,78877126.0,242061131.89999992,2183.1021030000006,0.0,112353109928.94331,0.0,1.0,0.0,0.0,2.86,157595014.0,712.9229984962806,0.0,0.0
NGA,Nigeria,2009,50.0,26.1299193020976,26.7488545066519,0.0317196734249592,0.844,14.554,19.6256016608172,-1.555,4624.688,10.105,10.562670271999998,1.7331268787384002,21.236761481448,12.5378277304689,0.0,18.9908333333333,51.08,7.83841193667148,0.0067326257222739,45.9849,0.522028083602619,8.67398818858118,0.935,-1.995,-3.31983875493378,0.748,18.1800016718669,0.244,50.981397065431,0.691978096961975,0.105545863509178,0.190029680728912,10.6511450158162,39.37320842079363,82425706.0,2626469401.9,2226.769953,0.0,72768905224.59793,0.0,1.0,0.0,0.0,2.86,162049464.0,449.0536619398996,0.0,0.0
NGA,Nigeria,2010,48.0,25.6415732645978,23.8937040912791,0.0321429744362831,0.85,14.36,13.490742840586002,-1.701,5009.749,12.421,10.082892928348784,1.75892567634583,25.3174522378126,13.7400521363694,0.0,17.585,51.315,6.55281697605782,0.0170111595024351,52.3861,0.620085796949933,12.0986066267503,0.948,-2.211,-2.51623070440776,0.745,1.0677360646731202,0.2289999999999999,50.7888436709083,0.64958643913269,0.10348342359066,0.166922330856323,13.8029914948457,43.66203629390817,86117409.0,2580128515.9,2552.250132,0.0,105785739216.91531,0.0,1.0,0.0,0.0,2.86,166642886.0,634.8050118197983,0.0,0.0
NGA,Nigeria,2011,55.9,26.5848398443614,22.2347109931956,0.0322628803551197,0.811,14.203,11.0436296114106,-1.637,5115.746999999999,17.729,8.782302092007205,1.78164064884186,28.2777998870502,10.8261371880017,0.0,16.02,51.49,7.17108429622259,0.0180944735184712,55.5301,0.95137055258512,15.5113433318503,0.952,-1.956,0.904687847746388,0.745,5.68557985915527,0.2269999999999999,49.2430315160577,0.648960649967194,0.0988315343856812,0.145668238401413,17.5539035632028,40.440680060860565,89957755.0,2572153728.5,2486.045708,0.0,139432116632.79123,0.0,1.0,0.0,0.0,2.86,171379598.0,813.5864377088294,0.0,0.0
NGA,Nigeria,2012,53.0,34.7398815820405,21.8599586165277,0.0318581461906433,0.796,14.019,10.604703771234398,-1.633,5193.536,14.712000000000002,8.639565031486521,1.80464899539948,27.0730175029593,12.2242413020584,0.0,16.7916666666667,51.688,7.72454667174331,0.0208000315602732,64.0053,0.944828584323691,13.0904727134596,0.952,-2.042,0.599893313020943,0.745,6.22480861375514,0.2269999999999999,50.1858844831558,0.604425489902496,0.0919210836291313,0.126103699207306,15.1485150031193,46.36218722722363,93918660.0,2574917913.1,2456.424235,0.0,134414198747.2439,0.0,1.0,0.0,0.0,2.86,176200625.0,762.8474572507555,0.0,0.0
NGA,Nigeria,2013,55.6,20.1919060659337,20.7586228322439,0.0312613286077976,0.743,13.864,11.5332149415284,-1.648,5329.116,11.483,8.794604864551335,1.82795441150665,25.7423212364316,8.49551838265669,0.0,16.7225,51.827,8.92892932163337,0.021751035439454,70.2825,0.707231138877851,9.88011499667836,0.951,-2.088,-1.1893631787249497,0.745,11.2016222248975,0.251,52.3666011224583,0.745987474918366,0.0851113349199295,0.1158835589885709,11.6227181116144,47.0276794096596,97971440.0,2580076861.4,2295.85838,0.0,121759547978.14256,0.0,1.0,0.0,0.0,2.86,181049443.0,672.5209752683004,0.0,0.0
NGA,Nigeria,2014,54.2,23.0387232910294,19.9902547680805,0.030695542693138,0.743,13.736,13.2970053767392,-1.151,5516.383,10.937,9.371336955,1.85156083106995,24.6436085906069,8.04741087967907,0.0,16.5483333333333,51.94,9.63581160269249,0.005365478624664,74.7513,0.706958402345768,7.0738580847829,0.951,-2.13,-1.03597521214695,0.745,11.3562130249595,0.255,54.1531280154165,0.736762046813965,0.0821115970611572,0.114546731114388,8.78193552361452,49.977892365598386,102100615.0,2427291719.8,2280.5185709999996,0.0,108988200796.20364,0.0,1.0,0.0,0.0,2.86,185896915.0,586.2829988125604,0.0,0.0
NGA,Nigeria,2015,52.5,17.4078899386058,20.6318934800012,0.0301179997622967,0.772,13.656,13.078684477369798,-1.345,5514.784,7.251000000000001,9.218105127,1.87547206878662,20.160782897492,9.00943498007706,0.0,16.8491666666667,51.939,9.42843732193195,0.0012331681127296,79.1045,0.606650567592808,2.78345150643408,0.931,-1.922,-1.8961869294318905,0.745,13.5961532451283,0.275,58.1222219182291,0.801593899726868,0.0894231051206589,0.103944957256317,4.55410681800406,49.870627228434984,106266334.0,2321618367.0,2228.6918410000003,0.0,56077592538.7131,0.0,1.0,0.0,0.0,2.86,190671878.0,294.1052090477291,0.0,0.0
NGA,Nigeria,2016,59.3,16.1939966208628,20.9831097083173,0.0294856894761324,0.775,13.408,14.608038856310202,-1.756,5284.899999999998,5.117000000000001,8.747612747,1.89969217777252,18.17313172689,15.6968126387972,0.0,16.8680157641191,52.189,8.67969778226601,0.0038160394017607,78.9701,0.482590199613052,2.68429043488445,0.916,-1.874,-2.38841453065768,0.775,6.68623362327285,0.282,59.7850976800938,0.842001795768738,0.0760956779122353,0.0949805304408073,4.65772615666869,51.491727423915066,110505898.0,2252259821.7,1927.801231,0.0,40368463534.28498,0.0,1.0,0.0,0.0,2.86,195443700.0,206.54778605954033,0.0,0.0
NGA,Nigeria,2017,54.4,18.8413813616446,20.8465714300542,0.0288540143519639,0.774,13.192,12.8520298076198,-1.698,5190.363000000001,6.5760000000000005,8.440363173000001,1.9242250919342,22.3151171946859,16.5022662139641,0.0,17.5533333333333,52.397,8.74199349233524,0.0171043027719665,72.368,0.679652469225142,5.47262882301734,0.913,-1.997,-2.8830297877021,0.775,5.79056686533675,0.294,55.8046968877557,0.83652937412262,0.0700574293732643,0.095997728407383,7.80498492445019,52.394171892899145,114843267.0,2385958890.9,2011.775446,0.0,50565339582.14948,0.0,1.0,0.0,0.0,2.86,200254579.0,252.50528519574817,0.0,0.0
NGA,Nigeria,2018,56.5,19.823422094967,21.203773720121,0.0284305643290281,0.774,12.952,10.2465813012399,-1.734,5155.067999999999,8.504999999999999,8.983438040475535,1.94907462596893,25.7333065832929,12.0951065173432,0.0,16.9038969646886,52.669,9.64894748123428,0.0139798912407886,84.284,0.968367262124034,7.69068153465603,0.931,-2.097,-1.6055851543541997,0.775,6.05597715767894,0.264,52.017050934471,0.80133444070816,0.0969138890504837,0.125816315412521,9.79850822600435,46.08831110959142,119182819.0,2330097424.9,2045.034851,0.0,65843196129.437454,0.0,1.0,0.0,0.0,2.86,204938755.0,321.28230763106495,0.0,0.0
NGA,Nigeria,2019,55.4,23.2040814697558,25.7349305726601,0.0284005459398031,0.802,12.679,7.9232226593171475,-1.529,5135.489,7.832000000000001,9.835765939009525,1.97424519062042,21.0040409408605,11.3964223378116,0.0,15.3765869808333,53.009,9.10054556609649,0.0051932203269448,88.1169,0.855086670258244,6.51475056054778,0.934,-1.933,-1.96569706540475,0.775,-25.776529937819305,0.268,52.8970825936966,0.768153190612793,0.110113434493542,0.165259674191475,8.35322267194456,42.89935854598443,123515077.0,2316751410.8,2143.169305,0.0,60695737564.940765,0.0,1.0,0.0,0.0,2.86,209485641.0,289.7369828080043,0.0,0.0
OMN,Oman,1995,100.0,10.2340201093953,2.4366439489181495,0.0514377951622009,0.633,3.798,22.4564944087871,-0.149,32760.797,34.346,11.595607571,2.152711907679942,40.809237080659,0.9300970252959466,0.0,9.28175,71.56,4.689576916842281,0.0,0.3652898429999922,0.968902504651822,30.87934812440361,0.351,0.8740000000000001,-3.54294953544521,0.405,7.39301977695996,0.525,53.5337980223699,0.4546038210392,0.225199058651924,0.166589394211769,31.8501238195579,64.1500694766095,1519534.0,0.0,868.000611,0.0,11106235626.011145,0.0,1.0,0.0,0.0,3.54,2120528.0,5237.485959162597,0.0,3.0
OMN,Oman,1996,100.0,16.0983866051036,2.198442707477101,0.0517084412276745,0.633,3.641,23.3877239915709,-0.197,32895.829,35.701,10.878222559,2.1685865754892855,43.3396601455665,-0.178385995096292,0.0,9.30075,72.023,4.689576916842281,0.0,0.670644633000002,0.943907685845744,36.1991174614756,0.276,0.8740000000000001,2.55233615271794,0.456,1.7576760659936097,0.557,53.5337980223699,0.452026695013046,0.189690604805946,0.149779796600342,37.1448237189533,69.3906831462689,1545238.0,0.0,897.000592,0.0,13541146991.735312,0.0,1.0,0.0,0.0,3.54,2156926.0,6277.984034563685,0.0,3.0
OMN,Oman,1997,100.0,16.795525855464,2.2994968499055695,0.0524772517383099,0.633,3.499000000000001,31.2970315586119,-0.216,34184.458,36.861,13.663680627000002,2.1688192163815345,42.6870233409743,0.0275511366037619,0.0,9.18025,72.463,4.689576916842281,0.0101270310908837,2.3558047470000076,1.1738087030327,32.0318310544737,0.276,0.8645,5.09804312809978,0.533,11.6752375099938,0.558,53.5337980223699,0.439942806959152,0.187354907393456,0.205247551202774,33.2175926848869,71.594365872295,1568951.0,0.0,909.000584,0.0,12385790254.846905,0.0,1.0,0.0,0.0,3.54,2190720.0,5653.753220332541,0.0,3.0
OMN,Oman,1998,100.0,12.6238441296755,2.797860269087371,0.0541377998888493,0.633,3.3710000000000004,41.5476900632193,-0.228,34435.92,31.759,16.795231279,2.1831883507112826,43.7882963203112,0.7131532101564027,0.0,9.7375,72.882,4.689576916842281,0.0041171476097463,4.351950207000009,1.7331724264601198,22.5419118763231,0.276,0.855,-4.32188980039362,0.533,23.3028987699578,0.558,53.5337980223699,0.444448173046112,0.197757631540298,0.383783936500549,24.2822148573417,80.4830604636084,1591130.0,0.0,905.000579,0.0,8088440190.266503,0.0,1.0,0.0,0.0,3.54,2222489.0,3639.3611803102303,0.0,3.0
OMN,Oman,1999,100.0,19.7064860838937,2.58141671649627,0.0555966533720493,0.633,3.258,40.6010471509618,-0.421,33919.631,34.475,14.348376669,2.169356420450152,48.8894074408972,-0.3769435624951249,0.0,10.5302083333333,73.276,4.970320999897911,0.0003659580879149,5.366082104,1.17793947306719,31.1434378961453,0.276,0.988,0.7996930220291809,0.533,-0.2595937164062523,0.57,48.7698163839748,0.376271545886993,0.172996670007706,0.294996798038483,32.3229406984525,76.611197806525,1612307.0,0.0,904.6893641,0.0,11179840743.857187,0.0,1.0,0.0,0.0,3.54,2252909.0,4962.402273619213,0.0,3.0
OMN,Oman,2000,100.0,32.8308599339246,1.9652287703883695,0.0562410168349743,0.605,3.1549999999999994,32.8286208346965,-0.806,35395.498,43.382,11.840534859999998,2.1905239522679114,56.1632471841847,0.0106227781430536,0.0,10.1415833333333,73.643,6.19128849838763,0.000155385864358,7.142940000000003,1.95544231164374,44.475781466106,0.276,1.121,12.443311981179598,0.533,-6.298387363207318,0.619,43.0854792727953,0.310636907815933,0.155668765306473,0.202617511153221,46.4323533403582,81.4132822358275,1632638.0,0.0,954.7975455,0.0,18094981568.74145,0.0,1.0,0.0,0.0,3.54,2282131.0,7928.9846063794985,0.0,3.0
OMN,Oman,2001,100.0,28.5507554018409,2.04495145289936,0.0567796751856804,0.54,3.0619999999999994,35.1535938909125,-0.481,36404.37,40.824,12.683482905,2.2005324232549612,53.2718052025626,-0.816666666666654,0.0,9.59258333333333,73.979,8.41990606809478,1.8490805829829423e-05,14.0743,3.37433221536619,36.285347329679006,0.258,1.025,7.44944298051287,0.533,14.9262280305334,0.63,45.6975205256439,0.304383009672165,0.159278482198715,0.24099189043045,39.6608260982704,84.5270024947002,1652220.0,0.0,955.7781372,0.0,15112000675.97787,0.0,1.0,0.0,0.0,3.54,2310217.0,6541.377141618243,0.0,3.0
OMN,Oman,2002,100.0,28.8253728557941,2.0262270682287102,0.0576213672757149,0.54,2.9800000000000004,33.9703564220235,-0.738,35526.594,39.451,14.173245049,2.1988574787024024,52.8284867004183,-0.2795788225713735,0.0,8.82466666666667,74.276,8.5559326620587,0.0004029134198288,19.829899999999995,3.00081952390751,33.51317909328,0.258,0.929,4.96961388803738,0.533,3.94643678356486,0.63,46.3472662284213,0.2898337841033939,0.166254699230194,0.297889739274979,36.5156563174369,83.6537485764543,1671086.0000000035,0.0,897.3777222,0.0,14295253844.312853,0.0,1.0,0.0,0.0,3.54,2337140.0,6116.558633335125,0.0,3.0
OMN,Oman,2003,100.0,30.6969770562379,1.9295275549152997,0.0590541362762451,0.542,2.909,32.1772115960926,-0.938,34173.705,39.876,17.627992249000002,2.2389476198211433,52.5914554000484,0.2313286822671436,0.0,8.39308333333333,74.521,8.10822178525988,0.0,24.893500000000003,2.83911460251647,33.3255110511249,0.274,1.062,4.05108224447814,0.533,-1.1358144451343488,0.618,46.7282152658752,0.27684411406517,0.147536441683769,0.336379766464233,36.1663480509711,84.846636733578,1689940.0,0.0,819.5090451,0.0,14705597208.77527,0.0,1.0,0.0,0.0,3.54,2363796.0,6221.178650262235,0.0,3.0
OMN,Oman,2004,100.0,31.9647241110517,1.6899291586095693,0.0610820762813091,0.545,2.8019999999999996,29.8651264239303,-0.402,34254.983,39.507,20.86837626,2.23980495891284,53.36473693375,0.6249690626313669,0.0,7.93975,74.82,7.98225757672957,0.0056919034648559,32.9697,2.88939866107243,36.7966643908859,0.274,1.116,4.73162409469872,0.533,-4.05057515580795,0.618,46.0212432526554,0.236902296543121,0.141286060214043,0.453642636537552,39.6932689656436,88.611307129045,1720478.0,0.0,779.7398905,0.0,18088498412.13763,0.0,1.0,0.0,0.0,3.54,2404821.0,7521.764992961069,0.0,3.0
OMN,Oman,2005,99.9,39.3876270807425,1.4151358002988506,0.0627183169126511,0.545,2.766,26.830213002842,-0.355,34563.35,41.836,23.614370152,2.3722959959383503,60.285371070288,1.9098355353186491,0.0,7.283583333333329,75.07,7.9070346605725,0.0093401367248378,53.0901,3.43896048338828,42.841561539357,0.274,0.946,10.4538474858267,0.575,-11.8701672014977,0.618,40.2771673844892,0.2251960486173629,0.157277420163155,0.326072484254837,46.2910962199201,86.7613020421318,1767559.0,0.0,774.2895020999999,0.0,24754223447.215954,0.0,1.0,0.0,0.0,3.54,2459802.0,10063.502447439247,0.0,3.0
OMN,Oman,2006,99.9,43.1511296859815,1.2253300022600797,0.063387043774128,0.545,2.7270000000000003,26.8602293065219,-0.67,35469.834,42.282,22.974612290000003,2.4286588136617837,60.29283310223501,3.5449859160503294,0.0,7.292666666666669,75.354,10.1031696098613,0.0065507736279656,70.4453,3.83739990543483,40.7520000982427,0.274,0.841,11.0291889845889,0.575,-6.34679636297475,0.625,39.9759331993574,0.194797486066818,0.13699933886528,0.454845607280731,44.5972509306022,86.1457079854133,1820511.0,0.0,737.654899,0.0,27299567512.569614,0.0,1.0,0.0,0.0,3.54,2514795.0,10855.583660922506,0.0,3.0
OMN,Oman,2007,100.0,40.7138856235603,1.2002261529763292,0.0641427934169769,0.542,2.7089999999999996,30.9764844412137,-0.428,36468.163,41.212,28.968610490000003,2.4681799406920626,57.7212395336941,5.8304841809271,0.0,7.368833333333331,75.596,9.08058045930593,0.0046080136430455,94.0855,3.56690047305781,37.7986997972135,0.274,0.94,9.15005975213353,0.575,-0.6384427205550338,0.629,42.4015292248876,0.211848571896553,0.129814848303795,0.511224865913391,41.3713037014859,94.8657889777347,1877973.0000000035,0.0,717.7922616999999,0.0,28444980231.816273,0.0,1.0,0.0,0.0,3.54,2570174.0,11067.336387270385,0.0,3.0
OMN,Oman,2008,100.0,46.8631652075993,0.973923151725602,0.0658118650317192,0.528,2.6210000000000004,30.6458183525274,-0.597,38889.676,40.242,35.76601433,2.498552839607408,63.59971534916299,12.3754091529912,0.0,6.82833333333333,76.124,9.59168998394182,0.00137641545022,117.026,2.5861789674512803,37.9131008037865,0.274,0.9220000000000002,13.594692294592402,0.58,-19.4658625339234,0.629,36.2531156971524,0.191289514303207,0.1121571585536,0.4990486800670619,40.5020271140744,94.7619029877161,1938583.0,0.0,820.578258,0.0,39319972173.32772,0.0,1.0,0.0,0.0,3.54,2626529.0,14970.317165098013,0.0,3.0
OMN,Oman,2009,100.0,28.9157999675288,1.288334638708189,0.0660388469696045,0.528,2.5489999999999995,40.7469449022376,-0.624,39822.228,33.101,31.79167265,2.631684347538239,57.5656243990977,3.46881023754893,0.0,7.32325,76.631,10.2747853166433,0.0009031675436097,138.05,3.44253307350361,30.513121501608396,0.274,0.827,-1.17159619851469,0.586,43.1781374880598,0.63,43.052982586143,0.238011464476585,0.132366612553597,0.4825845956802369,33.9582915199024,91.6279353346997,2000980.0,0.0,1179.0854359999998,0.0,27273274543.800503,0.0,1.0,0.0,0.0,3.54,2684659.0,10158.934353972145,0.0,3.0
OMN,Oman,2010,100.0,42.3279171783038,1.2472989195678306,0.0635483041405678,0.528,2.4559999999999995,38.2119108803521,-0.365,39237.206,35.531,28.41579904,2.5355501165098433,63.27330932372949,3.25657959078624,0.0,7.141249999999999,77.184,10.0456182472989,0.0150457304494815,151.446,2.58478670992998,32.5688653439524,0.274,0.5900000000000001,4.160124826369,0.586,-6.32458296829763,0.626,39.9391756702681,0.272148191928864,0.148940294981003,0.363548457622528,35.1702914756151,96.3865546218487,2072440.9999999965,0.0,1248.1182192,0.0,36815294131.02786,0.0,1.0,0.0,0.0,3.54,2757446.0,13351.229409761012,0.0,3.0
OMN,Oman,2011,100.0,41.4169632854489,1.10041680929465,0.0606427192687988,0.528,2.1820000000000004,36.1030456409534,-0.519,36734.052,42.734,30.257110859999997,2.53947999483638,68.1872487230601,4.0421886711639,0.0,6.521333333333331,77.74,10.4645309385257,0.15840492752114,147.926,2.70638988975639,40.4074409203453,0.257,0.432,7.82520511627122,0.588,-8.07973379393509,0.639,37.0144775788817,0.269880712032318,0.151299491524696,0.318690121173859,43.273814289286,101.641731939942,2327835.0,0.0,1279.086274,0.0,50944218396.79595,0.0,1.0,0.0,0.0,3.54,3076763.0,16557.732394986535,0.0,3.0
OMN,Oman,2012,100.0,41.3054048882099,1.0155108647463305,0.0572951026260853,0.509,2.2,36.8201690395642,-0.451,36375.707,42.702,28.9452585,2.536711502166385,67.5378696587491,2.947734952572091,0.0,5.901,78.187,9.93224968534933,0.1052814499336669,150.873,2.79525403477041,37.5396768679582,0.257,0.462,2.9284100630694,0.588,2.21469423925791,0.639,37.4757131338017,0.2710787057876589,0.178735956549644,0.335782110691071,40.4418641958152,102.0747604043,2698928.0,0.0,1298.1558579,0.0,51830465740.175545,0.0,1.0,0.0,0.0,3.54,3547106.0,14612.043096590727,0.0,3.0
OMN,Oman,2013,100.0,39.5770119149038,1.142265560837929,0.0543026849627495,0.509,2.192,37.8101763629108,-0.412,35967.352,42.071,30.933807279999996,2.5376809605097947,64.9283987461105,1.0535482026593197,0.0,5.515499999999999,78.633,9.40793050398492,0.0490024463064275,149.209,2.80564328885222,35.9895065337986,0.257,0.46,2.24938416950093,0.588,7.91158154746331,0.639,39.731466379799,0.264627158641815,0.189244881272316,0.34319669008255,38.8455213970653,112.543521763774,2932615.0,0.0,1306.8553151,0.0,50875002148.56353,0.0,1.0,0.0,0.0,3.54,3833913.0,13269.733076510482,0.0,3.0
OMN,Oman,2014,100.0,35.1107522326944,1.112707194720949,0.052478164434433,0.509,2.1129999999999995,40.9964363798579,-0.449,35181.382,39.838,31.217169345,2.4269762412106344,62.0562918738146,1.014014839241559,0.0,5.22508333333333,79.03,8.63119620231856,0.0518559807676152,153.806,2.61536016043644,31.679118596048305,0.257,0.7350000000000001,-1.8663763433111704,0.588,3.40789682865649,0.645,42.3134546107489,0.2820041775703429,0.18905408680439,0.331415057182312,34.34852379870801,102.27872108813,3077446.0,0.0,1321.1779041,0.0,45794928553.61985,0.0,1.0,0.0,0.0,3.54,4002439.0,11441.755527971782,0.0,3.0
OMN,Oman,2015,100.0,23.1245513585967,1.7297608072877892,0.0498768985271454,0.51,2.0570000000000004,58.1721127566142,-0.426,35464.463,31.069,29.46394037,2.6593805292108073,53.0988656602003,0.0652901330286592,0.0,4.878499999999999,79.346,8.91611568746014,0.0207625564399784,155.756,2.20871236883756,18.8680645519097,0.257,0.778,-14.0747998355491,0.588,29.7141921537162,0.645,50.1154825983089,0.321836858987808,0.199194684624672,0.416682064533234,21.0999447505156,96.3775801852347,3235030.0,0.0,1365.917863,0.0,25363609980.095127,0.0,1.0,0.0,0.0,3.54,4184895.0,6060.751818168706,0.0,3.0
OMN,Oman,2016,100.0,19.9352151781583,1.9853221172153592,0.0472428873181343,0.513,2.0169999999999995,66.6702330425451,-0.346,35102.334,24.996,32.64979414,2.62517318918616,47.9402499394191,1.1092080580702692,0.0,4.91108333333333,79.581,7.91428670336137,0.001210575987103,153.291,1.7770747170443997,16.2724873177614,0.257,0.75,-20.0131314347286,0.588,15.4598093486321,0.645,53.3326409803718,0.334725290536881,0.203699931502342,0.430235713720322,18.0527768334822,82.8642642018901,3414001.0,0.0,1390.262568,0.0,21415701132.83964,0.0,1.0,0.0,0.0,3.54,4390877.0,4877.317477314815,0.0,3.0
OMN,Oman,2017,100.0,21.0904075470182,1.98459925247834,0.0450593791902065,0.521,1.9930000000000003,65.9487621150617,-0.343,34082.445,28.969,31.12942918,2.61213049858942,49.5943955174432,1.589094135677989,0.0,5.15266271716578,79.748,8.4951784209409,6.0477712353956825e-05,148.822,2.04633987256907,19.3050063067708,0.257,0.7490000000000001,-11.0890876102742,0.605,-1.99936784872024,0.622,52.0222326580764,0.349694758653641,0.185063123703003,0.412429302930832,21.3537653208209,88.9531480182956,3553427.0,0.0,1223.5695919999998,0.0,24932938107.9816,0.0,1.0,0.0,0.0,3.54,4537396.0,5494.988338681835,0.0,3.0
OMN,Oman,2018,100.0,28.8768284984218,1.8494201909959092,0.0425253435969353,0.521,1.992,61.0721758896089,-0.37,34208.006,31.602,29.19656677,2.6056056494453577,53.893815370623,0.8893123709704049,0.0,5.246384502136731,79.864,9.09106412005457,0.0,139.967,3.3045927232868,23.708799078038396,0.257,0.6420000000000001,-5.21357047932256,0.605,-5.804866112383939,0.622,47.5068212824011,0.351529985666275,0.173165559768677,0.344772279262543,27.014478296243094,89.2792178262847,3630740.0,0.0,1358.3873973,0.0,32435497797.929825,0.0,1.0,0.0,0.0,3.54,4597877.0,7054.4509559368,0.0,3.0
OMN,Oman,2019,100.0,23.9016663290113,1.99471933938581,0.0399835556745529,0.516,2.000999999999999,65.1353364973981,-0.179,33702.768,33.949,28.307221706,2.396102707631145,51.3792329456517,0.4908153628206708,0.0,5.413343512784671,79.946,8.02938031979303,0.0,138.232,3.36669233100504,21.6117797561797,0.252,0.589,-4.63360700134137,0.605,8.30089840472333,0.623,50.673372829997,0.383117258548737,0.186013206839561,0.284177482128143,24.980029706013696,86.4782010313236,3653618.0,0.0,1361.9386301,0.0,28468456734.12616,0.0,1.0,0.0,0.0,3.54,4591241.0,6200.6016966058105,0.0,3.0
PNG,Papua New Guinea,1995,11.0,37.2889200005938,33.8127754370672,0.0431244020395601,0.859,7.984,21.156899111522915,-2.42,3109.6140000000014,18.172,0.0,1.5355588151424584,32.0645067557751,17.280932681459,0.0,13.1408333333333,60.929,8.01491597656061,11.9915313110296,0.0,0.0960955847491219,8.581281596906,0.62,-0.7749999999999999,4.03471071912739,0.643,-2.3396342896561606,0.547,43.86826032257521,0.6342253876079825,0.193192114230545,0.273989158733789,26.6836251789136,104.739980951459,666648.0,49559577.0,307.11251636905723,0.0,2597860714.3361397,0.0,0.0,0.0,0.0,20.57,4644278.0,559.3680469464015,0.0,2.0
PNG,Papua New Guinea,1996,11.0,28.782729745789,31.645252917715304,0.0478609512099019,0.859,7.945,21.153484888758133,-2.142,3229.2349999999988,19.622,0.1011468190000002,1.5557897431803296,34.8109555977453,11.6241782908448,0.0,13.3033333333333,61.071,8.9334334113353,4.98144246019828,0.0477444759999983,0.142366093181278,10.3285381227809,0.62,-0.7749999999999999,4.64781300321088,0.643,11.2869494404942,0.547,44.222633502509424,0.6810495287577248,0.178281050191847,0.2015493205535621,20.958037046599102,107.803352613066,675895.0,50817507.399999976,287.5008305954875,0.0,2667036023.664448,0.0,1.0,0.0,0.0,20.57,4813361.0,554.0901718496592,0.0,2.0
PNG,Papua New Guinea,1997,2.158482551574707,15.8734914164488,35.0330527148426,0.0533554337834358,0.86,7.882,9.234504748467188,-2.26,2947.5499999999993,21.236,0.2077175699999998,1.6084390811811118,29.8025312164529,3.96437805228409,0.0,10.4491666666667,61.27,9.19543477032601,1.25610938457896,0.0777552150000033,0.131282218642344,6.63547270216546,0.62,-0.441,3.36954930729658,0.643,1.8656026589615295,0.547,49.254376060043654,0.7822145253813663,0.136180416440227,0.1582334251454067,12.6784825145613,99.2079750268377,685793.0,47682493.600000024,182.79326746736504,0.0,1773331030.21507,0.0,1.0,0.0,0.0,20.57,4987883.0,355.5277920943755,0.0,2.0
PNG,Papua New Guinea,1998,4.2950897216796875,19.7964537779872,33.692142088267,0.061873210852239,0.861,8.296,17.41451666861058,-1.67,3008.3999999999996,19.864,0.2799552180000013,1.708593465087763,31.3547593418422,13.5741917656809,0.0,17.7041666666667,60.435,9.25598441744836,4.06500351855718,0.1081569360000074,0.1428850315450299,4.33852138425411,0.62,-0.107,2.80972576925163,0.643,2.7590416607623807,0.547,43.33422615895616,0.820179253531187,0.0997101032071422,0.2088744786093779,13.9562495211202,102.860932133887,697421.0,45549771.600000024,227.7257867324738,0.0,1536944409.6137643,0.0,0.0,0.0,0.0,20.57,5166390.0,297.48904159650436,0.0,2.0
PNG,Papua New Guinea,1999,6.426855087280273,20.5663462248546,34.2572664869396,0.065286104681863,0.861,7.818,16.316058141202035,-1.898,2988.8639999999978,19.509,0.3296872200000003,1.8062876786149609,35.086427584332,14.9321817407701,0.0,18.8958333333333,61.505,8.24063795564215,3.4217966175825003,0.132653359999999,0.151746045571037,9.35013445235168,0.62,-0.157,1.1549227376795002,0.643,7.04692270586385,0.547,45.708519225469125,0.836235179957182,0.0976702645326086,0.2116523764542028,17.3650563766783,116.006802066106,712304.0,34285299.100000024,270.657076268332,0.0,1918710641.7075884,0.0,1.0,0.0,0.0,20.57,5349333.0,358.68222107458786,0.0,2.0
PNG,Papua New Guinea,2000,12.400000000000006,34.6292824455904,33.9663920787198,0.0509888307108987,0.861,7.785,21.63363745364722,-1.412,2843.8449999999993,20.76,0.339387090999999,1.5735267180879506,39.3290741387457,15.5958933107535,0.0,17.5425,61.609,7.1663345590500995,6.70115973815214,0.1545950000000004,0.245727169392993,15.1343158261002,0.62,-0.207,3.34317441612803,0.643,3.92571797873366,0.547,46.00230062941706,0.7444006942568682,0.1501672945845264,0.1909740757211968,25.7002086888519,115.421837958873,732159.0000000037,51054528.399999976,268.82869751571315,0.0,2264666424.7924943,0.0,1.0,0.0,0.0,20.57,5537064.0,409.0013091400956,0.0,2.0
PNG,Papua New Guinea,2001,12.700000000000005,30.8460911486121,34.411280936487,0.0653276301851722,0.861,7.779,15.959115159185927,-1.219,2772.2000000000007,20.236,0.2063106179999998,1.803364714239564,38.4906168540731,9.29817332783968,0.0,16.2075,61.647,7.03230957167454,3.2068877388132204,0.1867870000000024,0.309445269409677,10.0494445711599,0.62,-0.3785,1.50436079589997,0.643,8.69258793903992,0.547,49.88760113681422,0.8377239411836314,0.0973248821966245,0.2115873315964527,17.505282726103,117.580367053663,755375.0,119188273.20000003,258.16410398952456,0.0,1724983541.4480042,0.0,0.0,0.0,0.0,20.57,5728435.0,301.12649291612877,0.0,2.0
PNG,Papua New Guinea,2002,13.099999999999994,24.8088505704426,37.9906481918408,0.0522126886712556,0.847,7.803,21.813450682844728,-1.118,2701.9040000000005,19.067,0.0,1.494712006625577,34.9054094633435,11.7994470972606,0.0,13.8891666666667,61.643,6.25713182617648,6.34162533640631,0.2532070000000033,0.276285278534893,8.30071007566483,0.62,-0.55,0.909967101003672,0.643,1.4237501506362698,0.547,46.430855512326445,0.7748122570610969,0.1340764733315502,0.1808939059126168,19.8483010320863,118.919110291279,779188.0,128936876.79999997,254.167064825141,0.0,1564298296.6937904,0.0,0.0,0.0,0.0,20.57,5924003.0,264.0610237188925,0.0,2.0
PNG,Papua New Guinea,2003,13.400000000000006,34.4166711056456,38.3485879322483,0.052865646559283,0.835,7.775,21.132255043095196,-1.168,2876.736000000001,18.857,0.0,1.608341567455543,35.2516732907512,14.7090779663557,0.0,13.3558333333333,61.741,6.531211556374111,7.28731873407792,0.2857610000000008,0.2712926589633,8.5315713263891,0.62,-0.559,3.84505724581674,0.643,7.40623929990038,0.547,46.21341825270218,0.739757575043299,0.1469330920189662,0.1930108278912555,22.084810442314,123.449069006746,803628.0,135357007.29999995,248.4007231361805,0.0,1874856273.293675,0.0,0.0,0.0,0.0,20.57,6123997.0,306.1491168747592,0.0,2.0
PNG,Papua New Guinea,2004,13.799999999999995,33.5683651479054,35.9686628123206,0.0428323135234915,0.835,7.76,21.15283864803825,-1.622,2825.583999999999,21.462,0.0,1.634468521411375,36.990625566481,2.158931312669459,0.0,13.2508333333333,61.795,6.704802817898291,14.2698811850806,0.7634430000000023,0.259537194188596,9.98265210787866,0.62,-0.549,3.92935883607858,0.643,15.5530804394784,0.547,44.08153965603312,0.614566696874712,0.1923468207577695,0.3102057038501046,28.790794029329,131.082911016249,828668.0,78708099.79999995,213.46506792908943,0.0,2217064677.5095663,0.0,0.0,0.0,0.0,20.57,6328041.0,350.35561203057415,0.0,2.0
PNG,Papua New Guinea,2005,14.099999999999994,33.855501489248205,28.18594993493005,0.039204400780845,0.835,7.738,21.14099581229523,-1.728,2877.2839999999997,23.461,0.0,1.6851216414758587,36.17812293185035,1.78080439925826,0.0,11.4691666666667,61.868,4.520652641615239,13.8116048148126,1.147509999999997,0.246725853729445,13.5759956853375,0.62,-0.922,4.3725248022326,0.643,-0.6357616911435384,0.547,43.752642256764865,0.6980949721463222,0.185019052574516,0.2278011169854483,31.2020381442888,117.98667874061628,854301.0,13292211.0,237.23511710314264,0.0,2848109549.837443,0.0,0.0,0.0,0.0,20.57,6535905.0,435.76360884031254,0.0,2.0
PNG,Papua New Guinea,2006,12.400000000000006,19.3720222228332,20.4032370575395,0.0526545723102643,0.835,7.681,19.380815342828964,-2.011,2882.304,24.782,0.0,1.910035631010278,35.3656202972197,2.3684623841683,0.0,10.5666666666667,62.018,2.33650246533219,14.9933922556165,1.48198,0.1206396177947809,9.32165114223731,0.62,-0.8699999999999999,6.589539210700079,0.643,-31.117242299808204,0.547,41.1601229958445,0.8093239818477559,0.1662065696601802,0.2051676402174077,27.4026305651904,99.61897273549287,880574.0,13990920.0,240.59659849073327,0.0,3734537309.735261,0.0,0.0,0.0,0.0,20.57,6747720.0,553.4517303230218,0.0,2.0
PNG,Papua New Guinea,2007,14.9,33.54321819449184,19.608590823475,0.0431562617167833,0.847,7.607,20.66196513399848,-1.97,3036.5470000000005,24.921,0.0,1.5360377101432332,34.5397977398031,0.9113504556752404,0.0,9.7775,62.211,2.4080025908701295,12.4080412371666,4.30827,0.0947961865374602,8.10660630103675,0.62,-0.748,8.2621634848785,0.643,6.79238387592348,0.547,42.4652017879367,0.6343663883965327,0.1925195090617431,0.272924336708259,24.2068320642901,118.40350717602716,907494.0,14696325.0,212.66250641901692,0.0,3731536108.4940343,0.0,0.0,0.0,0.0,20.57,6963345.0,535.8826984005581,0.0,2.0
PNG,Papua New Guinea,2008,15.299999999999995,33.65365522208032,20.1748721590487,0.0413932676478553,0.859,7.489,21.2252200917856,-1.79,2958.937,22.488,0.0,1.5614507648607008,34.3859870110461,10.7614182326827,0.0,9.19666666666667,62.511,2.513033139651501,12.7571740548352,12.1676,0.0955224826288264,8.52783686957129,0.62,-0.61,3.9924355749128,0.643,-2.2108672355313104,0.547,42.2889560914196,0.6781251364299906,0.1869303795857951,0.2335338963032054,25.361141981896395,117.54738147045084,935124.0,14324510.99999988,199.04836442224016,0.0,4337214089.648819,0.0,0.0,0.0,0.0,20.57,7183002.0,603.8163555639856,0.0,2.0
PNG,Papua New Guinea,2009,17.199999999999996,33.14185925447988,21.6434677774704,0.0495372791382913,0.859,7.389,21.7870346979082,-2.07,3089.148000000001,19.169,0.0,1.6011691361895073,29.7716417489587,6.91832532601224,0.0,10.0941666666667,62.772,2.59214211149434,11.3523437597216,19.139399999999995,0.0949891028567753,4.00467749044639,0.62,-0.7909999999999999,-4.03972970384988,0.643,15.7415559435155,0.547,45.2637670895921,0.766395561892127,0.1835995505515188,0.201432062673512,18.9071661714619,112.66526179359737,963461.0,196736185.8,203.3152203505238,0.0,3517729074.890347,0.0,0.0,0.0,0.0,20.57,7406438.0,474.9555825472848,0.0,2.0
PNG,Papua New Guinea,2010,19.5,31.964860498412683,19.6083870979546,0.0429452267856325,0.859,7.285,21.091519972966,-1.578,3226.459999999999,21.456,0.0,1.6479151657888789,33.1688098579341,6.01360893567856,0.0,10.4458333333333,63.056,2.4403392843027003,19.3279074981138,25.009100000000004,0.0826540954560289,4.61457234233034,0.638,-0.808,4.00991825474437,0.643,0.4809733116377339,0.519,44.1440002030136,0.613422697190082,0.1631748723300561,0.2819338733896448,27.8968249359842,104.20982817848622,992525.0,193265013.0,193.8759675890411,0.0,4346542287.831743,0.0,0.0,0.0,0.0,20.57,7633523.0,569.4018722196479,0.0,2.0
PNG,Papua New Guinea,2011,17.299999999999997,31.850525869528276,19.1997113715188,0.041561579998421,0.859,7.167,20.9325128845535,-1.133,3093.8410000000003,21.903,0.0,1.6759020992749232,31.3362203529409,4.44083401028971,0.0,10.8083333333333,63.382,2.5088628822604395,18.184302498514,30.5369,0.0756884883830316,4.85140837264189,0.666,-0.7549999999999999,3.20420819804917,0.643,1.8148558397557997,0.486,47.0232947143647,0.6461762334074082,0.169018099823747,0.2864872755928914,26.2680889498874,106.01134396591394,1021715.0,192667660.1,159.2948691103948,0.0,4822755487.819672,0.0,0.0,0.0,0.0,20.57,7859346.0,613.6331811603245,0.0,2.0
PNG,Papua New Guinea,2012,17.5,32.82075475017829,19.2739507668723,0.0526123865273296,0.857,7.076,22.8565539094754,-0.912,3070.8240000000005,21.227,0.0,1.5644236660091155,27.5731803314458,4.53720508166972,0.0,10.815,63.639,2.466265408525981,9.76136635013989,33.5215,0.053034038226872,3.56540758499502,0.674,-0.59,-0.170842656045718,0.643,11.4555568045047,0.472,49.6021773873939,0.7538675355399165,0.1572069854101971,0.1720606410496359,15.8152886420978,118.78681775633224,1051743.0,192874711.8,153.04858265350524,0.0,4481131600.261131,0.0,0.0,0.0,0.0,20.57,8081390.0,554.5001045935329,0.0,2.0
PNG,Papua New Guinea,2013,17.800000000000004,24.881268209264775,19.2600193533343,0.0497292564456837,0.855,6.977,25.0996039083892,-1.684,3120.2440000000006,20.74,0.0,1.3137029538393108,26.5405471816928,4.9603174603175,0.0,10.13,63.927,2.44051659136033,5.67537595324957,36.1328,0.0519952379140585,3.43617432270382,0.674,-0.52,-5.77776808884513,0.643,6.31649598133552,0.472,50.4989633986372,0.7023182836143272,0.1573941975188851,0.2024512183647971,11.6658602971436,112.70033489423328,1084187.0,193261143.8,134.8704610024174,0.0,4101338772.515162,0.0,0.0,0.0,0.0,20.57,8302698.0,493.97662934568524,0.0,2.0
PNG,Papua New Guinea,2014,18.1,24.94569723819329,17.6919442750767,0.0453293412236707,0.855,6.89,22.6256429101556,-1.5810000000000002,3468.4210000000003,20.785,0.0,1.3057132550075474,32.7848336169925,5.222117202268409,0.0,9.37583333333333,64.198,2.12822917470014,3.67301579213499,39.4078,2.68508035101574,4.5168090264406,0.674,-0.339,-4.63175381985459,0.643,3.73533580456129,0.464,44.4755050929294,0.7154289146327736,0.1326845223395865,0.1638084481629682,14.02772535223,112.75203766397314,1119268.0,181816337.9,106.51632135697018,0.0,3400761959.1551113,0.0,0.0,0.0,0.0,20.57,8523441.0,398.9893235789526,0.0,2.0
PNG,Papua New Guinea,2015,18.4,17.135616989511732,17.4569301700841,0.0446985599818663,0.855,6.804,22.5534509061815,-1.715,3619.9249999999993,18.296,0.0,2.013230199888038,34.8049301310481,5.99595778127107,0.0,8.7325,64.473,1.777109480349079,1.80609932090663,40.7171,6.24715048464434,2.27122940050953,0.674,-0.416,-2.81923424969008,0.643,10.087811319828,0.464,43.2810108554466,0.5730885240155325,0.2575538808258078,0.2039327165289535,12.7384528214768,64.1118060792767,1157093.0,173900873.10000002,74.20238110233683,0.0,2411813611.3573303,0.0,0.0,0.0,1.0,20.57,8743246.0,275.84876501900214,0.0,2.0
PNG,Papua New Guinea,2016,13.5,24.97621453478891,17.8663404294926,0.047410113588502,0.855,6.744,22.1193452819282,-1.746,3740.732,16.122,0.0,1.7299422401666638,34.7299715804552,6.6737288135593,0.0,8.37466666666667,64.7,1.93140262947308,4.79215114126778,42.2017,5.09675442660281,1.86576642511912,0.674,-0.504,-2.82719626052189,0.643,5.71297677704803,0.464,43.430656678982,0.6317243456638105,0.1859043426822202,0.2137213777674013,14.3368397378808,112.6977648354838,1197766.0,168705569.79999995,106.43777796132152,0.0,2552849205.017944,0.0,0.0,0.0,1.0,20.57,8961718.0,284.86158625142457,0.0,2.0
PNG,Papua New Guinea,2017,19.200000000000003,26.795000169875113,17.649568905745,0.0522877377420009,0.84,6.692,19.3527551663392,-1.802,3793.833000000001,15.892,0.0,2.08655357290852,36.3598597357265,5.42204568023834,0.0,8.388333333333328,64.923,1.9453367040988905,5.73959585076772,43.7752,5.08750323001255,2.22581954930201,0.705,-0.6909999999999998,-0.372026856200828,0.643,0.639555495412993,0.46,41.5021183585627,0.730928849104355,0.1371619536960875,0.162153828498003,16.0436340949199,104.74222679480862,1241418.0,178720301.5,127.92078792586624,0.0,2894668971.730789,0.0,0.0,0.0,1.0,20.57,9178714.0,315.3675963463715,0.0,2.0
PNG,Papua New Guinea,2018,16.60000000000001,28.803373021045775,16.9738355202322,0.0549611029660306,0.827,6.661,18.7432134166838,-1.676,3705.952000000001,17.739,0.0,2.695878220574829,36.9240450738372,4.37448921453162,0.0,9.075,65.114,1.7242646911449295,6.054320213673231,45.7714,6.33134746755824,2.22689061511957,0.709,-0.656,-0.2465849908398539,0.643,-0.6581251534104506,0.464,41.6473438003943,0.6809375161456013,0.1646014977001874,0.1485689984193514,16.921880825492,93.1267032679458,1288229.0,174535997.20000005,109.15234521031428,0.0,2808941934.826797,0.0,0.0,0.0,1.0,20.57,9394513.0,298.99814230144733,0.0,2.0
PNG,Papua New Guinea,2019,23.6,23.83603447538578,16.9764457469667,0.0468797444109469,0.827,6.624,18.0546694179341,-1.409,3792.8960000000006,16.317,0.0,2.3183542464701814,36.711080935275,3.9286729093959702,0.0,8.65083333333333,65.331,1.69105291556229,3.10580299721339,47.1953,7.06589944245783,1.5719422304623,0.698,-0.7049999999999998,-2.43643867737738,0.643,7.50880873316245,0.464,41.8361672652699,0.5411694912877009,0.2398191880665354,0.2068576632000244,13.8152037166577,59.10466459517051,1338326.0,173536313.70000005,109.94361678726833,0.0,2886957942.8817997,0.0,0.0,0.0,1.0,20.57,9609010.0,300.4428076234492,0.0,2.0
QAT,Qatar,1995,100.0,21.865800830220973,3.545290046931772,0.0547945201396942,0.864,2.0069999999999997,34.6961722327483,-0.657,62854.33499999999,46.464,12.381847607365554,2.07806086540222,48.698434440364366,2.9565217391303005,0.0,10.1944444444444,74.404,7.559163605336855,0.0,3.585287682999997,3.5046340742533,26.8649643256338,0.442,0.362,-2.12023755905499,0.333,2.25230566648879,0.488,46.87782306898313,0.382309883832932,0.248840183019638,0.233327895402908,30.3700282846225,87.6679520311654,488988.0,0.0,460.8887671,0.0,5892850143.325215,0.0,1.0,0.0,0.0,10.63,514325.0,11457.444501677373,0.0,3.0
QAT,Qatar,1996,100.0,24.324992851301733,4.091764971571095,0.0574278235435486,0.864,1.982,31.127184350048,-0.69,64065.249,46.427,12.073157150510678,2.09871506690979,50.83736491498992,4.90453460620532,0.0,9.748950617283912,74.558,8.497668539754617,0.0,5.436207880000005,3.58192022129042,36.8699208406966,0.42,0.362,-4.03905111518256,0.333,1.3220839018312065,0.51,44.56650671579327,0.336673825979233,0.25503745675087,0.266877233982086,40.4522254159196,83.5092210549861,504623.0,0.0,567.9989071,0.0,8569660393.084802,0.0,1.0,0.0,0.0,10.63,529019.0,16199.154270611834,0.0,3.0
QAT,Qatar,1997,100.0,32.7710150484762,0.9888867511136824,0.0581790283322334,0.847,1.931,30.5500439929242,-1.225,79210.40100000001,38.244,14.425193094929345,2.11957430839539,55.91495727267593,4.8344898191332195,0.0,9.303456790123422,74.713,24.489944008148232,0.0,7.896242400999995,4.2250114124786,33.9039217305219,0.393,0.7104999999999999,-5.11722581136305,0.333,0.3918621371736215,0.519,41.467841781974634,0.254145085811615,0.228472158312798,0.281712830066681,38.12923911462771,84.4470388418955,526643.0,0.0,692.08,0.0,9425249961.635252,0.0,1.0,0.0,0.0,10.63,550500.0,17121.25333630382,0.0,3.0
QAT,Qatar,1998,100.0,50.00983659590536,0.4813006194383398,0.058772187680006,0.847,1.901,38.7559583810254,-0.918,84019.078,48.111,19.536542707088124,2.1406409740448,65.43292733493745,2.9513888888889,0.0,8.857962962962933,74.872,22.558795614253096,0.0,11.317786490000003,5.23208291455393,26.4784043103748,0.393,1.059,-0.246544655935021,0.333,-0.5383596274839633,0.519,35.17443233887195,0.247033357620239,0.247267216444016,0.251545250415802,31.7112212236269,91.0581255555736,556775.0,0.0,701.43,0.0,6264773975.937385,0.0,1.0,0.0,0.0,10.63,580540.0,10791.287380606651,0.0,3.0
QAT,Qatar,1999,100.0,44.71986072336948,0.3946911123817429,0.0595009475946426,0.847,1.877,34.7629181352663,-0.696,83864.32,38.009,17.257479300519606,2.16191720962524,63.772547862566526,2.1817032040472295,0.0,8.752451452938676,75.048,28.46649346351117,0.0,13.75586579,5.41184949514692,32.8896055971835,0.393,1.108,1.2182203880890703,0.333,0.7116695394765173,0.519,36.55806719390654,0.175128385424614,0.194949194788933,0.139849469065666,38.3017177527763,85.7329697856399,588681.0,0.0,723.27,0.0,8933723529.610617,0.0,1.0,0.0,0.0,10.63,612500.0,14585.671068752028,0.0,3.0
QAT,Qatar,2000,100.0,45.05535197156645,0.3727995544967974,0.0604989677667618,0.847,1.854,26.848992977137,-0.554,86435.581,34.407,15.012818284006729,2.18340468406677,62.474117649625,1.6503352243423208,0.0,8.137767029525495,75.25,31.9448244284256,0.0,18.737700000000004,5.8049734481771,40.7661397416806,0.393,1.157,8.89664477769959,0.354,-4.723593952652308,0.512,37.99089867445453,0.118384450674057,0.161531493067741,0.163690954446793,46.571294588063,89.6126597159917,621087.0,0.0,851.2690841,0.0,16128766099.289991,0.0,1.0,0.0,0.0,10.63,644989.0,25006.265377068434,0.0,3.0
QAT,Qatar,2001,100.0,50.68499758020197,0.3759398496240607,0.0633994489908218,0.847,1.8309999999999995,34.8932847744361,-0.457,87650.41,36.59,15.531029397739884,2.21360206604004,68.47696097771802,1.4713343480468293,0.0,8.121823387669835,75.486,36.7598883145363,0.0,26.2461,7.15223785160177,34.9268648116195,0.393,0.994,8.90618049801401,0.354,-4.683888211846567,0.508,33.020753894810795,0.110966935753822,0.166578635573387,0.258584320545197,42.0793085562037,94.968671679198,653977.0,0.0,855.7909735,0.0,13526740281.33081,0.0,1.0,0.0,0.0,10.63,677925.0,19953.151574777166,0.0,3.0
QAT,Qatar,2002,100.0,55.54479560314286,0.2567958685659182,0.0660489201545715,0.847,1.798,28.678248964304,-0.588,91006.822,39.472,17.279240201155808,2.24421715736389,68.58460956431104,0.2399999999999522,0.0,8.025696580990052,75.766,36.7630175642699,0.0,37.5002,6.07035853153518,31.8348108510858,0.393,0.831,11.255363712605,0.354,-4.9231531950267655,0.508,32.937721352879706,0.1387517154216769,0.161666929721832,0.281482726335526,37.90537795496721,88.4697236252199,687326.0,0.0,801.6554638,0.0,12768876498.783838,0.0,1.0,0.0,0.0,10.63,711205.0,17953.86210555865,0.0,3.0
QAT,Qatar,2003,100.0,58.832988841792925,0.2346403931685792,0.0688466355204582,0.847,1.758,29.9881582480184,-0.491,90264.581,35.218,26.40126431969811,2.27525568008423,69.86152302072408,2.26456504389469,0.0,7.4334984497722,76.097,32.4348752670348,0.0,50.5632,5.12871457863623,33.8929726986092,0.393,1.186,9.04536422850431,0.354,-6.216286530430047,0.542,31.89122204579738,0.102728150784969,0.129961833357811,0.384768515825272,39.0219328822431,90.1649486943021,721084.0,0.0,947.3885864,0.0,17000270700.764809,0.0,1.0,0.0,0.0,10.63,744682.0,22828.899719296034,0.0,3.0
QAT,Qatar,2004,100.0,59.13448355729232,0.1817992935798873,0.0702695921063423,0.847,1.7219999999999995,28.9848665073759,0.094,98632.63599999998,47.61,28.21781686923301,2.30672359466553,70.06380649393014,6.79933665008279,0.0,6.184999999999999,76.484,25.6166821628922,0.0,63.4052,5.07734420990481,34.825040164201,0.393,1.124,19.389728962057,0.354,-6.11969021542947,0.564,31.73691149776143,0.1075009927153589,0.114015147089958,0.353394865989685,39.9025622867651,90.3724288385622,750498.0,0.0,1078.561561,0.0,25017559247.447105,0.0,1.0,0.0,0.0,10.63,773332.0,32350.34790678144,0.0,3.0
QAT,Qatar,2005,100.0,59.32945588348026,0.1332584782622117,0.0707802698016167,0.847,1.6340000000000003,33.7215866396037,0.211,93270.343,38.793,28.111573887718137,2.33862662315369,70.14382430568959,8.81439532334683,0.0,6.651666666666671,76.909,19.7980540560549,0.0,86.8374,5.44352090574478,38.1771562134119,0.393,1.028,10.968729248472,0.354,-18.301316872246403,0.564,31.62203949053212,0.0931968986988067,0.148572415113449,0.35514971613884,43.620803037963,94.7455441696331,803136.0,0.0,1147.946514,0.0,36693943353.85149,0.0,1.0,0.0,0.0,10.63,825408.0,44455.52181933236,0.0,3.0
QAT,Qatar,2006,100.0,60.53284302121231,0.1218351074630774,0.074786439538002,0.847,1.4610000000000003,35.9974581586654,0.0209999999999999,101382.65,37.94,27.37963800485199,2.40313744544983,70.10367849369291,11.8358096197431,0.0,7.18,77.323,15.1664733248801,0.0,94.546,4.95980535473162,34.1520126219521,0.393,0.927,9.32225986771113,0.354,-1.0904355305694198,0.557,32.228253823205506,0.0963845402002334,0.142922729253769,0.476716309785843,39.1119310588412,98.570919313572,949315.0,0.0,1237.817381,0.0,45798447758.69466,0.0,1.0,0.0,0.0,10.63,972831.0,47077.4962544313,0.0,3.0
QAT,Qatar,2007,100.0,60.43606817824247,0.1099423750310162,0.0800793692469597,0.847,1.391,41.5768407593261,-0.02,100604.627,39.8,27.495965145853205,2.46942758560181,70.0419639585662,13.7581625759964,0.0,7.428333333333331,77.741,12.368047816317,0.0,104.601,4.89547281730169,30.8003611618771,0.393,0.953,11.0279257209595,0.354,-3.19143165809333,0.557,32.30012352803035,0.103776425123215,0.112660720944405,0.520252645015717,35.6959140693704,96.1141057101106,1182807.0,0.0,1262.736845,0.0,50476549711.122345,0.0,1.0,0.0,0.0,10.63,1208595.0,41764.652105231566,0.0,3.0
QAT,Qatar,2008,100.0,60.64349787880969,0.1246475667507986,0.0826995745301247,0.847,1.3710000000000004,40.8011854627094,-0.575,87676.762,33.036,27.563256205560364,2.53754639625549,70.13849120002884,15.0501451570333,0.0,6.84416666666667,78.262,10.1664851531163,0.0,100.179,4.323867306801061,32.6040710093919,0.393,1.115,9.98616436135485,0.354,-13.063836362840098,0.557,32.180804639419115,0.0952284857630729,0.0829376876354218,0.439818501472473,36.928035954367,89.4328416546905,1400247.0,0.0,1432.358333,0.0,74081677262.09537,0.0,1.0,0.0,0.0,10.63,1426938.0,51916.535450100404,0.0,3.0
QAT,Qatar,2009,100.0,54.08762066722744,0.1233194563831165,0.0832823291420937,0.847,1.287,51.7351086840494,-0.421,93993.734,50.562,29.84335729377073,2.5919075012207,64.6804774698196,-4.8632780162256495,0.0,7.044166666666669,78.837,13.6282672071374,0.0,122.869,6.07315860076268,23.0165618959946,0.393,1.223,15.305975800938798,0.354,41.2529481378795,0.561,38.1907701333117,0.1333027184009549,0.117403492331505,0.469489008188248,29.0898330327173,80.1441629727012,1582348.0,0.0,1425.407005,0.0,46599137894.95087,0.0,1.0,0.0,0.0,10.63,1608903.0,28963.298530085944,0.0,3.0
QAT,Qatar,2010,100.0,61.07499710210489,0.1193325377830802,0.0838325992226601,0.847,1.1879999999999995,45.2424054950745,-0.463,105738.997,36.597,27.910691244777652,2.63983011245728,70.54858944019608,-2.425256751617141,0.0,7.271447980993081,79.444,12.6792687826526,0.0,127.92,5.82722775061414,26.602603978264796,0.38,1.154,5.840867747229731,0.354,1.4855979621068205,0.565,31.730338991373365,0.137790217995644,0.103607304394245,0.364158719778061,32.4299374160987,87.1111970364642,1592687.0,0.0,1755.415145,0.0,68263819787.41446,0.0,1.0,0.0,0.0,10.63,1616832.0,42220.72533659308,0.0,3.0
QAT,Qatar,2011,100.0,65.2615625427817,0.0966101306365452,0.0857639461755753,0.847,1.1479999999999997,39.7530248795648,-0.119,116493.39800000002,33.733,27.1809612222092,2.65763425827026,73.2142681700731,1.13836623529202,0.0,5.487058672836589,79.994,9.4627166768735,0.0,127.128,6.77128125187135,29.94687052023511,0.38,1.175,6.68800003929904,0.354,-11.874123755961298,0.565,28.5571358862424,0.0930413380265235,0.0878771767020225,0.36965611577034,36.7182426077088,98.7216351018991,1602503.0,0.0,2293.1378299999997,0.0,104185332234.63736,0.0,1.0,0.0,0.0,10.63,1624761.0,64123.48169031467,0.0,3.0
QAT,Qatar,2012,100.0,64.5159892067205,0.0942544487805747,0.0875610336661339,0.847,1.1320000000000006,37.1284395521664,-0.486,115334.94899999998,39.537,27.789902830693045,2.7429358959198,73.4692107035411,2.315348534316609,0.0,5.38110455030475,80.499,10.5240017998041,0.0,136.395,6.7671639000861,28.338982246327497,0.38,1.224,10.0038414937198,0.354,-0.8923054704290703,0.563,28.482929798816,0.093982495367527,0.107082366943359,0.348614275455475,35.1062400831471,105.746286433535,1700784.0,0.0,2548.3060969999997,0.0,107933115362.74995,0.0,1.0,0.0,0.0,10.63,1722438.0,62662.990112125924,0.0,3.0
QAT,Qatar,2013,100.0,61.4569588184287,0.096078211811676,0.0874648913741112,0.847,1.1039999999999992,40.0053190003995,-0.188,111365.6,47.563,26.874494076286553,2.8712203502655,71.768350592851,3.22197756829293,0.0,5.112674133999999,80.974,10.2050267567452,0.0,162.86,6.70372963647687,25.3595869913171,0.406,1.213,20.5459834468992,0.301,4.3121061593343,0.546,30.3225601318276,0.1063290834426879,0.128033399581909,0.367634981870651,32.063390113225,102.383154379024,1894114.0,0.0,2568.17305,0.0,104195065432.90742,0.0,1.0,0.0,0.0,10.63,1916426.0,54369.46974884886,0.0,3.0
QAT,Qatar,2014,100.0,58.3823258462964,0.1172304831228068,0.0861518904566765,0.847,1.0470000000000006,46.0967802914243,-0.24,106059.289,45.668,30.13135924599882,2.85582208633423,69.7579989822263,3.34972085659523,0.0,4.96392361111111,81.395,10.142168604078,0.0,149.02,6.15888218994419,21.5388184142326,0.406,0.977,14.5247236424577,0.301,6.54371044408067,0.546,32.8507789166305,0.125137507915497,0.120629511773586,0.372871965169907,27.6978144663127,99.0343138952759,2128111.0,0.0,2531.9494,0.0,91549397921.77235,0.0,1.0,0.0,0.0,10.63,2151745.0,42546.58331808479,0.0,3.0
QAT,Qatar,2015,100.0,46.5961488600324,0.1613634703677213,0.083089143037796,0.847,0.9699999999999988,70.8425328629447,-0.189,101000.905,57.007,30.442832166723008,2.85102701187134,57.4408093312248,1.8140772393775997,0.0,4.435962126238611,81.785,8.91558652224353,0.0,154.098,6.03394269918749,13.0300594635573,0.406,0.984,19.9348431292284,0.301,39.489533311065,0.546,46.0684215085616,0.161175146698952,0.145264208316803,0.449321866035461,19.0641343344092,93.7076739370818,2319663.0,0.0,2482.240789,0.0,47522685317.34597,0.0,1.0,0.0,0.0,10.63,2344557.0,20269.366587097677,0.0,3.0
QAT,Qatar,2016,100.0,43.6809666956113,0.1839563284779259,0.0795854404568672,0.847,0.92,79.760609083749,-0.183,96943.807,30.935,32.110603505219494,2.84624004364014,53.2053847059143,2.6765917009819,0.0,4.040684942364521,82.147,8.47611374150153,0.0,140.518,4.82010069228067,11.161557911745804,0.406,0.8840000000000001,-7.718380242800631,0.301,14.3010036806249,0.546,50.7782837381519,0.177599906921387,0.130234941840172,0.590903341770172,15.981767859871702,89.5476231430097,2451983.0,0.0,2489.927292,0.0,39294987462.821495,0.0,1.0,0.0,0.0,10.63,2477113.0,15863.21958781109,0.0,3.0
QAT,Qatar,2017,100.0,46.7215944380894,0.2146994974428757,0.0770109593868256,0.847,0.9009999999999998,80.0816741444848,-0.191,91742.857,27.843,28.44858072307489,2.85774207115173,56.68800019099561,0.3948789140830051,0.0,4.696532893292851,82.458,8.04722365753128,0.0,147.358,5.35908283407917,13.5394624768111,0.386,0.6480000000000001,-5.42393345168238,0.2790000000000001,-2.8677269864337394,0.535,47.300396827427,0.173125490546227,0.142211526632309,0.505743741989136,18.8986723864413,91.4945574785855,2521151.0,0.0,2433.480349,0.0,46082173579.27796,0.0,1.0,0.0,0.0,10.63,2545820.0,18101.112246458102,0.0,3.0
QAT,Qatar,2018,100.0,50.7794038363672,0.2183294872179075,0.0747015625238419,0.847,0.8769999999999998,80.4367472352924,0.082,91679.05,31.156,27.86049136935812,2.89797782897949,60.381514670183094,0.2558153827244087,0.0,4.98064264061083,82.714,8.2374801450535,0.0,142.911,7.70831016537843,16.2911609453974,0.369,0.649,3.72870469291458,0.2790000000000001,-6.612932396534999,0.549,43.0924266490844,0.175764843821526,0.128568977117538,0.445955812931061,23.9995278669173,91.838343273294,2556877.0,0.0,2414.443956,0.0,59486703269.0951,0.0,1.0,0.0,0.0,10.63,2580734.0,23050.304010058804,0.0,3.0
QAT,Qatar,2019,100.0,46.1605324902827,0.2599720868795874,0.0724556744098663,0.847,0.8410000000000002,100.636054966417,0.003,91022.868,33.463,30.932646522127374,2.9387800693512,57.1645752595048,-0.6666411248611492,0.0,5.03907055609657,82.945,8.33359294196812,0.0,140.017,7.865482625327519,14.5084244384971,0.369,0.6840000000000002,2.70924852180681,0.2720000000000001,9.93784738580424,0.533,46.4546287181149,0.176235780119896,0.145279198884964,0.4808879196643829,22.373986666096805,90.0462934117559,2615415.0,0.0,2389.628886,0.0,50854033629.994026,0.0,1.0,0.0,0.0,10.63,2638657.0,19272.695780464845,0.0,3.0
RUS,Russian Federation,1995,100.0,28.2636309957835,6.69223108273929,0.0332501046359539,0.422,15.0,23.935452822395018,0.346,13375.395,32.259,14.479869049965512,2.889967918396,34.5391926383218,197.414268084251,0.0,32.0416666666667,64.6907317073171,15.134577818941429,0.603209971025087,0.0597230749999937,3.27402902079779,4.54593521684435,0.776,-1.178,5.43656416428402,0.84,14.7604587981811,0.269,52.2288034605835,0.494702249765396,0.29148805141449,0.207660496234894,9.15926099813667,55.1829054657257,108218295.0,9617293074.6,55504.9762986858,0.0,103849164762.04549,0.0,1.0,0.0,0.0,1.94,148375787.0,699.9064123720233,0.0,2.0
RUS,Russian Federation,1996,100.0,27.4974011108601,6.54937524189732,0.0322027616202831,0.492,14.2,21.878141112313763,0.801,12915.186,32.259,11.849009708262775,2.94356226921082,35.3467042522777,47.7520122009939,0.0,32.0416666666667,65.8541463414634,14.647459313137071,0.442208693287412,0.1506558060000031,3.01657028458803,6.32131864255256,0.776,-1.178,4.6858447517395945,0.84,14.7604587981811,0.274,49.4166548670001,0.492151111364365,0.301010370254517,0.180481046438217,10.4926691422543,47.922500819419,108249212.0,12507607840.7,55686.63408327841,0.0,112794100976.15372,0.0,1.0,0.0,0.0,1.94,148160129.0,761.2986147990848,0.0,2.0
RUS,Russian Federation,1997,100.0,22.4267356075438,5.86976214443115,0.0312559753656387,0.527,13.8,24.148013335637717,0.861,13114.569,32.259,10.74627919130515,2.99815082550049,34.6892270441073,14.761329268806,0.0,32.0416666666667,66.6987804878049,14.641833811212775,0.299310892440101,0.328222390999997,3.00765731529941,4.82777869917989,0.776,-1.134,2.3533092210821924,0.84,14.7604587981811,0.264,50.5952152260349,0.502113521099091,0.299681007862091,0.188120409846306,8.83139882948576,47.2569214100748,108149295.0,13230629062.4,56577.19215963088,0.0,104200473735.17252,0.0,1.0,0.0,0.0,1.94,147915361.0,704.4601252413028,0.0,2.0
RUS,Russian Federation,1998,100.0,20.2025530465117,5.103393147991179,0.0304080545902252,0.527,13.5,27.83302613791542,0.998,12437.53,32.259,9.966569337154754,3.05375146865845,33.9440292391723,27.6856798076742,0.0,41.7916666666667,67.029756097561,18.489290010280563,0.61524291861154,0.5070283240000037,0.604675750621871,2.2239934879449694,0.776,-1.09,3.0172868387563745,0.84,19.6160805566126,0.266,51.8249193895855,0.50706285238266,0.324128061532974,0.119932480156422,4.27229659862483,55.7722532849766,108082031.0,19335057150.4,57173.777556494475,0.0,70976327737.0151,0.0,1.0,0.0,0.0,1.94,147670784.0,480.63893083289315,0.0,2.0
RUS,Russian Federation,1999,100.0,29.404085109048,6.58064760911948,0.0296720433980227,0.527,14.6,22.407021916291136,1.037,13267.973,30.7,9.98474908788333,3.1103835105896,33.4962012517122,85.7464940960636,0.0,39.7166666666667,65.9821951219512,16.79679059416873,1.04095627627957,0.932935006000001,0.821322846506518,8.76039094628312,0.776,-1.2445,1.88776777600981,0.84,-18.9515529417948,0.259,49.8897679326535,0.488144844770432,0.338324278593063,0.1242850497365,11.829566491586,69.393281498812,107415750.0,23022598081.1,56523.39890708083,0.0,91788855423.4794,0.0,1.0,0.0,0.0,1.94,147214776.0,623.5030064066354,0.0,2.0
RUS,Russian Federation,2000,97.8,37.116967221604,5.751715628499559,0.0291832536458969,0.499,15.3,21.37210170655701,1.082,14663.551,33.758,10.691286011250847,3.16806554794312,33.91897031752,20.7987606558704,0.0,24.4333333333333,65.4836585365854,15.080503208952948,0.833857339720371,2.2241299999999953,4.1520862923239,15.355993811466,0.79,-1.399,7.10603657109692,0.84,-9.633111442696778,0.2159999999999999,49.7177094379727,0.455558776855469,0.30088946223259,0.17350697517395,21.5026961545567,68.0939070373555,107245611.0,19002404990.9,55732.97481911742,0.0,144171026546.3431,0.0,1.0,0.0,0.0,1.94,146596869.0,983.452290146409,0.0,2.0
RUS,Russian Federation,2001,97.9,32.9686376216711,5.875721567679639,0.0289047732949256,0.5,15.6,16.837771853032898,1.162,15474.255,34.456,11.22535421027058,3.17985320091248,31.8373541233321,21.4770072117159,0.0,17.9083333333333,65.3834146341463,14.958263201865346,0.483078548242046,5.304299999999998,7.44451981829648,10.3003624423723,0.78,-1.062,5.45889145553368,0.84,1.22657850722426,0.2069999999999999,51.4659539559897,0.488192856311798,0.290840923786163,0.180916532874107,19.5086027305984,61.1108586644206,106898549.0,14561291370.8,54726.71589616529,0.0,131969081295.29771,0.0,1.0,0.0,0.0,1.94,145976482.0,904.0434423902456,0.0,2.0
RUS,Russian Federation,2002,97.9,29.3337356285019,5.56571375282766,0.0286878254264593,0.505,16.2,17.9723927796501,1.119,16283.426,34.491,11.002533797741604,3.19168448448181,29.0563928119662,15.7887307914463,0.0,15.7,65.1287804878049,15.1934447901759,0.4963103137705471,12.065799999999996,5.10909236952929,10.4623662427989,0.785,-0.7249999999999999,2.59023199936789,0.84,0.0329353853463896,0.201,53.8437413886709,0.51142829656601,0.286691635847092,0.157231897115707,16.9811963787946,59.6454457319607,106499347.0,14192114345.2,57243.41427021385,0.0,141022955371.30786,0.0,1.0,0.0,0.0,1.94,145306497.0,970.520646239981,0.0,2.0
RUS,Russian Federation,2003,97.9,29.1586322326832,5.50294605214831,0.0285727214068174,0.502,16.4,21.2435670578541,1.094,17560.59,33.949,11.674220572180149,3.20355987548828,28.6531349946058,13.6632930228666,0.0,12.975,65.0275609756098,14.3673346864676,0.361866933813302,24.784999999999997,4.66262486735643,10.9344981048,0.785,-1.193,2.79614694073249,0.84,-0.6001706804033198,0.1879999999999999,53.8174550832199,0.50602787733078,0.27127468585968,0.168306484818459,16.8227791604724,59.1282690076014,106180387.0,13497061899.1,63055.72394317847,0.0,177066911941.14645,0.0,1.0,0.0,0.0,1.94,144648618.0,1224.1175504431467,0.0,2.0
RUS,Russian Federation,2004,98.0,30.9287754849138,4.90444194797732,0.0286166332662106,0.454,15.9,24.3164009497689,0.854,18891.382,34.203,12.297100298312492,3.21547937393188,31.7022224269588,10.8886157326216,0.0,11.4416666666667,65.4709756097561,15.2165071849086,0.380227521440975,50.7798,3.07700843859375,11.6957615431619,0.73,-1.515,5.63497309246457,0.84,-7.3289858619847585,0.235,50.6582705909717,0.505415916442871,0.245030090212822,0.172864601016045,16.4102250034065,56.5818523984055,105610822.0,12370613856.9,69415.89050806491,0.0,250996875534.54388,0.0,1.0,0.0,0.0,1.94,144067316.0,1742.2194186955207,0.0,2.0
RUS,Russian Federation,2005,98.0,31.3056987519774,4.25591600597494,0.0289138182997704,0.469,16.1,25.9225395243251,0.908,20176.533,37.055,12.817536097293102,3.22744345664978,32.6292320732921,12.6853039507349,0.0,10.6833333333333,65.529756097561,15.6802236675119,0.562873173871561,82.9888,2.09070756907338,13.686863716874,0.73,-1.268,8.34225919983748,0.84,-7.206689910621931,0.242,48.8060444911754,0.500791013240814,0.222383722662926,0.169436544179916,17.4165849709082,56.7132484905422,105000362.0,8106537259.2,75023.54070178542,0.0,340603967277.78235,0.0,1.0,0.0,0.0,1.94,143518814.0,2373.2356600841363,0.0,2.0
RUS,Russian Federation,2006,98.1,31.5797321250697,3.8613124712338305,0.0295502599328756,0.46,15.1,30.9419240283111,0.875,21895.544,36.843,13.984457247042029,3.24144864082336,31.780260587362,9.66865454789265,0.0,10.425,66.7275609756098,15.2912276564636,0.953377681300224,104.56,3.71352780552611,12.4450132664814,0.73,-0.909,8.31937848021006,0.84,-4.07869184018714,0.24,49.721475563319,0.489381700754166,0.223919853568077,0.176494672894478,18.0379914298715,54.733401867266,104775161.0,8532674830.3,80795.97500983368,0.0,404405718568.7622,0.0,1.0,0.0,0.0,1.94,143049637.0,2827.0307219917113,0.0,2.0
RUS,Russian Federation,2007,98.2,31.9761108466358,3.7789017062609,0.0305112656205893,0.415,14.6,37.783577717454,0.604,23808.458,37.527,15.586793118480925,3.25551462173462,31.2220408019737,9.00729868861079,0.0,10.0333333333333,67.5868292682927,15.1146322628327,1.35678270433092,119.005,2.88422228176728,10.7326206704977,0.73,-0.863,5.58414302598999,0.84,-3.34492661176019,0.242,50.6730476139936,0.487673282623291,0.227376013994217,0.191291123628616,15.7870611841198,51.7061227454606,104798397.0,8962866011.2,90283.01875005526,0.0,455703658939.86053,0.0,1.0,0.0,0.0,1.94,142805114.0,3191.0878131427457,0.0,2.0
RUS,Russian Federation,2008,98.3,30.9295130846305,3.75334118813491,0.0316856354475021,0.471,14.5,41.5540438231948,0.652,25068.768,36.56,16.446710526508365,3.2696418762207,30.7868817007532,14.1107677840442,0.0,12.225,67.9492682926829,14.9331548589743,0.909958056449626,138.738,4.155616548668741,12.3954143055606,0.731,-0.75,4.73658589894075,0.84,-4.90496208972303,0.241,50.6956877769402,0.481987804174423,0.242092609405518,0.196186691522598,19.1049787037836,53.3824660408908,104890297.0,8736107344.5,92161.15813593753,0.0,588954266532.37,0.0,1.0,0.0,0.0,1.94,142742366.0,4125.9948467742925,0.0,2.0
RUS,Russian Federation,2009,98.4,21.5775347256203,4.08444869718417,0.0324012823402882,0.476,14.1,45.260909297208,0.576,23101.197,32.707,15.302066240369708,3.28383016586304,29.3269390255444,11.6473295764118,0.0,15.3083333333333,68.6846341463415,12.8979714243795,0.74136400520147,159.902,3.50581589927238,9.19214468199248,0.74,-0.97,-6.196716003318791,0.84,13.079965285875002,0.241,53.766526695736,0.52501505613327,0.283233970403671,0.132085427641869,14.4591281726985,48.4350610278181,104988452.0,8891628171.0,90622.67371832932,0.0,376349972277.0448,0.0,1.0,0.0,0.0,1.94,142785348.0,2635.774451290652,0.0,2.0
RUS,Russian Federation,2010,99.3,27.1214975673363,3.34389824902191,0.032837301492691,0.469,14.2,42.8400452491127,0.638,24132.785,32.311,15.560278520939546,3.29807996749878,29.999588218512,6.84939230255025,0.0,10.8166666666667,68.8412195121951,12.8154704732559,1.1393877427442,165.137,2.8068678510359,8.57128659193273,0.732,-0.929,-3.0787480404439305,0.887,-2.9550837319084806,0.231,53.1202122391884,0.509828209877014,0.262762367725372,0.154515743255615,13.6767287816453,50.3555054872589,105236676.0,8734746111.9,97415.33016953428,0.0,490453135905.74786,0.0,1.0,0.0,0.0,1.94,142849468.0,3433.356404979736,0.0,2.0
RUS,Russian Federation,2011,99.2,29.6323653688149,3.150725721296199,0.0334972739219666,0.469,13.5,41.6986059819676,0.648,25048.451,34.693,16.28506559,3.29943633079529,29.4135888378747,8.4404648593257,0.0,8.45833333333333,69.6839024390244,11.4709337154407,1.08841203576658,141.451,3.41958000572264,10.6778918258558,0.741,-0.998,1.7085424480130795,0.887,-12.856935291576802,0.2299999999999999,53.7975831653192,0.494541466236115,0.245582818984985,0.167835265398026,16.2675600700583,48.0353994077919,105623921.0,8707748331.6,104647.55296396608,0.0,668568649318.0173,0.0,1.0,0.0,0.0,1.94,143018195.0,4674.710440290603,0.0,2.0
RUS,Russian Federation,2012,100.0,28.1053004404055,2.926030877753531,0.034234631806612,0.501,13.3,43.9139602428073,0.475,26012.579,34.411,16.509130842,3.30079340934753,29.102868072666,5.074743007991489,0.0,9.1,70.0721951219512,11.4152854387593,0.831686056311716,144.198,3.18608357236399,9.61307623916807,0.74,-0.8179999999999998,0.655003542977367,0.887,0.1764166188425981,0.2109999999999999,54.5096468238003,0.516326546669006,0.238267481327057,0.174396097660065,14.293372457197,47.15139038579569,106060846.0,8717106179.6,106144.68141866536,0.0,656703718776.342,0.0,1.0,0.0,0.0,1.94,143378447.0,4580.212246100992,0.0,2.0
RUS,Russian Federation,2013,100.0,25.1556057861372,2.993600487766781,0.034890815615654,0.511,13.0,48.0247500537777,0.428,26412.954,33.49,16.431528057,3.30215072631836,28.1912891799352,6.75466833903486,0.0,9.46666666666667,70.5787804878049,11.0573063367208,0.653521828265251,150.964,3.05775631125077,8.68048261508321,0.726,-0.736,-0.8250751987314441,0.876,3.93707019254129,0.202,56.121604545822,0.504865765571594,0.246739447116852,0.186769813299179,12.799885012616,46.287149400499,106525889.0,8734571241.1,112783.5190539564,0.0,632451220454.2938,0.0,1.0,0.0,0.0,1.94,143805638.0,4397.958447597818,0.0,2.0
RUS,Russian Federation,2014,100.0,25.3487794314311,3.36060548804252,0.0352417565882206,0.511,13.1,54.8322798937112,0.306,26136.796,33.868,16.041993073,3.3035089969635,27.9315270606099,7.82016970013845,0.0,11.1416666666667,70.7436585365854,11.3355804143996,0.582569507800105,152.513,2.31599937992039,9.08748946492807,0.715,-0.944,-0.6768305857420899,0.876,3.39714683575481,0.198,55.6848306883462,0.519213616847992,0.255806684494019,0.165864035487175,12.4271978897589,47.8013412628116,106991779.0,8217336690.700001,118405.29691760376,0.0,575969477117.4062,0.0,1.0,0.0,0.0,1.94,144237223.0,3993.209693987288,0.0,2.0
RUS,Russian Federation,2015,95.5,27.1174728727776,3.8731044873229905,0.0352284573018551,0.511,13.0,55.9520226893608,0.285,25566.054,31.887,14.628887729,3.30486750602722,29.7940599874349,15.5343959935701,0.0,15.7166666666667,71.1834146341463,12.3830188656764,0.71789167494499,156.419,2.50292237351811,5.93285842314704,0.715,-1.032,-3.1358120118363004,0.876,7.89459357479114,0.201,56.1424909685464,0.516940176486969,0.267837345600128,0.167934715747833,9.761666714108,49.3593493116887,107433221.0,7859590849.2,118755.42225518156,0.0,325019123270.1084,0.0,1.0,0.0,0.0,1.94,144640716.0,2247.0790539374016,0.0,2.0
RUS,Russian Federation,2016,99.4,25.7287093799473,3.840217284599511,0.0350418873131275,0.539,12.9,53.1024738337766,0.299,25568.598,32.916,14.723938863931618,3.30622673034668,29.1739050669208,7.04243725413707,0.0,12.5983333333333,71.6512195121951,11.700279102879,0.826477519834601,157.174,1.63670203160983,5.00613659535062,0.72,-0.948,-3.23519840755385,0.876,9.48435447263491,0.196,57.012325152629,0.523283660411835,0.266177028417587,0.170903071761131,8.19418914130003,46.5181198396096,107848453.0,7624784906.9,119157.26204209198,0.0,281583809097.5218,0.0,1.0,0.0,0.0,1.94,145015460.0,1941.7502733675553,0.0,2.0
RUS,Russian Federation,2017,100.0,26.3732216943313,3.55363208990976,0.034981444478035,0.502,12.4,52.0765975053134,0.393,26006.051,33.361,15.105041570660232,3.3075864315033,30.6732968853437,3.68333072334495,0.0,10.56,72.4514634146342,12.3127721301087,0.69351092236867,155.486,1.9682709794653297,6.22864519091822,0.724,-0.643,-0.95950053599244,0.876,4.94560423099718,0.181,56.0327684706108,0.512613534927368,0.260812550783157,0.175107136368752,9.71546623895349,46.8765243371311,108185415.0,8077408816.2,122185.92443337382,0.0,347324712864.50323,0.0,1.0,0.0,0.0,1.94,145293260.0,2390.5080859532177,0.0,2.0
RUS,Russian Federation,2018,100.0,29.6724355623015,3.3942533806976005,0.03506263718009,0.483,12.5,51.2433106717876,0.201,26737.866,35.544,14.768607649843704,3.30894684791565,32.5542980530841,2.8783138261498102,0.0,8.86666666666667,72.6621951219512,12.8198832505149,0.733408264014736,156.683,3.18408544311332,9.65476095672088,0.724,-0.538,3.42465495497545,0.89,-1.0284825945333091,0.1879999999999999,53.428805517337,0.506332695484161,0.233647704124451,0.182786673307419,14.4734868157828,51.5809003703964,108385990.0,7888295793.6,124976.55256433818,0.0,445106558819.0499,0.0,1.0,0.0,0.0,1.94,145398106.0,3061.2954395640472,0.0,2.0
RUS,Russian Federation,2019,99.8,27.4035220760381,3.530302913921661,0.0352733992040157,0.433,12.3,52.5614289246344,0.257,27337.884,35.682,14.80661132944356,3.31030750274658,32.1504958365379,4.47202631837903,0.0,8.75333333333333,73.0839024390244,12.9692072844848,0.761369930033653,163.646,2.19179127550364,8.49370743083853,0.724,-0.551,2.19972446978173,0.89,5.31670923072754,0.184,54.1729442140787,0.495444774627686,0.252100378274918,0.189479038119316,12.2071140110196,49.2287536619033,108540571.0,7843114289.2,123971.73419497162,0.0,392930108146.709,0.0,1.0,0.0,0.0,1.94,145453291.0,2701.4177915486903,0.0,2.0
RWA,Rwanda,1995,1.0278359651565552,18.726211286402147,44.000449460129,0.0502806343138218,0.301,18.168,8.414882651260108,-0.268,738.9039999999986,15.965,5.431843104999999,1.30194282531738,15.9711867322468,7.41137173526642,1.0,18.2558333333333,41.518,10.2202029841694,0.002811092552024,0.0,0.0002908844753084,0.0,0.629,-1.845,-0.0101197087818945,0.347,6.61226466659159,0.379,40.0283638076243,0.909962892532349,0.262084245681763,0.0500263422727585,12.5820173506779,30.9721731494864,500206.0,26288575.899999976,,,,,,,,1.71,5674118.0,,,
RWA,Rwanda,1996,1.0278359651565552,19.87999583660579,47.1892922193967,0.0495892502367497,0.301,16.283,6.806435990359425,0.088,833.9929999999986,14.502,5.979432552999999,1.31260824203491,18.0858143118481,7.41137173526642,1.0,18.2558333333333,42.486,11.5448644324398,0.0002597726141164,0.0,0.0002860889348843,0.0,0.629,-1.845,-3.59316380355032,0.39,6.61226466659159,0.382,34.7248934687552,0.832384288311005,0.261732757091522,0.0544010847806931,12.5562103954282,32.2300658207659,690907.0,24170670.200000048,,,,,,,,1.71,6708764.0,,,
RWA,Rwanda,1997,1.0278359651565552,18.746957236106393,45.9609522618159,0.050355177372694,0.281,17.985,8.09027398245172,-0.45,915.3129999999984,14.778,5.999521100000001,1.32336103916168,18.6100661259461,12.0154225195686,1.0,16.715,41.978,12.0365394000344,0.0011801193766248,0.0,0.0002419212471419,0.0,0.629,-1.9415,-1.16602185045834,0.422,0.9457562246166232,0.382,35.428981612238,0.869942128658295,0.213434740900993,0.0561731383204459,11.1289184176388,33.4674605100182,917793.0,40385749.70000005,,,,,,,,1.71,7755238.0,,,
RWA,Rwanda,1998,2.1741275787353516,19.67205062535868,45.5174611772785,0.0510742105543613,0.281,17.76,8.759214221648648,-0.403,908.7309999999998,13.778000000000002,6.034167851688919,1.33420193195343,18.7027196430495,6.2100670945581,1.0,15.7166666666667,43.099,11.2345081091839,0.001488268367378,0.0631740269999951,0.0006754712843172,0.0,0.629,-2.038,-1.7314323883507805,0.422,13.1944668235964,0.397,35.779819179672,0.852958679199219,0.200763925909996,0.0601199232041836,10.8743027819111,28.794463591001104,1076916.0,56433843.70000005,,,,,,,,1.71,8081681.0,,,
RWA,Rwanda,1999,3.3155770301818848,18.888219430738378,31.5456969135603,0.0499940551817417,0.281,16.303,8.363668731086022,-0.832,847.2609999999986,17.962,6.572235068000001,1.34513163566589,18.3717229844475,-2.405932097422591,1.0,16.3225,45.748999999999995,10.2481253166655,0.0005774151878206,0.1373354210000101,0.0011431052127005,0.0,0.629,-1.865,-3.52445199027778,0.422,4.6941833204236,0.397,41.856951783565,0.857194900512695,0.20253013074398,0.0718806460499764,6.48164523292645,27.333536421235905,1195572.0000000035,94679854.79999997,1e-05,0.0,88100.00000000001,0.0,0.0,0.0,1.0,1.71,8147912.0,0.01081258609567703,0.0,
RWA,Rwanda,2000,6.200000000000003,17.98385609272454,31.1849871789041,0.0480404496192932,0.281,15.173,8.732255491485397,-0.402,894.3580000000002,18.019,7.095862555,1.35615086555481,16.8199894205861,3.89952980284712,1.0,16.4841666666667,47.798,9.63672597137736,0.0009905367486578,0.4748030000000014,0.0021439284722124,0.0,0.585,-1.692,0.365533446898263,0.512,12.7898510202833,0.46,44.3325422142963,0.88875949382782,0.195480719208717,0.0839795917272568,5.03496552984893,27.4848638250445,1296195.0,103681669.10000002,1e-05,0.0,85300.00000000001,0.0,0.0,0.0,1.0,1.71,8213931.0,0.010384796268680612,0.0,
RWA,Rwanda,2001,4.700000000000003,17.96044557298672,31.7940006044905,0.046832986176014,0.281,14.257,9.078819150081742,-1.283,945.6889999999984,17.264,6.540584143,1.37562823295593,16.4383277981487,3.3428550674940904,1.0,16.3541666666667,49.49,9.07112442912915,0.0010282629976191,0.7843519999999984,0.0015340940904082,0.0,0.559,-1.672,-1.12509758897819,0.547,16.8127610440375,0.481,43.4295280432737,0.847017228603363,0.193845868110657,0.0818466618657111,5.375105201421391,29.1989094376925,1371410.0,101522419.60000002,1.0090909090909092e-05,,114145.45454545456,,,,,1.71,8287094.0,0.01377388195976232,,
RWA,Rwanda,2002,6.0,17.585332352051427,30.1946865741942,0.045714296400547,0.281,13.328,9.424351806886024,-0.613,1043.8489999999983,18.421,6.229784175999999,1.39538538455963,16.3918384200183,1.9925854245399304,1.0,16.215,51.262,9.76910210581291,0.0013211791143458,0.9808240000000056,0.0001808825816489,0.0,0.559,-1.652,-1.2956363636363597,0.547,22.624857544503698,0.481,44.3972019839823,0.82405549287796,0.187730357050896,0.081300176680088,6.4377693588679,27.609438116217305,1417773.0,103528807.5,1.0181818181818182e-05,,142990.9090909091,,,,,1.71,8400180.0,0.017022362507816392,,
RWA,Rwanda,2003,7.400000000000006,16.55710830442196,33.0353672438095,0.0447180196642876,0.311,12.143,8.929573516938156,-1.173,1041.3009999999997,17.264,6.6959291180000005,1.41542613506317,14.2873220806925,7.44970014007366,1.0,15.9925,53.529,8.89860393782707,0.0006160432959013,1.5223200000000006,0.0005590305214868,0.0,0.559,-1.113,-0.3476086956521739,0.547,-3.6297403069758296,0.481,43.6823937428764,0.778278231620789,0.210939884185791,0.0929439663887024,9.07682974388652,29.310624235410103,1450730.0,112238286.10000002,1.0272727272727272e-05,,171836.36363636365,,,,,1.71,8586875.0,0.02001151334290573,,
RWA,Rwanda,2004,8.700000000000003,19.955719326508376,33.895261824051,0.0434339642524719,0.397,11.058,9.831252551590602,-1.27,1079.7239999999983,20.15,6.959943827,1.43575489521027,14.5850139685545,12.2507102894391,1.0,15.9875,55.52,8.85306276240368,0.0002655018515792,1.556919999999998,0.0008402734658186,0.0,0.559,-1.186,3.1422667638484,0.493,4.40397445771242,0.485,42.4570134790914,0.760450541973114,0.211797073483467,0.101309590041637,7.02043949824649,33.4616731030871,1490224.0,113531243.10000002,,,,,,,,1.71,8816844.0,,,
RWA,Rwanda,2005,4.799999999999997,18.12221727081039,33.7756165293022,0.0422136448323727,0.397,10.253,10.3108984751212,-0.349,1153.7479999999996,21.084,7.386836535,1.45637559890747,14.9498202744611,9.01408918092339,1.0,15.7791666666667,56.968,8.71904488918662,0.0006653157512254,2.462610000000005,0.000438677656249,0.0,0.559,-1.0,1.82068920549053,0.467,6.18940676674985,0.485,42.5382621808924,0.760928571224213,0.217796355485916,0.115712903439999,5.9570253928291,34.2165383418652,1530868.0,96592925.20000003,,,,,,,,1.71,9054528.0,,,
RWA,Rwanda,2006,11.400000000000006,18.214884952697968,30.026108002825005,0.0412951223552227,0.39,9.52,11.7688790747319,-0.118,1232.0,20.559,8.419759054,1.48311388492584,15.8329921631119,8.88282654777923,1.0,15.8658333333333,58.342,8.99921862525478,0.00273727886477,3.378780000000006,0.0011751627322131,0.0,0.555,-0.6839999999999999,0.595402723635371,0.467,13.0821982389837,0.485,45.2049075365036,0.762906849384308,0.162104442715645,0.128354147076607,5.2964919730077,33.2214370724059,1572597.0,24897820.0,,,,,,,,1.71,9299246.0,,,
RWA,Rwanda,2007,12.799999999999995,19.21729618643551,26.068484121694,0.0413775630295277,0.39,8.907,12.0334423138205,-0.394,1297.8240000000003,20.854,10.211635142,1.51034319400787,16.7334821839077,9.08072205873158,1.0,15.9991666666667,59.504,8.14021290823711,0.1065793784417979,6.6507000000000005,0.0009269057690334,0.0,0.552,-0.36,-1.06170473149148,0.467,2.71226575600119,0.493,48.1958467944348,0.762613713741303,0.126290068030357,0.150415435433388,6.22572427896954,35.9709731972278,1615284.0,29756107.5,,,,,,,,1.71,9549933.0,,,
RWA,Rwanda,2008,6.0,17.066019391812084,24.7805133299176,0.0433603823184967,0.349,8.336,13.3642833875073,-0.761,1397.0279999999984,23.284,12.087723742,1.5380722284317,16.2638385339331,15.4382138709255,1.0,16.2516666666667,60.641,7.94020842237574,0.257801511307047,13.4904,0.0008995918997187,0.0,0.552,-0.328,1.27056363596895,0.467,1.57061665663766,0.493,49.309864191162,0.811295330524445,0.104565024375916,0.188594043254852,8.30580145177946,37.6045108548055,1658597.0,32515099.700000048,,,,,,,,1.71,9804269.0,,,
RWA,Rwanda,2009,15.6,14.722951856958426,25.3575273279149,0.0452290959656239,0.25,7.784,11.160283939508702,-0.39,1453.8369999999995,22.572,11.677978334,1.56631052494049,15.6885811871245,12.9443978401712,1.0,16.7233333333333,61.813,7.98328284968225,0.0816438315437081,24.1466,0.0007611365769011,0.0020406358081119,0.552,-0.507,0.61293023255814,0.467,8.93689763112296,0.492,49.5103472767103,0.849290728569031,0.0951057970523834,0.174197807908058,6.935422955435,36.8056280084816,1702294.0,135675431.70000005,,,,,,,,1.71,10060432.0,,,
RWA,Rwanda,2010,9.700000000000005,13.5029473627806,24.3144893985439,0.0462414845824242,0.222,7.347,11.4913039096026,-0.547,1513.565999999999,23.194,11.656126972,1.59506714344025,16.328981915635,-0.2461286934369333,1.0,17.0008333333333,62.804,8.25840506845844,0.575061114877617,34.3954,0.0006764282615646,0.0,0.551,-0.272,-0.227560907308877,0.467,13.3869922357649,0.499,49.8792967990238,0.840415358543396,0.0857397317886353,0.16379015147686,6.48655252910732,37.2788790923351,1746303.0,133193820.5,,,,,,,,1.71,10317553.0,,,
RWA,Rwanda,2011,10.799999999999995,17.4123268424502,23.8371959544057,0.0464629679918289,0.204,7.043,13.266031975479002,-0.792,1602.0930000000008,23.828,12.017603744,1.61204195022583,18.1678448507507,3.0801706924026,1.0,16.6675,63.476,8.3702907162069,1.06460898513878,42.0494,0.0024698891305257,0.0,0.551,-0.177,-0.4578531968061939,0.467,8.84027616090931,0.5,47.8976422904983,0.862154722213745,0.0732823759317398,0.159270212054253,6.99565680326328,39.71610247751,1790382.0,132168030.5,1.1e-05,0.0,402599.99999999994,0.0,0.0,0.0,1.0,1.71,10573733.0,0.038075483842839604,0.0,
RWA,Rwanda,2012,17.5,13.8594182498251,24.765432008534,0.0464679673314095,0.204,6.759,15.751520287001,-0.697,1693.571,22.191,13.30498106,1.62919723987579,18.2255034210874,10.2710182318876,1.0,16.7016666666667,64.189,8.2846613345994,0.37926010829921,52.5467,0.0033230732252469,0.0,0.551,-0.231,-1.9747675509115297,0.459,11.4386055799393,0.5,48.8490732798953,0.868421673774719,0.0825388506054878,0.173006623983383,6.39423290634701,40.5408629987193,1834696.0,131258812.70000017,0.0,0.0,0.0,0.0,0.0,0.0,0.0,1.71,10829901.0,0.0,0.0,
RWA,Rwanda,2013,15.200000000000005,16.8029335111866,24.9203167464094,0.0464725457131863,0.196,6.598,16.216479365695797,-0.595,1731.691999999999,24.885,13.610966892,1.66007041931152,17.6168559784511,5.92426867984854,1.0,17.3191666666667,64.651,6.82604607357561,0.401065765791541,60.2989,0.0034056614494191,0.0,0.414,-0.111,-0.4314089978179479,0.459,14.2462823994154,0.517,49.800841592671,0.846524894237518,0.0887309908866882,0.16948290169239,6.50475580749802,42.6934924295362,1894101.0,129764655.80000009,0.0,0.0,0.0,0.0,0.0,0.0,0.0,1.71,11093340.0,0.0,0.0,
RWA,Rwanda,2014,19.799999999999997,12.0688745942998,24.6883207854521,0.0455404780805111,0.188,6.478,17.6303961518493,-0.781,1794.7750000000017,23.561,13.519293595,1.69152843952179,17.551383486390797,2.3544905282035806,1.0,17.2591666666667,65.088,6.817233220046569,0.416449239801836,68.167,0.0049111615988141,0.0,0.414,-0.313,-3.1455872291078,0.459,11.9607651018482,0.517,49.2213441044684,0.847830176353455,0.104897171258926,0.158816859126091,6.4521550362679,43.902733691075,1989068.0,119438037.5,0.000319,0.0,8963900.0,0.0,0.0,0.0,1.0,1.71,11364757.0,0.788745417081949,0.0,
RWA,Rwanda,2015,22.799999999999997,10.0750527742372,23.9810045274251,0.0442714393138886,0.188,6.401,20.9997079033272,-0.773,1907.828000000001,23.911,14.704750609,1.69924378395081,17.4466631881327,2.52850284192421,1.0,17.3333333333333,65.419,6.83354613396964,0.0736384058837602,75.2543,0.0208868684461887,0.0,0.414,0.003,-1.84447325517085,0.459,16.7659340409904,0.518,49.7430202653232,0.850303113460541,0.10763593763113,0.155626639723778,5.77813915585401,45.2019756159103,2117939.0,111621983.79999997,0.002,0.0,51400000.0,0.0,0.0,0.0,1.0,1.71,11640022.0,4.4157992141251965,0.0,
RWA,Rwanda,2016,29.4,11.0753378719864,25.1527094826327,0.0436072051525116,0.206,6.336,20.4751724214641,-0.6530000000000001,1974.2249999999983,22.866,14.90718888167008,1.71472871303558,16.8369912939315,7.17434301982009,1.0,17.2916666666667,65.733,6.70526496539237,0.137894678356137,74.8502,0.0238202450896499,0.0,0.423,-0.067,-1.30363125049037,0.3109999999999999,11.6743123556092,0.492,49.2882419165261,0.813549160957336,0.125106483697891,0.162298932671547,5.99862102587479,49.4849071069892,2279114.0,203276405.3,0.0049,0.0,133770000.0,0.0,0.0,0.0,1.0,1.71,11919183.0,11.223084669477766,0.0,
RWA,Rwanda,2017,34.1,14.8288962347394,26.3454376635445,0.0438973419368267,0.195,6.234,20.5944112008927,-0.698,2003.9010000000017,22.575,13.380798024,1.7278778553008998,17.2842232487373,8.27953672260832,1.0,17.1708333333333,66.14,7.67787089010896,0.258148478489923,72.2765,0.0273775740346355,0.0,0.415,0.078,-1.4812987203946797,0.3109999999999999,8.32839190737932,0.468,47.8764811281534,0.778703093528748,0.133778005838394,0.153230175375938,6.01492971463291,53.6752674177253,2470643.0,290711369.3,0.0088,0.0,237600000.0,0.0,0.0,0.0,1.0,1.71,12202060.0,19.472121920397047,0.0,
RWA,Rwanda,2018,38.0,11.578567392723302,24.622724616556603,0.0446129254996777,0.1919999999999999,6.206,21.3998848838406,-0.849,2124.565999999999,23.805,13.02807797,1.74112772941589,17.349979752863597,-0.3112101603906989,1.0,16.9466666666667,66.354,7.621993314269801,0.184126157124163,77.6795,0.0463394536508861,0.0,0.415,0.1019999999999999,-1.3967070188006998,0.3109999999999999,17.656522610566,0.46,49.6894821626552,0.786171436309815,0.128380700945854,0.142036408185959,4.71387568610559,55.7841263739603,2690145.0,307851713.8,0.0181,0.0,479650000.00000006,0.0,0.0,0.0,1.0,1.71,12487996.0,38.40888482027061,0.0,
RWA,Rwanda,2019,46.6,11.8239842198298,23.560629300383,0.0461828373372555,0.182,6.132,21.4605470851456,-0.746,2272.2969999999987,23.131,15.517551069,1.78833651542664,18.8647459714312,3.34787655037648,1.0,16.5275,66.691,8.35941162223427,0.0,75.5985,0.0394278230414971,0.0,0.377,0.057,-3.79399608663036,0.3109999999999999,13.717350611345,0.473,49.0985649554223,0.755761206150055,0.139636784791946,0.169205084443092,3.817090323136179,57.9756628637954,2934812.0,305607219.4,0.0114,0.0,326040000.0,0.0,0.0,0.0,1.0,1.71,12776103.0,25.519518745269977,0.0,
SAU,Saudi Arabia,1995,100.0,19.5044294057979,5.84870161320368,0.048605352640152,0.553,3.696,22.568626355202895,0.473,50294.926,27.29,10.773532532,2.1027626991272,48.4793785626467,4.86843103056028,0.0,9.622926824514384,70.944,9.29417681904549,0.0242519727340007,0.0847483780000004,0.871700807357614,28.1270341731817,0.431,-0.189,-2.78090480364391,0.2309999999999999,8.567958489701057,0.283,44.2746171901196,0.395397961139679,0.191535547375679,0.284153938293457,29.024247361460297,65.0417272083752,10487904.0,0.0,8974.4875,0.0,114847689584.4964,0.0,1.0,0.0,0.0,5.71,13289245.0,8642.153078259631,0.0,3.0
SAU,Saudi Arabia,1996,100.0,22.1504124619092,5.36780260892541,0.0477430559694767,0.553,3.5860000000000003,20.7924387949329,0.356,50330.876,30.096,9.755915885,2.12780714035034,51.4497863481608,1.2220605487776908,0.0,9.080803908033172,71.288,9.48819487336564,0.0199557934635403,0.9826545519999924,0.889193075017178,33.4650950203584,0.47,-0.189,-0.599670442370836,0.2309999999999999,4.003885347272538,0.264,41.6887835729589,0.378024220466614,0.19490410387516,0.257041305303574,34.37541169778281,66.653820067958,10949269.0,0.0,9092.959162,0.0,137202058677.43266,0.0,1.0,0.0,0.0,5.71,13831009.0,9919.887889410864,0.0,3.0
SAU,Saudi Arabia,1997,100.0,22.7711412578975,5.351919605363499,0.0468290485441685,0.553,3.4909999999999997,21.508734839928294,0.023,49614.24900000001,33.092,10.052859951,2.15314960479736,50.1700631019381,0.0571506050626116,0.0,9.235962083603829,71.624,9.77114687209388,0.0129484827566945,1.665471568000001,0.923736449968715,29.2775398263987,0.47,-0.0395,0.151987152210498,0.2309999999999999,4.075472164315661,0.264,43.0138978720392,0.358313709497452,0.215605229139328,0.257627487182617,30.2153995363377,65.1880669440449,11411782.0,0.0,9011.541579,0.0,122732826963.035,0.0,1.0,0.0,0.0,5.71,14374943.0,8537.969643638588,0.0,3.0
SAU,Saudi Arabia,1998,100.0,16.6209942380422,6.14071743143268,0.0464915260672569,0.553,3.407,29.1883475530879,0.533,49773.517,25.656,10.406665622,2.17879414558411,43.1766980131103,-0.3712667517120547,0.0,9.376616402625864,71.957,10.1782677577361,0.0024141370244178,3.064200995,1.00191561592737,21.2667758956326,0.47,0.1099999999999999,-7.49363660414773,0.2309999999999999,7.092690755795622,0.264,48.8633886135376,0.365394294261932,0.233370065689087,0.306870579719543,22.2730147519679,56.0883926105725,11876779.0,0.0,9271.137648999998,0.0,82822400321.52519,0.0,1.0,0.0,0.0,5.71,14922185.0,5550.286390466624,0.0,3.0
SAU,Saudi Arabia,1999,100.0,25.288996537551,5.6543197254794,0.0468701124191284,0.553,3.3279999999999994,26.7446189971291,0.0309999999999999,46702.903,24.324,11.74823523,2.20474410057068,46.8248249205609,-1.3337548965390005,0.0,9.15045246311086,72.29,9.94477597911744,0.0003323837966926,3.9821110860000033,0.851995279435896,27.124767270241,0.47,0.1689999999999999,-3.1420154861077303,0.2309999999999999,7.996289300622242,0.264,45.9322372076994,0.322726845741272,0.202005714178085,0.290515869855881,27.9778749101784,57.8460488194196,12344286.0,0.0,8527.807403,0.0,105331888907.05428,0.0,1.0,0.0,0.0,5.71,15472075.0,6807.870883967036,0.0,3.0
SAU,Saudi Arabia,2000,100.0,30.1164584178819,4.90093304872369,0.0471366904675961,0.553,3.234,24.2356134468207,0.472,48096.881,36.317,11.654131756999998,2.23100328445435,53.4502821941208,-1.1249983851764007,0.0,9.23729626468612,72.607,9.22706530778225,0.0001064548835019,8.504790000000007,0.998843715023241,41.6691708446825,0.47,0.228,6.569780151352989,0.2309999999999999,-0.334770177795014,0.268,40.2910729286417,0.285918027162552,0.212339580059052,0.263728678226471,42.6687976015313,68.1664488005167,12937403.0,0.0,9125.062360000002,0.0,172853788827.51352,0.0,1.0,0.0,0.0,5.71,16177722.0,10684.68037882673,0.0,3.0
SAU,Saudi Arabia,2001,100.0,27.7602282911635,5.134855673148781,0.047165259718895,0.553,3.103,27.090480162661,0.472,46326.678,33.033,11.977859423,2.25860095024109,50.7812997816126,-1.1209480489679091,0.0,9.262010274448745,72.951,9.60383249627815,1.5271501389801934e-05,14.8382,1.24338083100153,33.3526627413963,0.47,0.1149999999999999,-0.529192317860203,0.2309999999999999,1.3770296610237018,0.268,43.0507041111285,0.304690212011337,0.230212658643723,0.263136029243469,34.5968576950563,63.5605836794513,13659573.0,0.0,8939.042816000001,0.0,141253904376.7964,0.0,1.0,0.0,0.0,5.71,17041397.0,8288.86882787816,0.0,3.0
SAU,Saudi Arabia,2002,100.0,29.070820245935,5.037537516420029,0.0472482182085514,0.553,2.992,28.9483976585816,0.406,43895.128,29.957,12.551643257,2.28654050827026,51.002641268484,0.2471864923397237,0.0,9.237945985492724,73.296,9.88155078183235,0.0009638214631271,27.9604,1.09369419273788,31.342447837026995,0.472,0.002,-2.9840299945409,0.2309999999999999,1.3531024599367951,0.263,42.9210347921724,0.276804566383362,0.207048878073692,0.291893094778061,32.4379936618598,64.5927974099254,14390308.0,0.0,8208.314916,0.0,130759103801.03604,0.0,1.0,0.0,0.0,5.71,17910910.0,7300.528214425512,0.0,3.0
SAU,Saudi Arabia,2003,100.0,34.6972581550199,4.47188176141973,0.0477656349539757,0.553,2.899,28.2333101439677,0.306,47609.102,34.315,12.958215198,2.31482529640198,53.9639605129998,0.6121953581729667,0.0,8.869594131864174,73.657,10.318567515035,3.462289078426384e-05,38.5283,0.981911882856783,37.0345220176731,0.472,0.1409999999999999,3.82018028851391,0.2309999999999999,3.578344637059777,0.263,40.5648731772355,0.265719801187515,0.206281751394272,0.266329020261765,38.0176108810544,69.831170708742,15131134.0,0.0,9629.706476,0.0,172862749915.80652,0.0,1.0,0.0,0.0,5.71,18786767.0,9201.30376428294,0.0,3.0
SAU,Saudi Arabia,2004,100.0,41.8614512014029,3.8683559332689494,0.0487871095538139,0.553,2.827,32.3542594274042,0.564,50113.104,40.812,14.758548375,2.34346032142639,56.7056209373966,0.5155078977672609,0.0,8.17768530862451,74.027,10.1023103568753,0.0222226162592256,46.6498,0.958424224616402,42.6409301097693,0.472,-0.655,11.356928065281204,0.2309999999999999,-3.2076634348691755,0.263,38.5165977348877,0.237187191843987,0.191193163394928,0.263489961624146,43.622529277929,75.0828366569341,15883937.0,0.0,10307.585982,0.0,239148317800.31357,0.0,1.0,0.0,0.0,5.71,19669480.0,12158.344694435926,0.0,3.0
SAU,Saudi Arabia,2005,100.0,48.2542833771136,3.185401670985099,0.0500568225979805,0.553,2.777,35.4189179790554,0.55,51583.667,46.138,17.185477368,2.37244915962219,61.737236252722894,0.4792316716310196,0.0,6.963501920406554,74.4,9.36258654128185,0.0178814243562892,68.8923,1.05365154740854,48.8606315090549,0.472,-0.241,18.7691033317495,0.416,-6.525272708097555,0.273,34.2555195076907,0.21935111284256,0.182481557130814,0.251574248075485,49.9329268031463,81.9540759410158,16648895.0,0.0,10840.270358,0.0,346548446921.4687,0.0,1.0,0.0,0.0,5.71,20559890.0,16855.55938876466,0.0,3.0
SAU,Saudi Arabia,2006,100.0,48.0169594158733,2.9199619409546393,0.0518977753818035,0.553,2.7409999999999997,33.7245867667594,0.115,51696.47899999999,48.092,20.081405224,2.3984100818634,62.5369910258018,2.20902314069639,0.0,7.170522650681509,74.762,9.43959260101552,0.0196205659396311,91.8024,1.06551704434779,49.6700972841917,0.472,-0.522,21.2994443184289,0.416,-3.4975819715560963,0.273,33.7619580996266,0.230055302381516,0.187012165784836,0.278780281543732,50.7560683000309,89.9446046768984,17425009.0,0.0,10672.508985,0.0,394903568468.4315,0.0,1.0,0.0,0.0,5.71,21459144.0,18402.57786929579,0.0,3.0
SAU,Saudi Arabia,2007,100.0,48.1867281542553,2.7427674783667495,0.0540298372507095,0.553,2.721,37.071588765142,0.174,51335.098,41.237,23.787910095999997,2.4246551990509,62.6934226825684,4.1678235843158005,0.0,6.4671561832728415,75.066,9.76830655358163,0.018455038452227,126.965,1.0139541488802,47.4394429695294,0.472,-0.467,10.8216274968984,0.416,-3.336306257576995,0.275,33.8067662415393,0.261589378118515,0.189622536301613,0.311988115310669,48.4725676503893,94.8633170967657,18212952.0,0.0,10270.342526,0.0,410570361885.27,0.0,1.0,0.0,0.0,5.71,22368313.0,18354.998961489408,0.0,3.0
SAU,Saudi Arabia,2008,100.0,51.8382735185627,2.29269078480924,0.0555159077048302,0.553,2.7010000000000005,37.6843188466467,0.026,53179.83,56.482,25.093627233,2.45118737220764,66.4293431587112,9.87024816760269,0.0,6.952913988374307,75.301,8.80826251078627,0.0179371722955883,154.587,0.919659531970458,54.085800995618,0.472,-0.337,28.5692245234345,0.425,-2.930797019540639,0.287,30.5115127039387,0.262893170118332,0.173084944486618,0.32471427321434,55.0244289481432,96.1026308742185,19013188.0,0.0,10670.28217,0.0,551697300614.4001,0.0,1.0,0.0,0.0,5.71,23287877.0,23690.321819133627,0.0,3.0
SAU,Saudi Arabia,2009,100.0,35.8762774080974,2.83043433137553,0.056580763310194,0.553,2.6929999999999996,45.6298013133911,0.159,50782.599,31.682,24.413094366,2.4780101776123,54.6450009539393,5.0572227614833,0.0,5.798249291046432,75.447,10.6474544734783,0.0238164313126234,185.255,1.11612931255224,34.6315417084598,0.472,-0.493,-5.533227948589091,0.425,0.363778276780474,0.287,41.723193527879,0.349172532558441,0.210504949092865,0.344399124383926,35.7727355951894,84.8583415624843,19825649.0,0.0,9716.271491,0.0,319685611804.90283,0.0,1.0,0.0,0.0,5.71,24217654.0,13200.519414675873,0.0,3.0
SAU,Saudi Arabia,2010,100.0,42.9903570652504,2.619122385244589,0.0572701543569565,0.553,2.668,39.1641936148322,0.504,50674.704,37.403,25.70629685,2.50512599945068,58.0314401714882,5.33941733020903,0.0,6.087224966603642,75.616,10.8283714782777,0.0473655346027749,204.969,0.933726326116803,37.9011314342465,0.472,-0.227,4.72951005060643,0.451,-0.2720184072859757,0.286,38.6088698481102,0.346122771501541,0.199432820081711,0.325691103935242,38.8834681571132,82.5496850227537,19681342.0,0.0,10107.674827,0.0,411928863956.6003,0.0,1.0,0.0,0.0,5.71,23978487.0,17179.101582038944,0.0,3.0
SAU,Saudi Arabia,2011,100.0,49.8711862413468,2.1528882912996696,0.0581298060715199,0.553,2.6419999999999995,33.6286944686693,0.33,53750.02799999999,44.043,27.0220839,2.55803108215332,63.0803869808085,5.82621637394042,0.0,5.904912397165095,75.808,9.93626585616017,0.0546789486662374,206.85200000000003,0.986593617537963,49.1612188808623,0.472,-0.465,11.4563573123843,0.451,1.0945952227574924,0.286,34.0894612999603,0.315110087394714,0.199470847845078,0.287628561258316,50.2036438017781,84.3594342438995,20639162.0,0.0,11292.82224,0.0,627619752208.3461,0.0,1.0,0.0,0.0,5.71,25091867.0,25012.875773984695,0.0,3.0
SAU,Saudi Arabia,2012,100.0,48.20894242634,2.06209514825132,0.0590027049183846,0.553,2.593,35.5685109967177,0.56,54325.526,44.808,26.90867336,2.5949239730835,61.94289828191249,2.86627029905053,0.0,5.9089206088305914,76.09,9.75495663553457,0.0927901295606234,195.843,0.997298930703395,47.4093852263553,0.472,-0.481,11.4741436757426,0.451,1.0909636401986011,0.286,35.2326927816917,0.304346144199371,0.222109451889992,0.277208238840103,48.5007097596571,81.74067854616,21571304.0,0.0,12407.541065,0.0,647442472539.2544,0.0,1.0,0.0,0.0,5.71,26168861.0,24740.949655365373,0.0,3.0
SAU,Saudi Arabia,2013,100.0,43.8130755694322,2.1478328709644305,0.0590380281209946,0.553,2.506,39.0113411908332,0.925,52768.356,40.772,27.671839570000003,2.63169384002686,58.9702568849547,3.511042097998569,0.0,6.072401473266879,76.517,10.0246519761767,0.0634664303649237,189.476,1.00992809301707,44.4564985480281,0.472,-0.432,5.01461416491402,0.451,-0.2164731524505256,0.272,38.1484481310781,0.309309840202332,0.250787734985352,0.280586093664169,45.530927478843,80.2515014286783,22819413.0,0.0,12655.682946,0.0,608927511883.7128,0.0,1.0,0.0,0.0,5.71,27624004.0,22043.419624603037,0.0,3.0
SAU,Saudi Arabia,2014,100.0,38.0921897657997,2.279404192119861,0.0591047815978527,0.553,2.3919999999999995,42.5570781320296,0.803,53453.552,36.182,28.69511469,2.65358662605286,56.1653404810043,2.24185348779063,0.0,5.717410000203849,77.116,10.9905942901745,0.0507783297903695,181.857,0.964006595598744,40.3219689900701,0.472,-0.286,-4.0814791677818,0.451,2.475082711284277,0.272,40.7584259766165,0.360135048627853,0.25421553850174,0.286391347646713,41.3384300115975,78.000111117736,23435055.0,0.0,14309.484397,0.0,552579009966.2927,0.0,1.0,0.0,0.0,5.71,28309273.0,19519.364201485947,0.0,3.0
SAU,Saudi Arabia,2015,100.0,24.8466035790454,2.7538703167014305,0.0595391318202019,0.553,2.266,52.7601798097453,0.665,53040.07299999999,24.405,28.582728789999997,2.67566132545471,44.6011697093878,1.2226931855233705,0.0,5.430387191491587,77.776,13.0972378614193,0.0550856553558217,176.134,0.841619086055516,23.9567993223384,0.472,-0.634,-16.8495938554924,0.451,7.619893304298795,0.272,51.6451922544441,0.410205692052841,0.270806849002838,0.341596007347107,24.855304532248297,67.1052692300592,24734561.0,0.0,15909.510569,0.0,305042568355.9281,0.0,1.0,0.0,0.0,5.71,29816382.0,10230.703656665255,0.0,3.0
SAU,Saudi Arabia,2016,99.9,26.5873499013732,2.91802299444676,0.0598032176494598,0.553,2.178,54.375771847036,0.589,52053.23299999999,20.799,24.16565755,2.69792008399963,42.5305962013279,2.0534707682396505,0.0,5.436510732300727,78.354,13.5336300941118,0.0450060311490432,156.041,0.683364774046233,20.0051771356735,0.472,-0.473,-15.966694469565102,0.451,11.125172855192382,0.281,53.5509157775579,0.414016574621201,0.231549009680748,0.329229563474655,20.7349959872418,57.9216635110364,25731955.0,0.0,18114.19933,0.0,260319798395.6692,0.0,1.0,0.0,0.0,5.71,30954198.0,8409.838251847752,0.0,3.0
SAU,Saudi Arabia,2017,100.0,29.9068179428407,2.8352570089087195,0.0597699582576752,0.566,2.1739999999999995,50.1375935809361,0.63,52488.208,23.18,24.51714919,2.72036361694336,44.8899324686986,-0.8348457350272458,0.0,5.589701027145404,78.721,13.4207489311981,0.0645564425307325,130.63,0.803215172603651,23.617071912370896,0.472,-0.65,-10.8669336779312,0.476,5.214033308527803,0.269,51.4336551370844,0.417454332113266,0.212709963321686,0.318378180265427,24.4865557580774,59.5319791578229,25804351.0,0.0,16983.169662,0.0,302915246262.44434,0.0,1.0,0.0,0.0,5.71,30977355.0,9778.602668382899,0.0,3.0
SAU,Saudi Arabia,2018,99.9,34.860790565379,2.41396154385256,0.059809748083353,0.566,2.228,50.1375935809361,0.781,55568.534,28.526,23.4239274,2.77948522567749,49.0147439495304,2.4659430899484303,0.0,6.7536627239404154,78.75,12.6216605937885,0.0783963800246005,136.046,1.10731401057809,28.084281158898897,0.449,-0.661,-5.76614307706098,0.524,-2.829435085110031,0.284,46.0223400101906,0.385978251695633,0.218264326453209,0.267473518848419,29.270741812227698,59.1029104697141,25205090.0,0.0,17999.340493,0.0,400899506442.384,0.0,1.0,0.0,0.0,5.71,30196281.0,13276.45303215929,0.0,3.0
SAU,Saudi Arabia,2019,100.0,33.5648203165372,2.4538465646148104,0.0604316927492619,0.566,2.295,50.1375935809361,0.7,56426.09599999999,29.474,24.28638446,2.83989143371582,45.7234459871756,-1.1929864453332009,0.0,5.653022904769353,78.313,12.8691119832432,0.0427233495760672,135.526,1.07981796945695,24.3295780055005,0.409,-0.623,-3.99465519305175,0.524,-0.0396449855068912,0.3179999999999999,49.0640913102722,0.407409250736237,0.213511258363724,0.285505890846252,25.453167735457995,56.793820488651306,25145200.0,0.0,17830.498086,0.0,342117073011.6911,0.0,1.0,0.0,0.0,5.71,30063799.0,11379.701980168611,0.0,3.0
TCD,Chad,1995,2.299999999999997,9.463343354898006,35.0587445407866,0.0297779627144336,0.865,18.572,3.850477655875259,-0.711,1407.4000000000017,8.733999999999998,3.682531827,1.1639509804209882,13.3429650327739,9.23032599768656,1.0,28.566395430401982,47.453,10.9875091079852,0.0,0.0,0.0,0.0,0.955,-0.999,-2.7498641896353107,0.789,13.402221809000654,0.062,49.4230075513028,0.853981673717499,0.254887342453003,0.034056581556797,14.2163486584076,55.6965565726313,1523429.0,49005116.20000005,,,,,,,,11.43,7089064.0,,,
TCD,Chad,1996,2.299999999999997,10.83951403067938,37.5479745381536,0.0300864707678556,0.89,18.614,3.642482509005142,-0.717,1389.440999999999,8.690999999999999,3.9460108379999994,1.0928454154969522,12.446952584361302,11.3308789057282,1.0,26.515350760851952,47.551,10.1294823771628,0.0,0.0,0.0,0.0,0.957,-0.999,-2.7498641896353107,0.789,12.74657934152538,0.062,46.2714343430841,0.919436872005463,0.258903652429581,0.0565377809107303,12.7277173769849,46.6100331929446,1595169.0000000035,65000107.20000005,,,,,,,,11.43,7410108.0,,,
TCD,Chad,1997,2.299999999999997,11.468695166317362,38.3446764821847,0.0304530151188373,0.918,18.385,3.2342932860698923,-0.528,1418.5879999999995,8.974,3.774170814999998,1.152555978117914,13.6671074417976,5.5722571112533,1.0,26.113517280729067,47.762,11.5436139503354,0.0,0.0,0.0,0.0,0.957,-1.1525000000000003,-1.93763666770881,0.789,12.848708346218322,0.062,43.9841938742815,0.817942380905151,0.234863847494125,0.0697561055421829,12.4551814464249,49.313101141288,1653874.0,61130467.899999976,,,,,,,,11.43,7670366.0,,,
TCD,Chad,1998,2.4203872680664062,12.45064533217353,39.0049151688843,0.0308531671762466,0.918,18.227,3.3062784790411825,-2.01,1465.1529999999984,8.012,3.784017896,1.1615680828020014,12.8721708986712,4.258851102251401,1.0,26.086965855462168,47.802,10.7782424749768,0.0,0.0,0.0,0.0,0.957,-1.306,-1.1758506340311898,0.789,12.897355151133436,0.062,43.6831799078038,0.89003986120224,0.254538267850876,0.0580145828425884,11.6316656029818,48.0589828951249,1714357.0,63847121.899999976,,,,,,,,11.43,7938840.0,,,
TCD,Chad,1999,2.80621337890625,12.56641648247559,38.0687995814283,0.0312137454748154,0.918,17.989,3.5861046056881705,-0.397,1403.928,8.396,4.277859635,1.1191372508094697,12.214345310795,-8.02505962727454,1.0,25.590602472462948,47.934,9.7807538933571,0.0,0.0,0.0,0.0,0.957,-1.2205,-3.44746289745342,0.789,11.965379141775518,0.062,45.4941240461618,0.933872938156128,0.28960919380188,0.0387803986668586,9.50402148727577,50.5078677642823,1778151.0,81775516.10000002,0.0,0.0,0.0,0.0,0.0,0.0,0.0,11.43,8222705.0,0.0,0.0,
TCD,Chad,2000,3.0999999999999943,11.484845460591645,40.7051378475034,0.0317632369697094,0.918,17.852,3.479363696729465,-0.669,1341.2619999999988,8.906000000000002,4.764766126000001,1.1853032121703817,10.912674229726502,3.82260088086306,1.0,25.594459987718544,47.937,8.58808890264911,0.0,0.0646140000000059,0.0,0.0,0.957,-1.135,-3.96976443344009,0.789,11.968627030193147,0.062,44.5794947284954,0.957383215427399,0.29084300994873,0.0538216903805733,10.5734977135563,51.5711720135652,1843104.0,90381563.79999997,0.0,0.0,0.0,0.0,0.0,0.0,0.0,11.43,8512093.0,0.0,0.0,
TCD,Chad,2001,3.4000000000000057,13.006119343107557,40.2954389961717,0.0351635105907917,0.92,17.478,4.338486053347999,-0.683,1441.9900000000016,8.047,11.839856382,1.3204034149755846,13.0831347755703,12.4312865279941,1.0,21.527407348472934,48.306,9.21145414740298,0.0,0.249883000000004,0.0,0.0,0.957,-1.3475,-3.0345178671992,0.789,18.08953007546567,0.062,42.9981522742084,0.842670619487763,0.277971476316452,0.154204249382019,8.36504776729485,64.3219080406854,1908567.0,100904108.5,0.0,0.0,0.0,0.0,0.0,0.0,0.0,11.43,8804124.0,0.0,0.0,
TCD,Chad,2002,3.799999999999997,16.38782478389959,37.9029324681757,0.0422979295253754,0.921,17.236,4.212367311979818,0.137,1505.2540000000008,9.238,20.19986667,1.6862964430199583,14.2598695954881,5.19181895195446,1.0,20.375982772553932,48.36,9.06218890801013,0.0,0.3751570000000015,0.0,0.0,0.957,-1.56,-3.49400087057226,0.789,12.14736199246791,0.062,43.932055082335,1.12633049488068,0.412152826786041,0.342588424682617,8.65186088391704,126.350807849912,1978284.0,119514043.70000003,0.0,0.0,0.0,0.0,0.0,0.0,0.0,11.43,9116192.0,0.0,0.0,
TCD,Chad,2003,4.099999999999994,14.4601072230156,25.6339405315666,0.0473649725317955,0.921,16.855,4.194897442484411,-0.333,1661.5119999999988,10.087999999999996,15.65344124,1.6974096993726515,30.0655483375136,-1.752569412486551,1.0,17.83035483528516,48.609,7.67136255389169,0.0,0.6850879999999933,0.0,4.74383447804891,0.957,-1.372,-3.90829137439339,0.789,14.85306431913178,0.062,40.3986743087963,0.984842479228973,0.387131184339523,0.266669631004334,14.3393379007977,83.3789149599315,2060823.9999999965,119901433.29999997,23.56164384,0.0,422798341.8684425,0.0,1.0,0.0,0.0,11.43,9487833.0,44.56216101911179,0.0,
TCD,Chad,2004,3.5,15.561338650176204,29.774261042558106,0.0488566197454929,0.921,16.692,3.1337626589605208,-1.048,2137.967000000001,7.613,10.817016202,1.7091611567434868,39.0982018059117,-5.355400288848159,1.0,38.20094550144684,48.687,5.02070881603883,0.0,1.2399100000000018,0.0,29.8599644670772,0.957,-1.539,-1.54318177522484,0.789,-6.490639530523472,0.062,28.687927146127898,0.700152039527893,0.288753479719162,0.161145448684692,34.9264279168197,101.768590921564,2156396.0,110557228.89999998,167.7595628,0.0,3891233429.257009,0.0,1.0,0.0,0.0,11.43,9920036.0,392.26001087667515,0.0,
TCD,Chad,2005,4.799999999999997,26.05708187910443,29.281987301438505,0.0494833327829838,0.921,16.561,1.952522250032267,-1.955,2232.579999999998,8.397000000000002,10.587178122,1.7228603676585357,39.9644961738127,7.89036567462993,1.0,34.63386988091198,48.86,2.6177111913638207,0.004401058356017,2.033290000000001,0.0,32.6666259924004,0.957,-1.442,0.174686148430353,0.789,-3.8945249965120023,0.062,29.1810706375521,0.58417546749115,0.249634072184563,0.1419298350811,36.3205988355502,77.577493649797,2246557.0,92841091.39999998,173.4246575,0.0,5543493952.773217,0.0,1.0,0.0,0.0,11.43,10328092.0,536.7394047974415,0.0,
TCD,Chad,2006,5.099999999999994,30.05782418956826,32.1335493075332,0.0505423657596111,0.921,16.489,1.694904313679693,-2.89,2191.816999999999,11.742,14.28820473,1.630873844245145,39.4591190324475,8.03628897951331,1.0,33.37235655211413,48.747,3.4410285568147696,0.0110102374005071,4.353350000000006,0.0,30.851241013795196,0.959,-1.832,1.9909900873078796,0.789,-6.032942487010054,0.061,27.0031286995248,0.599973082542419,0.190981224179268,0.192737802863121,34.2599109523942,77.0815766029615,2330036.9999999963,81783697.20000005,153.15083489999998,0.0,5668846936.95695,0.0,1.0,0.0,0.0,11.43,10706424.0,529.4808926824634,0.0,
TCD,Chad,2007,5.5,29.2763064870958,29.351416386452,0.0515254214406014,0.922,16.111,1.9088595809489917,-2.45,2200.999,14.187,11.6730337,1.7000521523134635,41.0245051426906,-8.974739620092699,1.0,17.071895462321805,49.21,3.5938603091992203,0.0107913517039891,8.287169999999996,0.0,28.9574096374403,0.959,-1.868,2.22215833438968,0.789,3.3579710378242997,0.061,27.8661086086361,0.633072435855866,0.161519646644592,0.160129204392433,33.0605206762299,75.1059962731949,2412578.0,70594508.29999995,143.5617938,0.0,5741377583.8659525,0.0,1.0,0.0,0.0,11.43,11081660.0,518.0972511217591,0.0,
TCD,Chad,2008,5.900000000000006,28.75468417869235,29.057543794830103,0.0522892735898495,0.922,15.77,2.37779871540522,-2.761,2215.157999999999,16.284,11.884669544,1.7559894917000685,42.2215131050333,10.2969758221254,1.0,32.6030568393668,49.503,3.99393823609036,0.0078512812634352,13.9418,0.0,29.6642941556194,0.959,-1.965,2.94078625342646,0.789,-5.669279774998971,0.061,27.0698321111535,0.601566195487976,0.146690890192986,0.169034138321877,33.9195928441547,69.0677746090641,2499030.0,55195575.399999976,127.0491803,0.0,6570992854.6199665,0.0,1.0,0.0,0.0,11.43,11476296.0,572.5708760579168,0.0,
TCD,Chad,2009,6.299999999999997,16.608609165131632,33.1566904523959,0.0530168227851391,0.922,15.463,2.9650297987864107,-1.274,2205.2760000000017,10.704,11.598143678,1.7136679576235712,34.9025737106603,9.95242290748864,1.0,20.72485793652748,49.828,4.24677823532757,0.0103492447249393,19.180800000000005,0.0,14.6756159361222,0.96,-1.726,-8.10316152514505,0.789,18.02049929817383,0.06,30.0492470258094,0.694926202297211,0.141412407159805,0.182208657264709,19.3963985864073,64.8597511917067,2590274.0,112592702.89999998,117.8082192,0.0,3877467458.446017,0.0,1.0,0.0,0.0,11.43,11893754.0,326.00871503194173,0.0,
TCD,Chad,2010,6.400000000000006,19.585691214269985,33.2509512944262,0.0550763420760632,0.93,15.178,3.214976998380031,-0.034,2356.108,15.130000000000004,11.549797793,1.6965372233408926,37.9286133933223,-2.0778657464186594,1.0,20.69239771630333,50.107,4.956875201017169,0.0116300353875233,23.352599999999995,0.0,20.0317465897842,0.96,-1.525,-2.73681849047174,0.789,15.643779501072563,0.059,26.4840061921648,0.628193974494934,0.105173259973526,0.196120172739029,23.7814056347722,63.7311691270791,2689958.0,99363921.39999998,121.9178082,0.0,5089026942.392414,0.0,1.0,0.0,0.0,11.43,12312575.0,413.3194674868916,0.0,
TCD,Chad,2011,9.0,37.71436129995237,27.1563338879622,0.0601372383534908,0.934,14.857,3.5370829893937525,-2.164,2307.3410000000003,18.578,15.049736139,1.6185633290324604,41.0747792133064,2.0292405367826003,1.0,18.191513641280597,50.426,5.06180490448553,0.0169080248308307,28.739000000000004,0.0,24.3983730486377,0.96,-1.318,2.19110793598285,0.789,5.303986233137492,0.059,29.3196564962166,0.582431674003601,0.120394766330719,0.273932456970215,28.168812597114396,57.5437561870898,2800471.0,91257631.0,113.6986301,0.0,6438785235.373312,0.0,1.0,0.0,0.0,11.43,12754997.0,504.80491962274175,0.0,
TCD,Chad,2012,7.799999999999997,23.629590324988175,27.0843972280265,0.0628781393170357,0.938,14.55,4.0210221572373115,-2.08,2385.688,18.687,12.247925935,1.703805534045888,43.4028876654672,7.51662364663833,1.0,17.639883728494453,50.765,6.991507477828731,0.0,33.3229,0.0,20.5311950776099,0.96,-1.044,0.634764513395958,0.789,4.240104217926843,0.059,27.528208864441,0.542384028434753,0.124000668525696,0.19816018640995,24.7933556227023,54.3851887421013,2920448.0,87236756.39999998,100.8196721,0.0,5614514167.116115,0.0,1.0,0.0,0.0,11.43,13210998.0,424.98789017424076,0.0,
TCD,Chad,2013,8.099999999999994,20.49121600652467,31.7128603274934,0.061608899384737,0.916,14.231,4.414952674164354,-2.745,2437.2360000000026,15.928,13.31353291,1.7045083240441614,38.4745522079809,0.2226715646245516,1.0,20.045423750324247,51.051,5.972957288879531,0.0014025320669766,33.3154,0.0,15.7791942816497,0.965,-1.089,-1.11712184063695,0.789,8.984033640092504,0.046,27.2750923582337,0.5771524310112,0.138161540031433,0.163482040166855,20.0436304196548,51.5308164549816,3052781.0,84516340.20000005,90.63539721,0.0,4840359480.487329,0.0,1.0,0.0,0.0,11.43,13691079.0,353.54112561086885,0.0,
TCD,Chad,2014,8.400000000000006,16.819563701986432,31.168807669524604,0.0598647892475128,0.916,14.071,5.994118020174639,-2.22,2502.394,13.682,11.633308613,1.7089817421705007,37.1094347348857,1.6819731392566997,1.0,21.145299894068796,51.141,5.80454204876054,0.0010644543607349,37.0123,0.0,11.3679339086533,0.965,-1.569,-2.76958719664867,0.789,16.362133682402366,0.047,29.1571665027258,0.629205226898193,0.105944871902466,0.194364532828331,15.6882203824047,40.8116269859319,3196631.0,97578467.29999997,88.80448874,0.0,4250002333.845686,0.0,1.0,0.0,0.0,11.43,14188678.0,299.53476524350515,0.0,
TCD,Chad,2015,7.700000000000003,17.321177170705973,33.6210255108379,0.0605056807398796,0.916,13.876,6.281996001683773,-1.435,2456.66,10.538,11.166196987,1.6988125763997797,33.9182904673272,4.37712665065654,1.0,23.03687627308513,51.32,6.90651696277145,0.0010220976948615,37.3153,0.0,6.2969962979888,0.965,-0.973,-2.02592188169667,0.789,15.933983779080844,0.047,30.5025562206002,0.69183349609375,0.0814949572086334,0.140755578875542,11.9712071081449,48.5114982079885,3339823.0,137267699.60000002,110.6138907,0.0,2799519204.4144406,0.0,1.0,0.0,0.0,11.43,14647621.0,191.12449758322123,0.0,
TCD,Chad,2016,9.200000000000005,18.825156079330792,39.3716151096934,0.0629011169075966,0.919,13.548,9.668962922793852,-2.661,2229.887999999999,9.462999999999996,7.643049455,1.6686939437585264,25.3450186548517,-0.7924405252361026,1.0,26.332636624764376,51.603,8.95389084159442,0.0014248625858341,36.9556,0.0,6.59687876223435,0.965,-1.302,0.0462327789233704,0.789,19.99365130387245,0.047,33.3539046432824,0.716585397720337,0.103710070252419,0.136226013302803,13.110061160108,43.9580149331537,3493295.0,192868588.9,116.5171366,0.0,2430963290.2764244,0.0,1.0,0.0,0.0,11.43,15114655.0,160.83485135958608,0.0,
TCD,Chad,2017,10.900000000000006,18.837574238807143,38.4300853118306,0.0646082162857056,0.885,13.277,9.106177086393338,-2.274,2118.418999999998,11.064,9.914834843,1.6684226444968813,26.4585882128612,-1.5370996298084003,1.0,21.849263777565643,51.875,10.1271530345387,0.0,40.7649,0.0,10.2750096848343,0.939,-1.286,1.02239385044753,0.719,15.761578499348431,0.0539999999999999,32.4399116473542,0.731950640678406,0.10663316398859,0.141229674220085,16.8846139020106,43.2900613852468,3665310.0,254233595.0,98.41163836,0.0,2491145422.551381,0.0,1.0,0.0,0.0,11.43,15622759.0,159.45617688600208,0.0,
TCD,Chad,2018,10.099999999999994,18.604163022618906,37.6181441617191,0.066769190132618,0.897,12.857,8.248736569294643,-1.844,2176.0629999999983,11.002,10.231158074,1.6571182922316745,29.0064942875454,4.27462198610545,1.0,26.36186613416372,52.447,8.93335720178995,0.0,43.2279,0.0,16.6121673665612,0.938,-1.478,2.2008484136256,0.707,19.986459513552703,0.0499999999999999,30.7913779429149,0.696273028850555,0.0895250216126442,0.163497477769852,20.9399413766231,46.7384317860183,3853108.0,394523062.8,115.5054603,0.0,3755663769.270591,0.0,1.0,0.0,0.0,11.43,16156531.0,232.45483633031068,0.0,
TCD,Chad,2019,8.400000000000006,17.837027086992805,37.5903652533914,0.0704964622855187,0.897,12.519,7.541473121235747,-1.845,2251.107,10.445,10.59713743844864,1.7156831180933547,28.75903709786,-0.9719391754194008,1.0,31.123571572715058,52.993,9.07793576934831,0.0,45.9379,0.0,15.5707595430138,0.938,-1.35,0.606954224732539,0.786,23.82726130488444,0.0509999999999999,31.0792692848196,0.658669531345367,0.0913208946585654,0.205838650465012,19.6499588651766,46.6777247152768,4050022.0,469812226.1,126.877811,0.0,3648595749.9372296,0.0,1.0,0.0,0.0,11.43,16685223.0,218.67227965351316,0.0,
TGO,Togo,1995,15.299999999999995,17.3308833188524,16.7474394694461,0.0364029593765736,0.671,12.59,14.2193024302481,-0.747,1966.3909999999996,9.729,9.429843176,1.60432946681976,27.1004198897989,16.4335034524163,0.0,14.208991022363485,53.692,12.38004279208086,0.0,0.0,0.0,0.0,0.849,-0.376,-1.2167017004333998,0.745,6.639375104714596,0.141,52.1661499808044,0.782137393951416,0.138642072677612,0.160507798194885,12.6268567305943,55.6017737303644,1361082.0,104696464.5,,,,,,,,3.66,4410832.0,,,
TGO,Togo,1996,15.299999999999995,12.1179186728357,19.573823325697,0.0356919877231121,0.671,12.467,13.310353602119896,-0.988,1819.559000000001,9.124,9.257633676,1.62374687194824,25.7107323641827,4.68749999999996,0.0,14.670960470207657,53.817,16.51525935886023,0.0,0.0,0.0,0.0,0.778,-0.376,-1.6226457313360898,0.745,10.752235898558617,0.141,50.1278705191381,0.796008467674255,0.120222039520741,0.132334977388382,11.2517302304362,59.4098688003353,1433009.0,89918516.5,,,,,,,,3.66,4577860.0,,,
TGO,Togo,1997,15.299999999999995,5.25891997358541,21.2818560757086,0.0349121950566769,0.671,12.417,12.5826958403143,-0.943,1828.4399999999987,9.614999999999998,8.066771931,1.64339935779572,23.4014487368866,8.25082508250802,0.0,19.256132863209228,53.845,15.628373578099705,0.0,0.0652143140000021,0.0,0.0,0.847,-0.496,0.41139508730751,0.745,11.612485270893274,0.141,50.205401494008,0.797805786132813,0.0992642864584923,0.1113101541996,10.6753886502018,53.2069014922318,1500210.0,87625689.29999983,,,,,,,,3.66,4725030.0,,,
TGO,Togo,1998,15.299999999999995,7.09944084021118,19.7297297327748,0.0345110855996609,0.739,12.304,12.2801014151581,-0.785,1735.7580000000016,9.516000000000002,11.712499719,1.66328966617584,25.0035458184975,0.9753383810886742,0.0,10.893981308636883,53.956,13.158671887718787,0.0,0.1586194779999985,0.0,0.0,0.847,-0.616,-1.84372024294152,0.745,6.443513712989825,0.149,49.817981246551,0.767114877700806,0.136071249842644,0.159354194998741,10.3801458110484,55.737924512227,1565167.0,94839270.89999998,,,,,,,,3.66,4860913.0,,,
TGO,Togo,1999,16.072999954223597,5.414395409295711,20.6555079118336,0.0341733135282993,0.799,12.074,10.713033770443404,-0.682,1728.789000000001,10.148999999999996,8.316540559,1.68342065811157,23.8802933141669,-0.0532136248823515,0.0,19.3061722219407,54.31,16.518758202634988,0.0,0.3492235529999945,0.0,0.0,0.847,-0.4535,-0.316642282158522,0.745,11.848306050598236,0.149,50.6334265351113,0.772813022136688,0.119627147912979,0.104868501424789,6.80166561450354,50.108899621779,1632533.0,98023289.0,,,,,,,,3.66,5000269.0,,,
TGO,Togo,2000,16.999999999999993,13.8100600317891,14.8052104263334,0.0335484519600868,0.701,11.903,9.880506711504111,-0.759,1664.1280000000006,8.456,11.704274535,1.70379531383514,30.3028277716404,1.86260595463067,0.0,10.861946385967508,54.577,16.525596339913694,0.0,0.9727559999999968,0.0,0.0,0.807,-0.291,-2.06834825121327,0.745,6.426015654575399,0.15,47.8963795644462,0.79539680480957,0.128661558032036,0.159549072384834,7.14401583181283,48.8080041114183,1701326.0,83804474.20000017,,,,,,,,3.66,5140037.0,,,
TGO,Togo,2001,19.6,12.2335115387765,15.1644610248179,0.0330287180840969,0.701,11.79,9.08811274800626,-0.696,1632.9749999999983,10.138000000000002,12.059844949,1.7139009237289402,29.378615828701,3.919591336531461,0.0,10.740854638833024,54.746,14.932579955869391,0.0,1.8001299999999958,0.0,0.0,0.807,-0.1169999999999999,0.508819262619497,0.745,6.3017525783658535,0.15,50.3120943875614,0.795035064220429,0.153517067432404,0.164125040173531,6.64861942296073,51.3941520650307,1770580.9999999965,70714940.29999995,,,,,,,,3.66,5277382.0,,,
TGO,Togo,2002,21.299999999999997,16.3554463631054,15.7403641419633,0.0326891355216503,0.704,11.61,8.124244466190397,-0.63,1651.822,8.141000000000002,11.940506493,1.72273302078247,30.2198722396307,3.0598185753588396,0.0,10.95023339142526,55.032,14.86773433667688,0.0,3.050609999999999,0.0,0.0,0.807,0.057,0.82931832698769,0.745,6.539026111489371,0.15,48.669760988867,0.790339291095734,0.126899614930153,0.172826290130615,6.84815672076429,51.609565282441,1840575.0000000035,66596087.20000005,,,,,,,,3.66,5413274.0,,,
TGO,Togo,2003,23.0,17.7457718220163,14.5723915809563,0.032416719943285,0.715,11.43,10.051601367960998,-0.521,1717.4730000000018,10.318,12.047048412,1.73161065578461,31.0741865107219,-0.9300008840722124,0.0,13.912113566027056,55.299,13.128349719799026,0.0,4.3877100000000056,0.0,0.0,0.807,-0.186,2.51351886292004,0.745,8.098725352036546,0.15,48.3943762784048,0.808114290237427,0.132132098078728,0.185192450881004,9.30157253117212,55.389978417259,1912799.0,58266369.70000005,,,,,,,,3.66,5552167.0,,,
TGO,Togo,2004,24.799999999999997,17.6472293355267,15.4058695261762,0.0320226475596428,0.715,11.234,9.353115379352694,-0.712,1656.572,11.169999999999998,11.216662514,1.74053406715393,28.0385993487176,0.3930786810316693,0.0,13.751958536079192,55.594,13.10036202409386,0.103163540744571,5.838050000000003,0.0,0.0,0.807,-0.315,1.725159255037,0.745,7.94554362160016,0.15,49.640805026636,0.802699148654938,0.13496907055378,0.192851662635803,6.31025984592111,57.8710938708872,1988124.0,44029386.60000014,,,,,,,,3.66,5696508.0,,,
TGO,Togo,2005,26.5,12.824698379891,17.3325641240129,0.0317579992115498,0.709,11.065,10.159545620261198,-0.838,1538.737000000001,11.584,13.733486263,1.74950337409973,24.4297143100711,6.78292893028314,0.0,8.755833333333328,55.916,14.4042577840908,0.810493582580259,7.419370000000008,0.0,0.0,0.802,-1.44,-0.951977681887482,0.745,2.71985272969826,0.176,51.4590483352783,0.800330638885498,0.162571370601654,0.149993881583214,6.87103075962386,61.4542800128481,2066005.0,29655923.299999833,0.006179,0.0,73530099.99999999,0.0,0.0,0.0,1.0,3.66,5844631.0,12.58079423662503,0.0,
TGO,Togo,2006,27.9,12.124644900289,16.9609148487036,0.0313007943332195,0.69,10.93,11.245079018316602,-0.877,1535.780999999999,12.786,14.379788533,1.7528635263443,25.0511547993418,2.2289777941402704,0.0,4.73666666666667,56.142,15.03063049477071,2.65003130114261,11.7791,0.0,0.0,0.785,-0.527,-1.31301495904323,0.745,5.27225318540164,0.195,50.5916665209396,0.565587818622589,0.109561540186405,0.0932950004935265,8.39328796217993,61.6128604620733,2151522.0,24679682.00000012,0.007184,0.0,113507200.0,0.0,0.0,0.0,1.0,3.66,6010668.0,18.884290398338422,0.0,
TGO,Togo,2007,30.0,11.158953549001298,16.9297833739432,0.0305218640714884,0.682,10.834,16.1657346509353,-0.844,1510.4019999999982,11.861,12.75826375,1.7562299966812105,26.2884068802458,0.945673271705214,0.0,4.751666666666669,56.382,19.0928210841583,3.08134189373554,19.234899999999996,0.0,0.0,0.785,-0.341,-0.406203079385089,0.745,-0.2020551703762478,0.204,49.1843669168086,0.833146572113037,0.122503198683262,0.119312278926373,10.5484843902413,61.7740721086659,2242607.0,19059395.200000048,0.010159,0.0,179814300.0,0.0,0.0,0.0,1.0,3.66,6188344.0,29.05693348656765,0.0,
TGO,Togo,2008,31.799999999999997,12.9454368042892,20.68166838543,0.0303607489913702,0.623,10.683,13.6233156636954,-0.498,1527.178,11.8,14.090217083,1.75960302352905,23.8623598669256,8.69482814363902,0.0,4.98416666666667,56.651,16.1759132215501,8.15592721286484,24.330200000000005,0.0,0.0,0.768,-0.169,-0.0588642792941422,0.745,-3.749800317821931,0.2059999999999999,48.8432869805883,0.850117444992065,0.140398815274239,0.125897377729416,15.154562726866398,62.3076674472105,2336133.0,65014796.79999995,0.011835,0.0,252085500.0,0.0,0.0,0.0,1.0,3.66,6368812.0,39.5812437233192,0.0,
TGO,Togo,2009,33.7,15.9474668575097,21.3483480008088,0.0314868874847889,0.623,10.553,14.1762368872065,-0.655,1566.1340000000018,11.663,15.312388503,1.76298260688782,20.6628801268805,3.7136059203580896,0.0,4.977499999999999,56.927,15.1024937034854,7.60668735729254,33.3849,0.0,0.0,0.766,-0.166,-2.00200195918084,0.745,1.804021576419,0.2189999999999999,50.5030682140054,0.846897602081299,0.141735181212425,0.1113490015268329,14.6752963580582,62.210419994299,2432020.0,201198294.0,0.012955,0.0,308329000.0,0.0,0.0,0.0,1.0,3.66,6551865.0,47.05973032106125,0.0,
TGO,Togo,2010,30.799999999999997,15.8662144621834,21.077801220787,0.0335710756480694,0.668,10.388,15.7145169061165,-0.906,1614.1219999999994,13.427,14.852752222,1.76636850833893,20.3367703008535,1.4459451743086404,0.0,5.11333333333333,57.227,14.5912364779847,5.23926759324848,38.652,0.0,0.0,0.754,-0.179,-1.0209168971485898,0.793,5.21151497265106,0.2359999999999999,50.6230186694827,0.830220222473145,0.149106249213219,0.124722741544247,11.3076284343152,66.7974885937104,2528396.0,241449926.0,0.010452,0.0,308334000.0,0.0,0.0,0.0,1.0,3.66,6732590.0,45.79723405108584,0.0,
TGO,Togo,2011,39.7,16.8941606464173,19.8649717432319,0.0360317751765251,0.634,10.154,20.0861035551256,-0.964,1663.3630000000012,13.731,18.882982624,1.79985272884369,21.7641490273027,3.5635147290396,0.0,5.255916666666671,57.612,14.2284890680882,11.8029506365718,38.9698,0.0,0.0,0.754,-0.163,-2.33349442070984,0.793,2.36951484385564,0.241,50.8512251121876,0.840494632720947,0.139119401574135,0.165551006793976,17.924810571738,77.732312664143,2627377.0,254214016.7,0.016469,0.0,602765400.0,0.0,0.0,0.0,1.0,3.66,6916474.0,87.14923239789523,0.0,
TGO,Togo,2012,39.1,15.6949484625881,20.975947911624,0.0374773554503918,0.634,9.941,21.8767906182223,-0.559,1722.7700000000004,14.463,16.78870699,1.84620332717896,20.0154635557205,2.57718174055848,0.0,5.03916666666667,57.94,11.9533213358718,13.7131798803292,46.6464,0.0,0.0,0.74,-0.386,-3.96225115994759,0.793,3.23221628610636,0.241,52.1384498382369,0.793131649494171,0.122662104666233,0.140519604086876,20.9936889901917,75.7132085684163,2728063.0,254487209.7,0.0185509999999999,0.0,708648199.9999962,0.0,0.0,0.0,1.0,3.66,7100736.0,99.79926024569794,0.0,
TGO,Togo,2013,41.0,16.3352893119187,19.1395466909651,0.0383004136383534,0.606,9.704,27.247557452577,-0.564,1777.0339999999997,15.403,16.085089975000002,1.8937474489212,22.1985252830239,1.825394759091619,0.0,5.2875,58.345,14.5441187843168,8.82156958097004,58.5139,0.0,0.0,0.741,-0.354,-4.17761031047734,0.745,3.54454457364396,0.2239999999999999,51.3808071604133,0.793711960315704,0.136317953467369,0.173285692930222,15.565320090236902,82.1477877564195,2830516.0,253198365.79999995,0.021086,0.0,670534800.0,0.0,0.0,0.0,1.0,3.66,7285442.0,92.03762791605506,0.0,
TGO,Togo,2014,45.7,17.7122926921225,19.3388381580273,0.0395422950387001,0.569,9.48,25.4754223409385,-0.613,1830.2239999999983,14.787000000000004,16.121914249,1.94251608848572,23.8476899946971,0.1908750762497497,0.0,5.338333333333331,58.766,16.176499471291,6.41043476461478,60.4369,0.0,0.0,0.741,-0.167,-5.86087252482366,0.745,4.83525153938626,0.2239999999999999,48.4642413421922,0.78227025270462,0.13643454015255,0.173911213874817,13.3950715961836,70.9156517502517,2935474.0,226551090.7,0.0205829999999999,0.0,578382299.9999971,0.0,0.0,0.0,1.0,3.66,7472450.0,77.40196321152997,0.0,
TGO,Togo,2015,44.7,20.5064456291682,18.9218601496344,0.0408110097050667,0.567,9.253,29.1751266271894,-0.792,1882.5570000000007,15.855,16.439408908,1.99254059791565,22.8664405321196,2.585003908015949,0.0,5.15416666666667,59.22,14.8812969958509,4.92982840936854,63.3575,0.0,0.0,0.739,-0.232,-5.05278395287439,0.745,2.88785435794475,0.235,49.1710391824831,0.758513450622559,0.147350877523422,0.187664791941643,12.7280087175611,69.1281378813376,3043534.0,200610830.1,0.015568,0.0,400097600.00000006,0.0,0.0,0.0,1.0,3.66,7663195.0,52.210285657614094,0.0,
TGO,Togo,2016,46.8,14.6247409476974,20.385078914717,0.0415974147617817,0.545,9.039,30.4171056281322,-0.747,1941.6280000000008,15.878,15.742527427,2.04385328292847,20.8834101208291,1.2854484705141704,0.0,5.295,59.669,13.3433190431507,3.28204654518312,70.0588,0.0,0.0,0.739,-0.175,-5.27618670936562,0.745,3.78210934053472,0.238,50.351464002526,0.759894609451294,0.179042249917984,0.148533284664154,9.003109569313,66.4450409805081,3154992.0,171331049.79999995,0.014,0.0,382200000.0,0.0,0.0,0.0,1.0,3.66,7858289.0,48.63654161866533,0.0,
TGO,Togo,2017,48.0,17.0459288050122,20.3155597844213,0.0415409244596958,0.55,8.814,29.6398768907267,-0.88,1970.215,16.064,11.784355991,2.09648752212524,20.4016230144725,-0.9818898689431208,0.0,5.140000000000001,60.135,13.0097567985773,2.44585071714405,75.3357,0.0,0.0,0.723,-0.8739999999999999,1.10246157009614,0.754,6.07843285652542,0.2269999999999999,50.5464826373095,0.753363013267517,0.168207868933678,0.127351477742195,7.77733835842081,58.2088602526732,3269664.0,226017223.5,0.02,0.0,540000000.0,0.0,0.0,0.0,1.0,3.66,8057140.0,67.02130036216325,0.0,
TGO,Togo,2018,50.0,15.468749267707,19.6494784155019,0.0413024947047234,0.593,8.598,27.8062312207682,-0.82,2014.941999999999,18.205,12.136965802,2.10217022895813,21.0297583235942,0.9277554264571836,0.0,5.140000000000001,60.601,13.2526439079663,1.72251587055505,74.3997,0.0,0.0,0.728,-0.8859999999999999,1.21132375513774,0.79,6.07843285652542,0.2259999999999999,50.5321112102312,0.745987415313721,0.159224554896355,0.149640098214149,4.873623295567519,57.5737388499452,3387200.0,266043128.4,0.01,0.0,265000000.0,0.0,0.0,0.0,1.0,3.66,8258778.0,32.08707147716042,0.0,
TGO,Togo,2019,52.5,19.7148253088056,19.5145900500186,0.0416947826743126,0.599,8.394,27.5933113247189,-0.893,2063.759000000002,18.23,11.813080354,2.10789394378662,19.3444197845633,0.6746527700775253,0.0,5.140000000000001,61.055,12.6335068962647,1.32333207549457,73.7225,0.0,0.0,0.73,-0.908,3.76161353561844,0.79,6.07843285652542,0.2159999999999999,51.2376274476925,0.742016434669495,0.157293677330017,0.147743627429008,4.32587635811955,56.3421740349757,3507580.0,318867134.0,0.008227,0.0,235292200.0,0.0,0.0,0.0,1.0,3.66,8463068.0,27.802234367016784,0.0,
TTO,Trinidad and Tobago,1995,95.40333976651672,22.55542828285201,2.312829880336059,0.0428727120161057,0.264,6.697,27.5716074972158,0.258,12622.834,26.904,17.549783304104757,2.65624451637268,44.9561631821208,5.1822053951727405,0.0,15.1666666666667,67.995,15.269166400417758,0.0,0.485769470000001,1.33483319065797,10.9376607291799,0.154,0.274,4.64909484063132,0.803,10.5572179834026,0.854,51.0778588577504,0.517648279666901,0.219798162579536,0.13700532913208,12.3694001900686,59.70087492497548,721402.0,0.0,142.0,0.0,1815589313.7022836,0.0,1.0,0.0,0.0,11.09,1295169.0,1401.8165302769628,0.0,3.0
TTO,Trinidad and Tobago,1996,95.44174274416694,20.44348280664915,2.08491149751638,0.0436200052499771,0.298,6.751,28.3163837642324,0.236,13487.415,27.701,17.895760648213805,2.67884826660156,45.1434948795198,3.4045744281962396,0.0,15.7916666666667,68.039,17.373861197105516,0.0,0.7258834479999976,1.44315146510097,12.5094687850089,0.154,0.274,3.83290462146126,0.803,13.6889405947771,0.854,51.2611820762954,0.556341886520386,0.224868163466454,0.141897141933441,13.9994543672843,52.944042980802735,725706.0,0.0,141.0,0.0,2127331761.242674,0.0,1.0,0.0,0.0,11.09,1300928.0,1635.2417360858358,0.0,3.0
TTO,Trinidad and Tobago,1997,96.1003739243375,20.4227215325043,2.16722840647102,0.0452958270907402,0.298,6.78,33.1290942189586,0.285,14475.681,27.526,17.966568386111472,2.70164442062378,42.7446355939527,3.6260787584308094,0.0,15.3333333333333,68.143,17.337805682756564,0.0,1.3002865330000049,1.56242998764938,10.8230289174782,0.154,0.3429999999999999,4.24106108700377,0.803,19.5703910137174,0.854,54.3906307933773,0.639741897583008,0.227612376213074,0.202468678355217,12.4304855931719,53.12342896214258,729297.0,0.0,135.0,0.0,1838528414.0861735,0.0,1.0,0.0,0.0,11.09,1305836.0,1407.932094142123,0.0,3.0
TTO,Trinidad and Tobago,1998,98.33480546826335,19.63760074767836,2.058058584001051,0.0468107238411903,0.298,6.778,35.408409570419,0.191,15628.681,25.423,18.589601498031993,2.72463440895081,38.5072901615657,5.61270907691201,0.0,17.3333333333333,68.331,16.404749313828866,0.0,1.9890788550000025,1.13952718203698,5.39944831985208,0.154,0.412,2.65698384194518,0.803,19.5528120152646,0.854,57.4816760803888,0.640329957008362,0.218647107481956,0.213953450322151,6.55905261383883,55.877416083777334,732353.0,0.0,134.0,0.0,1196811816.9676368,0.0,1.0,0.0,0.0,11.09,1310225.0,913.4399183099367,0.0,3.0
TTO,Trinidad and Tobago,1999,95.44023908632252,19.616681907426297,1.93592311333183,0.0466875098645687,0.298,6.788,33.9004035990496,0.32,16853.094,23.923,18.570646710997103,2.7478199005127,40.6259399241299,3.43913590881996,0.0,17.0416666666667,68.509,16.389789201751405,0.0,2.913126892000001,1.85374826650399,8.61868442958768,0.154,0.2825,2.62837793311566,0.803,12.212939847886602,0.854,56.8109379772483,0.600246846675873,0.191444680094719,0.131312027573586,10.4893735592622,55.87792160078592,735213.0,0.0,141.0,0.0,1741611041.0705502,0.0,1.0,0.0,0.0,11.09,1314708.0,1324.7131994865401,0.0,3.0
TTO,Trinidad and Tobago,2000,91.3,22.96015926667525,1.3571938867876003,0.0459332726895809,0.303,6.846,31.9045427023576,-0.201,17970.235,24.262,15.188438926833628,2.77120304107666,47.5360468126773,3.55541319666877,0.0,16.5,68.629,19.67906315596656,0.0,12.264200000000002,3.34791429564949,10.7143816589503,0.154,0.1529999999999999,4.64258908134468,0.803,3.97779499579407,0.854,51.4740893155048,0.558499932289124,0.152756288647652,0.106784500181675,14.0818626378959,63.938953881963805,738138.0,0.0,138.2122541,0.0,2618670359.4332194,0.0,1.0,0.0,0.0,11.09,1319774.0,1984.1808972090823,0.0,3.0
TTO,Trinidad and Tobago,2001,96.3,30.588243578444693,1.2863770560944694,0.0453640520572662,0.389,6.856,47.4128795495499,0.205,18569.265,25.839,24.532365575107796,2.79457020759583,45.2069910848034,5.536653263223,0.0,15.6666666666667,68.874,25.16727815559765,0.0,19.320499999999996,3.30683344360185,6.84812051633887,0.154,0.0295,4.31569882377411,0.803,12.5228375094763,0.854,53.3926467807851,0.537804484367371,0.172948643565178,0.177680358290672,10.1729837328617,82.87835733260317,741005.0,0.0,134.0541945,0.0,2118877539.9306135,0.0,1.0,0.0,0.0,11.09,1325567.0,1598.4688363022115,0.0,3.0
TTO,Trinidad and Tobago,2002,96.5,23.96738779658568,1.3984721975484096,0.0442394837737083,0.379,6.783,47.1502738936578,0.0199999999999999,19810.387,24.364,18.428504267434487,2.81813430786133,42.9095754130396,4.1500586166472,0.0,12.4791666666667,69.232,19.47968756869738,0.0,19.7275,2.88169357636383,8.99788059666471,0.143,-0.094,3.4018408666584397,0.803,18.6395676414552,0.863,55.3124888967845,0.599615216255188,0.162272706627846,0.155338302254677,11.8982860535807,62.19153776470547,743659.0,0.0,154.2251288,0.0,2456518681.1319914,0.0,1.0,0.0,0.0,11.09,1332011.0,1844.218014064442,0.0,3.0
TTO,Trinidad and Tobago,2003,96.7,33.3119377441306,0.947884612682488,0.0428586266934872,0.349,6.811,39.3387263436609,-0.143,22447.994,25.359,27.65538251802797,2.8418972492218,51.4964380558951,3.8111062439687,0.0,11.1666666666667,69.454,27.42446066446177,0.0,25.125100000000003,2.66348882364855,7.97468958608519,0.143,-0.25,5.2183767757443,0.803,0.6228405126356744,0.863,47.7363739830544,0.472770482301712,0.129765897989273,0.201372191309929,10.6549102773187,86.4094480355504,745913.0,0.0,163.5539918,0.0,2934869782.795462,0.0,1.0,0.0,0.0,11.09,1338709.0,2192.3134772347553,0.0,3.0
TTO,Trinidad and Tobago,2004,96.8,31.181900621405763,0.7614839459639047,0.0418599061667919,0.349,6.743,37.9611653638537,-0.061,23970.589,25.256,23.6743083184828,2.86586046218872,54.3682801507327,3.72154938995965,0.0,9.3125,69.879,19.750244230076277,0.0,48.4019,2.36518324540915,8.45563862422733,0.143,-0.068,4.52558798279005,0.803,0.3933308949317586,0.863,44.6881097437752,0.543551981449127,0.129910051822662,0.17137622833252,10.8323099394832,76.01900288204033,747643.0,0.0,152.0947158,0.0,3527882599.693471,0.0,1.0,0.0,0.0,11.09,1345380.0,2622.2201903502882,0.0,3.0
TTO,Trinidad and Tobago,2005,95.0,24.34671673039515,0.4839991903775154,0.0408273488283157,0.349,6.743,33.4922025534705,0.227,25258.724,30.373,16.86687432541701,2.89002561569214,59.6470153480265,6.87453459583516,0.0,9.104166666666671,70.185,19.403072132427805,0.0,68.3489,4.25076767239782,11.8042199194259,0.143,-0.122,4.73034688848542,0.803,-3.72150193385783,0.864,39.7489177075892,0.319202959537506,0.123117387294769,0.236900702118874,16.0670386642135,132.6032601692212,717019.0,0.0,171.5196822,0.0,5482601694.382957,0.0,1.0,0.0,0.0,11.09,1294494.0,4235.324145483067,0.0,3.0
TTO,Trinidad and Tobago,2006,100.0,37.48978866567765,0.5668769913694227,0.0395554304122925,0.349,6.771,32.6949924188848,-0.192,28706.707,34.275,20.74446562598441,2.91314315795898,60.8194415532707,8.32960351465347,0.0,10.9175,70.437,15.55481137248904,0.0,111.783,6.12814812345329,12.247324628027,0.143,-0.238,3.40920291704213,0.803,9.03210307148484,0.864,38.0397488161066,0.271368384361267,0.111177518963814,0.134235307574272,18.3898478452635,109.94062479045834,716183.0,0.0,174.2749205,0.0,6448060081.142061,0.0,1.0,0.0,0.0,11.09,1297944.0,4967.903146161977,0.0,3.0
TTO,Trinidad and Tobago,2007,100.0,20.82596210516621,0.3716617075263322,0.0381561554968357,0.347,6.745,32.0528227672441,-0.347,29793.294,30.018,15.89330381326052,2.93644571304321,59.6521421660795,7.89438834757299,0.0,11.75,70.797,15.546176824457197,0.0,110.578,6.68974803356777,9.2559242789235,0.143,-0.189,4.85766185854029,0.803,-0.8885444319091951,0.864,39.4961026633322,0.431593418121338,0.109509818255901,0.125497236847878,15.9606779203426,129.44546477371122,715962.0,0.0,155.1676603,0.0,6202660633.294102,0.0,1.0,0.0,0.0,11.09,1303188.0,4759.605393307874,0.0,3.0
TTO,Trinidad and Tobago,2008,100.0,30.99291078622671,0.3655144243276194,0.0367835834622383,0.338,6.743,26.7082524124637,-0.524,30631.87,33.9,17.22595153759245,2.95993447303772,63.97825967897259,12.0303445477177,0.0,12.4375,71.117,15.534091096338868,0.0,131.633,5.83750090698681,9.42207714451534,0.143,-0.117,6.96949114315307,0.803,-9.17262279754077,0.864,35.1757002222638,0.452067494392395,0.0960770100355148,0.121518112719059,15.2710339879178,123.99650059221068,715485.0,0.0,149.0316257,0.0,7707926531.085989,0.0,1.0,0.0,0.0,11.09,1308587.0,5890.266777131355,0.0,3.0
TTO,Trinidad and Tobago,2009,99.0,39.29729559156729,0.5951458263935354,0.0357622504234314,0.338,6.765,35.953442069315,-0.356,29011.559,28.515,26.828905228118664,2.98361110687256,53.1358528774451,6.97808725251547,0.0,11.9375,71.404,15.516199895467844,0.0,133.885,9.64203595057167,6.48871343601529,0.15,-0.142,-2.7002100360746297,0.803,54.6777282052185,0.864,46.5265844994937,0.505688965320587,0.175468116998672,0.175974011421204,16.147506232455,115.19776548478848,712593.0,0.0,150.3148438,0.0,4947370559.658677,0.0,1.0,0.0,0.0,11.09,1310106.0,3776.313183558183,0.0,3.0
TTO,Trinidad and Tobago,2010,100.0,23.98457098218482,0.5201461052750798,0.0350652597844601,0.356,6.727,30.8454608441119,-0.218,29852.452,31.657,19.0634668444608,3.00747728347778,53.8139564515672,10.5492003179988,0.0,9.2825,71.809,15.561035794959738,0.0,136.605,6.15581814921932,7.31966084875628,0.161,-0.0509999999999999,2.30350529075627,0.803,-3.0610609464240603,0.854,45.5105190135062,0.465075612068176,0.155277237296104,0.143771588802338,13.5019281289188,121.35624681889914,712751.0,0.0,145.3675973,0.0,6067855304.591597,0.0,1.0,0.0,0.0,11.09,1317714.0,4604.834815894494,0.0,3.0
TTO,Trinidad and Tobago,2011,97.5,48.46866488149602,0.4565425703555288,0.0344341993331909,0.361,6.698,28.1256397873844,-0.19,29616.025,29.713,22.805632247461652,3.01602864265442,57.0510122828478,5.1071328926456,0.0,7.96916666666667,72.232,15.48555359655497,0.0,130.912,11.699135017833,9.46888642049548,0.161,0.1409999999999999,1.0373161811730998,0.803,-6.705743095123379,0.854,42.9861638522819,0.458095729351044,0.139923140406609,0.108328446745873,21.1902057775941,93.6892458985466,716139.0,0.0,135.8712877,0.0,7694429039.157962,0.0,1.0,0.0,0.0,11.09,1328019.0,5793.91487558383,0.0,3.0
TTO,Trinidad and Tobago,2012,100.0,35.19087409144554,0.6238615273459232,0.0345029234886169,0.361,6.727,26.9736796419355,-0.243,31000.799,28.462,23.244949742225263,3.0246045589447,46.824089797969,9.26028137068292,0.0,7.70833333333333,72.513,17.4487199334489,0.0,134.184,11.3897470587304,7.63529240284805,0.161,0.1039999999999999,0.389867048557647,0.803,7.33818556695434,0.854,48.8095089697225,0.458505600690842,0.131594210863113,0.174584254622459,19.0454490519432,92.37957615928576,720009.0,0.0,116.9523306,0.0,6512920577.4410305,0.0,1.0,0.0,0.0,11.09,1335194.0,4877.883346870215,0.0,3.0
TTO,Trinidad and Tobago,2013,100.0,44.36519418255274,0.7127707383023836,0.0347207486629486,0.422,6.781,26.6322849931321,-0.411,31884.809,28.884,23.04153846790027,3.03320455551147,44.9801407863582,5.199817404656111,0.0,7.5,72.785,13.9652925076318,0.0,137.604,12.4709238479791,6.44936933049536,0.161,0.094,-1.1615448750212,0.803,5.40895175825991,0.854,50.6821858808063,0.483717262744904,0.12457400560379,0.130639150738716,18.9417880426583,93.20938647588004,722903.0,0.0,115.6027315,0.0,6173733382.441875,0.0,1.0,0.0,0.0,11.09,1340557.0,4605.34940509197,0.0,3.0
TTO,Trinidad and Tobago,2014,100.0,30.303976087895496,0.6685633396080011,0.0348680056631565,0.39,6.918,27.6874607290947,-0.512,32903.794,28.458,22.88779364711754,3.04182910919189,43.6313576106985,5.684418145956591,0.0,7.5,72.898,14.4590377440512,0.0,139.365,9.97338093351379,5.58054269528671,0.161,0.248,-2.67163825703599,0.803,8.55660517548072,0.854,52.5878080897699,0.496041685342789,0.12081240862608,0.164862528443337,15.5987828212435,104.15258951581774,725489.0,0.0,114.1154192,0.0,5460971545.307261,0.0,1.0,0.0,0.0,11.09,1345343.0,4059.1667294565486,0.0,3.0
TTO,Trinidad and Tobago,2015,100.0,27.000943833668163,0.9220534260205716,0.0358937345445156,0.382,7.131,32.5688299021442,-0.146,32457.5,26.573,25.59107413437905,3.05047821998596,35.9770489547931,4.66121598098264,0.0,8.182499999999997,72.882,14.1599712462756,0.0,148.572,5.23561682641395,2.24547082740531,0.161,0.279,-5.57870156443064,0.803,18.8994621437832,0.851,58.4973695044904,0.489707708358765,0.12599278986454,0.255453914403915,7.5354554955632,103.7486383937086,727830.0,0.0,108.7464466,0.0,2752003780.2249646,0.0,1.0,0.0,0.0,11.09,1349667.0,2039.0242780070673,0.0,3.0
TTO,Trinidad and Tobago,2016,100.0,15.049716744828665,0.9924344244797254,0.0373226627707481,0.347,7.312,36.6555281398849,-0.145,29856.83,21.284,19.270681313000704,3.05915188789368,34.414585903593,3.0706674246402397,0.0,9.0,72.935,17.2294150011087,0.0,150.717,2.23549470018448,1.82556957376394,0.097,0.277,-7.692042812548659,0.803,9.50325991701113,0.898,60.4763530772082,0.54222446680069,0.142063423991203,0.309669077396393,4.12214241273861,60.02165625690692,730125.0,0.0,96.66091803,0.0,2016691708.98033,0.0,1.0,0.0,0.0,11.09,1353895.0,1489.5480882788768,0.0,3.0
TTO,Trinidad and Tobago,2017,100.0,15.177910255795684,1.0863432616295403,0.0378547348082066,0.347,7.494,37.4884810643255,-0.134,28290.031,20.333,17.03653968905016,3.06785011291504,36.1358259277044,1.88038440183532,0.0,9.0,72.984,16.2355998390368,0.0,140.503,3.01281216994103,2.68355173716595,0.118,0.269,-7.64348258214778,0.762,1.11425216347258,0.8899999999999999,59.2270588976263,0.575105965137482,0.143802240490913,0.210985377430916,5.76137730000007,70.04751248258768,731623.0,0.0,98.6902339,0.0,2498197657.589634,0.0,1.0,0.0,0.0,11.09,1356633.0,1841.4690322214144,0.0,3.0
TTO,Trinidad and Tobago,2018,100.0,24.37527728030704,0.9645176993708516,0.0375443883240223,0.309,7.742,38.9371724667601,-0.22,28002.631,23.75,20.230156091469514,3.07657313346863,37.7745988816805,1.0185693018882205,0.0,9.09375,72.658,16.9015540163505,0.0,134.143,7.50401786552981,3.66055639102177,0.1039999999999999,0.231,-2.94837108148435,0.795,7.96537993277094,0.897,57.1942310594603,0.587262332439423,0.135208129882813,0.170031830668449,11.2320374302733,106.94408648752407,733033.0,0.0,87.31653801,0.0,2839100051.2925134,0.0,1.0,0.0,0.0,11.09,1359193.0,2088.813031918582,0.0,3.0
TTO,Trinidad and Tobago,2019,100.0,24.83439095638648,0.7650529409922697,0.0370379313826561,0.309,7.948,41.4484338507219,0.055,28000.485,26.836,22.720527712209,3.08532094955444,35.1969693154596,1.0005429302723703,0.0,9.25,72.836,14.648755462796,0.0,145.716,8.23659935274206,2.7745812273373,0.0939999999999999,0.082,-0.572594761141628,0.837,11.9273841427192,0.897,60.2873612338274,0.584077060222626,0.144682496786118,0.200138255953789,11.0689882994292,95.55327790131456,735655.0,0.0,82.22122933,0.0,2364416800.097949,0.0,1.0,0.0,0.0,11.09,1363985.0,1733.4624648349866,0.0,3.0
TZA,Tanzania,1995,4.269067287445068,9.91409696627973,30.058876704284103,0.0402161441743374,0.377,14.284,4.58283882980939,-1.287,1274.8869999999988,13.458,8.55443889259817,1.40215873718262,9.2445832397495,27.4277854195323,0.0,37.8050724637681,51.005,4.571667568825859,0.0085160645235201,0.0114528530000015,0.0,0.0,0.441,-0.626,0.938049215607877,0.559,8.62600723892256,0.65,24.4557369708085,0.703846395015717,0.221366241574287,0.19056124985218,14.0466657457605,45.1619199872127,6232381.0,197227494.7,0.0435199999999999,0.0,6178399.999999995,0.0,0.0,0.0,1.0,0.0,30383497.0,0.20334723155797357,0.0,1.0
TZA,Tanzania,1996,9.400000000000006,11.1046931476139,30.309019128921705,0.0412449389696121,0.466,14.283,2.130345107771987,-1.432,1298.0020000000004,14.946999999999996,7.996984650656124,1.42097187042236,8.97212033896713,20.9772596430629,0.0,33.965,51.132,4.64842779332869,0.0175782107919083,0.0290230800000017,0.0,0.0,0.479,-0.626,3.98137117000559,0.559,12.2796875650025,0.644,23.822794906524795,0.776274085044861,0.130635648965836,0.165672793984413,11.2990228895592,35.7265066969485,6443336.0,206214971.8,0.0523179999999999,0.0,6279000.0,0.0,0.0,0.0,1.0,0.0,30945762.0,0.20290338948512562,0.0,1.0
TZA,Tanzania,1997,6.197068214416504,11.180529157340402,29.336881615790105,0.041223268955946,0.466,14.106,2.4414276323893915,-1.361,1311.523000000001,12.802,7.864122349999999,1.44003736972809,8.95303842819244,16.0906549283201,0.0,26.27,51.246,4.323046043098689,0.0065973921348281,0.0635502979999955,0.0,0.0,0.479,-0.517,1.99219752615708,0.559,4.71257839785652,0.644,24.3965315604072,0.776319921016693,0.107786625623703,0.15212744474411,8.87332092455647,28.858783223333702,6675358.0,246039777.8,0.028675,0.0,3635801.56,0.0,0.0,0.0,1.0,0.0,31578089.0,0.11513684567802694,0.0,1.0
TZA,Tanzania,1998,7.155289649963379,18.8699399253592,26.7620753192211,0.0411085113883019,0.466,13.741,2.9645763628649107,-1.002,1330.1729999999989,11.504,8.643190644999999,1.45935869216919,20.23597314949,12.7997540479609,0.0,22.8925,51.807,11.0711735721478,0.0060605151166187,0.1162858479999968,0.0,0.0,0.479,-0.408,1.3835138758279202,0.559,7.59081240798158,0.644,48.0193443385265,0.799613237380981,0.111338332295418,0.16335166990757,5.72964123320078,26.143642060809498,6960911.0,267863633.5,0.0454999999999998,0.0,5494565.999999996,0.0,0.0,0.0,1.0,0.0,32420458.0,0.16947835838716394,0.0,1.0
TZA,Tanzania,1999,8.0,15.4744956244505,26.4413895204429,0.0411933548748493,0.466,13.316,3.1929393140034676,-1.076,1362.214,11.622,8.761831116,1.47893929481506,19.7937333397483,7.89043336058877,0.0,21.8941666666667,52.399,10.2285850729514,0.046680568964172,0.1520905870000035,0.0,0.0,0.479,-0.5549999999999999,0.30183015944648,0.559,9.28291793674511,0.644,48.7550338962673,0.788083910942078,0.100301049649715,0.165459617972374,3.7682074385473694,25.022054811316195,7266414.0,355441649.7,0.0802099999999998,0.0,45286956.75999911,0.0,0.0,0.0,1.0,0.0,33300330.0,1.3599551944379864,0.0,1.0
TZA,Tanzania,2000,8.700000000000003,17.2105177087214,26.2172723620722,0.0409946106374264,0.471,12.772,3.11387313071453,-1.244,1394.5629999999985,11.593999999999998,8.862507212,1.49878263473511,19.21152665607,5.92396109637479,0.0,21.5775,53.244,9.86151299438944,0.243283021929786,0.3225849999999894,0.0,0.0,0.479,-0.702,0.557870550383847,0.559,12.3625316450654,0.644,49.0990079360563,0.754828989505768,0.0939171314239502,0.170780867338181,3.7553358116138806,23.9891151549808,7603838.0,364439561.9,0.0956279999999999,0.0,131522000.16,0.0,0.0,0.0,1.0,0.0,34260139.0,3.838921965844914,0.0,1.0
TZA,Tanzania,2001,9.700000000000005,17.4786641819399,25.8091623025794,0.0408982448279858,0.492,12.242,4.115703692623413,-1.298,1440.09,11.962999999999996,9.589433365,1.50824749469757,19.3805148755861,5.14746800222618,0.0,20.0572614143728,54.124,9.46889199709689,0.677817690187963,0.7828790000000083,0.0,0.0,0.479,-0.4775,0.713727030700266,0.559,14.5410020183044,0.651,49.1163480266487,0.72251695394516,0.0893261581659317,0.180556938052177,4.04412476360876,28.0301432282533,7953521.0,380276444.2,3.714738,0.0,252053643.7773077,0.0,0.0,0.0,1.0,0.0,35198299.0,7.160960925336411,0.0,1.0
TZA,Tanzania,2002,10.700000000000005,20.6909545489205,25.1717362899073,0.0409991405904293,0.492,11.737,5.224054334348487,-1.254,1501.8070000000007,12.883,9.554980998,1.5177720785141,21.4945294072568,5.31783366118203,0.0,16.3982407569744,54.94,9.37021402466056,0.969401662444261,1.6800599999999974,0.0,0.0,0.479,-0.253,0.144139742491645,0.559,8.54700274679886,0.651,47.6254339102486,0.698789834976196,0.0937031954526901,0.182508334517479,4.85747358130828,27.4992172734904,8318986.0,442183880.0,4.32922,0.0,402231316.03461534,0.0,0.0,0.0,1.0,0.0,36121304.0,11.135570189675748,0.0,1.0
TZA,Tanzania,2003,11.099999999999994,22.7839157237505,24.9192926509551,0.0409271828830242,0.492,11.18,6.192303920959482,-1.213,1560.9170000000013,13.589,10.134689207,1.52735698223114,23.2451517323038,5.303566215097819,0.0,14.5169608907399,55.929,9.37908176360761,1.34746549938282,3.4996399999999994,0.0,0.0,0.479,-0.8559999999999999,-1.06652851650313,0.559,5.62474851993463,0.651,46.0085454870166,0.674831748008728,0.112697973847389,0.195322185754776,6.86273700817164,30.4488358249326,8723541.0,483868981.2,3.825614,0.0,509053020.4788461,0.0,0.0,0.0,1.0,0.0,37089555.0,13.724969751695486,0.0,1.0
TZA,Tanzania,2004,11.400000000000006,25.470438122506,25.7058139887433,0.0405439361929894,0.492,10.685,7.109675707246581,-1.069,1636.1929999999993,14.589000000000002,10.321224223,1.53700232505798,23.1054997824457,4.73580143949058,0.0,14.14031946585,56.836,9.19337723892357,0.969331099417752,5.095819999999996,0.0274931382987406,0.0,0.479,-0.672,-1.69172680174989,0.559,6.78734531634907,0.651,45.0959930932601,0.678236484527588,0.119560822844505,0.204918473958969,5.35429372711806,33.609786736665,9178045.0,471681750.2,4.366433,0.0,567168265.5833961,0.0,0.0,0.0,1.0,0.0,38109668.0,14.882529692554552,0.0,1.0
TZA,Tanzania,2005,13.799999999999995,25.6632092993665,24.6488410843814,0.0402095653116703,0.487,10.222,7.825384462834592,-1.053,1707.8650000000016,15.038,11.374607468,1.5467084646225,22.9395155844488,5.03457009267163,0.0,15.2489487237996,57.675,9.0265030743805,0.778021360681858,7.564680000000003,0.0458836863030523,0.0,0.479,-0.583,-2.39454635514971,0.559,8.29001316534224,0.646,45.078966625744,0.678203403949738,0.119800910353661,0.215218886733055,4.99358813102763,36.9592732894013,9680398.0,387336457.8,5.391956,0.0,578629206.6115384,0.0,0.0,0.0,1.0,0.0,39182076.0,14.767701604466756,0.0,1.0
TZA,Tanzania,2006,14.9,27.4529444811356,23.6693107278646,0.0404821634292603,0.508,9.755,9.790020028176528,-0.945,1737.8199999999997,14.234000000000002,12.553714925012835,1.55647599697113,22.84522243779,7.25097262082546,0.0,15.652097785396,58.512,8.82143925430885,1.18424080572687,13.919899999999998,0.165461735035215,0.0,0.472,-0.358,-2.50766268601747,0.559,9.61235270450994,0.657,45.5521443499129,0.642649650573731,0.117705821990967,0.26364603638649,5.52196373960203,42.7681664691467,10224470.0,59832996.79999995,8.730596,0.0,652246080.4,0.0,0.0,0.0,1.0,0.0,40294902.0,16.186813915070445,0.0,1.0
TZA,Tanzania,2007,15.900000000000006,26.6922959043254,23.245488236772,0.0412306636571884,0.508,9.318,11.4689486745392,-0.878,1832.4310000000005,16.386,13.561679071224336,1.56630516052246,23.1971900747875,7.02551436974771,0.0,16.0703661501379,59.26,8.81741434533145,0.984154935221218,19.9153,0.1432025602215989,0.0,0.47,-0.387,-0.558963490864271,0.559,6.3895651962267,0.657,45.5364294139161,0.646717965602875,0.117625124752522,0.318736761808395,6.20610344090512,48.0583947796554,10803092.0,67274403.0,8.358772,0.0,736780045.5603846,0.0,0.0,0.0,1.0,0.0,41435512.0,17.781366996512187,0.0,1.0
TZA,Tanzania,2008,11.5,29.582114202814,24.7654938768997,0.0419928506016731,0.508,8.954,11.911025536116805,-0.76,1881.232,16.166,14.439618551164209,1.5761965513229397,23.7375391938967,10.2783937621135,0.0,14.9821346779129,59.896,8.74458896067224,0.109132620950762,30.553400000000003,0.146624246080538,0.0,0.47,-0.229,-1.15372711012605,0.559,-1.2017622294743404,0.657,43.7191784966665,0.662660419940949,0.103347778320313,0.324100822210312,5.0765951351817,49.0265445510865,11402626.0,65572374.399999976,23.515064,0.0,797757524.6319232,0.0,0.0,0.0,1.0,0.0,42570728.0,18.739579098387118,0.0,1.0
TZA,Tanzania,2009,11.200000000000005,29.5548409926208,26.035190360121895,0.0425453931093216,0.508,8.635,11.267388357068604,-0.827,1926.34,15.115,13.59822952539336,1.58615028858185,21.6769086388074,12.1422278742988,0.0,15.0304818249447,60.494,8.66667526929843,0.738089737216486,40.0364,0.1415557011633609,0.0003979686429831,0.47,0.089,-3.82130209554047,0.559,5.49223043385646,0.657,44.5514742946567,0.664864003658295,0.111785627901554,0.288394778966904,5.53625650735826,43.5326006456317,11998641.0,628034506.0,126.062844,0.0,950026224.9615384,0.0,0.0,0.0,1.0,0.0,43633982.0,21.77262265363584,0.0,1.0
TZA,Tanzania,2010,14.799999999999995,25.5317486916873,25.582406886144,0.0430432744324207,0.51,8.293,11.718262274740702,-0.807,1990.035,15.061,14.241714777416313,1.59616684913635,23.5561736572068,6.20015595647403,0.0,14.5441666666667,61.127,8.66582930166506,1.59355312280221,46.8824,0.168958230297154,0.0,0.47,0.014,-4.06663219372018,0.558,4.67468740278379,0.66,43.3162282485783,0.638348758220673,0.0913903415203095,0.330136954784393,5.55945838220369,47.6404394295683,12620504.0,647153582.7,45.956988,0.0,1223641306.1615384,0.0,0.0,0.0,1.0,0.0,44758488.0,27.338754297543257,0.0,1.0
TZA,Tanzania,2011,14.200000000000005,23.006948722597,24.9768644460885,0.0436526462435722,0.518,8.021,12.354963208365398,-0.789,2084.9490000000005,15.518,16.090669999,1.6092346906662,26.3820840879185,12.6909694699162,0.0,14.9633333333333,61.618,9.54869845954528,3.1739397717846094,55.761,0.147129405103243,0.0,0.47,-0.0239999999999999,-2.77363871465847,0.558,2.464304206777,0.66,41.4050375845078,0.605435013771057,0.0839556381106377,0.397480010986328,7.33646177996057,56.1661241821809,13286711.0,643003950.7,36.401465,0.0,1422831934.88,0.0,0.0,0.0,1.0,0.0,46029367.0,30.911394781509816,0.0,1.0
TZA,Tanzania,2012,15.299999999999995,26.1986625155639,26.5509265207861,0.0440851263701916,0.518,7.72,12.818448890964298,-0.607,2127.867000000002,15.58,15.42137650408393,1.62240934371948,25.3994987211663,16.0010938506338,0.0,15.5566666666667,62.286,9.43823326401605,2.62051864342787,57.4558,0.1543339847838,0.0,0.47,0.0509999999999999,-3.03169062453919,0.558,4.59141372169781,0.66,40.6114766481977,0.666505813598633,0.0812776908278465,0.334314376115799,6.8325198508577,54.36894908151381,13969663.0,640682596.8,34.402911,0.0,1539661066.5415385,0.0,0.0,0.0,1.0,0.0,47374260.0,32.49994968874529,0.0,1.0
TZA,Tanzania,2013,16.39999999999999,27.4407581184142,26.7908679172376,0.0438977442681789,0.531,7.501,12.5373332966711,-0.829,2205.148000000001,15.033,16.877253961807853,1.6356920003891,25.4467450324696,7.87072364573959,0.0,15.8608333333333,62.788,9.11089516632175,1.95046582699407,56.2075,0.139651250540847,0.0,0.474,-0.162,-2.56443778974383,0.559,5.64864168084363,0.633,40.2655507384318,0.684847056865692,0.0804485157132149,0.325757086277008,5.76723525319283,48.6316275295495,14682640.999999998,753400569.2,55.51532,0.0,1446884219.568462,0.0,0.0,0.0,1.0,0.0,48824128.0,29.63461466364462,0.0,1.0
TZA,Tanzania,2014,23.5,28.206567049599,25.8025774475571,0.0437228828668594,0.531,7.261,13.303734807897804,-1.097,2284.007999999998,14.377,16.94656367806032,1.64908337593079,25.1415034758525,6.1316143298801205,0.0,16.2908333333333,63.364,9.12010900018828,1.24476582037582,63.2804,0.106190378675112,0.0,0.474,-0.597,-1.5567101016453695,0.559,9.65573386813088,0.635,41.2956954905769,0.693537294864655,0.0800577253103255,0.31365305185318,5.04690559304949,45.3560223433065,15429872.0,682487134.6,42.342102,0.0,1241883751.3692307,0.0,0.0,0.0,1.0,0.0,50351512.0,24.66427922500581,0.0,1.0
TZA,Tanzania,2015,26.200000000000003,25.8142776756761,26.745885729563,0.0433971211314201,0.531,7.002,14.613538084423404,-0.905,2353.030999999999,13.981999999999998,17.10920797398983,1.66258430480957,24.4873501095853,5.58816952959298,0.0,16.105,63.928,7.85556496098664,1.15205077600315,76.2493,0.0958189291565574,0.0,0.442,-0.423,-1.71267074883818,0.559,7.91293618587464,0.686,40.4311664337765,0.677694380283356,0.0799448564648628,0.244495496153831,5.30193884393363,40.7576808778314,16233743.0,592178105.1,17.321183,0.0,1197850305.7709613,0.0,0.0,0.0,1.0,0.0,52020962.0,23.02630054728633,0.0,1.0
TZA,Tanzania,2016,32.8,28.6319834972474,27.4441425717754,0.0424570292234421,0.535,6.8,13.670306797678002,-1.075,2440.358,14.827000000000002,18.465372407879467,1.67619585990906,24.8583993681558,5.174766293014929,0.0,15.9583333333333,64.404,7.81371783783383,1.46298106534608,74.3984,0.0828972587378178,0.0,0.365,-0.448,-0.6059234088299891,0.66,7.89628648135895,0.753,39.4485885215938,0.688526630401611,0.0762905403971672,0.231629997491837,5.61603835789229,35.4204704002636,17093285.0,514532226.3,17.812169,0.0,1314682351.5617309,0.0,0.0,0.0,1.0,0.0,53824013.0,24.425572867666535,0.0,1.0
TZA,Tanzania,2017,32.1,31.2472863057014,28.7534809528128,0.0413295663893223,0.522,6.581,13.076512775553404,-1.125,2527.759,15.414999999999996,19.93020366623379,1.68991887569428,25.0421511861537,5.31871605228931,0.0,17.7741666666667,64.963,7.6655871547421,1.22913696861494,71.7912,0.0996973020864147,0.0,0.335,-0.57,0.396958112140729,0.665,14.7093732540287,0.765,37.961527710078,0.699852645397186,0.0732702761888504,0.218726396560669,5.136167594883451,33.1125919853124,17975161.0,458750664.0,16.429453000000002,0.0,1291813607.6307597,0.0,0.0,0.0,1.0,0.0,55652890.0,23.21197708925376,0.0,1.0
TZA,Tanzania,2018,34.9,31.8833541532364,27.868599477377003,0.0402758121490479,0.559,6.382,12.700039399091402,-0.038,2625.994999999999,15.268,21.457349102748637,1.70375418663025,27.0077655110967,3.4944584885618095,0.0,17.4141666666667,65.488,8.07382315106412,0.811400866099071,75.7302,0.1977889052114519,0.0,0.309,-0.581,-0.235977049240975,0.693,13.9859534876626,0.754,37.2427988727653,0.730753540992737,0.0690597146749497,0.209123536944389,3.61159728659091,32.6426099043737,18855892.0,364095324.8000001,21.474997,0.0,1146161122.8146925,0.0,0.0,0.0,1.0,0.0,57437145.0,19.95505039142688,0.0,1.0
TZA,Tanzania,2019,37.7,35.1806677062231,26.5943119516018,0.0394933335483074,0.536,6.183,12.638308153020596,-0.924,2725.6949999999997,15.225,23.149771632603414,1.71559405326843,28.6718333565052,3.464280579990209,0.0,16.9708333333333,66.007,8.50181055578149,1.0222813611972,80.5836,0.185559026652075,0.0,0.318,-0.388,-0.309203643194879,0.693,14.3628917375248,0.748,36.83250438588,0.730260729789734,0.064650796353817,0.218460828065872,3.5314504436748404,33.0185892502311,19733362.0,300580648.5,10.773151,0.0,1470725579.19936,0.0,0.0,0.0,1.0,0.0,59174891.0,24.853878973758647,0.0,1.0
UGA,Uganda,1995,6.799999999999997,15.1867192231133,45.2953876100708,0.0538610927760601,0.398,16.871,6.6275093457894485,-0.993,1217.6690000000017,13.033,10.230134433,1.57339262962341,13.1060785593771,6.55014018970371,1.0,20.1625,47.706,6.22918939624284,0.0,0.0084474360000044,0.0,0.0,0.644,-1.531,0.101985529835503,0.704,9.86141311306233,0.522,33.3067285507324,0.752086877822876,0.112038873136044,0.153664946556091,19.509460753546,32.62314586277,2216883.0,417180448.7,0.003094,0.0,41150200.0,0.0,0.0,0.0,1.0,1.83,20665667.0,1.991235027642708,0.0,1.0
UGA,Uganda,1996,2.8111042976379395,22.0010405929055,41.0372015173252,0.053172629326582,0.4,16.575,9.38531194556576,-0.906,1256.196,13.033,9.313662596,1.59379923343658,14.7093091916828,7.19164660433344,1.0,20.2941666666667,47.759,7.14708655819933,0.0,0.0188239089999981,0.0,0.0,0.71,-1.531,0.101985529835503,0.704,15.0342472430885,0.474,35.1601716342249,0.816371917724609,0.110342659056187,0.144680231809616,18.5824681208781,35.3854868820104,2310827.0,417083182.1999999,0.005067,0.0,65871000.0,0.0,0.0,0.0,1.0,1.83,21231550.0,3.102505469454656,0.0,1.0
UGA,Uganda,1997,3.9449477195739746,24.2937765223021,38.1199597496033,0.051415890455246,0.518,16.304,9.083543717019666,-0.88,1273.2560000000012,13.033,9.302858627,1.61447060108185,15.9366696942402,8.16902144106963,1.0,21.3708333333333,48.026,7.7879542773584,0.0,0.0228551210000063,0.0,0.0,0.74,-1.3175,0.101985529835503,0.704,17.7268705699556,0.446,36.739717870347,0.797664999961853,0.12085135281086,0.144874379038811,16.8500438638723,34.1585669652784,2414236.0,393627484.5,0.006819,0.0,74327100.0,0.0,0.0,0.0,1.0,1.83,21856046.0,3.400756934717286,0.0,1.0
UGA,Uganda,1998,5.074711799621582,18.8857355540246,38.2510485122684,0.0500660389661789,0.518,15.921,9.079330789264,-1.022,1309.755000000001,13.246,9.46796559084878,1.63541007041931,16.4380304481358,0.0688041719983179,1.0,20.8616666666667,48.263,8.28110035996169,0.0002115867467206,0.1331105480000047,0.0,0.0,0.74,-1.104,0.101985529835503,0.704,11.1006860778351,0.446,36.2299791948747,0.792175054550171,0.123565949499607,0.146388113498688,16.7918484266104,30.043921931244,2526580.0,398113451.7,0.005029,0.0,47725210.0,0.0,0.0,0.0,1.0,1.83,22515806.0,2.1196314269184944,0.0,1.0
UGA,Uganda,1999,6.199634075164795,17.6234450434884,34.785978748454795,0.0490676015615463,0.518,15.345,8.658637635898074,-1.186,1369.5519999999997,13.475,9.415654921955568,1.6566210985183698,17.846823636897703,5.77736898687895,1.0,21.5491666666667,48.977,8.89320773617927,0.0001037530235578,0.2420954600000087,0.0,0.0,0.748,-1.1760000000000004,-0.4164361736787419,0.704,21.6868316492978,0.44,37.8227069675793,0.80447781085968,0.12618088722229,0.147641599178314,12.463772500312,36.0247101570245,2655357.0,412035725.1,0.005558,0.0,48965979.99999999,0.0,0.0,0.0,1.0,1.83,23257281.0,2.1054043247789798,0.0,1.0
UGA,Uganda,2000,7.400000000000006,14.6104633692239,27.5091068813608,0.0477844998240471,0.518,14.786,4.125688177862031,-0.988,1377.423999999999,14.605,9.309614845,1.67810726165771,21.4381815994678,3.39202158512998,1.0,22.9197575,49.64,7.09897810521975,0.001851835967974,0.5288010000000014,0.0,0.0,0.784,-1.248,0.186319627020914,0.704,10.6216142695141,0.406,44.6702768031338,0.792706489562988,0.132277294993401,0.147995159029961,12.0494143938765,32.7490333383822,2793972.0,354378490.9,0.0098599999999999,0.0,84105799.99999915,0.0,0.0,0.0,1.0,1.83,24000150.0,3.5043864309181045,0.0,1.0
UGA,Uganda,2001,8.599999999999994,15.0286817329896,27.8502414795273,0.0464225336909294,0.571,14.101,7.568192260437826,-1.023,1451.161,15.212,9.037132955999342,1.7038201093673702,21.168654308304,1.86512524084773,1.0,22.655,50.57600000000001,7.06198877586283,0.0,1.1457400000000035,0.0,0.0,0.787,-1.3325,-0.0897812032299369,0.704,17.3344956748948,0.411,44.7796646510108,0.800514698028565,0.139860674738884,0.14823055267334,12.4643931713023,35.3299767819725,2945079.0,312328823.3,0.00609,0.0,49085400.0,0.0,0.0,0.0,1.0,1.83,24745676.0,1.9835950329261565,0.0,1.0
UGA,Uganda,2002,7.799999999999997,16.9841941809746,23.4334280026675,0.0452266186475754,0.615,13.421,11.28086440880974,-1.09,1503.453000000001,14.693,9.250498507781211,1.72478854656219,22.9201021171547,-0.2875085117651963,1.0,19.0971782285593,51.443,7.354144341915439,0.0001260436494547,1.5404100000000014,0.0,0.0,0.787,-1.417,-1.0110526813520897,0.704,22.9955928360462,0.411,47.7413871970957,0.801364302635193,0.143985882401466,0.15524072945118,14.2481201571521,36.2777941561831,3115723.0,296792732.6,0.00759,0.0,68765400.00000001,0.0,0.0,0.0,1.0,1.83,25532870.0,2.6932107514744725,0.0,1.0
UGA,Uganda,2003,10.5,18.1812327990825,24.5070225774825,0.0444182977080345,0.615,12.757,9.944175853240395,-1.01,1540.5090000000018,15.489999999999998,9.628644369181211,1.74467086791992,22.6767077659616,8.68047651566884,1.0,18.9421408936285,52.414,7.05568380237508,9.963706007432016e-05,2.94538,0.0,0.0,0.787,-1.561,0.323498713451759,0.704,10.3290387321641,0.414,46.5378749382528,0.767033457756043,0.148183539509773,0.162408202886581,20.8852302359366,36.5857264641268,3317841.0,279652124.1,0.00416,0.0,43263999.99999999,0.0,0.0,0.0,1.0,1.83,26352124.0,1.6417651950939511,0.0,1.0
UGA,Uganda,2004,11.599999999999994,21.5277380096198,21.6703526422179,0.044003788381815,0.615,11.942,10.752895709719231,-0.967,1575.0989999999983,15.935,10.356039929894916,1.76478230953217,20.8640088141741,3.72128743978228,1.0,20.6031757398424,53.699,6.3649340063972195,0.0229882619310931,4.290389999999995,0.0,0.0,0.805,-1.305,1.6253728181578797,0.704,4.33924393856924,0.397,52.0323458233141,0.745438396930695,0.148314848542213,0.170650407671928,15.1925629839147,35.4600862456436,3563246.0,237175687.2,0.001447,0.0,16495800.0,0.0,0.0,0.0,1.0,1.83,27154515.0,0.6074790877318191,0.0,1.0
UGA,Uganda,2005,8.900000000000006,21.4765187029833,25.0749361336647,0.0437824241816998,0.615,11.177,10.722083663087638,-0.869,1676.351999999999,14.301,11.37224834164995,1.7851257324218803,23.5101064935397,8.44872642299532,1.0,19.645388401657,54.926,7.009315597562859,0.0359786652951038,4.7036700000000025,0.0,0.0,0.798,-1.417,0.916234009408773,0.704,21.7655522885928,0.426,45.3122507865985,0.732551574707031,0.147189855575562,0.183748379349709,13.9239561199514,38.9942854839061,3856340.0,173118899.5,0.0015,0.0,17850000.0,0.0,0.0,0.0,1.0,1.83,27963289.0,0.6383369281059893,0.0,1.0
UGA,Uganda,2006,9.0,17.9688257530988,24.0349329838703,0.0438716784119606,0.643,10.456,14.83094180371895,-0.67,1735.1029999999992,13.057999999999998,11.961616953,1.82103645801544,22.7661611506903,7.31067613561864,1.0,18.6973347967076,56.118,7.090616066340031,0.0874404685272807,6.976520000000001,0.0,0.0,0.811,-1.14,0.306791507902057,0.696,15.9090043564186,0.424,47.119794496076,0.773137271404266,0.135788232088089,0.191293820738792,13.2519669621419,43.6332857896204,4199649.0,53249742.399999976,0.002192,0.0,34633600.0,0.0,0.0,0.0,1.0,1.83,28794003.0,1.2028060148496893,0.0,1.0
UGA,Uganda,2007,14.799999999999995,17.1339270894135,22.2781136788689,0.0441609397530556,0.661,9.793,11.85478087070628,-0.916,1812.019,12.417,13.15602803,1.85766959190369,25.0773314305706,6.1385108328505,1.0,19.1057894680034,57.248,7.1258231005253,0.083975893201546,14.1477,0.0,0.0,0.809,-0.916,0.0890040578997543,0.696,10.9806235436646,0.427,46.9260980681393,0.752297878265381,0.118500955402851,0.208214655518532,16.1640796388529,46.7774166522822,4594591.0,55934529.0,0.002543,0.0,45011100.0,0.0,0.0,0.0,1.0,1.83,29653430.0,1.5179053485549563,0.0,1.0
UGA,Uganda,2008,15.900000000000006,22.7897963426004,21.3845985625607,0.0443946197628975,0.661,9.208,11.792555907168406,-0.564,1932.9370000000015,10.951,12.467089393,1.89503967761993,25.768110035453,12.0508555482886,1.0,20.450066096838,58.253,7.306965260189519,0.0881902752504696,28.0124,0.0,0.0,0.809,-0.8759999999999999,-1.1038360329225,0.696,13.2429702962502,0.427,46.8958814777585,0.754688501358032,0.104248538613319,0.208287373185158,16.4379945980784,56.2582682050634,5041183.999999996,54519396.899999976,0.002055,0.0,43771500.0,0.0,0.0,0.0,1.0,1.83,30539553.0,1.433272451630186,0.0,1.0
UGA,Uganda,2009,10.0,17.9890267549601,34.872859937465996,0.0445186384022236,0.661,8.705,11.80054595820701,-0.546,2020.208999999999,10.147000000000002,12.963495831,1.93316149711609,27.2861852856713,13.0172561889185,1.0,20.9551657814281,59.157,20.0778457884048,0.0001338800231026,29.835899999999995,0.0,0.0,0.809,-0.992,-0.837965686490109,0.649,-34.7434429588376,0.409,44.6270560606876,0.757504761219025,0.0993098840117454,0.216943457722664,9.46245873827469,47.0638780748379,5539288.0,280710979.0,0.001645,,35049000.0,,,,,1.83,31451151.0,1.1143948277123468,,1.0
UGA,Uganda,2010,12.099999999999994,19.0065492633908,32.8680090776536,0.0448838695883751,0.653,8.263,12.378183404155052,-0.539,2102.267,10.779,12.462640926,1.97205018997192,27.5918336188994,3.976552884781679,1.0,20.1746301259357,59.959,19.6563071685531,0.0028450113949922,39.6047,0.0,0.0,0.793,-1.001,-3.94301154583273,0.649,13.7612146491897,0.416,44.7858823687755,0.733351171016693,0.0771627277135849,0.220591574907303,8.10229439370414,38.2692490371291,6089168.0,275450166.1999999,0.001235,,26326500.0,,,,,1.83,32390802.0,0.8127770346655819,,1.0
UGA,Uganda,2011,14.599999999999994,16.8486692536163,28.969247477790205,0.0451622568070889,0.655,7.824,11.6564025152961,-0.672,2190.7429999999986,11.132,13.295595888,2.01898336410522,27.5582956754514,16.5643496174515,1.0,21.8333142597665,60.791,19.0863072206078,0.0008868123817571,50.0591,0.0,0.0,0.802,-0.976,-1.3246059578793798,0.649,11.3734989307615,0.417,45.776796908869,0.723553240299225,0.0714207291603088,0.221836641430855,9.15620849237058,39.7552255606122,6689621.0,273063521.4,0.0008249999999999,,17604000.0,,,,,1.83,33354543.0,0.5277841762065215,,1.0
UGA,Uganda,2012,20.5,18.9423238139204,27.177257747558,0.0454613827168942,0.656,7.419,12.1676494161807,-0.443,2172.2239999999983,10.732,13.19283108,2.06703329086304,27.1786073378959,12.6790377224659,1.0,26.1501302489385,61.579,18.6700067419467,0.0012660741291061,47.6343,0.0,0.0,0.797,-0.869,-1.37087282338305,0.669,21.4880791448606,0.41,44.4441204774638,0.755212187767029,0.112061716616154,0.217941418290138,10.6585708011681,43.5021371397314,7338724.0,271512667.3,,,,,,,,1.83,34337438.0,,,1.0
UGA,Uganda,2013,13.900000000000006,22.9812299289701,26.0303237402959,0.0454645156860352,0.631,7.038,12.2262302358289,-0.534,2192.976999999999,10.111999999999998,12.809990013,2.11622667312622,25.4646646803777,4.905208756945569,1.0,23.2835727165863,62.353,16.5485616173407,0.1356817176957879,51.1323,0.0,0.0,0.789,-0.839,-2.12549727753331,0.669,19.014630018503706,0.405,44.5372887962385,0.724743962287903,0.0446032881736755,0.215539142489433,10.6586103842094,43.1091548734687,8034501.0,270208654.5,5e-06,0.0,159000.0,0.0,0.0,0.0,1.0,1.83,35337042.0,0.0044995277193829635,0.0,1.0
UGA,Uganda,2014,20.4,25.7291163417949,24.8199759353437,0.0446207635104656,0.631,6.699,12.903559613723502,-0.507,2253.8770000000004,10.825,12.38141038028364,2.16659092903137,25.222682012996,3.0757066895864096,1.0,21.5842268570126,63.057,15.6338628298848,0.1026934433463999,55.9572,0.0,0.0,0.793,-0.9409999999999998,-1.5303686919982002,0.669,15.6773841196638,0.404,44.0459519330973,0.767831921577454,0.06372831761837,0.194167017936707,10.3312319703494,36.0144010819085,8805482.0,252468763.7,2.4e-05,0.0,674400.0,0.0,0.0,0.0,1.0,1.83,36395539.0,0.018529743439161597,0.0,1.0
UGA,Uganda,2015,18.5,16.90706395583,23.4723696930371,0.0436985939741135,0.651,6.372,13.7686115419746,-0.655,2364.6849999999995,12.297,12.50334824327198,2.21815395355225,27.1098848763257,5.58968606251725,1.0,22.60135726942,63.831,17.6085476770624,0.0748704248997198,53.8756,0.0,0.0,0.808,-0.8049999999999999,-1.18143212773116,0.669,16.5546646041457,0.385,44.2988124381619,0.752660751342773,0.0851005911827087,0.162538260221481,10.7947576138514,37.6892983324358,9374524.0,240091679.9,1.3e-05,0.0,334099.99999999994,0.0,0.0,0.0,1.0,1.83,37531446.0,0.008901868582414861,0.0,1.0
UGA,Uganda,2016,26.700000000000003,24.6264403009806,22.6603227869887,0.0427921675145626,0.653,6.073,13.640088782026204,-0.504,2299.4130000000005,12.526999999999996,12.288511789167185,2.27094388008118,26.1664603884593,5.70637504616212,1.0,23.8861326246628,64.494,16.2297475967432,0.1074217908452539,58.8634,0.0,0.0,0.807,-0.718,-0.581635009405018,0.629,18.2333937267573,0.375,44.4324164008995,0.772147178649902,0.0831496417522429,0.160616382956505,12.7336513052995,31.209362023211895,9969581.0,232650054.3,1.1e-05,0.0,300300.0,0.0,0.0,0.0,1.0,1.83,38799152.0,0.007739859881473698,0.0,1.0
UGA,Uganda,2017,32.4,24.1667868917915,23.4588353827426,0.0418503805994988,0.568,5.82,13.4819167027351,-0.783,2383.1050000000014,12.460000000000004,12.307100155230753,2.32499027252197,26.0309948147929,5.209717059142091,1.0,21.2786714889596,65.174,15.5229960881974,0.0489111667655104,62.0968,0.0,0.0,0.818,-0.57,-1.76963708885804,0.555,15.8908471114542,0.368,43.4784994061797,0.780581772327423,0.0994849726557732,0.150413811206818,12.1305147407764,36.83705293341011,10612426.0,246460670.4,4e-06,0.0,108000.0,0.0,0.0,0.0,1.0,1.83,40177388.0,0.0026880791752813796,0.0,1.0
UGA,Uganda,2018,41.9,18.3717427792355,23.2502935412734,0.0410100519657135,0.616,5.613,13.6392294214659,-0.754,2441.33,13.160999999999998,12.709069115523434,2.38032293319702,26.2360116484378,2.61601190952274,1.0,19.8465587059191,65.775,15.7793556188555,0.0,58.8754,0.0,0.0,0.805,-0.702,-1.22799853060965,0.566,14.7478688039364,0.368,43.3388930035876,0.75471830368042,0.105522342026234,0.162865221500397,8.38888217833344,36.6384055999567,11275998.0,240690388.9,1.2e-05,0.0,318000.0,0.0,0.0,0.0,1.0,1.83,41565831.0,0.007650514673939756,0.0,1.0
UGA,Uganda,2019,41.3,17.3086727177512,22.9455088065564,0.040278747677803,0.616,5.42,13.8050637116228,-0.754,2561.4879999999994,13.454,12.734716343593192,2.43697237968445,26.6204366953482,2.8675880344689997,1.0,19.8465587059191,66.354,15.4663074825279,0.0,59.0598,0.0,0.0,0.824,-0.694,-2.7101432103875496,0.569,14.7478688039364,0.355,42.9981110493193,0.738537669181824,0.112010210752487,0.173737481236458,7.38833937837014,39.3610539647435,11969800.0,239311795.4,0.00017,0.0,4862000.0,0.0,0.0,0.0,1.0,1.83,42999637.0,0.11307072196911802,0.0,1.0
UZB,Uzbekistan,1995,99.6,27.166275067078605,28.049921512560104,0.0310672949999571,0.558,7.47,13.637501922371335,-0.307,2678.0550000000003,27.614,5.8142718900000006,1.8119236873687263,24.1434498738884,100.76364872578164,1.0,17.207824784057284,64.67,11.309206452508889,0.300715396012429,0.0162032770000095,7.82798715575388,2.95980522131581,0.812,-0.544,-2.4932486849855,0.2899999999999999,10.257470906687248,0.0549999999999999,34.6629135369945,0.477510303258896,0.477652192115784,0.0804940536618233,11.1179090432586,57.1985913618542,9964166.0,157493616.70000005,254.7960247,0.0,3372054752.158374,0.0,1.0,0.0,0.0,13.71,22917589.0,147.13828545220764,0.0,2.0
UZB,Uzbekistan,1996,99.6,27.120611863090648,22.3647561421471,0.0328389294445515,0.709,7.377,13.619614882229172,-0.231,2671.6889999999985,33.491,6.183633707492694,1.851862191230764,26.0832065159454,98.61018927146483,1.0,17.174183435801456,64.78,11.316406583706495,0.193662009159915,0.0405268470000024,7.228647960102831,3.209285723044,0.812,-0.544,-2.4932486849855,0.2899999999999999,10.145395151311142,0.0539999999999999,37.124261006998,0.484910279512405,0.4655935168266301,0.0780845433473587,10.6468479718971,57.1985913618542,10338169.0,237550996.7,262.8204639,0.0,3948011009.686024,0.0,1.0,0.0,0.0,13.71,23351981.0,169.0653572254116,0.0,2.0
UZB,Uzbekistan,1997,99.3797454833984,27.420741357637105,28.198611836245803,0.0344180501997471,0.709,7.227,13.47333152836002,-0.301,2723.874,29.785,6.875671222999999,1.8116753313845144,22.8733761248119,96.36753880092864,1.0,17.133432084508048,65.028,11.754364796900028,0.220611710553217,0.0721689969999985,7.564610136951629,2.3219845290823,0.814,-0.6135,-2.4932486849855,0.2899999999999999,9.95074468253018,0.0529999999999999,36.5480073298322,0.491533309221268,0.468195706605911,0.0963291451334953,10.1136804153901,57.1985913618542,10716520.0,222896093.2,263.1234306333333,0.0,3668792457.428726,0.0,1.0,0.0,0.0,13.71,23758960.0,154.4172159652075,0.0,2.0
UZB,Uzbekistan,1998,99.449348449707,14.864347929904325,26.8,0.0350657179951668,0.709,7.128,12.926675079148843,-0.43,2798.3230000000003,32.091,6.874989621458397,2.914537979717517,22.4,15.007120383229026,1.0,32.438304707768964,65.169,13.47639246010888,0.0636264754514798,0.1105917829999967,1.08190143918471,0.7422760718907799,0.836,-0.683,-2.4932486849855,0.2979999999999999,9.51459031887875,0.047,36.4,0.504647016525269,0.469962954521179,0.103729836642742,1.90257531931013,45.41795477623259,11092985.0,232606561.5,270.2741392666667,0.0,2712022789.2518272,0.0,1.0,0.0,0.0,13.71,24134929.0,112.36920519848337,0.0,2.0
UZB,Uzbekistan,1999,99.5141143798828,14.94440385971761,29.022953407307902,0.035367451608181,0.71,7.057,16.780790646143657,-0.401,2876.8590000000004,30.735,6.65436496661648,2.6298325634841375,21.0461041218419,11.027466811258265,1.0,32.18487907434297,65.307,13.489610975960886,0.0770514785664044,0.1641648549999956,0.940519568054424,1.7305426801378498,0.836,-0.9925,-2.42930070244435,0.2979999999999999,9.357419140058134,0.043,36.5046555109787,0.507367253303528,0.4609384536743161,0.1006509065628049,2.75191080361565,36.6188588125863,11460749.0,562212990.9,260.31524563333335,0.0,3337393850.815085,0.0,1.0,0.0,0.0,13.71,24476008.0,136.35368360784508,0.0,2.0
UZB,Uzbekistan,2000,99.6,27.55086548762879,30.05590367367,0.0357793904840946,0.706,7.006,10.352825288750587,-0.447,2997.8009999999995,29.195,6.487134398,1.7817648859113604,20.2297579555228,99.76543605258028,1.0,17.19170008582964,65.456,11.315738908678874,0.164238515501257,0.2143379999999979,7.454837150710371,5.40046980305752,0.836,-1.302,-3.21248598357637,0.366,10.200341850840603,0.043,37.1943727730679,0.522499024868012,0.465950340032578,0.1069485247135159,13.0415850904654,44.0540299791129,11816757.0,469404571.2,232.95158743333337,0.0,4005231157.563909,0.0,1.0,0.0,0.0,13.71,24787054.0,161.58560664627225,0.0,2.0
UZB,Uzbekistan,2001,99.6,38.83999655672331,29.973808702008,0.0368608608841896,0.706,6.889,10.061174636413902,-0.47,3082.7440000000024,27.339,6.348978198000001,2.658477436574055,19.9520841370069,159.271914675199,1.0,19.709783147538165,65.853,11.674127086049076,0.108041838954363,0.5102049999999991,19.2375600474741,4.19019187872677,0.836,-1.1795000000000002,-2.88478655085085,0.366,-59.22059574857435,0.043,38.2149310701886,0.521786510944367,0.454617857933044,0.104891024529934,23.6268314045495,56.776277587152,12166326.0,408605626.7,226.72374703333335,0.0,3338077156.998754,0.0,1.0,0.0,0.0,13.71,25090283.0,133.04262678100338,0.0,2.0
UZB,Uzbekistan,2002,99.7,38.103166633823506,30.1226812703015,0.0381195433437824,0.706,6.758,12.902959690910578,-0.467,3167.4140000000007,28.313,6.312419783302447,2.6385550205378077,19.3887412418459,87.95650497863645,1.0,18.519224421894258,66.376,10.824023852068317,0.2465377495252579,0.7358269999999933,15.5837533463076,4.39304141489731,0.836,-1.057,-6.01773929221758,0.366,-12.499859816027266,0.043,37.898311454726,0.506084799766541,0.43143767118454,0.103927545249462,20.2621767791619,58.954524710746,12511385.0,419424128.5,236.90485336666669,0.0,3440112014.768468,0.0,1.0,0.0,0.0,13.71,25399980.0,135.43758754016608,0.0,2.0
UZB,Uzbekistan,2003,99.5,38.28964276621703,28.4620073141,0.0388298630714417,0.706,6.653,12.91389839163142,-0.38,3259.9359999999997,26.666,6.328984804000001,2.645953506665598,20.445956928078,104.32682490854783,1.0,19.68729562548448,66.852,10.82039168182916,0.315271453353902,1.2477599999999995,16.3929079886423,5.07436940546078,0.855,-1.299,-4.62125643087134,0.366,-44.03527244450353,0.047,37.4278748476229,0.476584136486053,0.407102584838867,0.1018171533942219,21.8113636692648,70.4592746850874,12844493.0,433730837.8,233.66131776666668,0.0,3819829277.8345294,0.0,1.0,0.0,0.0,13.71,25711259.0,148.56640345128682,0.0,2.0
UZB,Uzbekistan,2004,99.5,35.28804590614725,26.444009460892296,0.0396440960466862,0.706,6.621,12.808481402006173,-0.522,3463.1060000000016,25.665,6.178356034,1.8528230323926629,22.3056846912976,87.73648495400514,1.0,16.274733839715154,67.203,10.833226053662768,1.02015315898038,2.0903300000000087,12.4022223973696,5.07540795828882,0.857,-1.456,-3.53353205544579,0.366,5.996145581902286,0.045,37.1821221760052,0.480795353651047,0.405463427305222,0.100291982293129,18.7848672272018,76.5956691950086,13162951.0,427479948.5,222.3784702,0.0,4646638667.072706,0.0,1.0,0.0,0.0,13.71,26029350.0,178.51535543809993,0.0,2.0
UZB,Uzbekistan,2005,99.4,34.6950192220466,26.3310599495083,0.0407262593507767,0.713,6.614,10.37504489669434,-0.379,3660.823000000002,24.548,6.180456731,1.851511680275851,26.0120326061017,83.65597473673071,1.0,15.077248704960834,67.481,11.072569275164003,0.909829761446114,2.731720000000003,8.92774487104872,5.37160292421135,0.867,-1.958,-3.3307301484702605,0.366,7.057689382446745,0.047,37.0429682103068,0.47502526640892,0.407244682312012,0.099853441119194,15.384751249307,69.5252584247083,13462648.0,375597834.7,198.2396744,0.0,5120025216.275559,0.0,1.0,0.0,0.0,13.71,26356975.0,194.2569364001582,0.0,2.0
UZB,Uzbekistan,2006,99.5,37.6237123848804,25.0794086599227,0.0418177768588066,0.713,6.564,13.061821541793693,-0.474,3891.802,27.437,6.275864583000001,2.641484550249699,26.8384702412792,55.219008894411346,1.0,19.659935949129707,67.905,11.670933300537236,4.21465331082121,9.477359999999996,16.8322525714706,4.34214617853328,0.865,-1.785,2.8698796531591,0.371,-46.65622468599744,0.047,37.9585228805817,0.499889999628067,0.40174999833107,0.0987377762794495,25.5491555225991,67.4712921717973,13740364.0,395341245.9,198.31045786666667,0.0,6123624489.773615,0.0,1.0,0.0,0.0,13.71,26699043.0,229.35745261632093,0.0,2.0
UZB,Uzbekistan,2007,99.5,38.2253199192653,23.235899255054996,0.0427866950631142,0.713,6.467,13.049069970120378,-0.612,4205.409,28.388,7.045290283,2.2645531277177664,26.8627172756297,13.23957788668067,1.0,14.62292837394128,68.483,11.626136451786612,4.37341581018419,21.0203,13.8895336856133,4.11571314211123,0.865,-1.362,3.67517361998278,0.371,1.719354336599344,0.0479999999999999,39.7591344448386,0.490810930728912,0.375600576400757,0.107915043830872,22.592298325054,74.4141929762327,14000652.0,415273865.9,193.04747966666667,0.0,6433127903.421098,0.0,1.0,0.0,0.0,13.71,27076008.0,237.5951397052733,0.0,2.0
UZB,Uzbekistan,2008,99.5,45.873563344738,19.6896057973097,0.0443822331726551,0.695,6.364,9.209108492122482,-0.487,4514.744999999999,32.456,8.292759402,2.5923683485365414,29.0650709010567,158.46778098985348,1.0,19.73842722716074,69.035,11.721496624080984,5.29974600640318,45.0095,19.8143323526962,4.39931830334527,0.865,-1.207,6.0574662457520505,0.371,-59.664451126676944,0.0479999999999999,41.3540741805193,0.493875741958618,0.358602613210678,0.136556014418602,30.0514470934068,79.7479920348578,14240741.0,404767522.5,189.0002557,0.0,7967014650.264776,0.0,1.0,0.0,0.0,13.71,27494774.0,289.7646894738897,0.0,2.0
UZB,Uzbekistan,2009,99.5,34.8833313564154,18.6326849699042,0.0460994876921177,0.671,6.256,15.34911125929264,-0.701,4798.689,29.295,9.573881095,2.1230785743995866,30.3526438159739,13.299552157942092,1.0,18.072512164225667,69.517,11.625940294039772,5.1332000617616,58.7627,11.9048370778636,1.4508356944779397,0.851,-0.9509999999999998,1.8800782958885396,0.371,-1.0434844646960748,0.0499999999999999,41.365775808294,0.476181864738464,0.33261576294899,0.151964873075485,18.630930613669,68.673142199791,14419628.0,411973223.7,178.73996187666668,0.0,5451602422.549061,0.0,1.0,0.0,0.0,13.71,27939328.0,195.1228899474268,0.0,2.0
UZB,Uzbekistan,2010,99.6,31.1787919809898,26.9220273127255,0.0471494942903519,0.665,6.198,12.003725165851732,-0.666,5053.213,28.967,9.635645188,2.180319479687031,21.2295148101409,12.394583905206744,1.0,16.262788721272717,69.836,10.1811359695823,5.93844484670294,73.8123,7.30039301916179,1.3655685237815105,0.849,-0.72,2.59677685377777,0.371,-0.8090043880854241,0.0509999999999999,39.8595567411616,0.48586294054985,0.347411066293716,0.164535403251648,14.7836491186156,49.2689977994484,14570895.0,404704452.9,170.73186699,0.0,7092567003.433678,0.0,1.0,0.0,0.0,13.71,28385506.0,249.8657943048004,0.0,2.0
UZB,Uzbekistan,2011,99.7,33.0283822571247,29.698578103928,0.0479560047388077,0.665,6.148,14.920989075078118,-0.855,5224.145000000002,28.762,9.172138492,2.543829686651006,19.7779804592697,13.7797446476602,1.0,17.861797725285545,70.143,10.2450890019411,7.69198003727705,88.2685,9.11244807652977,2.07023379383746,0.849,-0.6,5.12785760404719,0.371,-1.1919534814388948,0.0499999999999999,39.260037092941,0.491794407367706,0.333265334367752,0.157231733202934,19.0673372740717,49.6542884929351,14797699.0,403453572.6,164.37138861666665,0.0,8897686987.407349,0.0,1.0,0.0,0.0,13.71,28823196.0,308.6988336549267,0.0,2.0
UZB,Uzbekistan,2012,99.7,32.2990085992286,28.9635566978791,0.0489338561892509,0.665,6.125,12.4761060572053,-0.691,5513.404999999999,29.814,9.447564367,2.368452305520982,20.427938155189,13.2088026688373,1.0,16.493213048566552,70.411,10.5353690643513,6.5876963283587,69.2849,8.62348030793224,2.00160011940789,0.849,-0.519,5.796949674308031,0.371,-0.969509517780379,0.049,39.3875670838463,0.499997913837433,0.325326293706894,0.195217072963715,17.2844522443221,44.2393191333204,15021881.0,403887147.0,180.50225694,0.0,8381018966.712235,0.0,1.0,0.0,0.0,13.71,29261903.0,286.4140095984952,0.0,2.0
UZB,Uzbekistan,2013,99.8,29.0036488452485,27.810601816602905,0.0496441274881363,0.736,6.109,9.32772666327798,-0.73,5829.285,27.378,9.773835924,2.0086175390775947,21.2945196362137,11.8414333622049,1.0,16.2015669481166,70.692,11.6145232608903,4.51469943597757,72.332,8.31707283634849,1.81098984495042,0.849,-0.536,2.03740865184813,0.366,3.76261702380834,0.0509999999999999,40.5052999365533,0.512316584587097,0.33109188079834,0.177573457360268,14.6803511298882,42.3779149727359,15197230.0,404696350.7,184.35114685,0.0,7422923999.759146,0.0,1.0,0.0,0.0,13.71,29724065.0,249.7277542543103,0.0,2.0
UZB,Uzbekistan,2014,99.8,29.888759393549,28.6963289476955,0.0499008484184742,0.735,6.082,10.029731608458896,-0.532,6127.969000000001,26.763,10.011383937,2.038371268415131,22.0708925481202,9.28309356162695,1.0,15.9901521817941,70.973,12.6883574975987,3.50704473062017,71.5985,5.41544208670451,1.40801898329424,0.849,-0.273,1.7811162161863203,0.366,1.7235132375142497,0.0519999999999999,39.3947149528111,0.519978165626526,0.335563659667969,0.180518731474876,10.3618681106859,36.3570546649043,15379536.0,380731472.7,175.56859515666667,0.0,6644545423.668858,0.0,1.0,0.0,0.0,13.71,30222994.0,219.85066812602543,0.0,2.0
UZB,Uzbekistan,2015,99.9,25.3737197572738,29.2207185669537,0.0499200113117695,0.733,6.005,10.3096258694192,-0.745,6458.147000000001,24.29,10.196653758,2.9755430128978206,22.520460823215,8.75188196737508,1.0,13.773762892753,71.33,12.8094689336525,3.13494692424688,70.8415,3.57728670528244,0.5266756746382262,0.852,-0.375,-0.403086688693861,0.366,2.96202955466901,0.0519999999999999,39.1570431690355,0.534598469734192,0.330511093139648,0.167538732290268,7.25480371959986,30.756191430708895,15577537.0,364156138.6,198.75699607333337,0.0,4491368983.737714,0.0,0.0,0.0,1.0,13.71,30749346.0,146.06388648843827,0.0,2.0
UZB,Uzbekistan,2016,99.9,24.1399990096456,29.276654305555603,0.0496691465377808,0.733,5.963,11.7537734525025,-0.769,6721.482,24.008,10.007311885,2.9886642624806745,22.9212712989472,8.130886695236,1.0,13.5239667915277,71.58,13.6540206285506,4.22622567643029,74.367,2.11753304648124,0.356801760612992,0.853,-0.281,0.556415584338529,0.406,4.21700427700178,0.0529999999999999,39.0199518935618,0.559395372867584,0.327353447675705,0.167142599821091,6.72025279446491,29.1922970388042,15847892.0,353276943.1,238.79142923666663,0.0,4456912314.872172,0.0,0.0,0.0,1.0,13.71,31284568.0,142.463604256008,0.0,2.0
UZB,Uzbekistan,2017,100.0,31.5385924944595,25.456245714983396,0.049896951764822,0.728,5.962,14.0633269127664,-0.542,6897.807000000001,23.501,11.435686004,2.645306511222948,24.7253778434458,13.8757425441635,1.0,15.3767768819838,71.737,14.0025699748323,7.22319684202001,76.2605,4.10458310863666,0.6619501419937528,0.798,-0.245,0.826770172068977,0.444,-13.691412107451098,0.0989999999999999,40.0577872690276,0.541273891925812,0.314494222402573,0.184266909956932,12.0271937236882,42.5595081895217,16125558.0,374248235.1,268.7878011,0.0,5083733631.0304365,0.0,0.0,0.0,0.0,13.71,31819178.0,159.76948339238797,0.0,2.0
UZB,Uzbekistan,2018,100.0,34.6156823591919,23.9262624393086,0.0513945892453194,0.743,5.933,20.4256335757578,-0.672,7183.464,26.463,14.087676128,2.7292880172777743,28.6428986359695,17.5241796514055,1.0,19.9656221631193,71.999,16.1531607468822,9.03878504058788,71.7444,8.436774646496799,1.12073426200572,0.799,-0.304,1.2705582911118205,0.552,-4.699302529408451,0.1139999999999999,37.8086435877441,0.51467776298523,0.301264047622681,0.223379030823708,18.6507971459477,64.1381394985773,16374996.0,365486116.4,262.38502614000004,0.0,5682763984.7731,0.0,0.0,0.0,0.0,13.71,32373490.0,175.53757672629982,0.0,2.0
UZB,Uzbekistan,2019,100.0,34.4195348066502,21.8419117411197,0.0537794791162014,0.722,5.97,25.8580592156528,-0.69,7476.063,26.777,17.8738432935541,2.4388723724632215,31.9991183695607,14.5257359560687,1.0,23.6060674782463,72.093,17.547885761433,4.92871809001081,101.26,5.07447370101394,0.8192119309066639,0.784,-0.297,-0.4194761700696959,0.698,5.12864556545847,0.171,38.5474434831914,0.528057456016541,0.298243969678879,0.272101640701294,10.8569985159248,64.9639227632407,16677505.0,363392734.9,260.5194436566667,0.0,5391278341.906062,0.0,0.0,0.0,1.0,13.71,32964701.0,163.5470117537563,0.0,2.0
VEN,"Venezuela, RB",1995,99.0,24.1155694838825,5.04047221308453,0.0354265049099922,0.614,4.813,8.655919769019981,0.283,17293.123,27.005,35.13960248063808,1.98925864696503,37.6511553750393,15.180609486344892,0.0,39.7441666666667,71.714,13.7853462369369,0.158588175719508,1.8265471389999988,0.301335331109423,14.5559545074645,0.69,-0.584,0.34265943055371,0.909,-7.917642832492328,0.55,48.5300408032159,0.416904389858246,0.289916962385178,0.199763789772987,15.1363210095652,47.3423429413769,19165001.0,0.0,8613.624259,0.0,39521684546.28913,0.0,1.0,0.0,0.0,8.8,22193821.0,1780.7517032010455,0.0,3.0
VEN,"Venezuela, RB",1996,98.484130859375,32.491853393002,4.08961921662174,0.0357767418026924,0.614,4.804,8.126613469100043,0.234,16895.469,35.67,33.11646766,2.02065086364746,44.7587058654958,18.36279104937702,0.0,39.4133333333333,71.92,12.4268853777278,0.280750213703048,2.5770740970000077,0.385285716754203,23.0648781099677,0.69,-0.584,12.8310841723323,0.909,-35.3145165456277,0.55,42.2193534124052,0.4027437269687649,0.263387203216553,0.175938352942467,23.8367720643582,55.9724277883021,19675906.0,0.0,8610.143719,0.0,48823888873.62461,0.0,1.0,0.0,0.0,8.8,22662113.0,2154.4279155974823,0.0,3.0
VEN,"Venezuela, RB",1997,98.7,32.9069782169616,4.495492005357439,0.0363902747631073,0.614,4.652,12.6068964516111,0.131,17608.971,33.566,38.517976828,2.05253863334656,46.3535894096273,28.99078103500922,0.0,23.685,72.56,21.1279143047693,0.175195451404365,4.652836296000004,0.321044159074458,17.5046486685088,0.695,-0.5609999999999999,5.58485289208907,0.909,-7.661492273338199,0.547,40.3443460888287,0.425930470228195,0.244148775935173,0.231295704841614,18.0963540802062,51.2450364065399,20184383.0,0.0,8935.229322000001,0.0,46912010501.98604,0.0,1.0,0.0,0.0,8.8,23131685.0,2028.0412128206847,0.0,3.0
VEN,"Venezuela, RB",1998,98.4,26.6780377669524,4.95043215492494,0.0373487137258053,0.596,4.758000000000001,12.040514439849195,0.286,17314.461,24.301,40.500831359,2.08492922782898,40.5740835171807,11.230113845705532,0.0,46.35249999999999,72.446,19.0279312962976,0.1758171665222839,8.550767856,0.239125734808664,8.57137562243914,0.695,-0.538,-0.607904118045047,0.819,23.0987863341021,0.505,45.8091838462613,0.479166239500046,0.229976043105125,0.259246557950974,9.06347009522954,43.5993929334366,20685609.0,0.0,8865.92174,0.0,32012739741.896175,0.0,1.0,0.0,0.0,8.8,23601337.0,1356.3951797263085,0.0,3.0
VEN,"Venezuela, RB",1999,98.9,29.1420101201233,4.35106142766149,0.0378449931740761,0.605,4.959,11.214285787897104,0.104,15961.479,26.847,36.36420874184037,2.11783146858215,41.940661829383,12.80514941313565,0.0,32.1258333333333,72.088,17.6954904068778,0.0677636577575582,15.79146876,0.283966808667976,12.8387638257711,0.732,-0.6485000000000001,4.58366315073244,0.8,4.70163709843741,0.429,45.7783100737051,0.473333090543747,0.188903376460075,0.226072072982788,13.269532614572,42.0702304843238,21171594.0,0.0,7838.426946,0.0,39367516105.14765,0.0,1.0,0.0,0.0,8.8,24066593.0,1635.7743742601062,0.0,3.0
VEN,"Venezuela, RB",2000,98.9,34.8819091156356,3.932985730636799,0.0380391180515289,0.705,4.934,10.4838423233885,0.214,16006.173,32.743,35.986392357251404,2.15125250816345,46.4048482561673,13.350313090187802,0.0,25.1991666666667,72.388,18.5290299154014,0.0791049284520337,22.2091,0.450042899866886,20.0011569684281,0.8980000000000001,-0.7589999999999999,7.52997395769579,0.734,-3.2858753296361005,0.2079999999999999,43.0818490661031,0.42252904176712,0.149609014391899,0.203952819108963,20.5761295010598,47.8572215529808,21637333.0,0.0,8051.703095000001,0.0,60279626106.991234,0.0,1.0,0.0,0.0,8.8,24526708.0,2457.713693455772,0.0,3.0
VEN,"Venezuela, RB",2001,99.9,29.5705509619967,4.231512485452341,0.0385723859071732,0.696,5.525,12.3700667445056,0.323,16276.733,27.305,39.520603256980735,2.18933629989624,42.9102931639246,14.992694587775626,0.0,22.4516666666667,71.019,16.9893279482888,0.0847673044326253,25.911100000000005,0.39389596845671,14.809781275052,0.8980000000000001,-1.0385,-1.19541438262248,0.734,13.3844231339627,0.202,45.9768148610753,0.488680392503738,0.155370011925697,0.246252998709679,15.3442903568827,42.141268017362,22075450.0,0.0,8346.023118000001,0.0,51453832822.364525,0.0,1.0,0.0,0.0,8.8,24979922.0,2059.807585562698,0.0,3.0
VEN,"Venezuela, RB",2002,99.8,31.2464310988019,3.8470461924177695,0.0388368889689446,0.755,4.929,10.127166373815696,0.239,14594.517,29.508,35.39814847056848,2.22809457778931,46.6549699116747,4.155716769900792,0.0,36.5775,72.823,16.4385948738247,0.147595355600824,25.7194,0.485477997520281,18.7480489712018,0.905,-1.318,3.73467220237519,0.734,2.6721899466838597,0.191,43.2520717744444,0.488947480916977,0.145765334367752,0.170824125409126,19.4545884689745,48.5757106494068,22499220.0,0.0,8778.002817,0.0,48608342449.79165,0.0,1.0,0.0,0.0,8.8,25435671.0,1911.030475657263,0.0,3.0
VEN,"Venezuela, RB",2003,95.7,30.5542972100323,4.31314643960616,0.0382402390241623,0.786,5.293,8.906126214638732,0.323,13247.265,32.347,24.16858460324313,2.26753854751587,48.8417070697997,23.254057538341595,0.0,25.1933333333333,72.056,17.1181225878838,0.262179151792683,27.093000000000004,0.382225897512285,21.177958122190695,0.905,-1.286,5.38286217238663,0.734,-7.218669896258792,0.184,41.5241598961074,0.506314933300018,0.15263643860817,0.1132783219218249,21.8955843439596,50.577007378194,22920810.0,0.0,8922.405677,0.0,52757880282.89218,0.0,1.0,0.0,0.0,8.8,25892703.0,2037.557851062988,0.0,3.0
VEN,"Venezuela, RB",2004,99.1,36.8028512981419,3.7188171835877393,0.0379650630056858,0.788,5.113,11.081772129298002,0.143,15422.433,34.385,30.59257134331867,2.3076810836792,51.1134764353283,13.6139439332475,0.0,18.4966666666667,72.752,16.4577514444708,0.2503507535454941,31.969299999999997,0.282061313688956,23.0890395880635,0.916,-1.392,6.226778772223871,0.734,-11.5391025879983,0.145,37.2753593066702,0.478760331869125,0.128951609134674,0.168839514255524,23.8297115705399,55.3674556023219,23333651.0,0.0,9759.821812,0.0,78495696355.0471,0.0,1.0,0.0,0.0,8.8,26340838.0,2979.999966403768,0.0,3.0
VEN,"Venezuela, RB",2005,98.8,41.2632715909051,3.695183232459451,0.0390339270234108,0.744,5.078,13.214871769626,0.411,16748.656,37.625,38.377455605796314,2.34853434562683,53.0883974696502,19.05477934317921,0.0,16.8091666666667,73.075,15.078064466557,0.689719723755767,46.6505,0.360365920832308,28.053874586106495,0.934,-1.244,7.069582740914451,0.681,-9.872293158619298,0.077,35.0708629047267,0.474169105291367,0.11224988847971,0.175490066409111,29.223004101403298,60.1273297561422,23742581.0,0.0,9833.313155000002,0.0,107275303312.85548,0.0,1.0,0.0,0.0,8.8,26785804.0,4004.931243163561,0.0,3.0
VEN,"Venezuela, RB",2006,99.3,40.9280741349562,3.6568046342889,0.0410016849637032,0.751,5.202,17.037132868210197,-0.301,18118.971,37.662,45.14884443553933,2.39718818664551,51.9276623968995,21.36405511257703,0.0,15.4766666666667,72.972,13.9085695332202,0.729497875448801,69.0163,0.415380969310995,26.818656762588397,0.934,-1.253,0.482796850884409,0.64,-2.05899917326324,0.075,36.3493328091066,0.485587805509567,0.113080635666847,0.210935428738594,28.0774680117788,58.6655915584603,24144779.0,0.0,9891.960601,0.0,125669126328.24556,0.0,1.0,0.0,0.0,8.8,27224686.0,4615.999109346773,0.0,3.0
VEN,"Venezuela, RB",2007,98.9,36.7487265232608,3.8135393886189295,0.0435276702046394,0.766,5.147,23.4811724669825,-0.383,19405.512,33.134,52.14859726737513,2.44685029983521,49.2828626757633,27.592556614669977,0.0,17.105,73.348,13.336724212233,0.962687910432328,86.1507,0.404644901272761,21.6186473049421,0.9469999999999998,-1.23,-1.19050423177233,0.64,1.4348584530545505,0.066,39.3526219570256,0.521902978420258,0.12143512815237,0.247936397790909,23.1186941835454,56.1990954818909,24532791.0,0.0,9452.245766,0.0,131644625409.73134,0.0,1.0,0.0,0.0,8.8,27649363.0,4761.2172985587895,0.0,3.0
VEN,"Venezuela, RB",2008,98.9,36.4817503041676,4.158416115705049,0.045619010925293,0.786,5.521,21.4696738075916,-0.141,20122.821,31.418,50.73714969255383,2.49754095077515,50.6124593374834,27.73115846728151,0.0,22.3708333333333,72.578,12.8395861840125,0.771169403064098,97.7211,0.299641057955094,22.6737847784336,0.943,-1.312,-2.01470039812454,0.64,-5.964399617398723,0.069,38.7983674350826,0.496823936700821,0.116690248250961,0.230338171124458,23.9223070628002,51.8290123789932,24900902.0,0.0,8032.253218,0.0,169253736805.95837,0.0,1.0,0.0,0.0,8.8,28053696.0,6033.206348495341,0.0,3.0
VEN,"Venezuela, RB",2009,99.0,22.5962750767799,5.6621777947414,0.0464094020426273,0.786,5.531,23.6136286787977,-0.076,19189.24,24.584,48.03667998,2.54928183555603,40.8120935299234,27.080941446613,0.0,19.8933333333333,72.785,13.6248683231211,0.2221485314672708,98.8933,0.301357412680844,9.95847654408777,0.9469999999999998,-1.278,-7.22173170974985,0.64,11.1856446074341,0.063,45.9130653049749,0.57271683216095,0.146478980779648,0.220918625593185,10.5416668243022,38.5209296583297,25249386.0,0.0,7220.985457000001,0.0,101339943760.31197,0.0,1.0,0.0,0.0,8.8,28438298.0,3563.502420584803,0.0,3.0
VEN,"Venezuela, RB",2010,99.1,31.8255963207177,5.37526516550554,0.0465933717787266,0.799,5.512,18.8543354200342,-0.178,18626.208,26.359,45.69329887,2.58825922012329,48.4086022795909,28.1874647092039,0.0,18.3475,73.092,11.8995198814744,0.404512915599153,96.762,0.193269710628376,11.6928975467648,0.955,-1.256,-3.1727051252212,0.588,-18.9085587466057,0.0559999999999999,39.031863218742,0.494259476661682,0.136921793222427,0.195043712854385,12.380878328857,46.1368935240203,25586794.0,0.0,6324.109838,0.0,119732382621.27924,0.0,1.0,0.0,0.0,8.8,28813101.0,4155.484084176821,0.0,3.0
VEN,"Venezuela, RB",2011,98.8,31.3338517400854,5.01293006431094,0.0467210933566093,0.812,5.602,20.4742256485103,-0.45,19122.778,31.117,45.778110979999994,2.62051510810852,48.6321324133785,26.0902123160959,0.0,17.15,73.09,11.6452400572826,0.680305862417914,98.6184,0.542388149685457,23.145019525142295,0.958,-1.094,-6.0787332239839,0.588,-8.58311384652377,0.0549999999999999,38.6366452446061,0.48875966668129,0.142125457525253,0.21538969874382,24.4753357613612,49.6381215967995,25918782.0,0.0,5542.406126,0.0,157171555167.13004,0.0,1.0,0.0,0.0,8.8,29185212.0,5385.314835716459,0.0,3.0
VEN,"Venezuela, RB",2012,99.3,26.3247862808226,4.772006152581013,0.0470755733549595,0.814,5.703,23.872975893175695,-0.826,19908.776,28.151,53.44135206,2.65317296981812,47.743411023011326,21.0689956331876,0.0,16.38,73.086,12.623113172135763,0.27995466938778,103.435,0.501629536802643,17.9387823718967,0.958,-1.027,-6.54736044340308,0.588,-3.7349073970286497,0.0559999999999999,40.16890469801005,0.527312755584717,0.139967456459999,0.262668192386627,18.7812359044725,50.6485838828706,26255674.0,0.0,5194.595974,0.0,151186757313.50778,0.0,1.0,0.0,0.0,8.8,29553826.0,5115.640774006986,0.0,3.0
VEN,"Venezuela, RB",2013,99.4,19.6496163195901,4.867021901414523,0.0472851544618607,0.812,5.804,27.472799415793,-0.458,19891.126,26.099,47.96957809,2.68623757362366,47.71110716764486,40.6394275161589,0.0,15.895,73.076,12.526795950918777,0.2355486386539489,103.289,0.542256254471641,16.7771388276982,0.967,-1.078,-7.48677562662492,0.663,-16.6927476369503,0.032,40.10993897397584,0.612865686416626,0.157121554017067,0.22703093290329,17.6253449138361,62.4795214214587,26585567.0,0.0,5199.464152,0.0,143591563114.89896,0.0,1.0,0.0,0.0,8.8,29912198.0,4800.435030381216,0.0,3.0
VEN,"Venezuela, RB",2014,100.0,9.04104650757029,7.1953937300875195,0.046647522598505,0.813,5.996,26.77890174079526,-0.61,18850.658,21.798,41.4714177,2.71971440315247,36.70774309398054,62.1686499794829,0.0,17.2116666666667,72.837,12.98995999342483,0.1052952576104071,100.905,0.377759593557882,11.3021511747501,0.967,-0.8519999999999999,-7.48781082662563,0.663,-42.72461270623009,0.03,50.89003522820782,0.690245807170868,0.18439956009388,0.196328520774841,11.8465082797294,64.2074401112959,26900835.0,0.0,5177.792791,0.0,129312717688.8932,0.0,1.0,0.0,0.0,8.8,30254079.0,4274.224235644166,0.0,3.0
VEN,"Venezuela, RB",2015,100.0,20.6836359464623,7.871689199040833,0.0454883314669132,0.839,6.026,27.91912573728276,-0.906,17439.051,14.885,35.20706833,2.7536084651947,33.099245428658556,121.738085297503,0.0,19.395,73.004,13.490951394828471,0.1209741648965319,95.1578,0.1399382204120312,9.824841775415036,0.938,-0.972,-6.821438379441081,0.663,-49.308267708536405,0.028,54.15792297737373,0.842196464538574,0.127071723341942,0.242009833455086,10.348354737698305,60.288846101805,27196765.0,0.0,3982.024697,0.0,72835958571.10126,0.0,1.0,0.0,0.0,8.8,30573972.0,2382.2864288323826,0.0,3.0
VEN,"Venezuela, RB",2016,99.4,16.626680998261538,18.125609575467273,0.0439950376749039,0.892,6.572,12.017851228346196,-0.872,14423.283,11.223000000000004,23.279450947,2.78792500495911,27.280260875528896,254.94853478181597,0.0,20.775,72.002,13.373852881468537,0.5126938045492773,89.7131,0.1545344593619806,1.6234184538765175,0.846,-1.023,-8.06061184359001,0.663,-70.3603635303755,0.023,47.21671480038325,0.792677760124207,0.111559331417084,0.000699605909176,5.4707230433100165,41.307217198655,27378858.0,0.0,3053.2572272270004,0.0,53889960027.7691,0.0,1.0,0.0,0.0,8.8,30765720.0,1751.623561150823,0.0,3.0
VEN,"Venezuela, RB",2017,99.2,16.67117113013221,18.83251951456945,0.0421658903360367,0.915,6.8,11.938253816085243,-0.965,12271.362,8.492999999999999,15.110015138,2.82266926765442,35.21774221963657,254.94853478181597,0.0,21.0591666666667,71.903,10.815713099258108,0.5211598873503314,80.1355,0.2853591114297015,5.619361493101861,0.849,-1.252,-13.2347048889249,0.641,-89.4708018720893,0.015,40.307949683269456,0.785039246082306,0.0942448601126671,0.0442578494548797,8.898440698317483,42.5829358408751,27211932.0,0.0,2587.986769423,0.0,56635938326.78289,0.0,1.0,0.0,0.0,8.8,30565323.0,1852.947483224139,0.0,3.0
VEN,"Venezuela, RB",2018,99.9,13.79965541592828,9.177832232381313,0.0403930395841599,0.903,6.685,14.405448330763411,-1.105,10384.299,6.884,15.110015321,2.8578462600708,45.88473576222717,254.94853478181597,0.0,21.0591666666667,72.641,4.196645805325474,0.0945949274121008,69.55,0.9598585204623248,16.442160904437642,0.917,-1.351,-30.288840494813694,0.695,-89.4708018720893,0.012,48.42477846729453,0.333441317081451,0.0475463010370731,-0.0581509098410606,17.637521912610993,54.6450667905599,26548419.0,0.0,1814.591113916,0.0,54415634238.12347,0.0,1.0,0.0,0.0,8.8,29807592.0,1825.5629048506657,0.0,3.0
VEN,"Venezuela, RB",2019,99.8,17.77880368209845,16.372438919220038,0.03879589214921,0.905,6.802,12.131323910253188,-1.277,7804.256000000001,10.09,15.110015444,2.89346170425415,37.295789174945334,254.94853478181597,0.0,21.0591666666667,72.766,10.629694760240302,0.5040880460321329,63.8474,0.241786246566955,7.574205336382525,0.957,-1.539,-9.95079763711408,0.695,-89.4708018720893,0.011,40.68964374557904,0.349881052970886,0.056827113032341,0.047000229358673,10.78534155409278,58.1292903256504,25784716.0,0.0,1113.600711639,0.0,30585553842.423634,0.0,1.0,0.0,0.0,8.8,28938098.0,1056.9303429141623,0.0,3.0
VNM,Viet Nam,1995,78.4,21.3837434341786,27.1826887789875,0.0353875756263733,0.1259999999999999,6.021,18.4846722471733,-1.042,2773.523999999999,15.918,12.497711184,1.81558275222778,28.755919822449,5.674999999999941,0.0,20.1,70.871,10.369721173500498,0.0110434753163078,0.0318604710000016,0.0281114362787644,3.24927853434552,0.534,0.526,-1.5484170309624683,0.421,10.4908666421004,0.2169999999999999,44.0613913985635,0.741831302642822,0.185147494077683,0.138864740729332,7.28047435709847,74.7212659206088,15457484.0,377211705.3,174.8376712,0.0,2362669682.6019154,0.0,1.0,0.0,0.0,1.6,72049940.0,32.792111729751824,0.0,0.0
VNM,Viet Nam,1996,78.4,21.3837434341786,27.7588260377303,0.0354715622961521,0.1259999999999999,5.857,18.6700359511241,-0.908,2984.4359999999997,15.918,13.094049198,1.84584867954254,29.7298886912026,5.674999999999941,0.0,20.1,71.296,10.170353023158135,0.0097775128691175,0.0919456520000068,0.0544804664709271,3.55958705591895,0.534,0.526,-1.4050117466689844,0.421,10.4908666421004,0.2169999999999999,42.5112852710671,0.720006585121155,0.169843405485153,0.136729329824448,7.00278823071902,92.7057468018939,16147465.0,538602308.3,233.809153,0.0,3136084414.3601103,0.0,1.0,0.0,0.0,1.6,73156447.0,42.86818924325439,0.0,0.0
VNM,Viet Nam,1997,78.4,22.1502658208036,25.7717067944634,0.0366246551275253,0.136,5.722,19.848841124534903,-0.885,3177.756000000001,15.918,13.384927299999998,1.87661921977997,32.0751347955985,3.2095260626137403,0.0,14.4166666666667,71.67,11.411960959542128,0.0262867642161711,0.2109649579999981,0.0957508180463169,3.07280393550162,0.534,0.4225,-1.092992252051994,0.421,7.33532106237832,0.2169999999999999,42.153158409938,0.694967150688171,0.165219455957413,0.14506521821022,5.75041182361485,94.3444840684516,16840840.0,452390018.8,261.9541836,0.0,3273944161.9157314,0.0,1.0,0.0,0.0,1.6,74226889.0,44.10725285705738,0.0,0.0
VNM,Viet Nam,1998,86.1759872436523,23.8860819190786,25.7807804064629,0.0385258533060551,0.1479999999999999,5.518,20.1238631421789,-0.89,3309.7520000000004,15.918,14.234240108000002,1.90790271759033,32.4912677242346,7.2661980440096,0.0,14.4,72.283,12.729726654020318,0.0159591217496982,0.2887392069999919,0.115708332859875,1.76176859651124,0.544,0.3189999999999999,-1.0646571463114485,0.421,5.11047870740324,0.2129999999999999,41.7279518693026,0.680741548538208,0.161230102181435,0.163213029503822,4.5585937085968,97.0012485118429,17527388.0,391249305.3,337.4584575,0.0,2684449425.24609,0.0,1.0,0.0,0.0,1.6,75299660.0,35.650219738656055,0.0,0.0
VNM,Viet Nam,1999,86.9944381713867,27.3674140960496,25.4344379935091,0.0405048280954361,0.1479999999999999,5.459,28.186587055123,-0.907,3416.117,15.456,13.810213426,1.93970763683319,34.4947517390022,4.11710235771736,0.0,12.7,72.575,16.031937437435825,0.0161858100889635,0.4207058109999977,0.1747912857433119,3.7296600241547297,0.544,0.364,-0.7876879417439702,0.421,6.58752234054448,0.242,40.0708102674888,0.684088289737701,0.150643408298492,0.172964543104172,5.6404762468781,102.787406603958,18172608.0,420497249.7,366.8399411,0.0,4127081727.3748097,0.0,1.0,0.0,0.0,1.6,76287452.0,54.09908994437001,0.0,0.0
VNM,Viet Nam,2000,88.2,31.7019540276441,24.5345819955349,0.0432405471801758,0.1479999999999999,5.486,35.2590740095008,-0.732,3599.172999999997,16.183,14.132129838,1.97204279899597,36.7307753268455,-1.7103372785110924,0.0,10.55,72.746,19.71872995512683,0.0281474119945084,1.0220600000000033,0.308186745265021,7.67987081900615,0.557,0.409,-0.978658159189575,0.466,6.9057666506376,0.238,38.7346426776196,0.643705904483795,0.144082352519035,0.190515995025635,9.69222818683314,111.417094419512,18800313.0,378189171.2,389.5372295,0.0,6860161688.333889,0.0,1.0,0.0,0.0,1.6,77154011.0,88.91516590542375,0.0,0.0
VNM,Viet Nam,2001,88.9,31.7264129839635,23.2410475903552,0.0465493910014629,0.1479999999999999,5.482,39.2903936255311,-0.553,3795.973,17.0,14.628089313,2.01308059692383,38.1294216644677,-0.4315445117281804,0.0,9.42,72.984,19.698666802438765,0.0300841737970367,1.6047300000000035,0.334655161102383,5.80548900026015,0.557,0.3814999999999999,-1.4583274405419604,0.496,6.62403546630217,0.238,38.6295307451771,0.624343454837799,0.142483338713646,0.212262034416199,7.98035643169834,111.955937998525,19452526.0,425827879.7,428.5619178,0.0,6115983452.3602085,0.0,1.0,0.0,0.0,1.6,77969361.0,78.44085643282634,0.0,0.0
VNM,Viet Nam,2002,89.1,33.0649721281989,23.0294421776834,0.0495068989694119,0.1609999999999999,5.509,43.1307744856858,-0.539,4011.636,17.892,15.849676085,2.05497241020203,38.4866787864761,3.83082838168467,0.0,9.061666666666667,73.138,19.30413465207364,0.0316975958313845,2.415050000000001,0.325384146459247,5.28727447254799,0.557,0.354,-1.07134087940555,0.496,4.16693712269503,0.238,38.4838790358405,0.600889980792999,0.13420195877552,0.233577013015747,7.4254913633254,116.696868652499,20129527.0,445774372.4,435.5825068,0.0,6196583471.396018,0.0,1.0,0.0,0.0,1.6,78772224.0,78.66457434788204,0.0,0.0
VNM,Viet Nam,2003,90.3,32.0021198050483,22.542436705610797,0.0523583069443703,0.1549999999999999,5.564,48.37235081336,-0.529,4265.993999999999,19.638,16.507357509000002,2.09773588180542,39.4700078083864,3.23464817293927,0.0,9.48,73.236,18.971462154649853,0.0322716334595364,3.4462899999999976,0.359617720346491,5.58537873703382,0.557,0.126,-1.7375223166938,0.496,2.21305791691824,0.238,37.9875554860028,0.589652121067047,0.13367934525013,0.254179090261459,7.95488668034576,124.327954439125,20825453.0,409451603.7,461.74750680000005,0.0,7547538691.311032,0.0,1.0,0.0,0.0,1.6,79563777.0,94.86149320577167,0.0,0.0
VNM,Viet Nam,2004,91.0,34.1053329078253,21.8076993514673,0.0548597872257233,0.1549999999999999,5.73,58.7224307884587,-0.465,4556.153000000002,19.291,16.865692947,2.1413893699646,40.2087495299221,7.75494748709601,0.0,9.7225,73.062,19.008163359820188,0.0495840962607542,6.173839999999991,0.632871823685399,8.1232104070861,0.557,0.1499999999999999,0.579777882638714,0.496,1.18892233628232,0.243,37.9835511186106,0.56992119550705,0.132832959294319,0.272644490003586,11.7642910494755,133.016497868747,21532531.0,351318816.2,514.3586503,0.0,11719841180.321333,0.0,1.0,0.0,0.0,1.6,80338971.0,145.8799015526516,0.0,0.0
VNM,Viet Nam,2005,96.1,33.6935717632871,19.2999788840494,0.0569024980068207,0.1549999999999999,5.751,60.4667877825079,-0.509,4855.020000000002,19.672,17.138167189,2.18595147132874,38.1311399002846,8.28457243128677,0.0,11.025,73.198,18.8232835631471,0.1111525120924989,11.830600000000004,0.777553231191598,9.04473557257388,0.568,0.4839999999999999,-0.38340928959109,0.562,-6.5528874033180795,0.301,42.5688812156661,0.551454961299896,0.134758189320564,0.295459896326065,12.1341965365962,130.714846045026,22241381.0,271529856.1,534.3086027,0.0,14555197520.745722,0.0,1.0,0.0,0.0,1.6,81088313.0,179.49809266281963,0.0,0.0
VNM,Viet Nam,2006,96.0,34.062672935389,18.7267854535521,0.058664608746767,0.1549999999999999,5.772,65.3595423737595,-0.279,5145.627,20.734,17.524459743,2.23101854324341,38.5847310338981,7.41801715108463,0.0,11.17625,73.293,19.3807256267869,0.2991046109144579,22.9925,0.651803798316593,8.77756808235261,0.568,0.4049999999999999,0.7915024772131979,0.562,2.40151725937125,0.2989999999999999,42.6884835125499,0.538636744022369,0.134074047207832,0.293974101543427,12.2305390234099,138.313621869598,23044668.0,252314959.19999993,516.2452473,0.0,15701403875.60426,0.0,1.0,0.0,0.0,1.6,82167897.0,191.0892751168289,0.0,0.0
VNM,Viet Nam,2007,93.1,32.7588701285519,18.655099701709,0.0611967407166958,0.159,5.799,85.63968738395,-0.267,5460.725,20.558,19.991367332,2.27701449394226,38.5116248479069,8.34444889773837,0.0,11.18,73.385,19.3804144953877,0.445829496551402,53.835,0.542522638408329,6.63827611423842,0.568,0.252,-0.938973858823179,0.562,1.4136378714766602,0.2989999999999999,42.8332754503841,0.537654757499695,0.134419918060303,0.332011193037033,11.4131853552874,154.605383996554,23957313.0,238867429.5,516.0753658,0.0,17238918812.561405,0.0,1.0,0.0,0.0,1.6,83633375.0,206.12487314497838,0.0,0.0
VNM,Viet Nam,2008,93.8,28.756065174328,20.4131439246507,0.0634134486317635,0.1569999999999999,5.828,82.8727709652009,-0.286,5714.782999999999,20.933,19.640417593,2.32395887374878,37.0776963788801,23.1154483474477,0.0,15.7835714285714,73.455,18.5796576460957,0.846977530868212,87.9033,0.495591047514565,7.24340907549005,0.568,0.1649999999999999,0.368142382691465,0.562,-5.6163352886234,0.2989999999999999,42.5091596964692,0.548202455043793,0.13958053290844,0.332361280918121,13.9196883964883,154.317479627758,24888223.0,194563825.9,482.8754560999999,0.0,22017492776.527817,0.0,1.0,0.0,0.0,1.6,85175788.0,258.4947353410786,0.0,0.0
VNM,Viet Nam,2009,96.1,28.7407359960629,19.1684598670425,0.0647303834557533,0.1569999999999999,5.872,103.322353769645,-0.251,5964.5549999999985,20.15,20.304217624,2.37187123298645,37.3881863793419,6.71698269988629,0.0,10.069,73.525,18.3010354592131,0.5477493717873889,113.606,0.476843399378323,3.46240247909829,0.568,0.272,-3.9323032731095497,0.562,3.62788141186044,0.2989999999999999,43.4433537536156,0.544129371643066,0.152204290032387,0.328097879886627,7.40088651172265,134.706317721758,25728889.0,577869347.8,520.8951327999999,0.0,14413371087.723778,0.0,1.0,0.0,0.0,1.6,86460018.0,166.70562210296762,0.0,0.0
VNM,Viet Nam,2010,97.4,34.5067852425165,15.3750906872381,0.0657503828406334,0.1569999999999999,5.911,90.35317010498818,-0.284,6284.506000000001,21.47,21.249266184000003,2.42077112197876,33.0228771360005,9.20746648778413,0.0,13.13525,73.611,17.1305705708367,0.452415653552499,127.574,0.442109704259686,3.39330269400776,0.568,0.1479999999999999,-1.32384517796944,0.562,-20.497081910176803,0.301,40.6273720032231,0.534171104431152,0.162654235959053,0.317912250757217,7.4812809152762,113.977687539714,26455536.0,529419194.7,487.4804176,0.0,17341165518.508743,0.0,1.0,0.0,0.0,1.6,87455152.0,198.28638018385405,0.0,0.0
VNM,Viet Nam,2011,99.0,36.7964560051551,16.2591484896283,0.0651451796293259,0.1519999999999999,5.947,79.9430818204467,-0.216,6695.705,20.323,18.712821973,2.44234204292297,34.580408780539,18.6777322770707,0.0,16.9538333333333,73.713,18.694145538196,0.566180943893496,143.914,0.377816460476658,4.58244433557524,0.568,0.189,-0.0595152334571071,0.562,-3.67326480415152,0.301,38.9070145300747,0.531497240066528,0.145913049578667,0.271572679281235,9.06944428635118,125.260577940829,27159422.0,496002751.0,511.9660864,0.0,23737254286.11542,0.0,1.0,0.0,0.0,1.6,88468314.0,268.31362792915235,0.0,0.0
VNM,Viet Nam,2012,97.9,36.0118927044848,16.199507640393,0.0629382953047752,0.1629999999999999,6.008,75.5493913710905,-0.075,6988.794,18.004,18.089024621,2.46410512924194,35.8602323946766,9.09470339557192,0.0,13.4716666666667,73.762,20.2740924828827,0.332549597455944,147.104,0.352929785663553,4.10988392212901,0.568,0.267,-4.4832187918097,0.562,4.02832802666538,0.301,39.1188401087315,0.542347967624664,0.164386972784996,0.260336667299271,7.29867693307343,123.224116745985,27857662.0,483810087.4,526.7180763,0.0,23371504627.791416,0.0,1.0,0.0,0.0,1.6,89510356.0,261.1039177164195,0.0,0.0
VNM,Viet Nam,2013,98.5,34.3816939665804,15.2156122465127,0.0607803910970688,0.1629999999999999,6.057,77.5581108210475,-0.154,7298.825000000001,18.493,18.012036903,2.48606204986572,35.575150437736,6.59267475899192,0.0,10.3741666666667,73.821,20.6874536915425,0.3151035461820359,136.614,0.329556289592129,3.1704751714702404,0.51,0.251,-4.7550815938059,0.59,6.08970870368918,0.355,40.542010129242,0.554079353809357,0.166180565953255,0.249378353357315,5.91331153505454,130.846354866743,28560797.0,484779419.8,904.0923659,0.0,22020589522.076984,0.0,1.0,0.0,0.0,1.6,90573104.0,243.12503988023846,0.0,0.0
VNM,Viet Nam,2014,99.2,34.2908602439889,14.8803489262722,0.0592145808041096,0.1629999999999999,6.114,80.0010314902415,-0.085,7684.58,17.738,18.630696858,2.50821471214294,35.2985684880333,4.084554466376171,0.0,8.665,73.886,20.371229229791,0.189849847946125,148.504,0.418562328391343,2.85117967459122,0.51,-0.0219999999999999,-3.66490508124765,0.59,4.78973116512498,0.355,40.9236092881482,0.561362087726593,0.151307359337807,0.250438868999481,5.66094916066902,135.410521454361,29289816.0,456072231.6,1503.4287554,0.0,18818546195.400963,0.0,1.0,0.0,0.0,1.6,91679578.0,205.2643195565425,0.0,0.0
VNM,Viet Nam,2015,99.3,29.5736934188697,14.4747261789547,0.0580220967531204,0.1629999999999999,6.153,90.399227327709,-0.211,8133.268,19.19,18.98206763,2.53056478500366,34.2665466382117,0.6312009051757546,0.0,7.1175,73.955,20.9600916821922,0.116505184144997,129.627,0.466993735594374,1.21986218030571,0.51,0.064,-3.40324130704954,0.59,8.98829687567201,0.355,42.1930087721287,0.595488011837006,0.150713577866554,0.255152195692062,3.38333033260239,144.914228195237,30057186.0,436216900.1,1532.3540585,0.0,11410328288.409508,0.0,1.0,0.0,0.0,1.6,92823254.0,122.9253209374615,0.0,0.0
VNM,Viet Nam,2016,99.2,30.1267230339852,13.8182553730866,0.0570821426808834,0.1669999999999999,6.195,98.8589607655139,-0.255,8585.476,19.067,19.439966392,2.55311393737793,34.1152288612372,2.66824816969082,0.0,6.960000000000001,73.984,21.4882532002034,0.1216087491233659,128.298,0.316021208374894,0.8280425894293391,0.51,0.227,-1.6251016730323,0.59,5.04860292807267,0.359,42.8544900073075,0.597771644592285,0.142361134290695,0.264640033245087,2.6835759380714705,145.40950797311797,30876800.0,423184883.3,1791.432513,0.0,9086892634.918036,0.0,1.0,0.0,0.0,1.6,94000117.0,96.66895026224314,0.0,0.0
VNM,Viet Nam,2017,100.0,30.7123022324444,12.9298794852362,0.0562588460743427,0.197,6.238,103.972032257471,-0.048,9085.612,19.565,20.192901921,2.57066369056702,35.3903640729728,3.5202568881161707,0.0,7.067499999999999,74.026,22.6271239749306,0.1942062583312059,126.098,0.279611337213359,1.0009906432561095,0.493,0.211,-0.411266167040935,0.669,2.5915141589646504,0.35,42.5807243141144,0.59220689535141,0.139284491539001,0.278887033462524,3.21350443557147,160.98008365887,31753511.0,448306063.5,3160.0322008,0.0,10638497234.178024,0.0,1.0,0.0,0.0,1.6,95176977.0,111.77595222611477,0.0,0.0
VNM,Viet Nam,2018,100.0,32.5945457641151,12.3066684310428,0.0557082071900368,0.197,6.263,105.275984683547,-0.066,9661.291,19.459,20.689368899,2.58606362342834,36.5424334086447,3.539628059426409,0.0,7.371874999999999,74.1,23.3671679233065,0.0904699342057103,146.138,0.383369129367597,1.12046207095372,0.493,0.033,0.49961197070305,0.669,3.61415504341763,0.322,42.1709178908888,0.583321213722229,0.138499364256859,0.282378435134888,3.2600996848072494,164.66393677589303,32663930.0,437810059.6,3919.0877892,0.0,12481265123.768593,0.0,1.0,0.0,0.0,1.6,96237319.0,129.6925688855546,0.0,0.0
VNM,Viet Nam,2019,99.4,32.9904054518771,11.7845285540387,0.055241584777832,0.197,6.3,108.03190093336102,-0.057,10176.85,19.415,22.904952083,2.60155558586121,36.8031368977554,2.7958236745225005,0.0,7.7075,74.211,23.7867165015145,0.0193784133567084,140.193,0.35996993743116,0.7244949529267384,0.496,0.039,0.992414847441314,0.669,5.15925265729481,0.322,42.4687227777403,0.572158396244049,0.139873996376991,0.291962236166,2.50068260501281,164.704215031408,33645364.0,435302430.9,3535.4244715,0.0,9825924837.259304,0.0,1.0,0.0,0.0,1.6,97173776.0,101.11704249569662,0.0,0.0
YEM,"Yemen, Rep.",1995,43.1935119628906,26.54619506919854,22.5769161913509,0.030888207256794,0.775,9.576,4.60480615607851,-1.387,3376.303,18.388,30.237335111,1.09130501747131,33.6119549369805,55.0811068702292,0.0,31.449999999999996,60.532,4.94644246461146,0.0,0.0512316109999915,0.313436630816802,39.7732050391051,0.872,-1.312,-4.33322451251669,0.638,-3.88980366925062,0.126,39.8111288716686,0.766318202018738,0.32843428850174,0.0569548979401588,40.1598943510304,87.4446919838225,3983880.0,0.0,351.4706849,0.0,4493848025.239877,0.0,1.0,0.0,0.0,8.34,16740058.0,268.4487727127276,0.0,0.0
YEM,"Yemen, Rep.",1996,44.399169921875,32.05066778337789,18.1576133493873,0.0317044779658318,0.775,9.181,3.0145334766141687,-1.334,3417.938,29.78,32.057597214,1.1073282957077002,43.6912860353771,30.7337332718043,0.0,31.449999999999996,60.884,7.051771780703247,0.0,0.0530265270000001,0.249749470215075,36.2783449702496,0.872,-1.312,1.65101049392787,0.638,-3.88980366925062,0.126,34.1511006287188,0.646740674972534,0.300259053707123,0.0572646483778953,36.584355111490105,85.9391074430978,4224234.0,120788642.39999998,356.663388,0.0,5381144350.105102,0.0,1.0,0.0,0.0,8.34,17313177.0,310.8120681781918,0.0,0.0
YEM,"Yemen, Rep.",1997,42.6,30.84083070096663,17.4405569717889,0.0321860648691654,0.783,8.821,3.88826182548587,-1.629,3492.243999999999,32.722,35.19592675,1.12358677387238,45.1081445658861,2.17672667372646,0.0,22.5166666666667,61.34,5.235221758595802,0.0,0.0715718530000018,0.22287932921921,29.5601635790483,0.872,-1.2525,0.8398628352213091,0.638,8.14382015249504,0.126,33.4512984623249,0.621149659156799,0.332398116588593,0.0638025179505347,29.832525277783,80.145988654048,4465065.0,250117211.2,374.9665753,0.0,5106568170.530613,0.0,1.0,0.0,0.0,8.34,17873936.0,285.69914150585595,0.0,0.0
YEM,"Yemen, Rep.",1998,46.7996101379395,19.374381134373568,21.1746993379149,0.0325470231473446,0.787,8.505,5.349375628561852,-1.477,3595.6049999999996,26.499,34.358973982,1.14008402824402,34.6870068699482,5.9765085214186,0.0,18.125,61.788,9.919733863703318,0.0,0.0916962579999989,0.222015641497304,21.3900899508087,0.872,-1.193,-4.7420335605468,0.638,28.877159209690696,0.126,40.1382937921369,0.73204630613327,0.3391065597534181,0.0639669895172118,21.6895961696112,72.6619985473237,4711713.0,335639159.1,380.0915068,0.0,3394761245.278171,0.0,1.0,0.0,0.0,8.34,18446013.0,184.03766956459214,0.0,0.0
YEM,"Yemen, Rep.",1999,47.9929466247559,30.17445744523616,17.4447082464531,0.0327020175755024,0.786,8.201,5.246512816245989,-1.733,3626.891,28.309,27.220757474000003,1.15682351589203,43.102259288301,8.66021949364346,0.0,24.0833333333333,62.275,6.364895342681451,0.0,0.1527887629999966,0.172609581345397,28.743324243805695,0.872,-1.169,3.47831714231206,0.638,-7.026456176280469,0.126,35.4530324652458,0.608669877052307,0.286966592073441,0.0517520159482955,28.9441851432533,72.0039277408966,4963848.0,447943330.6,405.1254795,0.0,5004049702.951779,0.0,1.0,0.0,0.0,8.34,19029420.0,262.96385822330785,0.0,0.0
YEM,"Yemen, Rep.",2000,49.2,38.1472978253139,14.4669153987821,0.0325179286301136,0.793,7.905,4.860630017261627,-1.748,3743.592000000001,37.776,22.728782502,1.17380881309509,48.7835790730058,4.589999999999811,0.0,19.5416666666667,62.761,7.022925115960975,0.0,0.1632779999999982,0.173347842113806,41.2105414506176,0.886,-1.145,8.30765479314925,0.638,-3.084318628630749,0.1119999999999999,32.7495055282122,0.523202776908875,0.235831290483475,0.060015294700861,41.4063455621789,75.4388386390908,5221098.0,354748517.29999995,436.502,0.0,8270285848.939925,0.0,1.0,0.0,0.0,8.34,19624141.0,421.43428591039606,0.0,0.0
YEM,"Yemen, Rep.",2001,50.4,36.60080362885523,14.9385276406187,0.0322319678962231,0.793,7.597,5.734765817480408,-1.448,3779.9299999999985,33.276,22.059307903,1.19481706619263,44.9083545705105,11.9115912929855,0.0,17.5,63.286,5.967158457854368,0.0,0.7309199999999976,0.187195088402522,33.0145750680271,0.886,-1.226,4.78875832455428,0.638,14.3572339769979,0.1119999999999999,36.1531177888708,0.594885647296906,0.241712525486946,0.106211379170418,33.2270815659587,70.8923979770182,5481965.0,409803315.5,452.8720658,0.0,7158153105.650111,0.0,1.0,0.0,0.0,8.34,20226147.0,353.9059172095462,0.0,0.0
YEM,"Yemen, Rep.",2002,51.5,32.13589689686851,14.3141488130768,0.0320654772222042,0.793,7.302,5.801288280608112,-1.123,3824.577000000001,30.227,24.151841073999996,1.21620142459869,45.1536229524171,12.2385339389711,0.0,17.7083333333333,63.807,6.192696313979991,0.0,2.335810000000002,0.119427739621182,30.903531172064397,0.886,-1.307,1.29088975706693,0.638,8.27550108571082,0.119,36.5322282345061,0.592526376247406,0.219293594360352,0.117794163525105,31.0497728852744,74.7304558609206,5745850.0,424840483.4,456.8481808,0.0,7276739525.578308,0.0,1.0,0.0,0.0,8.34,20835086.0,349.25411517755714,0.0,0.0
YEM,"Yemen, Rep.",2003,52.6,30.682872126938395,13.7449719708526,0.0323920138180256,0.797,7.004,6.366397791732702,-1.568,3864.261,31.116,28.32158719,1.23796844482422,45.9141110094936,10.8323607023242,0.0,18.0,64.407,5.229291030836949,0.0,3.1466700000000003,0.0830008009874185,32.07311706100881,0.899,-1.482,-2.44384913876094,0.638,6.40951122422722,0.119,36.3409170196537,0.608459651470184,0.204668432474136,0.145892009139061,32.1919199005229,74.3826165968098,6013731.0,444096994.2,450.5455288,0.0,8084745860.961143,0.0,1.0,0.0,0.0,8.34,21456379.0,376.7991729154832,0.0,0.0
YEM,"Yemen, Rep.",2004,49.6,35.215865041204374,12.4153666524933,0.0331558845937252,0.773,6.755,7.162536229905321,-1.106,3912.508999999998,32.01,30.03376294,1.26012516021729,47.8015521496085,12.5150951495207,0.0,18.5,64.881,5.888836933166529,0.0,6.680189999999996,0.0586059833261406,34.0644750012843,0.899,-1.551,-0.0468892018303173,0.638,3.84414370907284,0.119,35.7830812017991,0.578317999839783,0.171363532543182,0.198486387729645,34.1535884387229,71.8466740069203,6286219.0,420854838.9,423.6927388,0.0,9827680290.974257,0.0,1.0,0.0,0.0,8.34,22095167.0,444.7886857326879,0.0,0.0
YEM,"Yemen, Rep.",2005,54.8,48.40041093529892,11.0932421339435,0.0345982573926449,0.773,6.503,6.939312158543821,-1.417,4022.501,34.947,33.44927172,1.28267824649811,51.5233832621526,11.8112639374949,0.0,18.0,65.356,4.64459748927692,0.0,9.99364,0.0467874589438686,41.093106599265,0.899,-1.437,0.331026856466618,0.638,-0.4499607374919678,0.119,33.3833746039038,0.487798064947128,0.127797618508339,0.309293299913406,41.1656856093808,76.773285677642,6575482.0,333367222.6,420.7610808,0.0,13449566749.048492,0.0,1.0,0.0,0.0,8.34,22790085.0,590.1499160292071,0.0,0.0
YEM,"Yemen, Rep.",2006,55.8,39.30830617256024,10.70558242967,0.036269523203373,0.775,6.292,6.913219608237071,-1.37,4030.833999999999,38.555,33.5595117,1.30834531784058,51.9588106170624,10.8447986914257,0.0,18.0,65.8,5.429999167223615,0.0,12.648200000000005,0.0329439969514384,40.4372276843013,0.899,-1.345,3.49810996730071,0.638,3.883621145591,0.119,33.3356069529484,0.595668792724609,0.130793884396553,0.254483878612518,40.4987746786826,82.0761626564135,6883515.0,289461604.0,386.5861233,0.0,14303438167.823996,0.0,1.0,0.0,0.0,8.34,23543083.0,607.543122870696,0.0,0.0
YEM,"Yemen, Rep.",2007,57.2,35.24530812980496,10.419289027741,0.0382071696221828,0.782,6.08,8.184084965625381,-1.236,4040.266,33.166,38.06912574,1.33452594280243,52.3036364513925,7.9051177898873,0.0,18.0,66.23,9.813258852064031,0.0,17.8838,0.0191707105432844,32.96189031187271,0.899,-1.594,-4.92290410945142,0.638,6.41340762882513,0.122,33.2770745231875,0.653737425804138,0.128723680973053,0.218577638268471,33.0050730617766,79.1234205876059,7200378.0,214639036.5,340.7964055,0.0,13622970432.602337,0.0,1.0,0.0,0.0,8.34,24318082.0,560.1992144200491,0.0,0.0
YEM,"Yemen, Rep.",2008,58.4,37.571830272409315,10.1968587173722,0.0400028675794601,0.782,5.892,7.704922009326587,-1.336,4063.6370000000006,36.715,40.832447164,1.36123049259186,52.5715277111729,18.9762574318076,0.0,18.0,66.609,14.083771065725644,0.0,25.665099999999995,0.0075593138103459,33.8268519294838,0.899,-2.013,-2.13823936888442,0.638,-1.9752373757754496,0.1169999999999999,33.2316135722734,0.670188844203949,0.124544508755207,0.186914056539536,33.8694342767331,81.244718850294,7524709.0,139588509.0,315.7533727,0.0,16330787423.693872,0.0,1.0,0.0,0.0,8.34,25111941.0,650.3195998944834,0.0,0.0
YEM,"Yemen, Rep.",2009,59.6,29.38436839636605,10.0190704935917,0.0405838564038277,0.782,5.748,7.735476025059107,-1.138,4096.953000000001,25.004,41.284410237,1.38846945762634,52.7856660563457,5.40776098077522,0.0,18.0,66.905,19.186431477693596,0.0,32.06219999999999,0.34401913744873,20.6195697250514,0.899,-2.329,-7.71701441053959,0.638,29.251710395806796,0.1169999999999999,33.1952634510041,0.732433795928955,0.129441022872925,0.15439535677433,21.001304593999,68.0713910145084,7856917.0,416615660.2,308.0605671,0.0,10139316528.779816,0.0,1.0,0.0,0.0,8.34,25927724.0,391.06080151037617,0.0,0.0
YEM,"Yemen, Rep.",2010,60.8,35.43828021551988,9.87370902755356,0.04013567045331,0.786,5.586,6.28934064963714,-1.169,4284.614,26.145,43.055204632,1.41625332832336,52.96074775231071,11.1748338605044,0.0,23.8333333333333,67.223,13.650050495998986,0.0,41.4325,1.33046245575943,22.180054745663895,0.897,-2.424,-1.66097103074356,0.638,0.1746270116287691,0.1169999999999999,33.1655432216092,0.728668868541718,0.119748882949352,0.128114238381386,23.5484181707179,64.3856367797178,8193072.0,435507090.4,306.4592836,0.0,12792056993.251276,0.0,1.0,0.0,0.0,8.34,26754387.0,478.12932485619183,0.0,0.0
YEM,"Yemen, Rep.",2011,62.0,34.86265043736478,9.75264427533183,0.0388622209429741,0.804,5.474,5.068725811203102,-1.409,3632.280999999999,25.333,30.648668088999997,1.45082175731659,53.1065650909838,19.5435617131144,0.0,25.0,67.412,14.00811771044378,0.0,42.3016,2.49897249768798,23.398167687491295,0.889,-2.427,-0.173290827223535,0.639,5.83025953972386,0.1159999999999999,33.1407906336272,0.673112988471985,0.13601641356945,0.129585936665535,25.9395800444886,63.0594579549043,8529663.0,409980501.3,220.4243,0.0,12482689783.590431,0.0,1.0,0.0,0.0,8.34,27582897.0,452.55180351760845,0.0,0.0
YEM,"Yemen, Rep.",2012,52.4,27.96035141829851,16.9903322750241,0.0374384820461273,0.561,5.425,4.645404088247396,-1.256,3612.52,29.903,45.766895415,1.48871970176697,39.7484554361741,9.88538714484871,0.0,24.5,67.569,21.500355722387734,0.0,48.8857,1.7726192389526298,17.0272517537375,0.862,-2.431,-0.872873748351927,0.639,17.5713344205015,0.139,39.2612122878001,0.761633098125458,0.163827329874039,0.130504623055458,18.8463591940271,61.3616371825683,8872203.0,503981088.2,180.218795,0.0,10036146286.058935,0.0,1.0,0.0,0.0,8.34,28433647.0,352.9672534113874,0.0,0.0
YEM,"Yemen, Rep.",2013,75.6,27.98772470794459,17.6849846837323,0.0365212708711624,0.589,5.294,5.636719541374866,-1.192,3679.405999999997,23.9,42.8041977,1.53033947944641,38.9944141504647,10.9684421500198,0.0,22.0833333333333,67.961,21.65649837253855,0.0,57.465,2.44022059158672,11.1124026574675,0.881,-2.375,-1.45462843927726,0.662,11.7887549277275,0.125,39.3206011649279,0.738441228866577,0.174586161971092,0.0967917218804359,13.5874899680381,52.5118781367089,9216789.0,504990833.9,198.3895373,0.0,10594940908.95428,0.0,1.0,0.0,0.0,8.34,29312952.0,361.4423040352361,0.0,0.0
YEM,"Yemen, Rep.",2014,66.1,28.458071583803356,17.6765738204232,0.0356498844921589,0.649,5.29,5.712684301967215,-1.133,3569.535,23.644,46.18119647,1.57613134384155,39.8882580148089,8.10472583623915,0.0,22.79470458999794,68.003,20.851720641073825,0.0,56.5732,1.9102679928913495,9.0008580090252,0.881,-2.666,1.5057284651007503,0.546,13.028154731615372,0.1029999999999999,38.4351681646387,0.712345242500305,0.259127885103226,0.116678044199944,10.9650660396012,48.2430405122774,9630893.0,545715593.8,153.3719555,0.0,7339585576.649502,0.0,1.0,0.0,0.0,8.34,30226309.0,242.8210992168942,0.0,0.0
YEM,"Yemen, Rep.",2015,67.4,5.763888223583095,20.2059373997207,0.0343754589557648,0.725,5.773,16.91121132595913,-1.09,2499.7839999999997,10.68,10.04059085,1.62661337852478,33.866159352981,44.24978445500217,0.0,21.201367357862903,66.761,15.204128529002432,0.0,48.2101,0.316743824319049,1.69761197489757,0.89,-2.668,-2.57011843013682,0.578,13.770013190723835,0.061,41.9279032478698,0.718381881713867,0.33321338891983,0.083865113556385,2.06582147254408,30.367659084463696,10091999.0,521957593.9,54.11026551,0.0,1369347320.1955318,0.0,1.0,0.0,0.0,8.34,31159379.0,43.94655362661534,0.0,0.0
YEM,"Yemen, Rep.",2016,68.9,7.618002093398509,25.0909130885165,0.0328489206731319,0.856,5.647,15.870605661207849,-1.235,2206.237000000001,7.561,9.089251087347908,1.68238353729248,25.9022680665842,55.75637134891883,0.0,16.027090348816554,67.105,15.231384989352676,0.0,51.179,0.0002125899981471,0.7101847765577647,0.894,-2.784,-3.1579181891210095,0.517,9.467845751393536,0.0549999999999999,45.0068188448993,0.76678329706192,0.323234558105469,0.143308088183403,0.7661945649863702,31.081544290855906,10580304.0,497010206.2,42.57651111,0.0,888297966.7769859,0.0,1.0,0.0,0.0,8.34,32109010.0,27.66506867626831,0.0,0.0
YEM,"Yemen, Rep.",2017,79.2,4.42686668739189,26.9610663621827,0.0314771756529808,0.86,5.644,17.708442743019,-1.364,2040.6650000000009,3.4879999999999995,14.239991017017823,1.7354553937912,25.9240409654207,46.90621869573943,0.0,18.752632942373815,67.12,15.345564372103798,0.0,46.4111,0.0002125899981471,1.91730246407045,0.921,-2.934,-4.67126599040575,0.499,10.7458154058856,0.0559999999999999,43.114892673396,0.759498596191406,0.343446552753449,0.146964639425278,2.0008836119012106,42.9699046721967,11104880.0,507935988.0,71.01369863,0.0,1797607002.877335,0.0,1.0,0.0,0.0,8.34,33090921.0,54.32326899808365,0.0,0.0
YEM,"Yemen, Rep.",2018,62.0,25.541727822328927,28.7451403146812,0.0303919725120068,0.848,6.114,11.705794096451696,-1.428,2004.5930000000008,6.416999999999998,40.6772881011035,1.78661465644836,25.4429978433173,8.30401628410103,0.0,20.581914898048037,65.915,19.629830959347817,0.0,44.8811,0.0002125899981471,4.82356153067882,0.921,-2.996,-7.77459988334747,0.499,10.754244553033274,0.0549999999999999,41.8118618427961,0.64000391960144,0.32790744304657,0.319003343582153,4.87867391772049,56.0778227215077,11660747.0,469432487.5,94.15611286,0.0,3061489048.2684364,0.0,1.0,0.0,0.0,8.34,34085182.0,89.81876782316833,0.0,0.0
YEM,"Yemen, Rep.",2019,72.8,28.23098321133107,28.7451403146812,0.0296104829758406,0.868,5.859,11.147834648692744,-1.518,1997.34,7.321999999999999,45.133302126080586,1.84298872947693,25.4429978433173,6.643463242759767,0.0,16.817266365685622,66.567,15.33849272606522,0.0,43.399,0.0002125899981471,4.82356153067882,0.904,-2.771,-5.655686619946729,0.546,10.35063655876623,0.066,41.8118618427961,0.673651039600372,0.368743777275085,0.367245733737946,4.87867391772049,56.0778227215077,12256254.0,440287517.1,94.64931507,0.0,2721808375.925337,0.0,1.0,0.0,0.0,8.34,35111408.0,77.51920332916688,0.0,0.0
ZMB,Zambia,1995,15.66827201843261,12.596692741761837,14.089372097349,0.0338098555803299,0.395,17.401,10.84526358404839,-0.104,1999.3610000000008,15.16011266169098,7.801427856,2.09998345375061,34.3135138066491,34.9295874166667,1.0,45.5333333333333,46.051,9.1775943283596,0.004721011303288,0.017814095999995,0.0,0.0,0.577,-0.16,-1.984987661310168,0.615,11.424913920026,0.604,39.6525085504343,0.811754167079926,0.130907088518143,0.134424179792404,7.23321498317749,69.2267746955964,3374007.0,1238888343.0,345.018236,0.0,1306344691.5,0.0,0.0,1.0,0.0,4.8,8785763.0,148.6888152457561,0.0,1.0
ZMB,Zambia,1996,17.299999999999997,14.368756971638804,13.2982447838973,0.0336594544351101,0.417,17.428,11.81409023518166,-0.309,2071.7129999999997,17.382048257527583,8.681439711,2.09323692321777,33.2019994461786,43.0730979982882,1.0,53.7833333333333,45.757,10.915613767764,0.015439400554149,0.0305661000000085,0.0,0.0,0.577,-0.16,-1.9459732016767703,0.615,23.670485757670995,0.604,41.5435244139859,0.812504947185516,0.112942717969418,0.151682376861572,7.40724986790176,63.8214821755312,3420124.0,1198441902.6,344.710815,0.0,1140711094.95,0.0,0.0,1.0,0.0,4.8,9004053.0,126.68862510582734,0.0,1.0
ZMB,Zambia,1997,17.1124591827393,14.362601451803556,13.9825484776443,0.0337570570409298,0.489,17.273,11.814795574379955,-0.565,2096.298999999999,17.42338870120733,9.511496111,2.08651208877563,32.3806375563294,24.4187215689412,1.0,46.6916666666667,45.743,10.7949436134983,0.0155533135873437,0.0498184859999994,0.0,0.0,0.577,0.0295,-1.5772093092140531,0.615,16.9766299739538,0.604,41.4718491062604,0.790300786495209,0.111190408468246,0.151971906423569,5.78425325323365,58.272862622336,3452434.0,1138000591.4,335.434888,0.0,994296395.86,0.0,0.0,1.0,0.0,4.8,9237063.0,107.64204984419831,0.0,1.0
ZMB,Zambia,1998,19.0,15.648333663486737,15.86841123023,0.034165732562542,0.489,17.123,8.643599801081116,-0.554,2034.9010000000017,18.295310945644825,12.109183729,2.07980871200562,27.2773913264713,24.458456351665596,1.0,31.799999999999997,45.709,10.773698494954,0.0381697860302422,0.0881308259999897,0.0,0.0,0.572,0.219,-2.0636553003298777,0.615,12.7393085006183,0.61,44.8458308951369,0.855703413486481,0.102448582649231,0.19015771150589,7.38004991836173,56.2503070199594,3482258.0000000037,1187577586.9,383.951863,0.0,883767192.0,0.0,0.0,1.0,0.0,4.8,9482408.0,93.20071357402044,0.0,1.0
ZMB,Zambia,1999,18.5402450561523,15.414266992059945,18.1899716550729,0.0350020527839661,0.489,16.815,8.798039301173475,-0.428,2074.4579999999987,21.31083263636024,14.023032007,2.07312703132629,22.8198423592505,26.7876966790029,1.0,40.5166666666667,45.924,10.2114103738522,0.0258822432234424,0.2929976369999991,0.0,0.0,0.485,0.1275,-2.141156522681043,0.615,19.1587954269473,0.61,47.5025146082224,0.966630101203919,0.0861827060580254,0.220959275960922,5.2000071088747895,59.7675342029156,3523159.0000000037,1265083604.7,275.50700900000004,0.0,594285246.6600001,0.0,0.0,1.0,0.0,4.8,9740005.0,61.01488106628283,0.0,1.0
ZMB,Zambia,2000,16.70000000000001,15.64708162648121,16.1497734560385,0.0362578593194485,0.489,16.198,7.513285822873968,-0.711,2096.493999999999,22.569,16.934669676,2.06646656990051,23.2438941549244,26.030411788812096,1.0,38.8,46.577,9.45329654710977,0.620250874620162,0.986789999999992,0.0,0.0,0.485,0.036,-2.186649755541971,0.615,4.6647680701877,0.61,48.9595335232782,0.870112717151642,0.057293303310871,0.221095070242882,9.12122495945449,60.3874689884965,3593679.0,1226989434.3,252.3551,0.0,562685774.0,0.0,0.0,1.0,0.0,4.8,10017631.0,56.16954487543013,0.0,1.0
ZMB,Zambia,2001,20.200000000000003,15.600096036864986,15.5274822358648,0.0380587987601757,0.489,15.459,8.424191277730586,-0.743,2142.7920000000013,22.07,21.050000169,2.08502984046936,23.3606116903584,21.3937821792546,1.0,46.233333333333306,47.408,9.08186722580454,0.0059232471334647,1.1738300000000024,0.0,0.0,0.45,-0.119,-3.65557112462452,0.615,16.6774634895963,0.637,49.0993517149354,0.864439308643341,0.0643430501222611,0.265127956867218,6.91796764834799,64.668282708979,3705156.0,1068048328.0,311.19572,0.0,581097358.5384616,0.0,0.0,1.0,0.0,4.8,10325185.0,56.27960743933029,0.0,1.0
ZMB,Zambia,2002,17.4,15.940645388821782,15.361429938368,0.0402343682944775,0.48,14.651,7.307142110918875,-0.617,2171.9350000000013,23.072,22.567546914,2.10375952720642,23.8755524352252,22.2333446430947,1.0,45.1980166666667,48.461,9.58587925084779,0.0086656835468358,1.306279999999994,0.0,0.0,0.265,-0.274,-0.92185024968769,0.615,21.6156242816087,0.769,49.7243429106408,0.798109233379364,0.0741844549775124,0.270921319723129,8.58178422740853,64.9164969990648,3840779.0,1107841579.1,311.89584,0.0,529150677.4230769,0.0,0.0,1.0,0.0,4.8,10647949.0,49.69508000302001,0.0,1.0
ZMB,Zambia,2003,18.5,22.51252293809382,15.6170996158156,0.0426002070307732,0.48,13.792,7.217807241548861,-0.748,2252.119999999999,21.999,24.75151943860203,2.12265777587891,24.1349730396824,21.4015783901995,1.0,40.5710333333333,49.616,10.1481367154848,0.0037602484057114,2.194180000000003,0.0,0.0,0.265,0.218,-1.8987996511459997,0.615,19.5253414742067,0.769,49.7205872731509,0.702508091926575,0.0889092832803726,0.268924176692963,12.6388158009955,62.3128446757629,3996475.0,960220440.3,350.82914000000005,0.0,683651140.1538461,0.0,0.0,1.0,0.0,4.8,10983595.0,62.242930493508375,0.0,1.0
ZMB,Zambia,2004,20.299999999999997,29.101085816530073,15.5809428822284,0.0447024628520012,0.48,13.109,11.544417228211016,-1.003,2335.0740000000005,20.764,22.334421225516603,2.14172554016113,25.6961251757115,17.9677891087286,1.0,30.7271,50.54,10.0652389840384,4.45216198463444,4.095479999999995,0.0,0.0,0.265,0.191,0.511302247349947,0.615,9.19693364690934,0.769,48.8099285446496,0.689845263957977,0.122524991631508,0.267965406179428,13.7756377211636,70.8130749317722,4172864.0,996373943.8,416.622,0.0,1384445315.509434,0.0,0.0,1.0,0.0,4.8,11338198.0,122.1045280307712,0.0,1.0
ZMB,Zambia,2005,23.299999999999997,33.09511286028311,14.5885513717285,0.0463009923696518,0.483,12.371,15.601823554458363,-0.959,2422.4400000000005,20.079,21.317683981187685,2.16096472740173,26.8496240283076,18.324439701174,1.0,28.2091666666667,51.615,9.84046097664779,6.70355262144712,8.10286,0.0,0.0,0.2069999999999999,0.1079999999999999,-0.0473545752823826,0.606,9.90908518429273,0.817,48.9576146258726,0.660768926143646,0.133346259593964,0.232607707381248,14.1027021273131,62.200282191364,4370766.0,688756637.4,470.771443,0.0,1697700889.3846157,0.0,0.0,1.0,0.0,4.8,11718819.0,144.8696229018142,0.0,1.0
ZMB,Zambia,2006,24.1,29.634359208227934,13.2062710587766,0.0474378019571304,0.521,11.702,21.072354064024218,-0.469,2525.102999999999,36.604,21.41329414593805,2.17306137084961,30.3961173223662,9.01957247226486,1.0,23.1533333333333,52.693,9.40791898209265,14.114181525681,13.713,0.0,0.0,0.2069999999999999,0.364,18.5427344075081,0.606,7.51782024205524,0.817,47.5154757432367,0.610899269580841,0.127242609858513,0.232141956686974,19.2015029596777,57.8568188739027,4589728.0,144136564.0,501.892813,0.0,2985342946.6803846,0.0,0.0,1.0,0.0,4.8,12129553.0,246.12143140644875,0.0,1.0
ZMB,Zambia,2007,18.5,28.721505233610205,12.1055962375597,0.04801195114851,0.53,11.047,17.775448495257063,-0.528,2641.0370000000003,18.886,22.96083136139152,2.18522572517395,31.9096804308122,10.6573496000153,1.0,18.8908333333333,53.73,8.67980436647481,14.994000574735296,21.002899999999997,0.0,0.0,0.202,0.364,0.341606941269313,0.606,5.24087063421901,0.82,47.4546801554357,0.66658741235733,0.099758543074131,0.219735532999039,21.787431159928197,65.7714586909068,4825431.0,194878010.2,528.705327,0.0,3321145632.2334614,0.0,0.0,1.0,0.0,4.8,12565085.0,264.31541308582166,0.0,1.0
ZMB,Zambia,2008,25.700000000000003,33.882658326981584,11.4539997547605,0.0482267029583454,0.558,10.411,15.360283335413657,-0.76,2746.495999999999,18.79,23.852982584,2.19745802879334,30.9906155705809,12.4455793463192,1.0,19.0641666666667,54.835,8.45396814884328,9.58783644589246,27.1785,0.0,0.0,0.344,0.473,0.748266621053924,0.591,7.61379538117008,0.713,49.0298347278234,0.639523923397064,0.111397542059422,0.261764049530029,16.052538455331,59.4548891205874,5073494.0,200709503.2,572.328693,0.0,3460696557.1538467,0.0,0.0,1.0,0.0,4.8,13021324.0,265.7714804695626,0.0,1.0
ZMB,Zambia,2009,26.6,33.90982505807612,11.5527836333973,0.0479272678494453,0.542,9.829,15.398502311129777,-0.796,2894.9699999999993,15.75,22.312648472,2.2097589969635,30.2244688791227,13.3952546325895,1.0,22.0625,55.886,8.68492781683595,8.96226154084205,32.6653,0.0,0.0,0.378,0.5700000000000001,-0.72210540758606,0.591,15.6336334619814,0.686,51.5546034007674,0.620055735111237,0.105884581804276,0.270852982997894,16.7968643399172,56.1213809555165,5327467.0,1080248955.7,607.0961080000001,0.0,2735289468.8461537,0.0,0.0,1.0,0.0,4.8,13490389.0,202.7583836793849,0.0,1.0
ZMB,Zambia,2010,22.0,33.6999863171682,9.42094610981773,0.0465913824737072,0.533,9.29,15.325682406557746,-0.514,3083.362000000001,15.634,20.978307818,2.22212862968445,32.2389147610701,8.50176133365265,1.0,20.9166666666667,56.896,7.57828393600663,13.332916385834002,39.0029,0.0,0.0,0.346,0.5150000000000001,-1.02277908188768,0.603,6.11294221169531,0.693,52.8064557009767,0.609148144721985,0.099460169672966,0.293270736932755,18.6647201093496,65.0147025206122,5580077.0,1116999952.4,775.6594100000001,0.0,4900734888.0,0.0,0.0,1.0,0.0,4.8,13965594.0,350.91489040852827,0.0,1.0
ZMB,Zambia,2011,28.299999999999997,32.2613279828138,9.64805782176724,0.0449540056288242,0.546,8.818,13.6929591153621,-0.708,3146.851000000001,17.744,22.456298311,2.27544116973877,34.4442819243584,6.4293968107234,1.0,18.8366666666667,57.843,7.51615952950012,12.0864380495102,56.5499,0.0,0.0,0.311,0.51,-0.8341954932562301,0.603,6.95655957659878,0.726,50.3856175027169,0.553993225097656,0.0969239547848702,0.355627298355103,17.4237334954232,72.7954324384283,5828314.0,1136719304.5,671.105493,0.0,4732144822.0,0.0,0.0,1.0,0.0,4.8,14437796.0,327.7608869109939,0.0,1.0
ZMB,Zambia,2012,29.200000000000003,36.0858528500263,9.32163953570601,0.0440267845988274,0.551,8.389,15.859019046956696,-0.368,3275.9750000000004,18.695,21.257065826,2.33003234863281,32.0106503918136,6.57589970757698,1.0,12.1508333333333,58.704,7.075813250818661,7.78670394690198,70.5709,0.0,0.0,0.2099999999999999,0.661,-1.8343933783477997,0.603,4.82147742594943,0.805,53.193632268128,0.571379780769348,0.114096418023109,0.339808434247971,13.5753487511819,75.367709855907,6080265.0,1126101994.7,700.690942,0.0,4332433820.111539,0.0,0.0,1.0,0.0,4.8,14913629.0,290.5016492036606,0.0,1.0
ZMB,Zambia,2013,30.1,34.3582305915791,8.22652318427817,0.0435693152248859,0.653,8.017,15.816973642666396,-0.41,3330.892,17.629,23.378229241,2.38593363761902,32.5564491082462,6.97767605490307,1.0,9.52083333333333,59.445,6.02373452894648,6.58363211831429,67.5096,0.0,0.0,0.258,0.436,-4.92097277562516,0.547,-0.1914300381927987,0.723,53.1376428491188,0.588150799274445,0.130439460277557,0.351126343011856,12.023594729012,80.4562410213373,6339494.0,1110335573.6,765.900201,0.0,4321562386.635,0.0,0.0,1.0,0.0,4.8,15398997.0,280.63921219252137,0.0,1.0
ZMB,Zambia,2014,27.9,32.9735875797491,6.77959785217865,0.043770544230938,0.653,7.686,17.0881246939801,-0.491,3375.9480000000003,18.895,26.67632955,2.44317603111267,32.9441480248783,7.80687553566333,1.0,11.5733333333333,60.109,6.819983358574819,4.6410142846678,63.6343,0.0,0.0,0.258,0.1559999999999999,-3.21126706952622,0.547,5.81636783051129,0.723,53.5124177356887,0.567830502986908,0.155587121844292,0.331460624933243,10.842259058696,76.1934997276313,6606645.0,1011128271.4,712.9845600000001,0.0,3708268226.78077,0.0,0.0,1.0,0.0,4.8,15895315.0,233.29315756125436,0.0,1.0
ZMB,Zambia,2015,31.1,34.3664956656721,4.98083656431146,0.0446341522037983,0.645,7.402,19.764834060403896,-0.425,3365.3729999999996,18.77,33.796322761,2.50179147720337,33.65724911523,10.1105928909618,1.0,13.25,60.728,7.52231130815079,2.93259706646679,70.4778,0.0,0.0,0.296,0.1449999999999999,-6.0290078496267,0.547,6.17921585248158,0.684,56.2204142195756,0.551535427570343,0.167672276496887,0.380652487277985,11.1602533885932,79.8652687573958,6880322.0,906917705.6,713.946677,0.0,2957695563.5444236,0.0,0.0,1.0,0.0,4.8,16399089.0,180.35730908859776,0.0,1.0
ZMB,Zambia,2016,35.4,31.4099630204235,6.22847198956029,0.044659037142992,0.62,7.203,15.442120506954405,-0.447,3384.2650000000012,18.237,30.662499225,2.56121468544006,34.8771666095938,17.8697300795268,1.0,15.5,61.129,7.68612523021962,2.9015205503836103,71.0461,0.0,0.0,0.324,0.133,-2.24414823708687,0.569,1.69392927805065,0.637,54.1825064091292,0.513145089149475,0.189501240849495,0.335644096136093,11.6772125402718,73.958561254616,7162285.0,812764161.2,730.47508,0.0,2704993622.7735257,0.0,0.0,1.0,0.0,4.8,16914423.0,159.92231143643065,0.0,1.0
ZMB,Zambia,2017,40.3,37.9338331969501,4.0242711937365,0.0440011695027351,0.675,7.005,14.9060105438137,-0.658,3395.476999999999,17.475,31.997001261,2.60242486000061,37.3040449214626,6.57731154205644,1.0,12.375,61.564,8.12723823562854,5.68799518266873,77.05,0.0,0.0,0.367,0.1419999999999999,-3.50851502328065,0.724,2.0914904852687,0.577,52.0938849633709,0.509300589561462,0.175640419125557,0.354506611824036,13.2264399699464,71.5856946542566,7452606.0,793620163.5,800.127881,0.0,3616054559.3313847,0.0,0.0,1.0,0.0,4.8,17441320.0,207.32688577076647,0.0,1.0
ZMB,Zambia,2018,40.2,42.4826551781958,3.3411239920944897,0.0436437763273716,0.615,6.775,14.973719234617,-0.51,3425.956,19.424,28.649133079,2.64429807662964,34.4853215849232,7.4945719272852,1.0,9.79166666666667,62.138,6.84776647956377,6.34088466305535,86.0723,0.0,0.0,0.439,0.083,-3.54703938680466,0.708,2.2158652901341203,0.534,54.2445428614432,0.493247509002686,0.162710443139076,0.325165450572968,11.7483463033985,74.8883695274665,7748670.0,714790372.9,877.7990080000001,0.0,4017710101.694174,0.0,0.0,1.0,0.0,4.8,17973569.0,223.534352119725,0.0,1.0
ZMB,Zambia,2019,43.0,40.4159243945716,2.86077493680796,0.042792446911335,0.499,6.482,15.626189907947795,-0.49,3372.366,20.413,29.735795406,2.68684506416321,34.9419812171167,9.15031644316296,1.0,10.2916666666667,62.914,6.78893009670748,2.18381315797062,93.0148,0.0,0.0,0.542,-0.117,-2.49694703180885,0.686,2.4696743253059403,0.49,54.6037591025552,0.473113119602203,0.224550053477287,0.310985773801804,7.91506539515975,68.791204936096,8051629.0,666541290.5,788.4127760000001,0.0,3260675594.0765486,0.0,0.0,1.0,0.0,4.8,18513839.0,176.12098679677123,0.0,1.0
ZWE,Zimbabwe,1995,31.948579788208,17.18647181662071,13.4645115952214,0.0364091582596302,0.537,12.831,24.7896663575589,-0.1149999999999999,3076.857,18.012472665597272,7.241679801005221,1.99753057956696,25.6992269852425,9.349443135464512,1.0,30.145750222451195,51.144,19.2656359803233,3.69420562111707,0.0,0.0,0.0,0.526,-0.466,0.0990040811586581,0.344,21.2927286275111,0.619,49.2199578355587,0.553211390972138,0.222699716687202,0.196761980652809,8.54428671214653,79.156711173577,3449315.0,460811903.5,14.144599,0.0,596594044.0,0.0,0.0,0.0,1.0,9.71,10974599.0,54.36135242845775,0.0,1.0
ZWE,Zimbabwe,1996,32.3372955322266,22.718809430428905,19.3426818580193,0.0368146002292633,0.536,14.009,21.5441253260218,-0.421,3076.857,14.027439023409102,4.634551720662163,2.01158380508423,23.0032135553608,10.811293335124244,1.0,17.947416990035247,48.981,16.6871165644172,3.99007876458701,0.0,0.0,0.0,0.526,-0.466,-0.5472574694391922,0.344,8.663380413356734,0.619,46.5001460706982,0.627834618091583,0.168950721621513,0.161649942398071,7.99042829291191,72.068361086766,3534623.0000000037,437236192.1,14.732681,0.0,560905378.8,0.0,0.0,0.0,1.0,9.71,11158360.0,50.26772561559225,0.0,1.0
ZWE,Zimbabwe,1997,32.7226104736328,4.108123344280383,16.6949847668151,0.0368686430156231,0.549,14.349,26.5807680322114,-0.47,3076.857,8.610649382251193,4.427182053050725,2.02573585510254,22.5333958284509,5.555615908888383,1.0,40.658792218934465,48.536,15.8776658073588,3.10028974498855,0.0504646819999905,0.0,0.0,0.526,-0.603,0.4543870814965457,0.539,8.104846367862203,0.619,48.9483243496602,0.86511904001236,0.147297337651253,0.0048474534414708,6.77129137790896,82.2035387860323,3626972.000000004,385255388.6,12.862148,0.0,490856203.1,0.0,0.0,0.0,1.0,9.71,11369827.0,43.17182689763002,0.0,1.0
ZWE,Zimbabwe,1998,33.1038475036621,-16.443913735126372,18.890753678623,0.037162970751524,0.567,15.011,24.8153684789384,-0.524,3076.857,12.132114833394557,6.095310147000001,2.03998756408691,20.8071503844503,7.395865887829695,1.0,40.72790984270409,47.551,14.4178603489325,0.804858369086569,0.1645254689999902,0.0,0.0,0.585,-0.74,2.155228677344515,0.539,8.61372593456623,0.575,47.0005073962765,0.848438441753388,0.143520176410675,0.0031926496885715,5.59080463449055,88.5133289098786,3721363.0,407171308.9,9.442856,0.0,424707898.0,0.0,0.0,0.0,1.0,9.71,11594297.0,36.630758898103096,0.0,1.0
ZWE,Zimbabwe,1999,38.4,-21.800925906732708,15.4813087517307,0.0375645719468594,0.567,15.893,16.161617833315198,-0.367,3050.986999999999,12.09680373071377,5.555303310999999,2.05433940887451,19.1175398965241,2.778434037662892,1.0,22.600834568553616,46.379000000000005,13.2004663703272,0.703599845259129,1.485090966999998,0.0,0.0,0.585,-1.0295,1.6610981848343132,0.539,9.970402049317082,0.575,46.1305836916126,0.831454217433929,0.112317949533463,0.0017710662214084,3.70089065515096,70.9210813961962,3801789.0,382930278.3,10.68951,0.0,394353160.0,0.0,0.0,0.0,1.0,9.71,11783458.0,33.46667506261744,0.0,1.0
ZWE,Zimbabwe,2000,33.7,9.059833741737862,15.6687707765286,0.0384445525705814,0.629,16.254,21.5628964517436,-0.481,2929.653,14.763046028986924,9.233894569000002,2.06879234313965,20.17050604995578,7.719191787513018,1.0,28.20352647993238,46.034,13.3866208493632,0.801847432306675,2.2404999999999973,0.0,0.0,0.784,-1.319,1.5304491517430483,0.539,12.985140933708266,0.272,70.1266201023419,0.871227324008942,0.157109171152115,0.0031291430350393,3.9017087664519305,74.0708923168864,3852926.0,293949525.1,5.733806,0.0,351347578.0,0.0,0.0,0.0,1.0,9.71,11892055.0,29.544732008050755,0.0,1.0
ZWE,Zimbabwe,2001,34.2,10.051432208189269,15.6288021236589,0.0398262850940228,0.677,17.426,27.724546060426302,-0.877,2923.8590000000004,13.698720515585634,10.543602977,2.10517907142639,21.22347220338746,6.145783302152567,1.0,25.22841519856812,44.525,13.1438262729049,0.564822989541948,2.62281999999999,0.0,0.0,0.784,-1.4175,1.3408977874290438,0.539,11.44814638449824,0.209,74.6672565719131,0.832741379737854,0.108472652733326,0.0021465716417878,4.02799179313518,67.8980938686723,3890859.0,274770190.4,7.289841,0.0,326270503.30115384,0.0,1.0,0.0,0.0,9.71,11971901.0,27.253023834824045,0.0,1.0
ZWE,Zimbabwe,2002,34.2,9.998640787363522,12.5684567195934,0.0407401137053967,0.678,16.339,84.8133696679852,-0.553,2705.7919999999995,13.692589470041876,10.353345562,2.1422061920166,22.276438356819146,6.101396725201754,1.0,28.143578621909175,45.938,11.8710846696348,1.32030561761863,2.8026899999999983,0.0,0.0,0.784,-1.516,1.3338451199009709,0.539,13.065553855338552,0.209,77.0221819471258,0.930939733982086,0.0892792493104935,0.0008135107345879,5.172193770811969,66.8098183680706,3936125.0,294113118.7,7.099063,0.0,271833049.06730765,0.0,0.0,0.0,1.0,9.71,12087653.0,22.488488796568504,0.0,1.0
ZWE,Zimbabwe,2003,35.1,13.266256214712522,14.7936480237327,0.0415571667253971,0.731,16.743,53.1683069517072,-0.377,2265.172999999999,14.25399230162519,19.225802473,2.17988419532776,21.71053173250631,6.0997692654049995,1.0,28.17862818546748,45.373,12.1673501439665,1.21503564974506,2.9728700000000003,0.0,0.0,0.811,-1.088,1.8656924173476837,0.539,13.042821191184544,0.183,74.3608760143094,0.982890069484711,0.101216480135918,0.0001932068262248,6.98217572203532,70.4519675420993,3987779.0,316710730.0,6.0853589999999995,0.0,248566648.5880769,0.0,0.0,0.0,0.0,9.71,12232323.0,20.320477851024446,0.0,1.0
ZWE,Zimbabwe,2004,35.6,12.523666331281945,18.0640440733408,0.041645709425211,0.731,16.246,17.0479685871403,-0.466,2106.8489999999983,6.4019815111187945,27.866988898,2.21822500228882,24.3823706636825,3.63206621244981,1.0,5.789729774909823,46.043,13.9493845226823,2.06464063081244,3.4429000000000087,0.0,0.0,0.811,-1.205,0.3532430172063677,0.539,3.322777215674846,0.183,49.8321425497116,0.827877342700958,0.242573082447052,0.0072486884891986,8.43730994677101,76.0394249806318,4034722.0,309047437.0,6.445215,0.0,524191971.4203774,0.0,1.0,0.0,0.0,9.71,12365896.0,42.39013262123322,0.0,1.0
ZWE,Zimbabwe,2005,36.1,14.332124464108569,17.1493075153041,0.040456086397171,0.728,15.893,14.948548815947298,-0.484,1934.1709999999985,10.409000000000002,39.16287724,2.25724029541016,26.4793991229974,4.5530605127185,1.0,38.75187497174299,46.57000000000001,15.1217817913429,1.94565384017996,5.183750000000003,0.0,0.0,0.811,-1.268,-1.5216331787330346,0.539,31.807685014099263,0.183,48.6823253592671,0.836679518222809,0.470964193344116,0.0320025235414505,8.5582074673681,76.043068640646,4075625.0,125085422.60000002,6.218249999999999,0.0,380200513.09692305,0.0,1.0,0.0,0.0,9.71,12483432.0,30.456409190751636,0.0,1.0
ZWE,Zimbabwe,2006,37.2,-4.034121246498067,19.2316519025107,0.0390674136579037,0.727,15.501,13.001184477186053,-0.426,1837.4320000000007,6.3919999999999995,6.633571672,2.27985548973084,30.6513058245743,4.159168204143256,1.0,6.351191508921669,47.056,16.0141368706109,4.45014973945099,6.719819999999999,0.0,0.0,0.811,-0.932,0.0995003290876072,0.539,2.1495566711691163,0.183,44.9350530132648,0.995912075042725,0.25273859500885,0.002166584599763,11.4813042316831,82.8200302932942,4127578.0,128123730.4000001,5.300469,0.0,330649700.50576913,0.0,0.0,0.0,1.0,9.71,12636445.0,26.166354580403677,0.0,1.0
ZWE,Zimbabwe,2007,37.2,6.208100724359387,21.1955238679824,0.0381699129939079,0.727,15.204,11.053820138424804,-0.441,1770.5240000000013,2.59,7.692443293,2.30269718170166,32.4614004438359,3.5685887493110275,1.0,6.145566019024294,47.57599999999999,16.0961329618962,5.52927711545011,9.572389999999992,0.0,0.0,0.811,-1.11,-0.616688198055776,0.539,1.9042690211944435,0.183,44.4874639973559,0.926847219467163,0.174452781677246,0.0021789774764329,15.559238462362,84.1682798999008,4184062.0,134460312.0,5.069339,0.0,325598211.52750003,0.0,1.0,0.0,0.0,9.71,12804058.0,25.42929839332968,0.0,1.0
ZWE,Zimbabwe,2008,37.7,-0.295035472774984,19.018786781349,0.0374783277511597,0.74,14.714,9.106455799663555,-0.424,1471.744999999999,1.9830000000000003,6.831912148000001,2.325767993927,30.4832503395201,3.5519152029328502,1.0,15.26151738364154,48.456,16.3365776369398,2.40577467248271,12.768700000000004,0.0,0.0219835646063035,0.811,-1.212,0.196193756635556,0.539,9.515805386324612,0.183,48.5457220461747,0.988862454891205,0.227522343397141,0.0033263422083109,18.3230470823159,109.523540063377,4236512.0,129425807.60000002,4.840159,0.0,316554467.5461539,0.0,1.0,0.0,0.0,9.71,12959149.0,24.427103010093788,0.0,1.0
ZWE,Zimbabwe,2009,43.4,-7.242113605324882,10.7437375591345,0.0381062477827072,0.739,13.983,7.15909146090231,-0.658,1566.3790000000008,9.668,0.0,2.34906959533691,21.4538686244604,1.436203487316433,1.0,9.363890878862067,49.75,11.0306853139622,0.912792592657188,30.3665,0.0,0.0071842969795099,0.802,-1.1670000000000005,-0.0064334842441866,0.539,5.996211229447416,0.237,54.9155959982421,1.07170557975769,0.113521076738834,0.0042100148275494,6.76260898727295,61.7764909650234,4298669.0,542317089.1,5.644312,0.0,252361041.07923076,0.0,0.0,0.0,0.0,9.71,13142790.0,19.2014816549021,0.0,1.0
ZWE,Zimbabwe,2010,38.9,-1.5996914488058387,9.60967815567222,0.0416634753346443,0.724,12.745,13.543689022532696,-0.794,1857.983,18.254,0.0,2.37260484695435,20.6947355315308,3.022670025188919,1.0,9.413500766707372,51.925,9.20918843767508,2.28456555833204,57.6496,0.0,0.0,0.789,-1.104,0.550796310053478,0.563,5.9567987575000405,0.317,57.8323753397937,1.04426980018616,0.174217253923416,0.0129374396055937,7.09847064162797,83.1234047851259,4371391.0,528729079.6,7.786422999999999,0.0,843393781.2757692,0.0,0.0,0.0,1.0,9.71,13356548.0,63.14459254560155,0.0,1.0
ZWE,Zimbabwe,2011,36.9,-0.2821818922076566,8.66645403643065,0.045761626213789,0.724,11.694,18.9833979710852,-0.833,2101.4219999999987,20.713,0.0360773203333408,2.41582274436951,21.7201786093983,3.4661297281749004,1.0,9.376519257566944,53.911,9.1732227656106,3.02582901599048,67.6698,0.0,0.0,0.789,-0.9449999999999998,-1.52257318727527,0.563,5.94111483371213,0.317,57.8956694308597,0.813384711742401,0.195574879646301,0.136740803718567,7.87938898914128,89.4659437238642,4453416.0,527094857.9,9.600003,0.0,830045119.9200001,0.0,0.0,0.0,1.0,9.71,13595424.0,61.053272036238084,0.0,1.0
ZWE,Zimbabwe,2012,44.0,-14.216017890171996,8.04450024819692,0.0492856167256832,0.724,10.946,20.140724208460504,-0.861,2338.5099999999984,20.424,0.0385576918616195,2.45982789993286,25.3306858994948,3.725326661106461,1.0,11.5966666666667,55.386,14.0435658597833,1.96165547732282,91.287,0.0,0.0176585171987539,0.788,-0.7789999999999999,0.0393438870400355,0.563,7.27464858446586,0.3179999999999999,55.0851169445499,0.945457875728607,0.203361734747887,0.0806299895048142,5.96773281078297,74.1627003825153,4531324.0,520124249.2,9.333343,0.0,754657877.0769231,0.0,0.0,0.0,1.0,9.71,13817887.0,54.6145642294602,0.0,1.0
ZWE,Zimbabwe,2013,40.6,-6.0767952910418686,7.14500739499758,0.0517741851508617,0.699,10.233,18.7319297666254,-0.848,2319.257999999998,19.594,0.0342920490000011,2.50463485717773,23.8001125610251,1.6349504154382206,1.0,9.74,56.842,12.9196497519731,1.5117417833678797,97.2838,0.0,0.0046069211087678,0.743,-0.666,-0.256773494969398,0.58,0.3373148765713107,0.342,58.3262437338848,0.889247953891754,0.174235612154007,0.0756828263401984,5.042839351091741,58.6560737143829,4610814.0,519341619.6,12.413201,0.0,748737203.576923,0.0,0.0,0.0,1.0,9.71,14013808.0,53.428533028062255,0.0,1.0
ZWE,Zimbabwe,2014,32.3,-5.398652952220601,8.74496936761426,0.0533438846468926,0.642,9.621,19.210345414346204,-0.864,2314.778999999998,19.333,0.0353296370000002,2.55025768280029,23.7189510650842,-0.1977848101266097,1.0,9.4675,58.106,12.5913203968112,1.4848813746744,83.0461,0.0,0.0623369671683313,0.743,-0.714,-0.223267963327458,0.58,9.74402156755415,0.308,57.5914485657891,0.864519238471985,0.179745525121689,0.0788648054003715,5.62126327970579,54.6717592473918,4711559.0,486727497.2,14.958986,0.0,913294766.1538464,0.0,0.0,0.0,0.0,9.71,14207359.0,64.28321872867761,0.0,1.0
ZWE,Zimbabwe,2015,33.7,-11.438011939233904,8.28483096141089,0.0549768693745136,0.642,9.18,18.3157437835024,-0.836,2317.4360000000015,18.714,0.0343958531297978,2.58465313911438,22.3586547006621,-2.430968423834038,1.0,8.54177133537791,58.989,11.8884007359844,0.80456323878968,88.5992,0.0,0.0226080767805338,0.743,-0.619,-0.815855536223367,0.58,7.8864929625292,0.308,58.6509456397932,0.941748976707459,0.173884332180023,0.0818547531962395,4.60618520596556,56.7496526604333,4832491.0,463752752.4,13.474216,0.0,798641852.0186538,0.0,0.0,0.0,1.0,9.71,14399013.0,55.46504138989622,0.0,1.0
ZWE,Zimbabwe,2016,42.5,-5.670410612377381,7.873584882717031,0.0564141944050789,0.656,8.816,17.0984957033978,-1.124,2299.0149999999994,17.038,0.0,2.61625742912293,22.1153495385289,-1.5436696005416106,1.0,7.11333333333333,59.76,11.5957537361528,0.903845635535043,88.21,0.0,0.0227863385971938,0.762,-0.621,-4.21675522055475,0.585,4.84676501119519,0.281,60.4095480136678,0.886755287647247,0.165716037154198,0.0801411420106888,4.49541367401877,51.2190376594477,4975772.0,455165191.5,12.826929000000002,0.0,826562167.3048654,0.0,0.0,0.0,1.0,9.71,14600294.0,56.61270706636903,0.0,1.0
ZWE,Zimbabwe,2017,44.0,-3.024929455062398,7.24788152959223,0.0577452965080738,0.642,8.587,5.8100541807835455,-0.92,2383.019,17.554,0.0433363854224815,2.64824795722961,32.0157377663457,0.8939623160500272,1.0,6.91416666666667,60.263,14.0269868344529,1.71234881128599,95.1367,0.0,0.0475010544657408,0.739,-0.71,-6.703401067914591,0.659,-64.0569870550594,0.266,54.9436180469088,0.835120499134064,0.107766188681126,0.119595251977444,6.09544838030308,55.028317831061,5140153.0,482184792.8,12.592409000000002,0.0,944644710.6153846,0.0,0.0,0.0,1.0,9.71,14812482.0,63.77356007017491,0.0,1.0
ZWE,Zimbabwe,2018,45.4,14.2208341144173,7.31920056282215,0.0590229369699955,0.656,8.321,5.83026742967084,-1.0,2466.8629999999994,14.815,0.0406996279999987,2.68062973022461,31.0377751295783,10.6188658669575,1.0,7.131666666666671,60.906,13.6782294074574,1.64633911808631,85.8627,0.0,0.0378599470385951,0.762,-0.7209999999999999,-3.1316245330142904,0.635,3.4548246572713603,0.255,55.9846516102169,0.868966639041901,0.122730128467083,0.13366687297821,3.3781894467423506,54.55031658746,5323482.0,470895600.2,14.06136,0.0,1296567253.9682307,0.0,0.0,0.0,1.0,9.71,15034452.0,86.23974149295437,0.0,1.0
ZWE,Zimbabwe,2019,46.7,20.5554555984053,22.7056524805476,0.0599227100610733,0.685,8.281,3.428021764486374,-0.921,2270.392,10.826,0.0449130033348552,2.71340751647949,38.9749459493832,255.30499075785596,1.0,16.1816666666667,61.06,12.1572073269899,2.41107592851979,86.4094,0.0,0.0508825188985078,0.765,-0.9429999999999998,-1.3173866624251498,0.635,-76.6315761576556,0.2269999999999999,34.7344486451697,0.777127623558044,0.107014581561089,0.1301468312740329,4.71576545765887,46.1065442675515,5525756.0,468198468.7,12.557933,0.0,1046750189.7404926,0.0,0.0,0.0,1.0,9.71,15271368.0,68.54331515948621,0.0,1.0
