Total_Production_Value_Per_Capita,Human capital index,Rule of law index,Political stability — estimate,Trade (% of GDP),"Gross fixed capital formation, all, Constant prices, Percent of GDP",Share of investment in GDP,Domestic credit to private sector (% of GDP),Landlocked,Urban population (% of total population),Government revenue,Capital depreciation rate,"Use of IMF credit (DOD, current US$)",Real interest rate (%),"Inflation, consumer prices (annual %)",Access to electricity (% of population),Adjusted savings: gross savings (% of GNI),L1_ECI,Forestry rents (% of GDP),Inflation_roll5,RealRate_roll5,Resource_HHI,HCI_x_ProductionValue,RuleOfLaw_x_ProductionValue,b
0.002999777633819981,0.03365600100341798,0.012919611450962381,0.0011297710791390398,0.000550873969358956,0.0015770736134883242,0.00015268533484185165,0.6022820935167821,0.0008303201907714653,0.014773671927774725,0.050208585966833384,0.0003874936244016837,0.036894455266559496,0.00021906904999349894,4.275861728548313e-05,0.017129486253597614,0.0016575935721807893,0.1757446514632097,0.02134965003362437,0.00018040520582843897,0.0036343157989099425,0.0005256782160505745,0.01767340035716081,0.0034805768540073245,1
0.0023757453607720406,0.5598734822357259,0.002456313267961428,0.0024412563008127577,0.009555385724558241,0.002118667881101172,0.0010300104387593232,0.20217044535968992,0.010944813157043818,0.011311103848532365,0.10137931789006663,0.007416561634169583,0.0007982109620465754,0.00025929016404048835,0.0006127348242173725,0.03743654242584573,0.0021176252192958447,0.023624051172029894,0.0026701302714126377,0.0059550537346855,0.00019718242158613244,0.006130525401737628,0.006325840464923602,0.0007997098389854293,2
0.006834378102384721,0.06151292896638099,0.01791108129668371,0.0014108063086336138,2.293984956352893e-05,0.002108707314959856,0.0004681712012604834,0.02084185943201813,0.00018311350184714107,0.011202903236601981,0.0004124081076879331,0.00031090799824607036,0.0006814128885208288,6.811814069345802e-05,5.320699542388363e-05,0.6320617864043049,0.010554227745041224,0.17942290691920376,0.0010445164984140818,0.0012148721787771698,6.87065462558629e-05,0.0010497026334922107,0.04411438763390934,0.006445950099695118,3
0.012722999389162798,0.06478939739400642,0.014558840818302901,0.0011496070799666665,0.0005850545734984823,0.0026521343431955852,6.890401147999297e-05,0.082133828909586,0.00036936804400250186,0.20609542482021115,0.08720859057358826,0.0048300962242333505,0.0001476509054332742,0.0009033702923852087,2.723978463708557e-05,0.41410117198791613,0.004067668879600104,0.051117848286487744,0.03965680274543978,3.921208648471057e-05,0.0,0.00042730335228349846,0.0002836968046332751,0.012063788693465222,4
0.004023960313459769,0.11081510271510964,0.15086330888008828,0.004860809078191134,0.015748199712656126,0.01914610564761453,0.00012127825398514212,0.12511343602718464,0.003422848303111721,0.03360224914745179,0.3930085216774855,0.0006352971404381588,0.0019209841593541355,0.00014055323609531107,0.0006007488677822511,0.01846406213272416,0.000611475933233063,0.01814286637578197,0.008071139310770923,0.008652718039705822,0.00010192963448784506,0.02648190579752988,0.002842520290605187,0.052607979325153056,5
0.0031956924361294286,0.021813691446635586,0.20937161601394688,0.002640469912970904,0.009719623427156166,0.00018157706839585768,0.0012158088013452038,0.0993699551662445,0.0013631678888954887,0.09977920593704605,0.00370848627382517,0.009165318672203927,0.004303475695752043,6.532077725585949e-06,3.551183444039319e-05,0.38216723477954956,0.013422588935556345,0.10063692397793789,0.021903742883850733,0.00153504681859679,2.37916308269468e-05,0.0018790105276403606,0.011045832578569462,0.0015156952147586855,6
0.002202935394651918,0.03338966159206887,0.06324079039006208,0.00029982993554817267,0.009252038600806,0.0009904849685220026,0.00043335421670198264,0.0077776710407491565,0.0,0.03284630326950291,0.12772336376972598,0.000910962050534869,0.0003046823403676205,9.661589359139673e-05,0.0004493501631595048,0.6854316887455844,0.004623991603665968,0.018413004512209903,0.003347746621339375,0.00014064068006007906,0.0002665304940808786,0.004759946896571687,0.0017614300843605088,0.0013369767361348923,7
0.005605968068018769,0.1782924732727612,0.07935983234313568,0.011695575324007425,0.00016896236074684357,0.00106292879111697,0.0005768500752090125,0.03475864906716898,0.00023248255354144247,0.02685923294344386,0.0009133316578104316,0.0009850509167513074,0.001061170070953639,0.0004119268897059624,0.00016411824647801808,0.5659978690867015,0.0020470247574207023,0.027312994675402713,0.03892554863613601,0.00037530355361090046,0.0015175298575869046,0.019166742215603497,0.001710287775106547,0.0007981468615816964,8
0.004982730219708989,0.04086715200075778,0.3498294584059954,0.2821802451766664,0.024126648644487752,0.007018949515209336,0.000252389649193851,0.09707945956207725,0.0011686747807667405,0.02777935357356232,0.05106390451185704,0.0217079205073384,0.0033638192735145167,0.000723255409960902,0.000622143496900279,0.05065951857372002,0.013790451227792768,0.005425859041654609,0.00629013578604051,0.0016644527069993645,0.00416825313627078,0.0005218122023626367,0.0027297079930462625,0.0019837046041161458,9
0.00030953955831683206,0.04232652315032569,0.5085528154873642,0.001990357863309854,0.0030524209034563897,0.0010557065200510233,4.475989042697072e-05,0.20173742523422683,0.01828667783904666,0.04130823143712345,0.07920860947248444,0.01308902186822183,0.0018897197060019078,0.0003783468889095991,9.249678148384133e-05,0.025301966662726164,0.0117985923416073,0.008323486901515856,0.034209379425427504,0.00013815579468431257,0.00022173548869611846,0.0049249540990066384,0.0007889084544838947,0.0009701682311029898,10
0.004105427834033276,0.030102872559338335,0.18075187914865873,0.0009957116624969755,0.0007056669022049762,0.004027180280786306,0.0030022265974367682,0.1360870303711528,0.0009666156061797545,0.01466693633053337,0.44597627698520936,0.005089671547851344,0.00429628356259448,0.00021622194001035713,0.0017715463585425747,0.03254153388479779,0.004771031782563744,0.011665771420308819,0.03521598697236873,0.00031489537085245436,0.0006229863117548617,0.06781195344534381,0.006087056917143313,0.008207236207837058,11
0.004177722739147658,0.660422313156929,0.04255941129748925,0.0035740381550952486,0.001444940447588305,0.000651914255654363,0.0009961388382544302,0.10496703792690366,0.0008015830462392922,0.07193720532936672,0.0351625532103464,0.002101211149544349,0.001272844629215144,0.0012645063357664163,0.00012350151477243676,0.012444275374865029,0.004834370872853824,0.02308994417085314,0.018680008513704105,0.0005507293179753883,0.0009672200138224669,0.002271585995645326,0.0035359244711201856,0.0021690192368478494,12
0.0008906242909581865,0.26799769904349274,0.07658663177843417,0.0013927169533579818,0.00035795112968233975,0.0007034039980336549,0.0003629268646830401,0.3805456514221257,0.0008765303757354562,0.0028206321279639606,0.021392145230378808,0.006112853788394894,0.0007631835654728455,0.0002790384580475411,0.0006045531373113178,0.1598982727607343,0.000401949767104896,0.018428102546261895,0.042597210727071726,0.0003652628041044056,6.615634277035222e-05,0.010744050610325203,0.0029072913118431305,0.0029051609657113277,13
0.003305213276968884,0.016678161679756536,0.5123321314978709,0.014491656221447215,0.003560072981177766,0.001330158262721244,0.00010974108462132176,0.06385494919707249,0.0003331751287980084,0.019686203477122223,0.015296674884631468,0.08175578820425364,5.586385494711177e-05,3.669572267697538e-05,0.00013332050836124663,0.18962609992120305,0.001359167224231213,0.0033553539408753487,0.03698880883800458,0.027097329204406148,0.00020903996279369395,0.0018376867401271033,0.0047903751631592165,0.001776333022772451,14
0.02444212966565897,0.00886819232380936,0.07766481295808512,0.001591364694451415,0.0027550225213954127,0.005135128379227857,0.0005125258183321679,0.010766583300645376,0.00010846678365012179,0.07645383362741319,0.6512794236446108,0.002322567906588398,0.009154323680941672,0.0013335455274848763,0.000299988632439512,0.098262186532263,0.002134749319329728,0.001248191398916224,0.020231884897415963,2.5224344922326426e-05,2.089512447409743e-05,0.00016667461887421984,0.003220589893595094,0.002001694405474965,15
0.010328116916412687,0.08429441163742923,0.013109031028588913,0.021512166336781716,0.0018606807972621252,0.00041628477610163717,0.0005952335226870778,0.01291709469539204,0.0,0.11528170823112077,0.001084266772864545,0.004450698420491395,0.0008245075223338832,9.020419401225692e-05,0.0005324484163029921,0.6615203055161991,0.0039709304970474155,0.043737887044603616,0.019138165293822014,0.000302575713240135,0.00039848582924858496,0.0009319961834935407,0.0019773054479939934,0.0007254952065703892,16
0.0009195966236339449,0.40853120277597466,0.031062180161680567,0.0014786705647645909,0.006762811688280508,0.0015230967927336463,0.00014152619563771355,0.09464944594715058,0.0006508076347514547,0.12531290508218929,0.1384252987168575,0.0034307196488237127,0.0006406796016207524,0.0009723394043823492,0.000869226021281164,0.0728328169171668,0.0001841831936508054,0.06837933377587871,0.017236779599377056,0.00030324578250573295,9.55831004078164e-05,0.008942281774431592,0.015308013380872685,0.0013472556159464574,17
0.011464665943864465,0.013135548634490955,0.2346266959930348,0.016186749780518164,0.036133663375972534,0.004602883586136262,0.002137520336504232,0.07083437261949387,0.002221352461484526,0.047636044057115634,0.0010056284383429222,0.002353032416300863,0.00037156696316522107,0.0013858073086634043,0.0010719593684900834,0.5037851744071281,0.0030054138812728977,0.03387022118399048,0.004356988627798667,0.00011932105484125042,0.0041169117059693125,0.0005931039430594697,0.003298175034648184,0.0016871988777136364,18
0.0014275069862103044,0.42401881571546707,0.07922356499993799,0.061732240882956764,0.0016992208801166935,0.0001850526739459952,0.0003512930418828615,0.03069534377502006,0.013776274046364317,0.007819205507581882,0.24641790305900152,0.000716586571500777,0.0006307575302629563,4.258580577874192e-05,0.00047613400403242947,0.06644466564747711,0.005270412068919204,0.024077548721641202,0.005047959673658412,0.0003512733123736184,0.0001258198225183325,0.027675567695334052,0.0013586301279070907,0.0004356374501106077,19
0.004301660797575569,0.10037824858985174,0.11641259168808522,0.024595646434030026,0.0007448558855258724,0.004400634780321071,0.008542307604578182,0.0022375912582832274,0.0002962396298817179,0.03937277592079933,0.015795426835846983,0.04724591791915612,0.0028096971594589186,0.00042747073575042516,9.351660407860924e-05,0.5981308007931774,0.0024273687182069024,0.002908832803733168,0.0024189673288099282,0.0037366908226226076,0.0004456243047945776,0.0005212807628180309,0.008418965986132376,0.01333688663648191,20
0.033453630038322725,0.6375479704346911,0.01876587766694248,0.00780365258388494,0.0024947680789265277,0.000873080420016089,0.00024306758838327978,0.009110011101057686,0.0,0.04837608337278412,0.08930738604086566,0.005358012253808817,0.0006688752029985647,4.315520973402396e-05,0.003807507915666096,0.10258815630463089,0.0012596017866618474,0.0161184083201074,0.0011242092291028876,0.00044815393372243457,0.00046459426769852397,0.0001143812906279625,0.0018521074227020478,0.018177309536663903,21
0.02106357054855534,0.028285296306665122,0.11102390570884149,0.01896919785626726,0.05888293449528965,0.0005051770442769691,0.0002905064466999273,0.07376111419583249,0.00046478365490250335,0.0912295262716535,0.001751558519166608,0.01709986416035644,0.05595755262261382,0.002616253214016737,0.0014340150997400822,0.4259239912133005,0.023944715295200265,0.02301556344882768,0.02344293726581419,0.0003091346159274221,0.00033721188933272315,0.013701347781664633,0.002904767226419805,0.003085075118634846,22
0.007128016382790129,0.05139339906678425,0.04606630677362327,0.0031281420160836587,0.0035546408487098806,0.0024925057367238984,0.0007288142560295853,0.008138961278401215,0.00012341118439507297,0.010184310101447434,0.0019753078714287602,0.024984731384570778,0.010343406481353125,0.0005852084685149011,0.0003080581689780316,0.7581609827772344,0.005196603199495124,0.03801286951483346,0.00893402020352703,0.0010116459616974962,0.0009940335343197938,0.004226868184913572,0.005554684220971946,0.006773072383173155,23
0.006984917705380545,0.18508173280793822,0.19537354170423835,0.0015640489720667484,0.0017192239301554672,0.0004015118920003096,0.003829046002618328,0.20532683427378864,0.0,0.0094007310194792,0.0018370093272862152,0.004817593558032276,0.009075033155568528,0.00021199660604210086,0.00016313430123987877,0.3096352992408909,0.002381331412014333,0.0209850795927764,0.006188882501119643,0.00043689491721528295,0.009694504716097957,0.013124276836034324,0.009340089924268167,0.002427285603748212,24
0.0018069747664889355,0.1305464215849179,0.09016909351038761,0.004098730546336733,0.000773954591496807,0.002763689342362194,0.0007816134089103382,0.05827294238182147,0.0005446396610028183,0.02599814680937289,0.0036453210849833155,0.0001571651494311254,0.0016741808800222,0.00043859216072310146,5.2263967504649805e-05,0.5928128233559034,0.0013842322114606257,0.051914957056041426,0.0065201545248677615,5.32904916382011e-05,0.0005665931555221089,0.011022316751983568,0.0025254137319179765,0.011476488874902935,25
0.03216796741576234,0.11740806631519848,0.03182714267728159,0.0053614547332566705,0.00025414787460686114,0.011196377854410342,0.00021507588934588013,0.0052380354393766725,0.00014102944212463764,0.05338362733558103,0.01603177808284003,0.0015501156228831011,0.001343554721299893,0.00021018315649455168,0.0001799002476677114,0.5128671081439723,0.0006483475556721954,0.17287171590599107,0.006754348417716645,0.00034674102425720455,0.00020421844760419285,0.002683392829549626,0.024050307083213783,0.0030653637838933493,26
0.01976340401412971,0.07280293456657505,0.447666611184531,0.005315130456109154,0.0024796795898324965,0.0027039144168685657,0.000853501167733845,0.16654960879781303,0.00017385265324732456,0.03851874460820592,0.07334590724330785,0.005868773505389283,0.0009548743077642055,0.0018991434859515091,0.00022053856445198184,0.033473210273099366,0.007219179443683383,0.001992081773574529,0.0848452742144316,0.003929847650509033,0.0019144799030401778,0.0251080636185974,0.0013066748782449326,0.0010945696829086614,27
0.0018838203492593571,0.544671632083813,0.07709695464869289,0.006192588783802836,0.012139774398889077,0.0023828129335611245,0.004506619980276367,0.006943241507973637,0.0008177099576043088,0.2018359438398131,0.0057197817798121005,0.019404504373446145,0.0020539932632447776,0.004375160854563659,5.152227333882801e-06,0.04824599510537642,0.0024911861469648204,0.0358206856725351,0.017203871703284378,5.7370387786943454e-05,0.0008069144585537584,0.00112146993071164,0.00016482783312037001,0.004057987779580465,28
0.015206434139489591,0.09193335816160195,0.42254623967660465,0.0033387708624281224,0.005344699184214982,0.007065169257501615,0.0018557852949639907,0.14949719405258965,0.0,0.03768741592945693,0.002710330996440756,0.002327502997385109,0.000729378063832472,0.001103969426570587,0.0006905494053826565,0.10290728498614114,0.0575161753912054,0.016150516610113807,0.07423286042709576,0.0020717571999442283,0.0003066057266617005,0.0011016517744544738,0.0011479079875237374,0.002528442448396768,29
0.001212105363394145,0.000934800430072484,0.6704642576794582,0.00191143156072852,0.004376453321594803,2.3808694343878736e-05,0.0002676944857176599,0.008926409642660454,0.0,0.12176735356551312,0.0004408497772998857,0.06711484498387775,0.06374938747073693,4.698040006497968e-05,0.00018061399057781914,0.004639218499005882,0.004142797449579145,0.005588697042864475,0.007482748791116571,6.803822681310899e-06,0.00015263024324194705,0.0008239474540904015,0.013973445464717219,0.021772719866662425,30
0.009819955099441793,0.08846086199247923,0.5123250275692517,0.0832221340246487,0.018822883389168578,0.00014439155619766503,0.0006973335792976404,0.032829112312471855,0.00044471286104307256,0.07888657703612222,0.0008937910616378655,0.004911851633883586,0.008361288380839788,4.5996979562175545e-06,0.0,0.11037351194158154,0.01079339821740079,0.0002783764848051316,0.014774205613938662,0.00013927182474765635,2.7873953282590882e-05,0.009528382632301076,0.009720210338100652,0.004540248799401957,31
0.0008097561465056505,0.10818129689917934,0.04430189791205885,0.001604210026323494,0.013988637415279113,0.0017456368145668747,0.00021292067908476795,0.6405570675529773,0.0006140166625574002,0.00923101120526032,0.10938203306848905,0.007087241743974984,0.0028622182052918644,0.00016002122644439057,0.0022662578109688817,0.008219288282602856,0.011015991927602671,0.0027984973218755237,0.006087706221863725,0.0006544286530868481,0.0009648183391035688,0.026400247112855095,0.0008004418473183814,5.435692472907337e-05,32
0.0010060072233530554,0.07661500834870863,0.27252347714998665,0.004738931874739155,0.026915619418658415,0.00017552944527121715,0.0002177686600985114,0.02123981089832021,4.773594316833344e-05,0.027233109568814466,0.00024221568700063398,0.02905850200435638,0.00013188209024674462,0.00013003215327152053,0.0002448109133793941,0.46975125117016553,0.002923711615760497,0.02859165991838883,0.004318395111725668,0.0005249108405576585,0.0007688328377361054,0.03035968520489348,0.0012413760494133677,0.0009997358719855878,33
0.014783509364703882,0.05171426338620413,0.12169397288514774,0.00047004609951261273,0.004355829010110483,0.0005298055950372246,0.002093451680769042,0.1219945651896721,0.00271547613624598,0.04388987358719932,0.0018248213648817688,0.03738938526812136,0.003676509139631542,0.0008028220250236111,1.692078601360245e-05,0.5400174585648858,0.009542225627851725,0.0035666138997061964,0.002107098217185995,0.010014635147763441,0.00205388539985349,0.009445534462853636,0.006821952849682193,0.008479344311943145,34
0.00514243976560079,0.000578422288717831,0.12191315486025772,0.002474494149588688,0.0022924838004668327,0.009091992275647944,0.0004276365172770752,0.0041511862196220405,0.0003047482685680977,0.02932549647109216,0.000513500198184943,0.021750351434919202,0.0003788419014993115,0.0002801118391779612,0.00013447601887722353,0.7044261771221646,0.0033929378317270626,0.07994038939151467,0.0025672297497867595,0.0002656548631654525,0.00016618683229867892,0.0010191961600156292,0.0030412219973727987,0.00642167004245658,35
0.01455303746111737,0.7099387096042356,0.013750031745293621,0.03956701667537461,0.006386036056455407,0.0010131943569555233,0.030908071260451503,0.01144403461000762,0.00012630750198879174,0.03632473514575354,0.010356152928045368,0.006646025500676285,0.014553625763933762,0.0039992242445985645,0.0010140277217023325,0.03813712884730714,0.020506459528843633,0.002283636814484743,0.018309271415273862,0.0008650141862992443,0.009710038166079826,0.0014387546651948896,0.0011600931856538212,0.007009372614273191,36
0.03699983326847583,0.061832354762854966,0.012937777182981804,0.004282363969887224,0.004800798542347098,0.0022439758242770113,0.00011640284595660342,0.4997559120553884,0.0014316991587638467,0.016726804416108826,0.08082580906022226,0.011823853663835674,0.047482869548052684,0.00012859578625635276,0.0,0.15556965098167969,0.01699411591167307,0.01564577973667869,0.01626977826755343,0.0005348395808030794,3.5421736309307544e-05,0.00385282511897766,0.006263785827240715,0.0034447527536757136,37
0.000371820466578975,0.04718236776123254,0.009271655791030148,0.0384534996012556,0.006111851590435424,0.00015987391810906197,0.0025901350015883383,0.06030175381155601,0.0,0.16066964571090686,0.5105614266115842,0.0038411166200042575,0.01655469581572673,0.00145112414036334,0.00045073143953452727,0.12363688211325817,0.0007414974150366497,0.004459840331447189,0.0036041415304292708,1.8349003915478815e-05,0.004080295916753083,0.0026289625329403545,0.0013243967864913022,0.0015339360898224377,38
0.0026773416667426617,0.010083560543626996,0.055762915359127176,0.0013667934815623636,0.008982919394812152,2.741700179427208e-05,2.1870403887523214e-05,0.004300961269365115,0.0,0.011107796119551209,0.6378665263824776,0.00045717830115746076,0.00016113669189619852,0.00010241434096498221,0.0,0.20738728918661992,0.0001339884108749606,0.05676132589874988,0.000784622931865917,5.986031054916586e-06,6.779758314383532e-05,1.9178203811350357e-05,0.0014993701916363076,0.000421610605277302,39
0.011110510478621886,0.0151269830545954,0.22173080577818213,0.000486191231637816,0.00723953981806178,0.016567288890516,0.001020981337869493,0.028788736775060525,0.000199864459657534,0.045754615109912945,0.0018808774827534804,0.002418094161651744,0.004306600905686632,4.10900306815396e-05,0.0009809096871663426,0.5320027721412054,0.007231160707102685,0.03410158716813647,0.039284317670512214,0.000705675832226561,4.4869634035185865e-05,0.003779465638224251,0.018266950060738394,0.006930111945763617,40
0.0037413384793252478,0.16164413106864226,0.03107181434644755,0.0051685880578429405,0.0025889411574845957,0.001993437920391582,0.0001259106503384278,0.1702742052329495,0.005117049736923666,0.03242419531030397,0.10485507548328157,0.010570871665504702,0.001809454741015194,0.00029258433077670245,0.000376876877745471,0.43285801082074,0.005577575458442617,0.0020267228220249172,0.018243292574969254,0.00046914574365905976,7.312516224878948e-05,0.0026890712755527142,0.0032946828234496086,0.0027138982599396594,41
0.0006987554725896714,0.5060326911470633,0.04119367568567676,0.00025326297431428943,0.012038671310233241,0.01252545829793845,0.0007461536498914352,0.12458657865677984,0.0016899123331324713,0.020834419057696087,0.03207644995750018,0.0006700312179191429,0.04404351266718538,0.0,0.0001942781905384763,0.04322471953065335,0.00017057423264863055,0.14707251852759007,0.003061104377518847,0.000983691860917106,8.193597611953547e-05,0.0038649459525330176,0.0012083935031607536,0.0027482654203999156,42
0.00017824239832731577,0.0037873511822034923,0.6581849478726413,0.011749899263611314,0.004676717478980292,0.00019045962133957338,0.0005030925652523757,0.070106962218488,0.003937671742810124,0.006185264541441125,0.005579814040186858,0.0032094372979194602,0.003822094461111702,1.871002882674689e-05,3.990629955534433e-05,0.010981909694711595,0.0016969970508896046,0.15603185857465363,0.004520497806467599,3.592815806742573e-05,0.006337502446459706,0.0419030476766587,0.000898783389142935,0.005422904190253954,43
0.002577279471659418,0.3042882749266941,0.027028531807015747,0.0049450468627580966,0.0007733039673333852,0.0034820900627112847,0.003488973341542121,0.05131573763660187,0.0022050371643685764,0.00383594631749298,0.0013342356681433772,0.036471805492425825,0.0015538780727240135,0.002361785695555142,0.0016576731758200399,0.5149403020250772,0.0012695314731277784,0.003583000719275301,0.0036015210069887155,0.01588836937726668,0.0001862932959607455,0.001989943641663806,0.008305664225308401,0.0029157745724854387,44
3.746873970808374e-05,0.25804103820397645,0.1440194701346108,0.010800249174908138,0.002122565575666501,0.002014451521375688,0.002366810391136478,0.0826946356197353,0.0023408744934306836,0.02186494114225323,0.008649065190728056,0.0018402003300392567,0.0005119540963898259,9.541700198761267e-05,0.00013141986478972165,0.3878567850868198,0.0011997357723954813,0.039924655219813206,0.027891047015995766,3.26839157641533e-05,0.0001867587714985385,0.0026058885410908473,0.0005670542026451833,0.0022048299932412377,45
0.00399683404798608,0.0547646377227188,0.6364727353605102,0.009315134379045475,0.0006081455075305649,0.0012512614575026961,0.0002157393660644799,0.19401749616688524,0.014369320524155366,0.03237769067349684,0.0038768362198518054,0.0059847034863451595,0.0005005017428484149,0.0011567465953113726,0.004528700983455858,0.0013055213863763773,0.0017750551183179657,0.007536598195954935,0.0056474015817916156,0.00019694511220733635,0.0007019833864577515,0.0036210798425585964,0.013549640635634179,0.002229290506992831,46
0.008309433867629565,0.4391358381690518,0.07854050552260482,0.007857559601240143,0.0031272226988814226,0.0002723636212651982,0.004412861357970758,0.031631686554139914,0.0004671842331335165,0.09250408046830953,0.007578251394407516,0.0019642283738473564,0.017854099855977936,0.00022871619725142817,3.773248082938682e-05,0.2793929091437079,0.005567828493811679,0.001938778141476327,0.0007016491825912653,9.431825563094493e-05,0.0015453724693316648,0.004945344730512491,0.009836507893127353,0.0020555272932702012,47
0.0037450982023391095,0.6350781465908855,0.037614408724659744,0.000866395828887355,0.004345903221156116,0.002917898078187028,0.006586454256939555,0.0050742113368629225,0.001199355633776873,0.045242370079839986,0.04104529923175269,0.012167010743923798,0.004615049423799729,5.1324661361534675e-05,7.970608351759967e-05,0.13147012936015826,0.008081780773257018,0.04181070075508085,0.0014804197697832603,0.0,0.011844276353890635,0.0028935052971408265,0.00043284443055009996,0.0013577111622495224,48
0.032888642134987295,0.5900562487213658,0.04490698607597974,0.0034956279758605697,0.0005127201004754756,0.0018698843231569327,0.00010172290218658122,0.17945976783157924,0.013898328842600732,0.02800781690077187,0.021156008083624465,0.013558060018505179,0.0010334062451944907,0.0010698580845924222,0.00019723069430746778,0.015304292680323815,0.005958310289474565,0.003994736189817538,0.0023508978787653238,5.7884910545219556e-05,0.00030020449621889284,0.0031577920065526135,0.0017332069176745593,0.0349303656954394,49
0.009963973449826708,0.01055338394408993,0.031006975642575693,0.0004819008661603049,0.0023389720218089773,0.0008898323516584536,0.0011384680478552143,0.07251617565661514,0.0,0.019589758473560457,0.2494758625253029,0.0070007735444267616,0.027213932223206866,0.00043408109735204223,0.0005298481301346775,0.4928667668097145,0.00274218263436387,0.0018223053159880423,0.057927559202602605,0.0,8.022120182737796e-05,0.009465170410061216,0.0010338584015084768,0.0009279980493598909,50
0.0023360128182779837,0.060552025362915624,0.06601867690285866,0.06891016293517499,0.0034244138712360575,0.0011463420299549973,0.0004484916507412445,0.005784600767201134,0.0025393437027873386,0.03538848938440729,0.031215988119315953,0.016659213532735435,0.011602468743852625,0.0009413259186821068,0.00015677730373075168,0.631241541893983,0.002533879002954166,0.01690253848539777,0.020256884865075413,0.008118629198958107,0.00010650141221142217,0.0038418048133480164,0.004793499118525687,0.005080388165674328,51
0.0012508762364225078,0.11590827090325168,0.11801243363727179,0.0009260083845918275,0.004737102822026786,0.013221409833871371,0.0012992738203942335,0.0036442295232569405,1.1653276469463324e-05,0.027730086313937776,0.0013978370121284058,0.0026701360010008154,0.0006643616973704568,0.0010156378009033083,3.7528497016972524e-05,0.6275994998604236,0.005766645273572655,0.057861627112137846,0.012894646973809149,0.0005020824702993945,9.905633120447093e-05,0.00011312780457345678,0.0014733289913260253,0.0011631394227389943,52
0.003391654200676431,0.047458504020584165,0.567622821665207,0.0036424610502674842,0.0013915972196521602,0.0013396340749489476,0.0005832048720343118,0.005100397306699419,0.00011217578215443757,0.08024226058574332,0.07931492152363304,0.018182434989881847,0.010176809678834624,0.0003193734868210962,0.0007185166386769654,0.0863160604375547,0.0053940240020269635,0.02628592569802412,0.054397975939941,0.00012184162667824111,0.00016908911472183905,0.0007677490575838348,0.0020616823411071564,0.0048888846865470315,53
0.00039914482018606066,0.2541161641281433,0.008632358208951176,0.004181559961051832,0.03228438280452136,0.004342332042170366,0.005539669623972625,0.17117493187353627,0.001256930222100973,0.012057086197053833,0.0066408466754425575,0.0067327081641542184,0.0010160661147161755,0.00016664712970498955,0.0037451780266086797,0.44810538980560366,0.00030442518174486995,0.025476402520734628,0.001626283727753579,0.0008600940951981942,0.0001247803630349735,0.0012392517049587904,0.008283559497526726,0.0016938071111301182,54
0.0066397824411119485,0.05743833756265632,0.24591394729791966,0.008060908198958192,0.004086027231196873,0.0024085172863131327,0.001853886256402927,0.47072589375772733,8.809810545299776e-05,0.004842592189049083,0.038440330486303964,0.016225786253198222,0.0006186113233616476,0.0001670916579117078,1.5611607539692098e-05,0.03838505104273504,0.0005027103047448937,0.06635886478567493,0.028271438774522505,9.353614249611175e-05,0.00015981707771138442,0.0024484388043879922,0.005273864125014619,0.0009808572876087171,55
0.0019375553162828284,0.2676209751318595,0.45574962089200677,0.0002585030384409348,0.004044620005857588,0.012146680508300317,0.0008120647635489226,0.015796089641855738,0.00025517024783307983,0.021678096633847423,0.0024992696026719364,0.01140458318490015,8.89284427023161e-05,0.00033958860346161536,0.00036867803063383287,0.11313811093477777,0.031901729735363156,0.040180324392821765,0.008778862490602786,0.0014710461044637013,0.00018892524383816152,0.0003967209913148264,0.0054708053793304495,0.0034730506832845085,56
0.0022145925715528845,0.05108325927194334,0.09174425932872379,0.046636442359199816,0.0010671885416710218,0.0023105620444470727,0.00022141197924183887,0.00927599686103266,0.0007117473346000302,0.01066751774473749,0.008480761399652752,0.001950437366589453,0.0061065339725254394,0.00024042367931294178,0.0009317433618485644,0.7283956701747928,0.0051902210174166906,0.001251365352670426,0.005564389394876609,0.004412003294463071,0.0008674450095787769,0.018291448564034234,0.0005792620017287242,0.0018053173733595439,57
0.004678173731000736,0.06625453353579337,0.488493858928776,0.006024035088892485,0.0035593587285475525,0.011914585580110134,0.00033801631754415206,0.023935596581258576,0.001850976041180146,0.030551768696022292,0.0007243863750032181,0.049887162130362754,0.020441673455273195,0.0005347573742478575,0.0004754500294977578,0.23580786050614388,0.02508864803726742,0.00557842344308441,0.006611414633976705,0.001321298483799673,7.474567184943737e-05,0.002299398779735194,0.00916653741822434,0.004387340432408598,58
0.0032499028650483566,0.03153147598070649,0.18412406092372702,0.002422745661712488,0.002955442903657725,0.0006141851047146423,0.00145516753728626,0.13822830995221755,0.00015348038799855923,0.032504055551842305,0.00023878867337489353,0.004549246597433001,0.0008362510113883749,0.0018396221790838952,0.0003248722912917369,0.5391781895439095,0.01358237134121751,0.0006192964829179553,0.021246612590874868,0.0002648115963531497,0.001163007756156861,0.012148879452240312,0.004380606564915002,0.0023886170499315745,59
0.0012121517438242007,0.5326391502747799,0.024837755840559795,0.00034880511178178,0.005685095366360753,0.008373314436787717,0.00046050124405174473,0.03137177290788695,0.0005858887903417535,0.019949175818944162,0.001484321240341043,0.0011396229130713003,0.003382841559648221,0.00023720945171160966,0.00039409500797936507,0.3019232376590017,0.004985503407043139,0.01551300654488018,0.03055900938096766,0.0012848975579883173,0.0003555119481744833,0.011768433895657024,0.0009398519833286862,0.0005688459148884856,60
0.027999624578645896,0.01665172172068464,0.3446286881550641,0.010425317553735483,0.007371397903887745,0.021910745395534836,0.00047392299643324526,0.09087970699242423,0.0038172518061977607,0.03069026001171731,0.005109612544189377,0.007891747623725126,0.0037007700955653746,0.0002666259672020945,0.00027000508792706475,0.3420930200089966,0.00655129936236587,0.018148596160399585,0.04260915406018539,0.00046120474789250644,9.171780856354651e-05,0.011008233492168331,0.0060696893619432875,0.0008796865645504985,61
0.004266034028874739,0.5479457668302049,0.0324204818175505,0.04743393923638298,0.004300458034202843,0.011198716311507215,0.00033007992079817414,0.003975538165172551,0.010641546260266454,0.005721100605426738,0.00833598182439218,0.00830638348835945,0.0005677187516084869,8.978772557612128e-05,0.0003743650621808269,0.21665875478086938,0.019399332484753014,0.046763718947688764,0.020105315152323784,0.0005089168919470703,0.0007444209720351614,0.0023778754743154122,0.005718409046144914,0.0018153581874183907,62
0.012392641467621432,0.023120868639435358,0.015920268541206373,0.1656776894927485,0.005609016322225316,0.0006237935967174376,0.00202076942121185,0.13350431728186268,0.00013797359082495613,0.07372494758819212,0.0006412144331694915,0.0008203980192604072,0.00043271350817277555,0.0012117461682511197,0.0002764227141310764,0.5321094105992153,0.00591607373156549,0.0014579365098262953,0.003927310082846718,0.0008764064242295326,0.00011674679984695684,0.008922701427140248,0.0025865384422631868,0.007972095198035208,63
0.040726903962744684,0.017292318070955395,0.44695830699774786,0.002123125561251109,0.0451440875058883,0.0029075379443021126,0.009329181262635645,0.08471022295942322,0.00341417330485226,0.09163612416516292,0.003432404029071664,0.009496344988695992,0.019190079542982914,0.0013739171481532573,0.00010503536235352034,0.1611843861295725,0.019004938960905618,0.003683283764287982,0.013517868420390959,0.0009106549248972778,0.002329005444053549,0.018816286353930012,0.0011103082477529707,0.0016035049479882467,64
0.04181858737354746,0.0019732526395848716,0.5108412473168547,0.022610898238323223,0.0008611195792938118,0.002263497289045405,0.00016358821649237038,0.1030355784425856,0.0004987473266917111,0.07015547420583418,0.011203316731632173,0.0017842592368357373,0.0009465673756081709,0.00012555700150850674,9.762043666082506e-05,0.20602002330916686,0.0003970846422695712,0.00950787155488408,0.003186130182638204,0.0007436182697601837,0.0002521058365909159,0.0010045904380069329,0.0038772359717871006,0.006632028384397532,65
0.006399434963610811,0.027852979217866426,0.3033419528781343,0.0009192352271223061,0.005535975782757882,0.0014010764545369998,0.00015363337567752796,0.10752415848711613,7.6502900751743e-05,0.01659134832849581,0.06095373855656272,0.0010680381741778756,0.0037497961756543094,0.005676493399977514,0.00023146185241413675,0.3682951079390581,0.0024705286031648653,0.025125004781375585,0.013892361747172878,0.002925405014199796,0.0024101674724283234,0.029513618962748202,0.004946423925117034,0.008945555779878631,66
0.0007927321977633403,0.5655352645482623,0.14724201047379482,0.010034163394278655,0.022624013814662263,0.00014463836972059924,0.0004087140179209658,0.13184465152180802,0.004890929758023738,0.04436738488810794,0.0027859889668888005,0.007132371278517084,0.001426361142068287,0.0002510055981787029,0.00024194627882326565,0.004898770589306284,0.0018357619275272607,0.03275329651566592,0.011154908380150692,0.0009972096182992258,0.0003843579718308144,0.001280230913589573,0.004115452719783997,0.002857835115027392,67
0.027778048184039613,0.1462971819811434,0.07323042301461434,0.017056188322431318,0.0018817879292151623,0.00039510077670896115,0.00024984953358695046,0.48883071954099894,0.003955813724648927,0.01248599574361275,0.005877136355833928,0.0011878062940683424,0.02399842626429781,0.0012778663734994537,0.00012052732185340103,0.1378949463972792,0.0029892188331428786,0.013591296871987358,0.01215897491727689,0.00017985734579343464,0.0015224401275274984,0.007005544062777618,0.00940419238452093,0.010630657699140936,68
0.004771889909101595,0.11599248316646998,0.06489499791599723,0.003944174669507138,0.002780497869864591,0.0034765273550894653,0.0028463087589498098,0.009028406762691593,0.001091201007738715,0.0610068226762492,0.0005548255593247383,0.006350725985423677,0.0018273379767014244,0.00017121487619351872,0.000577818412888821,0.680481445794967,0.0032206261969363954,0.011604993718148285,0.006966718682238991,0.0001379071899301712,0.00015402348778939754,0.0009502108832846104,0.013813552714567957,0.0033552884299458525,69
0.009717283842384124,0.006265453365546276,0.4267628884077533,0.0006992584400617498,0.0002896500616379877,0.0035825497665735962,0.0021046117142647204,0.21952135118812624,0.0,0.06403652659988142,0.000977901105387373,0.004397542079368119,0.00010486309200227832,0.0005000203581557245,0.00016913526093904104,0.09177221829359988,0.08223740763339454,0.0015333590748325397,0.03998907540119714,0.0003233581228227839,0.00014910558114320782,0.003754713199777557,0.013949793710267906,0.0271619337008826,70
0.003422380548002901,0.07750952234818409,0.5049305378876491,0.0012891999350002278,0.007231840036501556,0.0009244902916942825,0.00015069975383593328,0.0962186840471049,0.0013358128298867813,0.03746576351834386,0.005377369784489366,0.035440106046742866,0.011301945646322942,0.0009068782206341927,0.0007388223529005362,0.07981187491733296,0.0033802453619270253,0.1026642438753101,0.025896010087747733,0.0002542154160234168,6.803432590965908e-05,0.0005609807259917112,0.0014473198629916522,0.001673022179472245,71
0.0009924137461189487,0.06629202358839588,0.6240043298389626,0.002710893952840664,0.0006056003428937104,0.0012766538039931752,0.0010474949353356786,0.022292396115362375,0.00048358869086684146,0.09116182463553373,0.00945145824135201,0.00453846402445574,0.0006756966627308269,0.0004691948287232725,0.0006134695672354252,0.10834343858424153,0.010106611430851762,0.038381485918627334,0.0010374770943544793,0.0023705387589599792,0.00013184482853983819,0.0019831516977995445,0.004261797093954529,0.006768151617870049,72
0.01091938823385272,0.09261927687741629,0.1287067026212757,0.0017911961350364346,0.008955903117833218,0.001149387568524319,0.0005793293601093104,0.34119247557136595,0.0011414287641172737,0.07761834442934312,0.03643582765979317,0.00463136795921436,0.0029196983400360493,0.01588582071898994,0.0002794477738159101,0.24692469981148754,0.0011488612670977622,0.00019399401415053677,0.018387553959470435,0.0017153560144815153,0.00030276560617703807,0.004039884992643103,0.0009704883978680784,0.0014908008059003294,73
0.018722252663441404,0.011738456619475458,0.14730563737605595,0.0003068521790983934,0.005916427110515037,0.0005526060501803315,0.0004090189556043982,0.022702307361627882,0.0012315599370403304,0.09360629722664164,0.029842775309478833,0.0008134228967730208,0.000134510319865483,0.003277363155879419,1.9044280282665542e-05,0.6061735022291744,0.003320070475831308,0.00017406242191854535,0.03958665992305105,2.1215343650153892e-05,0.0018493614927314538,0.0005082628135353091,0.00991969169079047,0.0018686421673570549,74
0.00118513969057304,0.05648067169115957,0.4609818572968953,0.07336001274962747,0.002680307702373231,0.007307560261972293,0.00026243532447171983,0.030980961939583943,0.005957380731033172,0.07225039686528222,0.009272630882772461,0.0016801272346538038,0.000759335395947223,0.0003536260729973854,0.00010273104064899349,0.11656204097149135,0.0011138388300236475,0.004911002069781592,0.14061423082492905,0.0001751110922499327,2.7412430263767043e-05,0.004856019024857034,0.006833215691549142,0.0012919541848626119,75
0.0017810719260889282,0.30279052871883194,0.0444725740958795,0.009069050881630314,0.00035095228873363284,0.0031429460344583053,0.00020978435086600397,0.06970587641572519,0.0005042139407260397,0.006402706863596581,0.22122898586450415,0.010941280444060961,0.0008853839553610398,0.0004318341432929948,0.0002627160417991948,0.25482395568110816,0.029432118859494392,0.005639840509632449,0.017145466517599964,0.006562142017397046,0.00010227829858090857,0.01169240874294236,0.0016897380872802814,0.00073214532040973,76
0.0030841614684534607,0.599933093174893,0.04370645290922057,0.015405983275897149,0.0007978687222479774,0.0006092412174569684,0.0010134697083232038,0.16632418736495702,1.0912748725114067e-05,0.025146168711116305,0.029570780412325717,0.012014515933859543,0.06855619455282551,0.0012433862520723215,0.0004593492090751151,0.005854845926308846,0.0055052988167261264,0.008924129609478795,0.0051152729740403515,0.000283740939726001,0.0010658709537260604,0.00038101441594389445,0.0015224546878425307,0.0034716060147586014,77
0.006034403193745393,0.0195554101621677,0.015385706043956686,0.012929072554961315,0.010374731348816434,0.004790502083458897,0.00045639397984658563,0.09347002619514377,0.06253473416968504,0.08768213077607141,0.0022741158243616997,0.001010832782804595,0.0033135076865114617,7.052152470987062e-05,0.0005390047543755183,0.5740863927996777,0.004084383186198684,0.010720774192104335,0.004384708620703412,1.4917293123261645e-08,0.0002222752808605514,0.002364260803907479,0.07944262465826901,0.004273472460369303,78
0.019779325298341893,0.5790246410897302,0.022477252105923204,0.012269859051007472,0.04015437592400518,0.0007051389636461251,0.00040776438081490714,0.05050890167955205,0.0,0.011266263284422628,0.1567533279933856,0.004628747579590742,0.0012121411204216678,0.0022055180628312208,0.0008081004147537932,0.052540605066572314,0.00406443491251987,0.008752811809287518,0.004685934318886692,0.0007756283794987433,0.0003491900878932873,0.014287451470542993,0.007619390447405881,0.0047231965589661345,79
0.0006849710866776465,0.005151752665035044,0.6889781186840436,0.005202500730552766,0.006206939784201203,0.00010078013360973406,4.543513408404643e-05,0.011824524710729005,0.0038163905912566385,0.09146872861686357,0.004386562181938016,0.002199141606852894,6.136516538710553e-05,9.900834109449717e-05,1.8711870343394954e-05,0.10748344241471595,0.002185234689363335,0.0119885440369044,0.010534282469403857,2.21735008919519e-05,8.157981302214638e-05,0.04682415622824559,0.0002386319711832263,0.0003970235736002662,80
0.0038860817889280748,0.047504633020472344,0.12020004182222871,0.0005113609911732391,0.003339696611951658,0.0019139790305936575,0.00303413878813124,0.43944836855975156,0.000991976228989878,0.016991419356894702,0.019890362713993893,0.0007208807646337777,0.0018346337853294237,0.002595184148054727,0.00023259170739315695,0.2714189906575979,0.015808563961384237,0.0005003326333127924,0.006363830008517504,0.00020772884153905414,0.0004257358533682566,0.003934677576923481,0.02342575654480929,0.014819034604027446,81
0.008241540397730937,0.012885518525675908,0.020157903684217916,0.0017589395274184782,0.00484833045702879,0.0041189797954799936,0.002222536204612495,0.03519963362615035,0.0002628391462317883,0.11568005180969901,0.17882756644902886,0.001652150903427077,0.0011605082111992688,0.00033487049701476395,0.0012530724418780225,0.5913528370822442,0.003335886017229723,0.001864136040418006,0.0033661399380616828,9.504250715657797e-05,5.540612176708149e-05,0.0005746897862868348,0.0024074264337407073,0.00834399439630168,82
0.012910864637738852,0.04250210299043505,0.5298465827819514,0.003736397903372158,0.012584560790706105,0.0005850223747599436,0.005062826476052127,0.13173681958382538,9.552190240217571e-05,0.11645277308054999,0.023515783220034586,0.0028969736412916705,0.006527033279547458,3.411359375974522e-05,0.00034116261728456954,0.03597857033048757,0.001154381377652749,0.005652851775169518,0.03140841560713942,0.003205751801736415,3.194595497128533e-05,0.025495997102570996,0.0060946377984086595,0.0021489093781523333,83
0.0005520833194437683,0.04844780289774347,0.25531287572767963,0.0008487871637660122,0.02754833523438211,0.0014857271536745137,0.0009666375459080108,0.027133367361091298,0.0009001044734552655,0.018642871005813952,0.000199731748271094,0.0021978987716421367,0.0018818622647771327,0.0005280596020174112,0.00031769034348486157,0.5543704167725239,0.01617476391438395,0.0006605303692795326,0.02995231803127483,0.0008821320160952702,8.218548706477756e-05,0.007143945028367505,0.0011105342449788233,0.002659339522880892,84
0.0024116894327868245,0.1506623599832314,0.062010490735723414,0.21882495076266079,0.0009914135115498212,0.0005421338282120866,0.0007850297075047474,0.0075360589511786,0.0,0.024383266473149815,0.03024319476636958,0.0037612852845727014,0.15256345480310946,0.002282101616701393,0.0003541320486974251,0.283616916143592,0.0034699297878401283,0.006115188357472489,0.004619784935225969,0.0017662589152291225,0.012421694528561344,0.0013787278036732093,0.008608318374689295,0.020651619248268333,85
0.00258656082948609,0.17637754060183536,0.6411553666574471,0.006977760265730501,0.008145070125612431,0.002779587040778617,0.00020435527067871426,0.015152642869553656,0.007919290129932595,0.015073236931316535,0.004002437370010364,0.01641763718292687,0.004188007935807188,0.0007329919779390946,0.00022662610562264595,0.018006104234629682,0.002369609645933827,0.016322865603224497,0.053575171634279696,0.0008303004224377427,0.001203474316288967,0.0024767128447251083,0.0009680701598331839,0.0023085798439694384,86
0.0037126811272450736,0.049236611281114874,0.5149914050853165,0.00155826228447037,0.0005018139790287828,0.0002032712919661908,0.0005322994151551561,0.020070485354686807,0.0,0.006181699341755497,0.14301999747865154,0.015005807386210657,0.0009974686776408385,3.65105035979259e-05,0.0003398030892777978,0.12456164098786232,0.0013095727458680261,0.04766260796173847,0.04380807312609313,0.0004597492633524707,9.185213718723427e-05,0.000399243519829256,0.019887576744210343,0.0054315672177407135,87
0.007442457301118189,0.16333235011064737,0.01723000211480437,0.007667800813935355,0.0018723070482025437,0.0017101191575395636,0.001016077663506099,0.36246306549983676,0.01484359623687503,0.03346733383325856,0.12439719991588369,0.005688812049010293,0.001003824779409488,0.0004289188450027693,0.00020968412101552791,0.13774732764414355,0.004948744104166158,0.051918508300869505,0.021423714338858042,0.0021142919824551696,0.0014692054397962297,0.002911361210070249,0.033978170285202114,0.0007151272043935,88
0.0022607136164104254,0.1842574811192984,0.022655248764818375,0.011643315305080299,0.001162193478562214,0.0010449460166847388,0.0024350715186614415,0.18769824571027297,0.011036907981752884,0.05999100145429419,0.37187236047578087,0.0015061398805281557,0.01963062955963712,0.00020098604807382032,0.0001012857840337029,0.05641461783341014,0.0003386854985227673,0.03327725307823099,0.0030408337565552795,0.0004025086545618976,0.00025053047801404263,0.026360245455483555,0.0007658115360409889,0.0016529869952906688,89
0.0224570840015179,0.014878023270548192,0.006214621914861903,0.020436838051369425,0.0364895759355354,0.03254326493941645,0.001304784988623697,0.07437001889378456,0.0003337345716356605,0.013789585549357086,0.0005626123220071964,0.008536267561618967,0.0018179254065777799,0.0012667111048637375,0.0007858210859815804,0.6861168379158813,0.00520777245575885,0.006605684452364866,0.006573943128339517,0.0004717145184760114,0.0004436101985172688,0.01383277541233388,0.024681686166635533,0.02027910615399322,90
0.012896618306366412,0.08490020841464353,0.19329117156719616,0.013212407811331822,0.007723045058091293,0.00037378351524689586,0.004240125983811574,0.07693323125286858,0.0006066860924115764,0.0038283041663734843,0.0030626688565146003,0.014417816286266786,0.0005209702395171543,0.0005586332663032108,0.0009230595569277609,0.5205922390950635,0.01627809564500331,0.012545135721428345,0.004433408396936423,0.0013427444445318604,0.0005838026209892592,0.0030543403824086776,0.020244658333238626,0.0034368449865291597,91
0.010069387734338384,0.12572394775734985,0.42068954090806193,0.04513811019403032,0.0011522813392421407,0.0003005948519319246,0.00010661506617617956,0.052829699569300406,0.0002362869473688017,0.019093998235108003,0.007284873998019766,0.0019051710718007216,0.009683882920334523,6.478672651719912e-05,0.00012158084621511954,0.07376358811889601,0.006952749525778977,0.0033336029532268535,0.1449548474519799,0.00025826738180411086,0.0004162778076716133,0.03191139121605715,0.03347249903348721,0.01053601834530297,92
0.0034507410811116536,0.08375663169564852,0.10969333425457956,0.001574909474519025,0.01585601770172438,0.0018273885008652157,0.00075051280543849,0.01662473259304822,0.0006515810551855184,0.005083312998432216,0.0014945132130784185,0.002886063844761581,0.014177435427621714,0.0012219216516141912,0.00018680190837408502,0.6944199422034992,0.006662308260996307,0.0005769928820062021,0.030760785432831304,0.0003948099188171724,0.00010790965013107541,0.0020009041517988395,0.0009072929035632367,0.004933156390353887,93
0.004712371600317524,0.4000036004400098,0.22918349330143875,0.001877565838146523,0.004341470404971577,0.0019772142848597215,6.866260090028668e-05,0.04444080804469826,0.012338957859564945,0.07937528981597684,0.0978612168529221,0.007790635467243113,0.0025202527278280202,9.743645663497317e-05,4.5794415716281646e-05,0.05554990184107601,0.0009154023584574591,0.0472139989313668,0.0007522200107015823,0.0007104039077394888,0.00019134381395130286,0.00021791325744803094,0.0005050796561266553,0.007308966111903936,94
0.0036562117801377065,0.391307141494643,0.1527339688631516,0.01965280863087301,0.008880005571755537,0.0009572356362518881,0.0015205387869955277,0.07163546402163581,0.008062447408617331,0.014813326677361226,0.006364896042593123,0.0021788207147509543,0.0010959177553458766,0.0006415562854356445,0.0014364678716194243,0.27199464924607003,0.002265019341803687,0.0007247727181805837,0.022539274525133053,8.672638118807677e-05,0.0021325905187322943,0.01358241940550037,0.0006600192658683751,0.0010777210563558232,95
0.015461472679662051,0.02950163184792249,0.06596257372009624,0.0017098415184929145,0.0024599449597327476,0.0009933590966705148,0.00012332634209220755,0.09441082794139753,0.0003109694351369583,0.021600283115587048,0.045614091254872244,0.01061905519971973,0.00015944263073551293,3.513455631340937e-05,0.0004419741592184573,0.6623453081454067,0.001323897307519551,0.020158288317180077,0.0011826270835499128,0.0007837512505956535,0.0003766875858706408,0.000673827992201047,0.010928780600637851,0.012822903259388667,96
0.0021994516612879557,0.609880926407299,0.018538354906119183,0.021435303315558797,0.0037948633693738387,0.0006928590332754064,0.0024409967181252268,0.20483845093978736,0.00021531925958580292,0.07892402781832858,0.0025575225329658334,0.0061885792439809,0.0006182997471752175,0.00012438523987822194,0.00022503737411162526,0.0066609244524936245,0.0006941541746980056,0.004894378169818164,0.005173888616976605,0.0002161480628330919,0.0037860960952266643,0.0025924050088401256,0.0024675886984052943,0.020840039153855572,97
0.0020039534838568614,0.6674748197990122,0.013894630622115932,0.005036913183316397,0.004025999431106124,0.001105264831226584,0.00012119479241916119,0.04936307894425205,0.0,0.027912527836073384,0.17917911488398583,0.00012652294429498615,0.0005268087642797863,0.0002422936341187688,0.0001506606207879763,0.01324221956727635,0.0004878303030698781,0.006136958259308726,0.011179583489975876,0.0002922396957664476,0.0002524857751801187,0.015443902026116032,0.0007287725063649114,0.001072224606095663,98
0.0017522719805830814,0.04369089257806161,0.03316116673335015,0.09118727447593548,0.0010829932284258477,0.0003157810461304731,0.0009272771374598655,0.061925391207252094,0.00041760380215354867,0.0025336674705348857,0.0002410159855758277,0.00120125397346076,0.003914754071373446,0.00044768430448119704,0.0012375117316338585,0.6339213951649445,0.09096215847559393,0.005054723201942845,0.003420882163254399,0.000662250797388715,0.0021115784075533537,0.0013007641949590828,0.0013834807261652623,0.017146227141785965,99
0.021497852756901817,0.05228795620877039,0.07862456955217836,0.0056913993912857275,0.0028108774310769817,0.001080421062725782,0.0005041060881362978,0.5772523931104998,0.018192777591163643,0.02678820034021609,0.004602217451139282,0.01649998521819273,0.000143206117207022,0.000695657168626468,0.000256875926489909,0.1047296035030751,0.002225895646250417,0.032317939197396686,0.015190351215071224,0.0022864640120842297,0.0005185703061506818,0.006132820286049327,0.014375255631122425,0.015294604788189618,100
0.009857726461458906,0.09797877974191238,0.04246978453819208,0.0009991844177232787,0.0008811148458280701,0.0007662136754927031,0.000926399753556473,0.06264292961385066,0.003579812447757035,0.023560318285186548,0.02263742828556495,0.0018281468791057495,0.003590201887468011,0.002900402076250778,5.814011147748456e-05,0.6956982758788149,0.012129371301786278,0.003036470306020609,0.0013571996566941519,0.0002325218114217138,0.001231621423546465,0.003016415588832978,0.006345427496708927,0.002276113515349,101
0.00331290192891841,0.16593440309211008,0.21834605478327054,0.008678521075902175,0.004239224114096391,0.00016616925275686093,9.971992701548969e-05,0.009723382741162521,0.0001616763566296821,0.00995359763793233,0.002467976849066237,0.07329749389247385,0.00449975043813778,0.0002902164181914895,0.00010149184064958455,0.37731517864599357,0.0015328317944667306,0.03756138418407537,0.062004951528243465,0.00011506394569905186,0.0003389651150242879,0.0023233512814528575,0.008463487838934133,0.009072205317797235,102
0.0002020879007676581,0.10242333480744831,0.07762241527917724,0.0039277687123127954,0.0023476177550882027,0.0009439872986645056,0.0023113965757880265,0.17777016027488324,0.00021543015668384663,0.010810200884394439,0.5215401925755528,0.005937452096182905,0.06827104330431634,0.0027469123440332253,0.0002834112007071888,0.0019555382653832897,0.0032286226901695092,0.005507859125074614,0.002734371321669238,0.0007496841127399269,0.0008278264045443238,0.0027349744957621013,0.0019478648357230432,0.0029598475829332666,103
0.002771468893890758,0.5827787362706347,0.13307575234719865,0.014071425477103756,0.0002006726356447514,0.008664546938680759,0.002451866047593162,0.06422217850348615,0.00011102689465079258,0.0254047995393643,0.0007936632059832948,0.0033321981986877175,0.003909370894237344,0.00132416579586386,0.0002687165235851002,0.05016291125358884,0.010486141329986461,0.028845526859436105,0.059175423698434225,0.0013790450164821006,0.0006020943092958064,0.0007705495911180683,0.0028600578997730083,0.0023376618752804276,104
0.005839091705320044,0.020423850446974767,0.020871147329506158,0.0035772101675975994,0.0029375628731665164,0.003937132356079715,0.0010117166014230008,0.45425063062170634,0.02060721316986521,0.068026726907347,0.2918311111678762,0.009249558107631015,0.01712283064054723,0.00024947831921690955,0.0010048713235244952,0.03525929639502738,0.0020111379664991672,0.007743961355458139,0.010988413628207273,5.543303779595287e-05,0.0006791064380086702,0.0011018499426173375,0.01300349511504306,0.008217174383560663,105
0.01267529137253545,0.13051922131547547,0.44593384958957394,0.00942945421543286,0.12857885303260594,0.0005458748538754207,0.0006446072613261511,0.034720277782336946,6.878393470000325e-05,0.12510995848129014,0.0002971971181922413,0.010678366415468607,0.004207046200841735,0.002641720010156562,0.0006872761205468847,0.047511886654354,0.004286359529605811,0.0023071846141914363,0.011207764128277451,4.121256257862491e-06,0.0009321118463543198,0.008976495377464972,0.010964598679897221,0.007071700209238701,106
0.007362211694993558,0.0020019981106993152,0.010257472602725857,0.054190294589300414,0.0019136759338575472,0.0010237264117725366,0.000539999376181393,0.02075953953958493,0.0006898414071776186,0.00793191570378358,0.0020277133459315516,0.0004049566612900021,0.0041985575764760105,0.0008484204804871326,0.0,0.6348074165879731,0.011086637202060245,0.155295852268748,0.0024079937882090564,0.00023311354074746676,0.008697084935323281,0.010781233153227666,0.008495944244141854,0.054044400845307955,107
0.02253702466204956,0.11767720044913091,0.05845634373255789,0.12298766453628075,0.0042767650049849665,0.002210403365736815,0.0013903900316194911,0.20897769275823805,0.000939355910705736,0.024933794412641087,0.0023681501427800767,0.002712728872304487,0.17936862073605717,0.0011970627619219136,7.096970848294025e-05,0.19229335036632028,0.0012975982594318125,0.023837227317442873,0.006747683192008281,0.0004890474523675277,0.0007204386670355429,0.011840937326104839,0.005141621182412317,0.007527929151384705,108
0.005136753638686302,0.001738928400559681,0.5929530868278512,0.04858067842723074,0.0020499714294286513,0.0011304871741594318,0.00040455586028296007,0.00083957756563648,0.0005708947627797313,0.07383133674778201,0.16462554266364085,0.021776428824350283,0.0007409953534930903,0.0026834270528251452,5.1219051483297726e-05,0.015359218401103499,0.0003361501984507501,0.009323748805159512,0.006318118514754613,0.0002942912992168063,0.00048614765446463736,0.00773346767377425,0.04179710246418391,0.0012378712087022707,109
0.0006955143494718888,0.08559897845382705,0.11519773667775743,0.010276606500965964,0.0023590540231108637,0.00024485839968924674,0.001560551984984082,0.0008429092583116531,0.0,0.0063209786932875755,0.01868678558182582,0.007043025320463109,0.013871623349465727,0.0010319557476230249,0.00041874433437803955,0.6560894466096211,0.002767538938768727,0.0459886858192903,0.01753375346978356,9.872352720289452e-05,0.00045762814938385686,0.0008342742599457101,0.0035666929455080844,0.00851393360533434,110
0.004803128527099539,0.10150416321251728,0.12326551207421604,0.000488608990051331,0.003924384622420108,0.0002730732208635054,0.0003384035108550342,0.032899138042066935,0.0,0.049491565827335965,0.23082676390274964,0.01745433780263298,0.00035670804128069643,0.002657622998318951,0.0009049334868911814,0.3219349188203111,0.0023045292878655626,0.004084413612305808,0.08088690625377928,0.00026730639114966906,0.000924079926013269,0.002029135953551293,0.013620051045491039,0.004760314450233666,111
0.021861376068190132,0.21635700342414435,0.021882869787910833,0.004386832945655811,0.002052096291179019,0.009400462470302809,0.000840862928206869,0.17250988110244272,0.0008823476598372505,0.03490631056690018,0.0002894338371284652,0.008814677022436627,0.047158583595279184,0.0037948091498782397,0.0005355412808548882,0.3775439321659391,0.010771059714049404,0.017014148979521262,0.002983629440705759,0.00047036170106472,0.000379191170565239,0.010839364827472513,0.03066138887511549,0.0036638349952191505,112
0.0025572695999676225,0.0319150534972999,0.5923902542390309,0.0010667115270802635,0.004196418096505622,0.0002550280474336304,0.0006809059378340198,0.028623295702655618,0.0001318273650710779,0.0990643766248664,0.04695901884140918,0.0038022062559841642,0.03684034023775511,2.5824699935825162e-05,0.0002983722806343629,0.07596950865418177,0.008680133505426997,0.02491632393802523,0.03186011832811209,0.0004006508992785518,0.0001639471754033263,0.0009144345226482196,0.007560077504295051,0.0007279025191650504,113
0.0022120427633578912,0.05868949957725855,0.13088282478219165,0.0066733574586075334,0.0024769933103878858,0.0009412141175451138,0.003470474428775857,0.020469817451779417,0.0006913398901069401,0.0056467766541982035,0.0019125777831893226,0.0042422884498807744,0.00034067779995946255,0.000525071880775887,0.0001187460076670319,0.7328651755765682,0.00418252248869335,0.006368660879849891,0.003909297661040949,3.986418806514912e-05,4.501722029442661e-05,0.0038729815933000677,0.008014445802005292,0.001408332234501164,114
0.0012654807898775328,0.02445068727365901,0.11107178880421743,0.0028734796683559903,0.001067953822998383,0.0011342001661483326,8.984699489203564e-05,0.037945291188122766,0.0,0.011429017933256692,0.015728940160200332,0.03573660151679167,0.0010749491757995823,0.0,0.001442132465951801,0.5771333216993868,0.00045069504689530197,0.14089894881080461,0.00284945179513379,7.347939516196953e-05,0.0,0.03156688061320115,0.0001556376639743193,0.001561215015170442,115
0.0032466867512669314,0.23996173240132487,0.021766955863305088,0.017948577186791298,0.00967204148990667,0.001099792164650776,0.00034689657895817916,0.059355889584440165,0.012215506047189913,0.010555097934008347,0.0013670743456172905,0.0064017634266004325,0.0031950565620401817,0.0010797850779875747,0.000209422826220179,0.3083586159215371,0.026629093103184273,0.20865950798441896,0.005329848891502897,0.00014528883331266866,0.00033291540043921166,0.05547715073457661,0.003806411337825355,0.002838889552895092,116
0.0008519710705182599,0.0532888425257191,0.06209151099325097,0.1704346515572727,0.0016165263847193934,0.006980163480856757,0.000688163021511148,0.026341555369304288,0.0,0.046243353155689136,0.0023164063564367976,0.00146198988956003,0.00037089653139077026,0.002935965508137967,0.00021451373029873617,0.5348652558328609,0.0018021037138282777,0.03881203503665597,0.005617762469856022,9.32329427593825e-05,0.008588230153270551,0.007738314630522617,0.023424880071808044,0.003221675573772015,117
0.0026696406924218547,0.15979904407257456,0.010584731327340967,0.004499835238553732,0.022621478140323056,8.604275837177856e-05,0.00018621082199965757,0.020227092694858256,0.00018690388908370172,0.06140783687461603,0.1975164202445122,0.001415343557541426,0.0008222007065177213,0.0011762335291975584,4.791965604211975e-05,0.4594452570732613,0.039359356294451156,0.00044458351617398395,0.0110436086208109,0.0004845887162578887,0.00021813608939875051,0.0010862868662329978,0.0021214075062850482,0.002549841113173541,118
0.0019108283079378487,0.5736908805644307,0.0019468698696341817,0.0020663704927730334,0.0009977897017657076,0.0024517297487062504,0.010573075786335854,0.07764585672792738,0.0018941644957136037,0.03799890503384925,0.010334049861638783,0.01964687191364224,0.00018015623525898623,0.0005945007666227609,0.0016720402661261383,0.21209490194824523,0.001405709469814834,0.010200637641420119,0.004887877746337338,0.003647824202317327,0.00148984413560875,0.0009404365592286817,0.009427878870837018,0.012300799653827993,119
0.008358038397257284,0.455445277277582,0.05570750230057571,0.030059632974971676,0.026760151465543395,0.0010274139010032093,0.0002861677423126854,0.01329949071203263,0.016426085934809726,0.06171170955280518,0.015729179669306374,0.028395724696254024,0.010026641422050536,0.00014034131644659697,0.0015177341752115451,0.08355594025738652,0.007209307358900204,0.16148128735607423,0.013491125916397995,0.0004943170071125782,0.0006177374421020222,0.004867543996124558,0.0016091906917283078,0.0017824584360109823,120
0.025167050272515062,0.036916580618595485,0.1500268624279714,0.002225487888333312,0.0015117630870026238,0.0022421761530676087,0.00015389349284592713,0.011408608431516526,0.0010568126671332487,0.05630823846226534,0.007872166720129513,0.043174190394151955,0.001963956629407135,0.0007049396648473279,0.0002449106971565677,0.6247984009117794,0.007314270519771022,0.019162676621238557,0.001992179135672326,0.0008678075056029999,0.00014496647341794372,0.0008325159885049129,0.003397766563678605,0.0005117786733952782,121
0.005022668618711793,0.41697735096747324,0.053097634385934345,0.0009380597257476998,0.00487739561629243,0.0024401346676447525,0.0009259790113504703,0.2868962093107451,0.00022971581616147127,0.06808214993618639,0.002769977507450597,0.0018469165738757172,0.01308503160809624,0.00046397275131411834,0.001246138008677497,0.11098821168224617,0.0009740704145131185,0.013728305050410722,0.001315985025859377,0.0007129527280202997,0.0004915779956586115,0.0027190674115681957,0.00136205425769923,0.008808440928362412,122
0.0018210562900137432,0.10019434206701347,0.04938779907820274,0.009888178659467617,0.0007491949663448324,0.0003904474076335126,0.0019500317463956277,0.10916795133724458,0.0006052903313479054,0.020368804382249923,0.051293044478186826,0.0017307314881875168,0.0006081860524929429,3.652759251412184e-05,0.0002880441929342949,0.5907796883148433,0.0012551908322734546,0.04698769956923306,0.0009270531838591554,0.0018691474831806516,0.0002747836357571409,0.006274693046986463,0.0007218864807821135,0.002430227382855004,123
0.003963955588266719,0.36882598306445863,0.009199834890267588,0.0047980290164154355,0.04218825265861607,0.00099814580446583,0.00045521340481137945,0.16059682400537464,8.97758125720501e-05,0.05990031874463947,0.026799148451965432,0.0010561255233080577,0.0018959237438628562,0.00020055114895949972,0.00023436228086412607,0.24928241062771714,0.0012521661362152189,0.014419152091646249,0.0275672204960028,0.00039714239907946166,2.2631007928363392e-07,0.003530405106647586,0.01589997115737549,0.006448861536389015,124
0.0020113083417664696,0.15775848429589473,0.020412562053132615,0.00470896169558704,0.0010886015099003342,0.005582440564331191,0.0004208710380014778,0.6045769265713672,3.1493436386719774e-05,0.02373912888325958,0.04683887971783317,0.004160847615293262,0.0015568155360425892,0.0010841059611089536,0.0003456005587731292,0.01922774003516486,0.004169430885208876,0.06484430716493114,0.027073691904889518,0.00035216200131088515,6.606212808974883e-05,0.0034216817168035794,0.004322979680985771,0.00220491670393724,125
0.0012147569107209505,0.17842330438326418,0.38081582811188724,0.002351423452118384,0.0015643575069026307,0.0003548896657422994,0.00015902204067635707,0.3214992302620063,0.00011519176290027236,0.021772605332041416,0.00719196600519793,0.0008476563251826609,0.00043226826354685744,0.00017704155216830987,0.00015147218894139336,0.020337157919014234,0.00035989545404812857,0.03453814253030282,0.0058860377051583165,0.0001759496860756232,0.00045219641874129796,0.01981586020692783,0.0007562247617076926,0.0006075215547268124,126
0.001336014877565777,0.04770491550732411,0.004695176776644846,0.0011664086886148497,0.006287390843211889,0.0003902274461100231,0.00014168792705544515,0.1055793932409684,0.00011389311697780319,0.0710741295945659,0.0007738081460952284,0.00024060034043321522,0.00042551403809448123,9.854420648336941e-05,0.0004680074631601667,0.5238551480119584,0.017007041406744944,0.1978200046970536,0.0011433178427673236,0.0003798865414133853,0.00022164220374640232,0.017727743000674,0.0007586877870244272,0.0005908162953120053,127
0.00887120785542358,0.7399471204517286,0.05014544080091361,0.031141231111426967,0.0008606432332147324,0.0008989410802906664,0.00014449462177178293,0.02600128180676741,0.007035522216131179,0.047377045148259835,0.000511768970921836,0.0007376952589322739,0.0015679894388669667,0.00025686692378611105,0.0016817690700136174,0.0372654890061758,0.010371246564981614,0.00591420449355899,0.022331120619654223,0.0001489265491982154,0.0015186662954969547,0.001862450708439654,0.0017364431625226122,0.0016724346115226459,128
0.0027764856243809376,0.04244262936406618,0.09475251895146883,0.0007196515113224334,0.0010258703103551634,0.0013918358839890507,5.619271602595545e-05,0.15482197898318759,0.0,0.026459931726231897,0.0026860010888560353,0.013657924268159104,0.007844776472700002,0.00014447184398809812,0.0011441768185220926,0.6329029921422048,0.000770285438992565,0.0005928219898630826,0.005609890126648181,0.00022676241552425932,9.237723363153472e-05,0.002821901627405325,0.003665409853763631,0.0033931136087132457,129
0.0010040407425700349,0.5806404912931715,0.08934592357911221,0.01570884199344076,0.0021262639936378237,0.0011876224841234893,0.0004650279708432993,0.1260888247614204,0.0003321043224763383,0.062138464561216994,0.0007364359730742451,0.005821443726585005,0.004295728983101088,0.0,0.00029954538899621715,0.016142550080382092,0.0015198615941611256,0.008639089969150334,0.04037135659752982,7.821837134279499e-05,0.0004578729424246166,0.0014064165832695847,0.0020926399155756312,0.03910123417239457,130
0.008043357228788291,0.3652610061500356,0.08535144433899307,0.00024504726475324746,0.0021857467664032817,0.0005879003107867957,0.0004271743247941411,0.006281648706270248,0.00023903154282422034,0.025126965012036227,0.002247269606542885,0.00028330759170541037,0.05131062632331757,0.00021244380244219525,0.0,0.39157986271237866,0.004689930166098835,0.018427436913646202,0.009892181156741946,5.133558371912598e-05,0.0003414530213571374,0.0023364086699074367,0.0007079499061955623,0.024170472900261874,131
0.010077905261997734,0.0772464319902641,0.16390267698846156,0.002784566799536361,0.002217138449760687,0.0008354090185268429,0.0026339603712933657,0.15176860974708806,0.004732931755491658,0.011520339128916115,0.0092185156344125,0.04798939664375594,0.001387807022556488,0.0005437198231415162,0.00026030314592130155,0.08247777931629197,0.007036112448236538,0.3608801919427184,0.014716683676102255,0.004926679649226871,0.00025817197039347984,0.0034350859973310745,0.001768043504044177,0.03738153971453097,132
0.02137356258247636,0.5972574310560406,0.02141367232075273,0.002055254672045173,0.0031545716826717673,0.0019898153010997053,0.008146559967136627,0.007588453832756788,0.0007620475971999045,0.007298974614266223,0.061902719821681475,0.0015672645415010086,0.013102388432896439,5.4410406632395754e-05,0.000729083077127814,0.1520644919618423,0.04609199879071914,0.0005217794953534335,0.033048059092040255,1.0201328953674e-06,0.0001260784227233961,0.006593787453838319,0.009077007635104908,0.004079567109197954,133
0.0008048099321266613,0.4882459775449085,0.17260709329256696,0.006629164332075147,0.004682209293867398,0.00013694001136603173,0.000225077673849134,0.0023485261459175477,0.002542649813566322,0.03704914561175799,0.1346460829718397,0.040587766443492115,0.004139176282947169,0.00043425652546907005,0.004612034633323287,0.011377501142597573,0.0010959984683849002,0.046055152316572104,0.02641591809929353,0.001292788665696741,0.0014678405584668674,0.0025193787456325627,0.00801119679940226,0.002073314694880523,134
0.009672114516641656,0.16486304577958333,0.06937263884875833,0.04066892795791225,0.007521131238485707,0.0012399316568814543,0.0008814884170390034,0.04116878477177325,0.013352758964459612,0.004433156065603744,0.00038033283365143786,0.00023202622877971062,0.0004262839240313968,4.329894247234414e-05,5.4453544198706045e-05,0.6212284463114439,0.0021824257713695576,0.001259398828266608,0.009478020581573635,0.0010926031183124915,0.0006036917323190242,0.0007432093380929966,0.007543089767539772,0.0015587408608100889,135
0.03508598474588127,0.3569836089225594,0.07042036709327369,0.023488925366335338,0.0006373952496545608,0.018191827376102355,0.00020938570098564591,0.09841096750982381,0.0014218125304235455,0.10259147383224469,0.04127887599145975,0.00447308522357745,0.003118246832560772,4.514260620406199e-05,0.00023830190527746376,0.20933554421081688,0.0051396411765237005,0.0010230852984399628,0.021255721567860247,0.00033028577825532627,2.3946977445014742e-05,0.0006124541013255284,0.003995435448985298,0.0016884845539842474,136
0.011717537343482331,0.3144006248181324,0.07052274125743309,0.009113113212266528,0.006189095060164769,0.0005001605472656975,0.0007681098996423358,0.06353802005268545,0.0007771334737061318,0.11474547751885472,0.005128741111313048,0.018851451483982547,0.004949388665091066,0.00032715784096973847,0.0007867131079799453,0.30474517966597725,0.010544863164944709,0.032310046266890505,0.011042414497425474,0.0005978996466130202,0.000856803701345556,0.008093390524241784,0.003179442971881197,0.006314494167710735,137
0.0004473207904194334,0.4852501956711794,0.009035197565868826,0.0007781239211953793,0.002319398557298805,0.001870912205021699,0.00021084289908894472,0.33160241791482675,0.0006374913955957867,0.04972335142348821,0.06675146771742424,0.007785942354712596,0.00032466728674132963,0.00026188553341551207,0.0001397793038923979,0.014172738096924074,0.006708105082007829,0.011073810882785981,0.007280560413578235,0.00015053139296790613,0.0025506938656964283,0.00041849236627457243,0.00048473466374773376,2.133869584803259e-05,138
0.004503085560124368,0.06896281602257291,0.07643245148315701,0.0019074560454453895,0.0007577596655101611,0.00800088399998802,0.002159754569709094,0.2650873205449624,0.00012951722521468124,0.015781533332428016,0.006924258595546639,0.016806323561944666,0.002909387428796121,0.00026755951941178133,0.00015046935897699708,0.4848573211514917,0.007935171764175972,0.004694144730098127,0.018606066669886054,0.00048026822129114215,0.00024798139519545414,0.0029483379445124492,0.008228864264789118,0.001221266944771767,139
0.004957267837343514,0.1092808716519873,0.2944046011076938,0.008645047600100122,0.013649233157495753,0.0010641547415145005,0.00035121490817619617,0.1379290459998083,0.0029155964742509253,0.1619673443719707,0.025026602969821225,0.009213747795773681,0.0032811151423165047,0.0016348907702471995,6.009896631453429e-05,0.19666999235082003,0.0035848361824053158,0.00810495939903603,0.010017644971013087,9.296827489413647e-05,0.0004418901048770711,0.0014839516061800123,0.00486776059668706,0.00035516301927302087,140
0.013379460503708137,0.4332456870860665,0.09310538662994845,0.002685551345456993,0.002915096995730937,0.0016465049379409224,0.0003701455557388737,0.17311623425223654,0.00013718909623416486,0.017202451882788718,0.002684037165295497,0.0014691483930125411,0.0017293114888364926,0.0002791863572211503,8.872224488277333e-05,0.1927626512034504,0.0037283088372668497,0.036858847337428904,0.008018936605955266,0.00026159875040713285,3.7303304487226914e-05,0.0028345490332795185,0.00416101517080786,0.007282675821818042,141
0.011168222600805314,0.4108017445372254,0.14023944352502735,0.0022408241919779507,0.002826009627101482,0.00021599679279931723,0.0002883519897620348,0.0059110535057022165,9.02764199688941e-05,0.01048561014718857,0.03817807978227674,0.0018468522587382647,0.06776959259767597,0.0005807292526424831,9.800399179183292e-05,0.18782164172789828,0.002984788909343887,0.05053570264556947,0.039047757498721566,0.00011015845626362817,7.732168315740704e-05,0.02345129124337977,0.0022509511492206586,0.0009795954657615441,142
0.005726584227688462,0.2785840231240539,0.07403402040997205,0.021581255893363096,0.005750541403794992,0.002117111854768476,0.0017332077676575394,0.010117755390974014,0.00010691306849453467,0.009244658774631388,0.008730669865169786,0.015426140027826758,0.00440192344025921,0.00023986148944727125,0.00013921119244195414,0.5025906051761078,0.003991060334784769,0.021992270990794642,0.0023169689428928224,0.0003455158254444349,0.0002940464961874244,0.011482173610576227,0.0013535685828343657,0.01769991210983406,143
0.03794633272865702,0.054813104498140634,0.009583530737286648,0.004767976010815134,0.003155613205955819,0.003524150496468452,5.925903583218591e-05,0.01603791410254569,0.0,0.019948196655433775,0.0021471513931675735,0.011423843444055278,0.000860863062483344,0.00036884009448745367,5.521281424564008e-05,0.7807949206962247,0.002933470530624917,0.018386232909815368,0.0076241841635966085,9.380238541557038e-05,0.002884321954410511,0.0053116637878499575,0.014086594526356423,0.003192820766131224,144
0.008486302962473394,0.4792889310489891,0.10841268504742764,0.04766923311979913,0.005691680317738271,0.0004357641216368872,0.0013292963166457118,0.013224959153297652,0.0001088674962772642,0.020819744525787845,0.04318745671160515,0.11012064625044705,0.034595726017270796,0.000584713168834069,0.0009446274045253149,0.0863023440009849,0.007211894099891694,0.012695936691275132,0.0033574040587049494,0.0012771197956638642,0.0007050728837443406,0.006162211323992438,0.0033861544802999814,0.004001229002687363,145
0.007374376189432386,0.022330431591921152,0.6064068162616721,0.007639909388668482,0.004412792361929119,0.006992713996911524,0.0016552013392683914,0.043746327845117464,0.002041745252855225,0.016798514972141406,0.13925990403809518,0.02650848967446218,0.013582342328788794,0.0018023781435037864,0.0016229349656714691,0.06865927344039278,0.002348307865044387,0.0016592450530597317,0.0023106538297609598,0.011999193420915799,0.0012428817762480222,0.0024069266178678842,0.0009504597310764079,0.006248179915195336,146
0.0047987946421279475,0.49389941782267877,0.03281224617422543,0.0003537606402726941,0.014244416533173706,0.0024206381335049798,0.0033240536428611246,0.1980424229232419,0.00010459550582923169,0.028700940260082932,0.026739611988881345,0.022963704113543388,0.018068244215070518,0.004671315657583091,6.0696571779117884e-05,0.09997527616562661,0.0006584787004122267,0.02880551424043721,0.0043516756687258145,0.0005298739933048044,0.0007725971248158967,0.0015804844042104393,0.003508416028706082,0.008612824848904861,147
0.01497871150129814,0.02478087373124336,0.008709929697048485,0.006249609262755503,0.004163787442938116,0.0007796875338096498,8.382084844371002e-05,0.6502408461852149,0.002112698574792389,0.06170148502079356,0.06657934987938127,0.0008851866551923519,0.006308118076976211,0.00012896907631735886,0.002304334863884911,0.06489125968813028,0.005364591888414822,0.06511821314923454,0.001561773897506219,0.0024275826558169604,9.904501119192092e-05,0.00025436094657345154,0.005134906745842312,0.005140857667199651,148
0.005258003744234021,0.17719172750860115,0.03035728798221022,0.002112810288879492,0.008379238303763891,0.005661810110066937,0.0006709581526930288,0.013934457765878788,0.0038718838723909464,0.01699261932284803,0.3303532693481156,0.002075323887662162,0.004560085262837341,0.0005560444063365297,1.1272962889958019e-05,0.3371069504486854,0.016853370917648554,0.01641721638421903,0.009470307905170743,0.0002733854320143943,6.436674462862464e-05,0.012053257672983063,0.0028139364536347374,0.0029604151216075193,149
0.005244800369373788,0.09007233774280704,0.05487197867456263,0.010478294323035592,0.001441015335285779,0.010983413692974321,0.012835680050486936,0.07308005793526444,0.0,0.022098490987335774,0.0019268972676501986,0.015669046015327696,0.002368502410300696,0.00020546773179579597,0.00027438110197159585,0.594806812831266,0.007102005584796235,0.06818607680721307,0.004793811394589296,0.0005715349863361627,0.0023720564875537105,0.011621351152105167,0.001994754048264612,0.007001233069703585,150
0.004712477588135284,0.27735186685650676,0.20260607643525688,0.0029733345891180237,0.0642132194743734,0.0003463796816032724,0.000783663536069238,0.10426397654749364,0.0047213565970754615,0.09424910314988048,0.00036976151098663866,0.005550336992039807,0.003873880816128038,0.0009620113711218577,0.00015575482957364096,0.12958191018569676,0.002630241543200409,0.007636126503129972,0.08578923742269104,3.952045823390645e-05,0.00040287793027021947,0.0020752550413889186,0.0018265405796883633,0.002885090360337915,151
0.007163384335280815,0.1328696296722142,0.4604100343521545,0.003154328893096449,0.0038549517768015924,0.0007368758374825796,0.00040255499775292613,0.003104798003730023,0.0,0.014385199602587245,0.047870962003479386,0.005072367316505126,0.0016004840976439026,3.852716939732187e-05,0.0001407342869965596,0.21473925427530333,0.0006655828358114141,0.07622656480255,0.01966758821873312,3.0233470793561806e-05,7.558182320522826e-05,0.0008923024748532859,0.0037491167821413736,0.0031489429714859707,152
0.0015937589830918636,0.06796421877855838,0.6057725206763673,0.009612499034974211,0.0011865586878669057,0.014174384178949794,6.703058073144773e-05,0.021773687401888148,0.0002565051562891706,0.028043915631261237,3.798259523249721e-05,0.046215627601348244,0.007462174466207637,0.00015423959553134898,0.000740751925942667,0.07940425927979147,0.001852605956555685,0.06428475128746083,0.04141546897579977,2.5110791768983816e-06,1.1046747169079544e-05,0.003057492050483499,0.004356569779759034,0.0005594395495629797,153
0.00460276435713031,0.19650810686050124,0.025035132192689463,0.034179621326872474,0.004111859970699942,0.001522325022831904,0.0005867417455234699,0.027553299424410895,0.0011018651464262822,0.0026815003349048875,0.03315608230567783,0.0031204509675394248,0.0042379212336344195,0.001061125801075029,0.0005319662048355486,0.4320827286888455,0.02019893894238827,0.11816705298922053,0.011385888123605331,0.0002768648914599455,0.0018883955803691717,0.006763004170120842,0.06370893637466293,0.005537427344574492,154
0.00021770737271655172,0.3492311602247205,0.020382576563355397,0.001353354295344596,0.016437412892242,0.010198488917709057,6.800519078926615e-05,0.032355326222024056,0.0023024611002684433,0.07758033266211718,0.44049396440540206,0.0043786311289225706,0.0006276904549416952,0.0007301431136867788,0.000870330380194194,0.013908172970209761,0.0015979837830954501,0.009985657318406735,0.008023699183234194,0.00012045957209150158,0.002488999897117538,0.004249041513865962,0.0004714704381211574,0.0019269303994233719,155
0.01407103104759445,0.060869969439786814,0.14225582491670632,0.0018646549125109209,0.0016804973489429327,0.006737064393415301,0.00043658471318993664,0.049525495258557796,0.0,0.052787703686363555,0.0042874604526718435,0.006933771542901219,0.14223884828181044,0.00013752181612276763,0.0028562409782360737,0.4531703401750678,0.01088714578473536,0.007940851847759525,0.02335748182919662,0.0009634608133154727,0.000210548569034543,0.005013890516259462,0.0065214689954978195,0.005252142680323023,156
0.008996546521782518,0.026104423485598525,0.2960443486664602,0.00033779903950939295,0.004431795366502354,0.0004742426365575098,0.00895610793466651,0.0009508213423002415,0.0005047760307958405,0.006932104594003016,0.0009528957277377244,0.012284920766243898,0.006499172912512024,0.000365095404845451,0.0002660272261415111,0.5284657293165008,0.022723502467593814,0.04417945421182165,0.0034444382644082004,0.0005256635966451986,0.002194535413298206,0.0010191935398925882,0.018322776851343005,0.005023628682839661,157
0.007127757083478222,0.010801811587601032,0.021765756902174107,0.0004078240792843769,0.03378545562628675,0.00020752766718304435,0.00044952972176579627,0.03541763454070133,0.0,0.06915993784365963,0.6329187475262565,0.0023569765997091562,0.000551230906718853,0.00030818302084418544,0.00014605994781945143,0.15000804768618048,0.0032374493691885576,0.0011432979777883827,0.0002918345033263493,0.004778282635583547,0.0005067540265701229,0.00012553071955051826,0.02390193314466922,0.0006024368836604297,158
0.009264832886791063,0.011848835174009253,0.6265770543339646,0.0003451726591846608,0.00448175869182137,0.000324565477557998,0.0010011541682602816,0.05649015241630604,0.0019876050014611233,0.016633839698062772,0.02408969617407819,0.02623303891748052,0.00019799033094941609,0.0001637762244316412,0.00031540809158594563,0.13858581075207266,0.001439427487512905,0.03394010682535771,0.03796496120012662,0.0008826344252811596,1.1086260033488244e-05,0.0007566163174182961,0.002075761830535105,0.004388714655717201,159
0.011304437579908273,0.12741542064230507,0.21856700919529762,0.0039686173101142475,0.0006993002501192505,0.0003410157717893952,7.294452477053361e-05,0.05517141694821646,0.0013094100377510829,0.069981421378287,0.003873447180121814,0.0026424495138484987,0.00350254114962932,0.009039505682470696,0.0004798010195985728,0.4134222344021215,0.007633049971286801,0.012025945134066698,0.02819240134731981,0.001643262232542848,0.0023611169758575145,0.01692863428386784,0.008409297918668209,0.0010153195500409943,160
0.017568903309643388,0.10811966980437078,0.040171837884756596,0.003355566735311524,0.0021816749926881155,0.008009084377965678,0.005230784276788127,0.39257598914836794,0.018623863762243474,0.02236997483718726,0.162471100133427,0.0019108243300899831,0.0036433712220735933,5.3174056253545194e-05,0.0014559986475068227,0.1237275199731188,0.0030181765203461117,0.053817249699117414,0.014872733994114953,0.0006269372741677101,0.0009236448327181281,0.007211816855021492,0.004428472882371267,0.0036316304503504694,161
0.000260894946564678,0.37046704332375563,0.1066189078560919,0.0016257351784991617,0.0024998963912784503,0.0015946448193858613,0.0004231352843949741,0.13814904196062577,0.0004491968216280538,0.012900704365405571,0.016479386997717584,0.0030690859163455425,0.027968890075020663,2.568646156288996e-05,0.002137197312924174,0.2087127170512108,0.0010481751681904775,0.0293512853266559,0.05352454706346751,0.002614906807526374,0.0011866899833976752,0.007664158125570245,0.001157742124870106,0.010070330637909984,162
0.0005408155554371155,0.5009284146930805,0.09788091860034874,0.0004277669526486358,0.008251531858724065,0.0032285506177051966,0.0008965448774868182,0.005633884852279068,0.0,0.042181057949478934,0.00047285817172267665,0.015922218591641245,0.0005531006539678546,0.0002579631512883171,0.0004910722466943895,0.22139407854603027,0.022481076797222912,0.023125988723921735,0.008915676369357674,0.02013184190173363,0.000152940928695922,0.023560722638897004,0.0007097493616112339,0.0018612259600262007,163
0.009095569953044471,0.016186093984246676,0.020692984916870837,0.002938278639944975,0.001483235921990753,0.0013226175800927658,0.00010131965863341629,0.07860524176887244,0.0,0.03552990342792545,0.20336461197552821,0.003372909063351445,0.005345955524097866,0.00013585112298985694,0.0013156308398198954,0.5525851330014158,0.000770738685361165,0.04241401914094465,0.013246710818370129,0.000632685788030869,0.00035182652484274626,0.0023333965944113116,0.004993998970821793,0.0031812860983926063,164
0.020022249446038972,0.5806061566511401,0.008491833151706811,0.00016071911371531207,0.023498948804752257,0.00014899831225255342,0.00023792977543921634,0.0007005727988334546,0.0,0.02239112533615493,0.00038355275057860426,0.023795658394439586,0.0030022897771886875,0.002569922555012191,0.00022454066731922973,0.15447919902273946,0.004656001976542666,0.12407049276976295,0.011099484472210716,0.00026159254322345184,0.00018409230071521947,0.0033552733757969246,0.013635344461294295,0.0020240215431424876,165
0.008290463138855026,0.5020057029588771,0.15059462360152376,0.000798722021594808,0.0015516627483740189,0.0007610609464511189,0.0007099264599629331,0.03228742990776792,7.52416691417217e-05,0.08729710884524836,0.1373956380147568,0.031801469884582476,0.0035060029360904086,0.00032519559207121765,0.0011470219936615257,0.007549909752704275,0.007361774275854617,0.0013256816900496103,0.00516647263502059,0.0022908503812030796,0.00034745083783073867,0.0037588364010050766,0.010567255751239919,0.003084497556132825,166
0.002424464640828353,0.4879974423560758,0.0897197557478402,0.011583467459324752,0.0005363084064433079,0.001312812363853217,0.0008076452160627663,0.03479350330688508,0.0014758837633772489,0.10001482795649935,0.025907011744039362,0.0009962675162361193,0.00612036037945798,7.51040037157902e-05,0.0,0.18987577394679406,0.009971729553501797,0.02359668706309238,0.0029266766197024534,0.0003437128174709987,0.0010922361476965194,0.0022891345888933975,0.0019633681720445124,0.0041758262301645225,167
0.0028567932589939077,0.5941729701428992,0.008138561435028177,0.0007817755275131112,0.0007856674135326639,0.018364498343606428,0.0009628950222816658,0.09479062396442069,0.0026820726097278092,0.03455093468721918,0.0018813907898470375,0.005093275101591177,0.00017201814171872716,0.0004989558556543138,7.829806398300424e-05,0.03489216770701283,0.016723425187177378,0.17200028632193712,0.003413374607353897,0.0013505678968235527,0.0007782132692401414,0.0015537977939009049,0.0024307640286518363,0.0010466728298854206,168
0.0045759843010395726,0.7263710025827408,0.05699685241552902,0.024691623408879548,0.0017969397634327242,0.0005829833417977556,0.0006263157406370775,0.043721438009699624,0.0012264340664468135,0.04552195211321055,0.001331158407664066,0.005559206092087219,0.0021481362682064555,0.0009526744727964132,0.0006382322403482777,0.060054145892762915,0.001191340137647911,0.004022510297965175,0.005714064182323157,6.582408000190152e-05,0.0007609130520771236,0.008136697136195123,0.002900115153020961,0.0004134568434898714,169
0.012249787061580699,0.5736306479456982,0.03922858555216161,0.0028555693902963895,8.217808796308484e-05,0.009902703260102057,3.456578933717356e-05,0.06671570478910674,3.513287047588144e-05,0.0010123716005120474,0.00421805912390174,0.018632081863251646,0.035986780959342296,0.0010308755052843219,0.00016582259170513746,0.19356799125635882,0.001288374832616461,0.006032181803040252,0.001827349594616969,0.0035998524217421375,2.748175465462431e-05,0.0007790206981146409,0.015166493670108508,0.011930387578028584,170
0.0007899597212942724,0.10876885227654601,0.4943088982657511,0.005989016071658129,0.00037347825920706684,0.0006251082741915893,0.0001893268063749878,0.19439079384573207,0.0037384250826994355,0.01482575100309068,5.8612062894664846e-05,0.008096252437908917,0.005473516698254498,0.00010518534657866428,0.00014957878358656273,0.10230923289234084,0.01270432309230716,0.017031616688933136,0.004008860351034814,5.093878613223904e-05,0.0002698863467345619,0.021394357866655427,0.0004586412655667041,0.0038893877745263964,171
0.004817046519420249,0.013273446084788278,0.045303155249812654,0.012819525546322413,0.006899228289370264,0.001059567335750109,0.0001203391409745977,0.049190742885083856,0.00018707759908872878,0.01726157136136881,0.670519664007285,0.002427829005981289,0.0010020022417907572,9.371433443117159e-05,0.0002104845527340348,0.13213801658767538,0.0008885990914149672,0.02264438951787468,0.00991147029591371,0.00012514621192735874,0.0009430118752269147,0.0035062902599168454,0.0023040282441512145,0.002353653761696748,172
0.0006634452911598751,0.04534413066708873,0.03129981430835683,0.0011139773985397083,0.0032203257841068645,0.0022645443896034258,0.001733067979674867,0.16039288752940195,0.0001803644842689363,0.015080264413952976,0.6238733941896893,0.0013994522306125148,0.017864188144411108,5.9248615955567184e-05,9.472279584214455e-05,0.028672790760886167,0.0015078671378638813,0.049966694059574185,0.007160565846366319,1.2043440373627927e-05,0.00018886498030653548,0.0010380258443441867,0.004049357605179952,0.0028199621024402534,173
0.004414304061867925,0.4260247884123749,0.11929815747195312,0.0514321917618733,0.0003238128215897038,0.0013189354618775519,0.007456732120458507,0.025096000253213097,0.0019366524769543968,0.05208761112159377,0.00044542692308632115,0.003107551930895805,0.008334519824221618,0.00033057793962079375,0.0062938142553997135,0.24925302309729427,0.004054096175949435,0.02276348333266669,0.006055823888427895,0.00024697455412413873,0.000974054883705286,0.0013091642492462823,0.003989318290610648,0.0034529846909948717,174
0.0027270189954394647,0.025027154562538602,0.05850394773170973,0.02669984121452293,0.0015393912617356266,0.00012658337088920367,0.0006561162814517782,0.0737114308916895,0.00014517121828208247,0.03961215460519566,0.10327277422938909,0.0076424352922526695,0.016804233097974283,0.011892029167268715,0.00034311524233214096,0.6074764592453032,0.001468399817971195,0.009273127459160022,0.0008739029353942069,0.0009382522860655601,0.0022614111952807287,0.001059174830945355,0.0034204014494424724,0.004525473617765824,175
0.01343034898744743,0.02019017679452666,0.3447142327831163,0.0001005060776684431,0.007237313604837235,0.0003715491420756803,0.0001714586728444094,0.024077510055877327,0.0046083571211041115,0.14833477161233075,0.1857869632594385,0.0003918146373850026,0.008963771417992674,6.735731598239246e-05,2.3280327672210377e-05,0.16255208013467914,0.0018719980749868498,0.01347295067365491,0.04019822282061805,2.5691593874767568e-05,0.0012621378039518124,0.007341877503422256,0.0017299284442753987,0.01307570114023774,176
0.0010630045631321002,0.30515595796152867,0.03842223061290225,0.09908305091240485,0.010839904019729906,0.002073478622651877,0.0019852931582022442,0.018678459803898505,0.016531837302472426,0.02525657588523369,0.026137218970124623,0.012859933451332038,0.006299940766845487,0.0003481857805473513,0.00014053383967818262,0.3981669319309594,0.004374918717183921,0.01653115203713662,0.0035561630434480947,0.0010897791488644244,2.709774984920502e-05,0.003946491316796607,0.0036079806327699226,0.0038238797723075964,177
0.0004309405737691298,0.5191893237212498,0.12048682577629036,0.008166776935152754,0.005906115048368895,0.0018971375980838298,0.0007068559503830184,0.09995858331276905,0.0003692741517904355,0.03973583861911736,0.0016555004467518045,0.017750706796995835,0.022486226529597565,0.0005021602769380902,0.0015933358328741034,0.04879391026777775,0.003736996033272357,0.021274075723492783,0.07059516793826749,0.00022628579741323322,0.0003207503393111043,0.003400846048100136,0.001435375596318933,0.00938099068591423,178
0.0028407179063667915,0.0393761998211244,0.0012020944907196812,0.014267431036227254,0.0006261506360318547,0.004030434207497678,0.0006952403064355594,0.07856002662467292,0.0,0.07879691727828969,0.17349074486383487,0.0012909937580382854,0.0009480358602147653,0.00022987101702715796,0.00044415821143284996,0.5236970164624313,0.012395948471510335,0.0025057225233340048,0.009808383803425667,0.0009438164261730524,0.00014036150748471385,0.0021902012147514195,0.05014005328178362,0.001379480291192139,179
0.004783409024484598,0.3031461210168848,0.026767950370255943,0.014314248597282165,0.003286757428154925,0.010403133599179316,0.0002762699625649891,0.06454284644429896,0.003982567423916986,0.07990192492312385,0.039024889864942465,0.004360513897711111,0.0007506118369388618,0.001101631344399361,0.00024054019296407787,0.41032600091930815,0.002948034225908526,0.003090244165032854,0.018291478843021205,0.0035799440141906854,5.070037261503129e-06,0.0004763731784474194,0.00340618135217699,0.000993257337550276,180
0.017920358206761897,0.6009330520157146,0.06853687873910336,0.011244575040859137,0.0028850002578105706,0.0007275631397371525,0.0011055260506901681,0.1332826483133973,0.0009249310577002808,0.09296617795294639,0.0015383787171228,0.015359770609239366,0.001873470971656553,0.0036392652688481473,0.003524962138293358,0.01061260180087868,0.0014247243384549369,0.0028069693940980483,0.0026881463558097317,0.0008395419113780089,0.001508777226385793,0.004058423550617126,0.017048411906452073,0.002549845036044573,181
0.0006411210089487423,0.005814178627480628,0.23088463865301695,0.004821226050047551,0.0017158385538885849,0.0013283951072377087,0.001647835305998132,0.000851427525204055,0.0,0.01729865056701348,0.0010495802951672492,0.03496187210685732,0.00024675196607630784,0.0020779792445246004,2.0059698768748792e-05,0.6453536112427892,0.0005162565080639757,0.002237794463138283,0.02179985845280637,5.584308706642936e-05,0.00035488583415597486,0.019670039204673813,0.0038594375720829035,0.0027927189249929807,182
0.013519497960150314,0.5721669319864969,0.010931144339760437,0.0004291977880559581,0.0005475622322394874,0.003961732097150466,0.005661776337785413,0.006062348452693266,1.9158275592549194e-05,0.001779821544340477,0.0012064795750321728,0.03180282502575521,0.0007927829500281173,0.000251222559762056,0.008385652843275143,0.23393699623951217,0.0029249227921628535,0.024338277643056853,0.026663790109997972,0.017279654949799446,9.650841631969811e-05,0.0018649281328883482,0.010294343319727249,0.025082444428417432,183
0.010437817750636815,0.039136937190244095,0.23685661442831685,0.008111185623810736,0.004371874519784228,0.014090622354314958,0.00122775066681014,0.07676423998738559,0.0022425832558290353,0.005097603001084363,0.00140398251432062,0.01622559380989729,0.002125161625519108,0.0008864642220859909,0.0004005649373287576,0.5276938906123461,0.011437914542839668,0.011319741011260813,0.004970744146121266,0.0001257847922729006,5.173746767711345e-05,0.00604363551210492,0.0033964029863378714,0.015581153041670605,184
0.007398292070046481,0.5887866316565229,0.030805975925684823,0.00024340157694197764,0.008022939856701376,0.0005422234575099609,0.00017828700462551797,0.12194257981173397,0.006747240595184286,0.03006590804520152,0.12203399671966816,0.007418995302679195,0.0005704015280058475,0.0008491074318509352,9.263510517018981e-05,0.009825483317497257,0.003540273031244519,0.014104038724294164,0.014045369983448162,0.002876442230645865,0.0006260016246046098,0.008403681896273303,0.007643326541590663,0.013236766562874352,185
0.007399630356381814,0.027226000050208768,0.31141131227017516,0.000363089587244448,0.0022573579584521143,0.0009806649525949602,0.0007305750323880199,0.0015021845372949609,0.00021955925808474217,0.03640234843316479,0.3581313598097649,0.01736695385788515,1.0461066440070758e-05,0.00011220300857752333,0.0,0.1470356691389025,0.006963725555647723,0.05561920734312662,0.002028488546940453,0.00024254290558856897,0.00024470146326035315,0.0012844777631160406,0.002833570770168917,0.019633916334591456,186
0.0022558288821891656,0.21169500100795285,0.012222684694708124,0.002428951893018876,0.021991354001301706,0.0017476751034941332,0.0002712347572546218,0.015048486038425663,0.009121412587944175,0.010100502108892708,0.0007934430972242863,0.0065956068555969305,0.0010330470308139595,0.026291001316619864,0.0005976056066570515,0.5123986157912926,0.004165608065507436,0.1403737929241958,0.002568627683911684,0.003051389830391753,0.0011987899595592415,0.00011114720652636335,0.013000582640825773,0.0009376109156950973,187
0.012893911403444775,0.38938343347064397,0.23380376965336708,0.003607260546110699,0.007975908979913748,0.002258062668860693,0.0005065188347007077,0.07549799577633572,0.0,0.15716000717385323,4.358598912551238e-05,0.00835792492925871,0.0030595882607758,0.00016895261337777098,1.2152424241246504e-05,0.06510670707772746,0.010807165777219905,0.017845634477937477,0.005873481153489807,0.00068597778075274,0.0002571965673899172,0.0028407645801589265,0.001083610341573065,0.0007703895197408518,188
0.0022951006908759905,0.09140043980434429,0.065333878439568,0.0015113325464156339,0.022324611361671975,0.0006821827314793685,0.0007700881451338247,0.0372342739171251,0.0,0.0003407761244906394,0.541154562700018,0.004463796743195451,0.0012697070647299392,4.612911595644028e-05,4.2520629408232855e-05,0.13130493686213174,0.000509284446374682,0.016485969737435748,0.04225915816548147,0.000382042784217593,0.0002615795153109475,0.03516971664582239,0.003786607859252043,0.0009713039695604115,189
0.03288592158946561,0.5686106900858239,0.040846041003110664,0.017566527606378526,0.009984493623928524,0.0003432478325348177,0.00010575406974225709,0.18333866167761967,0.0021601626787110533,0.0787456567884325,0.0001273625503388911,0.0026178996479365516,0.0022997387138344854,0.0006645201080490614,0.00017592360814142906,0.0015812988765659566,6.55764514469768e-05,0.00465486688538994,0.035867798464614103,0.002817012390566194,0.00029457666284174905,0.0011315234134151118,0.0069837758776919775,0.006130969393420122,190
0.0035312739376993137,0.7252594919972002,0.00716461138713548,0.020609824597332387,0.001525101361218754,0.007074367918901654,0.006984141064566426,0.09495899050275679,5.985579164349573e-05,0.027752149284062687,0.028602489934585883,0.0006809261231105152,0.0028980400683925713,0.0002483244729206302,0.0007726710717162358,0.026223442303065655,0.00912526902320137,0.0025619644375696393,0.012887851187255418,0.0008874559953734966,0.00026911056472381006,0.002044986166231436,0.015149747513627338,0.0027279132957088808,191
0.001397187817838009,0.43763164829932855,0.02702697834439968,0.006097067818909615,0.005536096478781864,0.0016488160902020776,0.0011059249899645091,0.10862889920642033,0.042633494259130926,0.005459656182511479,0.03905256132171505,0.0019073590880334798,0.0053333806411570315,0.0003158064127512638,0.00043543887511934956,0.1961813725269773,0.0004390248493162306,0.02810047606544396,0.0144790552700038,0.0004795720308320164,0.0004505733326069566,0.010465622855080637,0.0016946724668581213,0.06349931477661783,192
0.03200558790072773,0.01036960394981787,0.5986485593300105,0.00881982278657081,0.006312847020889383,0.0005096101844325153,2.0940657663149846e-05,0.021299168297463915,0.0016608866294264904,0.029248844275532197,0.0005939391186136179,0.01389637103080161,0.0055506455500374035,0.002431863685166367,0.00022726788360976548,0.2001938860917378,0.0007469213629215406,0.004756066057647243,0.005086285467588979,0.001294915359724636,0.0005189204832024421,0.007286407121371349,0.04688144518244985,0.0016391945725929237,193
0.005859702980221679,0.1053924927924459,0.20939220992998472,0.0004885678281401619,0.0010000654401582645,0.0008940523395571469,0.0005767508759173314,0.004054928306879728,0.0024447777148325963,0.04453887315117504,0.005888501612637665,0.0003754896094954464,0.0026906495744927,0.00042129106686605253,0.00013498874692975064,0.5551812443463375,0.004673201263440938,0.016237515557150778,0.009256748544773789,0.00019460976557406992,0.00048455419640940176,0.00523992090333627,0.0002910412745297543,0.02428782217871332,194
0.0075077704923631255,0.029340319603316466,0.039343197294853416,0.00044196812173428253,0.0005501379434959165,0.0008332300221484127,0.0002659409404145615,0.015805104390207714,0.0017599494770753957,0.041894787287124,0.05463715029931579,0.002177506662965899,0.0014835187109815489,0.0002532224644646752,0.0023418760027068713,0.7816402473345665,0.0004701751145200021,0.000453397605058606,0.0008870432071000731,0.0008907453143569108,3.076450173261241e-05,0.003579661886835008,0.012034681781488999,0.001377603541173248,195
0.025718569886822796,0.5080232671329356,0.09490825052934761,0.004274911028792919,0.01577667819099287,0.0023885267715614855,0.00019832174807136383,0.006925061732910758,0.0004213460298291488,0.015715163831002247,0.17286153827882128,0.004704924250780457,0.0015173548174440157,0.000636831694436941,0.00012746655663145956,0.09689830512108771,0.007128467133200676,0.018424529943335446,0.008202535394414522,0.00016538279072596766,0.0009667868066815556,0.003428761643439904,0.002967533757924543,0.007619484928808973,196
0.004736549300037812,0.06559222388519333,0.07191056281673587,0.004668683875427319,0.013826654804414052,0.0005762388774612729,0.001765293721033914,0.010845995916450907,0.0,0.09298163871228779,0.24039505080984866,0.01658640423522158,0.003738448455713319,5.719552418854858e-05,0.00016081027141919536,0.44907360406783065,0.00017899403746726744,0.003672358675942223,0.0035036594365496477,0.001509928863684686,0.0007935100087483233,0.008338325679071296,0.002078508487347241,0.0030093595379251663,197
0.0034756236422233432,0.02196691601543002,0.35473686022135453,0.0778457972864392,0.005208103757124465,0.0007196156433673791,0.0013653139883252907,0.017706263446740887,5.506380987124628e-05,0.005373929212097303,0.2431988229976757,0.002247008083035058,0.0006609790937538027,0.00017768041434170983,0.00029109056417102634,0.13033907303113593,0.07250292770247388,0.0433420562968689,0.0064909440162173645,0.0002562891068819077,0.00011078781654846808,0.0013188901251778911,0.00503088542210408,0.005579078306640652,198
0.0005526421906605876,0.06110860288882457,0.026669815834810835,0.004631009049094924,0.035252643484552475,0.0005612484363060401,0.0006422397203095057,0.6020422063929335,0.014639365853550027,0.07209070125834076,0.0034143554436886986,0.0014134239412940126,0.002382213777935494,0.0026103472309193217,0.0005644981546742985,0.13967538560627343,0.001058401101183692,0.00909418200297401,0.002820734405065977,0.0005962184503049948,1.565919130817521e-05,0.008254675944323896,0.008952053539899741,0.0009573761007712181,199
0.007590165294390139,0.051580738087232555,0.03389499687695186,0.0008216251110416048,0.0011092421190646439,0.00013803860085303727,9.14222620418511e-05,0.002773500516403414,0.0,0.06270601661524879,0.6208855874784014,0.0035766599361263442,0.0032988959013252475,1.91741422157711e-05,9.169407201662009e-05,0.15435933933280707,0.000858604881827824,0.03205274779670035,0.014393293956186647,7.803488769567285e-05,9.461933840564442e-05,0.00625429456946346,0.0007451846150259691,0.002586123608574106,200
