LASSO__Total_Production_Value_Per_Capita,LASSO__Human capital index,LASSO__Rule of law index,LASSO__Political stability — estimate,LASSO__Trade (% of GDP),"LASSO__Gross fixed capital formation, all, Constant prices, Percent of GDP",LASSO__Share of investment in GDP,LASSO__Domestic credit to private sector (% of GDP),LASSO__Landlocked,LASSO__Urban population (% of total population),LASSO__Government revenue,LASSO__Capital depreciation rate,"LASSO__Use of IMF credit (DOD, current US$)",LASSO__Real interest rate (%),"LASSO__Inflation, consumer prices (annual %)",LASSO__Access to electricity (% of population),LASSO__Adjusted savings: gross savings (% of GNI),LASSO__L1_ECI,LASSO__Forestry rents (% of GDP),LASSO__Inflation_roll5,LASSO__RealRate_roll5,LASSO__Resource_HHI,LASSO__HCI_x_ProductionValue,LASSO__RuleOfLaw_x_ProductionValue,Ridge__Total_Production_Value_Per_Capita,Ridge__Human capital index,Ridge__Rule of law index,Ridge__Political stability — estimate,Ridge__Trade (% of GDP),"Ridge__Gross fixed capital formation, all, Constant prices, Percent of GDP",Ridge__Share of investment in GDP,Ridge__Domestic credit to private sector (% of GDP),Ridge__Landlocked,Ridge__Urban population (% of total population),Ridge__Government revenue,Ridge__Capital depreciation rate,"Ridge__Use of IMF credit (DOD, current US$)",Ridge__Real interest rate (%),"Ridge__Inflation, consumer prices (annual %)",Ridge__Access to electricity (% of population),Ridge__Adjusted savings: gross savings (% of GNI),Ridge__L1_ECI,Ridge__Forestry rents (% of GDP),Ridge__Inflation_roll5,Ridge__RealRate_roll5,Ridge__Resource_HHI,Ridge__HCI_x_ProductionValue,Ridge__RuleOfLaw_x_ProductionValue,Elastic Net__Total_Production_Value_Per_Capita,Elastic Net__Human capital index,Elastic Net__Rule of law index,Elastic Net__Political stability — estimate,Elastic Net__Trade (% of GDP),"Elastic Net__Gross fixed capital formation, all, Constant prices, Percent of GDP",Elastic Net__Share of investment in GDP,Elastic Net__Domestic credit to private sector (% of GDP),Elastic Net__Landlocked,Elastic Net__Urban population (% of total population),Elastic Net__Government revenue,Elastic Net__Capital depreciation rate,"Elastic Net__Use of IMF credit (DOD, current US$)",Elastic Net__Real interest rate (%),"Elastic Net__Inflation, consumer prices (annual %)",Elastic Net__Access to electricity (% of population),Elastic Net__Adjusted savings: gross savings (% of GNI),Elastic Net__L1_ECI,Elastic Net__Forestry rents (% of GDP),Elastic Net__Inflation_roll5,Elastic Net__RealRate_roll5,Elastic Net__Resource_HHI,Elastic Net__HCI_x_ProductionValue,Elastic Net__RuleOfLaw_x_ProductionValue,b
-0.10715892110172305,0.4002871098699652,0.2964885801738553,0.06841055827777377,-0.10961818132460752,0.01263968437718411,-0.1380285868441744,0.13861593647248352,-0.0163742597475229,0.18604719676709244,0.1475462262802471,0.103137970578031,-0.15055668549639295,-0.08318185070720056,-0.02926574413008115,0.2625724150503369,-0.023857781502094985,0.08541607317600368,0.2655701239092304,0.12144108169558294,0.06228976695569834,-0.06716616856491832,0.07880052310928862,-0.13458668839173898,-0.09392362160820843,0.36128403750429505,0.26518582788407485,0.08662968908030845,-0.08653475104576956,0.011318505935438448,-0.12394947747575817,0.14195761050824035,-0.015411797007782035,0.1776675351520495,0.14726630299874965,0.09842805167145437,-0.15950861701246474,-0.07457463363020059,-0.027202086330782513,0.22016519577128368,-0.037098674804606595,0.10197907904941414,0.20105687375745313,0.11424232163276546,0.050714598877475044,-0.06590083817013244,0.07212667430653069,-0.12055127321902814,-0.10659150986113691,0.3988542880978632,0.2950925070143622,0.06918000911200066,-0.10855854418929427,0.012499503851939708,-0.13738849119331126,0.13880854483306415,-0.016350151339667707,0.18572790558645208,0.14754670781072377,0.10299234423295796,-0.15096515934040794,-0.0826653251305317,-0.029091408070616713,0.26042128454354063,-0.02441189000472025,0.0861007018474384,0.26267067326011667,0.12109285561189244,0.06159704145934281,-0.06706483310077,0.07849162377590302,-0.13393821622638472,1
-0.13836601059922987,0.2321648954112311,-0.07028490232134267,0.16073106624091735,0.018057135994354358,0.031592839204817307,-0.0350282346437689,0.19657680772091443,0.08540092922304549,0.11518003605561572,0.0,-0.04366861649253225,-0.17727077290832596,-0.05802781988154808,-0.005461463834762596,0.15874356737761353,-0.12495982906434319,0.10167008675718592,-0.0860067273815413,-0.0,0.0,-0.08418233792483547,0.024796653842229337,0.11451653916597776,-0.1378947285054927,0.20050313032166087,-0.087761140766477,0.1644217165615166,0.04079626123404852,0.05075609629750328,-0.05391988819712829,0.1883936561074239,0.09233148970331734,0.12509014535847132,0.02217932559180017,-0.06076436051496518,-0.1779420332219336,-0.07413844659049933,-0.01598781654166237,0.14955920461975958,-0.13641807857816968,0.11071715376620708,-0.10866188228785309,-0.003511348658327394,0.011809364226148103,-0.08872510484317452,0.04175787940464056,0.11506648784834149,-0.1352626074096882,0.22946065853283745,-0.06181345791588882,0.1571759098877606,0.019065495577063624,0.03063884251694424,-0.03531516625957664,0.1961687867629144,0.08452246984179342,0.1136208141841392,0.0,-0.04366751941589131,-0.17409527579465942,-0.05680203572387209,-0.004980300261906558,0.15737274519926409,-0.12243156151890859,0.10168765647369943,-0.0856212266490614,-0.0,0.0,-0.08411192530671861,0.024158078802849973,0.11285347013446995,2
-0.0,0.2532028280027206,0.10850353677124738,0.04511039196945558,0.0,0.0,-0.0,0.1983382998333632,0.024115860930333553,0.0,0.0,-0.030323893155748967,-0.00041278602925279686,-0.0,0.0,0.14354540716655873,-0.06136303256463234,0.2237780140813274,0.0,0.0,-0.05120766790018719,-0.0,0.015018873258016175,-0.0,-0.03723455832688716,0.1899552274101568,0.09744472762886956,0.04084207151676691,0.025321500210135045,0.03987545775248444,0.0070251552470384495,0.16563204613522117,0.0627136559905335,0.037231320805910295,0.03541541080994545,-0.07474179029553148,-0.06406518547360329,-0.019037968571259587,-0.008471608201063852,0.17718654551043495,-0.10169875286694209,0.20110653136532072,0.03929592800330742,0.02212879229534763,-0.0726991565774456,-0.029872059904396668,0.06565906014956036,-0.03462543684321523,-0.0,0.23860467072003072,0.10499951372186801,0.05022561143659397,0.0,0.0,-0.0,0.18938042095240407,0.019189626143686724,0.0,0.004469705930748507,-0.03623784073458389,-0.010432442314756787,-0.0,0.0,0.14290030327613898,-0.05741310227625308,0.21645693982185696,0.0,0.0,-0.052443356792131864,-0.0016448515295695004,0.015675410063265373,-0.0,3
-0.0,0.10930487108875421,0.1241241647844488,0.0,-0.0,0.0,-0.0,0.1419614538541136,-0.0,0.17184957631036574,0.2929395167731226,-0.057683085484613664,-0.02867066974662107,0.0,0.0,0.0,-0.06098572279311145,0.16262318659924374,-0.01490379212303057,0.03318946840750491,-0.0,-0.0,0.021108990380118563,0.04019762053342135,-0.06764238148896426,0.10950003412158633,0.09820469488874616,0.04510190932988211,-0.026490854963102235,0.014273061180565018,-0.0451517119100871,0.11367663266800183,0.009555987202740916,0.23118566182361727,0.2432964107150135,-0.045898397955648595,-0.08149228473349468,0.014888547533345241,0.018522896021690237,0.044304919401152845,-0.07014310377428438,0.1654259713080391,-0.057344893736443386,0.04099299742725616,-0.030405600080528346,-0.01648470042508624,0.04671342440312502,0.09049032251063815,-0.016072351714538604,0.10973930873195287,0.12150776928198269,0.0,-0.0,0.0,-0.004165514646896912,0.12960300381247003,-0.0,0.19440856762357592,0.2843458571307417,-0.05717747850063691,-0.049745417465908465,0.0,0.0,0.0,-0.06914574475150471,0.16761912477777474,-0.03673688910293094,0.04006328286532488,-0.0,-0.0,0.029119199147636464,0.057820580986608236,4
-0.2403783769210568,0.22180746069275198,0.27325155876118196,0.09085201339412385,0.14592258671076017,-0.022266339304680277,-0.11367018480757947,0.21492583266426574,-0.08242846200407584,0.1986518825590918,0.07704377761990985,-0.09370618584449569,0.11091148213502253,-0.06452851563180792,-0.028672281313920907,0.06613868458674993,0.08521225325532317,0.05412396465101595,0.0466091959413932,-0.0018147320908730757,0.06908875579701095,-0.11107095285690899,-0.05999972602544135,0.1039693753253052,-0.2338807458346063,0.21662263817913732,0.2649227284029961,0.09517157561720764,0.1414082277186002,-0.02059828146662765,-0.11080190230553043,0.21263806585237247,-0.08022294534502568,0.1955237104843891,0.07972040725764855,-0.09275083995667184,0.10603407457824925,-0.06472916070101753,-0.028378673810396167,0.06777309455022504,0.08068043301196552,0.05292192707450711,0.04629669755112506,-0.0017695276775929213,0.0677703558982376,-0.11203369647962132,-0.05865289523465133,0.10242830948911633,-0.2397539580120103,0.2214616705640619,0.2726237750463689,0.09106077937622505,0.14552908991304755,-0.021999474494335054,-0.11336824099509547,0.21475360781016037,-0.08218850132652661,0.1984023331827293,0.07721699035080808,-0.09350363944101296,0.11037684079529264,-0.06438181964865514,-0.028571575848803044,0.0658838620736783,0.08471077774628603,0.05399443598844042,0.04623438441741968,-0.0017492498375925012,0.06879891846455627,-0.11110686602523136,-0.059716808403064925,0.10368548533154084,5
-0.046855915842316576,0.18211736324656785,0.17233741895947308,0.14344282214248003,-0.01595574301768084,-0.0,0.0,0.14797024719690405,0.0,0.18470005066378453,0.0,-0.06979551669930861,-0.0,0.0,0.0,0.0347411326380572,-0.045085915471116254,0.23457595734699405,-0.09194758017324059,0.0,-0.0,-0.0,0.018926879479378284,0.003397154588829989,-0.09984788832478797,0.17107882340944253,0.13598538786397335,0.1468553542457159,-0.04577491413342427,-0.003855862310533827,0.012070020093142432,0.1401144016326913,-0.010845557151159663,0.20368473870054316,0.030257730524472826,-0.0814498885635152,-0.020245319617561312,0.012912631331089216,0.02896828118439656,0.1050690967146726,-0.07991457978088225,0.21349261105312256,-0.10857390725957017,-0.007636836233411624,-0.011097047033978529,-0.01076888319045952,0.07834645287685739,0.03834533113178744,-0.05394646866209397,0.1745644391612739,0.1675990980936546,0.1430926242170974,-0.019069902658815214,-0.0,0.0,0.15019312935336274,0.0,0.1843874265029253,0.0,-0.07085418999716046,-0.0,0.0,0.0,0.05606440538856276,-0.048088952634406004,0.22949935298306648,-0.09086589406689125,0.0,-0.0,-0.0,0.026658124918197027,0.00787884448758372,6
-0.11794593929251014,0.252094250131529,0.3315067576683715,0.012066295463515344,0.07446437785812637,0.05287661722659118,-0.046891468236358105,0.0,-0.054972656290753166,0.2967664894954836,0.0,-0.08852115072104387,-0.21966725890703045,-0.0,0.0,0.25697811865399867,-0.0963256848064034,0.04571419748691939,0.0,0.0,-0.0,0.03977906342176462,-0.0006973594924432883,-0.12056146141417197,-0.1337578676001452,0.2565575572186436,0.3338159188761615,0.028979068656413098,0.09104749880880086,0.07557634494631488,-0.0793966791588444,-0.02190643527310282,-0.0839469461622671,0.3167512822453399,0.0012844607375079398,-0.10706660798855373,-0.2384699758573732,-0.004622332750437094,0.005582518369459883,0.25209456297741734,-0.10733416888702244,0.05971688693223405,0.029788073199113623,0.003714427471816298,-0.007629406653317212,0.03950416799336627,-0.02213292830127364,-0.12439892778622326,-0.11977734528031342,0.2543212732279052,0.32621249146339926,0.017903179212780992,0.07833058799633866,0.05821856775173152,-0.05390282117364961,0.0,-0.06174502508726177,0.29825296698357256,0.0,-0.09249394494777709,-0.2221476824900217,-0.0010826632618523115,0.002008761653970223,0.24808686358476997,-0.09960162143024016,0.049793758410487825,0.0,0.0,-0.0,0.040178915533806606,-0.005648689647689065,-0.12166529047059678,7
-0.12483446259987081,0.28648358658264556,0.19053690374180787,0.08778140649210871,0.006444714740275763,0.001220623190808905,-0.08014887799333749,0.16158852146925953,-0.061342067792086834,0.15463379691619678,-0.05087294768449414,-0.04397574240818671,-0.05259516242758569,0.08392051950398094,-0.01327844330918223,0.2766482329264179,-0.03670953044280577,0.02711980018898055,-0.02551172787886699,0.004316628480981392,-0.12221394467721074,-0.12654612620562458,0.09571377688745311,-0.02670527094626818,-0.10111128457076439,0.268993737887261,0.18351660847396145,0.08605119303190523,0.005127798496783171,-0.0005163351520152291,-0.06352617788117597,0.16284368849385736,-0.058871245864070124,0.1416653307765691,-0.0323050957106815,-0.050945164537881955,-0.05978789259108172,0.06568159188019554,-0.01992802574601353,0.24805678509497653,-0.05261947151562294,0.032782097529501,-0.04037713445826001,0.008148667917475873,-0.09817654423478471,-0.1246702250369681,0.08782984661255971,-0.020683225164333872,-0.12428454376421057,0.2861840071869046,0.19039043024169436,0.08767506239441901,0.006348213963086732,0.0011351608103648881,-0.07974616891427615,0.16169796251709528,-0.06127124563076063,0.154246481628006,-0.050406844424894647,-0.044125459729909604,-0.052721115181497705,0.0835012691301865,-0.013361468868468075,0.2760293018767192,-0.03704274565132905,0.027245750747852567,-0.025805286551966306,0.00435407275953576,-0.12163847675842435,-0.12649445573028276,0.09549815039317851,-0.026512926067952615,8
-0.2334345061343954,0.2675905875027799,0.3638359844361757,0.25570372321702706,-0.006022016709575086,0.006580845304659748,-0.0,0.0,-0.0,0.2711642905325284,0.022718368276458536,-0.011976779466383269,-0.0025414240484868175,-0.026409221378362383,0.005186572847679004,0.17994025896502994,-0.0,-0.0,-0.04081655540959075,0.0,-0.020876304313459867,-0.0,0.027181599149876508,0.0,-0.27782626949009115,0.28394942709654125,0.32313756688924117,0.2674182005238142,-0.038753341329489294,0.050032313036768646,-0.03232067252529499,-0.039871624180899186,-0.021589403452232547,0.28228357450169533,0.03427599277982964,-0.03907520698191507,-0.07794198858816143,-0.04422368468216728,0.021877899456817767,0.14568853630135137,-0.014604397823295675,-0.0280423640865587,-0.08388440309786648,0.009266409810790318,-0.029449503590749705,-0.025497304469739315,0.06528199651227495,-0.021566478771682787,-0.22713997666364596,0.2683324879500918,0.3475045904502689,0.25506984424395174,-0.013512280308711,0.014746164853400794,-0.0,0.0,-0.0,0.26559101887459524,0.032015348305398414,-0.02100185980221629,-0.01638833909763856,-0.028681425547972504,0.009216115126767295,0.1584850370493522,-0.0039598098370776874,-0.0,-0.051012201440175195,0.0,-0.023062872535931797,-0.0,0.029756227677898078,0.0,9
-0.14905587759505107,0.23359900105411804,0.2909479498462679,0.271186392627797,0.04012810476751551,-0.053990152607826795,-0.04385687291021695,0.22982626688215915,0.12990172836392916,0.2906787886854174,0.17975914759017952,-0.014504352339465402,0.09148623399060014,-0.02412120789270967,-0.028239431461957062,0.08587695647960246,0.015156898626739641,0.06958289455841365,0.0,0.047215195197253035,0.0,-0.052491876517214126,0.06691349079507024,-0.06809669384464366,-0.13366300917001045,0.21860172188409718,0.27200761734965223,0.25220009841141083,0.03930356950470166,-0.04459270275166462,-0.0322861423206332,0.22579569138726935,0.13202344948156078,0.2677605718355922,0.1718787579474443,-0.027339537861916945,0.06646124352971608,-0.030866664150737043,-0.036181768271221076,0.08734423096322758,0.004712453919669087,0.07779136473913666,-0.006657626765928607,0.04798998730533227,0.004883829728796409,-0.06057649048412631,0.06541714562633075,-0.05997095660785868,-0.14341035740087746,0.23212544532762946,0.28254499945458134,0.2683066177844131,0.03812802943290376,-0.050986564536563375,-0.039201102679013874,0.22876433904915605,0.12969542442843465,0.2879410523524035,0.18000416039905695,-0.016130652337323068,0.08177990737645853,-0.023569958445242865,-0.02627616448686443,0.08254464980847419,0.00677644795774888,0.07111940934877505,-0.0,0.04442804662169157,-0.0,-0.05084604365610138,0.06302221174424558,-0.06439353955767466,10
0.0,0.13031912250451808,0.1913367910326904,0.0,-0.0,0.0,-0.0,0.2842271844700103,0.0,0.01229976202938457,0.21740053506920137,-0.01391153530600458,-0.0,-0.0,-0.0,0.08793798682741555,0.0,0.15802159459867357,0.0,0.009776793713372941,0.0,-0.029080359957962033,0.05509936768114891,0.0,-0.015271463085372501,0.13846361251185005,0.16407147720320864,0.04350027822095431,-0.027576000781152892,0.04376104844120014,-0.018950436394373705,0.24155221881640473,0.03795726315081975,0.04859610900818256,0.16673654813689512,-0.0417869418033533,-0.050901170446939994,-0.03728410388755117,-0.03691631685854635,0.1501971349365459,0.017069069672714446,0.16220792515221183,0.05414698491864533,0.06614301548728457,0.04712451431551238,-0.07695436447182992,0.08628516425238053,0.007379485988438865,-0.0,0.13185507717175118,0.19887809797413913,0.0018967657808651149,-0.0,0.004266756755529575,-0.0,0.2742188007209252,0.0036636744098258733,0.01932726570960718,0.2071723851317436,-0.017984320235076238,-0.0,-0.0,-0.0,0.09891687960214965,0.0,0.15919263709471154,0.0,0.016880937842823674,0.0,-0.03611906376971603,0.06581306400211966,0.0,11
-0.10984036953315232,0.34801124728777133,0.1293758851056639,0.14641251206134348,0.0,0.02455408434087874,-0.03459149598041464,0.10821691426204914,-0.04353946039259853,0.09278273127424072,0.1490739837549395,-0.045628345540045835,-0.0,0.0,-0.035761828168536194,0.06954128935218751,-0.10349475417627077,0.0668930605482338,-0.13342715918559428,0.027717570020716877,-0.03968987991420094,-0.20489708999458037,0.0,0.10748760743064727,-0.1129942977249606,0.25363932240560827,0.15029280200291684,0.14779839780943696,0.034531229687519836,0.04577136756396281,-0.059177006298580574,0.12601396014053162,-0.032354545975903315,0.10143543099299886,0.16407193876852544,-0.062399109474351774,0.009435559105049266,0.018957381259201423,-0.057847174682283765,0.11800423708830167,-0.10971121072388183,0.06622735498317878,-0.12796260143163918,0.05128302584804121,-0.04885999642463266,-0.2134878217689335,0.015209930262726134,0.11801324611525105,-0.10119345614795439,0.32504372923636426,0.1327233691172106,0.15045151815475646,0.0,0.023295157573776162,-0.03597344189221223,0.11311792284156717,-0.035594120505336745,0.09040513533614247,0.1492270467384489,-0.046047975884148586,-0.0,0.0,-0.03493978981036235,0.08372976749724216,-0.10709918130671765,0.06572189735222933,-0.12731409009505834,0.02597173182488787,-0.039511724655007886,-0.20418873417513614,0.0,0.10491176220513637,12
-0.0,0.18628957835540216,0.27427997063736453,0.0,-0.0,-0.0,-0.02143423006460217,0.25536298854610284,0.0,0.03917036058589286,-0.006532420077178756,-0.05302638284002631,-0.0,-0.0,0.0,0.20753525711942022,-0.0,0.20529414457158154,-0.0,0.0,-0.0,0.0,0.0,-0.06551248887359641,-0.022061969522677707,0.21756210200687784,0.2535036349568283,0.04137532741617295,0.01882187956836609,0.005783515722311004,-0.06800414225159084,0.24240389046923902,0.029228060900681228,0.09686882970904592,-0.04864096444455287,-0.07140061188968622,-0.01485920173352527,-0.02149064283141256,-0.012437511099907943,0.19691961434901054,-0.05349456407829246,0.1856671796172091,-0.035993876069391084,0.011991938996374548,-0.03398429908497652,0.021375209206514405,-0.00914568178539508,-0.08382447684759721,-0.0,0.18872918284983967,0.2660284248665482,0.0,-0.0,-0.0,-0.021082165187027317,0.25293559214399947,0.0,0.04360027711978645,-0.0035124372672500925,-0.05838687012746094,-0.0,-0.0,0.0,0.20128144367437378,-0.001644429791627487,0.20094939171867857,-0.0,0.0,-0.0,0.0,0.0,-0.06487198006403298,13
-0.2235286925237626,0.09794340090441037,0.19039542920116512,0.015911614433148737,0.009362631287317052,0.033412339018238216,0.0,0.3403307401322976,0.0,0.14573613952520914,0.1951904529739958,-0.06718696551809235,-0.028835864094955293,-0.0,0.0,0.2559130858640577,-0.0,-0.0,-0.0,0.010177973985646923,-0.0,0.025644252080083224,-0.0,-0.05493677833607746,-0.2071690970163123,0.14073438706512162,0.18809289759765116,0.04117089919171353,0.042225569005864334,0.06342174356390505,-0.008850004597732298,0.31198623038851675,0.021539534360805725,0.19851995574875472,0.1979703327451754,-0.08928888219618913,-0.06291881512682365,-0.012641077271413502,-0.011929598234501208,0.21858262258650343,-0.03591627062617108,-0.0328056832467905,0.010642838306193931,0.04964844540293632,0.02021073471224484,0.06593981057005854,-0.0122263630377493,-0.06840617356645118,-0.21210213762088484,0.11563996932563822,0.18326903614311416,0.02383902061563341,0.006824450437443673,0.034109742339026465,0.0,0.32088628602852776,0.0,0.14409863566523762,0.19626689382058649,-0.0673469054160791,-0.03589258950665886,-0.0,0.0,0.23419398368346764,-0.0,-0.0,-0.0,0.009011197981774447,-0.0,0.018859419595899436,-0.0,-0.05525588993488952,14
0.0,0.1364078250588283,0.3468787698400145,0.10312314440463607,0.0,0.08095578396052466,-0.0,0.043150361403425826,0.04998665773200547,0.08035253435377315,-0.0,-0.04005351559782639,-0.1168462002961826,0.0,-0.0,0.20375465743677512,-0.033854144868835805,0.005741869008565252,-0.0,-0.0,-0.0,-0.026408443469802607,0.04149504070831395,0.0,0.019597549468299218,0.14526224744353203,0.26788729326765054,0.1539811647929974,0.028907456895387568,0.11358641036443493,0.001044606060898811,0.09307834374811576,0.08194855691312718,0.13204021145590925,-0.04933307225051564,-0.0830655756218923,-0.14649810724350615,0.025726674704406847,-0.004217829551413541,0.13300510148225497,-0.08778072768682953,0.03364807243664869,-0.0504976059498927,0.011174955602671123,-0.06167963522273161,-0.02693824863349733,0.06742641562509971,-0.014134496385779788,0.0,0.14466251218023252,0.30924815513378295,0.11492674994086931,0.0,0.07561914356159118,-0.0,0.05520718941612483,0.0389551615903711,0.08637012931000602,-0.0,-0.044228607371496004,-0.12739145643991387,0.0,-0.0,0.1812548236269515,-0.03561060174078069,0.011092742982238118,-0.0,-0.0,-0.0,-0.026783884695386406,0.038923045112336116,0.0,15
-0.0,0.3093442852949885,0.029453990670448203,0.0,-0.08304928002432815,0.05849443315926688,-0.0,0.20332054640008113,0.0,0.049745434953019835,0.0,-0.14336890553323217,-0.13467398624681653,-0.0,0.0,0.11847394703934908,-0.0,0.03436699376328438,-0.04348893923407468,0.04274720802476918,-0.0,-0.08924091698424204,0.04093749288697036,0.0,-0.02706348574723883,0.1985268215506301,0.08667041571716123,0.051778977908274376,-0.07868517579270205,0.08748828855327365,-0.02939996824263838,0.169730787650632,0.030953859209802093,0.09783292582596133,0.03867755180005792,-0.1321679438902949,-0.1034347668822341,-0.003013727821859914,0.008112296501577163,0.11398413509670202,-0.015897512555146025,0.05832785215672356,-0.10406930418028684,0.04831104128162289,-0.025123039320253504,-0.10990514651290914,0.03873275361416123,0.03548635122112813,-0.0,0.2840048468782279,0.04301383380713612,0.0,-0.06518256900181585,0.055028176093345,-0.0,0.19894380299963466,0.0,0.049549331931321314,0.0,-0.13522727345075528,-0.12272541595541742,-0.0,0.0,0.1223820746281057,-0.0,0.03429181404396115,-0.0513566383345189,0.033914755112214034,-0.0,-0.08543744035079258,0.04004390998415389,0.0,16
-0.2120337412876317,-0.0,0.07110456134887848,0.05986674656481833,0.04985318463573412,0.037198860118828746,-0.008458285445956311,0.13059419180723056,0.08394578454283631,0.3335054568916689,0.07373384626328867,-0.13763733630995978,-0.04921839916435135,-0.051003396969330185,-0.04997308645420801,0.15034422321559454,-0.07014052725616547,0.15456337508667845,-0.287032338074147,0.04433316431722652,-0.015400865560504897,-0.1304008403313865,0.0533856151110699,0.0,-0.19873675214651168,-0.03147432871876586,0.07361897768348875,0.06230737108165365,0.06569680532995875,0.04292622368249131,-0.030013199526382376,0.13831232484329717,0.09919459045519234,0.33193445036493546,0.08230363885235233,-0.14692352375352002,-0.05940495177966283,-0.056659175673253334,-0.06253913648101275,0.17378989974287923,-0.07931105200074515,0.15049856991231125,-0.27804123772426453,0.05698940423113215,-0.0269906698643171,-0.13118329647363625,0.0558686512608269,0.006290827140858557,-0.20269931265224497,0.0,0.07521261156618698,0.06037067054329201,0.04616966474636422,0.037564580352565595,-0.008976380120871574,0.1334394495307439,0.08392326110865052,0.3232161236017711,0.07486262213475021,-0.13744018327623456,-0.04730022031170997,-0.047496092475549874,-0.049573472756982574,0.15326631894776616,-0.0694562969157069,0.15284291855085871,-0.2779249439761351,0.04381029513093971,-0.016382788801703834,-0.12623156193508867,0.05068687248610396,0.0,17
-0.13988036746092328,0.09668685700241328,0.2784965298329885,0.01838306065812712,0.05419214163273547,0.018367029986624143,-0.0,0.12147542852451096,0.10076311073814935,0.09110153760316446,-0.04350892291958514,0.08353948736022354,-0.15920079861291225,0.0,-0.07206621856670767,0.37024577844530593,-0.04038576718628968,0.08683816116183968,0.009791515362559214,-0.0,-0.04010675210736768,0.0,0.03482682516648041,-0.0,-0.12252034153695357,0.17347793164192796,0.21397693929675787,0.05176606957349996,0.0774095934335977,0.04589622969448812,-0.017501454975902206,0.14048727102246128,0.09709641138603557,0.10829356005708272,-0.047248827573365064,0.07694068893451247,-0.14798868394995096,0.027109769502081223,-0.05968744479773025,0.2923495119099869,-0.06591258872456816,0.0924325580419062,0.0022774186121706694,-0.016535384714945128,-0.07325352480780704,-0.0030241868197339924,0.0616897367826327,-0.032646807803341574,-0.13533596156262234,0.11678422070747685,0.2643348655081327,0.026660260454722872,0.05352238515333834,0.020124757479349047,-0.0,0.12500035079800925,0.09895843069809993,0.09131226200517989,-0.04086367360280309,0.0812452952542877,-0.15487823392832198,0.0,-0.06964946130326098,0.34145296835288264,-0.04362720428090338,0.086842673778041,0.0004026141529842839,-0.0,-0.03977666788909905,0.0,0.03536895559869826,-0.0012836727955142227,18
-0.16646347911743897,0.24181345804202148,0.07654081590158435,0.303127745093454,0.07294379742963471,0.02458522893301182,-0.0031689110557455913,0.10971115920480697,0.0,0.2334953099159371,0.16735278178070526,-0.02721728549268974,-0.0067497823138133696,-0.0,-0.0,0.09022830557355803,-0.1022589981226456,0.03403460748435636,-0.0,0.062195981165958064,-0.0,-0.029687546792629336,0.06562937331934324,-0.1676614356949534,-0.1515001111889916,0.18235107308847465,0.11378923411804498,0.24838436728025134,0.08691602557057646,0.0573478886218088,-0.026111968619413308,0.11693443133831415,0.007484984782213713,0.20377310273533328,0.16517502979420876,-0.04718451747458944,-0.03931295517995427,0.00021441047806587167,-0.01464295760215931,0.11513801776501613,-0.1041359518887705,0.05483099921178859,-0.009431290143971774,0.08309296267199011,-0.015119316029864093,-0.055934774010528585,0.08901801765099027,-0.19303930209808853,-0.1604240622980442,0.22846545842247118,0.08493745099604941,0.2905430279955564,0.0725494582303636,0.02865913286679963,-0.00701558015470427,0.1135047654600034,0.0,0.22271787823612296,0.16873930168784068,-0.03117541501356977,-0.008781423870424071,-0.0,-0.0,0.09646972388264421,-0.09893193042966088,0.03772406031545916,-0.0,0.0635357619215334,-0.0,-0.03429768981696601,0.0654919417769528,-0.16880730704824942,19
-0.11890650827241298,0.11862921044706348,0.2658359046916103,0.22099411213807657,-0.0,0.0,-0.0,0.1387642107476942,0.09246143535070754,0.06901432932281926,0.05378143061226481,-0.07603171872041749,-0.04923618092033229,0.0,-0.003714760654984371,0.2796502022610607,-0.040630853976785355,0.10000042698483456,-0.0,-0.011323457467773272,-0.023650617516956175,-0.0,0.014053681782984042,-0.013756527674434011,-0.12449920735046575,0.16512891502073104,0.18450407324157117,0.19557464624391985,-0.020983812915040607,0.03036789771199936,-0.007711284040410962,0.14726620209476346,0.08869105437643171,0.09605206898114309,0.09413877505574467,-0.09739241935540537,-0.11195385173393442,0.020637346384830377,-0.015574170195192296,0.18933550713907474,-0.05982715064821556,0.09046083009256242,-0.03263845877067644,-0.04801199074187923,-0.07859891521767526,-0.035914795249642105,0.06056195039251055,-0.07111638465163853,-0.11452719303618085,0.13771847577415916,0.24578226203799353,0.21449268580654748,-0.0,0.0,-0.0,0.13982963333328427,0.08672213222134419,0.0685509437005274,0.061902814495814446,-0.07925925634437113,-0.061890503667818994,0.0,-0.004400915047073319,0.2596656371470832,-0.04077165922876614,0.09464439074405115,-0.0,-0.01105517059547626,-0.02097917698602502,-0.00015336752152066287,0.018672512767606824,-0.017492440469087774,20
-0.2978193422103991,0.3721424240861531,0.09383567934019464,0.23937740917669678,0.008695988187590972,0.10784675668615062,-0.0,0.06628390899088124,0.0778752216719712,0.3358239542621275,0.0,-0.09235899977623645,-0.042201446242751704,-0.0,-0.019358823403112,0.044681809845365544,-0.022620394906593882,0.027906578357328227,-0.1294466289654237,0.0016744346884926817,-0.041664313993369784,-0.05800423765863404,-0.0,0.010096583806537857,-0.30297251148054205,0.30432147776032137,0.08952728433615784,0.23865372982925193,0.021379235730943087,0.11541024262084376,-0.00914531106891928,0.08131684310120757,0.0979115881472175,0.3346143632559445,0.030780772214064077,-0.10442889735855311,-0.04997086211456487,-0.00333628097977279,-0.05223877112064768,0.08325774090378477,-0.04479390895401741,0.03813550164996474,-0.1292010834195001,0.029102666220987564,-0.04548513395707149,-0.06302809782057359,-0.013434866426154789,0.030730407568726567,-0.2898134012271896,0.35381313755947147,0.09754182223375502,0.2356210064743579,0.009994654449282145,0.10411646937400035,-0.0,0.07425385957891988,0.07787460557737493,0.32790622524685004,0.0,-0.09410109525055063,-0.044473299945069523,-0.0,-0.019177912459635068,0.06025965649148666,-0.02266701074856355,0.0287333370691114,-0.12058685668136847,0.0010485978557510027,-0.03913182260721757,-0.059927345870154844,-0.0,0.008360852175924355,21
-0.2967189537172475,0.17465286819402912,0.17441097086114205,-0.029473498924745233,0.11470265537345002,-0.03325689224661158,-0.036132257820115594,0.11769985981609321,0.10094319243981865,0.293294678971672,0.006956756422547369,-0.008472192631950875,-0.1779253041966867,-0.042275371407565196,-0.03145504438051008,0.12191968050264491,0.08594528497098974,0.0574268657844081,-0.13427945156419693,0.06082456106976489,0.04741938427983552,-0.09429997090811365,0.04144805814771475,0.08979872768712695,-0.27420821012110624,0.1723388403651203,0.16627691831707173,-0.02073133461581715,0.10686788875738862,-0.02553975948556189,-0.04035814539046714,0.12356752538699677,0.09492931269870516,0.27806069189395777,0.007091940232359119,-0.012819279381909772,-0.1688315386057278,-0.042390870926022034,-0.031711259402524325,0.11689485007381309,0.07865258204547237,0.05612641402216099,-0.1277696879553468,0.0608620949138828,0.046344220159395044,-0.09157967047754385,0.037078498215632055,0.08386100762817156,-0.29348756916210433,0.174809176697423,0.17259515306466175,-0.026890844219121315,0.11293386253188493,-0.03147288091747251,-0.036348740916377305,0.11801214045414925,0.09995784892291121,0.29165170217861475,0.005680452333655408,-0.008075005923087278,-0.1771140278560468,-0.04144715821774964,-0.03064855519488499,0.12135236061448251,0.08416025561419682,0.05688250639631194,-0.1331382866115122,0.06030821294510956,0.04627076961132609,-0.0936949366021376,0.04036832189562805,0.08876375586369263,22
-0.13382988254964004,0.3318642743153885,0.04802588328838404,0.010871678496688979,-0.0,0.1317668983556816,-0.018184641584329107,0.01075135494208939,0.048331728031888795,0.19106613362411448,0.0671830458090363,0.0006236752866029796,-0.06731862946967082,0.0,0.0,0.2627728636830998,-0.1288682384975277,0.06858445998140168,0.0,-0.0,0.004058030686017289,-0.0881094653855973,0.033421180843353646,-0.03712498334441566,-0.12496219662952616,0.2774458574366824,0.052159500413463115,0.019541536259229532,-0.017111361420618882,0.14039858929429255,-0.0405114021445832,0.05059900967849376,0.0652779907204948,0.1779350528364006,0.09164654932004475,-0.0016936958756028288,-0.07289077402682653,0.0023057528692845427,0.010486487963924556,0.2556601105489633,-0.11368260158352568,0.08103571438257773,0.009330872329387747,0.0018249631125387936,0.017601949842645702,-0.09943415059841665,0.03258934164002848,-0.06461288312501358,-0.1304686659804616,0.32281572451803664,0.04920664791543107,0.011471499688764394,-0.0,0.13311969250449632,-0.021585894420831087,0.016909001966838946,0.0505024499963982,0.1879327002198613,0.06920633277335746,0.0,-0.06741553363721943,0.0,0.0,0.26111534081043686,-0.12634300680857902,0.07003824063384778,0.0,-0.0,0.005305573840568788,-0.08857743136543096,0.03206375840352955,-0.039272139325375016,23
-0.15341864716928577,0.18249377145259604,0.27567357823197564,0.021012222137263545,-0.0,0.01599386571611563,-0.02474497512983745,0.07234296531200207,0.02458792351700223,0.21556853234320109,0.015930998133587677,0.0,-0.08437812844484813,0.0,-0.006599485253156621,0.27361008074594156,-0.0,0.0,-0.0,-0.008701745482196927,0.0005720681877909112,-0.017547336018871554,0.0,-0.10967568589092795,-0.15683244601867638,0.18269685005505512,0.21564139611597458,0.038742840655164236,-0.053891113030384956,0.06332071277545791,-0.06264152190051313,0.11114687800796645,0.04055529438132428,0.20375684569792346,0.06310111803084682,0.017858124192250316,-0.11184668251332412,0.012986476414230768,-0.016615927654672426,0.24550378159222697,-0.00859690774007837,0.031107133236263174,0.009642394248051854,-0.006954622479264468,0.028664041641047886,-0.05930310583770756,0.007424091255939193,-0.14546825598956795,-0.15195333557409366,0.18446206892569691,0.25846564976925485,0.02657367926231337,-0.01267330750137015,0.026914797253206606,-0.034100897212542974,0.0853386188497951,0.026256839925031045,0.20878687100937693,0.027000714979958006,0.0,-0.08944406393648113,0.0,-0.008994839411796029,0.2594312709534349,-0.0,0.005343378934532292,0.0,-0.0076429505924225346,0.006963250586393448,-0.027601832649497157,0.0,-0.11504329919986585,24
-0.0,0.10980814976384573,0.05616899698896555,0.11753561958111904,-0.0,0.08303407872644589,-0.08773653323337258,0.20015136279034043,0.07393797790635216,0.03963909797306658,0.0,-0.06400818952916204,-0.20142090214579678,0.0,0.0,0.10753744267628451,-0.11937725644822832,0.3377107128891333,-0.10858086297163011,0.0,-0.0011090957979509712,-0.0,-0.06669048230006537,0.1302309053193796,-0.012134996241928831,0.11028114678166868,0.07014539842047794,0.11940862694066,-0.008347643962657915,0.08435276904286812,-0.0959804792193835,0.18342597775387878,0.08072494432703527,0.05809177180429199,0.005668904582087091,-0.07274973830026718,-0.1983986521233529,0.026385778697946168,0.011979167267795429,0.11797299001961145,-0.10667386554044175,0.3131330797467955,-0.1073817769752795,-0.005659300313929066,-0.03212659180930632,-0.0005949001577375336,-0.07256569812342004,0.12983794522009953,-0.0,0.11372189085231937,0.06214784910540954,0.11167915690324304,-0.0,0.0780778536351259,-0.08366889037668321,0.19702075857968845,0.0723666785158361,0.038647366239436765,0.0,-0.06405340462261645,-0.1980883033659987,0.0,0.0,0.11270901507269213,-0.11596375712605529,0.3314913712677207,-0.10571628752821735,0.0,-0.0001603257196797617,-0.0,-0.05661706823742591,0.12294251048777195,25
-0.20699902439008444,0.1758470811095668,0.0,0.1135286282414436,0.05901357409352982,0.05852585796729651,-0.017602321963661696,0.1836906246381039,0.09310957281318501,0.3802615157925468,0.09904718746852587,0.0,-0.14829559102677728,0.0005555171390436296,-0.015028309154038818,0.21112994212605604,-0.07450757765212268,0.20370663731695815,-0.014666344919371375,0.0,-0.019565991074663645,0.06181418276315877,0.043726830695038015,0.1351672624952558,-0.2276228249751619,0.18252977175325016,-0.024072365476382772,0.12137166684104998,0.09105454660566416,0.06851430259458838,-0.026989875316566464,0.17747044164246484,0.10639878574934282,0.4238756353924176,0.12443057456866025,0.016086196595739854,-0.1573769852760667,0.01994850845997818,-0.018648059754201328,0.20048757975510612,-0.09475721044923777,0.2047360405660217,-0.02808604406183453,0.008225308704307342,-0.03426818638363884,0.08804932765957503,0.04432238560734407,0.156544239993537,-0.20555607585512486,0.1776025228025461,0.0,0.11409426814711135,0.0627075530572294,0.06089162015654008,-0.019737612715483913,0.1833621683086456,0.09394043305743903,0.37956852488150317,0.09921998257301198,0.0,-0.14907319145028985,0.004201964194784435,-0.015190039406900875,0.2073106841771158,-0.07683577431023833,0.20327583128011117,-0.018077097514407482,0.0,-0.02359686744193059,0.0646957429067998,0.045463963994708076,0.13464064503395373,26
0.0,0.31503658267597245,0.24331668826358419,0.0021520342150423825,-0.010535430374915156,0.0,0.0,0.2232685703791711,0.020471170869469774,0.10628674020908888,0.08583990198281663,-0.09361123826200202,-0.0,0.0,-0.0,0.114275547665552,-0.0,0.0,-0.0,0.0,0.0,-0.0,-0.0,-0.0,0.011553355991909778,0.24269127683616304,0.16081384745241206,0.09993660532067376,-0.07010673839304696,0.07172965626602855,-0.0013047278097447035,0.2132975736005054,0.0854791113843998,0.12042511875255399,0.11279764361605527,-0.11623083390882955,-0.03580429210941046,-0.0195529837799267,-0.018692692831801763,0.11588316676851175,-0.085661440651592,0.026100950307301994,-0.046209918499009635,0.02379568405942654,0.015245332445716887,-0.0321798611940648,-0.016470035516096836,-0.012988381915855555,0.0,0.28586427940487097,0.22260627614052475,0.028156753595450865,-0.01728939791304093,0.0011432766257240092,0.0,0.22731199177772832,0.030415137775568434,0.1083808630848727,0.09399031480033389,-0.10034995476369035,-0.0,0.0,-0.0,0.1304671697738848,-0.0,0.0,-0.0,0.0,0.0,-0.0,-0.0,-0.0,27
-0.19174347228530506,0.20064958081034243,0.17066895198213705,0.06653532320976495,-0.017244750336231227,0.07534361398304375,-0.055404104174278754,0.1077786413998918,0.041898968826393004,0.24545118847293249,-0.06404482168230541,-0.11235563411690352,-0.12542630503593383,-0.06393982519639567,-0.01317568506951372,0.22468004411544373,-0.017525731688968194,0.00028698689345875856,-0.07643069287617262,0.03404899934075248,0.01908011463260359,-0.09478927540604014,-0.012117000512295965,0.18174239902681316,-0.186621830068794,0.2010088736676352,0.16529692842368726,0.06790460337358495,-0.018375315303143562,0.0764531719519453,-0.05405490486937869,0.10920097011928599,0.04024954767476563,0.24082103353204412,-0.0615718897242949,-0.11269542608417843,-0.12505297548849145,-0.06384783678187486,-0.01349611556797678,0.21567574398664424,-0.021505768784702887,0.0035189184569833923,-0.08035820590774162,0.03451785750555125,0.019535258696661454,-0.0963365530749609,-0.010182388875835465,0.17783927877566613,-0.19133442845195897,0.20075534879532797,0.17018007715877695,0.06655650044435132,-0.017276686630281573,0.07536777229655363,-0.05515581394701038,0.10785532771179071,0.04163927447366184,0.24503252252905033,-0.06365124398583007,-0.11243652765382108,-0.12533119893604225,-0.06374594789680105,-0.013073389949549213,0.22390986710115246,-0.017844359253027117,0.0005220885020260568,-0.07667174917553676,0.03401688874526209,0.01900280661830649,-0.094910591129772,-0.011774221455950131,0.18131606880283832,28
-0.08909662012838772,-0.0,0.1829061256480626,0.172274627219354,0.1428329485571922,0.05790684705924944,-0.17481113360738615,0.2580081992965926,0.17318522633488262,0.34237761982148707,0.06467838298918879,0.018830972681064217,-0.018474471824718258,-0.008233687335286993,0.0,0.3764346418689399,-0.12517945517418652,0.09098225390939413,0.008363055595458082,0.011424291434538807,-0.031744924594623566,0.08682224601925918,0.005665470988955113,0.1139710147913236,-0.09064237063849345,-0.015446230118609646,0.18668267977321762,0.16460571697529744,0.15545100067997372,0.06281694156117927,-0.17714657448251628,0.25524195625067436,0.1808226004820105,0.34997321011090976,0.0763087846550166,0.02655766065249026,-0.027611796374900664,-0.01093689891340959,-0.0038366843075318957,0.3949142454900108,-0.1294474055235397,0.0985104688278124,0.025491722689797523,0.021115894843521714,-0.033633121678720936,0.09175530883946663,0.013918710519566849,0.11258164755040714,-0.08762138716608292,-0.0,0.18112083168760865,0.17172421151921868,0.14123256393948921,0.05861226818559632,-0.17298569955030854,0.2558378319943484,0.17000532958834436,0.3386947386597211,0.06720403714437116,0.017156643112102687,-0.020885068427646137,-0.00837139481194595,0.0,0.3643512874089831,-0.1271067456416319,0.0913467828572048,0.0,0.01257090233437783,-0.03195721290190042,0.08460131900724233,0.006941870172360278,0.11267028989199991,29
-0.43001489806082094,0.10106509092385349,0.351301293651488,0.1646402049668064,-0.06828448275645539,0.21519373409489775,-0.23163691839327086,0.21696893752723212,-0.019419473454262738,0.2809440859630236,0.34096318332000425,0.15663610956093343,0.07985979145507195,-0.10731370779944481,-0.1294466337198788,0.3127138472147286,-0.13991760670860517,0.18216555931193226,0.2596825177546087,0.05538228488872473,-0.04729651419344857,0.10823618657603548,-0.31900070878226244,0.26327001501518627,-0.4269524288340172,0.11089893547888106,0.34431517969512043,0.16857720340212334,-0.07071837085231848,0.21561043207867553,-0.23157623835411198,0.2175338681599728,-0.023802280825949592,0.2783796469797593,0.33926238285488797,0.15763610401266126,0.08100761119793466,-0.10751132344513561,-0.13050874895174716,0.2974167446642846,-0.1412092276088296,0.18250416867512054,0.2502124152611412,0.05729464727139129,-0.04786079416285594,0.10861241676483852,-0.3158155847412221,0.25942487630001937,-0.42800471521250216,0.10128294423226619,0.34925131233942897,0.1647438311843484,-0.0678272465417362,0.21382725105487974,-0.2298996848090899,0.21694299351171478,-0.019470985969381606,0.28052286033995927,0.3385216466755024,0.1549029250287839,0.07759641614179243,-0.10677482303520387,-0.12918809132315393,0.30822965334819385,-0.13969118622968688,0.18184311604736614,0.2543530086855727,0.054777954809206233,-0.047445926259262194,0.1078331668368434,-0.3160853689428809,0.26057787446620345,30
-0.17527892380983787,0.2880727656342516,0.00799970910631122,0.24325659720640483,0.0037009584658066383,0.05181187392023946,-0.010322028151238364,0.13954299064394887,0.04127215245323206,0.2828733159055943,-0.006434624460929262,-0.15771561203264078,-0.1743555044768555,-0.055133535150272125,-0.00893567217952753,0.12287916689911632,0.026110918506233677,0.017652917952759327,0.021625826977798933,0.055032744284926174,0.0927888996604154,-0.16746098129593567,0.12936843629790523,-0.10623617300437532,-0.15967232336375775,0.26612608248521047,0.03877939834900258,0.22931833478759125,0.01250955163378068,0.06449206754225148,-0.015137958034860195,0.13809492028857256,0.04861831854428549,0.2676787505139208,-0.012664426303790484,-0.1558726019421938,-0.16012220240820946,-0.05791385622070208,-0.011460182112952017,0.13576150903702125,0.025819674818562562,0.020594851465165924,0.024128391710908196,0.056409707633876344,0.09088411949721387,-0.16754068156813148,0.12630946372687793,-0.10671452966547097,-0.1740713058879004,0.28618481025975523,0.011068838063255638,0.24191501215381433,0.004524010935816597,0.05294750842061833,-0.010994175575636159,0.13950064104824927,0.042148572218066234,0.28191359565529656,-0.007902883353120256,-0.15759969991192413,-0.17336161249554155,-0.055818698450480875,-0.009410918619230093,0.1251900743193091,0.026614456424006297,0.01822095111377911,0.022639368262358822,0.05539766912854647,0.09306567039039118,-0.1676350385826518,0.12938282832166736,-0.10649750058474232,31
-0.18728391915906406,0.2095736899174721,0.3213005645769519,0.1499542759117272,-0.05111854792669005,0.00848248676042979,-0.18585638435216195,0.19349150095473142,0.030882639320899716,0.3795320439574427,0.18422774138181044,-0.06640988861847902,0.060430724379155615,-0.04164728361204611,-0.029930162105543476,0.06635790517454666,-0.061524445955672594,0.020796349244456627,-0.09734412162735581,0.06414395946620839,-0.015465455275218202,-0.09760367651007651,-0.01459334439391122,-0.09600121478768554,-0.18939039236328478,0.20823212147791292,0.3214080251062012,0.15179870178521943,-0.05374195199616622,0.008981682835343143,-0.18916628775930763,0.1944471477820752,0.032199782717392024,0.38092687466063563,0.18757533790339745,-0.06766804884166079,0.06341762004318223,-0.043083681105029026,-0.033711904075099074,0.06678338036348783,-0.06154188075628228,0.02164646579992984,-0.0967126943632077,0.06700909457287281,-0.017717735339439964,-0.09683187832748665,-0.017470315574808316,-0.0961131969012637,-0.18687308944315983,0.2092267995477798,0.32056216352029726,0.149853167265965,-0.051197312872569095,0.008548456541333876,-0.18492878748632924,0.19374582063360693,0.030958585821058916,0.37817562493788703,0.183915277921147,-0.06650238551572632,0.060263629914640356,-0.041542684207233276,-0.02977293247461494,0.06666190432561515,-0.06165219119375204,0.02086470986452441,-0.09736311814029089,0.06379937699209387,-0.015336438507593439,-0.0979288673174822,-0.014410417366840097,-0.09610436706738663,32
0.0,0.27910952873511446,0.25337724273934814,0.0,0.11054829745562979,0.09185523983581062,0.0,0.06832428074302534,0.0,0.06319015925719873,0.04247691439596457,0.013649082571003262,-0.11868988515722793,-0.0,-0.0,0.018615201731452855,-0.07146217408842585,0.14741102456168265,-0.040310157957634124,0.0,-0.0,-0.08205624691404084,0.13077933460516952,0.021915507025493955,-0.022625154615302828,0.20063166134221644,0.21623358123535744,-0.01900462347983902,0.12504427509638527,0.11810512523288945,0.027364964469458037,0.06959157305133377,0.04223129268709763,0.09215699169600344,0.0775771509657808,0.05680970744787387,-0.16358424236552774,-0.01398022363380563,-0.035370336705846876,0.06631429674699879,-0.11235234690582396,0.14047035190347004,-0.08486403022463157,0.033380358938474936,0.01915089315278748,-0.07745878851411073,0.16265829002568682,0.06031273922420995,0.0,0.2627417742786175,0.24379143142110024,0.0,0.10480267222791521,0.08912512202986529,0.0,0.07399441477448322,0.0,0.060568935250642705,0.04855042430491209,0.008428176327352349,-0.1194755624231243,-0.0,-0.0,0.03351597377851294,-0.07063218470351622,0.14566933226214468,-0.03387902136944389,0.0,-0.0,-0.08631075017967384,0.12385277587349557,0.02545463588935076,33
-0.10612107634378053,0.07699537184401163,0.28541975100289024,0.02840618788186886,-0.010543422789751676,0.033142032447518247,-0.06144945115868416,0.060993299204613625,0.11009414175253686,0.11038037230534378,-0.0,-0.10069052993134561,-0.06866419335003157,-0.02018068132625319,-0.017767130555435245,0.26684071795305764,-0.0,0.13342377162989433,-0.08760913325235968,-0.0,0.03460166837233869,-0.1024564781920887,0.10154587635467552,0.0,-0.10421670958518858,0.10839765026533495,0.23634819580387395,0.06441423272690011,-0.02672465909958641,0.051484351749562535,-0.06393499496282048,0.07524628852971907,0.10735577986797859,0.11877233921878014,-0.015867317925547613,-0.10740890132128424,-0.07339249882726674,-0.054565258920899425,-0.034130697388193174,0.21104538171318846,-0.012744696153384949,0.13204093632562314,-0.11391924597223518,0.012069453414821346,0.062136004263260367,-0.10879407761093778,0.09613804099988243,-0.004067692404627309,-0.10400196298663261,0.08189186052924585,0.27914785611309223,0.03321636754892933,-0.01259929026429606,0.03407380140957554,-0.06094110851564218,0.06437256753376065,0.10902010223474834,0.10947563734460859,-0.00035592015130522016,-0.10058405425562422,-0.06654586368610173,-0.019543649889239248,-0.017010782205726875,0.25656654565851345,-0.0,0.13237339056397648,-0.09108057006711233,-0.0,0.03448051248331567,-0.10212681168359881,0.09932573688628632,0.0,34
-0.1337021307692866,0.14903053734346594,0.15959982556700789,0.01994333326602687,0.0,0.011214883420739756,-0.0,0.046779067305645274,0.00034241586727582754,0.14126623554921636,0.0,0.0,-0.31639890371421014,-0.02409487694940449,-0.0,0.24816889298070943,-0.06228906899730062,0.08311673523904609,-0.0,0.0,-0.0,0.047921039204255715,0.0,0.0,-0.14484199749818333,0.1410227459559611,0.14031987207036467,0.040608210824866556,0.03984230003035021,0.03533580015841419,-0.025795419663712925,0.03487986609742152,0.07980538253156037,0.21428485594994787,0.03375118631883655,0.04042361376779518,-0.4130793056129612,-0.08032592983089798,0.015030764151911093,0.304500223198554,-0.13017318182915263,0.08618979106559148,0.06416090380997166,0.02927040843328401,0.03668423366100991,0.12869100826470642,0.004932428560711314,0.0022368424269708282,-0.12881995021082487,0.15528872534258809,0.1616982626629349,0.027456763394824862,0.0,0.017946633946422656,-0.0,0.06090154931248465,0.0,0.13771345346566682,0.0,0.0,-0.2935869356276174,-0.02915639349706061,-0.0,0.2316763162325683,-0.06457854471760292,0.08529733445519418,-0.0,0.0,-0.0,0.05003624170603676,0.0,0.0,35
-0.12640015550904146,0.2804608446528102,0.037490534970245216,0.20073306624188414,0.037398649295090756,0.036818856441800496,0.006126884410917104,0.07982673361497176,0.20329791092316177,0.35240231029739216,0.025704872611268487,-0.07421206549628263,-0.2179183049604494,-0.20139141591966078,-0.0496309958147893,0.24319361238982662,-0.09006282638873832,-0.013133107099037068,-0.003450978844819533,0.06152625667968712,0.11372246458022794,0.02520504714296755,0.03579223160659767,0.09450211416613444,-0.1261912730404344,0.27985253077112776,0.037161415295447975,0.20020375097210258,0.03973629170150967,0.03615307176839727,0.008214576692700596,0.07955547822385646,0.20506810142915968,0.3553664744496977,0.026810891580127887,-0.07474023958662047,-0.21935536866621017,-0.20574775851067273,-0.05296620731647252,0.24268325888685,-0.09193022498902724,-0.014129219335910218,-0.006312910088075693,0.06463424431032984,0.11770512164465284,0.027396834128776363,0.03666213889784218,0.09617515758692646,-0.1261386412335716,0.2801873502643382,0.038060474352126686,0.20053590838652693,0.037642606748900326,0.037343394662530525,0.005921608301142303,0.07997940404620238,0.20276672470317325,0.3515439812187094,0.026171587269549535,-0.07408358817668423,-0.2170229608469847,-0.20071190478197629,-0.04927526210465424,0.2421949892589501,-0.09016984117546205,-0.012996078107435166,-0.004252381085306722,0.061318842738368254,0.11321516549490936,0.02513320537210176,0.036091563890691604,0.09409676679600641,36
0.0,0.28062115232198037,0.18800432889496002,0.05798442869072327,0.08464377306377083,0.17749418000089276,0.0,0.11432044378369932,0.07188162723599523,0.03923331512561932,0.0,0.08685105763333073,-0.07688467851408157,0.028161560857957898,-0.019467082912470818,0.10723138627760886,-0.06030008831018809,0.05101141584761551,-0.10617643164888,0.0,-0.011260514643070704,-0.07504677001226477,0.15892432335951975,-0.13425635882617168,0.009389650267674342,0.2084354023065216,0.17090636808323112,0.07342023566127293,0.09302767611565294,0.15654535329971092,0.019492274695251957,0.10326882636806185,0.08344267953182684,0.05577316187334012,0.022342332213332032,0.08533888836237605,-0.1004131064047161,0.053322370437676236,-0.042683423715552234,0.13890938147323834,-0.08065737069191857,0.05364328112793553,-0.11530051696654074,0.015857986368007927,-0.036998115708488585,-0.0863651560940822,0.1610068673025114,-0.12078939425475202,0.0,0.2588037071918248,0.1879262727871547,0.062428234599772495,0.08106288797840643,0.17036764160571263,0.0,0.11241296830256939,0.07127463126731075,0.04145841201538894,0.0,0.0810857943898549,-0.0829145361381168,0.02618830922517615,-0.020670646466685146,0.12197083251877969,-0.05590710451508566,0.05225805357968754,-0.10296814125940515,0.0,-0.011091486225869286,-0.07669295828636058,0.15017460436055297,-0.12271654952648174,37
-0.10247263817921111,0.05687380047856358,0.24974529405678617,0.09272328253572275,0.03288166041378098,-0.0,-0.04063949025639246,0.10558293275079228,0.0893193227776146,0.16603432652404457,0.0,0.08531714018566391,-0.2488003777458442,-0.016330725334807686,-0.008889690513784207,0.3243746921303384,-0.03466437297800981,-0.015866101218583124,0.0,0.017142889137578637,0.05384571362019275,-0.03546724708275463,0.05931991264228474,0.05087958187906945,-0.10069868418016979,0.10473136824921267,0.20039441968039684,0.09733354376985276,0.04918678076733297,0.012328436507748971,-0.04148302979395442,0.11017492680383555,0.07378753192871587,0.16305204829798453,0.03619514322486999,0.07696658837378902,-0.22132644803197107,-0.05471985333719871,-0.03302022879550616,0.26402983743687247,-0.050746240555820665,-0.026294282290777453,0.0033817688871955257,0.0396934768798883,0.08404814399495772,-0.041739005839713884,0.06786542273608376,0.061471176873205774,-0.10211229971302949,0.06860087843839954,0.2417881074482633,0.09471335616540297,0.03513756355696404,-0.0,-0.039102759779763414,0.10752565943892751,0.08545925957603046,0.16515671933511147,0.0,0.0847406624865965,-0.24546221531482554,-0.02319613441986996,-0.012685646777789541,0.311847335875584,-0.036275677638782686,-0.016389536697159292,0.0,0.020245967958783105,0.05945091298542535,-0.03724898207474066,0.06148285834288467,0.05172318472490581,38
0.0,0.20657306489638755,0.28873411463596504,0.06422062551744444,-0.02637931206191434,0.0,-0.0,0.2675747396107206,0.0,0.12763535028174394,0.0,-0.06178467051231021,-0.10973565083847038,-0.0,-0.0,0.12984126069927177,-0.0,0.08749997126876403,-0.0,-0.0,-0.0,-0.0,0.04840929330813189,0.0,-0.025608530937817283,0.17296837205639384,0.21186425383163587,0.13021070836889115,-0.10826126266253314,0.03577463825541347,-0.0028149729262358777,0.201911836529464,0.004326757671878886,0.14479585752413138,0.06912386018776812,-0.06888335254667118,-0.1446335390755907,-0.026493100026251735,-0.006097965232010072,0.1742491233142451,-0.06621111105144639,0.11624029272601274,-0.0005569934292739873,0.00468173112802045,-0.04189030880809231,-0.019442971623851234,0.08901664401754476,0.01891360588366039,-0.0,0.20431305140048348,0.25588295960866514,0.0920756707688564,-0.039437798582666814,0.0,-0.0,0.25102764521102217,0.0,0.12941319750580707,0.0,-0.060039052348217124,-0.12443555420880044,-0.0,-0.0,0.14174082356659298,-0.00190474457279818,0.091823969392169,-0.0,-0.0,-0.0,-0.0,0.05384407006869553,0.0,39
-0.2118739047760555,0.22085565695465145,0.081102343696504,0.17564365712715765,0.0,0.09737977515264279,-0.04647451244137193,0.24818751755331858,-0.00471704891410319,0.14908644432424242,0.19530597930954144,-0.04583869486140059,-0.038310484272874944,-0.0,-0.0,0.04642555773195846,0.0,0.10723717591906137,-0.001052950181689159,0.0,0.0,0.0,0.040033143992132994,-0.0,-0.250287825200222,0.19533790450795843,0.09806942788529598,0.1804759217064007,0.022711289426711266,0.1316847583280781,-0.08785758832568924,0.21749004422698176,-0.03900009455570588,0.17410841248447725,0.172473960977823,-0.04932783549268127,-0.05622095432121384,-0.03161192510338602,0.004698646285519745,0.06338338152766218,0.026749316978359992,0.12338767536167024,-0.03085526512338145,0.009544003829277363,0.030220403246822996,-0.011253734141917333,0.09419673883540061,-0.02467306410327495,-0.2067640131223295,0.21217100807034092,0.08805690661886778,0.1694565491011064,0.0,0.09724884171644634,-0.04459702508455442,0.241046230701301,-0.005528200722146075,0.14477422593336586,0.19002276660658723,-0.046727091129291375,-0.041672336434993455,-0.0,-0.0,0.056156410376347866,0.0,0.10882709330812243,-0.004075397408317943,0.0,0.0,0.0,0.041257027191842655,-0.0,40
-0.08823531224319957,0.3541038503940554,0.25461404231227497,-0.03926283267409904,0.05001520006345773,0.11543166658067304,-0.049167016947081345,0.03537333804233229,0.20730463476758657,0.38839572551588697,0.07956665379165863,-0.17557592617038723,-0.1311900825377282,-0.0,0.011932276723301365,0.060476120970664536,-0.15765312647807428,0.023735712403184953,-0.15039098473287998,0.0073809583048895224,-0.04205172874272546,0.05141199497260017,0.05717215904452288,-0.14279758895829278,-0.09750823204199771,0.316584883094564,0.2566211103431113,-0.06589000831710551,0.06188162188863236,0.12346115790216813,-0.05673900228479145,0.05778098055070989,0.20953785834885139,0.38002656864332224,0.08405425804095125,-0.1753599431674783,-0.1360374727687272,0.008927121922686968,0.017042596658817716,0.09630921562980815,-0.15891016201816593,0.03013269737797888,-0.15632590292004286,0.01272999925036085,-0.04837680113689247,0.053846634473062684,0.07684409370790551,-0.14873901011523938,-0.08834390413835076,0.3432092170178269,0.2520599831565739,-0.03741766544505633,0.04946452622731659,0.11379123885768118,-0.04934086225602428,0.04326393614531586,0.20863706918289254,0.3799243834251283,0.07727297632390738,-0.17331779623183238,-0.12830435389018632,-0.0,0.01180948227047684,0.06783099218306812,-0.15451940377081136,0.023791829232605356,-0.15250919911735883,0.00807839946778028,-0.041042518082400344,0.048508880809959715,0.05808948645435572,-0.1425234543639154,41
-0.06489491487831821,0.2706294378118842,0.17833202736845377,0.0,-0.055667255617633485,0.08278158007756195,-0.08729120189221803,0.2304250133503455,0.06559602454629451,0.16994150862240182,0.0,-0.0868173636890561,-0.15884142208444946,-0.0,1.6821166728676174e-05,0.009770384754939632,-0.04815491220803927,0.09922845073141388,-0.11656252393089797,0.0014253605709029975,-0.0,-0.03545567721351238,-0.0,0.05224203560792727,-0.0987476237824239,0.23608959482374284,0.15693182596512398,0.043959775944852175,-0.08045569145683859,0.09310277718399743,-0.10878596465756334,0.19980449046154256,0.08018201153911027,0.19387684687677897,0.03823609624750921,-0.09936033299980203,-0.1666855516051053,-0.00681305726841922,0.010349340736764195,0.03825871496751057,-0.057656405441860376,0.10558376521014995,-0.11874528642647493,0.016753167834192177,-0.026723106191139136,-0.07220347243383869,-0.029422725008525694,0.0923762365269103,-0.06661368647739724,0.25943437881975495,0.17864654017170345,2.9708469648004955e-05,-0.054433075801594864,0.08251117744756377,-0.08427636403240821,0.22954309613563942,0.06635119840225509,0.16593836863929456,0.0,-0.08689889553235737,-0.15817422604054085,-0.0,0.0010485452762501513,0.02252303133799473,-0.047246462079119006,0.100049364014216,-0.11179518743577403,0.0014263924013023298,-0.0,-0.039158811501626194,-0.0,0.05286186860261246,42
-0.0922757449172766,0.004544835257777491,0.03556416150523015,0.004106360094716991,0.07565068617766924,0.08636379273613472,-0.1161213835944042,0.4470022414689408,0.17144736463008445,0.17314939972922982,0.18189422146170606,-0.11702283800976836,-0.15254722667448442,-0.04992943354534292,-0.03686241577138456,0.19019627845400275,-0.1771225038434641,0.07922985032544196,0.05452401143338153,0.07137578132227515,0.054562461040169624,0.010277769904787458,-0.07339675500372293,-0.025480588795753836,-0.08853289639660165,0.015519673319023911,0.03635803176637606,0.008297306488192322,0.07279896341401568,0.08698919025540507,-0.11480628556401681,0.4346742408253098,0.16597555227314384,0.17334994031490783,0.1771324483671272,-0.11272692028546247,-0.15371119359226776,-0.05455157226646739,-0.039555072103369636,0.1814191481698164,-0.17391026268132917,0.08244479210493953,0.05340435555554387,0.07194620494400017,0.05965361709432137,0.008153088977600162,-0.07137847233502545,-0.027427216848199244,-0.09190037386682003,0.005372694804507625,0.03548806408452773,0.004356438219327603,0.07524027736024862,0.08626686651331318,-0.11585239084796095,0.4461886335785285,0.17101918914450834,0.1728434829821933,0.1814910755191194,-0.11672574295724082,-0.15262467489594223,-0.049960020123453214,-0.036863957072731435,0.189036334230686,-0.1767835005377237,0.07939226511656022,0.05384308852489053,0.0713597710041412,0.054717371666648994,0.009851212301892794,-0.07313620171181588,-0.025405965789064743,43
-0.1867968690945601,0.27582596876176857,0.17145372404281947,0.0,-0.011666467523817487,-0.039810216742554826,-0.010680988061523143,0.1563159674931321,-0.0,0.15874278945440934,0.0,0.01653974132356734,-0.08953291448763549,-0.0676916497312619,-0.0,0.313890849850326,-0.0004983958922006591,0.043212977332401196,-0.014086476733193116,0.03892890290123934,-0.026499481021776482,0.0,0.05881006540897563,-0.0,-0.15909094806918186,0.24880666533666335,0.1400748502257422,0.045174076733515645,-0.016788781838951865,-0.03466555551953958,-0.030361479766394885,0.14910803299101796,-0.01732070500076767,0.15949619240746102,0.01904831509614368,0.03748973735965252,-0.10116768883592075,-0.06821966298544985,-0.005080785538433861,0.2201107814818484,-0.043276141705000735,0.05148397831153836,-0.1088660367568645,0.052432630058080305,-0.038613799662851486,0.00632866416257705,0.05913329254783577,-0.01310826662261743,-0.17673464166688296,0.2695673608224249,0.16815409312344864,0.0,-0.007332916080041824,-0.03603342395516709,-0.009579218649548792,0.1562147757769254,-0.0,0.15590223809132095,0.0,0.015057906721185779,-0.09418189577329593,-0.0665159380699789,-0.0,0.29017229021016056,-0.0075433168565084046,0.04357187257803323,-0.03322948734746436,0.03933936961160996,-0.026194648961234215,0.0,0.056270906370030765,-0.0,44
0.0,0.33858199995407584,0.14538806529150142,0.06276486740119191,-0.027549150048802342,0.03864932185370988,-0.011683235127695552,0.22823073732287347,0.061720036260945445,0.11015253645845759,0.06119225307055774,-0.060352327243840605,-0.002077873578676189,-0.0,0.0,0.0666364088921409,-0.17837545847729516,0.10013351537438704,-0.21261048847580188,0.004453426239527118,0.0,-0.019459522537389067,0.0,-0.039552018248500145,0.021770714779525253,0.23323595703310973,0.14453163649392267,0.08719755569001884,-0.045942469139885506,0.05541504284931224,-0.04965344822994923,0.19963500923317432,0.09246844396714399,0.11192486008613682,0.07627557608643308,-0.10117996327632084,-0.06158975243238932,-0.009887905441450497,-0.008593316734237884,0.136947467880839,-0.1628381571642163,0.0917749544344564,-0.16933364337487739,0.034842836514790504,0.021458310976307324,-0.04983951090370208,0.014111410395194294,-0.05913114251936404,0.0,0.3201108600625021,0.15533209407094312,0.06170506453788337,-0.02845062044099615,0.030493743658633367,-0.004794848944322709,0.22661641683149525,0.056147888248956467,0.09723069261967347,0.05241151108168284,-0.06349861455104565,-0.0,-0.0,0.0,0.0903397726466705,-0.15785072687764637,0.09900807673790639,-0.1919276436819292,0.0,0.0,-0.021896892071605972,0.0,-0.03181145396563579,45
-0.07670088919362088,0.23412392667336068,0.2423585129753911,0.0,-0.06062474569577407,-0.029463081381011447,-0.0,0.24628810844959295,0.017440122838247807,0.09625264527528007,0.09985873801391065,0.01163602413688955,-0.14491276766262526,-0.0,-0.014859482247309834,0.10207650542575915,-0.0,0.08216361073100709,-0.0,-0.0,-0.0,-0.0,-0.0,-0.0,-0.10997752591860023,0.20275096261674086,0.2198414811339659,0.027572037335420206,-0.09493386792344619,-0.05659161373126345,0.0072181506877573775,0.22576822123254137,0.05239565658137656,0.11751309405927053,0.12149740717609527,0.03981441844780778,-0.16314851407656203,-0.03651603174775539,-0.04634234241043682,0.13237353356194795,-0.011910638103501021,0.09941250925176202,-0.014013455505758152,-0.0007030158625456005,-0.004400344538255724,-0.0014813799565678999,-0.01415821107919203,0.0053392974810820846,-0.07024536475282753,0.22654790650606738,0.24047798266322493,0.0,-0.05596662618321883,-0.0281385930045381,-0.0,0.2423399560296652,0.017590026368804752,0.09395285098990368,0.1009831909828227,0.007216501867054435,-0.14533580658101627,-0.0,-0.016027507437630716,0.10337785467198742,-0.0,0.08213500038084622,-0.0,-0.0,0.0,-0.0,-0.0,-0.0,46
0.0,0.3114903492531135,0.14668786421264038,0.0560824820756447,-0.0,-0.0,-0.0,0.13452153555645172,-0.02551982225399944,0.1897156657151724,0.014171455317933733,-0.19584758826546922,-0.18898024849628198,-0.010310432764165657,-0.03440891982072881,0.06560160925941298,-0.04077179156991516,0.11808164451403663,0.0,-0.0,-0.0034805764006712466,-0.0,0.03361255939678217,0.029823128995425614,0.004387171735332507,0.2420908580135775,0.13177652179663196,0.09575270629276773,-0.03404664236971071,-0.04128421463689478,0.006370648965614484,0.12364427955043188,-0.0492014278979448,0.19590454443803565,0.06542617871185093,-0.20289757971055472,-0.20433836210777845,-0.02988295027101333,-0.06358023426611585,0.11383241361192142,-0.08506490742080924,0.13590332536662394,0.0008832565647611359,-0.027306162912856213,-0.04323427912555159,-0.011918655442690143,0.04499269646789374,0.05343301079336151,0.0,0.28820098127991883,0.14747197379741078,0.05966637771104853,-0.0,-0.0,-0.0,0.1382583778291841,-0.023026572581952332,0.1826116053895051,0.018670411533613967,-0.19318578943442954,-0.18107695076972244,-0.012440499920206984,-0.03794949201465441,0.08379827769578702,-0.04399062360400151,0.11878380114125031,0.0,-0.0,-0.0044544803460953115,-0.0,0.03302080468923267,0.030024549623794933,47
-0.21492133559605428,0.3298292333087499,0.0,0.12772644272076722,-0.03699060158400486,0.0656833082716833,-0.19826411625325494,0.06641620346896633,0.11381383754936743,0.34621157196572955,0.0599650937203833,-0.023463307483487544,-0.29976894289367895,0.01609016166412091,-0.0348654305222826,0.21484443694999367,-0.002703779509880345,0.1626742015224265,0.10574604912383738,-0.011081487432600361,-0.11333476626625455,-0.06593395705341697,0.0045862627828613415,0.17565953878714105,-0.22756485525952508,0.3317689366357023,-0.012146062044884219,0.12993314891317287,-0.0474829675496355,0.07052139533884622,-0.20321839000066957,0.06639366579373564,0.11887639757247925,0.35508902520834684,0.0664780971012511,-0.023692405350312692,-0.31225526102744877,0.024607398333426848,-0.031908559982071184,0.22535202630813017,0.00019920987210039878,0.1671019521320392,0.11681610637623772,-0.019480861223639966,-0.12543646762311503,-0.07280088153684754,0.001956631096548381,0.18343222157421352,-0.21337371470678113,0.32840902043653597,0.0,0.1281174486339887,-0.037697266519028924,0.0661846235108715,-0.1978442414140403,0.06681679388257382,0.114585812486913,0.34445226198141843,0.060962335536045305,-0.023605356002256068,-0.29816816695291026,0.016675656999292205,-0.034868657132365005,0.21535083456916385,-0.004125753333562378,0.1622587641063524,0.10535091084616117,-0.01177121458669989,-0.11432300976853453,-0.06582774068727806,0.005355728261300272,0.17476164455088677,48
0.09267494149342136,0.23001226132867147,0.24015292715987752,0.114818499440169,0.12306329572153628,0.06231552230431646,-0.0797081810660531,0.08853556589327002,-0.0,0.1095983041036661,-0.0747568032565258,-0.06481240572295772,0.0035703340329870845,-0.08263428182433641,-0.057072724873193884,0.20320647751902765,-0.09090727540790482,0.03273178563163651,-0.004247938690198743,0.03935548941237974,-0.029647785936049293,-0.028455299918997,0.10051993299916383,0.04899881819595453,0.08746678248021711,0.21744538348243184,0.1946184001936903,0.12577172924844718,0.11219490725782963,0.060325954811323315,-0.07220238645346791,0.10871506020810115,-0.008565213589995471,0.11037084467381586,-0.05109016937715264,-0.06716003497211663,-0.006045429509430301,-0.07410205541295074,-0.04958620882703013,0.16231269784772942,-0.09731936335683851,0.041752152971249165,-0.016435809453065216,0.03672062394281874,-0.028464134868407525,-0.04517347218391435,0.09241058273743716,0.0471226996161653,0.0899735027662241,0.23104574893052324,0.23570319342626567,0.11254268373731414,0.11943205339651647,0.0613105251919621,-0.07788230643281684,0.09088728873161174,-0.0,0.10965031492127142,-0.07138361302540482,-0.06484901689205991,0.0,-0.08062365140706637,-0.05506784327837076,0.20127409540812902,-0.0905865968948526,0.031784989602261976,-0.002304296776423395,0.03749993868772198,-0.029305427072654266,-0.02915805706423248,0.09867150245709361,0.04838659053508794,49
-0.16662122857685716,0.11308440298876161,0.002211859224143633,0.09869365892989507,-0.0,0.0,-0.0,0.1490613887966526,-0.004004265526155889,0.1375497843606875,0.17628460437615595,-0.11533217056085605,-0.05915432246568718,-0.04047184850076544,0.0,0.18930399286282187,-0.046231650847593946,0.0,-0.04129634024555704,0.01476872478229377,-0.0,-0.1374322133193878,0.03895628331511113,-0.0,-0.15088080250649186,0.12513792828776907,0.047285430595316674,0.09860541756178132,0.00667233193483649,-0.005273275766480689,-0.011717178698085778,0.13066230514549265,-0.039292866441910816,0.13010475791222026,0.14034230721708946,-0.11674826364724546,-0.06453464184081029,-0.05958440191506778,0.008148084572979306,0.13808417355986036,-0.052605381454408115,0.002008572682079452,-0.09221333789811469,0.029310190219851068,0.0009708332360487535,-0.13635584731856804,0.06418314820450856,-0.01232240433614405,-0.16160480565240054,0.11814801838552418,0.009615984208727526,0.09786557942845435,-0.0,0.0,-0.0,0.14579820930368917,-0.008626764974507263,0.13363774340710421,0.16854134805263835,-0.11607616095532912,-0.059038336530989,-0.0430057615949617,0.0,0.1761033813266465,-0.04538113437349678,0.0,-0.050824373625124535,0.016551099103824133,-0.0,-0.13697405006642804,0.04023749419227064,-0.0,50
-0.20674736560548537,0.5081422233283297,0.06041675669938516,0.15727445319568983,-0.0,0.1291676612409403,-0.14760257121632675,0.061874733025026434,-0.004258013654571647,0.35582768182163793,0.018417178162864634,-0.12736971381528592,-0.10533343605073242,-0.09040567367602573,-0.06643174324074388,0.08793214002176879,-0.06415994708801936,0.051885765692088845,0.07977163786988214,0.012544844072654118,-0.02464915560340646,-0.05251569796726221,-0.0,0.03143937931437798,-0.20497038608945442,0.4816487659155945,0.06353310900292708,0.160015531517388,-0.0034279125067287115,0.12721505346308742,-0.1508744438282212,0.06817459036806361,-0.0016294861763631013,0.34849496780845524,0.021185592987909407,-0.13037826611603764,-0.10276880863801059,-0.09765612858958948,-0.07473775650739516,0.11443266586248506,-0.05988424892353889,0.05090370423986224,0.09062621896584071,0.016877921146998754,-0.02290520555369659,-0.059619557739635315,-0.007139383904289274,0.037753334057739146,-0.19691870128909209,0.48918751129760485,0.059775097312644715,0.16071181286444006,-0.0,0.12349429525855302,-0.13955914246013235,0.06643650805844738,-0.0,0.3453486336220643,0.020773531341211907,-0.12611656783873174,-0.09898058123023766,-0.08684786626988371,-0.05850615156711396,0.0886848685713932,-0.06417525095646226,0.04895908792327574,0.06455764932695891,0.01135296819002207,-0.022217848811671166,-0.05103385365510804,-0.0,0.03334025526991147,51
-0.07010859791362253,0.34621564176519953,0.009082955706771116,0.06478258699956402,0.042027315651038614,0.10015954537601349,-0.10093762329477395,-0.0,-0.04823414059851581,0.13586190071490267,0.005642146379340291,-0.12200938718877825,-0.14883556506164078,0.012564950996225933,-0.0,0.1711401576275758,-0.00605001609106887,0.20416380959378103,-0.08235101259411963,-0.009098847470829086,-0.08487591320920072,-0.01271498710595574,0.20458293383970305,-0.06326751896438139,-0.07373129419424697,0.3107851666029104,0.03633088485038505,0.06745216157552027,0.05264272558158161,0.10465165649393453,-0.10676141657006598,-0.014097733215205844,-0.05470239331348089,0.15291717222986995,0.02031415766984219,-0.12289443855087344,-0.1475948806534068,0.02168847465493473,0.003395276300531998,0.1571575109978209,-0.0058698453718664485,0.20173036493850988,-0.09833881241777101,-0.017028312026364775,-0.09894681392159216,-0.018262968631668555,0.20203426035272912,-0.058364530425305615,-0.06983273566919969,0.3410666543458826,0.01300220141705896,0.06521361094871349,0.042792328144952936,0.1000182133292357,-0.10112972614255239,-0.0,-0.04828752492904058,0.13758691653123162,0.007058432714599587,-0.12191565691120403,-0.14798859431513775,0.01287054088879095,-0.0,0.16926576088680956,-0.005566775602306832,0.20369211425591185,-0.08388816268831037,-0.009554018591992636,-0.08575157867024066,-0.012944349850572056,0.20204661403784913,-0.06123980559223978,52
-0.07446602629683333,0.06430074638607214,0.2191359677141615,0.042997605102049155,0.00040645124112359814,0.01384371337021387,-0.0,0.08317224970494108,0.09729953812177747,0.1321676333546005,0.07792463253546357,-0.02730845212941602,-0.22904032411702432,-0.0,-0.018176071140962913,0.005618335552623493,-0.059571858095615354,0.1197398810908105,-0.17202655218805726,0.0,-0.029910472165565475,-0.05824371474443071,0.0,-0.0,-0.10451208329105123,0.06409430792296224,0.18701913987922458,0.06852300760311794,0.029083543401328897,0.08285037630993469,-0.020143107909500635,0.10803177769134513,0.11825804445628799,0.1451258080649002,0.08146300486331003,-0.06491563978883996,-0.1791115156516313,-0.020631787423656896,-0.06331005502049378,0.05994690396928192,-0.09507326481821773,0.09698055868135953,-0.15422724576288532,0.01909265434531097,-0.04211093491020037,-0.04977177270515936,0.08566701929434932,-0.06510590860010398,-0.0798448130772234,0.06418490378128709,0.21100283385758428,0.04800391240546722,0.004101875437900608,0.026424552717235702,-0.0,0.0882643368338275,0.10130738333902017,0.13390957703695025,0.07758803283037377,-0.034981468805947,-0.21899809346334623,-0.0,-0.024151219775163484,0.02224390918593175,-0.06603421176139991,0.11357624611422173,-0.16453640016039206,0.0,-0.033814643821871736,-0.05512874261612491,0.016849774573709047,-0.011724099332786663,53
-0.1433854315044263,0.2780721387716944,0.0927002880200909,0.11116288999727421,0.0,0.10438100924386295,-0.0,0.19166153106015835,0.04469394762066292,0.2586080811622294,-0.0,-0.12867446659161352,-0.001568790787466347,-0.013271490705494788,-0.0015756757268211574,0.06504755149771071,-0.0,0.07147312873519387,-0.11372243033476931,-0.020356507912566966,-0.011290761231369618,-0.02333795630852678,0.0,0.02910215399805816,-0.15045932520791813,0.2175026415498598,0.09406855074195782,0.10579086476852957,0.022229460564330925,0.11424035586048355,-0.000484456157742566,0.15521682541527176,0.06979381677089104,0.25932960102356256,-0.011716754023657816,-0.14002918935280959,-0.05004014962820595,-0.027712472070779155,-0.017012176578290277,0.11393125721468998,-0.020485926765017124,0.07825947513317852,-0.12724767696695874,-0.048485240375625065,-0.045935208439721174,-0.06079693463781166,0.023510167987798872,0.04480723921098417,-0.13674147397066014,0.2656217082827745,0.09577184438654504,0.10983817271011873,0.0,0.1023018357227598,-0.0,0.1910155634114042,0.04514398714438323,0.2508246111442382,-0.0,-0.12949998158896722,-0.0023720957703452115,-0.013091363307485233,-0.002686975653960991,0.0771181832899224,-0.0,0.07292875563075474,-0.10801133555392142,-0.019565265989405698,-0.009982598150412914,-0.0268252650699443,0.0,0.025938905626993615,54
-0.1995580060757364,0.24586271902338738,0.16329973605750406,0.15733005249528045,-0.012532307382066593,0.10299017263685234,-0.09583979487800094,0.04171891235270464,-0.005105359873969409,0.12608831883422408,0.10524763718016909,-0.0171369179286136,-0.00666273814348963,-0.0,0.0,0.18400497848971145,0.054594804961240195,0.09795688602388755,-0.022441640669660225,0.019140916916597705,-0.06578064695974156,-0.10611623760224274,0.04814648946518656,0.05483889981581749,-0.1638504877410359,0.21683275526909676,0.146025994351312,0.15275498796017362,-0.008473502183733762,0.10911606577925423,-0.09051124407537212,0.05593796744962585,-0.0009272327195396283,0.1108468346754575,0.10780777623199701,-0.022771766806376548,-0.02262105332821864,-0.01630718849211496,-0.002848582905152093,0.1426312191548393,0.035460722159359574,0.09978417845423779,-0.059511765175086426,0.024085553983207775,-0.04892944171994526,-0.0997950872481816,0.04060018960282489,0.052823551452891214,-0.1977695982714309,0.24432017833684477,0.16190884652028337,0.15748248681412746,-0.012222804014537658,0.10384966079497655,-0.09592290931526362,0.0428663652051113,-0.00467175535483049,0.12513341867977462,0.10594635520698366,-0.017315260940250692,-0.007504791199535003,-0.0,0.0,0.17938785251122552,0.05371589498622392,0.0980461826372248,-0.02639369169259256,0.019554309582091776,-0.06531701116823452,-0.10624398365010793,0.04777071915326698,0.05460854784214167,55
-0.0,0.32283490727950687,0.3550673974934556,0.0,-0.0,0.048243070949113814,-0.0,0.13483778611199748,0.016496739147586807,0.15629995589001552,-0.022322261767104057,-0.0,-0.0,-0.0,-0.0,0.0,0.017584493985722968,0.1487500892179402,-0.007115832411232739,-0.00520068042789365,-0.0,-0.0,0.0,0.0,-0.0428765298112506,0.23712147027123848,0.3411979107973095,0.07475604613929172,-0.012322856813672208,0.07096206415207311,-0.03354982805890946,0.1154416937416116,0.06390356582862207,0.20664982542176108,-0.07827595464547542,0.007167216498873883,-0.05943897602926817,-0.0063336319785840135,-0.01693124019321271,0.015168331561487567,0.06762188046507621,0.14330965158538647,-0.07877409466330293,-0.012480396984050346,-0.02175868626757025,-0.06798073709326076,0.00816188154444002,0.017021300224701413,-0.0,0.30265757495006923,0.3556210700982063,0.0012464738992409125,-0.0,0.05418907023911771,-0.0,0.1359395111802753,0.02495839681972077,0.15901161749257353,-0.03358027249375396,-0.0,-0.005267844838951482,-0.0,-0.0,0.0,0.02275556858721896,0.14894884037294026,-0.02554034480990985,-0.011049809847363952,-0.0,-0.006723144874774029,0.0,0.0,56
0.0,0.4240943853215484,0.1809167267022244,0.27815302113800117,-0.0,0.0,0.0,0.15593704405050263,-0.0,0.0900292789201544,0.0,-0.1336197340457825,-0.0,-0.0,-0.0,0.0,0.0014914671480934798,0.0,-0.0,-0.0,-0.014952916951125135,-0.06735561584098522,0.004289393275232686,-0.06273495773134842,-0.03712328480940032,0.2718565060875829,0.21974583417223675,0.22597996922518016,-0.04721374752352634,-0.005705735102455593,0.02421726317990307,0.1445527728950003,0.03877467957953812,0.057448306353363496,0.03604653665160723,-0.12460860459687717,-0.010156785052725385,-0.029242247491109187,-0.02687526963237409,0.10440518862245163,0.04898237858488957,0.05722483614384943,-0.03583528156625133,-0.00826349834137261,-0.053145039172546094,-0.12257377637786826,0.0649057225737079,-0.10215795010149335,0.0,0.3966823285421186,0.17630020841497243,0.26129932879769663,-0.0,0.0,0.0,0.1621246959167893,0.0,0.07633858652882593,0.0,-0.12566453608080325,-0.0,-0.0,-0.0,0.010021267864463074,0.0,0.0009043735168282493,-0.0,-0.0,-0.0070457322905763155,-0.06228389522023142,0.0,-0.056392067938211096,57
-0.014764556313155864,0.42764584190668836,0.14987506708882214,0.1008055606047013,-0.0,0.02364470892218537,0.028454137314233418,0.11125256992885067,0.0,0.1878429892375839,-0.04510571731007305,-0.0453217854899771,-0.04042243021394461,-0.019459823080925566,-0.0,0.064852382333006,-0.08839809336123307,0.11173087532901528,-0.0,0.052098684709346955,-0.021195304347922304,0.09268209171643767,-0.0,-0.01594068764956656,-0.035766262868610815,0.3126751260579593,0.1535716079644237,0.11126663972123235,-0.02721188298995624,0.0349702240684351,0.04053721666047418,0.12116717133948995,0.017289321803155882,0.16726937336421072,-0.041871058148498605,-0.05929730165259129,-0.05768632451570875,-0.03368175174028911,-0.012386435446546119,0.1064157044804772,-0.10235658680935908,0.09159257128623333,-0.027221929001339962,0.06447868794012283,-0.03538350402774313,0.0712375290068578,-0.015034701658977776,-0.0017275676959482322,-0.014468576094086054,0.4114439506570431,0.1519184974290172,0.0987016154097084,-0.0,0.024997472822987386,0.027883344575845005,0.11509996304471504,0.0,0.18293063775323692,-0.040903646494859565,-0.04765595620596699,-0.03951206708387458,-0.01935070789949407,-0.0,0.07145408852255236,-0.08841387712582957,0.1081447377723047,-0.0,0.052134654813774925,-0.021565013410264275,0.08751869676792202,-0.0,-0.015120469559378543,58
-0.13000073248116603,0.1753488412049898,0.1739571784098589,0.0,-0.0,0.028314298881565465,-0.0,0.2082323684969612,0.0,0.1278354969041342,-0.0,-0.051122852796656966,-0.1257551952837366,0.0,-0.011848726370830917,0.21368661978884443,-0.12016256037426325,0.053487600451623166,-0.03256942263432832,-0.004162933992774822,0.0,-0.025471758158366612,0.0,0.09126602592722619,-0.14677493195944466,0.1703133032284728,0.1479919880763764,0.022343861731672056,-0.006874150070597274,0.05229573295514785,0.0057503024862468055,0.1841879490563212,0.010872288912929984,0.13591248866568667,-0.008349828495201573,-0.07454719749364261,-0.15020529986960954,0.008257240468850104,-0.02039167797038769,0.1896660324310712,-0.1260087333585673,0.06361455990223787,-0.07077609945961166,-0.02603442669261232,-0.010489337434855528,-0.048985984255106585,0.014098673212845051,0.08898565533809151,-0.12928631066523463,0.17549597580017465,0.17283199700086427,0.0,-0.0,0.029740089682496033,-0.0,0.20555947401948327,0.0,0.1252584973946801,-0.0,-0.05332738702516056,-0.1275379994767273,0.0,-0.012363433798995136,0.20590656703711135,-0.11820190423153396,0.05365149575788284,-0.037608782538119445,-0.00628512806791295,0.0,-0.02978831218730062,0.0,0.09141234620266553,59
-0.07198978671950665,0.2497755802277185,0.10111643011084043,-0.0,-0.10354603126860937,0.0,-0.011713016022325815,0.282842198555825,0.08840256200363994,0.04270023794724734,-0.0,-0.0015377587651431847,-0.1975389544457897,-0.031831294331816716,-0.041341982585159066,0.29020850456624336,-0.01451663656012538,0.17018015622371163,0.1046238154661902,-0.02734539716919376,-0.010753158615380601,-0.08557706930650189,-0.0,-0.09095248650057332,-0.10311463406758113,0.2827601699101694,0.10795153907578889,-0.03598230347786632,-0.11009557129998951,0.03549403095825445,-0.046366257279661045,0.26160273792003685,0.12263051399938621,0.09931517064465555,-0.0032989877761455673,-0.035606816250154036,-0.22138872008528382,-0.04328660039486472,-0.05469196888425878,0.30832770969422596,-0.04149589406924427,0.197128345688099,0.16320108706529426,-0.04687926715850797,-0.0307771829831264,-0.10098705912695509,-0.06157866310343989,-0.08172763241999118,-0.0723623457298751,0.2481662004846039,0.10521581315975402,-0.0,-0.10058011999206917,0.0,-0.011328340648532319,0.2764998665532447,0.08493567181356143,0.0505637507659408,-0.0,-0.004600585737805178,-0.19769761486602114,-0.03227576172977944,-0.04103676610755146,0.27593817311094776,-0.017623729143710357,0.166388649683653,0.09086818644736751,-0.029618053654119188,-0.013523050514381876,-0.08555887258553044,-0.0,-0.08718148528430314,60
-0.10709154360884973,0.2821060272474634,0.12564031302432804,-0.0,-0.0,0.0,-0.0,0.2239977267412139,-0.12182653321371038,0.1459749715265169,-0.0,-0.0076508370282988986,-0.158933356044489,-0.0,-0.0,0.03524635212480293,-0.0047520741808282155,0.022360539929495996,0.018273496855857097,0.06396276093730976,0.0,-0.10072325069828934,0.020173943275523392,-0.052941826269336675,-0.10858110389162633,0.22369937932011566,0.16565389927654411,-0.012407215853259872,-0.0011663969363567028,0.02767532228709633,-0.01661747210511177,0.2029547621895913,-0.11056841298853326,0.13988800965253645,0.008519456990916208,-0.02752282864024676,-0.15135111868122275,-0.02361778711188725,-0.03168278177600195,0.12327470034250008,-0.020308751397028722,0.04200409490773961,0.07043389504260075,0.08090818472844051,0.010484942451877897,-0.11330709811586691,0.043884455663748066,-0.08141838914289201,-0.08959435163150856,0.269741584865936,0.1331222320779867,-0.0,-0.0,0.0,-0.0,0.21808284198808964,-0.11771566795510395,0.13059841466447594,0.0,-0.007719995612391588,-0.1472366300471728,-0.0,-0.0,0.026270053368914997,-0.009921688984553983,0.02612922668686423,0.0038262551111675432,0.05980522059355682,0.0,-0.09396783082641694,0.01106664636678768,-0.05012639387397568,61
-0.20309893534776124,0.2978898884200674,0.029799839896763162,0.15086177990510471,-0.017993536673425414,0.07577161222756607,-0.009659963130521306,0.20196012887229944,0.03842230603051369,0.22989096238989468,0.11944069423788478,-0.02078667506056204,0.0,-0.06349757106005928,0.0,0.1377326042745897,-0.037586298051196204,0.014309292321886498,-0.0,0.0,-0.0,-0.007651913919470017,-0.03325439533660165,-0.0,-0.17323669517196758,0.24282874611136515,0.059558931277677155,0.15663696106978595,-0.024960486815449767,0.08395594408031422,-0.022131251485743995,0.19342064868330636,0.04734403219741537,0.20023832783836773,0.1317547370064241,-0.03843525464334897,0.006090020123436256,-0.07410789592755343,-0.005742868256572559,0.1262521474947656,-0.049619254833173025,0.022196221147950307,-0.021616928006552686,0.008596365941398,0.0003937039495835241,-0.02725029564339783,-0.04155044268878068,0.011933625922763478,-0.1965982637756717,0.291549566823871,0.03247088853461555,0.149861393516151,-0.0174659434364072,0.07627287158562937,-0.009711470387191574,0.2022156117027363,0.037752389742123485,0.22405564686488172,0.12067393443307785,-0.02252344536643933,0.0,-0.06344139387043612,0.0,0.1376108788750458,-0.039088725098344095,0.014535215192525708,-0.0,0.0,-0.0,-0.009419519916664775,-0.031312193201134486,-0.0,62
-0.0352085831391872,0.04499877550506723,0.16546337747176756,0.1603868929393049,-0.0,0.061559062015540254,-0.0,0.2544759416931959,0.0,0.055449681321709014,-0.0,-0.11656749737653822,-0.0,-0.0,-0.0,0.09267604764830054,-0.045938158589161504,0.006287295369866534,-0.12776169535445767,0.04210651654985068,0.006229505946134851,-0.06177525082155437,0.05055942673967494,-0.0,-0.07052503704893603,0.11669313105937132,0.1572647369781364,0.13157929087568102,-0.02871610946021593,0.10026644308198314,-0.014660093294221426,0.1954276892717434,0.034869029115588375,0.09469882675970276,-0.04963615923897412,-0.10514682660996919,-0.0627529521299504,-0.07278827573878843,-0.04371071069705783,0.12336117879061992,-0.06597951037663076,0.04955601807336407,-0.12697920046015684,0.07407818191357571,0.06708294228622895,-0.09924601427454455,0.09312410681048068,-0.0210429757494901,-0.03291126057358857,0.05436496516549847,0.1649783035348749,0.15519890270073572,-0.0,0.06124893625986153,-0.0,0.2459877778008534,0.0,0.05574178961122851,-0.0,-0.11452907036141179,-0.0,-0.0,-0.0,0.09238649280567757,-0.04441310092371276,0.00628372159158114,-0.1221334575186054,0.03937784722023775,0.007217586079000619,-0.060109551330106085,0.04986390281625349,-0.0,63
-0.08146042303407386,0.1714301114639832,0.08431454303528181,0.015707252060518914,-0.0,0.05965716928332976,-0.0033098291855191324,0.27473292327366355,0.010392679525282281,0.13411991573871698,0.017894872500160648,-0.08307528847410196,-0.09188726907150839,-0.05531541871386837,0.0,0.16539949215911717,-0.10705774837242038,0.015524181972457234,-0.0,0.061989672400348014,-0.0,-0.002287456658851674,0.09574252428820876,0.01157274577252568,-0.09871432560059021,0.1553495982377689,0.09440325158801773,0.03884865091722159,-0.0048809762202738855,0.07747907882230627,-0.020153245607832142,0.23722514478842296,0.030019493586868812,0.1376476700736598,0.04647176383354569,-0.08952890191686506,-0.09033434408437672,-0.04988817193663089,0.008124151443738164,0.11305200266896322,-0.10040207347851096,0.03122200658728791,-0.05126785061901299,0.059673107498425616,-0.024536004755995593,-0.02663809708889459,0.08979130283112319,0.027915261207137002,-0.06978793087824275,0.16753796054744172,0.0890032188540035,0.014324237608653471,-0.0,0.05731933112564862,-0.0,0.2728148501591198,0.0015586260912625318,0.12501183959524623,0.015355620170604788,-0.08319274041739143,-0.08461598705595923,-0.049125761528274504,0.0,0.1591103225631522,-0.10036683749701268,0.009159611089708662,-0.0,0.057837413082394325,-0.0,-0.0007807690317640637,0.08925152779701517,0.009782493472511282,64
-0.13357618530541315,0.14221833262293596,0.08840150043500035,0.10663956909326405,0.041265553275093646,0.0322383266885666,-0.05644594469177421,0.1730912782349069,-0.04439515059658642,0.22896940200829516,0.09891744104007819,-0.15249610438446293,-0.08090892801110523,0.008935901859611226,0.026799739688018978,0.17056463082795736,-0.0,0.07862489308403753,-0.060863173218325406,0.0003957455295026405,-0.001398207324013629,-0.027921127120367532,0.19879365035168706,0.02037158217602609,-0.07871464496698438,0.13788018775620875,0.10906672992393991,0.11204790201164633,0.03289553754637627,0.04550444042169048,-0.04585784338177527,0.15959724521536872,-0.03995726174131852,0.16396254377867334,0.08159151509866139,-0.1182088786064703,-0.07274724968448246,0.011558569249095386,0.00926456339566938,0.12601122315698718,-0.04361987237180099,0.08680809227755425,-0.06551212200764375,-0.0008621012368619921,-0.021116422172513343,-0.0471676899263721,0.1396364426507169,0.051168429893118615,-0.12689076708805147,0.1439412047810643,0.08951851633292993,0.10820629330718852,0.03650122152201777,0.03112065409719363,-0.05203244446260063,0.1743543291559116,-0.041045427041878565,0.2231053679021223,0.09624479434800921,-0.14981421580498128,-0.0783976367465433,0.0030924279845948054,0.022158533552683393,0.1699571642568201,-0.00354933019728615,0.07707931099135372,-0.05634323178692683,0.0,-0.0,-0.026499874849341503,0.19192443509462795,0.021977471043749818,65
-0.2496347381973218,0.1007200484656489,0.25849010819629775,0.08730524192681056,0.0,0.0,-0.023413991786367612,0.18427698805870016,0.056662975066373904,0.16496755903759344,0.09219914586972626,-0.0,-0.0,-0.0,0.0,0.14457795491699185,-0.0,-0.0,-0.08615732823461383,0.0,-0.0,-0.14517985095299693,0.0,0.12107224911848549,-0.24038434335293182,0.11319914506279292,0.1948739988481963,0.11125505447535264,0.029102189556059622,0.05081114789571807,-0.0649956326948791,0.17759251997494815,0.09116645374408908,0.21332837198797186,0.10022882072787957,-0.02520869431902553,-0.0367987132807474,-0.03430239827550397,-0.010514733495462943,0.13166998114120476,-0.05301238280234211,-0.02394845050122305,-0.12207287891274883,0.014064575809910617,0.025923633419271876,-0.15978771561090585,0.04407624118772639,0.09210158768293188,-0.2426668309462838,0.1021475917260416,0.24996428775071966,0.09489915555334727,0.0,0.0,-0.029279937655649332,0.18354352187001147,0.06085210507330258,0.16560487026366646,0.0913197215782289,-0.0,-0.005250094483121472,-0.0,0.0,0.14234788831235604,-0.0,-0.0,-0.08874515488082542,0.0,0.0,-0.14503071481264102,0.0,0.11962098838847042,66
-0.08531393984828442,0.2422621596800865,0.059257528022758896,0.24407208971801356,0.0,0.0,0.0,0.1594990742223409,0.0,0.2273503819124613,0.07816084416200436,-0.07794930535088936,-0.0,-0.0357332005250941,0.0,0.0,-0.13137315637867622,0.03247291527123561,-0.07781911712011923,0.013530824988181754,-0.03810484179571928,-0.0036419793914655636,0.06592889376562586,0.0,-0.10446740036246091,0.1902235856610627,0.10594947726634708,0.19594942443265645,0.006766976538209071,0.031453671876130636,0.018206101666055668,0.15063737327939491,0.0394334174624127,0.21975375535849723,0.09025312961514477,-0.09948885816460011,-0.024110629888575038,-0.05215156032956208,0.0031709301746980613,0.0074468274943766555,-0.1337966151919559,0.048176569198746744,-0.11212680220686709,0.0440489059420459,-0.058389276878260274,-0.04151394716136591,0.09800092557935114,0.014752426166205784,-0.08207062671456763,0.23046893912854138,0.07199672747992565,0.23178177040544623,0.0,0.0,0.0,0.1609020296922429,0.002249914779648761,0.21557107796185504,0.08006076881884384,-0.08149514459737348,-0.0,-0.03657436266033678,0.0,0.0,-0.12491429435989417,0.03493346426812277,-0.08084519289118305,0.017728100074496524,-0.03717644329896201,-0.009799150586595978,0.06563566879498253,0.0,67
-0.11179523104518571,0.15410766244244914,0.1410902528908961,0.0102247215202203,0.0,0.0,-0.00047018513949085227,0.13581543823837783,0.0,0.2103032708382883,0.03926457335420524,0.08796964367210852,-0.16874763874393267,-0.0,-0.03082492747947449,0.2972464203261015,-0.08226515895336071,-0.0,0.0,-0.0,-0.02300736048988946,-0.04481956526878624,0.059004258181628196,0.09998320695486279,-0.10961113933994296,0.1616392558118751,0.1240901515572662,0.04082188505592426,0.003498959688311782,0.026550203144785997,-0.02685464984042119,0.14019737479181846,0.012569609748095388,0.20031732785820963,0.05027701786156367,0.07825495447421939,-0.15782360797909153,-0.016343295374713258,-0.049092722947142356,0.26991108988014323,-0.09398787936555023,-0.010430036587279907,0.003481594011851008,0.004865921938364895,-0.03568654759657772,-0.053390976350301975,0.05960243628823716,0.09931890468508076,-0.102435827315923,0.1571064731078932,0.137124593211511,0.014223544765836319,0.0,0.0001843292703160461,-0.00011477583345241042,0.1389698837482661,0.0,0.20121153856556073,0.040241654376306675,0.08195102730977503,-0.1642741663076928,-0.0,-0.030253963303822448,0.28634019697726015,-0.08312735731259312,-0.0,0.0,-0.0,-0.022725863319190107,-0.045568686998668076,0.06120896345951342,0.09600508908096338,68
0.0,0.13890205580664805,0.14156287931682102,0.14084477409758556,-0.0,0.0,-0.0,0.0,-0.0052753516865750565,0.20740562364686108,-0.0,-0.0998102067303145,-0.11402551032261488,-0.047876075368889756,0.0,0.29834856688363726,-0.09794813389062085,0.03896236488054401,-0.12236151982059512,0.0,-0.0246615606653459,-0.0,0.0943466213074854,-0.0,-0.0014974519909932366,0.15138452381431808,0.13182513549615085,0.1442374686751965,-0.005286740280983769,0.021973892699062417,-0.040955580666055084,0.02482645703685651,-0.04566752023227547,0.2120291555747514,-0.016854457488206607,-0.10525337865459218,-0.13473728487118924,-0.04910199066958313,0.01980059734532385,0.2276619395820021,-0.11309455523825804,0.07635611689160975,-0.16683293142005085,-0.00190750460323048,-0.05641501247667157,-0.019066182145199458,0.11643266314935956,-0.014506989102739272,0.0,0.14677671669010323,0.1386323472066569,0.13967322645341848,-0.0,0.0,-0.0,0.005714985719717594,-0.008879207927047326,0.20243120665218417,-0.0,-0.09828631863952496,-0.11051685266704507,-0.04674051694486615,0.0,0.2737397238299068,-0.0963956827686818,0.0425005624323187,-0.13435913368558788,0.0,-0.0267050809477113,-0.0,0.09187345669104348,-0.0,69
-0.11623575133703036,0.16585671613978287,0.25820125988979314,0.0776635580000516,-0.04861718521500708,0.0,0.0,0.2805859556557316,0.006268568664490081,0.1985269424012993,0.08652845166463596,-0.07790964398882444,0.0,-0.05699924365844931,-0.026930490902692252,0.0480993824828767,-0.0,0.057281411726141825,-0.08853833406080854,0.0244898836629718,-0.006502310973702782,-0.044696398937155594,0.03735313136277337,0.05820148493050469,-0.11609689420888747,0.14394484330972748,0.20191088233456223,0.10885797689887058,-0.07559161983771766,0.04004466529360137,0.02686860870326239,0.24077364072347351,0.021301096807825947,0.17133383750433953,0.10188450581549595,-0.09084671197265798,0.008510850853341462,-0.06693136479674922,-0.050540234159631554,0.07610901342463093,-0.026360286220536704,0.07141812585479189,-0.08948676530665119,0.04078874340383293,-0.021117386719771508,-0.07010203962781034,0.051639072339211375,0.05882063306673841,-0.1097862911025859,0.16396477823452113,0.2511136859977389,0.08338323927948155,-0.04793549568562326,0.0032840538623035657,0.0,0.27646269018069414,0.004671451191173723,0.18899190771625274,0.08474925739359007,-0.07741869512660117,0.0,-0.055427361775825024,-0.02874107294151792,0.05392538628371038,-0.0,0.05581750632692198,-0.08278202550698692,0.023795844463312944,-0.0069690809603974845,-0.04826110653239624,0.03660840052800033,0.056169137123217396,70
-0.1822628626912805,0.3994976854348882,0.15453093934899653,0.18806444732182268,0.0,0.0010333357310281664,-0.0,0.034977465901649976,-0.051477274634360345,0.24497751109642346,-0.02842893042633922,-0.11253145844021867,-0.0781067815051259,-0.01922057922635933,-0.0,0.02108867206961778,-0.020477906998022002,0.2276391585322803,-0.0,0.0,-0.021213973707644235,-0.01655978349521326,-0.008256124931943132,0.02326780172921224,-0.19759417008954502,0.3630936064661572,0.14928311665083965,0.18786895390029018,0.010419689778303886,0.01875181945988465,-0.012289657768473933,0.051613054009594525,-0.04435074651260982,0.2408207409392387,-0.05859650728292565,-0.11625748847195867,-0.09157291995041074,-0.04020435657084828,-0.02696342047340981,0.058901758787005175,-0.020417543442740677,0.23030085297136052,0.00609128783766294,0.014457330284401385,-0.025910979511426065,-0.037406941031417375,-0.03163673528663092,0.04699098269779185,-0.1785763488830574,0.38453044456846125,0.15374895759368157,0.18665860815622262,0.0,0.0040080114319120085,-0.0,0.04302228027931222,-0.04990246648387876,0.23627684309845293,-0.026704094957798206,-0.11363134717194938,-0.07652799689257996,-0.020657414321028276,-0.0,0.02739043739618012,-0.022249147344384122,0.22576605627385835,-0.0,0.0,-0.021543770135806866,-0.019648284222525163,-0.009802795067761888,0.02287437107184033,71
-0.2520275589730527,0.3136161354208202,-0.0,0.1394488243565868,-0.0,0.0968162029934073,-0.11101975208486786,0.12619126461005772,0.10520134599153853,0.3543690971907165,0.1610913465322365,0.00866560576137171,-0.15974547511187903,-0.04677185027840817,-0.03438765965577571,0.0062348030675330336,-0.09926860443638327,0.12413485961266486,-0.10956918941949774,-0.003649694868795207,-0.012705666852097638,-0.12476663103017833,0.013096099572124124,0.06277445512602696,-0.2625450315516225,0.26829494258062064,-0.04735941152450274,0.15186097636783621,0.002460909982689224,0.10654129578758598,-0.11592534743667365,0.1346821252056558,0.11364591987577011,0.362655077048436,0.15603001251411971,0.023721049307735914,-0.18420570599638184,-0.05253153599671803,-0.045219179353429166,0.0689890546774987,-0.11226239246628458,0.12834564487998631,-0.10725086152850223,-0.017104665754163202,-0.028622661013296875,-0.1419054498303519,0.03241962530570142,0.0743143474957163,-0.2547345079141591,0.30009935068662563,-0.0038385692658279174,0.14051723686410342,0.0,0.09828597036554422,-0.11170087165286077,0.12683170089633652,0.10777321792541239,0.35608843398806406,0.1592714542927908,0.011867638606433119,-0.16349134810066437,-0.048152383693462614,-0.036670187566413194,0.02394077452969942,-0.10043416242911213,0.12499301464752272,-0.10858356247266618,-0.006488455587866941,-0.016207683814420344,-0.1284444973569267,0.017868368739451985,0.0653581201143287,72
-0.0,0.33071249416382176,0.2210998413683701,-0.0,-0.011854481096482695,0.06630285984389836,0.0,0.025236363608425513,0.06847223994851874,0.13734031436745692,0.09648479514283083,-0.05650859607019716,0.0,-0.08015635577922361,0.018572088508795007,0.171712281176571,-0.12666390161389599,0.10346553949526249,-0.0,0.0,-0.0,-0.05991664000598574,0.02102283137190853,-0.039042906023162814,-0.020007853476842828,0.2770097187024686,0.18070534544350172,-0.0029705729915597582,-0.037908661052166205,0.07556405747546639,0.02590636625777149,0.054234554658749254,0.08556376432425855,0.13057295814679104,0.12935533564865442,-0.0655995173084308,0.0118811973510135,-0.09677219836226346,0.02689900690328569,0.18381328090800778,-0.11987970659078305,0.10705075544674077,-0.023048691845872098,0.01292346204618265,0.0037117418265004342,-0.08837556114524739,0.04742273965006054,-0.06050699564589505,-0.0,0.320086265437143,0.21423917039583262,-0.0,-0.013170693273126269,0.06555537141426683,0.0,0.033137380966542854,0.06878847426711446,0.13469462560595988,0.09945944295882511,-0.059549653682917744,0.0,-0.07970009325880965,0.019386481982642333,0.17463026935421358,-0.12333814380227834,0.10244242961377933,-0.0,0.0,-0.0,-0.06371006180697616,0.022193834641786835,-0.040716193743863115,73
-0.09187201842734903,0.27142600678855805,0.16548208061978,0.0,-0.10831868767774495,0.04290514215871214,-0.062392548201655566,0.16533115792936928,0.0,0.21291198835019162,0.14677764816014383,-0.10578451776815115,-0.13058357067924625,-0.048023592880220255,-0.011928458955682272,0.2207047566486946,-0.09962492152389087,-0.028096681959601744,-0.039455341265874674,0.0,-0.0,0.0,0.0827110306322025,0.03986011181996675,-0.08418832689036249,0.2253422777181581,0.15212414076814215,0.031094842695036276,-0.10805198326650509,0.06566733196991188,-0.0698332611605399,0.16328778524046317,0.017559802398154665,0.20352416377853524,0.15830148990095633,-0.11260040296322774,-0.11720366671258671,-0.06450373517100912,-0.03359602773545867,0.1938477883156253,-0.11094689632164202,-0.03986278212655329,-0.09020951350476603,0.015236922422446807,-0.005088777521067413,0.006087861620958147,0.0846534623537634,0.04959037627468846,-0.08243823394826895,0.26103363015767883,0.16644461450213277,0.0,-0.10241429527629378,0.0433977962275464,-0.057776307741101506,0.17276255843595395,0.0,0.20311285383329353,0.14456904185842606,-0.1075414150678426,-0.1260951876799144,-0.04353399730752774,-0.012272016619425192,0.2149304205814874,-0.09919660217488224,-0.025065697435100218,-0.04200208657159676,0.0,-0.0,0.0,0.08271682440568201,0.035013880617779755,74
-0.14959594970645762,0.14168248013236526,0.21833098796419328,0.3154626921650944,0.009395131705681221,0.016757373477778562,-0.0781850257788821,-0.0,0.0692146060030131,0.2688254657211345,0.10551329167267455,-0.07720842019479657,-0.09166189892745609,-0.009747079667513904,-0.0,-0.014776800947178627,-0.03828105100568921,0.06627602392396434,-0.31204332009339864,0.009723190374505673,-0.0,-0.13079925815208784,0.039557649075839266,0.13579565321839232,-0.15893934608343518,0.17246745561550028,0.21320943345111454,0.3274733168845695,0.011936532511158886,0.024440030196246545,-0.08580371245789353,-0.05107042045712377,0.07251423454773802,0.2967322095015822,0.13145650614753346,-0.08593958798888068,-0.11756474321568623,-0.02107467042597736,-0.008937265716467723,-0.08603367945247914,-0.047881764891106675,0.07468895893123155,-0.3595621402055771,0.017563420629163495,0.00479935408100116,-0.1439292898266991,0.04380264340060812,0.14053837705182812,-0.1547645095932182,0.16094594865283005,0.21444750768058735,0.321221325952533,0.011339716720966338,0.023160931628101428,-0.08359208449996032,-0.0288343336492316,0.07191852491357778,0.2858500589652603,0.12373220323666483,-0.08377810932720935,-0.10663047186412049,-0.014749234304064414,-0.004156509893716189,-0.0601583330915907,-0.04571266917308548,0.07191314748078087,-0.33971289107906416,0.014944170505529078,-0.0,-0.13874072974435558,0.04235160117971443,0.13752277178949335,75
-0.10040286247585807,0.300707729962974,0.06763551782468284,0.0,-0.02270120107274716,0.035575837539267886,0.0,0.17046987836353392,0.0496671917436396,0.14174072155637898,0.07562147443816568,0.03908261138973305,-0.14579455983787828,-0.00871844734991318,-0.03316765541731715,0.12703112565096858,-0.11161937287648734,0.13771545804230698,0.02667696254772228,-0.0,-0.0,-0.0013269749427699657,-0.0,0.03642570094057649,-0.10155956407311321,0.23536784836683589,0.0808477034853279,-0.009684444191204091,-0.058404244335909815,0.05446396869492157,0.014796085849271728,0.14785168272079025,0.07211829156824583,0.146017534226144,0.10248813821988631,0.05270706326503523,-0.1571334650229935,-0.034216709518080014,-0.06137701732613597,0.1925473937951216,-0.11840757242832217,0.14640300352462693,0.06710282478625257,-0.005703567425871231,0.0002494755669616436,-0.018542831386499467,-0.038898593601257365,0.0802189538209883,-0.0929280960771929,0.2846329623221239,0.08237612345105107,0.0,-0.022387507355322297,0.03408657276431883,0.0,0.1651881911756543,0.04500312375963508,0.13383173862101858,0.07729512473409733,0.036147006834842024,-0.13696675682401296,-0.008655157668995899,-0.03322434853195285,0.12834965834144285,-0.10810567910842765,0.13672879243264346,0.022514992035133574,-0.0,-0.0,-0.00600012903760059,-0.0,0.03536902818364029,76
-0.204865670881925,0.13745623884162117,0.05492439416109106,0.08845478231518451,0.035813557647783725,0.159202669714675,-0.047994757186510105,0.09855825506367064,0.15180796754645934,0.1634660990443004,0.16016371960370415,-0.10700987249881791,-0.0970287129452809,-0.012596540569906051,0.008309810128311666,0.12616771156236437,-0.11715609656001759,0.10020830720398465,-0.23408424214256132,0.020717727424825267,0.0,-0.03607400479788366,0.04423374342694838,-0.021516473933508452,-0.18834337072438428,0.1381275034910635,0.06467133545262604,0.08625104076080573,0.04157008445955687,0.15651625388537027,-0.05312905448668066,0.10300564175769891,0.15028488853326227,0.15801398529897373,0.1432601101006183,-0.10620614576630553,-0.10417456023778589,-0.02222938541344248,0.00710666365244752,0.13259391388674152,-0.10984180064552358,0.10082084832144819,-0.20842337799096794,0.026284110114908606,0.012636982389225556,-0.04669952033482678,0.0492320679442301,-0.03663070850391974,-0.20213518329974992,0.13838710811196006,0.056483288718757844,0.08823331108541116,0.035089520329942794,0.15809982553804464,-0.0480627489747383,0.09999628384723606,0.15120593223419027,0.1613788493295323,0.1577545302797429,-0.10657459389680822,-0.09709473942387929,-0.012680636717923782,0.008031422265605303,0.12707165116150648,-0.11544239045680948,0.10015942405766182,-0.22931008842435313,0.020906498311459774,0.0,-0.03656490980482232,0.04278035352978447,-0.02126380275158692,77
-0.21852748176461073,0.020832478428305264,0.10268599716995976,0.21678180020665136,0.08136734545778575,0.0631820525993923,-0.11170709008674598,0.15412120047195954,0.31143152537229446,0.18360326333004623,-0.12638985338912864,-0.026108856769789943,-0.17357152370726203,-0.00829860177304602,0.015330220764942164,0.39684174626595303,-0.0541665526441838,0.025119868131087394,-0.0930553279444507,-0.06032992086039877,-0.055319048839448215,-0.006882636784919509,-0.13486857575466893,0.11325024995155734,-0.21034131461953087,0.06289023749074736,0.10071013760879219,0.20055131091731498,0.09131716419012142,0.07310488112983218,-0.11195361459824625,0.15849607336565863,0.2865047701954297,0.18029023955516038,-0.1113619892522756,-0.03770100558677439,-0.1687499223425677,-0.01082670674823041,0.017223401614209467,0.3281545433446712,-0.0655152271769745,0.025508780420880495,-0.0972880276456253,-0.06087977827177228,-0.05882659414776735,-0.0048092746899714624,-0.13451384488808543,0.10528275462349031,-0.21787162317658326,0.02636506588621194,0.10199731915921492,0.2150545786735276,0.08293794561649469,0.06464224137399122,-0.11214091581394672,0.1547117304187777,0.30868822645392296,0.1837001809880217,-0.12489206204544266,-0.027606369518796667,-0.1732661898978177,-0.008536735148714957,0.015884542162801548,0.3880808914470545,-0.05561461096785448,0.025117855653952838,-0.09400955491570812,-0.060604470697099906,-0.055890661401461116,-0.006598350368533595,-0.13551463804805533,0.11311481644836395,78
-0.0,0.24859880759979758,0.11427415966712648,0.14141376107839068,0.0,0.0,-0.0,0.20058634432089478,-0.0,0.07813339744852076,0.024366736527873828,-0.0,-0.014634116752768366,-0.021232153776528116,0.0,0.20739505990689697,-0.034804829042127096,0.015763040745669376,-0.0,0.020725438806261442,-0.0,-0.08691401373853544,0.06907991266197128,-0.0,-0.03455619530393273,0.2044471902806453,0.12131312158349057,0.132371348017641,0.04860614810533067,0.006549091723695888,-0.007856064746088378,0.16197141124759473,-0.0013827972593351623,0.13070938621200756,0.0670347987010506,0.0005700701718757984,-0.05446500440437643,-0.04202717895400363,-0.005711085761275159,0.18308398543846627,-0.06655706100741159,0.04971065528850242,-0.04885173301146268,0.050053871548278436,-0.015772917206377725,-0.11481481483752923,0.0959145677878617,-0.0038648434811649358,-0.0,0.24036769721186302,0.11307607578482434,0.13872507872899992,0.0,0.0,-0.0,0.19481533442959473,-0.0,0.07775549638305745,0.03381486319121547,-0.0,-0.018646724745121808,-0.01961336102246478,0.0,0.20076814366620951,-0.03369987219995276,0.017509691413618123,-0.0,0.01938678483298417,-0.0,-0.08857603227737375,0.06294024051646305,-0.0,79
-0.088345153153094,0.13602071455107143,0.14062055275838237,-0.017407011594069325,-0.09889622200926983,0.07074006447310063,0.022703930317915743,0.17457960469401268,0.14909016919466317,0.09439182296388976,0.039852279520152516,-0.06303490052173062,-0.21712264141175372,-0.06020628453398542,-0.034779262194712904,0.2813295480738839,-0.026781993826056907,0.205074489397777,0.10395513813890023,0.09508149590900318,0.06287942422511572,-0.1004380009192464,-0.0010511204468995527,0.06616354454717809,-0.05973624871625282,0.14679297107634245,0.14382747885053146,-0.0029239514818565843,-0.07038768752062514,0.08207143959363539,0.030494454662558103,0.17163867575108477,0.1323711110134636,0.09121847928400831,0.0619407363806869,-0.07485171220833374,-0.17725108103228035,-0.054217441048298363,-0.030544027165999223,0.17652045792276147,-0.040702365565150736,0.1947771002920524,0.03770221602613703,0.08917167578421246,0.05088278917305599,-0.08323505281532366,0.0039056897849468735,0.056169751209265775,-0.08418594843022359,0.1374955182409663,0.14139927550551268,-0.01419295782034258,-0.09401624416724923,0.07155049394129798,0.02078536270476472,0.17587691898072336,0.1469608874030233,0.09362816866947272,0.03994264311928111,-0.0648907128705407,-0.2125496184528705,-0.0566988016964741,-0.03275997082490857,0.2670820979848862,-0.026432697703634534,0.20422457243223482,0.09331854810727973,0.09366133218477943,0.059146193798453185,-0.09783102030697766,-0.0,0.06492174339508452,80
0.0,0.18633538915344577,0.21491824184945363,-0.0,0.015086855552902767,-0.0,-0.0,0.17454915682514746,-0.1480632122951684,0.16102744074250938,0.0,-0.04889023614546974,-0.02858010811126044,0.0,0.0,0.1272547529842021,-0.037428758081186196,0.029890329631209064,0.0,-0.0,-0.0,-0.03266867446744096,0.14049343546808754,0.0071315493427013465,0.027191807505470744,0.2035180771204682,0.20712711230385966,-0.034167568028805474,0.05213135415862064,-0.020047474243572044,0.029661446561238057,0.1610154646673622,-0.18273658151446323,0.1856084391449604,0.03702626731598618,-0.06920795523246753,-0.05907006943605711,0.02971083399611995,0.030525819063744207,0.13420809049056473,-0.06351579457539314,0.04553790840591556,0.07152526948288039,-0.021923820594568835,-0.004525621540367486,-0.04396325377897727,0.14033321581481145,0.028783019808704072,0.0,0.1812398126641739,0.2085422525861527,-0.0,0.015156039124289405,-0.0,-0.0,0.17229863791203778,-0.14649020447337519,0.15911146115093683,0.006134799440820779,-0.04890966700413498,-0.03164376577230886,0.0,0.0,0.12642146283258113,-0.03809779311536491,0.033993854516104864,0.0,-0.0,-0.0,-0.03597598841346208,0.136233989128134,0.009467197136245682,81
-0.05079482046373927,0.26632927237997983,0.24309750304410727,0.18877872081600572,-0.0,0.1637080799941207,-0.013095131311836861,0.017638983775432902,0.0733187656088523,0.24137992742079956,0.04906694417502926,-0.1956759899264848,0.03480272181617397,-0.047770395130121365,0.0,0.0,0.0,0.10737817716038293,-0.14357219570929264,0.0256301436193725,0.025860979944789565,0.0,0.051854371074747996,-0.04402857524690183,-0.06618203866046629,0.21886979306948107,0.23054984706363313,0.18780412630878185,-0.017634345015585272,0.15404660490501196,-0.027134454910776235,0.07529572420048729,0.08321399187101942,0.20584834464956436,0.07277054531227274,-0.1820659254732585,0.066427424737884,-0.08192732075056473,-0.003580061234634949,0.04555738508037832,0.020504485720159886,0.1036269795650096,-0.15307865797931827,0.04428962311091619,0.06125635458708186,-0.0012696656249436829,0.07322141801843686,-0.06293269003939878,-0.04447527317928513,0.2550053085632446,0.23542191091062925,0.18245289120589347,-0.0,0.16187631493924035,-0.012175375666017032,0.02721102418113809,0.07157168192347095,0.23247671714152565,0.05330288576599038,-0.19616374366315162,0.0296650839826849,-0.03840395896115728,0.0,0.0,0.0,0.10575710279493224,-0.1411948893231416,0.02502653732210725,0.02028699380563068,0.0,0.043279066037551536,-0.03901338010484674,82
-0.13926213306870858,0.1497285939045372,0.21719381952416691,0.10839644395042636,0.023756621781113835,-0.06817078928630228,0.02192179265194727,0.1574948462125213,0.008206069446384757,0.11777595215521401,0.21970339621997703,-0.04044883483269986,0.036193047753180434,-0.06495144621763806,-0.003745065608401549,0.3334012431946234,-0.04818225792925202,0.07123732100048584,0.21375920642440002,0.02143960061940723,0.08655784756741267,-0.16523494043157494,0.131231748461519,0.016621502831255935,-0.13954432993336202,0.14802851069220352,0.21888726670853564,0.10849819231414688,0.02450909190793326,-0.0699107715779183,0.024446098784685982,0.15729177512587933,0.010436769044306758,0.11820801441230797,0.22140160417816027,-0.04004781779908479,0.03874862969927692,-0.06756683095107285,-0.005736930541814927,0.34951440435229403,-0.049967150464153565,0.07342086071611875,0.22639473782449682,0.02246863427829195,0.08938834152256428,-0.16413635477606628,0.13272845342092066,0.017510736948196062,-0.13901733108894407,0.15028257964115685,0.2169054179942541,0.10845113554788605,0.023773056984726076,-0.06807821370250128,0.02188151503141285,0.1574820841399828,0.007778434904585319,0.11774171832433591,0.21975220074194443,-0.04070589876316684,0.03609628855384292,-0.06475143585079006,-0.0036814950443292637,0.32883959050337647,-0.04813623289396555,0.07081868890116623,0.2103201302991995,0.02154568401679289,0.08622892241286235,-0.16540835584898972,0.13091201420184578,0.01660762824544859,83
-0.025294318527322435,0.1808619244882444,0.11263385413094422,0.16858956580154774,-0.02765831305828694,0.015187001831123837,0.0,0.22602841846328844,0.03412107277070017,0.12740933241380825,0.05028529753516679,-0.02504321660332674,0.0,-0.011925978325850241,0.029046378796949806,0.2856236113813941,-0.10333822347826319,-0.0,-0.0,0.06597312537099227,0.03219098350953581,-0.0392472560055753,0.02651448232359319,-0.07324900669702157,-0.04641800684073515,0.16689341717941897,0.12727777872846135,0.1571403277076282,-0.04705844970814952,0.03378787717732164,0.020375909535336904,0.19600478822700387,0.0558153684044871,0.12571644578447141,0.08941239315362363,-0.05649999278314768,0.010778399265287635,-0.061588451659835466,0.033807538413265066,0.23420599119453334,-0.1121494008287903,-0.026298924507321797,-0.06732296526561538,0.08196344158719338,0.06645752255605887,-0.06868885266997199,0.040334392974804636,-0.09390300536701554,-0.02144097890975208,0.18600969519209934,0.10926228883764612,0.16641762100361354,-0.026429288448199445,0.020528966924611345,0.0,0.2237926934994671,0.03065879075187977,0.12592121333544107,0.055339204315727315,-0.0275468459218323,0.0,-0.01041655712469174,0.02770784961767306,0.2663600671646489,-0.1022276902038382,-0.0,-0.0032225580617483416,0.06405114500197692,0.031146075395438424,-0.03941083098298725,0.021539523122067267,-0.07008656301866714,84
-0.09013138769238707,0.18987201884192564,0.16404715094179695,0.0659762580502263,-0.01511583843906484,0.09169059314229448,-0.07100039404509807,0.11860588272466527,0.04662232995287161,0.0,0.1078097866319784,0.0296864363327278,-0.2878302450578071,-0.036030784036921074,-0.0,0.13216915085956168,-0.048410310059235274,0.015005220854874235,-0.0,-0.007992364396627222,-0.020489423152260922,-0.05227283042080732,0.05136579737434818,0.0,-0.12880006417222942,0.150019316486715,0.15910922964778673,0.08868163496594486,-0.03814738442953612,0.1066255643883993,-0.07360045660677231,0.11716717845607291,0.07922905727911253,0.03250219580968873,0.17083050225898813,0.051722589392999695,-0.2427822119314666,-0.04909987628723939,-0.020841121042273255,0.1485982367388037,-0.07281462184077041,0.037942320447168304,-0.018701212466107942,-0.029807316256441015,-0.06162033367038198,-0.05056928387669298,0.06812882501196053,-0.0011285106203055802,-0.09320127702304119,0.17839741492267505,0.16288996920088236,0.07113769187558378,-0.019143507987662203,0.0926579464213598,-0.06995394831221736,0.12179262144219517,0.05366818575846633,0.0036498590045820926,0.11923492811622154,0.03332376271414934,-0.27664397444780553,-0.0367862609291558,-0.0,0.13869188000356483,-0.05218692131660103,0.019825645250979334,-0.0,-0.012669071793518701,-0.025903757173581135,-0.05097165301473517,0.05213549523675571,0.0,85
-0.12026903614025376,0.3277290847508145,0.3020029007526168,0.051039123536127,0.03029106091269896,0.0006062956245969588,-0.0,0.191393956034707,0.1260846096666703,0.20178657204081202,-0.0,-0.012340041874338004,-0.07473063696082748,-0.024224073302823463,-0.042153601708985446,0.1503592466453024,-0.09266401952065625,0.06549424728440004,0.013179799949619667,-0.0,-0.0,-0.08801124475377847,0.045727573399720764,-0.12445103634659285,-0.11428423663921795,0.2632416576157092,0.24276118354302054,0.09705426501784199,0.03891877281448324,0.01961037436857356,-0.0045510943578367675,0.20243122417651097,0.1380715996723664,0.20112011313019312,0.004998741673793455,-0.029366254681463717,-0.09378052028997816,-0.025744718551953674,-0.04325825808788903,0.1791003247279494,-0.10576998597315102,0.07223754719397411,0.02378187365963247,-0.005019007021754801,-0.000717513604822162,-0.10300585457417043,0.05133624864592215,-0.12705103661993944,-0.1189435618853144,0.316830491763502,0.29310926578623125,0.05857747544224556,0.030823799139211194,0.002421605709792867,-0.0,0.19391445246432285,0.1286831396877493,0.20169619992118806,-0.0,-0.01390015468158165,-0.07720477909102848,-0.024192623649045845,-0.042015879950265525,0.15560652293441024,-0.09456049553866593,0.06572032836451235,0.01349239168513936,-0.0,-0.0,-0.08995369765520979,0.04603390513847348,-0.12417486165988527,86
-0.23611366421000293,0.22555930032041382,0.20126428716751005,0.10209628754174178,-0.0,0.07167840570985148,0.041384720725256785,0.0,0.19179003646201967,0.25421573713202256,0.09373008555290871,-0.045183108702152544,-0.1470010998376709,-0.0,-0.02336127365741038,0.24035862426864021,-0.1015182746497,0.1071146718414514,-0.0,0.0,-0.015120349788847286,-0.01023382309559005,0.0,0.0,-0.25586034364834,0.20661398990398147,0.17647061918726065,0.10506092245286525,-0.026373260720947447,0.08972267369203854,0.07686814655284104,-0.0271549021589059,0.2212240440210866,0.26218788595581666,0.11467278961544657,-0.053337562594857724,-0.16764445725402471,-0.022818858662678698,-0.04818643115718583,0.2645677134228693,-0.1420477780059513,0.11676138432802112,0.0032220261117592965,0.013578834191640694,-0.03481071964242368,-0.026517380375890083,0.023322890755192317,-0.010760029788595686,-0.23309956319228028,0.2225079513204257,0.19609139104433915,0.10236601569240036,-0.001595976303523062,0.07426269428528653,0.04548008899281922,0.0,0.19022808670089514,0.24983072995134076,0.10050692108529811,-0.04866575818479981,-0.14477938962847597,-0.0008629303267639846,-0.02498804172871412,0.23672994360155897,-0.10609954584573776,0.10833484635600162,-0.0,0.0,-0.017413423108924745,-0.013103304956548824,0.0,0.0,87
-0.2115992546628968,0.26049479733847214,0.01903252261612194,0.13575401612039406,0.004187535880953586,0.08890518785374206,-0.01610263154472166,0.23696757648118175,-0.05880383867620225,0.19544000895210636,0.06415292981446254,-0.06514767599806333,-0.08772861659766833,-0.0,-0.001406560751406619,0.16535634328424548,-0.0,0.11835484755153017,-0.0,0.039298932647500735,-0.0,-0.09160441488497215,0.19939795082526,0.0,-0.18644901393904303,0.21527688210817417,0.05971057079489093,0.12365306513119588,0.02497344989531534,0.09505552263194383,-0.023004370544058822,0.21875165967665305,-0.05757825005817968,0.19126539327758957,0.08029764405597234,-0.06937866735836906,-0.08562644043714053,-0.025261592134431674,-0.029218763383095363,0.1549446692068121,-0.013623699886681604,0.12244245735615288,-0.00891719520510402,0.059492483144246135,0.005316064404795508,-0.09963104796171199,0.18589935152460005,0.010540248259840873,-0.18596934350997807,0.2593420638655513,0.026345115014646894,0.13073306644615268,0.0,0.07877758138746693,-0.00038888561174262645,0.24320258967497357,-0.045072535258122465,0.1766655921792891,0.06151845963894355,-0.055087786645530865,-0.07590887631331793,-0.0,-0.0,0.15476413458276306,-0.0,0.12129422765597522,-0.0,0.033120858274945465,-0.0,-0.08363469372581443,0.1856118264663437,0.0,88
-0.011588267377189784,0.18552083702597963,0.10620409582394987,0.07169683329718837,-0.04719575634450789,0.057710278077048205,-0.09626188439050597,0.35600783389327134,0.18493334243853388,0.1825642246651385,-0.031053308130543404,-0.15358863619693286,-0.2801755697612519,-0.14614783052509803,-0.030691123029866114,0.2056084036870791,-0.030491375847516627,0.13478338998101538,0.11495674278450212,0.09353720325175277,0.1940624966665084,-0.17061061532996366,0.0438210359322952,0.0741734244703807,-0.010210454710522034,0.18523541896942902,0.11121272895103848,0.08478128008247231,-0.045778708906958225,0.0565007025608116,-0.09693345059781946,0.338883652262041,0.17199259993831315,0.18482442919757108,-0.02203541462121498,-0.1419197064209211,-0.25457151276508017,-0.13109967790304294,-0.030947481263852276,0.19551405047139833,-0.04292453618352669,0.1306283046600498,0.0880590655563487,0.08765190689305558,0.16580918660120847,-0.16495386192604353,0.039773559366584985,0.07504952606051277,-0.011463850009878455,0.18547652555028338,0.10637192643637758,0.07239098431479797,-0.04705099065607707,0.057596144916746375,-0.09629421953406411,0.3552407262950187,0.18427785331653954,0.1827347690531502,-0.030502061139740466,-0.15297243938793498,-0.2788555147952857,-0.14522444595967574,-0.030570510541284485,0.20499357898190676,-0.031212720967612975,0.13455851265447888,0.11347958783963454,0.09312599406478544,0.1925047420518055,-0.17026412500547927,0.043563500411565856,0.07422123623636928,89
-0.10388573674838285,0.14537301209634332,0.07392533370822427,-0.0833109091595269,0.058076728124690453,0.09093568002274016,-0.07155186472818396,0.12333291054519765,0.0019120432833116424,0.15805230900862,0.034657860629604485,0.0,-0.171196556417296,-0.046212406671918935,0.004665510268024229,0.22421695646802328,-0.12371338269867974,-0.0,-0.13420551442724832,0.027439854406000875,-0.025840591598083402,-0.034108727777782476,0.1862337535400446,-0.04355718624670422,-0.10077043408128897,0.13751866926537654,0.07815950236223453,-0.09051285079498188,0.060001290428561026,0.10076370655277388,-0.07390929992679156,0.1291533947023864,0.003381119881578179,0.15138899892290875,0.054038953981546865,-0.0005766991524220321,-0.16383770231290035,-0.044095926347633214,0.011887506360202079,0.19474810811905005,-0.12184733047695283,-0.0013087250594308669,-0.14462376765662144,0.03311814537183705,-0.03519053626419292,-0.04003102585078551,0.17891531188612653,-0.04912533515217233,-0.099781938583804,0.1413124012216207,0.07383253663295408,-0.0677553343078421,0.051944992314916234,0.08503918932957236,-0.06423545094731345,0.1269428182497067,0.0,0.15061064545739639,0.029312496819214936,0.0,-0.15865899471637715,-0.04510673673635774,0.003175012503019165,0.22582658607818445,-0.11641326245918479,0.0,-0.1282491481878256,0.026308019539812447,-0.022157417419734544,-0.0276354114109173,0.17443408646608807,-0.03760917975481177,90
-0.15476918345694252,0.2787089167766636,0.22993834472522806,0.21686447474970336,0.0,0.007067190626863856,-0.010929711224368087,0.0018602348734994448,0.012717305529861563,0.14329985412543553,-0.0156373169691122,-0.026529109159546677,-0.027010628433789294,-0.05261114147151281,-0.009326097521995041,0.21261352085036272,-0.10347312204740562,0.03584875114662033,-0.09809318151423821,0.010919661574275038,-0.04208654102244855,0.09566028065139863,-0.0,0.13591786385950946,-0.15434310567257684,0.25342793127341284,0.23077527535411402,0.21799150066121506,0.005909276209614495,0.02972742922769221,-0.031515217387355875,0.006483368667220934,0.02896346349373759,0.15444386034826077,-0.026596517443969007,-0.035292915534096546,-0.046143300748221754,-0.06523449382791123,-0.02948956157388056,0.2015113657272413,-0.10901288482855043,0.04341919595308914,-0.12015964830978194,0.030162660265759988,-0.0456413912440673,0.10015584389589151,-0.011739549614822284,0.14495659634536678,-0.14925586347909195,0.2757587891913182,0.2246657595219072,0.21337668573518864,0.0,0.008177594253712263,-0.009874150114100219,0.0076746170580905175,0.011815894382820855,0.13807380895923277,-0.008630532028644177,-0.02869622664185863,-0.02582213145018726,-0.049255918152666577,-0.006878222134978544,0.2032224492886663,-0.10374540322697522,0.03589450290483881,-0.10019886860480612,0.009563699270512843,-0.04119598316276254,0.08982620837204457,-0.0,0.13213313433219706,91
-0.19255774498755443,0.158951726066792,0.05955220529802696,0.2248561006164891,-0.06326607202952124,0.053156677307079445,0.0,0.11961494711010644,0.09254572761364387,0.22917742247250622,0.1793146368024955,-0.021380956674706138,-0.06383892840893383,0.0,0.0062590246950597955,0.2568519885779539,-0.10879166054530631,0.017804153977950606,0.0,0.0,0.0,-0.0,0.08212735195607013,0.04115412912744207,-0.23963518586216107,0.137948390366152,0.0474030984337924,0.2181701780090507,-0.08765321316754912,0.07140935768881886,-0.0024651443191544466,0.14207570805420872,0.13680104669401894,0.27662913025373587,0.20460242723186295,-0.005895330197801826,-0.11474426412901813,0.005382308195785354,0.030841553904828588,0.381251221723773,-0.12458052403233014,0.03420309927292798,0.11874195021661528,-0.0015862370325513612,0.02341775050043317,-0.015930887029258427,0.08935295858426236,0.03703929977251916,-0.19110855918804426,0.15851607250220615,0.06162872785615275,0.2192266805553009,-0.0650110529725639,0.05821089432938839,0.0,0.12061864642908342,0.09751608114789216,0.22782060664715745,0.18098921890579664,-0.023647010648493512,-0.06762136560563503,0.0,0.011206601384150148,0.25578631985044575,-0.11138344007652737,0.02165520807984085,0.0,0.0,0.0,-0.0,0.0833614498791333,0.04124034269401516,92
-0.12748767065570296,0.18278427939968497,0.23222271528240132,0.03682763783125205,0.09934622594063644,0.0,-0.06438178162410994,0.2323306937967113,0.13550106656101232,0.14994777736668063,-0.059126865579947625,-0.12600200505872633,-0.030903925461610717,0.0,-0.0,0.31931784220061976,-0.06227252947995426,-0.043005675180955806,-0.04236915389810819,0.0011608931583888993,-0.0,0.0,-0.0,-0.01102727400769576,-0.12026462048122348,0.20720679591983573,0.20080405482661795,0.05894034072687253,0.10040779495651882,0.019674335118878294,-0.06948912797220543,0.22226973073636097,0.13390861471461935,0.16317974720870843,-0.06852552417372657,-0.12499120207097417,-0.050790849135921565,0.006433541793906701,-0.0065454139308312705,0.2592424348759725,-0.0867312800153331,-0.04958805485780457,-0.08386126586157758,0.017680974632880035,-0.007332048350571594,-0.0012558950787900966,0.006156090801091795,-0.031038983353211334,-0.12310035744505692,0.18567867891162512,0.22649528783162157,0.04019891057422916,0.09829527409692873,0.0,-0.06256601420956202,0.22876442202503222,0.1326817014659394,0.14843109681141134,-0.05527703375009169,-0.12742009834848939,-0.03235951404110027,0.0,-0.0,0.3075398528786953,-0.0658627481730862,-0.041343424886505054,-0.04887114849968551,0.001405371503015919,-0.0,0.0,-0.0,-0.01099505048950229,93
-0.11216560066715138,0.1350883763225493,0.20817387545829374,0.17127158929603692,0.0,0.07502280282941076,-0.01628488822772424,0.06351015978110099,0.1559257148220711,0.2278324211746753,0.09146165907542848,-0.1308916692751931,-0.05697665859577851,-0.05161430778374493,-0.0064358832998197045,0.207232713528125,-0.08587999609497024,0.224395540543949,-0.08442639246384101,-0.0077906590667622105,0.06150243690477643,0.0,0.0,-0.021284125647261024,-0.11467166294528867,0.12763113575664298,0.20630080123704328,0.16747206054164804,0.017624504786391507,0.08530609125269334,-0.03689199124215649,0.07395153425097564,0.15488453017033907,0.2374998461491318,0.10525669171770059,-0.13529655151322673,-0.0617350472106358,-0.07692176423413982,-0.017218859794191754,0.19798856026652148,-0.10174706446432075,0.22707634794189444,-0.09895264515060777,-0.014556862182251606,0.08677054783085328,0.014858386934772875,0.014803889907377927,-0.04398000670235343,-0.11397093277058822,0.13137915527072155,0.20750239960043781,0.17094198603226843,0.003005734059165409,0.078024835791209,-0.022786428610408964,0.0661840615896899,0.1561263496633445,0.23099709539734944,0.09555153283368381,-0.13161634926955712,-0.05931969389611213,-0.06021697575172426,-0.01014994197852895,0.20470208311260035,-0.08951286154880583,0.22490976439401406,-0.08839812310022001,-0.009645317271041863,0.06980561156918995,0.0023615958881796576,0.0,-0.025051250597083477,94
-0.046114174586735196,0.2386014789457011,0.07572180534653312,0.09887977106355483,-0.019750681475659997,0.0,-0.0,0.42288904017247947,0.047107405106781554,0.050638216332160334,-0.0,-0.12297763031310434,-0.12744025299389353,-0.03280089473632918,-0.0,0.19080173636390307,-0.138751676568827,0.0059602046488374865,-0.0,0.0452030574141462,-0.008399589827351658,-0.008916897606355457,-0.011466200619178251,-0.06385987244699146,-0.07888055307173396,0.19709239399223213,0.1033447288241576,0.11423055071064635,-0.03823689243840296,0.03692354462127527,-0.035203692470373825,0.3598033445913646,0.07049268398466123,0.092051856988124,-0.005617272731805091,-0.13380325519378125,-0.1383103523250899,-0.04984363227286017,-0.016259749058312668,0.23059032854291697,-0.1493284966599718,0.03127491126405395,-0.013035085622528815,0.058298743839596615,-0.03678060690173886,-0.04352502878504906,-0.028091401643118775,-0.06774377470887492,-0.0452216619337829,0.23381761473778573,0.08375797756160863,0.10115024199216177,-0.019592006914837187,0.0,-0.0,0.4013147225338906,0.0437155886268819,0.056626430960373016,-0.0,-0.12244063526461169,-0.12495309946597405,-0.03297668609843091,-0.0,0.1945887765115136,-0.13676407923839465,0.010866012537294864,-0.0,0.04146532416878884,-0.0097340710595798,-0.012351357204460428,-0.010982361685836193,-0.05982760879699448,95
-0.26309396022504666,0.32087843453896553,0.2542922617454425,0.029677698266349407,-0.1445927312509457,0.17111140860910196,-0.1369506540856386,0.20099779190477224,0.011852479222462969,0.1738669546418655,0.1850663670746028,-0.041633841377773116,-0.019308441755707437,-0.014089017581669644,-0.009630371167366538,0.16257902490001389,0.048095518904745956,0.17639276126671335,-0.0,0.032797818687116884,-0.07814039172451426,-0.02953668324279174,0.0,0.07586620661550794,-0.22353424262265945,0.2751350766769849,0.2139992587430266,0.07252573608803915,-0.12624697680265737,0.15899682225870576,-0.11081513572512189,0.20622769343617603,0.02354160801639301,0.15608021019132787,0.176062609041775,-0.05140851487258224,-0.04061377274308623,-0.021494119996741935,-0.016128458478486766,0.1445255832722429,0.018323451872093974,0.17346349358493857,-0.020030718491995333,0.029212563825020334,-0.07114200874315281,-0.042526702142854166,0.023222003152853304,0.040949257115174886,-0.26091205091539715,0.31996747124328223,0.25269656500111354,0.030907382775445805,-0.1438405164120047,0.17048043202046434,-0.13543337314244974,0.20160476307689348,0.01220537095420832,0.17305521898091358,0.1846162974851655,-0.04192476143851893,-0.019996817252148885,-0.014212873759596909,-0.00980678126314854,0.16189857109598024,0.04649437358049968,0.1762777081942501,-0.0,0.03231907443359194,-0.07761845117716189,-0.029364028801452703,0.0,0.07466192218389472,96
-0.12298911725928999,0.34444738753202725,0.09112544550426417,0.13974082267853613,-0.06498064941036912,0.0519505577007887,-0.0,0.1945802982236886,0.022153025858095317,0.061952543593083886,0.0,-0.11348589260145692,-0.03516028060423994,-0.0,0.0,0.07394588219224843,-0.0744722630979812,0.07255043661859728,-0.07261516262786184,-0.0,-0.0,-0.10059284180510122,0.06887367095019516,0.0,-0.13620473025076507,0.27333917603521807,0.10718394331096001,0.1517496177206691,-0.07450412835504042,0.0706652366192163,-0.01112281526299369,0.17013841011649175,0.0510078169394491,0.08458313456561593,0.021507945282447725,-0.11746654941190052,-0.06110802883636667,-0.015541031870154895,0.02158607826778679,0.10494942643399713,-0.09590161927266766,0.06818126587961543,-0.10564823244381068,-0.016538456499957187,-0.008371650918981188,-0.11497538819899525,0.06955661491810246,0.019918639494004096,-0.11205868381913983,0.3231779934742813,0.1019643273925731,0.13149121002253905,-0.056632420123483726,0.049298075977904796,-0.0,0.19323418847541401,0.022777734146087435,0.05493466944063453,0.0,-0.11340077685012868,-0.02974614022919717,-0.0,0.0,0.08725295982336728,-0.07471670316412533,0.07797669793609835,-0.06881199264534882,-0.0,-0.0,-0.09802453355148193,0.06743493574299093,0.0,97
-0.025543434094373398,0.3987126568431184,0.12670214527607485,0.09661380807431628,-0.0,-0.0,-0.012176757643361723,0.26755970335758855,0.01740102168128246,0.12046956145629864,0.11192598895500566,-0.0536112792548983,-0.0,-0.0,-0.006381731733442315,0.13037624600765116,-0.058955804467567985,0.0,-0.004590024434378197,0.0,-0.0,0.01861648834717949,0.006902201528970427,-0.1281781010209146,-0.05178965364816405,0.28760671299123525,0.12407459293119112,0.11666392944518161,0.0027982761930940305,0.012792111027402261,-0.040043701180511704,0.24714708989027373,0.04007271953090544,0.138111110480505,0.13390391282611006,-0.06762956805703028,-0.013657591824520419,0.001994492274345155,-0.034556039037092805,0.17394654271656962,-0.08448739518962277,-0.004826537892968313,-0.08025013963708352,0.009485347896350194,-0.02901366305969222,0.014123622622012095,0.04534609992772635,-0.13540373340074804,-0.020530462249838753,0.3707893587169404,0.13137519167098144,0.10212182028995472,-0.0,-0.0,-0.012233183619389562,0.2620875722816309,0.020595771103243815,0.11229865210665774,0.11330844813149743,-0.055157323613418845,-0.0,-0.0,-0.005547961373339414,0.13610015579642712,-0.05632800347332509,-0.0,-0.01053998130404926,0.0,-0.0,0.007778402221642281,0.002797509094993664,-0.12293019726687539,98
0.0,0.21597299129367814,0.1703715478543589,0.14320652670447206,0.0,0.0,-0.0,0.00462916116618276,0.0,0.06355727616773657,0.036045804756260645,-0.1072528186299056,0.0,-0.0,0.0,0.28240426524182555,-0.16322497501612016,0.10247849581289258,-0.0,0.0,-0.00547924720113452,-0.0,0.016831216984900203,0.009250272223876982,-0.0020467332011852983,0.1635864234035366,0.1763116069776847,0.1690559073363452,0.04493463030701762,0.013280503236199032,-0.01322229099646984,0.03273750205431268,0.029170444448482317,0.12105159401590873,0.10177165632654471,-0.12865809722375415,0.030918539826799617,-0.01901041208719651,0.00012038143488149313,0.190921791191919,-0.1755308840768533,0.10261092659307917,-0.09070323936370914,0.01347298183787004,-0.039321505012550904,-0.012197365599679884,0.05300598679634175,0.035413478019163475,0.0,0.21664429363719523,0.1662341455856312,0.14060117375041883,0.0,0.0,-0.0,0.01219188001733298,0.0,0.07047771915460169,0.049262149749611545,-0.1062903481824895,0.0,-0.0,0.0,0.25337545841766346,-0.1565658874445568,0.10015487259988795,-0.007969403586800487,0.0,-0.0053483127291067125,-0.0,0.015172697765068018,0.007444857789281981,99
-0.24564671652189604,0.1809418450857993,0.006073079502284474,0.05701043682061855,-0.024941763152929092,0.08222262476354326,-0.04544378248923384,0.19540875674929803,0.06698490048364286,0.11035289533439747,0.07335261722074819,-0.06542368655768306,-0.1903106064920631,-0.002361022069333444,-0.0,0.25176675496638784,-0.1326947587746918,0.0,-0.03346862785021454,-0.0002653926209538661,-0.07846668667985902,-0.07567569930397172,0.09687648374813118,0.08998248024060022,-0.20642382327440212,0.16326968343787734,0.02756660249312179,0.07100069789315396,-0.019060896250651643,0.09115247859117533,-0.05943706807706475,0.1804019649594833,0.06423882437738854,0.09482024159855637,0.08442247230214599,-0.07554139605828541,-0.1710690194904995,-0.010628672129244992,-0.00390819941474501,0.2094476746560278,-0.14017769750253425,-0.003847147976920563,-0.06397713177900463,-0.004774867230378796,-0.07170284875956194,-0.0843351319743178,0.09172606787166705,0.09061857878055948,-0.23475650329217745,0.18018871485858262,0.010936991628200865,0.05537943032356091,-0.02026326057567783,0.08065646973336967,-0.04504041774803013,0.19669247634099313,0.06351642031406893,0.10292002262158965,0.07186328539354842,-0.06418096269558657,-0.1829829775402723,-0.0007689072190867118,-0.0,0.24065637665418976,-0.12981672009475417,0.0,-0.03646411866292126,-0.0,-0.07709363653654007,-0.07560143933883438,0.09430601859626303,0.08735405555555203,100
0.0,0.18893461443325316,0.38015045474427867,0.0,-0.0,0.0,0.0,0.1584132676175892,-0.0,0.04842649693244018,0.0,-0.0,-0.0,-0.0,0.0,0.16349281463624163,-0.0,0.0,-0.0,0.0,-0.0,-0.0,0.0944598198736396,0.0,-0.031645013119678635,0.16255003570665646,0.1982366204166052,0.09804667809271346,-0.05008695374896392,0.03632817876711787,0.013956190400143257,0.14261332631751034,-0.02230029142997687,0.11231371575342634,0.09115712040766946,-0.04952160986879282,-0.062332759214925,-0.001992086442725011,-0.0030639906910629993,0.13926714620247413,-0.06888410753266391,0.06299881167035766,-0.04089633683535652,0.04405764287108497,-0.04593449560334486,-0.02613872140348935,0.11460293158346017,0.053438840700645404,0.0,0.19207012017762004,0.35794059699157477,0.0015489884140726864,-0.0,0.0,0.0,0.16377671677061711,-0.0,0.05853134501314354,0.0,-0.0,-0.006930180668072503,-0.0,0.0,0.17006119999390124,-0.0,0.01065230439586616,-0.0,0.0,-0.0,-0.0,0.10736159032563541,0.0,101
-0.032208214907428645,0.20729230932410114,0.09075333313460394,0.13250240541495398,0.0,0.0026388608839393152,-0.0,0.138941221602452,0.0018632582503340823,0.1313715207988604,0.0,-0.07693805664934222,0.0,-0.0,0.015241733861992878,0.16896663424568123,-0.08025386844090622,0.10740032024697208,-0.055096466065129114,0.00011697342937455916,-0.0006859562507650164,-0.10436463150749324,-0.08829888689235714,-0.0,-0.05128696562102563,0.16720215903033173,0.1250331335805992,0.15204897941327572,0.012278764542410402,0.03544360935891024,-0.0343943962313957,0.14334452584621354,0.03842887313887046,0.13406518856051097,0.004947645062764632,-0.08336349800022955,0.03177346841109106,-0.007255131940892936,0.01239681335277105,0.13973804009163948,-0.08674962871063491,0.11313617796930386,-0.10550924532048928,0.01364492518473818,-0.03470964180816292,-0.10936998866295972,-0.08541102807524383,-0.011731042082460882,-0.031777796392984246,0.20161318680242638,0.0971395103663507,0.126714177488612,0.0,0.003746696397308067,-0.0,0.13650699381924217,0.003068264974080962,0.12621664910924502,0.0,-0.07721994289947226,0.0,-0.0,0.012962558828726359,0.16260857911342927,-0.07901870768592624,0.1083557201594617,-0.06352002716219715,0.0,-0.00148723573741225,-0.1028950977757942,-0.08359407228248694,-0.0,102
-0.2049679192531386,0.03352500615357887,0.11291992257108688,0.2238475350262574,0.05175003040043757,0.014118907557577986,-0.014264251386382027,0.07568675532025775,-0.011731848804855383,0.14450529979480398,0.1927021598066234,0.016140746119396206,-0.080529417557071,-0.1365685815086641,-0.060285027427299465,0.3436925563447597,-0.06137805964615981,0.06908016912880038,0.0,0.0643897204728681,0.04435396712295998,-0.09685210850929073,0.07614347480606048,0.06678421597717377,-0.2018855928258147,0.061698250674705545,0.11735698841701117,0.21975076505610985,0.061155192117267096,0.024533969433744356,-0.025625666662907675,0.07139994886191833,-0.029255622485662675,0.14664577000407925,0.18775073494053415,0.022401433280818703,-0.08426540456132577,-0.1477792961720424,-0.06869190056911449,0.3032022188601222,-0.07122829216225372,0.07223564119801104,-0.014449664854149693,0.0780836738716543,0.06179031380132439,-0.1007696046312384,0.07808674663304702,0.060871342891618614,-0.20143766922676437,0.040057033357715585,0.11351922979198771,0.22235453344202175,0.05164235362386667,0.015216785490829297,-0.015160513371034426,0.07640402664164846,-0.013684552041578228,0.14265151734346954,0.19219936557700876,0.01548266470365871,-0.08116972197740593,-0.13605228113823728,-0.060075024760527194,0.33411387834164924,-0.06308283451221477,0.06932959304375423,-0.0,0.0646824921860224,0.04479698708143512,-0.09689835510888954,0.07405519803247182,0.0654984563238762,103
-0.24042014667664888,0.4539890870066419,0.09451013022454649,0.1624173478125254,0.06060205261580636,0.012895816729317791,-0.061061217440269204,0.06933059952096463,0.0,0.13524792346853137,0.0029214383228050073,-0.0,-0.09258418238849332,-0.0071282549370056784,0.0,0.07082165283491473,-0.09205068646091921,0.18421785024455742,-0.04293135372665906,0.0,-0.060745874256804194,0.0,0.08073901443134765,0.0,-0.22288599970839737,0.34104484836955024,0.13107545755012223,0.1515726103996709,0.08668927129369276,0.03450045870890292,-0.07321837489316009,0.07885990654337798,0.041544856011718256,0.1542668887500622,0.019737621620495412,-0.008154597108533891,-0.10503052993386736,-0.024784659475484923,-0.009845049854757272,0.11667310357660765,-0.12378647623813822,0.17984223576203154,-0.07667658348751119,0.021388594343695364,-0.061911566587700854,0.009538310851539184,0.07990996078452242,0.0008360085985632295,-0.22734968063737612,0.42515690501240494,0.1105346782099111,0.15829822266074947,0.061770612587659104,0.00906930642107171,-0.054522450717473046,0.06897414159193337,0.0,0.12664585212611373,0.0035915626475425517,-0.0,-0.08643750964056855,-0.005597275718497703,0.0,0.08691947389399964,-0.09303108306523138,0.18134225038761773,-0.038382814675954786,0.0,-0.057911906807827734,0.0,0.07744777001548754,0.0,104
-0.09022992933296675,-0.006298328841966544,0.33370461811965024,0.0444423647600079,-0.015490319967135173,-0.10297428376021274,-0.07816138014067937,0.39106111312166975,0.03822459789200648,0.18378334611294275,0.12927985650340362,0.010802256063329376,0.1361505039973368,-0.07730417075735026,-0.07955489603627398,0.21722416819155105,-0.12918841639249282,0.07279927311086604,-0.09201413502640604,0.07603592773674046,0.030670131607166865,0.03683147220503986,0.011581478020236555,-0.07656179975870583,-0.09070913473719987,-0.014327009666727389,0.33747146763059727,0.04489659699657446,-0.015680854384907607,-0.10433033271317826,-0.07959959247958286,0.3938687097267933,0.041637320722915205,0.18515178267485782,0.13316183303735038,0.010982023556028472,0.14094435821408494,-0.08153597090482287,-0.0828808849313551,0.22338885111637447,-0.12993996607926758,0.0733694704432647,-0.09279482957959374,0.08168663966896798,0.03632295852631743,0.038876189084580216,0.012305120108640879,-0.07653175825752553,-0.09027030522558932,-0.005220962444003708,0.3324065930629329,0.04516005074810027,-0.01580962274588374,-0.10269763778493868,-0.07795746157745809,0.3899753489569215,0.03778017910251447,0.18369086293698794,0.1288970535153718,0.010976047528198694,0.13508834356239227,-0.07710892815254322,-0.0793165154776346,0.21627842112918663,-0.1291797902989992,0.07279551840964647,-0.092301872925574,0.07561763525589697,0.030297290163666554,0.036486897959680575,0.011567692785339968,-0.07647292197225358,105
0.02520579597895253,0.27529373219718106,0.28618771763408,0.24990949419679717,0.24793638502574372,0.018812384781699665,-0.09997590861078523,0.15960182186814437,0.05312039301499577,0.2313452528315926,-0.045985308862732846,-0.0851354028746687,0.12629832181822323,0.0,-0.013395844340400673,0.011989932874601827,0.0,0.02574504633079423,-0.05114008812140774,0.05733384442294209,0.0,0.02674468991625429,0.09892559284600154,-0.0943727253680192,0.032329339812871984,0.26697733855585254,0.28331325697053056,0.25005422848388165,0.24910653452181405,0.027866252165059415,-0.10962087871880152,0.1686374771808789,0.0643585327039234,0.22899350884080666,-0.05549430751460748,-0.08679743675440926,0.1329216513087742,-0.0017337621345841043,-0.020090799974712883,0.03235641611941349,-0.0008151681987085453,0.03306516317749494,-0.05157188646138128,0.06364061524530183,0.005543510506909787,0.03416730152404982,0.10784149809055245,-0.0980824758081511,0.02206463726554426,0.2743425619071343,0.2797585722915811,0.24460814053932498,0.2400808804812669,0.017899349971420137,-0.09655685756778251,0.15986637802370557,0.05206050851634177,0.22627632467956157,-0.040484323594210544,-0.0850109134732217,0.11822609029313631,0.0,-0.012512488326923666,0.014186450180089237,0.0,0.024839711251498333,-0.048228047937428443,0.056074574744588344,0.0,0.02283113613164017,0.09532032443260356,-0.09175356525706714,106
-0.07424579953509637,0.24576408217612522,0.20007055232093746,0.07379401229252361,-0.0,-0.0666509170146925,-0.020187585344679456,0.03816661232382753,0.002087467739007328,0.3060417983876609,0.17673162323686845,-0.07110225633194042,-0.0,-0.022669841894455766,-0.042917669024689714,0.27181765357888865,-0.07192859372294252,0.12276511990117502,0.09827715356011882,-0.0,-0.10867246394477217,0.0036374933557895652,0.04088700361807217,0.08319855919221018,-0.07953710888993269,0.24071379705597568,0.18653401929601324,0.09357786070794472,-0.01050916223665666,-0.07199714980112293,-0.025435298942821042,0.05817008346971949,0.019385569264155588,0.3206382083930314,0.19214191418206505,-0.08082916851376243,0.013385261077245055,-0.03498713418190475,-0.05188845618148232,0.31504396645623195,-0.07611890703139335,0.12193677767555736,0.1452587680175673,-0.001585437720217155,-0.1089261883953098,0.02097738657126809,0.0321983664807746,0.09572740238546422,-0.07357247634321268,0.24399453082539585,0.19490138778341434,0.07864281382347979,-0.0,-0.0675012787848128,-0.02099608347638717,0.04253959915942167,0.004911180572790192,0.3069318203175239,0.17832762045501568,-0.07217777500275036,-0.0,-0.025234075395205155,-0.04466552312281763,0.2753155927246374,-0.0729996379178571,0.1220398870204887,0.10328652964795841,-0.0,-0.1078334820641242,0.006592759395693525,0.04076625245218037,0.08488059208037763,107
-0.13308074238340314,0.2278323228802106,0.13549792984023426,0.20523076123708936,0.0838906612228799,0.11188301242616554,0.009896230132241566,0.061126562650367554,0.08515819453335906,0.27590907423531513,-0.06318000260219188,-0.057622029659328194,-0.13875583526175722,0.0,0.0,0.24309875268781944,-0.1076340939487839,0.26722608831240285,0.09655056906698554,0.03330596428351342,0.06260841639864173,-0.02444297876288303,0.11273881517361674,-0.04511753137727161,-0.12711149431525334,0.22910250522766323,0.14071835138410002,0.19744457066353363,0.08318000445380822,0.11386898715990927,0.016684926558608343,0.0706997730003959,0.09126242870934367,0.26480469403770796,-0.07066012020017139,-0.0594144496228324,-0.14314483060567726,0.00024240096586451002,-0.002124493500390748,0.2398349319382856,-0.10859247738278903,0.2645902280103772,0.09904266308993524,0.0407207763946446,0.06614804317079272,-0.033980568569796914,0.11552383584017081,-0.048902675838072195,-0.13151430279315496,0.22724279808377426,0.13554269209475667,0.20351182188207642,0.08200295479111988,0.11187105945560918,0.010594935445539534,0.06384053258921878,0.08538943854245613,0.27099241841520894,-0.06155546586840312,-0.057996993795522145,-0.13861049662848113,0.0,0.0,0.2396660296894593,-0.10669588890491963,0.26434227225088164,0.09348718913761933,0.03358317732284829,0.06202965698587447,-0.026045759466860174,0.11261472196401962,-0.04360407848291094,108
-0.09276001570746169,0.007303196618353559,0.18694779760454294,0.32161069966560574,0.036710417624177705,0.0,-0.005752507707216708,0.02973033993469382,0.024732362606576446,0.17091139897527993,0.1431946589000709,0.0,-0.04323042211192112,-0.016783577174725985,-0.0009843554031479902,0.0,0.0,0.09122474162801401,-0.20540191773270197,0.03909393459633104,-0.0,-0.07756588783223785,0.07303841487864839,-0.10631405809345391,-0.10635521900750532,0.03151110645320844,0.20142782932663392,0.27813519992510666,0.03540502574407982,0.003954274048730216,-0.03896936854161626,0.03953424601793904,0.028785228394086534,0.17680162673413366,0.1263466419653573,0.03595404564316459,-0.07335811014725636,-0.033450810356524634,-0.026988687201175473,0.03759344339504416,0.018492396563847827,0.10205207547172286,-0.17580312974100154,0.06077948736348809,0.008848327160601896,-0.07846674817214772,0.08256711167443294,-0.1146636935932416,-0.09154529087930953,0.013822144006682103,0.18476349835193573,0.3115101571217596,0.035927502741822305,0.0,-0.007181257513366617,0.0343761779654418,0.023290321851307333,0.1693311126044048,0.1420343801813701,0.0,-0.0489990750519495,-0.017567550111203402,-0.002344225516626717,0.0,0.0,0.09136626140959686,-0.19844388760998755,0.0400903624259171,-0.0,-0.07616630138622284,0.07035475175991522,-0.10582637884677004,109
-0.15114552561212496,0.21085961531735556,0.35820777403200255,0.12579587075798024,-0.0,0.0019101517898771753,0.07056427163274806,-0.036718768442924515,0.04526954180317114,0.14614357975525896,-0.04719129404282007,-0.08905780253168358,0.028243394036075873,-0.09179984973417868,-0.016275235319429364,0.23723416256542035,-0.090214553164732,0.22743356858911598,-0.07113886193555084,0.02691050731261475,0.0,-0.0006849894423118199,0.0,0.07010723044612088,-0.14773637220986716,0.2222376242387664,0.32935890628638487,0.15040499600691132,0.0017126388832012813,0.024416072151469022,0.09296049553317953,-0.07131001407718332,0.05338939707228441,0.14942185703728153,-0.0658218388273544,-0.09506032670827994,0.03622200631218296,-0.1290514491018026,-0.04240869794151433,0.224230380705424,-0.11394679152502599,0.23489155164767703,-0.10392140509561283,0.05012531874027413,0.02759800145512952,-0.006032484557405644,0.006056952200102372,0.07923923560979951,-0.14575456839979134,0.21019134376518034,0.3491119126589826,0.1299146799035393,-0.0,0.004328800975919597,0.07125706823335122,-0.03515150940490666,0.04624513676460065,0.14365610026327097,-0.04668751948618934,-0.09142358453793956,0.026189738586634453,-0.09141971719560675,-0.016934763967365242,0.23105397827205718,-0.09409478325566228,0.22689640232981048,-0.07501987752552147,0.02785776758973834,0.0,-0.0021990860249514925,0.0,0.0700235438869542,110
-0.0,0.3031910033874055,0.13287407418443722,0.11543124875427517,0.0,0.0,-0.0,0.11078645789079235,-0.03981196732987066,0.14675937620934387,0.0,-0.0,-0.0,-0.0,-0.0,0.13314798206817433,-0.08454733254732151,0.11651492410765849,0.0,0.0,0.0,-0.0,-0.0,-0.02580456565469271,-0.026295479323071313,0.268872328061507,0.14754541876365498,0.18682754922465575,0.07441096726597482,0.052671349106232314,-0.09178535693849818,0.14160025013393848,-0.12599091016533573,0.20726586692203228,0.023343480397002694,-0.07299157175503727,0.027056765233491147,-0.06048584266041738,-0.03629754455887332,0.15679496259430345,-0.11835577556310338,0.14498694382829025,0.0452494268745792,0.0411258715294497,0.06716697803605869,0.020651536984010517,-0.04778523842636173,-0.07196812374443655,-0.0,0.2824188609607191,0.13270319267846137,0.12577870338553573,0.0,0.0,-0.012956171696398176,0.11861117415488727,-0.040535436461052725,0.14613063989823943,0.0,-0.0,-0.0,-0.0,-0.0,0.13925770001805685,-0.0838211804863694,0.11773517402881241,0.0,0.0,0.0,-0.0,-0.0,-0.032913974414212,111
-0.06791839005180059,0.2800198769022186,0.1415392128656297,0.035913305727969816,-0.0,0.03291873881457395,-0.007602705541209636,0.12233380888811045,0.02819349280382442,0.15114991991202198,0.0,-0.08227807894269135,-0.14134475913077318,-0.04994058708983035,-0.031652774925206434,0.25405715122252703,-0.14813369116749522,0.0,0.0,-0.02163358763995952,-0.010287747058835388,-0.06796622896188284,0.053428950794913464,0.1319908740846604,-0.08312274211751941,0.2388035851634842,0.12244644456094511,0.05954237361151261,-0.023781653391468663,0.05677136494816464,-0.036396754479148384,0.1348028713109636,0.03575124788281507,0.15806573323919995,0.03785100995729543,-0.09054364341632937,-0.14909897814300796,-0.053236239447501374,-0.03767670362437844,0.24236994048883428,-0.1355873199899346,-0.004541424852074208,0.004192983302285627,-0.03490905044772142,-0.028620335267785423,-0.09611889667043648,0.05576989445848028,0.11884108167771675,-0.06363704248526733,0.273634811932469,0.14492281471878815,0.03819249290895954,-0.0,0.035073281290362746,-0.009400817049310133,0.1238087302002276,0.024389486794175252,0.14235648320943603,0.0,-0.0815366421208274,-0.13566373889813463,-0.04603368919366553,-0.02908974058221074,0.2479017435216614,-0.14050177440078707,0.0,0.0,-0.019419802091105946,-0.007084848273452946,-0.07078867424724304,0.05176357392766607,0.1270959044717597,112
-0.17003635591687205,0.3189133301971471,0.15262749690615077,0.01899197984981144,-0.0005619962874898317,0.010913630633573522,-0.0,0.24190314201436763,0.0,0.18159099847444393,0.11639619367371444,-0.1626142970725719,0.0,-0.06056882356766259,-0.0,0.0,-0.050346900557831635,0.06311212742515057,-0.12328864308927359,0.00012046166622073099,-0.016062686631575285,0.00339934433581553,-0.0,-0.07535824589813363,-0.1680357372661047,0.27986358839631464,0.14713438841198723,0.04610708654626969,-0.023336304899669393,0.048991653821005496,-0.027164325387508976,0.24438991610541197,0.03452717837222337,0.1953750360045856,0.13234565905568807,-0.1651586946392267,0.021980088481911058,-0.0685108733983214,-0.028514091405341606,0.042230807914101824,-0.07478707270138944,0.07494885655257635,-0.13314484319722444,0.0308479704397872,-0.02912268538841664,0.041202140057659056,-0.010363194896854801,-0.0752263675221945,-0.1662596679014374,0.3090594082833915,0.15045198135718385,0.026397080393803094,-0.005710881289888918,0.015240266004609076,-0.0,0.23772814264181918,0.0,0.18054847579552724,0.11866879516868867,-0.16149303915342977,0.0,-0.05945742398451351,-0.0,0.0032538292978091274,-0.05529482904992629,0.06443425218435775,-0.1271331491810783,0.003658223026209875,-0.01822639666943723,0.0049445186206052635,-0.0,-0.07586096500374545,113
-0.18036571381316438,0.24429626635933044,0.1932850811536816,0.0755963249284607,-0.0,0.07673093628722165,-0.04376600790541464,0.23397351097559257,-0.0,0.11726989594232183,-0.13120763733625582,-0.11252179505210179,-0.2550707123956509,-0.08597119679674067,-0.029413204931123697,0.15225576390235207,-0.03758636710055997,0.04358719473774622,-0.0,-0.0,-0.02505446809173213,-0.14377402528261998,0.0,-0.07677836820518759,-0.16899660611359316,0.20544392524402985,0.18819050342377724,0.11206211157673059,-0.003117243617542369,0.08509242244586605,-0.05186316175100795,0.2045364700988692,-0.015088507457269635,0.12637986118283628,-0.1016261194090151,-0.12114201276282466,-0.21851842578361275,-0.08786817935846894,-0.0484530855848028,0.14536136091459584,-0.06020705638296628,0.04970867258150983,-0.03519385040625951,0.002878681415427466,-0.04210457470766184,-0.14113001272077128,0.008412711879458296,-0.0755317911318029,-0.17528529784229885,0.23605649914876806,0.1938268325135325,0.07945060963058398,-0.0,0.07537555671543807,-0.04234135318676342,0.23152171297415644,-0.0,0.11672398924652587,-0.1223887925188534,-0.11247396760452437,-0.24776535976866185,-0.08487574986625586,-0.0307651942429564,0.15475482330367243,-0.04058751548795139,0.04295875536219728,-0.0007018968790773384,-0.0,-0.025550501361847312,-0.141394941213515,-0.0,-0.07424116435596032,114
-0.07864677877906781,0.32068913056417236,0.12999247583505866,-0.08158199141360173,0.028446520984220628,-0.018712136166797146,-0.07121995495542993,0.034209783574556896,-0.06655509688501075,0.2763569382502651,0.0974308632108472,-0.0009141582106109341,-0.23214307469337733,-0.09569259613278383,-0.09492527865193957,0.23377287970524518,0.03827660140467113,0.1740415737621401,0.1723584290772334,0.06970563870218273,0.057332074783284975,0.018427452020467333,0.034337854124058355,-0.007859432665662552,-0.06914471807420335,0.30636533648744607,0.13207114598709577,-0.07742382187885702,0.03044725092744314,-0.015412227124304342,-0.0693743905207412,0.043522534773232556,-0.07444107598981524,0.26278754563113615,0.10808900153210266,-0.008725032585268694,-0.21236361838032883,-0.09193630678389286,-0.09598662678934519,0.20946428320789662,0.04175158093026841,0.17612446879788815,0.15271853781085173,0.07052528431484509,0.056353897842793176,0.01382560480980094,0.041546108087936316,-0.01392203154093677,-0.07719564189920684,0.31863648048425197,0.12901724824168223,-0.07877162611098891,0.028349167853063875,-0.0173157662644602,-0.07075774576121825,0.03542176721752801,-0.06728222898839578,0.27504632270829127,0.099255701655199,-0.0018409344904247644,-0.22831079203201451,-0.09432056868690104,-0.09428834273049144,0.2281392855316635,0.03741890408349612,0.17390306232318442,0.1676781477596155,0.06909406790799796,0.05589746792119025,0.01746932386429929,0.03397293171867145,-0.007066052737510856,115
-0.0,0.19645621594334386,0.11700768166115333,0.0,0.0,0.04590514157419679,-0.0,0.08816307075793993,-0.0,0.004418227771104502,0.0,-0.0,-0.0,0.0,-0.015746430718659422,0.22630490717281565,-0.0995716189601067,0.16075926548432543,-0.0,-0.0,-0.0,-0.003002239179053837,0.0,-0.0,-0.03585793333588459,0.17133405603521598,0.09866251379508446,0.046452796634137025,0.03016578285744198,0.0841891487524393,-0.004918597822324192,0.09624111914263477,0.018713960869349684,0.07719868135106626,0.01183600955567186,-0.013507591995695218,-0.0494046888797973,0.013862678204494269,-0.05489795711299512,0.16905307422473745,-0.11540719954797989,0.13143902819835046,-0.02711186574489012,0.013006314618705907,-0.019857030840767956,-0.05678193069518824,0.03935427254251788,-0.031731609890142676,-0.0,0.19486742601364704,0.11385362832698463,0.00355331921116452,0.0,0.048974135705016034,-0.0,0.09212244676936102,-0.0,0.003259173920219953,0.0,-0.0,-0.0,0.0,-0.014363275438346704,0.2129895534533967,-0.09303407436664073,0.1540391764322637,-0.0,-0.0,0.0,-0.00769504367348544,0.0,-0.0,116
-0.16858157812843308,0.19422391622936078,-0.0,0.11981383887452408,-0.05762532283340215,0.008976220647823102,-0.03193731748450557,0.35168912321915297,0.046962836401255904,0.08769608136764834,0.013663708155645366,-0.15259269973455558,-0.020564071126038974,-0.007597151828697644,0.016711311751180603,0.31850102700151456,-0.0,0.05160836237874364,-0.0,0.0,-0.0,-0.12278516841517542,0.1342168829851293,-0.061101800519307255,-0.1502281438692376,0.18752189914902587,-0.005912776243578985,0.11708892846814803,-0.048072501492269396,0.0466218144801128,-0.04899911798676182,0.2960947263778101,0.06462828423018571,0.13041874184400898,0.052319649453854256,-0.15087831251763978,-0.056457554115892,-0.023288518056880928,0.02689253453875509,0.2484169795318613,-0.034435891625271164,0.0709839608955791,-0.05446579371608127,0.011228794592992156,-0.005411735137528495,-0.13209084845817934,0.11811743038808648,-0.061064810281194065,-0.1622004831138602,0.1995445542876113,0.0,0.11936108536031184,-0.05513740152015432,0.012641178908821488,-0.030840901108902117,0.3399859212520058,0.04226647235204538,0.09216350207878034,0.01704950012349548,-0.15162353937845904,-0.023765788201594678,-0.006265479415314082,0.014551669687396213,0.3056489814743391,-0.0,0.05315947236221765,-0.0,0.0,-0.0,-0.11861044529317684,0.13046976375744426,-0.056387393173217414,117
-0.12169828530967805,0.18179709797849156,0.05244432996996953,0.12470445896557444,0.0,-0.0,-0.0,0.28894891411005064,-0.0,0.2331326042965946,0.13031145184993914,-0.10397934372655399,-0.0,-0.0,0.0,0.2628945638028731,-0.10975863055582559,-0.0,-0.0,0.04969006024543702,-0.0,-0.0,-0.0,-0.006944648476141647,-0.13832221746771667,0.17733282786793886,0.09939885363567691,0.14915432117423363,0.01965956929664821,0.007097584360986952,-0.045193327902786976,0.2194843430267961,-0.04891986662492842,0.21887678242957936,0.14270069719370343,-0.11658253687494882,-0.005965944621603621,-0.03845884817370454,0.002530005944166953,0.20386856732600192,-0.1473948047247975,-0.010429630944606997,-0.07815220840492586,0.07573697476470527,0.02255252592044831,-0.018049668406299586,0.014045923417696659,-0.05650315270949386,-0.11894646227135455,0.18640114544467543,0.06487135209127454,0.12385578975203232,0.0,-0.0,-0.002433144972450288,0.27546393783263556,-0.0,0.22862757592771962,0.1307460364630691,-0.10330663500872607,-0.0,-0.0,0.0,0.2571553446842461,-0.11136623731016308,-0.0,-0.0,0.04918336746726294,-0.0,-0.0,-0.0,-0.01158802256284152,118
-0.0901334708395403,0.3955146095026936,-0.0,-0.010877860142759118,-0.06694152940524702,-0.0,-0.036395447740911,0.24828008361251813,-0.03170618200737399,0.0658492209022545,0.1358522276725411,-0.0,-0.07007128812194079,-0.012521820110568915,-0.016726707013603608,0.1683771779541007,-0.05936518220889914,0.13584479687557352,-0.0,-0.0,-0.002449729533427943,0.025488670024688045,0.06824448223917183,0.0,-0.09105636071381512,0.2974262812546053,0.045181394194475116,-0.004824960602603419,-0.05060649740953338,0.00014769878195535752,-0.04488732013953403,0.20625456059383632,-0.04384116580345177,0.09077491563894888,0.13094980790355729,-0.014337531833534948,-0.08884167229256133,-0.028069315892106237,-0.038431688659367316,0.15463188079392723,-0.06358248077685044,0.1384805698095197,-0.05361188258856922,-0.008257171317972831,-0.022246921527299384,0.01515986036712318,0.09314306972283005,-0.004731261297655294,-0.07400550550500505,0.3766697436977997,0.0,-0.0,-0.06453782501489123,-0.0,-0.030280172451118973,0.247099166111108,-0.034034377446843546,0.05810733997831869,0.1258496022899073,-0.0,-0.07722602091237865,-0.007875561260640498,-0.013939342208077658,0.158533743122115,-0.053632504892897635,0.13071302305073684,-0.0,-0.0,-0.0,0.014698059559470856,0.06513267805097825,0.0,119
-0.04256478778514527,0.28793752741660017,0.0,0.09920461685877448,0.0024148241570837534,-0.008369698343521999,-0.05144753215557939,0.07438567011329512,-0.1447189898607107,0.23946147759206646,-0.00751193530839802,-0.145302702212214,-0.09933589246707152,0.0,-0.0,0.0,-0.1839569208832528,0.14153319616042065,-0.029359432303391036,-0.001662386729158209,-0.09097343875609937,0.0,0.0,0.050451013188436276,-0.040717808152162395,0.24767822329222902,0.025044509026362544,0.12443189077443277,0.04551575436064258,-0.03340803802781963,-0.06680637150842168,0.059948504979173756,-0.16222468267771373,0.2831700438139537,-0.0391496946879378,-0.15001260256298646,-0.1098897299840276,0.009240412168595932,0.010716742348758874,-0.014184659372185302,-0.18384304633477475,0.13199173903524303,-0.07246746121044613,-0.02924643484865631,-0.11252482779679943,0.004290111748656038,0.006941767363999699,0.07140324831532253,-0.03550762496871227,0.27109958059947653,0.0,0.09972536689745869,0.007943538845952584,-0.007184189071845656,-0.04961139196506439,0.08070128332679563,-0.14194784333605254,0.22863470031017516,-0.01008675818039354,-0.14333946776462234,-0.09602164798649983,0.0,-0.0,0.0,-0.17971778812039427,0.1436629213184645,-0.0361841236702353,-0.0,-0.08667290258318207,0.0,0.0,0.05124905645509194,120
0.0,0.11479146637905044,0.34213783846241336,0.0,0.0,0.0,-0.0,0.10481826147295357,0.09423196637390839,0.15180672955702423,0.0,-0.024781431484183537,-0.04441815601356672,-0.0,-0.0,0.40266337140551905,-0.055241029324875936,0.022655942154047357,-0.0,0.0,-0.0,0.0,0.0,-0.0,0.07494332028044852,0.028029867185599827,0.41011429770184826,-0.08287348082980182,0.03334881638313836,-0.021734675080774847,-0.01143581863956877,0.16248083459580234,0.21678612692907026,0.2117906624885045,0.05195648216934257,-0.04506606862592231,-0.07670871050343891,-0.03947387091340634,-0.04018352777207587,0.5261488859102926,-0.10944070386921971,0.03955958780844283,0.05020520264701277,0.03661575525213654,0.042396005778005556,0.0914173436391949,0.015921385520165855,-0.05127965981790814,0.0024388779950956854,0.12698921110467826,0.320369865539244,0.0,0.0,0.0,-0.0,0.1154422740765581,0.10152565989142727,0.16011943768585873,0.0,-0.03612341824121196,-0.06321105014520553,-0.0,-0.0,0.38438600477705326,-0.06636593899063324,0.028369084069176508,-0.0023793770201183916,0.0,-0.0,0.0059146670594921215,0.0,-0.0,121
-0.24922641017794828,0.08545805837986307,0.18299377519383403,0.010083010286658261,-0.0,0.023528438974045822,-0.057256724284528764,0.24680662314743498,0.06285856876004618,0.17020667416219568,0.007043597926199009,-0.06539485119762214,-0.2628148138988782,-0.08496069856886011,-0.05972687862171401,0.33822676099138305,-0.03334067156983224,-0.03605168606082138,0.17416162068207086,0.026267821484452013,0.07127316690285729,-0.0438313570018482,0.0445042607652401,-0.010300737821149878,-0.27004615656350106,0.0888514553025159,0.18992296931501082,0.0076043602256176375,-0.0022374614911213546,0.03059388849265787,-0.05959717063197929,0.238379508641021,0.06719361403947002,0.18783373276864346,0.020853699241936394,-0.07510050244842749,-0.26678336135401876,-0.09987179229645322,-0.07422505814690673,0.3839891717791394,-0.03380993506872577,-0.04297157674516263,0.21096336594160073,0.03938608527748924,0.08570244919377698,-0.04807886232188929,0.06575742590756677,-0.01979229472846944,-0.24916560568397927,0.08968849638634097,0.18161905255775418,0.011656379132161127,-0.0,0.025754288160927265,-0.05787657090588219,0.24498726583186817,0.06194945010622448,0.1728410319175126,0.009762331308370767,-0.06663319601534654,-0.2626056175811709,-0.08814872437505401,-0.06264406466754036,0.3373272681586009,-0.03658314012835816,-0.03687421473337978,0.17556905508341697,0.02915385692087464,0.07404145886664963,-0.044958957398725886,0.04893318930666733,-0.013112819487559131,122
-0.016557506647682907,0.23266802740611744,0.16117082097427946,0.10711635557563436,0.0,-0.0,-0.0239231571254387,0.07403064204500495,0.04106916395037197,0.1542780087545699,0.06856908426128096,-0.055108635330962025,0.0,-0.030118503695746802,0.0,0.08979865077826582,-0.1172841705374398,0.15679810954599321,-0.130165639916486,0.004583652036564899,-0.014479471278912293,-0.0,0.03471910090377029,0.0,-0.05123359746068897,0.19644867675314825,0.14470196133945198,0.11166323172660206,-0.0021122568536191128,0.0036584128544416175,-0.05201692257049231,0.08802210410373738,0.05301835395852833,0.15486083649420426,0.09242431094120301,-0.0763396566423972,0.009960761129143618,-0.04441425840727317,0.00296939276279867,0.12588655077270994,-0.11347498281284576,0.1605294375452118,-0.13814678661723404,0.017784967561955734,-0.030398180958963485,-0.02646024799258541,0.06114997301280604,-0.011274891011763466,-0.018907949610333628,0.2229544872909761,0.15999314456689417,0.1068491162468776,0.0,-0.0,-0.02622424462384314,0.07873070178878974,0.04213749133349396,0.15123816281137092,0.07012857017861596,-0.05887654379128951,0.0,-0.030535751991529428,0.0,0.09775006695104421,-0.11391592996930425,0.15467576581371398,-0.1267309855945783,0.005695329752451903,-0.015117823057255373,-0.0,0.034903540362960915,0.0,123
-0.226134704388178,0.26869581033041606,0.05546511784120436,0.051422074330409184,-0.11461164023360738,0.0,-0.0,0.2678695673941988,-0.03650057343391241,0.1426513649190992,0.16078335597258325,0.0,-0.07919235420876654,-0.05643350080444394,-0.0,0.0815310342124916,-0.05653125431236581,0.06843866718478793,-0.0,0.008911875788894835,-0.008267250082350398,-0.06726531135404058,0.0,0.036288799300008966,-0.21084892743681055,0.22848484694000165,0.0792466894920659,0.06637646215736277,-0.10828780467120386,0.02918295542358032,-0.03473402426847536,0.22052693671070805,-0.05310942801992619,0.1561867108406949,0.1624474498713608,0.0019618457716133225,-0.0993577836969572,-0.06687110891005947,-0.032265348256524794,0.10819789297461775,-0.07419076051146073,0.08304747731382917,-0.008432643805643765,0.04792117197361155,-0.016701172891546556,-0.0908524137183326,0.03498941992027811,0.039273692180898045,-0.21733352649632098,0.25159365702232195,0.06323831009350683,0.05257264664151396,-0.10990214233365543,0.0,-0.0,0.26395962155853375,-0.03355347436618275,0.138113174968081,0.16051972010202395,0.0,-0.07740596593549018,-0.05228480961494628,-0.0,0.08971002228158728,-0.05609445419614215,0.07006643462979414,-0.0,0.009032372392204115,-0.011129099642010002,-0.06878851649273007,0.0,0.035845922975519716,124
-0.0,0.39358094564873075,0.06687135407121925,0.12715810367447974,0.02532583365851275,0.051706182747385226,0.0,0.1575135835066568,0.01933844746086815,0.16294204703174323,0.0,-0.03941082043031426,-0.02057612662264456,-0.0,0.0,0.03553390658519744,-0.12765243826050626,0.0860592874397427,-0.07344811205234532,0.03604772225746113,-0.0,0.0,-0.0,-0.006961574464226459,-0.031598165089306164,0.26907349340207626,0.10205547758632202,0.11452553427426179,0.04273397293722792,0.05784294555441278,0.0004343737570745231,0.14305280009729562,0.04640061665420249,0.18660797969558499,0.018895750575849475,-0.0532476765938369,-0.042600245726895115,-0.030880004010109798,-0.005263817407255033,0.10423470883008362,-0.12185143372550229,0.0955402449602315,-0.0732529060223632,0.05156808419220437,0.0005695587848833954,-0.006128202220122342,0.0016443497930893882,-0.0077310907997251545,-0.0,0.3695166893323502,0.08369411114524919,0.11984041890238295,0.02015628505688484,0.046856846196620804,0.0,0.15464231167232895,0.01457938572147692,0.14953382701723383,0.0,-0.04376554009884526,-0.010531583618095516,-0.0,0.0,0.06234227050231013,-0.11104519195737825,0.08600583481318799,-0.06790746273878892,0.03119487631027772,-0.0,0.0,-0.0,-0.0025218891139398418,125
-0.00952349870704806,0.32971793851217146,0.2844258805224982,0.03923916249491524,-0.03340598184151459,0.0,-0.014623776520223654,0.15618746926076324,0.017719754659226192,0.06394076849082514,0.0,-0.048986657222519506,-0.06293714275750292,-0.0,-0.008843406560790903,0.0373202010916297,-0.02220054386874117,0.12481680236508808,-0.05003112670664077,0.0,-0.005479667956088655,-0.10393875827925174,0.017554523728780337,-0.0,-0.044113278816768416,0.2417949426407839,0.2080959908213541,0.10147372005615671,-0.04503661994676423,0.02333479301176745,-0.03773755794169936,0.16070592827444297,0.04895740601154346,0.1029587537321455,0.03469405091359632,-0.06439468749768255,-0.0774072635860683,-0.01210491310609823,-0.035778609769837315,0.08248234630829876,-0.04993807350017611,0.10737029450419086,-0.07116438608650198,0.009471577645656322,-0.027501867351668235,-0.12776122098687065,0.05023067011293535,-0.01404019181057737,-0.009382099231543616,0.3094571833758206,0.27616723681207056,0.05051146530435671,-0.02897133957968793,0.0,-0.013256506825952929,0.15445438399102995,0.01866154243975516,0.06678215721219245,0.0,-0.05170766854315878,-0.06173130196560481,-0.0,-0.007485043439415311,0.0497579381657126,-0.023943661865714044,0.11949831118132062,-0.04762372822610035,0.0,-0.0004491046375377243,-0.1057639614200944,0.015455693598068265,-0.0,126
0.0,0.16755021776099238,0.15552923361790957,0.1621045044647769,0.09936782857710841,0.02087752114221817,-0.14067719372863752,0.22513538786325302,0.1368362351959392,0.18393638759912473,-0.0,-0.019414621808195153,-0.020416997891181458,0.0,-0.0,0.15691709967152143,-0.07637140302354298,0.17280821916399608,-0.0,-0.03427282924357507,0.00823480419121879,-0.04457875802623942,-0.05518698311854457,0.0,0.009172802022848465,0.17852082387753065,0.13571169960012974,0.16066343579567263,0.10651231388909978,0.04855015782638881,-0.15427165296014708,0.21414562077400207,0.15328141104926243,0.20288423736713068,-0.015079522296071216,-0.0321582419093763,-0.06142876113598113,0.0024879695486082092,0.005847944165174383,0.15538422836659968,-0.09404932565883417,0.16051628605882215,0.010084954649558787,-0.050613311673073494,0.023896933175854545,-0.044575361798298394,-0.08601182500902047,0.02387779237746531,0.0,0.16815864543509693,0.15358045832315073,0.15848214663127042,0.09776122541747785,0.02118929654286153,-0.13691437850754623,0.21994398208534416,0.13611148732870942,0.18302227957472375,-0.0,-0.020641430605972757,-0.027640004775393367,0.0,-0.0,0.15629235050359072,-0.07803451386174629,0.1720644647064704,-0.0,-0.03589480174343234,0.009313066094953042,-0.045784532030462066,-0.05440045158585275,0.0,127
-0.11070809370124382,0.483996187375874,0.2168779482942654,0.05565913558740722,-0.01262814218218155,-0.0,-0.017025989339126853,0.2022080361293829,0.0,0.16679103997790298,-0.05971820617513412,-0.03519963129565033,0.0,-0.05028227626435488,-0.040119382532552775,0.11610193858014911,-0.0,0.02880038214147701,-0.0,0.04975003828007584,-0.020611388011935673,-0.0,0.05224062445770966,-0.0,-0.10915582797873655,0.32668083854110974,0.1966728832183761,0.10691435075415788,-0.01565528830769372,0.003065718553424321,-0.03389900698388185,0.19440965519512352,0.04242276684505847,0.17319671963695082,-0.05245760957879919,-0.04653261136478097,-0.02327576478180344,-0.06155238451821813,-0.05767876853254387,0.1608861083494097,-0.022395075962596527,0.05072878364082119,-0.04367078069360731,0.060695404253310055,-0.03875609951073015,-0.039292977080634305,0.06782480038027054,-0.021253952082816843,-0.09833616632459094,0.46371555573073336,0.21594417643275662,0.059791587933477906,-0.010561987501727793,-0.0,-0.012413678632509867,0.2058204330930638,0.0,0.16029540786728816,-0.04464217610049591,-0.040004856068271796,-0.0,-0.04215949024582889,-0.03429561046380123,0.11042781724472407,-0.0,0.03026988904270521,-0.0,0.04165172976456122,-0.017445272263352362,-0.0,0.051446012664713,-0.0,128
-0.16808843885914318,0.23504160767536622,0.13082032437571592,0.07402221081606536,-0.05440977747248382,0.051131842242396364,-0.03334089978655523,0.16082449234463458,0.08457321562331076,0.19499305351672938,0.0871409104627028,-0.026570102092405897,-0.08473692478942116,-0.07182166957141163,-0.07265477771672903,0.08911365436106782,-0.21544563602577785,0.029604121244834986,-0.16805495599707726,0.04768503355579967,-0.041786473720225606,-0.0865688369792131,-0.01303929592971764,0.1511235183483965,-0.15672911761965416,0.22415638559266074,0.13380222766980818,0.07833414393829512,-0.053172515791804,0.048415081200647324,-0.031805310263110675,0.16187665705234344,0.07998036338999681,0.18630969087091206,0.0834540672367865,-0.03675689528745381,-0.08407091700346674,-0.0683767313222891,-0.07217802234619533,0.09628860387211079,-0.20550508494060243,0.029573926792754127,-0.15350419542788493,0.04626052222604151,-0.040648755187485404,-0.08885249033966383,-0.013627910149109104,0.14570048772062263,-0.16654685967453445,0.23525889135546763,0.1312442135830004,0.0739187926197024,-0.05377662388313156,0.05062363899951261,-0.03253906365445541,0.1607926836326235,0.08351220511356801,0.19405576138802355,0.08621570644026325,-0.027692836346483254,-0.08480966499332046,-0.0711461489708159,-0.07213680374835708,0.08866045548093344,-0.21471217179381197,0.029364432413584742,-0.16685616952713628,0.04714113490521873,-0.041531262262802474,-0.08684755106325034,-0.011997335863140423,0.14969797820342126,129
-0.09696932088018205,0.42412631923396926,0.14317930631226364,0.15880226937184183,0.10080271159219804,0.10201403824794791,-0.04079070538526671,0.052737939913906254,-0.030030723740539292,0.07138176265745606,-0.05911263135259804,0.032324486486373635,0.0,-0.020281998308902573,-0.07777927532834833,0.33412934424584945,-0.14293567297789272,0.19488711256199537,0.10695842746010703,0.03146881194215906,-0.021995581118227827,-0.0,0.14989959858290466,0.045667279641184694,-0.09604126121853984,0.40368726282338757,0.14368565195655583,0.15739181981262032,0.10234234720777102,0.10504649148807685,-0.044408294986935444,0.06194935589098812,-0.025301632354233248,0.07682282961427073,-0.055547121510097344,0.026061672951789162,-0.009970090036668393,-0.019556394477043965,-0.0742804036561582,0.3121230487594791,-0.13908954109100116,0.1926618226755422,0.08885308918651962,0.030101972697392378,-0.015720697141777557,-0.006221600515914103,0.14274030835560045,0.044333366391537156,-0.09632411875738751,0.4236040147158552,0.14350623692707162,0.15777609488533723,0.0999519998982097,0.10206003617036002,-0.04001921394720241,0.055274387625855154,-0.028537531679166787,0.0704601075504489,-0.05759657709592666,0.03144522935735337,0.0,-0.019164176869113727,-0.07579719615912243,0.3293717360908097,-0.1421196236927027,0.19381741384937573,0.10275531860694861,0.029991193786719644,-0.020974201554471855,-0.0,0.15067187467517618,0.04431670253008138,130
-0.17289986490492762,0.21361026166245273,0.131442862538588,0.020211280412488777,0.0675159686556997,0.08080598061694602,-0.11040584567852056,0.05771108381775009,-0.07936431445829403,0.13753268015917103,0.03142175440456769,-0.05286212956172885,-0.24990373472275576,-0.011589212162818286,-0.011727522316977428,0.23732241924180258,0.0,0.18452142552119147,0.005005867848565654,-0.0,0.0,-0.13358247727183972,-0.03401989213225384,0.14950846028564999,-0.1854614767177329,0.2048038411217912,0.1265314973322985,0.04027919979645638,0.07299400352973613,0.09718875897395034,-0.12917410729176254,0.06747568983092513,-0.09034192606716582,0.15940795303533276,0.04323752375157836,-0.06805189840720809,-0.24030182743899553,-0.03127101937071538,-0.025741928884764485,0.23049129438977653,0.01125666536385257,0.19888139686250253,0.04074048823105861,0.004276270543913465,0.02404924067216456,-0.1346496674295777,-0.08265210211058685,0.17465896153940236,-0.17085355217418238,0.21334392274943212,0.13134021412773186,0.0230073358399282,0.06776202261348578,0.08173721970837072,-0.10971161441994716,0.05975358112322378,-0.07897654113267782,0.13652118632503107,0.03306202212520767,-0.054966661410874806,-0.24571123671404602,-0.011713004962405123,-0.012042866496774031,0.2325928345836504,0.0,0.18391870708083127,0.0042697770608824065,0.0,0.0,-0.13222850467068772,-0.034568547302037934,0.14911519631749262,131
-0.22117293752218464,0.01172358191435399,0.08982943840181716,0.17944531209596432,-0.006039740260501872,-0.0,-0.021512811548973287,0.07744126360833253,0.08225743875366895,0.32676534972396093,0.14716389355926432,-0.0,-0.0,0.0,-0.0,0.1580510827980527,-0.08492482847624491,0.11622597536769015,-0.06873263642312177,0.0,0.0,-0.01609400851241476,0.01963046276646447,0.07876204429339058,-0.23217011017702333,0.030908671834378808,0.10022976582864619,0.158667644457664,-0.04148331040249588,0.009869216997053403,-0.05174068924674007,0.08406164222743547,0.12538166458092714,0.32778546017265997,0.17261051234395408,0.023293402944794334,-0.013287792700336275,-0.005190955990623162,-0.017251215380605773,0.1421477978360675,-0.08460160493342407,0.11705958750333105,-0.12053649469238613,0.051183392308412075,0.03575275676156494,-0.04466262578464459,0.03845082363221154,0.08910831627406372,-0.21770670066228842,0.019159209816393824,0.09269545864413684,0.1732405637624536,-0.013342494817746483,-0.0,-0.024943491821669033,0.0783042364785557,0.08802675320084022,0.3165106639900328,0.1501707680293081,-0.0,-0.0,0.0,-0.0,0.15058524119709774,-0.08389721685767854,0.11729222454026575,-0.08004799524796787,0.0,0.0,-0.023552281785842375,0.025964943041497074,0.07851276952532002,132
-0.20013833181811214,0.4413459190855449,0.11224783837534077,0.02444003203418065,-0.053619795451341955,0.0361757012189564,0.09205773391343464,0.07105062769069466,0.15706699003833136,0.27897311167279476,-0.051198280951956304,-0.10723527037410008,-0.18884004385950814,-0.04677599638114167,-0.04836580562666557,0.30346997499108813,-0.06099992539804538,0.024230942897764344,0.15217616122944425,0.050480632228477866,-0.01459695836239257,-0.06230114110318505,0.018541546136110088,0.024106004569347618,-0.18498571339906092,0.41558629192259244,0.11453709997706867,0.037550152161979385,-0.05250720118682375,0.03680280644860705,0.07452239719072809,0.08063154685632758,0.1486363080345765,0.26263710578857136,-0.03391405240353797,-0.10510894662742655,-0.1729112003127387,-0.04283346132258883,-0.04079022480446585,0.26802104903820656,-0.06930226041376411,0.022769460400630485,0.10978876564405415,0.04529065048140022,-0.01580954383086687,-0.058126463129442196,0.008368301742771606,0.028666481406766628,-0.19969670802055622,0.4406545482029469,0.11227731953693257,0.02483087543443747,-0.05356235664017447,0.0361942629332973,0.09144366884972112,0.07133748302808379,0.15677232392406543,0.2785559485231602,-0.050547355919097585,-0.10713602272346705,-0.1883329091424433,-0.046616885140244924,-0.04806795912602781,0.30209161534774803,-0.06128185239387897,0.02410169053740828,0.150654240208497,0.05025670856860897,-0.014632832888826091,-0.06208032011904622,0.01816125465158948,0.02428536796643999,133
-0.137635549342857,0.2615036316715848,0.1913059415726506,0.06215584558655495,0.06167801385196581,0.022876346061110976,-0.0,0.12434726358497421,0.06519833114267111,0.34926644144134433,0.17122441789724907,-0.04974767234828843,-0.10445852373075308,-0.07270975849828563,-0.02406723839435893,-0.0,-0.040293712830099165,0.20230464663633024,-0.001484812868137206,0.07098897615585821,0.0,0.028830698114533024,-0.11078536603329947,0.0,-0.1524730414500607,0.2804139438637821,0.1743455876673708,0.09198069753201922,0.06829261461642618,0.049452133379165056,-0.013756832838853303,0.12405211974001872,0.08268404133905882,0.3703059665823957,0.16931011084293215,-0.04376271641166803,-0.10531133408091774,-0.10284266159646219,-0.04496758731405697,-0.042844366789172784,-0.05964235877125328,0.21024759747456534,-0.02406839728867022,0.08809527232802694,0.027522663922687145,0.05149283274117809,-0.13336831328839857,0.02209502440414352,-0.1354899377954348,0.2575544350125937,0.19025925199034877,0.06581921892416127,0.061503462227758106,0.02349422779600743,-0.0,0.12475340865821104,0.06502668450325107,0.3456956804072301,0.17043500855676522,-0.04976497207727561,-0.10177655507594267,-0.07459357482202855,-0.025572452930593074,-0.0,-0.042719123344024924,0.20237743125689545,-0.0031802798247625073,0.0713759477795305,0.0,0.027775232651549353,-0.1102889945216109,0.0,134
0.0,0.31290257163839796,0.151361645139909,0.14039994885195997,-0.038224404898056,0.014000240276497876,-0.0,0.15046391000682482,0.02077040275485729,0.10727146994678143,-0.06054084091006824,-0.03375829634834325,-0.0,-0.0,0.0,0.3230748809384038,-0.059662718646798826,0.0397367921818064,-0.0,0.02669157095874748,-0.031131801115932105,-0.0,0.08829784443061103,0.0,0.025019138411268935,0.27407157746390304,0.14302153437387408,0.1533048252043193,-0.030488148985353153,0.0503264066010386,-0.009119374841510838,0.1505462904284333,0.047553513014879714,0.11349067522358267,-0.07919809437107525,-0.07165197052191433,-0.03823891268608967,-0.01545760932636722,-0.007482591171877418,0.27422356662169567,-0.0947722891162682,0.06309875440746689,-0.028538335910265642,0.0498351581254513,-0.045161181444012585,-0.03316122841763176,0.08819511837778027,0.016577825944518287,0.0,0.30610597418152824,0.1487742028817115,0.13977514341647101,-0.0367979381685826,0.01788019532523367,-0.0,0.15310061512259632,0.02095504585746905,0.10814142746995639,-0.050574136816679854,-0.036788288710673044,-0.0,-0.0,0.0,0.3110829169881166,-0.05921741203813959,0.03857557654957654,-0.0,0.025940307854411936,-0.031196703267922062,-0.0,0.08568181907057996,0.0,135
-0.0,0.2800112266926318,0.2055862821792917,0.010470602605577013,-0.0,0.06097520143132998,-0.013386244860656678,0.0,0.02668683867914733,0.20225171711924117,0.07084920112874638,-0.11346555107804156,0.0,-0.0027341085124508494,0.0,0.2587185887065211,-0.14368672981607783,-0.0,-0.0,-0.0,-0.0,-0.01788545045121336,0.1022387227168468,0.06861817684676513,-0.02950333744547797,0.22298484083770226,0.16443306218489107,0.07490520962687824,-0.024084397132830577,0.09417586944506424,-0.061438226176976515,0.012250161189357301,0.046781841896543885,0.22176755467734116,0.10118171682565283,-0.12553898172287944,-0.00467800923248784,-0.013928897654532332,0.015641510130057563,0.2284028696363927,-0.16514704309048622,-0.04915420855136552,-0.05681226592416225,-0.0333862889295999,-0.04467242670918417,-0.06441616865564828,0.09982134409448684,0.09751378073409248,-0.0,0.2659470137178556,0.19528173827317494,0.022792174274417414,-0.0,0.06661389209360434,-0.01658930762107162,0.0,0.027659091274394518,0.19998245401389336,0.07691913194830327,-0.11893879624425793,0.0,-0.004231406469288311,0.0,0.2541162053494998,-0.14274266657431942,-0.0,-0.0,-0.0,-0.0008035157963164291,-0.022093931394458297,0.09736255214157281,0.06921340015264271,136
-0.02479096139625524,0.32053047938158125,0.17239155717626795,0.0,0.0286368755276636,0.01630643447357444,-0.0,0.07426248501143105,0.06972821593960254,0.14507584344368898,-0.0,-0.055508986630948436,-0.0,-0.0,-0.0,0.19756080975166007,-0.1333248593001202,-0.05962135417185209,-0.0,-0.0,-0.0,-0.0256020880369346,0.0,0.06328420963419118,-0.05831140812497369,0.22700898995965582,0.15540940407851656,0.051189200818676936,0.06747470129429337,0.04235488090473571,-0.05628139034224445,0.08898161900862568,0.10382682963412783,0.19326350548877716,-0.016770368482064094,-0.07448124345499686,-0.02840905376161582,-0.03581222090143034,-0.006750535046998838,0.19987353840952005,-0.13680018098208016,-0.06784326889937456,-0.03731892728071977,-0.00330648993072925,-0.011399674951631375,-0.059211728098910815,-0.020381986217787983,0.09500789600375213,-0.021703633890075995,0.3044685280167722,0.17362462392599853,0.0,0.0294836250172824,0.01503167660380194,-0.0,0.07851460557437752,0.0675166784768248,0.14002527155179795,-0.0,-0.059095500083471544,-0.0,-0.0,-0.0,0.196732374087724,-0.12710138582580685,-0.055617272557801446,-0.0,-0.0,-0.0,-0.03228432248840599,0.0,0.06198991964481199,137
0.0,0.22156677448683368,0.13493724289567033,0.15838101258540271,0.0,0.0,-0.0,0.21972900808802284,0.0843554080889167,0.10585677298592679,0.006558230337152189,-0.1376702214782777,-0.0695903371818571,-0.0030800186952734663,0.0,0.04931826761596163,-0.08329276234959955,0.18920831329635215,-0.0,-0.0,-0.06447738521625984,-0.0,0.0,0.0,-0.002040444313875277,0.1490863822547841,0.15346853350333875,0.14642245952246652,0.07249482965007745,0.051565384169429775,-0.061494700668567104,0.1658223584867879,0.10575952961139277,0.1735009122085256,0.038196982343463574,-0.14463564216044086,-0.10538759571898498,-0.029363178912699198,0.003416357010897034,0.10785591649971529,-0.15261955052187617,0.15690115846367353,-0.03717794563595514,-0.011495147689270332,-0.08517422826449347,-0.014126662052336647,0.014756021949087655,0.05020316611740979,0.0,0.2044777578161144,0.13744412908595355,0.15682528905374932,0.0,0.0,-0.000686551049715156,0.21189926253688673,0.08440186549338889,0.10810014669450008,0.012789299469278615,-0.1346051382365608,-0.07391837698902613,-0.005365858891626419,0.0,0.06591130951465421,-0.08990733711402848,0.18469842801806027,-0.0,-0.0,-0.06353558519233772,-0.0,0.0,0.001919335403265271,138
-0.06780270035298008,0.36856049696797905,0.2888003029481038,0.0005648541854576482,-0.004896383101984567,0.047648322336303686,0.03002698013880903,0.19202307037163777,0.0703139581198684,0.2098476176878264,-0.17602841895448365,-0.00935549282860476,-0.09792600347155064,-0.05882138828687716,-0.040890880241428985,0.17498797856318096,-0.04629876152619008,0.0955476750347467,-0.036719723073174525,0.0017042169101244512,0.026240829767966174,-0.025494677530566827,0.10651039432051149,-0.0,-0.07347329227325952,0.32770572566199524,0.2293016465605778,0.03732290591683844,-0.020010982138440367,0.05390306472817109,0.040740038103085435,0.19689571412572143,0.07003011337076202,0.19154565712251373,-0.15203421496613548,-0.024210799488182968,-0.09817300012744466,-0.07645118379128749,-0.06029296358836755,0.1604996273045706,-0.06294065131638787,0.09421381862877849,-0.0698383498055816,0.01815917308419639,0.0442330025753644,-0.04138560297350738,0.1053749376846258,0.0022055860921111154,-0.07212229318654607,0.36913908904927395,0.27883438034844116,0.007381659066341719,-0.009205631266276722,0.04956930436249628,0.0343488743697331,0.1903212492278458,0.07277543903368672,0.21155135890983387,-0.1783503752292776,-0.009785305813570266,-0.10148554020669,-0.06840311517434979,-0.04877736924898396,0.1731223732161515,-0.050486877374414874,0.09815495031173986,-0.04210681586640661,0.008572378079562435,0.03360227001394114,-0.028177438276670023,0.10980107945271823,0.0,139
-0.08521407447662335,0.19481551116021134,0.17867223768570675,0.049232105365684974,-0.057188285938565724,0.020202322324122078,-0.03771764203115617,0.21318041387365835,0.06718239885658311,0.17679904092050064,-0.021318205603973742,-0.0,-0.14378164214010367,-0.0020217305236311083,-0.054992422625255756,0.1525004343881255,-0.036310135482851384,0.06324274247340392,-0.0,-0.0,-0.029489229026508412,-0.10388116240983214,0.020466178261254558,0.0,-0.09145606971418378,0.17567533868234286,0.1545042937478167,0.07993081899922375,-0.06375385438750768,0.0457649121472315,-0.04848515332963875,0.1851322101095495,0.06368764613448205,0.16192162959389894,-0.028411927685744222,-0.006202992235901278,-0.14402721064972993,-0.022008380125558804,-0.06323394956659756,0.13944176224723587,-0.05584519588901961,0.06680059582923371,-0.04010288608698758,-0.02058750794763981,-0.05228393831869248,-0.11542903674503606,0.03546520586912539,-0.0006673749450145343,-0.0831397636122986,0.19083041910223436,0.1775482742940847,0.05222126780354964,-0.057325715989085466,0.019675511537113596,-0.03607102117461815,0.2120903615690933,0.06507434944341436,0.17244418320692292,-0.021890878224945894,-0.0,-0.14202779793370174,-0.0020971020263690107,-0.05441676910583684,0.15295761578542968,-0.03621612004279697,0.0624382562784736,-0.0,-0.0,-0.028550758301650738,-0.10452403505596322,0.019959438736988175,0.0,140
-0.106056021440934,0.42170048706928953,0.06440009973071159,0.0,0.0,0.0,-0.002199688674081454,0.1380368549935995,-0.002466295403979946,0.23667651592200553,-0.0,-0.0,-0.1059848702616447,-0.013901263033438206,0.03430725977520656,0.03660107803264336,-0.06108814818438821,0.20179443664075083,0.005797855143815858,0.012743394832881448,-0.0,-0.0,0.02050452049509366,0.036310782387537835,-0.1381787514332898,0.36012889676351767,0.12574549477234948,0.05956613649962799,0.05936374517583762,0.034187149214316696,-0.031229909975056775,0.12192556540605745,-0.030868914909463255,0.24632612772613738,-0.017166494032723904,-0.01941194854447084,-0.07556718619535757,-0.03895907536073558,0.02938981624700442,0.15294096518710124,-0.06224230043251969,0.18914682746003578,0.13560856746782635,0.029421772667534585,0.01804586903148072,-0.057239412076879326,0.03494846036736941,0.06262448774765433,-0.10539718201369185,0.39405853677176106,0.07933806743353974,0.01186136744238565,0.012039731074755743,0.0,-0.006738551224058935,0.1332875585643547,-0.004511549132859989,0.23682873215137423,-0.0,-0.0009370176905543683,-0.09803229783735949,-0.015345879496493261,0.03269801526390271,0.06346929217260038,-0.06300615807173965,0.19781386248934815,0.019943409289994527,0.014619000961383138,-0.0,-0.006578594285769862,0.022217502331640077,0.04148960961337856,141
-0.006494234815913845,0.32457417648961856,0.2533249510819257,0.0,-0.0,0.11869716407665994,-0.032485430659910663,3.950891002004808e-05,0.0,0.0,-0.0,-0.10964266660760935,-0.04588914313209003,-0.0,-0.0,0.2877650244709157,-0.0,0.193279346725826,-0.0,-0.0,-0.029783700577764406,-0.025360196225790718,0.08273590881217614,0.12841355985920588,-0.06663111338959553,0.25772617534777675,0.18640092160792576,0.04436106089502203,0.0036125188152089116,0.12658488716145455,-0.06291188201106078,0.0524571297486764,0.03581745565826608,0.021721007811792002,0.003670594755050999,-0.11745267280134711,-0.08688984519436142,0.0031016765395223294,0.005729825357389257,0.2570530418861985,-0.011832207622059212,0.19008824376499128,-0.05083628444020577,-0.005342609875605922,-0.07015366579460713,-0.04919115561384335,0.06779302127724418,0.12277638414055686,-0.019361625128413926,0.31138183558546534,0.2406423920476242,0.0,0.0,0.12048268190689228,-0.04052550402300452,0.011166189769207996,0.0031823094070435667,0.0,-0.0,-0.11361905806065299,-0.05719359831079616,-0.0,-0.0,0.2956189199913651,-0.0,0.19260804804776122,-0.0,-0.0,-0.038793902963220446,-0.03374610913661099,0.08312861722861392,0.12931717555697506,142
-0.18587404487698986,0.30160887694633365,0.08963894879204029,0.13030020278852686,0.05324480981944878,0.12222844455060664,-0.1235059691088455,0.14955733016823985,0.1245573651826505,0.27699441122106744,0.0,-0.05782237155500596,-0.23776936221176848,-0.0006124235594036961,-0.031937750140208505,0.031169916581031167,-0.11136354793784428,0.06382554149385726,-0.024277583533340454,-0.0,-0.04180085029461686,-0.03987633990404711,-0.07595687442832047,-0.06263163644316205,-0.19293773078762386,0.25946955421429324,0.10062749180653896,0.1366195310518921,0.06832805088615262,0.12394979040668683,-0.13046577838641515,0.15423083198610785,0.1300604514231375,0.27574689335232744,-0.0022341546578148372,-0.07204767965757802,-0.2238281833546485,-0.012912854986453783,-0.04296748632031659,0.059180569571161565,-0.11900469276698697,0.06530916478997105,-0.030449318174441204,0.006846335224434067,-0.041316191482768466,-0.044716676212191164,-0.07962931376626474,-0.06287328848211521,-0.18607980984074468,0.29105935615900325,0.09326177234465872,0.13103038171978804,0.05523544073403301,0.12139907664558783,-0.12391201371569682,0.15030519727415043,0.1252193043785928,0.27500589417164334,0.0,-0.05965880675559706,-0.2344820466807778,-0.0024796027534488597,-0.032943392626674714,0.039279257691970965,-0.11174953059196753,0.06431199647090134,-0.024416127603618647,-0.0,-0.04085743096416757,-0.04082718217272369,-0.07640174922203412,-0.06138866881864478,143
-0.03554845189887106,0.35909269059528065,0.21122113364708062,-0.0,0.10554364230348193,0.11188529127979131,-0.10676818867004319,0.010184304696294064,-0.19736578122956444,0.23482271697044826,0.0,-0.105873392417753,-0.26180590336649534,-0.0,-0.026697046640601182,0.0605076949149214,-0.08917742066382954,0.0,0.0740802641814217,-0.004947494698737685,0.0,0.0,0.03998943029546504,-0.03452564318604806,-0.05306785692486527,0.3422646228477356,0.2447376924101357,-0.04599727897789635,0.1345982022730654,0.14065668313207666,-0.12758903726496845,0.02901542825390679,-0.1853272849305496,0.2515678538966954,0.00690691567844045,-0.11375701025225794,-0.26074129157628667,-0.00915058271331134,-0.03607877691147368,0.13211315015127575,-0.09759690401734591,0.008443923525705568,0.13927506806494866,-0.007673067412991357,0.01099632061653305,0.026527458126280656,0.06509730150803322,-0.0863496807095481,-0.044190048610578105,0.346034049537827,0.21664833039034245,-0.0,0.1112298044686013,0.11799748503671612,-0.11408912715493667,0.017240500457951936,-0.1968156081502756,0.23650026528600757,0.0,-0.10914560331080936,-0.2577003897880844,-0.0,-0.028789861977364276,0.08575738473332263,-0.0891121572597343,0.0,0.09462081009026971,-0.005222139700005391,0.0,0.0,0.04373963403514675,-0.047048849069829875,144
-0.10236728802326882,0.22569487787449083,0.1150224147165286,0.029528248669225238,0.0,0.021864915074887397,0.0,0.11084719469826244,0.023478401280062816,0.09555684913557178,0.18914479995161068,0.07762953181888324,-0.22259346853074988,-0.0011104243931552638,-0.0280742862195058,0.12733695926588726,-0.0749505634498523,0.0,0.0,0.007617582270162759,-0.0,0.0,0.09791530056627223,0.0,-0.10476544808760713,0.18364038093391205,0.13108373798349526,0.07425026250315885,0.023232219122606652,0.04995736158941757,0.028506419098791765,0.10200341016584676,0.04842489419686944,0.12851408283331228,0.16823741140704018,0.08553119698727872,-0.17237229923835803,-0.06025285535678412,-0.06519817817310063,0.1522783053807248,-0.0991032822597461,0.01477394619626057,0.012295174492027876,0.04711498319760466,0.011599482002435659,0.012675673022601103,0.08843814684918187,0.02289057127170173,-0.09193933167595085,0.21950733954245194,0.11518964767916343,0.04198819966350677,0.0,0.021724077703433972,0.0,0.11265347323294643,0.01934353893291687,0.08509924851483994,0.1866202246366458,0.07332515879848477,-0.20930896527107196,-0.00036034735400681866,-0.02863060128420305,0.12528067152608055,-0.07384299829277015,0.0,0.0,0.007283945828854727,-0.0,0.0,0.09224178365024671,0.0,145
-0.10277805913818122,0.04324348358092099,0.47584870689799985,0.31170044044850787,0.0,0.0,0.08195789398841762,-0.0,0.10509947925006854,0.18702420253279486,-0.0700628734883572,-0.00791810209706863,0.15271813824161937,-0.0028595245436214864,0.0,0.2541750569391068,-0.025534079982073587,0.18267594222670336,0.0,0.0043728969403372805,-0.021592745067382343,0.04991333232571816,-0.08734558166509472,0.0,-0.10417066215027064,0.03674996181183263,0.5076832880535012,0.33647657915214185,0.005991153824997579,-0.0029093893598216734,0.0886326157259186,-0.012045918173009172,0.11398499212728452,0.20544153539948015,-0.09160251944467204,-0.00619007322090183,0.1709365829454587,-0.011097193760927097,-0.0033782343731786715,0.27543812344716306,-0.03791960404000576,0.19710541766371323,0.03212022706663784,0.004617659864333762,-0.0377894548631958,0.0847033664922796,-0.10610208264278549,0.009111232256509066,-0.10192162001354632,0.050129252718130776,0.47283091369679886,0.3163916611667591,0.0,0.001251875691229019,0.08366657218648947,-0.0,0.10477792009786376,0.18987624914168516,-0.07389402502014457,-0.00850396359815557,0.15414410904455098,-0.004759874111873287,0.0,0.25383910393448444,-0.030831969554294947,0.185608311623851,0.005471334234458993,0.004628093617102406,-0.0245992426844551,0.056929757932540064,-0.09028152651780623,0.0,146
-0.027594450931848466,0.29372561738223196,0.0,-0.0,0.0,0.015569457868874738,-0.0,0.13392770682988434,0.0,0.15539288862845804,0.08017247935280031,-0.0,-0.16332197259292128,-0.013937377701436087,-0.0,0.08917584492338922,-0.0537047253556164,0.11623513133539272,-0.0,-0.0,-0.0,-0.06128423489160559,0.07193339366414657,-0.0,-0.08568592649928322,0.22342837386933895,0.03525685961117064,-0.07191628215977976,0.03244659976195071,0.054484946165283814,-0.02581765177604824,0.1319302016390666,0.019939169564200304,0.19186989464567752,0.1185585302375836,-0.0063495876328554055,-0.17726233042974546,-0.032196963281860974,-0.019475996503295928,0.11771056018169611,-0.08625547328791872,0.12613465367034388,-0.04178343598453952,-0.02001818995160869,-0.01096403116847753,-0.09762289128435893,0.1383096087868171,-0.04157485733618604,-0.0012463780683337603,0.2532616678938979,0.028363290761107263,0.0,0.0,0.01807262456104874,-0.0,0.14022696470341642,0.0,0.13080920058458065,0.08986728382821267,-0.0,-0.13604460278571215,-0.010820199900959664,-0.0,0.09270938056824411,-0.046657474034798065,0.11484116998211108,-0.0,-0.0,-0.0,-0.05847420344942825,0.05896403473562629,-0.0,147
-0.17025516626429313,0.22667881713534932,0.10681058530576648,-0.08090765521141322,0.00317963708425102,-0.05233300079811906,0.009215087513015837,0.31630744272892675,-0.0,0.15858629213529876,0.1535408816753269,-0.06408628227705158,-0.20287241237507234,-0.06677218393000028,-0.014362428241500537,0.13259200754572978,-0.008859769859282223,0.17715513793018267,0.02121993968163603,0.007487036259285145,0.08809194207253761,0.04964408294554401,0.03288353801443881,-0.09423855055752953,-0.16657142859212076,0.22278221456648148,0.11169090334729181,-0.08216161503781542,0.004895019442296159,-0.0538901830825546,0.012214564535723088,0.31173400669970824,0.0007857111900789288,0.16045812221470904,0.1565701507774468,-0.06460594561850432,-0.2001888748462484,-0.06818047165511458,-0.016052379149203086,0.13875235831490962,-0.012101184196410058,0.17932958473205385,0.025706983529154237,0.009410473066334205,0.09051049394231263,0.0510564181344819,0.03399464582520804,-0.09489926220581885,-0.16971969756841143,0.22602364210149536,0.10679529262423829,-0.07988304624106592,0.0032793193090603925,-0.052208207632578156,0.009175227727144724,0.315755744990176,-0.0,0.1584443104867522,0.1531601723511215,-0.0640350605288771,-0.2026875328690363,-0.0666405637232872,-0.014342395167179355,0.13246128607708582,-0.008869604870357154,0.17718459637795003,0.02087990816670721,0.007451581326026028,0.08784816501864903,0.04942844131173544,0.03262700889372219,-0.0938626861165332,148
-0.15101396766702485,0.37500688278665945,0.0,0.04286010707007656,0.10154192170941476,0.03640178943151307,-0.07957155412073527,0.1251773471840268,0.12035572166635901,0.28739658126278933,0.08302283385232255,-0.013978579404436456,-0.25211847315369773,0.040469691395543995,0.006604048175219844,0.01911723406087877,-0.1345149081619879,0.12868699366722516,3.875718360399416e-05,-0.014101035426868492,-0.07821248004838004,0.0,-0.0,-0.0,-0.150113468845181,0.3130294072493359,0.0278427371130754,0.05005938178597452,0.10623502451836644,0.04697735883758638,-0.09001899026890689,0.12684586633254363,0.1246127379470229,0.2825748420590824,0.08685329063612235,-0.0269109543986618,-0.23074375739915357,0.06791048316593662,0.024911103271097097,0.08046422274526996,-0.1372620844561479,0.12445618404408659,0.03324740288751064,-0.03229049538935042,-0.1084666499433826,-0.008797784904536117,-0.0077919590417902486,-0.00017613411629295039,-0.14682191709795026,0.3658678695827946,0.007634804171912683,0.04355727157391968,0.10044558754734274,0.033638233076299436,-0.07579915654609647,0.12438899236482655,0.11971370341445041,0.282737132331175,0.0796429507438137,-0.013277416319769116,-0.24688266735144565,0.0350611903360043,0.003936736084054121,0.02703287637921775,-0.13268328364856227,0.12615407704203443,0.0,-0.011962754497741146,-0.07275142387622799,-0.0,-0.0,-0.0,149
-0.040660688214760154,0.17870735885060487,0.01412432456485016,0.08606492724514514,0.08653548658112807,0.04693803308165557,-0.08114998122286853,0.16212720152195853,0.12872937474764537,0.12660639677998675,-0.0,-0.14022154496651762,-0.13498728312024952,0.0,-0.035105735236345345,0.12490362500240744,-0.039538986024404525,0.1850127337818214,-0.02129135113679972,-0.010002853348314406,-0.043866316774429204,-0.050112699567746,0.00962298503730334,0.0,-0.04332730625212341,0.1519192503989678,0.06065540169344595,0.08638132844953367,0.09156631998932005,0.06395519387835383,-0.07226426274273358,0.13504704444251012,0.11403369781861271,0.11582348567095792,-0.006548587383442807,-0.11386866796961873,-0.10744672433994719,0.002590057989832578,-0.03577918251137985,0.12078491290007945,-0.04971224778910341,0.1622110175276005,-0.07191961753340538,-0.02009686823302497,-0.056451392897777654,-0.061498920668537745,0.04001223147593655,-0.012403644203974456,-0.03510882765584062,0.17525540097043285,0.018952855926036048,0.08565745810018806,0.08317187819861414,0.04492528960055662,-0.07572600174887614,0.1619878484428628,0.12503062223463138,0.11917132595499122,-0.0,-0.13739688827716212,-0.12958255351953424,0.0,-0.03469699822248979,0.12583432871891553,-0.036578696883320654,0.18357861371730072,-0.02139067768927795,-0.006489661591121705,-0.039516572308665364,-0.04746239402738461,0.009804136495003347,0.0,150
-0.0,0.2684556029827726,0.04231557028642358,0.06116983829639904,0.11824670289762976,0.012565067930454032,-0.06375822410708099,0.14199414469538532,-0.049948758615463607,0.20224829609195136,-0.0,-0.107521149818575,0.0,-0.01809502110169463,0.0,0.09904302276390088,-0.06430482646913581,-0.0,0.0,0.015074815337022807,-0.0,-0.0,0.05898205485575536,0.0,-0.02364660099176819,0.2247275460875502,0.07593110456732623,0.07409223171413393,0.12907102183406666,0.039694489723578336,-0.0938629813695833,0.1334886495984877,-0.05337769175347544,0.20579590925645574,-0.010475012962879593,-0.10896934753935471,0.03146777431441663,-0.03550015864694529,-0.004588768190421142,0.16658434053587778,-0.0644053863821066,-0.003631922836259469,0.008374750170322583,0.032669423181986255,-0.009184077433169166,-0.017411818066340765,0.07825435640061748,0.012050069228561146,-0.0,0.25877557737839013,0.0435176562702705,0.061529108552737174,0.11295027433910146,0.011904148179466898,-0.05950242283341767,0.1441225923646419,-0.04777173879063056,0.19495320922696024,-0.0,-0.106358394959702,0.0,-0.018435742755304643,0.0,0.10200686966347762,-0.06189509374128084,-0.0,0.0,0.015602685919694947,-0.0,-0.0,0.05611286183670923,0.0,151
-0.0547204447752811,0.26063643936115516,0.29462749721970233,0.0814825333636151,-0.10014801557372548,0.02597776784572343,-0.0,0.10272166350675799,0.03368704412376409,0.13585606430849298,0.04659044910477127,-0.08944444795250413,-0.09564328704096808,0.0,-0.03345973904682725,0.2912355838128106,0.0,0.12237343450357903,-0.0,0.017048875067837626,-0.0,-0.021572178192654917,0.03218839821678732,0.03875067269652326,-0.0922462273798142,0.21803043971114744,0.24568397542113113,0.10368070439207172,-0.1301010746763082,0.06224098605467916,-0.031432296300177374,0.11312545746426267,0.05617484721542837,0.14688212608705412,0.10455948593930262,-0.08525050247388535,-0.11640368173572542,-0.0025356296498392967,-0.054653055786758616,0.218486097720779,0.02486362122356762,0.13082299560655425,-0.08099207954914169,0.05394505579584952,9.042860911807809e-05,-0.04441225949434549,0.03483494840284195,0.05528308098030265,-0.05531900115549162,0.25534544155703376,0.28287429554179977,0.0848437360837943,-0.10130860829352904,0.028544191536825855,-0.0011315824667046841,0.10734913338487682,0.03447062938632147,0.13569826913087707,0.05251311740685576,-0.09107346717540388,-0.10010312388136493,0.0,-0.03557239558745755,0.28301404974095723,0.0,0.1241579425537272,-0.0,0.018900276376504824,-0.0,-0.024083567872351604,0.028520160615672877,0.040475699040304444,152
-0.1377963832421443,0.14144380949957824,0.11323087759006059,0.24878591201136638,0.05984065032740882,0.03680843194365643,-0.08566501194580114,0.1673003917276235,-0.04217380831192009,0.18313956512887203,-0.09081613976317773,-0.0763117407924741,-0.009829884633419229,-0.042471352387604785,-0.07261683849380404,0.24709229018927073,-0.03537135657319794,0.19603111334554535,-0.044210528612816796,0.032516069632226606,-0.061357047139196416,0.03338038973661562,0.04880293937756414,-0.058287355967829475,-0.12128668586329844,0.15537258815365795,0.11301742427907042,0.21748662365520868,0.05404594465187015,0.04445309759958345,-0.07957766279600655,0.16177870588266857,-0.04480397636286033,0.16263896572611852,-0.0784850103756451,-0.07838127927435189,-0.02450457063256177,-0.03664820292956858,-0.06272457035609827,0.20589186773557314,-0.045124450324374815,0.18433947451703273,-0.057110362661344255,0.020446156783403762,-0.06234263952277162,0.027384626337588664,0.04724085583213284,-0.05258027899522171,-0.13765454518257197,0.14172177583215048,0.11319910453274422,0.24844125799543296,0.05975844710751805,0.03690263756716808,-0.08560795613300236,0.16725696221957465,-0.042227023852226944,0.18292163442192705,-0.09071346104126243,-0.07633921967937633,-0.009989239878770581,-0.04238922749601293,-0.07247452858279729,0.24652770172189686,-0.035473674231346,0.19590680640735697,-0.0443866021226447,0.03235507239455662,-0.06139967521979213,0.03332481342063138,0.048764024142227684,-0.0582215731075369,153
-0.25538128210463995,0.1767632794444487,0.0,0.1751683416327555,0.18637472083864703,0.08497240057516865,0.009488982779092795,0.21039268268206296,0.06735896811424096,0.18669650821038955,0.14600934912604355,-0.07542483203152045,0.11170519747080679,-0.02465773879833588,-0.037931733188748734,0.1970483123156103,-0.1144783941717104,0.10744052891169842,-0.001973156706254742,0.06914795572828648,-0.00779071940729036,-0.018481709452007396,0.03176750181910411,0.0034344565353131304,-0.25846623478535286,0.1705669549761254,0.010247961966766085,0.17121472269850865,0.1937279124874082,0.09091485103043151,0.019524738952530964,0.2039252896314871,0.08118741999136839,0.192892154742417,0.15475608257711038,-0.08165779732203107,0.12251180204842867,-0.02725097832221482,-0.048942587087866786,0.18850133373476094,-0.1214074328343777,0.10514259687174074,-0.022881703137655283,0.0793775479605829,-0.009699851258596917,-0.019501048820666365,0.03532863576274133,0.006030761255088571,-0.2553610428060581,0.17642704373368598,0.0,0.17469686156718348,0.18589908381692116,0.08540524380110254,0.010997114795419951,0.2088237784586351,0.06850647794113951,0.18623201987577542,0.14713263722605718,-0.07592775509192065,0.11149792769869257,-0.025008152835436163,-0.038947212510995456,0.19500165228554914,-0.11529785668620639,0.10778654442364921,-0.005180378096401283,0.0700694438304544,-0.008104112153444852,-0.018950319202928095,0.03204134358815394,0.003690306979933167,154
0.0,0.34309199731928053,0.06966673422595622,0.1962075893694194,-0.0,0.08695677262478749,0.0,0.1577124224581597,0.052620880685445334,0.28420729458086674,0.0,-0.18544564967366933,-0.10818775140394359,-0.0306281607914896,-0.0,0.0,-0.06264445910326238,0.08384857846002385,-0.0,0.0056744646899347505,-0.057450094351056025,0.0005639077697230289,0.0055351120079488655,0.0,0.026336688423576966,0.27718420257144216,0.09651889750034966,0.18365302091343136,0.010294745129585043,0.08739949683500642,0.027658687757259708,0.1715490896383161,0.08096258408998833,0.28130285864980165,0.035837012488295704,-0.17912832429695671,-0.10812790135304406,-0.054511644259894,-0.02462010448597802,0.03981446011170795,-0.1279814957017145,0.09073405656528885,-0.05030189024610696,0.05579099477780831,-0.06338636286429204,0.030799473068073638,0.046699237609066864,0.02734851245808557,0.0,0.33087006445322686,0.08012767514630698,0.1901821116865587,-0.0,0.09186437286947373,0.0,0.16194148749107615,0.05244333712441739,0.281381781835159,0.0,-0.1805133741497701,-0.11012080275595555,-0.034747208898724694,-0.0,0.0,-0.0649973867334483,0.08487918947910542,-0.001041396508444575,0.013241746620446892,-0.05699498284634016,0.0007565558696042224,0.006348614637193649,0.0,155
-0.14250860780221233,0.20248411285580514,0.046107342547581066,0.05264681095021236,0.0,0.08368640603149542,-0.021695137468227862,0.1477225319940952,0.017565165755675318,0.2398147371589903,-0.11102836753691675,-0.029064189055408054,-0.2476021977395585,-0.06982428970968073,-0.01892843017426592,0.28231100522383584,0.0,-0.002783749213984602,0.0,0.03444864980833284,0.01548629605028686,0.034087644274151244,0.06289347001636879,0.039780694773201376,-0.14896995364963875,0.19635015795387828,0.0569785224329471,0.048657467388962115,0.0058582478929625,0.09014909610216311,-0.04329081189274894,0.14823052400966502,0.01896307169942459,0.25196085054675876,-0.11754200888722716,-0.03375120628078644,-0.24846733481029548,-0.08679045470526951,-0.027580251320543262,0.31897099455793226,0.020566288007366342,-0.0064601907863276195,0.03435139354345308,0.041605794082275334,0.03266671757398534,0.038293882416446046,0.06358273334630096,0.046392845299527065,-0.14074923298803382,0.20088472909131277,0.04811264727458018,0.054619630371564726,0.0,0.08501478096765801,-0.023312336832457235,0.14947242602700528,0.018854152898949886,0.2392950599335963,-0.11074568221076701,-0.030278859386314357,-0.24429501083493996,-0.07168108059608597,-0.020063119075580366,0.2799042839021365,0.0,-0.0029652318025636917,0.0,0.03560577197049228,0.017002138022306098,0.034811851841045946,0.060556631001469456,0.04039773288519889,156
0.0,0.256076667403966,0.15764706666292894,0.06513869211475397,-0.033605719578642286,-0.007032689417055077,-0.00496753912957791,-0.0,-0.08093244678937196,0.11025103177680476,-0.031758089012593346,-0.0,-0.058192356643297284,0.0,0.0,0.30449714887436496,-0.0630916178716848,0.11854090472589046,-0.0,0.05532680306200272,0.0,0.04299598484724115,0.1403596324601925,0.0007879476337628705,0.00796424314189578,0.2406045712075713,0.14087166059847378,0.09704823224189961,-0.041801115894958295,-0.02161505109134365,-0.02813199315854496,0.007401951751116374,-0.09142739158494474,0.12473062148045778,-0.04125060144880734,0.004505598514675856,-0.07085432675620679,0.014247652359167709,0.025013931189159073,0.24890872808061965,-0.06589509554916148,0.11769994805595094,-0.05406985999828347,0.059632047212857024,0.005071634713402133,0.061000535130841936,0.12936124544938662,0.021193889089237986,0.0,0.25059118048906376,0.1534606849717179,0.06654034717573946,-0.03273693311871755,-0.00788637728752335,-0.007532325945002107,-0.0,-0.08014763492821181,0.11084588577967201,-0.024144939481402675,-0.0,-0.0597936652803625,0.0,0.0,0.29542356977864703,-0.06346695294704945,0.1167503962292472,-0.0,0.05400922756882295,0.0,0.04055090652602344,0.13261051107060054,0.00459620172295846,157
-0.033533423727128676,0.18861649703244024,0.15617854655268887,-0.007871253862917038,-0.20229941483438524,0.025315957796510902,0.04709359575625665,0.25466500574821666,0.12197676556220255,0.10321796836786808,0.0,-0.13711471967593483,-0.30279774650543345,-0.04670649081757111,-0.01482375663362831,0.35715533941469163,-0.10200297664888613,0.09518992830241875,0.1755319109031234,0.042904494070968864,0.0,-0.0329654406427272,-0.030585552991297872,-0.05973317067522709,-0.038118253758137634,0.19619488511289984,0.16203309905627586,-0.010429618178255391,-0.18395628881877957,0.03541686863990282,0.04648383880897684,0.24845501534585027,0.11749241121867655,0.1113668858513898,0.01876379264202865,-0.1331139156735773,-0.2814854853651918,-0.0560898473991664,-0.027474513528215266,0.30320331955627716,-0.10811173303587478,0.10311399762298762,0.13627117963013533,0.05221611698347623,0.010451335568291973,-0.038686068172036785,-0.03198260066964811,-0.057525736889805903,-0.03025731076852893,0.18116800231120542,0.15914104519257202,-0.0,-0.1787999965201038,0.02985636584779804,0.036124785292538354,0.25824889139119894,0.11353204203625437,0.1052071396111834,0.0,-0.13066494761494,-0.29042639745251425,-0.034048068818467433,-0.005896328343423832,0.31593113600191186,-0.09890053903938958,0.0948886110070669,0.1310264578567007,0.03409285517700173,-0.0,-0.029780685953888882,-0.026734421559071592,-0.05529334430878707,158
-0.12653800468028745,0.20566261557526194,0.08075239122732811,0.0,0.0,-0.036473684346395946,-0.057329735697976114,0.3919784826843345,-0.09553007646157019,0.16062194225470294,0.024202040201544928,-0.14672714373640391,-0.0810294272200001,0.010578857006432685,-0.05039648004937599,0.3015883324665782,-0.09127640084481872,0.12285869125017503,0.09263938326279066,0.024417264610883383,-0.0,0.10368105500149537,0.05550722465137142,-0.15663080167222962,-0.12052475414802029,0.2025248585108605,0.0868128351376412,0.012378929622973713,0.0025779501930288814,-0.039953495874510456,-0.05951233505146414,0.3556225155663323,-0.10093883533913839,0.1672826644310119,0.03302080140733052,-0.14483933802312604,-0.09043819020123313,0.01224986953070166,-0.05360570832805073,0.27688069598549997,-0.09817433916950692,0.1244463156483792,0.07164333631611636,0.027978186043772217,-0.002268114663998132,0.0945837905374249,0.0534918592451562,-0.1427185441880923,-0.1258799921060786,0.20525289872921093,0.08178058005007108,0.0,0.0,-0.03621631292946532,-0.05761992820334933,0.38873926496486255,-0.09536940694590254,0.16043549114317562,0.023901092831329532,-0.14592617049318,-0.08309116368529343,0.010178984856045206,-0.05012639560131533,0.2975657893571882,-0.09135745359388038,0.1229849016467045,0.0885560916344945,0.023858114724009047,-0.0,0.10171585072037433,0.05457261325488816,-0.15423511606748622,159
-0.2089098077802339,0.16893465053200868,0.12461038476503287,0.041099309765220776,-0.08108182536826443,-0.0,0.08487578920416662,0.0610181726071784,-0.0249394940196198,0.18387041818163324,0.10438777304004301,-0.18707531035560934,0.002583575029838265,-0.043218918484845936,-0.006756471048647243,0.3717412855632239,-0.14937097854457207,-0.0,-0.035459921111046094,0.019269506761913417,0.00486401535402226,-0.10702611068337944,0.10972477903362626,-0.0013878769866391967,-0.19271366442533008,0.1689379324225344,0.12376483019536405,0.0478801883729922,-0.08137235864129012,-0.01794150231728745,0.09472638752064287,0.07697776911980174,-0.03981330166101963,0.17306664044409148,0.11216935423228115,-0.1789430197200976,0.020972663190204074,-0.059771919394086694,-0.027372468114890285,0.3068886875543106,-0.15750931367315477,-0.0032071176230343956,-0.08997778412315703,0.036088911455292326,0.026559266630253126,-0.10225519562324391,0.11405897389677119,-0.009658097543981952,-0.20141283831432444,0.17017166793034982,0.12461838072174497,0.041286500131461894,-0.07954259917659809,-0.0,0.08313454067085649,0.06523669200902676,-0.023693909128394336,0.18000058825285703,0.10338299490740836,-0.18380638512970324,0.0019533678554247316,-0.042293226900345454,-0.00633766214747911,0.35760819635245855,-0.15008016032071567,-0.0,-0.04410800689148064,0.019698157172320995,0.005223999882799059,-0.1059985868957687,0.1073048639505206,-0.0009853847445863396,160
-0.0,0.17688794281030892,0.1753614513481877,0.0,-0.0,0.0,-0.0,0.25164657864441886,0.0,0.09058428576189342,0.0,-0.0,-0.0,-0.0,0.0,0.06606121713120726,-0.0,0.1514690978453164,-0.0,0.0,-0.0,-0.0,0.0,-0.0,-0.106432835321808,0.171096702284942,0.1273636976615643,0.08530322734827997,0.005568834764391614,0.058312236193619305,-0.04237290112486327,0.2079611338283456,-0.001930078601688469,0.19745720710487724,0.03235827697277992,-0.032006236512818725,-0.0017525349058155786,-0.05524489740566739,-0.01009589446939474,0.1286638276083791,-0.04044646528179304,0.15010792392061995,0.013131668546810625,0.010450652512564119,-0.01522258183197375,-0.057015485091482916,0.06178170466989644,-0.06165344562141998,-0.1053591270198653,0.22735244146991163,0.12034381842411171,0.05840514127457634,0.0,0.02490185899497335,-0.0217964125479346,0.23769383057902602,-0.0,0.21725709035563862,0.0,-0.0,-0.0,-0.04298666663670617,-0.0,0.10417171054366306,-0.015399448548337785,0.1822766048539487,0.0,0.0,-0.0,-0.01782333723878434,0.039726514382927416,-0.03699884627531725,161
0.0,0.15554699963216573,0.16838485573403056,0.0,-0.0,0.10229857804205843,-0.0,0.19580205384746016,0.04635703074673103,0.019585979898289165,0.0,-0.07880283504766881,-0.020838109250582264,-0.0,0.0,0.1741710977028078,-0.1385301525308919,0.21178944017611118,-0.03035995014407408,0.0044265903191425555,-0.08183357596294742,-0.11119280490185987,0.0,-0.02292434977908264,5.594245260769066e-05,0.14185878305208965,0.14408218358674546,0.05744554323113836,-0.03677419630796589,0.10964367829465343,-0.012273386178463186,0.17516402461113145,0.07951942248981154,0.06227341236121332,-0.0010667689379821213,-0.11493639421380296,-0.07434484689079827,-0.02495563192178914,0.0027865885342413495,0.14355754697479312,-0.16529831395044522,0.17770699428846853,-0.08755053959141432,0.029693826548468267,-0.0940268132520111,-0.11544782096669381,0.014783536400376595,-0.046525783286785645,0.0,0.15748678830445115,0.1598506172359779,0.009389329678049835,-0.0,0.09868905819579163,-0.0,0.19003623642719328,0.04568039578559916,0.02887562993645949,0.0,-0.08298662978015253,-0.030345306970428372,-0.0,0.0,0.15764908632948677,-0.14127605307242128,0.20452869447188624,-0.04505223584529604,0.006777391678921163,-0.08022563963550933,-0.10904253581178094,0.0,-0.020426338479910676,162
-0.023249893642549386,0.36481600401877295,0.024832327745744124,0.1465345142165003,-0.008540050424811303,-0.0,-0.0,0.31542513559518776,0.0,0.02222565161922069,0.0,-0.08729249107116531,-0.0,-0.014975749843041898,0.0,0.16636283132801105,-0.10783119913639648,0.03958039108051269,-0.0,0.0,-0.0,-0.02804980183222847,0.0,-0.09905735732021251,-0.08995310703350279,0.26990966584741044,0.07965759042934939,0.13136301604350892,-0.03297443358092124,0.0015170110720458011,-0.03529306330666906,0.24279365501319097,0.026959450966398915,0.09590043470348583,0.058380195281019044,-0.09058574883509735,-0.06912690503417238,-0.04008350891815256,0.010873471007994817,0.17039506842293994,-0.11903427074214129,0.04975622642538285,-0.0892448273329959,0.014941350449227992,-0.03992505579328575,-0.05849361411899777,0.037450806546830924,-0.1026271480555092,-0.031741498555979575,0.33670860964817956,0.051422999342681346,0.14475466747216184,-0.009174489791487427,-0.0,-0.0,0.29857838297083183,0.0,0.03355484386020285,0.0,-0.08761926154826388,-0.0,-0.024101106854154956,0.0,0.18188294305722766,-0.10637342609196566,0.039369260004944805,-0.0032626693353583775,0.0,-0.0,-0.03369323952102023,0.0,-0.09449136378502554,163
-0.07655929208358118,0.16003736627148224,0.15063046555820858,0.14289675863990245,-0.02692729009968759,0.012652833876944297,-0.0,0.27622660298019946,0.0,0.04304074319562893,0.0,-0.0,-0.14375443060222048,-0.06581232681208152,-0.05594464397153233,0.08339100529174502,0.040980849154372195,0.2305895219669184,-0.022021334783823107,0.03670156827176674,0.0,-0.13791401396880054,0.03050382893423322,-0.010145757053761438,-0.13103782290104898,0.17010540621204145,0.1664504029118445,0.1423157064941653,-0.045126074460177065,0.034933726380786755,-0.042768488544866,0.23343700111300136,-0.016903710642650154,0.06994737546324205,0.02870479237392158,0.010026758857787614,-0.1455484356690193,-0.08352806271885795,-0.0883246803924126,0.08826695683312596,0.07041792350909797,0.21653256788156316,-0.044076335153124035,0.06069062658559635,0.006593652210579213,-0.1671766707430244,0.07372886489781799,-0.023261952699803735,-0.07695975122939931,0.15922856384886436,0.15458391405940788,0.1436089420677561,-0.026485528982506147,0.015309037466279816,-0.0,0.2689858829877813,0.0,0.045667346008449745,0.0,-0.0,-0.14381536680674012,-0.06616989194015643,-0.05746310675013192,0.08267476689056615,0.040456473707257856,0.2262663456868991,-0.026404551698511174,0.03715720163363485,0.0,-0.1384905723960965,0.032807661925026765,-0.009879081230903168,164
-0.0854567946012918,0.2670116231322671,0.0631780611173057,0.018812953447036696,0.059002075726653225,0.032594138859806644,-0.10723231567827451,0.14150224982400378,-0.026073158624633674,0.23981671525636808,0.0,-0.05177863217433186,-0.17527522488534275,-0.0,-0.013803065743566373,0.18343774955544076,-0.010680166541130244,0.14405030038702915,0.0,0.0,-0.019628686476321554,0.0,0.005464946644042063,0.033255372075370396,-0.1153011992241604,0.22614478485226125,0.08621919085648487,0.042719178568880196,0.07723578925214403,0.05129816257234511,-0.11185906631395204,0.13705117450306403,-0.02497153409276917,0.26766784783007136,0.026371947493803834,-0.07026332913516063,-0.1545328842573795,-0.010251668359874417,-0.043838209185706474,0.2059648068852331,-0.01691783168690959,0.14630230953705048,0.020558109638581082,0.0156438370126791,-0.041808450839663176,0.010005928005383684,0.016607279587845674,0.05188750413235062,-0.0877417790559048,0.2588727405633889,0.06980825372514703,0.02439118302480253,0.06212126552691334,0.034901946686981586,-0.10620572819308187,0.1408943893939391,-0.02470950179095135,0.2401347112440745,0.0,-0.05509696325084356,-0.16842754144969785,-0.0,-0.016199792958552832,0.18541209478200796,-0.010546330590347265,0.14378245769837436,0.0,0.0,-0.023448229596645786,0.0,0.009219073833963979,0.033475073438202656,165
0.0,0.2533979556821222,0.2262780526926052,0.14612836312125954,0.0,0.0,-0.0,0.06369608031447038,0.12562156519991793,0.16769191335480244,0.0705307820369092,-0.12059036253965023,0.0,-0.04018363436362962,0.0,0.051897730092128766,-0.11351857356936233,-0.0,-0.10944928067465683,0.0,-0.0,-0.0,0.0,0.0,0.05479570146893974,0.20936815729980296,0.20771684418869515,0.19583334940894423,0.042086564533753784,0.05677814156965693,-0.045621028102590805,0.10115117450663585,0.16040177995489102,0.1662472732727329,0.10740021265396896,-0.15050983624802827,0.09449690267742504,-0.06985060237113846,0.0016574098117995914,0.09182239639525855,-0.1549989457911633,-0.07150446166811641,-0.1575863859383168,0.024361111405608017,0.018515643248680113,0.025076687670923112,0.05572610037157274,-0.03866634646304802,0.0,0.2319923896679242,0.2182220823934506,0.16147709101705765,0.0,0.002557536754389974,-0.0,0.0751717405306316,0.1340881137269821,0.16666318555776566,0.08355007000340221,-0.12839846551705442,0.026494649578487253,-0.04751769519587628,0.0,0.07176182797113256,-0.12179845412380043,-0.009763675910202024,-0.11965022991495576,0.0,-0.0,0.0,0.005585159111314271,-0.0,166
-0.032620530307696724,0.22233792747812756,0.18324450173083306,0.10072626908544806,0.0,0.062305549484249476,-0.04458729380594558,0.0413815274627757,0.16612058081130007,0.15079182627936366,0.0,-0.010997988717631317,-0.07406511696901448,-0.03539439749104387,-0.021813201788012805,0.08804224292272311,-0.11315341152031284,0.07712106299276676,-0.20889413291379838,0.0,-0.0,-0.045625741625092385,0.04271628563837818,-0.0351409652773451,-0.048292647532151727,0.18711593338855442,0.15936847586273792,0.11098415227055752,0.009294196708826601,0.07127180135838579,-0.060400628847037334,0.058361094158994514,0.1646316655523384,0.15456992724520674,-0.004832657454610966,-0.029264618156474687,-0.08889800207571742,-0.04215834727854697,-0.0443670281482279,0.13101448632993953,-0.11100359088061082,0.08005617822628286,-0.18560938751008418,0.012474225523462393,-0.008326989621344023,-0.06675938989640894,0.05688948602754814,-0.04843003241899752,-0.03026536167301618,0.21573755896068186,0.17830888862115218,0.10102950043945204,0.0,0.05938857980114176,-0.04356187294189708,0.046446417043894586,0.16153816091139334,0.14762137488136354,0.0,-0.013640428516230981,-0.07605655776467239,-0.03289371973758891,-0.021757547328618905,0.09403420668883837,-0.11029361019226094,0.07591516537621125,-0.197591483989396,0.0,-0.0,-0.04850381550290034,0.04064973645647479,-0.03387024985004012,167
0.018762153618185357,0.31645028875389597,0.22546027860696574,0.08494547782833631,-0.0,0.0,-0.006821796336983251,0.017515334343063602,0.0,0.07249134184550755,-0.0,-0.045838433517117395,-0.0029744935826962102,-0.0,-0.026974780338109468,0.2645577555118618,-0.08765302472791049,0.1214161594863826,-0.0,-0.0,-0.03590501808785188,-0.004155260845400058,0.036238921410049335,0.0,0.04247948390344303,0.25362646847179643,0.16342402112522678,0.11049668612950286,-0.006956001843496669,0.009812664574698128,-0.02768675547134661,0.053705359496049696,0.033906311865294025,0.0769816251961676,-0.02747440403472108,-0.09412037326555642,-0.07400433342001692,-0.02476662573901512,-0.05185784282895375,0.22087982756482102,-0.08781657523149403,0.1328319961709824,-0.03995024700127665,0.0008845014133132202,-0.04212678057075845,-0.023495631550817346,0.03870243087851338,-0.005330700263255146,0.021832864804467465,0.303210127854639,0.21409605467421672,0.09102165493261714,-0.002497357794483206,0.0,-0.011163310462742706,0.021875053613680636,0.007858032514787491,0.07601712732658242,-0.0,-0.056914398655877954,-0.01779248815939467,-0.00011893842024107026,-0.032752632381098296,0.2637364382085512,-0.09020169313535388,0.12515648593475684,-0.0,-0.0,-0.04223943186129208,-0.006113261202475354,0.035517312061032626,0.0,168
0.0,0.31216787510446903,0.18497636263535774,0.1637282131182455,0.07221283602180013,0.004523456722436184,-0.0,0.10899239438640573,0.1082818895215904,0.22238429890854317,-0.0715402374579297,-0.12085982773373695,-0.1401679193032832,-0.0909910808229805,0.007227892788481827,0.1464286945082458,-0.07226875127091716,0.022329453676010136,-0.07220244741720633,0.042110481723314885,0.0930511109562739,-0.018409036681920368,0.09000108563564688,-0.12969198075897395,-0.0024718045147155026,0.22818497950151356,0.192688727068432,0.16499849631599744,0.06309384725350846,-0.002168713146402166,-0.0012682235796002213,0.13297485532707354,0.10711052902038264,0.17354310832945846,-0.033152949069141666,-0.11009851388101781,-0.1235236511390688,-0.06574216850594702,0.013277145012298267,0.1506033104933958,-0.0632581912059854,0.03328802420038984,-0.07343739130570148,0.031732464858823556,0.06733535418823194,-0.04275002335168843,0.04516697340105288,-0.06542524332633737,0.0,0.30690304852596423,0.18690469670946486,0.16351785261822815,0.07063814191966841,0.0030268605112079693,-0.0,0.11068545000731884,0.10851289971396538,0.21977601580023,-0.06742317210167703,-0.12005410819476477,-0.13888695337072374,-0.08905562723188669,0.007447608281862749,0.14766700516665077,-0.07232867321987668,0.022432136663371422,-0.07067548406165576,0.04113465476572243,0.09079524450481691,-0.018581537811854038,0.08548516126031083,-0.12438470706265566,169
-0.2181795858745059,0.08184805137518529,0.04914768214883672,0.13614338125747616,-0.0,0.06819036976765759,-0.05914301540107049,0.2359578173998213,0.17678156379778903,0.16211459860945132,0.0,-0.018825195583280312,-0.1453025508736166,-0.04734276375931927,-0.0402176262927989,0.467450795963683,-0.012912021571596002,0.08221868666978407,-0.0,0.0,-0.0011651083804512705,-0.04707583191055996,0.04340675837405893,-0.03203603861623151,-0.2288795582228697,0.14103991765340138,0.046773927737665213,0.13714815877970293,-0.014713824888966352,0.09116848484225264,-0.0694653503836312,0.20248610870184156,0.17142473145337317,0.1630289604480269,0.006929236833750562,-0.03400125390120548,-0.15875672214795777,-0.05531319173490758,-0.06897281985401833,0.3639537380991787,-0.05030076534808614,0.09626389763561896,-0.06840274173294524,0.01389383201960307,-0.007625345402587226,-0.059259171014350714,0.06622306090657858,-0.0669920813495872,-0.20916415109637795,0.10642241259972059,0.04785475919677735,0.13592701357718479,-0.0,0.06652994358700035,-0.055686491054016914,0.23613367712957833,0.16057339215448654,0.1533069935628802,0.0,-0.025059887504248406,-0.1442823433155355,-0.04647181438529573,-0.04124084135867121,0.4333126912033062,-0.01565282824906948,0.08037605385029765,-0.0,0.0,-0.0,-0.045987116348508446,0.042950132691211146,-0.035120422024412165,170
-0.11976679008209373,0.10319185169762408,0.23969881046557545,0.11673808729639887,-7.038956715514581e-05,-0.0,-0.02122420312923065,0.23407637325367853,0.006142649661886184,0.0831989724443814,-0.0,-0.06015842902874315,-0.006668033610024598,-0.0951399269955386,-0.06792142261843068,0.16047368222707364,-0.06936367242791236,0.16047508310806818,-0.0,0.013271915701491938,-0.0,-0.062155752030793286,0.0,-0.023601095614990523,-0.12086828606434996,0.1381305383707431,0.2127259122583369,0.11720736166558808,-0.023770367803304257,0.0046786209141304125,-0.03298203120052062,0.22912868642965922,0.030522736630894866,0.09107795060606784,-0.009116224892878116,-0.06745324955785066,-0.05014121391334076,-0.10897094463647991,-0.08384049430149935,0.16092313840979217,-0.08329757406887883,0.14671856197895156,-0.006886730083269487,0.030289146331581356,-0.00819140352778084,-0.07859311402149063,0.025334008209900078,-0.03289059568609774,-0.11722844003511179,0.11037009080243874,0.23286588941196817,0.11709443692705618,-0.0038006902630403454,-0.0,-0.020972850023823573,0.23292304160392022,0.008214939735877235,0.0832342904047602,-0.0,-0.06136178636006939,-0.013582257147974753,-0.0950664110101068,-0.06782581211028398,0.1545428037898301,-0.0709462308962424,0.15891882086339415,-0.0,0.013203281536895473,-0.0,-0.06348882854950742,0.0,-0.023202735023410886,171
-0.1721441960861373,0.23911217225740938,0.15324129688533147,0.030364873177298638,-0.06664362647385967,0.05310706255762787,-0.0038684056899318136,0.2480204417960375,0.13113684826020336,0.17489533795650966,0.0,-0.0015853844782494106,-0.20135383383858355,-0.01692565868382333,-0.0007966004802686152,0.2140966347923476,-0.0,0.1340249746198332,-0.030090024416015156,0.02342184075910087,0.08807443858312676,-0.10301794704714391,0.061772072866576835,-0.09968040205000141,-0.1520873189142708,0.21061476499539108,0.14582840135119804,0.061133521526739114,-0.05514486439772542,0.06815709996535432,-0.005469630834481444,0.2321486959490417,0.12411899093299576,0.1561361550764723,0.03362576259988308,-0.025898811409090526,-0.16480440517541195,-0.028757808512238362,-0.013446697542714497,0.16112498278540976,-0.0008777685476516978,0.1279078913628046,-0.07010270719174164,0.03047576027148847,0.08894811433243928,-0.10588075349436749,0.043299236615384706,-0.09180156705736517,-0.1608659004115031,0.23452236578435248,0.16431525830216567,0.029975392346809702,-0.060364886161154235,0.0523899779232434,-0.0,0.24762110293853576,0.13165993785148708,0.16115573202391012,0.0,-0.006014553162516731,-0.18865134802938938,-0.010782472066059179,-0.0,0.19492714520778973,0.0,0.12754243610524288,-0.037250721948345014,0.021889060551101038,0.07526572309075265,-0.09898549637443993,0.04109733501194631,-0.08743991310322054,172
-0.17732005954419378,0.2077075021947579,0.07555388498859424,0.017299826193843695,-0.01907604964282678,0.0,-0.0,0.28720889411131684,0.09314632479104826,0.1497671566417293,0.1546140855284213,-0.04744649371495453,-0.17977153581336497,-0.07167984716908898,-0.005673761682908774,-0.0,-0.0,0.054071248377310394,0.016230404461122717,0.03756476307856137,-0.0,-0.07880976748023073,0.0,-0.04913336590330934,-0.1930157829105804,0.24191936638194883,0.059832999319640014,0.0381081806250515,-0.044181582265325293,0.016126375372996923,-0.006755399249925074,0.273399126577866,0.09283560119715764,0.16406134240431583,0.18204194632871024,-0.05826376271035928,-0.17793514407522668,-0.11334245387613749,-0.04503950468694343,-0.05112380374719839,-0.006752840947959222,0.06857766016493333,0.02800921048917401,0.06174595501948268,0.016367253808384576,-0.09599004116392246,0.008950132860191985,-0.07896804389140578,-0.17765325987757527,0.2072656864838974,0.07572098567829047,0.021746620866906423,-0.022041411662042883,0.0,-0.0,0.28297086748013006,0.09242349301583497,0.14944675683715966,0.1565782663029038,-0.04982189697590082,-0.17824048165902873,-0.07529269142217203,-0.010653847012481689,-0.0005341284540739454,-0.0,0.05506716744770399,0.01891245404461056,0.040027318170382645,-0.0,-0.0809440255616297,0.0,-0.05189414793444849,173
-0.0,0.2725966940102196,0.11546868849199303,0.16492406653541147,-0.0,0.09275231761495749,0.0,0.21470172101438378,-0.0,0.11289602713852119,0.0,-0.11669983447399207,-0.07318486449716723,-0.0,0.0,0.1853790442131519,-0.10175379398107427,0.08057581865036993,-0.0,0.0,0.0,-0.06639270948884447,0.0,0.0,-0.02312727069163242,0.21833276628066298,0.09592477358883952,0.17422164812109173,-0.005567917142125121,0.10865584563568356,0.029482504202470575,0.1768030084278082,-0.03923228014077616,0.12200859514180008,0.04570401815787493,-0.140056171359716,-0.1213955976046269,-0.059758182227082256,0.019328851239243237,0.19088806235597844,-0.1475571467244082,0.09869239090883634,-0.009231903656084721,-0.011072493179884896,0.048421146427845056,-0.10732102707918657,0.005049946243390932,0.029212623767113054,-0.0,0.26424861309172337,0.1228289924905927,0.15846127068983976,-0.0,0.09057398304702978,0.0,0.20998773545411747,-0.0,0.10598480651109164,0.0,-0.11458070054473254,-0.07327795292789224,-0.0,0.0,0.1852836040781092,-0.09591428821661999,0.07567388468695455,-0.0,0.0,0.0,-0.0697798530490116,0.0,0.0,174
-0.16280450654477477,0.017662398740167444,0.07756788465672784,0.23049531295406828,0.11878042401592935,-0.10119310070629305,-0.0,0.007376053508859611,0.1895186901059857,0.48171096389874113,-0.012727536544441038,-0.13131389232489307,-0.3173168806649738,-0.07240149900356624,-0.06604797465761841,0.3141411082950714,-0.06272397501619034,0.10807331971363084,-0.05227382362633113,-0.007805712344856546,-0.07118888867105914,-0.0,-0.0938488961775585,0.07325807107902628,-0.15773463967547868,0.06264707692706137,0.0969767346800407,0.212489014355714,0.12976052187862858,-0.09934390402270941,-0.011962767288480287,0.02453967551179953,0.18918228691589783,0.46544360251933825,-0.03912183056558157,-0.12854659919793984,-0.3032820412934898,-0.08360262620441501,-0.07702953724569707,0.2796836430384237,-0.06740152357308492,0.10292790225308245,-0.07038098819555968,-0.011514701494441044,-0.08066397734727344,0.00516862499052433,-0.1033093403865206,0.0755762771389071,-0.16100435250744466,0.02734029544494133,0.08121840201178433,0.22598729145158708,0.11879617033913394,-0.1004401087157412,-0.0,0.012673976137981312,0.18694783133445933,0.4753255975767554,-0.015085436857141019,-0.12955808262302196,-0.31134336540871177,-0.07463774456381529,-0.06779106870090244,0.3055621548713604,-0.06353526904824539,0.1076086494209803,-0.055921488043947254,-0.008276831344720528,-0.07165723410451072,-0.0,-0.09294502489723985,0.07128558747590015,175
0.0022010039103144254,0.2542866387765598,0.2888367131832659,0.06151969522289117,-0.18260154506290371,-0.01427272066341285,0.0,0.11356086237046709,-0.007849827925121667,0.2343561492858998,0.04367199768198855,-0.09249068504250395,0.011342091293096232,-0.11066028909547297,0.031493676504715316,0.2438107935212882,-0.1191345637564144,0.1727747894501519,-0.0,0.006075824571733623,0.0,0.07650212479244796,-0.04062259730483377,0.0390742790115606,0.03197360520277528,0.231703991130279,0.27835706471735694,0.08867908011645988,-0.17584656183756767,-0.019110176866068813,0.004283205132200583,0.12864332979694937,-0.018591937911738837,0.2213661591246068,0.06822808666699366,-0.10245237789306487,0.04366867448478818,-0.11437024968677235,0.031571740957785165,0.2000712705096836,-0.12346253339316499,0.18584617982437476,-0.03257784997681282,0.01702815521254179,0.0033343523632895626,0.08157213563771659,-0.05290812848652211,0.0432380523310797,0.0010355098005216318,0.2513435325307839,0.2803546291907017,0.0608322373310201,-0.17421117626444307,-0.011694619570208236,-0.0,0.11583371500790021,-0.007054832327687773,0.21829409883817474,0.028784933860062433,-0.09168708620309396,0.0,-0.10735192729993139,0.029765756731957155,0.2445898516048595,-0.11263354192203835,0.163583826375189,-0.0,0.0040852528989802055,-0.0,0.061878922254558426,-0.033262235801552076,0.027633308186357203,176
-0.0,0.24614743514687643,0.14153207701791934,0.07383233306413398,-0.002320197916106447,-0.0,-0.009078030658414737,0.10365670643156012,-0.0268619847039999,0.09888220310544493,0.0,-0.0347390574480822,-0.13722515726766968,-0.001128960250242781,-0.01697632673996245,0.24185540401384048,-0.017524168947079588,0.0,0.0,-0.0,-0.0,0.018660069035744384,0.0,-0.0,-0.02931137783463585,0.2258745851623476,0.11697151299013371,0.110324105722095,-0.023085915641990775,0.014666070863805931,-0.04974040603634732,0.11330079138724172,-0.05902942665539336,0.13520306050509368,0.04848150469759445,-0.06128951033113131,-0.12080646121998853,-0.051639108355079774,-0.06628889638976107,0.18934929983828416,-0.03133540518860379,0.04615530693497311,0.011146209803622107,0.015501036428075569,-0.013134918841063084,0.03508981671517885,-0.009707539915915648,-0.021048169163530243,-0.0,0.23661709326516198,0.1382901361205566,0.08180705898723468,-0.0,0.0,-0.008689000272734658,0.10273182316977117,-0.02994921160861481,0.09642325491868084,0.0,-0.03570284132964742,-0.13395203321659874,-0.002549599875002828,-0.01807211857024706,0.23689422103049054,-0.015735004745015033,0.0,0.0,-0.0,-0.0,0.01470518863997135,0.0,-0.0,177
-0.0671524294433488,0.3356577563861655,0.0,0.018136525207460664,-0.00592204857622684,-0.0,0.0,0.32436327119837277,0.028238769837784197,0.20205527553370695,-0.023552243215410096,-0.05804079096247473,-0.22507323661541395,-0.021567148334902572,-0.04058417429109222,0.0786449037070733,-0.061264865009326104,0.1467094171879567,-0.023068169069021278,-0.0,-0.0,0.02570910537378288,0.10003724044400214,-0.05948475138404688,-0.06949521439958595,0.2627086547238097,0.05527810754981977,0.05331730980375573,-0.019354634224792736,-0.002944907716077226,0.01964985177023475,0.2784959874552625,0.045082937764309085,0.18571418955432106,-0.024370385745629077,-0.06451665648075604,-0.1886475466197825,-0.043841643780157424,-0.05605637967652608,0.09754960974899166,-0.06597630755578472,0.14235850515777315,-0.073830469853961,0.00048812215840003805,3.5193335021648796e-05,0.0259668503131501,0.10823127019760743,-0.05726561663286404,-0.016960064211312492,0.3126045671828297,0.047229471936901996,0.0010212467515360168,-0.012197654160036429,-0.0,-0.0,0.3081926253153694,0.008490005666699966,0.1340729634242754,-0.0,-0.05189702196911446,-0.17605208655749327,-0.0,-0.012961676331748941,0.05339126370839469,-0.026451311463557243,0.12810680757988066,-0.014332561500347465,-0.0,0.0,0.0,0.02820599407012769,-0.0,178
-0.2915053754070772,0.3129409832292918,0.0808362362002909,0.22498368045563163,0.10858181389177633,0.14994774784448725,-0.10524160471204382,0.059416140353210196,0.07329420676517018,0.3813855154968426,0.16279881010199668,-0.1255789581171973,0.11717758318590343,-0.055525020755588454,-0.0421081006093969,-0.058212178059448276,-0.12506717036782514,0.04816168878684814,-0.2531564077859867,0.02030019466899587,-0.0578807666260874,0.014049377840074283,-0.032206878966592266,0.10855392038382237,-0.2899158543654607,0.3107683729133699,0.08262452435865661,0.22428904831464958,0.10915859794908088,0.15113163605743432,-0.10633461726699234,0.0611112517446264,0.07441610290873929,0.379963096081282,0.16385203294772366,-0.12558721607790307,0.12033489271261505,-0.05633234415829799,-0.045190845911729983,-0.05877485174053341,-0.12493695117476095,0.04966761419465628,-0.2540047797790842,0.022972612428121455,-0.05742623367755274,0.015119626840786162,-0.03457390415569608,0.10972397208513478,-0.290580036444268,0.3113416227800267,0.08093190382389309,0.22479783712687285,0.10834286619932487,0.1496230725940919,-0.10501224203246907,0.060208078951982186,0.07325602412368507,0.38004494970458075,0.16257381402051835,-0.12507512108923372,0.11683555451292257,-0.05534962427328586,-0.04201214044417683,-0.05611883957195433,-0.12475890066720456,0.048119218790841384,-0.25184629483689824,0.020179666415861563,-0.057839602564161305,0.013704510813671583,-0.0318423566113102,0.10813312222899205,179
-0.0,0.45850533120831893,0.2445359346022422,0.0,-0.035879221446614096,0.09571709258263483,0.013813766743515301,0.09254289067909525,-0.0,0.11996625666120742,0.0,-0.0,-0.05493998778742006,-0.0,0.0,0.15852288268532952,0.0,0.0,-0.0,0.021489423025481506,0.0,0.0,-0.0,0.09870908128684089,-0.03924559527118182,0.3670499266554795,0.22035644544379682,0.08304405947047896,-0.08052275822702815,0.08950668060435285,0.06500099754794354,0.0986764546359607,0.008993421054179046,0.14940437942085197,-0.02488260290489242,0.016675452804481728,-0.10710211565215155,-0.062153880643977075,-0.008122344870741947,0.18423844957754412,0.023930320824410985,0.019372463192315385,-0.03901462595356008,0.06994695160492298,0.052548539661108826,0.03855404723066424,-0.048494292676520605,0.18989757079622666,-0.0,0.4201366459932614,0.23659025719564747,0.02218805174303115,-0.040145453484145166,0.09048219593157522,0.02182939559129379,0.09849082738512813,-0.0,0.11478824301610666,0.0,-0.0,-0.060379354801439376,-0.0,0.0,0.1705480932003855,0.0,0.0,-0.0004109098386994905,0.021876857958354725,0.0,0.0,-0.0,0.10107566945248979,180
-0.1325860424810802,0.3155373943004199,0.06797865197003407,0.16709852069670655,-0.04648148803996636,-0.011183702083262779,-0.009592211656362966,0.18142821625789063,-0.032601880138621246,0.1950462006346768,-0.0,-0.03757055708955733,-0.06554863426494814,-0.05778410624126476,-0.0,0.2603779682967809,-0.08397089150039758,0.05868146554833506,-0.0,0.026495197966602622,-0.02019752610682765,-0.043759920963152545,0.012676959904686372,0.021728569959370895,-0.13036441802841048,0.2833075629975971,0.08424561231870835,0.16354140473320936,-0.037846676684442825,-0.015379385193049983,-0.014433814017642566,0.17459432528658006,-0.03732013360935664,0.17945352281758778,-0.001662530265726321,-0.03575357929192274,-0.0775703226882817,-0.06548640525307463,-0.007705283311831006,0.2431545769438523,-0.07563028504913374,0.06360412016561062,-0.023281939724944852,0.033531164598799276,-0.024104665596401866,-0.057334951159079404,0.009885538612930442,0.03621936993451805,-0.1188966434553957,0.3084060108295643,0.07626462548369246,0.16423593902348252,-0.04085874607719149,-0.006774693319150148,-0.008877813918313852,0.17806215925756783,-0.03140100498061055,0.18574454403401996,-0.0,-0.03747529714882511,-0.06526913894436781,-0.05822160081408117,-0.0,0.25122001526810783,-0.08528869339625558,0.05798746489775527,-0.0,0.025863726394853834,-0.01876731902776432,-0.04281996508470017,0.006247399753195787,0.023980729810916982,181
0.0,0.31898678716634615,0.13296117938759439,0.03338737759999586,-0.0556252930125362,0.020390909055930065,-0.04417846221893573,0.11208817849990452,-0.03133914545704389,0.08847833362154062,0.0,-0.17753518381677139,-0.08806395715704717,-0.032958410016887534,-0.0,0.11960718531534668,-0.0,0.150583624199314,-0.0,0.0,0.0,-0.01819919187510558,0.0,-0.0,0.005036286823467961,0.2797932251501725,0.10687460151962384,0.05729268257563872,-0.09755287838540476,0.07830332753974807,-0.0983629394053038,0.12597334367530097,-0.05186248923905202,0.09330679590229032,0.03547769620806389,-0.19522886415332188,-0.09771332118176687,-0.09433832286801476,-0.03444362732644185,0.13141661556286383,-0.010340415981499719,0.17453226089004298,0.026767029125994227,0.03385133933647434,0.040119592632911594,-0.04491804608508783,-0.004162546989125159,-0.03424216160307562,0.0,0.3010455218054459,0.13325976378651724,0.037848463403921305,-0.05494811499161674,0.017803557113467497,-0.03972641449310467,0.11336822460044825,-0.029715325501624548,0.08455107724719539,0.0,-0.17629360296268384,-0.08671598565255798,-0.03256661500918563,-0.0,0.12770604954479467,-0.0,0.15158388907040465,-0.0,0.0,0.0,-0.020436496852170808,0.0,-0.0,182
-0.2916080457266195,0.45386373946343106,0.0,0.05792114719547803,-0.03137052696098442,0.11883010010059511,0.04755824124175595,0.0,0.03678919591932716,0.17316747852743508,0.036029426539568386,-0.17465169959828808,0.036068725060534004,-0.059337188332624,0.02526038240358987,0.11504356442240961,0.0020606299663398654,0.16479367570493372,-0.041466660815887756,0.0,0.0,-0.08677842165102287,0.09678016613562088,0.016115186398448642,-0.2962656064183216,0.39398227287383053,0.007698143448449447,0.0674552320455054,-0.04891542705358529,0.14284679523923846,0.04925656187821668,-0.006973692526033469,0.04676399823531999,0.16265729713931923,0.08650527422890458,-0.18597169358581414,0.0880030889510154,-0.07136183360224907,0.0309039616267286,0.125733465581634,0.019849176353533705,0.1789201396201996,-0.08726980767412332,0.012211691451095042,0.015545696200831573,-0.08986103596519868,0.09704755336909594,0.04543648660438001,-0.283659880436066,0.4359926192703241,0.0,0.05868397359939308,-0.03124601805252663,0.11948891591938153,0.048152071894551604,0.0,0.03575281852209134,0.1706367488209688,0.04647452326700033,-0.17648427497114033,0.039600244856197904,-0.0589771173717133,0.026130521001021898,0.11610381638815036,0.0009477619963735262,0.16573875211909433,-0.04688272972912772,0.0,0.0,-0.08551979965738342,0.09453825420591877,0.01974058710739304,183
-0.15680264008356198,0.35823222060358995,0.23494060715486023,0.017108351020107306,-0.1288908364283701,0.042582575429166984,-0.0,0.0,0.05200854251723299,0.19208712752597873,0.0,-0.046522545634822964,-0.14713444278409998,-0.07485775561089558,-0.0409133291387141,0.28477729378978756,-0.0886640823186702,-0.018404954250672793,0.0,0.03052014020573976,0.058276328569899075,-0.017347278100545652,0.0,-0.0024634573046133684,-0.12783196074209724,0.3247077982361884,0.18840402875058448,0.06053928869421724,-0.1214534817684664,0.052691488419822574,-0.02485634776222658,0.01958306542827114,0.06343443870547635,0.18930822405234288,0.03122994353361402,-0.07675158744466576,-0.1509749419266631,-0.08041000126640985,-0.05233471551348312,0.2555674394078997,-0.10246653082800017,-0.025757556499346777,0.010645522135963141,0.0406426983313166,0.06611235286167395,-0.03080059234608003,-0.00818775937218126,-0.018445781289262986,-0.14707663967450962,0.35174580819712875,0.23111315876450955,0.02744243267493631,-0.11974850861995422,0.04036435864040126,-0.0,0.0,0.04543581312916049,0.1910964213570964,0.0,-0.05168175674390343,-0.14170375366295201,-0.06874590770140744,-0.03658951839196028,0.27762160615688647,-0.09111832527370475,-0.017998076407693606,0.0,0.02811372496718683,0.05394179800495399,-0.0156564131968608,0.0,-0.001396169018958671,184
-0.18091976755401978,0.05847783525516307,0.06396436692108605,0.012677968922510805,0.037670256055081716,-0.0,0.0,0.2401499812936412,0.06774375557992719,0.16453927465487506,0.11033281602663941,-0.01334359381500884,-0.17206151899916886,-0.017148491394027358,-0.0605810311188238,0.3079696112647536,-0.23299542230537612,0.10870715006135966,0.0,-0.0007670225614503992,-0.0,0.034582793646309375,0.01804383262406875,0.005504934977117211,-0.16948381563564793,0.08330317206392458,0.07001850984642947,0.02194156975328479,0.05102995697892041,-0.016776022041245547,0.019415493295728475,0.22127783541379212,0.08287256947192582,0.17963586240504698,0.10823788744323702,-0.041804066508246605,-0.1683837290900214,-0.024846968668518984,-0.06692354031025623,0.2828625761786874,-0.23436409318347373,0.11555255527221209,0.005450842824372492,-0.0306325994125074,-0.026496261449614936,0.05783918292635424,0.02823489711757569,0.012631415070453674,-0.17457163667296643,0.06701140513143375,0.06734559869378709,0.015930277447674213,0.03919851952439926,-0.0,0.0,0.23544045533397767,0.06535994976620317,0.16189039952414266,0.10644043174774263,-0.015690872377549018,-0.16791560536727293,-0.018595683902893012,-0.05970926880816193,0.29589357446648334,-0.22988156365764495,0.10848368264535684,0.0,-0.0018560074052673633,-0.0,0.03256598649834772,0.014730750773211574,0.009262345872919367,185
-0.1804950738359203,0.359603327173919,0.09463269450203306,-0.0,-0.0,0.0,-0.057047592979198834,0.12451484341405723,-0.044500871351488086,0.138622767271571,0.26136238726356525,0.0,-0.05277713229715544,-0.0,-0.0025876263223363095,0.031248822843935282,-0.029296756856182084,0.2742289588561098,-0.0,0.02945190960130795,-0.030847771535086936,-0.0,-0.0,0.0899085400823937,-0.1753597595644523,0.29604708540280794,0.13337506735174895,-0.028636913469964553,0.0016492327482301673,0.016238714429980955,-0.08160875753306039,0.13097435359321968,-0.029510659450864753,0.1317648025259907,0.23441415809107796,0.005024422134247401,-0.08627103725107087,-0.006132577836032703,-0.030721464791839924,0.09207821800883915,-0.02614591124324526,0.2684103128162309,0.01461806652128495,0.06022302098670827,-0.038854670194292264,-0.02166647346919653,-0.011756575459011646,0.10909660924150219,-0.17149406752041185,0.33443697929143185,0.11089926286464791,-0.0,-0.0,0.0,-0.05618358273916557,0.12535097188078015,-0.036803450860982696,0.13225540030563332,0.24973936900981158,0.0,-0.055221338263922205,-0.0,-0.0,0.04485125291210919,-0.026562831444977845,0.27452832299743024,-0.0,0.024708126884293705,-0.029721063856336518,-0.0,-0.0,0.08955478650039454,186
-0.06717250967988098,0.30332498333325303,0.0898535672428008,0.05889299345465989,0.0,0.006316223047672887,-0.0,0.13967386989539612,0.0,0.12490017042989415,0.00529173901064763,-0.0,-0.029849924592607924,-0.032499716037882334,0.0,0.14862350203331767,-0.0484921909192524,0.20718678090235573,-0.0,0.0,-0.04068072120599481,-0.0,0.0,-0.0,-0.14400713273352223,0.21715430914360384,0.09655460297510603,0.05317531955808307,0.05206562459699261,0.041593232860144796,-0.055439151250257994,0.1427259017233628,0.03330989749436737,0.20350490950107147,0.07038236719825045,-0.04802825402015098,-0.08737148064416513,-0.05434833074630357,-0.018252160772687823,0.18213177081873475,-0.07448039783133287,0.1638192154189681,-0.03265192036646173,0.017264324123625618,-0.06340480677090131,-0.04202643760835137,0.038612353860463466,-0.006914749665803506,-0.07819198732373812,0.2745568020166652,0.08686987671926388,0.05796474031424127,0.0,0.010782611749265085,-0.0031299150635003786,0.148325826043953,0.0,0.13638352007483087,0.02443079787407005,-0.012533849186242693,-0.03860495119288903,-0.036243242517188363,0.0,0.16216968852930694,-0.059339388364499666,0.19641586118572912,-0.0,0.0,-0.04387844455673635,-0.0,0.0,-0.0,187
-0.0,0.3004895064782812,0.2577443978382012,0.0,-0.0,0.05184991951085689,-0.09277182629327589,0.07025079555178308,0.007623863731444529,0.28966127564697425,-0.0,-0.09588526115978008,-0.06699971898232818,-0.012338308776440054,-0.0,0.08947798482143601,-0.12476762762634219,0.17373215600616107,-0.06642937439449136,0.015318535174472946,-0.01781220784660803,0.09108052353303282,-0.0,-0.015906361829249212,-0.008719064120737927,0.25730254799375357,0.22170772711512537,0.03309552447819959,-0.022552771651786596,0.08186602077659004,-0.12565248459554304,0.10946880051233458,0.04972096770271889,0.2678023346430751,-0.030417220780365396,-0.09274440081002719,-0.08210557909898838,-0.028779247155302747,-0.021895755113830153,0.1305756431523297,-0.13326577027948966,0.17201724563295462,-0.08755385490312591,0.041606676268779536,-0.020838687872226053,0.09307033502081626,-0.01421806252664608,-0.015438822630609028,-0.0,0.285976431110909,0.24954512292638886,0.0,-0.0,0.05210356928231661,-0.09236181106271839,0.08017720846949238,0.011808816482088992,0.2807712532651431,-0.0,-0.0972630286057433,-0.07127210850605521,-0.012368469037153239,-0.0,0.0929914346233414,-0.12297371444231758,0.17244817499535312,-0.07036103211635936,0.01664087691848885,-0.01741781900917966,0.08468883705447706,-0.0,-0.014663991071697515,188
-0.2614355108842661,0.17842506220825802,0.11193003794497379,0.029836851123394844,0.09198259367590976,-0.010670864664845889,-0.005027746803540644,-0.0,0.13364854748845154,0.29599576494022944,0.15139245001450136,-0.05264738874639505,0.0,0.024830573459090864,0.018013721705283318,0.19993115246892018,0.04861751223923324,0.11837909098189482,-0.07942237773366455,0.000699360728158291,-0.0840408284713322,-0.20466077196014154,0.042586695556551875,-0.07881047171418024,-0.27280004085012227,0.18706914815651665,0.11416497415065116,0.0390417459391589,0.09781736858199234,-0.018503470106975763,-0.009834475123038736,-0.013216171360228946,0.13400642948610797,0.30428278381566704,0.15494475792342452,-0.06029948336320635,0.008238533132396121,0.03846508588689205,0.023970997387747026,0.19091296409927877,0.06195781152312034,0.11756283883805503,-0.09549808633118478,0.0016874306918029207,-0.09340447940482897,-0.20878808492481532,0.061623640467570996,-0.0951421115048638,-0.2589271350524182,0.1787621481214039,0.11178481340788947,0.030856829817559744,0.09168531187284394,-0.010872441294893703,-0.004739041563876616,-0.0,0.1335587963368431,0.29367831812001394,0.15092101892468235,-0.053052313907888005,0.0,0.02547731244068074,0.018333083730491043,0.19764575628854628,0.04783475736450934,0.11826214717196311,-0.08122970321420601,0.0008844698569540851,-0.08440705160473054,-0.20412663277431964,0.042720798447484734,-0.07834332653120411,189
-0.06959882830905877,0.19712401628020984,0.027572823744033303,0.13418658066508854,0.06774913750862605,0.13634862033122483,-0.017500399000702178,0.2642345431656382,0.12082488927531997,0.20432703719694872,0.0,-0.1476802795062132,-0.061854818550958646,-0.04125802400912051,0.0,0.15473026750455382,-0.12580382557681835,0.06810277679014702,-0.01981936493799449,-0.005937685266409625,-0.06898794747452913,-0.06057052705619936,0.16174742311088877,0.07786855456337524,-0.07200041295702234,0.16853721525209633,0.058544058954180356,0.1225027467817457,0.057170673381628324,0.1476052322538839,-0.021622519571951035,0.23052930140885275,0.10208433259778348,0.17759306861969457,0.0025793735992275246,-0.13478748030742177,-0.06337398707852741,-0.0487315134482735,0.0010300910292970794,0.13399075666554733,-0.1148729033139635,0.07740311571978041,-0.06424173696628507,-0.020746132811433712,-0.07192408375724292,-0.07403792602996212,0.15621988150636504,0.08026193761648291,-0.06938042039628647,0.19698073199969074,0.03145590009577578,0.133937738892257,0.0608316550967674,0.13496585196788263,-0.014066256262055573,0.2606352228458688,0.1153469642366684,0.1970517989436148,0.0,-0.14331623754614914,-0.06054912475454589,-0.042135699463483466,0.0,0.15049283294219237,-0.12110446276173129,0.0677505941019607,-0.023700271939168172,-0.0034918130977078243,-0.06445171289317876,-0.06169099088523011,0.16114066768240923,0.07592839194064824,190
-0.29928162550206433,0.519479701674265,-0.022483804359852384,0.18611621981785292,-0.034512086856696045,0.09473978526439306,-0.025008858563692976,0.04595896140609147,0.11246186406318978,0.0931786413411994,0.02675146706493336,-0.0853868978698757,-0.05508610506317153,-0.04756779394101562,-0.051681746302855616,0.14131027411802732,4.3537067925349075e-05,-0.08089861510601813,-0.15233839616824293,0.025263835965730376,-0.03452178595720249,0.013876974830041714,0.025054429687631222,0.07094907318127482,-0.2846629497894118,0.4629922600844467,0.015997208447664262,0.17430292544326886,-0.02808547596311361,0.09696977920303215,-0.02656711709987024,0.052624828822664005,0.1095651959242007,0.09672384605649587,0.04208074377820913,-0.08664577913086068,-0.05719365123871345,-0.046522485567959196,-0.053161108793421154,0.16397905370014465,0.0008910619046651689,-0.08126052708359957,-0.1249969440993415,0.024851406054972363,-0.029809295590593615,0.01075122417649759,0.0340911140935057,0.0576863268966013,-0.2984940290243334,0.5166456060591339,-0.020113386594141212,0.1853578141385605,-0.034099896363687196,0.0948216616630388,-0.02499356903040262,0.04616012544984315,0.11229956622124088,0.09333284751324332,0.02738326607067371,-0.08536154453492732,-0.05507400591648756,-0.047468048884419606,-0.05167506285888606,0.14270246968374836,4.8151003384469544e-05,-0.08091950502225079,-0.15074749462397397,0.025148580440615985,-0.03430163358692954,0.013723373267724558,0.025532769331773703,0.07016523895201521,191
-0.0,0.11705173227622467,0.09569583041104711,0.06333569614478937,0.0747939384514058,0.03867285611727398,-0.010885783773501766,0.12506178457679226,0.04116607588140947,0.08695730477182906,0.09901763360096247,-0.02085201709218357,0.0,0.0,0.0,0.17657080452416385,-0.0011785704598841905,0.11322358934732378,0.0,0.013956352907963342,0.04247613509901354,-0.11815633621396979,0.10464992941506919,-0.15466416485136486,-0.001677633321694052,0.11824456075322516,0.0979322785032443,0.08355261815955005,0.08511870702828048,0.07191381354525199,-0.0265675595592432,0.12417393561275138,0.04607486315118084,0.10467270700970939,0.10300068411996709,-0.031021185667234556,0.01669887976741341,0.0005942233165276685,0.002930971511422301,0.14953222892144916,-0.01748714940603159,0.11714496484042594,-0.005538754786258183,0.023272184799618238,0.04577034129180357,-0.10919959780353013,0.09850746038515393,-0.14674199777810207,-0.0,0.1193847627338217,0.09390427951880075,0.06390457888977676,0.07352363495782596,0.03878871545960123,-0.010757310280738943,0.12465688345310245,0.04009521200769847,0.08701196298406572,0.09955607144399148,-0.02156995833499685,0.0,0.0,0.0,0.17116057775350782,-0.00010938034279653286,0.11303473957109052,0.0,0.013825721545909792,0.041268113470774144,-0.1173944820892797,0.10006192164085866,-0.1511435439634569,192
-0.13932599476403218,0.03391910788795066,0.26587567209789875,0.11161117594598065,0.07456309559389523,0.012075371414886545,-0.0689547235554233,0.2917619761825407,-0.029063952839299644,0.306335666273201,-0.005402145643222338,-0.05190630298234089,-0.0863440505853257,0.004003229899911284,-0.020835089324797967,0.3407296877037741,-0.07451918409706262,-0.03517188631692131,0.05028492083636537,0.06698209922702678,0.08804145553030931,0.10403515257632681,0.07105130034511481,-0.11146481151327922,-0.13137727128477417,0.07145683714254418,0.24013320089386142,0.12575856510488417,0.0692973110200163,0.01962824796502045,-0.06709853400280753,0.26950991788597184,-0.044498911441311406,0.2980534104282557,-0.00767068463178732,-0.044884221238528296,-0.09379530154615578,0.005098996897777739,-0.025029537828540203,0.2934060272450433,-0.0756332680960109,-0.034248668535671746,0.02419880096447637,0.06837289056227597,0.08688160901496675,0.0906687973778214,0.06425015206149613,-0.10532846794127544,-0.13868278199058695,0.03867776534194545,0.2623139417225726,0.11410789018211988,0.07329738318693502,0.012565648516135272,-0.06786715550332593,0.2875399257103806,-0.03031627149119207,0.3053175338244929,-0.004685160168429858,-0.05038133040316624,-0.08677422649952377,0.003795471143710771,-0.0203028658685687,0.3314055336045838,-0.07419058370839753,-0.034203250535759996,0.04302717844083469,0.0654466817201417,0.08678684950353728,0.10102581820872288,0.06994094801393279,-0.10898634926970756,193
0.0,0.3577032665818537,0.1727788336504746,0.0,-0.0,-0.0,-0.028399998978838496,0.0427558354757141,0.03697499152571177,0.15166187130400247,0.031159781616061952,-0.011628187833202226,-0.17982094827023273,-0.018178424205781328,0.0,0.0,-0.01849778531554027,0.21709494601036383,-0.0,0.012404529850550433,0.0,-0.0425967090679825,-0.07066428372580875,0.049865453834383164,0.009247304362939652,0.30115715110945773,0.16741189432592105,0.009608080640437902,-0.008788601799976236,0.008033838197805517,-0.05841469316575324,0.07512346473367816,0.06684031033272621,0.14636484132881047,0.05179390840977335,-0.02229156364727412,-0.1711257958727883,-0.04380792778137296,-0.012928129489463362,0.05885929609788358,-0.016501492385392908,0.21182729535466785,0.028891733592234133,0.027520596054654116,0.017263080495806236,-0.04929568825683174,-0.10695372691132982,0.08823345194048386,0.0,0.34534337893770406,0.17383150879500042,0.0,-0.0,-0.0,-0.028410434251007144,0.044166451926595275,0.037246064001816986,0.14977587156061675,0.035701845473094795,-0.013422585275290156,-0.1758046727938427,-0.017825868446303062,0.0,0.007032661539204123,-0.0164132382333591,0.21340597089719,-0.0,0.012171226702430187,0.0,-0.04461832653083741,-0.06807718944321937,0.0500070959052364,194
-0.0,0.3242255117488625,0.12267731193014954,0.06000016853006612,-0.023228871184368286,0.011638031317977967,-0.0,0.05787203047968364,0.00017313483997649092,0.147946373230611,0.0,-0.12591141213145882,-0.18855551346652458,-0.0,-0.011480923001415623,0.22234029106133676,-0.02884242317385814,0.0,-0.0,-0.0,0.0,-0.0,0.13946200522024463,0.0,-0.0052270176980000775,0.23847884376801984,0.11586649787928813,0.10881159658686242,-0.05206758110415922,0.06072674244909133,-0.00826477591883947,0.09081158677102333,0.04097344918481023,0.15198585074404852,0.04656438105122081,-0.14447991353501347,-0.1579683904151768,-0.03581289229012728,-0.03768535499376546,0.20871441422875522,-0.07045316176376584,0.009586162110859811,-0.03365315760329073,-0.007746612829133141,0.019997211613932322,-0.012851286811347269,0.13633227468779358,-0.007959743210178054,0.0,0.30509099070908824,0.12427027367664896,0.06904850781327401,-0.02473060968311696,0.004897044479389974,-0.0,0.07735736529220458,0.0,0.13797489022228152,0.0,-0.12261790061763947,-0.17537869161601558,-0.0,-0.008462943593889449,0.220748108354323,-0.022378319128243156,0.0,-0.0,-0.0,0.0,-0.0,0.13044430612473432,0.0,195
-0.2297567372302438,0.1959313913450298,0.007486205730062916,0.16456622302090784,0.0,0.0,-0.0,0.2516968638112167,0.013018623358317438,0.19546495644360995,0.08935745173915567,-0.075143877868304,-0.16933597717461737,-0.012434550240959519,-0.051285461016100466,0.2556864286762756,-0.12403373008479134,0.020927994621327144,0.011589028440889867,-0.0,-0.062492509297812034,0.030027518149301668,0.0,0.0,-0.21342385782759335,0.19231615531635482,0.03640196451489651,0.15465706390610814,0.015881045387817268,0.031406387160113534,-0.029776770935610365,0.23497521878296046,0.0537522666001152,0.22432837980310372,0.08909755460380794,-0.07318829343522258,-0.18037652969275514,-0.03606144883173141,-0.06671405186751753,0.2612899210245174,-0.12987909008186965,0.04095780903595248,0.045566888647626466,-0.010103930882238866,-0.07416700956886774,0.06255570574452214,-0.024637705163265213,0.03539620650998668,-0.22357521492093188,0.19501441995213517,0.018188164987210518,0.15851235264226884,0.0,0.0,-0.0014695852309438103,0.2501046034531148,0.013065462110936378,0.1922316130461274,0.08953374103758369,-0.07374428736255761,-0.16441688272719834,-0.014385064180467968,-0.05176085672493003,0.24995102658410212,-0.12218522005271074,0.026283052815979025,0.008857025384074685,-0.0,-0.060897105844454874,0.03097237641606805,0.0,0.0019861438891499534,196
-0.12606228206115688,0.24802422765226181,0.27690181919323886,0.0,-0.05230228137613407,0.08115962350996159,-0.18716391526201284,0.2513362613050315,0.018990935372609055,0.1835553904110044,0.0,-0.0366218159863459,-0.05573251632493852,0.0,-0.018448043798384373,0.36023753000539394,-0.011404389322026342,0.09496504517752327,0.14540971338039835,-0.004574274707581586,-0.0,0.036206389276269416,0.06469189606273079,-0.06055167649340168,-0.09216471638719675,0.24723058881007598,0.22011631200777249,0.023791273574465723,-0.05790906485219285,0.07888824681424872,-0.16109426117406875,0.24053747461024738,0.022746518796983136,0.17157961258009372,0.02454017146942601,-0.05316265126190513,-0.07759066334550818,0.0200609007340657,-0.029440461755369067,0.30899296857838743,-0.043291715609187244,0.09615085042065068,0.12103633285457088,-0.019062015860160562,-0.014510208459239645,0.03698999276064328,0.0719872224887696,-0.07647920195213374,-0.12006632271827158,0.2499886584281005,0.2705436907803993,0.0,-0.05058760577177841,0.0802115039967503,-0.18155775613322267,0.2503770671387724,0.01908638966592871,0.18110639423493638,0.0,-0.037623655226193174,-0.05839933387762589,0.0,-0.02048068689470724,0.3469749834284517,-0.01614331821590413,0.09459689634677318,0.13701759580195116,-0.005821323850194925,-0.0,0.0349159086132665,0.06385899886381459,-0.060897971875631764,197
0.09740566773459984,0.11579047666758788,0.3835930548120152,0.12498505190652118,0.06143589529191413,0.06633030884558475,0.029004818288097013,0.04763050725760783,0.20209902266854746,0.038975624180406475,-0.1518632507597199,-0.0703683829205055,-0.07166922288070464,-0.02194690646354403,-0.04625309463821963,0.2184535793760805,-0.06344016837215727,0.19154505800536542,-0.0867345339584253,0.04787837257851295,-0.013827670743013876,-0.026863976627691334,-0.05160244423815566,0.09094752940573261,0.06094406193949127,0.14936513675224747,0.30933083259724864,0.1225526243715538,0.05166454639040024,0.05963111512492787,0.03307256129491911,0.06598731041310366,0.16996189569808906,0.054276030363847524,-0.10853130379061846,-0.06830964827288044,-0.0843977142322466,-0.019302138829264917,-0.04128472031298933,0.17333628628932202,-0.06578791135934765,0.18593831625102658,-0.09447109025842226,0.04705803076917384,-0.011539095104167955,-0.03667880373042816,-0.04037035597711498,0.08410377463662322,0.09509773995836572,0.1181712197228883,0.3801662052117147,0.124205381236885,0.06064274848329606,0.06567630937106021,0.029195390600354927,0.04848724441785193,0.1999148767495599,0.03970547784898583,-0.1490724390275719,-0.07019670626594574,-0.07196568167877683,-0.021625218583471717,-0.04567843086763214,0.21585592198842016,-0.06300661272942878,0.19142190816151552,-0.08725619542642715,0.047661553101188046,-0.0134262534635692,-0.027420729584855058,-0.05056372388050962,0.09024240473388116,198
-0.0,0.1605364977032573,0.23248269655961115,0.03970954472237261,-0.14111457239049896,0.0,-0.000552719078525273,0.3535030313238218,-0.014690765979405813,0.09870632075928155,-0.011261561507361772,0.0,-0.019933428755690086,-0.028237776875345025,-0.02000530153562166,0.22324325395782232,-0.023683323450260047,0.11888334180964016,-0.0,0.0,-0.0,-0.04517552841648995,-0.0,-0.010612145569511703,-0.016690397494612506,0.17981611056704924,0.18852841501643253,0.09765617201895331,-0.11883536118153028,0.02313790614426613,-0.032359020761995094,0.26596242781482643,-0.055171993822757066,0.1185185945634054,-0.037887613996524475,0.01009933096645288,-0.05813587468616594,-0.04710222056482555,-0.04930544943250331,0.16399960498678273,-0.06344085019833218,0.1289558267688396,-0.06595889728026863,0.020170219355927225,-0.022952459634071727,-0.0950129922237163,0.0004960828013396665,-0.03380563944437046,-0.0,0.16624334525107948,0.22517380230221443,0.0482255313286437,-0.137736009516846,0.0,-0.0,0.34181600414460606,-0.019666719647010944,0.09960560290981058,-0.012344947827715301,0.0,-0.022359508444708603,-0.028038484352951497,-0.01950475318048585,0.21722191375014122,-0.026374234867749268,0.11822538181399343,-0.0,0.0,-0.0008519289757917993,-0.048785891626075814,-0.0,-0.012090010734473385,199
-0.04898775143660652,0.2704027784026313,0.1544479504651672,-0.0,-0.06552827588992678,-0.0,-0.002663418882268512,0.15062127566502623,0.0,0.11261468105667742,-0.0,-0.10436977875140413,-0.233263479772321,-0.017344886077185623,-0.04766330480255379,0.1051367073607028,-0.05767899125222282,0.10090858263288988,0.0,0.021530601131894835,-0.0,-0.012857448722824303,0.0,-0.0,-0.09973148344152029,0.25586513213097045,0.18936809012535938,-0.05933731613091955,-0.11784824502636243,0.0060498046341706906,-0.023365884019943,0.14982401771041326,0.0638613096237061,0.12985680703038013,-0.04639576814438955,-0.1129706752376694,-0.30159083775726886,-0.051576890587455765,-0.07616893753343296,0.3035352192699602,-0.037478462854449196,0.10600245856945056,0.15019457612653955,0.039136142048235616,-0.0011566452363801047,-0.04558416411148831,0.0210056619925608,-0.01684188945747777,-0.04059842462297262,0.2530291629643818,0.1605925115344385,-0.0,-0.058150763863063004,-0.0,-0.0,0.15284498725582019,0.0,0.10407957537118467,-0.0,-0.10243382865265226,-0.21804351987037596,-0.01315316511586307,-0.04512478106087831,0.11449897648069397,-0.05481070812855044,0.10180376623145519,0.0,0.01855039117893802,-0.0,-0.012058673784902482,0.0,-0.0,200
