n_obs,r2,coef__const,se__const,coef__log_HCI,se__log_HCI,coef__log_GFCF,se__log_GFCF,coef__Political stability — estimate,se__Political stability — estimate,coef__Rule of law index,se__Rule of law index,coef__log_Production_Value,se__log_Production_Value,coef__Forestry rents (% of GDP),se__Forestry rents (% of GDP),coef__Trade (% of GDP),se__Trade (% of GDP),coef__log_HCI_x_log_Production,se__log_HCI_x_log_Production,coef__log_GFCF_x_log_Production,se__log_GFCF_x_log_Production,coef__log_HCI_x_forestry_rents,se__log_HCI_x_forestry_rents,coef__log_GFCF_x_forestry_rents,se__log_GFCF_x_forestry_rents,b
1237,0.7233580885671289,-4.587231098209168,0.19095177576108563,2.7906832822596335,0.13646708767117016,0.29832014029978465,0.03360665434809755,0.09281210885933033,0.0315286392848501,1.0059279237944407,0.08912556650254343,-0.016009094044259896,0.0077383289118550325,-0.042505707147284966,0.012116167984245222,-0.0009589012163598106,0.00047734642906096814,-0.05635135106442071,0.038616967188000326,0.05080070629872521,0.012763271946747447,-0.14545609273122445,0.042680169135873004,-0.006512649185500572,0.007402981804812204,1
1475,0.6158263302372297,-2.9656787295337836,0.1606147700493407,2.2703662264261117,0.10847060663714196,0.08873907775453296,0.037378527578164684,0.13845108464177378,0.025062698077409056,0.329009231142521,0.08890109469221001,-0.04507159047489355,0.006613879374000887,-0.07559693976170309,0.0091517878198904,-0.000857356908080358,0.00050943307336047,0.004660022479246129,0.036257071045286325,0.03743276544216759,0.012042722649216409,-0.2592767100791702,0.03110894188102305,0.04415858627586456,0.009466110578652227,2
1199,0.6521014862818065,-3.832688907459117,0.155763903134636,2.2088874505188154,0.11973964776354395,0.13470064108645993,0.03521532948575556,0.02043445448272914,0.029439288398779167,0.7178219343999245,0.09885705629481001,0.011902032344307461,0.007270512662892832,-0.021351668451592698,0.0082515605356695,0.0030498192049977562,0.0005416976767683637,0.2846420104357862,0.037778497152564004,-0.13017178201054574,0.018504100766512148,-0.0990513247953808,0.03636307631918898,-0.015693473570495203,0.010607725827287112,3
1362,0.5618771427969642,-2.7724323926966923,0.1957592830158582,1.8364775224847416,0.12797277584962355,0.12072270868308252,0.032412717995463185,0.031573839954369874,0.027980284675399123,0.6944713324211683,0.09438924064411824,-0.013538199951780152,0.00585772259484942,-0.06226625345951032,0.007346627321559751,-0.002787892593733155,0.0006207334058272769,0.07627377207659705,0.03213915118432358,0.06149530744779995,0.012508786208580902,-0.1206350430578635,0.02226061992091725,-0.009897478392665327,0.006047707201227092,4
1228,0.5328907734085873,-2.5960009836569835,0.23107286081478662,1.1696495939585096,0.15988605262017858,0.09357185913241789,0.05423089151497234,0.054823347952939375,0.03282749442756991,1.4834565311814152,0.1143409169894965,-0.021840426427994313,0.007787366864521601,-0.02109934866266149,0.011553876642028586,0.0036162733660253478,0.0005851730501536092,-0.026572940551190565,0.043333732362406355,-0.05268752499511156,0.024282378468118992,-0.07668864349418678,0.04232454538427131,0.01002413496336237,0.012950137538315403,5
1328,0.660993998915308,-2.8803297575002067,0.1767805718534379,1.8467075592351228,0.11351010173630116,0.06374277096088159,0.026874672020789685,0.14908520275288592,0.022429672834807936,1.1209987631169611,0.06567306996172145,0.005631306610980609,0.007429943805513857,-0.07646879679316672,0.010518493905420583,-0.001284636077965887,0.0005426937773154826,0.09100760609830873,0.0378002377270935,0.0480708431757258,0.013935709625570858,-0.14471454812084986,0.02881833683068448,-0.017769299891983382,0.010519657524258945,6
1275,0.7007752300071046,-3.7037141471257455,0.19647327914559284,2.2588849235294566,0.12468661115092562,0.08879655724399589,0.0460541848645824,-0.05149862336190973,0.02985613039785872,1.2546335175630559,0.09127825390026637,0.005753395868596573,0.006959969108909243,-0.11379520612104763,0.010568834065081767,7.847598385867958e-05,0.0005377746860716736,-0.09078261205316987,0.036310247029819845,-0.05908577661126045,0.01753511529138864,-0.30305742329890073,0.034501631965011555,0.009461289390458344,0.01184607962896584,7
1449,0.7488007138182826,-3.8946967762337166,0.19003051670568585,2.591484975166718,0.14163589731642712,0.08633806415656535,0.0343775113090949,0.07814099373986469,0.02666633577441181,0.9024153113839652,0.09858514798498211,0.009304900877855906,0.006047992934511171,-0.09633303045856724,0.011521831654760365,-0.0004193707628727568,0.0004676830035365122,0.1252487244654464,0.029053022839747828,-0.00829966833209465,0.011779778107829604,-0.30441237083500783,0.04750829983763064,-0.007616828965119042,0.007425497257999372,8
1289,0.7605589927159255,-2.934175720602757,0.14882588790279674,2.2624970600533345,0.107054246241965,0.11127755838932563,0.022180322086206784,0.15937850921656038,0.021731689543234275,1.0818061563521617,0.0659024411761784,-0.0665067871983881,0.006585907101838124,-0.08784975617021963,0.009769604864696422,-0.003724144042472271,0.0004943191308663076,-0.04730954158258851,0.03286723625328299,0.031512088857695575,0.0118165960819372,-0.2474797461602894,0.036795819824798216,-0.009490337121150088,0.006249378259110477,9
1246,0.7412130292205896,-3.1309751844012066,0.1839995635240259,2.4275684482764235,0.12141602364180258,-0.13613995609585575,0.034949517340816874,0.16706592284029492,0.030298951343288267,1.3308607142356539,0.0855241737475513,-0.02374788621176869,0.006017952967086056,-0.0893744559951769,0.009535051324667558,-0.0016115551694268595,0.0005015757795930996,0.029991659849378176,0.03230465194568432,-0.05111384265333116,0.011650839769595444,-0.26676290769711264,0.035500462934765664,-0.015440845538704728,0.010589570348632215,10
1278,0.6728278940942971,-3.7412992810527714,0.15225433232223268,1.867283459247414,0.10940684462821457,0.13463723468355768,0.028794577299118298,0.03872218133423365,0.02499502396663592,1.1929017979950949,0.08058717369771287,0.050032425128710215,0.006451328868865002,-0.033192074099697495,0.00701580372652338,0.0016649414945887559,0.0005156511321722085,0.24275658501448744,0.03439169258317884,-0.018864589905301807,0.014744113276350683,-0.21791142095558702,0.03380781622949491,0.009914808364255488,0.008361618517800542,11
1261,0.7679699247577647,-3.5618247161203294,0.22221442772911723,2.5422052913328574,0.16607713233983729,0.08551281915187783,0.03133465977676333,0.06841573312690097,0.029718866454713614,0.7511664308880388,0.09472966764415301,-0.001344103725844521,0.006859930068613457,-0.19381360211546744,0.017602367805009005,-0.0021041834733120063,0.0005281718187777529,-0.021442010633553735,0.031671812713113694,-0.013460435200919463,0.01069609827819373,-0.7666024782065638,0.07372204389936338,0.045565917178099435,0.010370336793393825,12
1386,0.6363838509025057,-3.503496899832703,0.1607201301497577,2.1559839310353652,0.11589824504740802,0.07532026132641223,0.035357865737059256,0.02084394713130715,0.024601230891098287,1.0362731357937347,0.07590190713214001,0.0016673725695423055,0.0081334012872482,-0.08018588134497331,0.006683997514389318,0.0005969952362159914,0.0004748446983609331,0.06664572440717914,0.03462996624967215,0.0556964411616612,0.01751955831570015,-0.23671552551153652,0.03644167306946051,-0.011267395059194696,0.0114834197700844,13
1314,0.7057920805944935,-3.5262724180905987,0.16961270827925026,2.0370575482040083,0.12231733280889051,0.314645677544308,0.03273026593275224,0.08074807401061741,0.025537347484382755,0.9230940832472467,0.08379228222378816,-0.04645719154906373,0.0066253623192312015,-0.12872522486159851,0.012403524838200043,0.0004678932663061221,0.0005058966608571477,-0.14669335663838035,0.030583712560487638,0.05405345378413193,0.009605337840288681,-0.2999561016049122,0.04059050675222019,-0.0027857743226275804,0.01291521912539461,14
1094,0.7616290583769021,-3.3176927791689197,0.14464900433898029,1.3815388223498857,0.10655079609656283,0.2145728237701221,0.020008692389217177,0.10403617616970687,0.024259111048689136,1.4713536462449568,0.07748533679558808,0.0366980827571353,0.005922783866353534,-0.05194524432779162,0.0102099196190757,0.0008850631576888307,0.0004678485185517112,0.12553203595090215,0.0319854682977222,-0.014521816629850068,0.011096486515968977,-0.1998805510123762,0.030886450729894196,0.034656477298794446,0.00793447801927308,15
1150,0.7194242707669971,-2.872193493246283,0.1653061017236577,1.8269092599991819,0.12565071327262298,0.22292727160303588,0.020282621428870464,0.1564253519363896,0.026575770105067578,0.44620296309828894,0.0740776512123702,0.025570275914942774,0.006064818142108266,-0.1478339182078855,0.008543578283387424,-0.002440854785476368,0.0005321353170007506,0.13465857345739451,0.03292563191489408,-0.02177804794926482,0.009139328387933934,-0.3641034748522626,0.028709612045776597,0.005505163662682861,0.008680045843907188,16
1284,0.6790989075846809,-2.5825750680754043,0.16947411042193453,1.4493985191518035,0.1298045577629998,0.25326523351814445,0.022296256945167223,-0.019384230261858874,0.02905376400751338,1.085099607060635,0.06814775071190934,-0.025450647594005775,0.006559039795639264,-0.2450372172056244,0.017572120146381525,-0.0026470852931360775,0.0005053140971961468,-0.10204705026458258,0.03472360726975485,0.03641686729018044,0.0103104063414032,-0.6236200981291252,0.05934937474527488,0.004796957629674754,0.009603288990138684,17
1445,0.668645878932818,-3.1728077504007954,0.13773591894961376,1.9208447886841693,0.10613941123563629,0.11051321461186694,0.02184905536760146,0.028730190315971394,0.023416550980639276,0.7894768760139868,0.09015635608716255,-0.032319506986782154,0.00618365793249191,-0.05590729812576852,0.010240205701216394,0.0030024954327232973,0.0005755894985799533,0.022733947126809317,0.027451121816617036,0.004639367377691925,0.007313686809656262,-0.2655161217187326,0.04439560721342863,-0.017943993842763534,0.011339152686406416,18
1298,0.6706817549980648,-3.30417677616899,0.1456114491566172,2.201383410673812,0.10458873534362371,0.08286013087697491,0.023869736127678027,0.2612849038472412,0.026861711556706063,0.5788280280936379,0.08114807312606312,-0.017516502417340075,0.0061856661374386866,-0.025731898398925084,0.012409210297002657,0.0015623527224416173,0.0005285093807348343,0.002260565876123475,0.02996235491421853,-0.04429280931725817,0.012874819818698839,-0.09677406452077232,0.035264743182409214,0.0049521211911251915,0.007467933696465809,19
1386,0.7811198286322243,-2.582551703106183,0.16330763781773652,1.721403990956998,0.10496859305448172,0.06981439451885213,0.030294883941953454,0.2618385980591109,0.0246755935683507,0.9053707407010029,0.07603574214313819,-0.04075219211400758,0.005597895961686637,-0.10455171870027455,0.009740026082798586,0.0007298015816060058,0.00039868786838367107,0.05685759461191418,0.030704791707912703,0.061606445252297,0.010594944855561395,-0.32626834458446086,0.03989360828287237,0.008325624243103511,0.01245511513553525,20
1516,0.7776635279630082,-3.0724018018955173,0.1296402081540499,2.3384506654283634,0.09133769133194328,0.17106777453227165,0.02009670060559638,0.11387378639350161,0.023118227885470372,0.8222593690711595,0.07434241390889655,-0.07311569814433026,0.006470029618730554,-0.057262776920848774,0.006266476412991393,-0.003525813117463694,0.0004937275940171377,-0.011542509607539428,0.02631830868026024,-0.03838995029405248,0.00877770095896194,-0.18081750382864664,0.022439863943791605,-0.005570311134141295,0.004521426667785585,21
1188,0.5218337055268367,-2.949016905802558,0.1949733512280221,1.6808795722575827,0.12385269741272101,0.165433918489576,0.03823601673109306,0.0008975671331451357,0.027044135871048605,0.8281311757397135,0.07978320376278629,-0.03540856008004611,0.007243724671650957,-0.051340319505659884,0.011665477434311641,0.0019995045798277215,0.000549238692979315,0.06247157822797418,0.042109834149040314,0.028988564124406677,0.014147133214893144,-0.07214112931048439,0.04117187543231433,0.04246936613403397,0.012976503112837469,22
1440,0.6944988126129463,-3.6550001274212534,0.13611079482371571,2.3251817952632896,0.09719147757560077,0.23644083312094985,0.018841759744160937,-0.044400107394398924,0.023036796188344554,0.6229645086877147,0.06458430340320277,-0.018742494070227676,0.005279000930542714,-0.0812621293519253,0.008020578532564392,-0.0019147591388103465,0.0005736935724747321,-0.10217009824486431,0.025823477789836475,-0.02100667251165384,0.009258585490416195,-0.31983896705685605,0.03200638263163148,0.011548524846027605,0.005208886910113112,23
1495,0.7041275879516975,-3.7283676418193523,0.12434700479597668,2.2315698520922336,0.0966951505738387,0.16828443252406294,0.02164674563654457,0.048849814605895873,0.019774109766890275,1.2268333980116313,0.059457269859214894,-0.011113753092616255,0.005298714766048353,-0.021785722381284928,0.00952769389380442,-0.0015301937387868017,0.00046079760660334144,0.05035027490350045,0.024121766794070604,-0.02021842896452303,0.01019053250752808,-0.0749641373520232,0.028753794634349527,0.0007185045238545448,0.005903544382873993,24
1324,0.6723583163858426,-2.8665471063441568,0.19951927938057998,1.8371571635608852,0.1512380769042123,0.051730127643812476,0.023742693857762443,0.07784408555327589,0.02887711987907914,0.9202707470843389,0.07944601952835122,0.01949552694029556,0.0063450586651245845,-0.14344928864691736,0.012688736176606659,-0.0016256341333586955,0.0005856521334058571,0.271541077180154,0.03659989702823123,0.018653662056348077,0.01146199150255833,-0.3955127041984093,0.03690867800178411,0.0408532291055885,0.008854160537330503,25
1357,0.656126017076654,-4.133354439931048,0.19983989581675216,2.306926963566834,0.13598710219214624,0.24837242581547944,0.025172392629367674,-0.0206254818876878,0.034115131888204704,1.006367090750573,0.111864608192264,-0.012190254548224918,0.007093746273146816,-0.11890018344463885,0.01611128456909202,0.001534280053779655,0.000683973922911978,0.2357635205534061,0.032272360867469305,-0.026310668536456496,0.014306211168840491,-0.6005047957815706,0.08352567521292971,0.05903290362512029,0.013837306704510992,26
1210,0.7492160271219824,-3.236681437775782,0.2120540501059381,1.9401764268888968,0.1353914030552529,0.10466189815252275,0.041777348511896364,-0.005441355343720436,0.02576772470966428,1.3737717431993657,0.08389768035334018,0.01632130875414515,0.005907989297481947,-0.1372888407407484,0.012965765264864652,-0.0035599492815107407,0.0005598519297930033,-0.1491377734591233,0.039437919157327445,-0.01870245920070053,0.013731197346616283,-0.504644111636456,0.0480904962462256,0.007986284089417588,0.0068818240885064426,27
1542,0.6054322716307132,-2.920160214418994,0.16707552807896592,2.0141705516752406,0.11754467331594785,0.14563646374717065,0.02538207743831759,0.03400493603151114,0.026738879733104386,0.9537836762053917,0.08002907762442925,-0.045165993740682586,0.006827268831810411,-0.10655832454956499,0.009498924572269009,-0.0030818515257313634,0.0005500833488575069,-0.023520245114754527,0.03685480538213679,0.036386365848622024,0.008816707577508836,-0.2585026909979368,0.03665640177912483,-0.016159176918725513,0.011367737266973921,28
1047,0.6210975954220642,-2.794608518680397,0.24685056062102928,1.7948890826451147,0.17143928610319858,0.07927525357940512,0.050482038155856924,0.08018305895614877,0.030522697141596406,1.2623748042791791,0.10331870209065987,-0.01969527487497687,0.007949687262155506,-0.13357584167613692,0.025889666365822454,-0.002900633987172747,0.0006837476692862342,0.23103138083103236,0.03798473747940721,-0.07223346052946797,0.013265441759434702,-0.2885788518567153,0.06075378506602142,0.021185019700921272,0.019620006203289183,29
1145,0.6545079419158097,-2.2622268241348085,0.2646531451973062,1.083726265635127,0.16601616541861705,0.019442761395604635,0.05045067328179166,-0.1517638745773131,0.03826862152186143,2.352905222977463,0.13001451927242688,-0.03336232118586213,0.009028812825386822,-0.06387661544784519,0.01660476147477166,-0.001667759890902799,0.0006375502042605776,0.062001007995465124,0.05050488367860018,-0.12962915180438386,0.026136248553811907,-0.18316054131052692,0.06945634862262537,0.0676773347776849,0.021955774546562012,30
1500,0.6547504914701727,-3.5068922517503816,0.18668562339464106,1.6960212932260825,0.13952168370521237,0.2289312175007175,0.02284068006696806,0.19027561133752283,0.030328823274631954,0.905697755254968,0.09224897922417931,0.014370424971034832,0.00608699053567795,-0.019088193846007254,0.009305904642598296,0.0011178055896998058,0.0004653845027397848,-0.07417258634031508,0.035981794963738455,-0.03185797688891827,0.012897415808349804,-0.11318371093796822,0.031118401623852286,0.0020886391495630115,0.006188909183949849,31
1467,0.6876107514412422,-2.341649744250153,0.18714167513419255,1.1593992465191405,0.12668152176980305,0.27460997096600215,0.023088800307076753,0.15231705896067746,0.02587881985337257,0.8936101182769449,0.06949468394089114,-0.005259721953065455,0.006449431058097825,-0.1834870732618742,0.017107873295670522,-0.002537915887682208,0.0005076999769074595,-0.26692537858224535,0.03368085811852867,0.07022055142261563,0.007214599190155587,-0.47894943013562763,0.05616215629121469,-0.021035819763655483,0.00948165746633213,32
1075,0.8062662594283968,-4.517796467306388,0.14999190843951757,1.942938979301982,0.10531768849566134,0.2608904654403868,0.02911331538894519,-0.038236366697496804,0.02083573119342527,1.3667574466244408,0.06390768292095991,0.04937388976712677,0.005193197619528031,-0.02357410666340684,0.0110716842676841,0.005038285620563154,0.0004065455989546269,0.3417261522553074,0.03327641204630914,0.03496475313010455,0.01074770038101392,-0.0851285253789576,0.035976654779048683,0.019221435072480284,0.008041336590511036,33
1541,0.6423459450944069,-2.605931127594813,0.16240901645165431,1.3990201534675164,0.12026551704509961,0.11045694352037769,0.021970069729105157,0.022809590414342204,0.025121126248383963,1.3793111042386688,0.07573364576436371,-0.024514704554378524,0.005793645849059901,-0.08834735071921777,0.007149327957626628,-0.002158443262805271,0.0004833970348592228,0.10553603571401332,0.032626688665463865,0.0018250681660092285,0.008047684188204847,-0.28848247754160583,0.036317619823707153,0.019553557254769063,0.0074073149896885845,34
1259,0.6807020750189456,-3.2613720411249094,0.18692222022070604,1.8632164978875925,0.12749772003644855,0.1785720099289601,0.028275679861574032,-0.09931276007665063,0.03000675279084166,1.2295760709913752,0.09472296390033501,-0.04779068553765102,0.007284997074869487,-0.10256003804684584,0.014719418723864404,-0.0010471938616341619,0.0006130919863406387,-0.030050883952385504,0.03401298996713199,-0.0020713018310434747,0.011560169196942832,-0.4087854371918813,0.04974775887260775,0.04244775516888935,0.013666739669616353,35
1322,0.6802036504923671,-3.576564599529644,0.17244281266462225,2.383555703951897,0.13129756424995748,0.16114413195887764,0.02673750431316184,0.13745318604571394,0.029666104793232208,0.6031631615699944,0.08285125735594079,-0.03062921600449326,0.006670799282621297,-0.06477022953598026,0.007762879970570718,0.0010035764941456024,0.0005573953895381628,0.18738244676284954,0.02957377261327523,-0.04497027183084333,0.01141668527478376,-0.2519190570485222,0.03468219384264941,0.0019928919633201182,0.006228635105814776,36
1160,0.7630481361047946,-3.6890391751968514,0.14431653103352501,1.602211192598419,0.10042396561533928,0.2923339468317187,0.019866951443166768,0.036359847681941906,0.02385492892686103,1.1065562310145367,0.07734229940246164,0.018627581152744814,0.005775764013594423,-0.07673856644253832,0.014286331463139068,0.0034775006302912924,0.00040818629710382234,0.07738802674242881,0.02664332901588609,0.01952185644798177,0.009808164913184578,-0.12757040245096146,0.060227454350559276,0.05167484293172482,0.00930726836185654,37
1345,0.6123152635029697,-2.7738228780791694,0.1779480488112073,1.1678333388116848,0.11480018739435092,0.2158299963340073,0.03568849108974025,0.17504621056899594,0.024643154727186388,0.9489154395213469,0.06918345806203058,-0.0052306262753182165,0.005792141908785001,-0.05764224434038821,0.01808711809736824,0.0034978344094790583,0.0004820554444215506,0.055658391524879586,0.032663684467409075,0.07721672800416551,0.011582391713525684,-0.10312409512196986,0.05988002416707615,-0.022321033993043235,0.008864205679340141,38
1262,0.7851132723316727,-4.818310263249709,0.18078206850610617,2.541000285510961,0.13531135293222016,0.27735285631017237,0.032218625407222784,0.08353568182365877,0.027281625292821247,1.671622929979515,0.09342512835984643,0.05204248265092633,0.005304684397740486,-0.02335547369730378,0.007876823872192903,-0.005354507140684524,0.00046592732076406276,0.1640159540122274,0.03640962150995844,-0.07342043918065748,0.015957915885003785,-0.12430316515491814,0.023215451243392974,-0.009824006543693567,0.0064933101412002914,39
1483,0.7085865542188264,-3.4218036563622913,0.15930239265111537,2.173639068122373,0.11683922709423324,0.31190449740123416,0.029816991121187242,0.18683541088044342,0.02437540617808246,0.5045447413422469,0.08361047531252591,-0.045904557415464065,0.005547037169818732,-0.06346231463282055,0.008365437468874456,-0.0011016767626761386,0.00044930299950207307,0.05931966706946329,0.030164851140444288,-0.02877682042581293,0.015507301964184369,-0.17211451225002442,0.0346103548591567,-0.01639057089237835,0.005899721754205787,40
1331,0.7423307947852373,-3.4394518115127966,0.18167770836660002,1.8077596278769585,0.1193922940652258,0.4147141590895915,0.03574276018992753,0.0064382551457791495,0.02988018723258087,1.0299010091999923,0.08044013863447881,-0.05513941749242569,0.006977334734955468,-0.13954839141408618,0.010629630689528501,-0.0032075681943697703,0.0005671360015414405,-0.2739669720031168,0.03363147383625716,0.10217470213667681,0.015951878206865507,-0.41528143905553005,0.03398818953101782,-0.007150155477396883,0.008522586180310163,41
1423,0.6860848161313422,-3.403154836793959,0.15069123932865283,2.266466630009991,0.1098767157838012,0.20085472415209626,0.021728782343914826,0.02731259443899462,0.024083113012690074,1.076712192209024,0.06969610377016847,-0.020357084230760596,0.006391023070416973,-0.11410210380653626,0.007068752354715868,-0.005092049445564504,0.0005080334426442869,-0.009605125703063468,0.03650404017011494,-0.010875283651682183,0.011435865912928438,-0.3915113834039756,0.03329499899101692,-0.007924809937194743,0.009006582373311643,42
1153,0.626729335643585,-3.2490872619944624,0.22276844352016428,2.164167778057569,0.15583005509643158,0.054152863720467834,0.04103561118520145,0.08781604714433641,0.02724770964459511,0.8624603383942263,0.09355016478226734,0.02351747443342736,0.0073627192461875116,-0.053220701488637806,0.016242164378581576,-0.0015869662232607094,0.0006315381171247984,0.14408024612581932,0.03980563338793377,-0.10071949146965717,0.017619266825564882,-0.13419893542036837,0.06131990937810856,-0.01003021940713706,0.008597363866148091,43
1524,0.6309009132849444,-3.786304343603904,0.19255687262417984,2.6219238446259316,0.12881698841560074,0.14795107022382065,0.03206114227316702,-0.01816212819000157,0.031344594021907396,0.6151541331012056,0.08333505674392208,-0.028128167736013215,0.007122337257579794,-0.13080757372413732,0.011386811383975038,-0.0019373738663847364,0.0005634096069447155,-0.007902279947637494,0.032282248313997786,0.07240218662663582,0.014833901327600936,-0.3847252641548611,0.03761125628126463,0.010438549912418178,0.013554747070255562,44
1335,0.750934751240064,-3.8541253749248217,0.16531707337301355,2.5235574178046667,0.11543407787355092,0.17544320630836388,0.02329383701035946,0.10944845515393356,0.027841968013806284,0.8185621070856258,0.07330747535325062,0.024683423435016123,0.00598374904429286,-0.17254159728557333,0.013545140735726173,-0.002772119617917407,0.0004995745396527275,-0.04805271025456781,0.030246492176416454,0.03606154869878926,0.010995526933334039,-0.5291283092466709,0.05303567527981913,0.016794631812986335,0.009717504119618591,45
1228,0.6646521766756359,-3.3789947139828005,0.25374023474443974,2.2613887661716463,0.16077612470884317,-0.03995252046564732,0.05500124240464521,-0.04394404876186742,0.032960589845368156,1.627282000878693,0.09900649223191889,-0.01832165091253155,0.006550473495913413,-0.090369648996871,0.01713908667831769,-0.0016776997677609633,0.0005842807511442322,0.0787754062882641,0.04014223422799585,-0.05351571929941072,0.01605195478802415,-0.0995378740884719,0.07718210725460184,-0.0804404510266938,0.029179612234382327,46
1375,0.6432219031488875,-3.612247266084754,0.191391429238789,2.3557599110400647,0.12738007193593331,0.066333340496302,0.022009822243812666,0.06787372380322056,0.02601940454005027,1.2249014739623623,0.08982623578269376,0.010581897275189574,0.006951163905914763,-0.07807063120631383,0.015804760200542015,-0.0027056589690774816,0.0006740245504032698,0.003385530945203649,0.03821503605315635,0.0734256367751368,0.009661605381103963,-0.26532717062205097,0.040487796190513924,-0.021232067947405307,0.012832176546143102,47
1256,0.6169664148167477,-3.478044619335245,0.20069728789162689,2.417566409717479,0.15640305773999272,0.06139205230936452,0.029969946623176594,0.12624645668366424,0.030821061243437708,0.7096983613745796,0.10089290172634442,-0.0011527100696138957,0.007239095721915992,-0.12514251074137525,0.018851160821681638,-0.0014261724860811307,0.0006454530072210808,0.11029882443852032,0.04026878925363121,-0.0080624317119684,0.009979121213756485,-0.5633881911020971,0.07526754533981338,0.008044506541105004,0.012443935469254834,48
1349,0.6785071824698179,-3.6111345360181915,0.17320486451728262,1.7077589536358486,0.12804106013517333,0.07021010111394582,0.03038173039933766,-0.0664659760141716,0.02475112559123509,1.458571171903101,0.07269966651428551,0.0498477850571943,0.006202369649971709,-0.11846844439736048,0.011057141692382763,0.0028009049874533733,0.0005455704340426707,0.2551547784340471,0.03489687358297029,0.04002895598918731,0.011888134348358536,-0.20617648331393784,0.04777938429339036,0.002981950542616553,0.014348114838857237,49
1680,0.5920782913878,-1.9933580736403758,0.1474799860610642,1.0525012143145316,0.10223369020036163,0.05108713719061492,0.021721189939198398,0.06586001683902223,0.02054736020174994,0.813554343804665,0.06347843821255318,-0.010443019263827263,0.005461750005272051,-0.11959486366478249,0.008855309528519277,0.002289135053634684,0.00044972050099671235,0.03645414044065989,0.02759419652424886,0.00931483666487837,0.007949120958495731,-0.26921409089661574,0.02404694806849426,0.008368077742312758,0.006716959015862537,50
1335,0.6899613629668142,-3.820364940126905,0.16813074386656926,2.7975981256845177,0.11456969059663395,0.14185398288582834,0.02182755136715568,0.09085334770397298,0.032587937140250225,0.6494634917588492,0.07222834531167034,-0.0387909510561335,0.0075383091288078324,-0.11008486537277914,0.0099781687580086,-0.0022086056525317576,0.0005017514371170976,-0.04064054114162075,0.0312737731932074,0.047728275677313116,0.009830775953789611,-0.39737906908159054,0.03367097535571649,-0.03138775609377714,0.00888059801914425,51
1279,0.7080450602956541,-3.309876077461581,0.17134077877440826,2.3728887187057808,0.12964869704696072,0.17681979036295534,0.028591843397282407,0.10961517546737733,0.024273508724066417,0.23484845504180113,0.08196947473211773,-0.009347482479639712,0.006731907465549766,-0.1676329284444087,0.0176698651828256,0.00042242834728208956,0.0005769508138976818,0.28232715443268114,0.032178521179356476,0.04964723353066009,0.01200933113988183,-0.2840442935135941,0.05185707146702884,-0.07006021155539928,0.013763385195264795,52
990,0.7015640601958872,-2.273252729512015,0.2763075051263914,0.9069494176614432,0.1893385546500403,0.27756932475741497,0.05393561411764726,0.1045642171269158,0.03192653563308668,1.0864574948690486,0.08911231321622286,-0.04448960087133359,0.008835134211538535,-0.23245892966913997,0.022183719848936516,0.0010039048368101562,0.0005903988301432708,0.3706603266921532,0.04538791515695573,-0.06625928129629455,0.019741906567137594,-0.5070161518026022,0.054298017330173996,0.034738291513654596,0.015243343985919868,53
1600,0.7430029119681625,-3.459280509638039,0.1225488994287442,2.1982644247343535,0.0829265507955251,0.2632784181132337,0.020667519239393372,0.05833135422966833,0.021632276698612674,0.6648433612533885,0.066511246683084,-0.025711047951843917,0.00591198300186318,-0.11527871049392566,0.007302667538252445,-0.0014444158608449432,0.0004154407983046231,0.08238667321447436,0.02610293858319672,-0.02674163760361447,0.009404738219942716,-0.37942414690478216,0.02958136982252765,0.015963777271849586,0.006999120534872231,54
1317,0.7125694058327509,-2.6615731825787323,0.15778136419477168,1.9397535502022212,0.11015573845967251,0.10583499395525313,0.029097900048285715,0.19917770728140455,0.02441693127618087,0.7463237689267971,0.07111336733569036,-0.03036543493023302,0.005524043002037051,-0.07273490760730944,0.011108494292217089,-0.0015733892188210584,0.0005298390009151265,0.023543465212895087,0.03028099978008615,0.05361301981265842,0.012721858915359855,-0.06598752072860661,0.04114573276618204,0.0027526287666416495,0.01187331371599325,55
1081,0.7282941387599667,-3.6067381835830536,0.1502808667727924,1.889308748757996,0.10250711381006543,0.22816065327696114,0.03021959329207722,-0.007014850101204929,0.02268108509135844,1.2167016871772018,0.07634820584019818,0.016408320170871283,0.0060865082049223656,-0.07132339647514864,0.010882389124899795,-0.0005464895490815052,0.0004744489785233189,0.13924899545082578,0.03266984393775177,-0.04066270406123847,0.015272618775772335,-0.13883336361839238,0.03149987082858258,-0.015057738802802917,0.009340588988066495,56
1185,0.7365986769338286,-3.971515795272599,0.18525941312584607,2.6673475992983007,0.11311004931635225,0.10751782637934999,0.03642198976142774,0.34378176673343763,0.028563077592602924,0.6655402776087248,0.08330415423917785,0.04772951003079159,0.006273496452373899,-0.05506140466264728,0.01381794860821455,-0.0011616412388638165,0.0005137372007062983,0.08692023824645885,0.03187555857663808,-0.026285534658478993,0.01398370072059898,-0.1589832372390338,0.042109888467966886,-0.04366493597397239,0.01232313313883582,57
1436,0.6476391785132471,-3.537317146530464,0.16765646695656442,2.3178443310615315,0.11476212297654925,0.19381757716744807,0.023541962744536873,0.1577480003409915,0.026741483534641976,0.526347722759701,0.07729488270470802,-0.021686875339116042,0.006774860086200875,-0.041537091850222654,0.010829652243874817,-0.0009648773133364924,0.0004917411474996112,-0.12637217782976262,0.0355248888481958,0.0334503015966886,0.009462996295335676,-0.14187737865393418,0.03561074671328649,-0.004099655730343606,0.007340980186150675,58
1390,0.6443277861462182,-3.847248395739495,0.15313866602063833,2.4321914085974017,0.11622017384062407,0.11835805336797323,0.023428352174860105,-0.1149899260220626,0.025216673329583807,1.137056592502548,0.07959428478236949,-0.027296697149965743,0.00685570181944806,-0.06231118240111226,0.009405227556883323,-0.0007805449246583129,0.0005858592047536237,0.23885270702151346,0.032744687420158514,-0.0252369794077653,0.010898708856072031,-0.09181101087703729,0.044640059622753914,0.006837031548015855,0.009173171084568046,59
1335,0.6456268416825668,-3.308878271810667,0.1987242266845281,2.4164242583174262,0.1267277748071655,0.12299743772677246,0.051736445921273716,0.14313575286257835,0.028138094050130694,0.35917593965562655,0.10068189775299999,0.013817548105249574,0.007384714410568051,-0.09030355196331898,0.011565073251271662,-0.0030368876391506498,0.000552332627402701,-0.1276281889420472,0.033847259340766864,0.08083204982972125,0.01589078883685472,-0.48288037438246967,0.0461803790505331,0.07270432376261027,0.011482326657954822,60
1377,0.5627772643209856,-3.4778989224830155,0.19990107547635724,1.6729114765391362,0.13671978824271205,0.20074164506948278,0.026581216233761414,-0.14281757652459168,0.026728560653724174,1.267814040565563,0.08019924935918027,0.010923547415630307,0.006982251898341211,-0.09514357613967445,0.016763586595980224,0.0018237045595848869,0.0005183743998463317,-0.03111697069499121,0.036351810344810574,-0.03166405327732531,0.014802375758731475,-0.3703400154572449,0.0676294583412047,-0.014913121840169751,0.011356976989734025,61
1625,0.6763307208558877,-3.4932234409566614,0.156485296308547,2.4389542100152783,0.11734483078972859,0.1833921653805875,0.02009762369271745,0.1757149018061216,0.025111050608465947,0.4311315368729205,0.06859249891703698,-0.02164977660875642,0.0056798808455512,-0.06224558885771874,0.006688760118051196,-0.0033107609983169233,0.0004973570473032501,-0.05382146381096318,0.02719686225060048,-0.008804467429929866,0.010070530019062683,-0.265447112243003,0.02326853741700981,0.015870372306740828,0.004766304137366489,62
1377,0.6024100858357722,-2.5996950215594867,0.17386965752013395,1.2691837194723337,0.13926350215338135,0.22105363573105383,0.027011595482164825,0.08449406630556469,0.024065147128291206,0.849686881826385,0.07242661194471774,-0.011093258566508809,0.006773507032441544,-0.13321141962643882,0.011768417776923905,-0.000305272441001293,0.0005735380151424033,0.31491794484773794,0.039199753348938465,-0.020647563135588725,0.012130782943265106,-0.29409784913454345,0.05018891221801184,-0.00905927929266568,0.009658038552838356,63
1535,0.5315969529525011,-3.054406484087024,0.15266469266497779,1.6753759961074592,0.10462768483455549,0.18865771044765717,0.02061494129182854,0.03511271475959559,0.02304609988503231,0.9995734107704379,0.06865246958432768,-0.010330865011162779,0.006436048797380338,-0.05561032872289311,0.013183386410544451,-0.0009317320538130131,0.0005090027298282074,0.21963926813031426,0.03645591844095516,0.003964656872269014,0.010855609876436786,-0.01499269932879907,0.04503531880647947,-0.007320503188112164,0.009460147641916817,64
1360,0.6534473054845993,-3.6815170918580375,0.184589167862513,2.2183995672068213,0.1394329145130612,0.12886182198621388,0.02559230430568154,0.10671707715834969,0.02693977470921324,0.9716204352619487,0.0779901609403414,-0.0010351778957261959,0.006528968234406527,-0.03363996192798268,0.018947554952737856,8.085706166927883e-05,0.0005349920922002379,0.34344358730513164,0.03374264816129038,-0.002554768435661699,0.010847028033428194,0.03916973284671624,0.0591308777286803,0.0219109045047261,0.009525211462537613,65
1206,0.6521895290677876,-2.825744990199345,0.1880960819862397,1.5446768312080008,0.12464037874046513,0.031185312507674465,0.03455144393754109,0.018827390324515247,0.028094443585984015,1.4532869873603185,0.09307042882212718,-0.0240324324417428,0.007774890828293037,-0.047075068297804286,0.010264086868155243,0.0018070318576139438,0.0005272256302653988,0.17608843371366062,0.03989271079474659,0.05115412583913294,0.01813112189058275,-0.05094617379993577,0.03509250090140256,-0.014096526822923172,0.006531029952669233,66
1375,0.5898969826040967,-2.004372175393398,0.19740753428882926,1.6645629042661862,0.12438713330783013,-0.09306000181257758,0.03604789289732063,0.15173546751822595,0.026932519487957947,0.8498393033185647,0.08015411192723593,-0.03174449229743822,0.00619569567801532,-0.11238368372992512,0.015261431111610008,0.00027898065061384217,0.0005219317367687809,0.1402210162523439,0.03537773830814563,-0.0006890383877039257,0.014948382424605385,-0.09412447435604127,0.050198708542790176,-0.04014708572422308,0.018328333828335878,67
1356,0.6445221863835664,-3.8165935470966725,0.14847305702668018,2.156698576373186,0.10740378550233724,0.10513807259696137,0.020845863094760067,-0.06576772298184931,0.027465855839693548,0.9949802251274131,0.07315289051775158,0.0007110398511561093,0.005796268785483004,-0.013502953393999526,0.009365422287588323,0.002758601429256712,0.0005372689513252166,0.26654293733842377,0.029996575996732326,-0.034173298990066416,0.00919843095101852,-0.010859053823253285,0.03357102219661411,-0.002614794696783101,0.005472903677725314,68
1278,0.6793107011540294,-2.329764406538978,0.17520022272666905,1.6293075019685919,0.13562713025288556,0.09891579828865565,0.02726129807000725,0.13216450368142257,0.02651160628791343,0.4338179618396829,0.08137752470399198,0.0223626845310509,0.007128233167775372,-0.20065815710765636,0.015330593047800066,-0.0027263674396492757,0.0006274874267949041,-0.04393394745866054,0.034827708992673526,0.04197256910209013,0.01305786841725646,-0.557596708081825,0.051479813310723606,0.03219273051956367,0.012923504090197099,69
1348,0.6800013370153344,-3.900595659007224,0.18723388352971307,2.0680995605741677,0.11613539847691617,0.32158127803703274,0.03682628957335614,0.11954504657337589,0.02765513442889542,1.0067343765620274,0.07265827020045353,0.016452311568018255,0.006817745368096852,-0.15386426492854188,0.012912544349463002,-0.00044679976919278396,0.00047936014334514946,0.05503864775688314,0.038516070304212995,0.10006066438597329,0.011774697957589496,-0.5965370204217433,0.05107693867179368,-0.007689685973615787,0.011468023480448387,70
1447,0.6300079243513825,-3.0609492052520078,0.18806353498911477,2.2190154971224882,0.12234588654781146,0.08253883090373429,0.03351400010452718,0.18499724425935016,0.027026472166293978,0.8276410666474208,0.07832442340151026,-0.007438169455419263,0.006270532387101907,-0.17248764139019537,0.018319299813723985,-0.0031848521720341137,0.0006519951167098311,-0.19780034221180526,0.03350951162758441,0.0839482852594381,0.011388887061796285,-0.6793492278922993,0.06377497233050564,0.021520183307300902,0.014501147035105662,71
1404,0.6983835664466094,-2.6975341066527823,0.1610808017855036,2.031533064114453,0.11772602830389843,0.14322752935658906,0.02859123005187271,0.19894004524362574,0.02843534005313474,0.6166141119690868,0.08865847320631018,-0.05241630250632565,0.007091899748860729,-0.11378032963962847,0.013236031134349202,-0.002736032197383338,0.000566707586143551,0.029707971247838277,0.03217798090159079,-0.014467280453402344,0.012761935456211041,-0.3826618614178274,0.04061124962975581,0.05569377203820004,0.009440601040470498,72
1261,0.6718365857933287,-3.8137804639755775,0.1617096262480217,2.313632179505533,0.11786821309237752,0.10237264123477056,0.022656762605480454,0.017357857270630356,0.02720234149920708,1.2876098667736868,0.07661739938942222,0.01629627805291041,0.005930838809823141,-0.0362398786040047,0.008281901281394052,-0.0010548934480463612,0.0006718346942894071,0.041278387500220545,0.029682316674334224,0.0005861351098343792,0.008475797852682326,-0.13393890664703537,0.030907057353745198,-0.004271878244547389,0.0055032998334394135,73
1625,0.6677730831811538,-3.9858047436869692,0.1935624832603093,2.4350604126139004,0.15453111775222658,0.20373793171160354,0.03227508579665017,-0.04791517594244915,0.03128241957000529,1.392804449443435,0.09403712692237905,0.0054224286930546475,0.007130176303985102,-0.0701896961362999,0.008173241056198577,-0.006090890707571133,0.0005904674082571987,0.21749817068799193,0.03854792422732701,0.0023095510068367082,0.015392335286612218,-0.18482658825238701,0.029163161731653776,-0.010621746488974628,0.0061755060345462095,74
1340,0.723312154622938,-2.288830713649832,0.178315758345989,1.3991601291352844,0.12369750683081013,0.12904679808496405,0.029677981449838728,0.1931200058889057,0.030991460876369618,0.9217234074698096,0.08054239864937347,-0.02614944651853389,0.007560055044197731,-0.15780425141374516,0.012822624447719982,-0.0005644764865473269,0.0005287133467133861,0.09214703599106135,0.035463362544093345,0.054324120539056976,0.016652395061013427,-0.27081627307836476,0.04116264806372917,-0.04301310812052643,0.014643266163811598,75
1364,0.6698179255083885,-2.9458514477541167,0.17100665783449784,1.7840978788247228,0.13201262680922168,0.05181184014896111,0.03637183719107209,-0.017346565830549047,0.024464618056800436,1.0673952315965551,0.08943999743112088,-0.0025582861554911823,0.007431222057509338,-0.09530842095996495,0.010705910194201826,-0.0005623267706318893,0.0005350135746354906,-0.2036185802646019,0.04195631422479533,0.018506312282808527,0.014660237074740328,-0.4926229073201695,0.04605373656936883,0.009792322459585532,0.008672889557607637,76
1290,0.7169389439615079,-3.2328187457295834,0.15412469480626317,2.269392829183052,0.1189971072386399,0.18278871534009844,0.022098723516409378,0.07859668169216893,0.02367131563329985,0.6358097571805368,0.07167827205184761,-0.05481130263006776,0.005853723017346392,-0.11819047800536063,0.012810615308328435,-0.00033906064956923534,0.00048797441938347257,0.19840519565951692,0.029265280889613398,-0.022785722448988327,0.008073432338480799,-0.2249741343958384,0.03749641412607382,-0.035358889356246245,0.007125255311103144,77
1203,0.5994688966015442,-2.524486080120231,0.20541082459282387,1.7219709954478606,0.169460045987611,0.0873111334412174,0.032108077455008564,0.156034420548417,0.034958403913214746,0.5649259200970105,0.10679238342031447,-0.09047320074745162,0.00928993433891625,-0.085164803024977,0.011001449280254772,0.002402872409432032,0.0006180486047755476,-0.3199072554830878,0.04378535451726027,0.09280836885399303,0.016757013038536786,-0.2927707487115787,0.0402240890693755,0.03190822165841725,0.01372794430372775,78
1462,0.6816943336100721,-3.4975798127405096,0.15948089795692358,2.0285197761974327,0.12468417232329004,0.12379844224436251,0.026041386288460634,0.16320816844503755,0.024995131560703862,0.7726645312157429,0.06977917655601934,0.02427265864001992,0.005947834412586654,-0.07126996829093328,0.016894536902231794,0.002843050110972828,0.0004482152384560958,0.13625573623847953,0.029038301607589703,0.051088464481653176,0.008114896653049831,-0.11071996326528016,0.05405396452181084,-0.018851331027311274,0.013678852362619842,79
1245,0.6740909194568455,-3.247227143128152,0.18477403064124237,1.7854046757156687,0.14756814348017327,0.1975009008234193,0.020449786605768967,0.07536252745444563,0.02451368217366829,1.2419633459442228,0.07680028679147526,0.009282049473504759,0.006542506353624,-0.05435442935946358,0.012703418773137213,-0.0020489794888007657,0.0006492086247583283,0.030817318191049242,0.032874489662224476,0.011057294097471507,0.00955376913454829,-0.22896260492236453,0.051898433291858524,0.011325411319760751,0.006480526359789813,80
1186,0.5619991115146326,-3.510582413425822,0.20047899507959957,1.5000950599680603,0.13468950484806305,0.14223413432888124,0.03376916493431388,-0.07999414163839107,0.026474351029408687,1.2033368478171622,0.082526103074379,0.05031735884352971,0.006736448042500591,-0.040178710635853584,0.010211809891503745,0.002990894880542638,0.0005564731109808219,0.3160768489165747,0.04262285177613443,0.04064817489464661,0.010841165903494534,-0.03800256964521166,0.03203776582767405,-0.016365821483368077,0.010276449403961531,81
1465,0.6891366892570283,-3.113693932994741,0.15215550199442562,1.813925836102178,0.11157844204221622,0.2548896934855229,0.01978969046365749,0.05982295875861562,0.027052314798265933,0.9705938411919312,0.07488916089105632,-0.026441129371580933,0.006722370983950791,-0.10049806252103288,0.008982210206193508,-0.002654337836463139,0.0005152238577648353,-0.03161016194250366,0.030421849733851425,0.04007393293946972,0.011464760865404149,-0.24935018065345,0.029414009975462847,-0.0142487708703073,0.005569251330037273,82
1530,0.5759483223990141,-3.1007814550791934,0.17681728017906154,1.9274828140475628,0.1317548025859805,0.06830800015170996,0.028799540588656417,0.048568424646144484,0.02466713787273496,0.9690234136289225,0.0781885481754549,-0.013060540509961829,0.006027523510078089,-0.0620836708519925,0.00963622137949433,0.0014665435099252867,0.0005066381941095235,0.15734250158386132,0.042466739950986564,-0.00948473913316272,0.01033253587052924,-0.19131107686341137,0.04371955222733001,0.006007840892739549,0.006939007616484146,83
1362,0.6224744394293453,-3.250072077316635,0.16325433843584494,2.127261193910739,0.10714593995883595,0.15970886524646777,0.02750133277945828,0.24644120404301412,0.02545192973491715,0.44778495475305957,0.073284254600841,0.03006318373405724,0.0067104827463293935,-0.14442782681113198,0.01488653171646884,-0.00167662231097367,0.0004502947563111428,-0.078364152977774,0.036176202232834916,0.053536492451882536,0.011548500170439147,-0.40378933732710764,0.042224192608873605,0.0033561506093477966,0.012786904449292938,84
1202,0.7177405137081367,-3.99636201545533,0.15032636945752004,2.232635156502478,0.10391860600467846,0.17608697888119546,0.02398970517574275,0.1821283641858669,0.023947144835910546,1.0786341525497218,0.06698527777204756,0.011540002285811491,0.006500158634477317,0.006045799547688982,0.008916896932371233,0.0014262181178486622,0.0004645725331132351,0.07606585012726869,0.03533791787172541,-0.02670204331618142,0.011311508773131189,-0.016806675973752266,0.03827959722064275,-0.04077837126075993,0.008979495957200533,85
1216,0.7906679561430247,-3.3890730124841486,0.1974184604451438,2.535438603399974,0.12405897297495805,-0.15312023297329785,0.04007170022218156,-0.003752534511584721,0.030799287983117735,1.690926047338767,0.0819298537587843,-0.020901074913329196,0.006325434391469935,-0.07593571340552151,0.013700810558648163,-0.0005643117070560456,0.000503584539096354,0.09218208676312117,0.03135987619975148,-0.13926162314559581,0.01559618760411013,-0.2912785981691535,0.047377300842084864,0.019642511645709043,0.008077894659307793,86
1363,0.7331216713392399,-3.7487670965332978,0.18665435811795886,2.540267860403363,0.12182006229953488,0.25687854981695296,0.030682752124630844,0.16021463253451962,0.02597485600390936,0.7878059004845632,0.07647734604028039,-0.06483480067296601,0.0061285939378807,-0.08955398810443707,0.0108277785731522,-0.0030911584177150233,0.0005289695177627399,-0.14766122222649386,0.03531252561171679,-0.038872530964533046,0.013826118812871883,-0.2153702827532532,0.029638472198958897,-0.03902328999915878,0.011236176004967261,87
1320,0.6702840534287606,-4.368243210549747,0.1775024308227519,2.994017351407497,0.12249496162334177,0.21655494940558595,0.02292384984144525,0.15592356010264866,0.029289633197798377,0.5810176284740676,0.08075840725931534,-0.03746865578184282,0.007641568392864582,0.031223178872555126,0.01423744285407558,-0.0006220141641397009,0.0004645449398413214,0.21779044287589672,0.03747387016819787,-0.012109919534870176,0.009584073282983732,0.10647142867159935,0.04736478778127185,-0.034468615614664924,0.010581037388980639,88
1225,0.6714075465943705,-3.757952349082961,0.197950014634981,2.8393091107321617,0.13501296779779454,0.04834773275974194,0.04228779070306887,0.10086236071819038,0.03411872579981662,0.9472482990263718,0.09003773391232552,0.020752188449625068,0.007762696452726014,-0.16128344407431178,0.016193476785468498,-0.004815129586315495,0.0005589298114589264,-0.2158322874266251,0.04644596296689637,0.12841437129091413,0.019428595059567833,-0.48683426251937933,0.0480460019887588,0.005790991113484571,0.021591632259688045,89
1341,0.5031912774778101,-2.99500129561985,0.16914632456381073,1.794024509643634,0.13110624084617292,0.17911078641580447,0.028295958450897416,-0.08719339701829339,0.026767463642843495,0.45786348556317435,0.0862705086118984,-0.0415788708216682,0.007637702352608177,-0.0766747532913677,0.011751471896916447,0.0010293454023160968,0.0006165941006403402,0.11851885660380201,0.03978523035778158,0.10396626340315776,0.014695129931217908,-0.2511465928519563,0.05142999246285027,0.030770072682462072,0.006893422790171275,90
1187,0.6749098052198663,-3.081327316193323,0.1864935643241389,2.23696244701218,0.1278584963105889,0.05674765410963596,0.028409365375742904,0.17097916430210605,0.026341144326065293,0.8614632806418385,0.0783286570291204,-0.02753863940082244,0.006726069098971555,-0.15099687265597225,0.016388044505728196,-0.0008353096767708557,0.0005763285954295885,0.053622956970978575,0.034712990792516336,0.04632648797953767,0.012537382004001606,-0.3229789509892989,0.04285709678081234,0.0064103561240558184,0.013528763713692247,91
1289,0.6755700308111001,-3.1404059430296094,0.199345871563461,2.317893201188598,0.14007923892977953,0.18461464004811454,0.029941644579292177,0.23751234103331875,0.027626057094328197,0.37965652704529346,0.09170918538505698,-0.015418300028643132,0.006382579884784889,-0.09027529126101771,0.009191083441889751,-0.0037297804424314025,0.0005704006997076343,0.1382014036311226,0.03829460399170005,0.003954680275321385,0.014122989395501733,-0.3202551098131236,0.03647283168239534,0.00533621430611052,0.005597791437609419,92
1399,0.7757589342509776,-2.263601395348857,0.15437981015661872,1.7913545677347207,0.1142837279339893,-0.20157060508190652,0.03814463559823172,-0.018541193257952854,0.021746364118575726,1.0017364218376987,0.06757848741602399,-0.01935443531025307,0.005590356492440933,-0.08682131889692876,0.005621463704300341,0.00144749424834726,0.00046914053472713865,0.012739787894794963,0.03156732067601681,-0.021171450043168172,0.014444936796051444,-0.28520816827178036,0.02652037623707602,0.00031554952041854055,0.0045977925413280335,93
1288,0.7186393807771074,-2.8718738692422927,0.17936709861796765,1.91642704130121,0.135805498027648,0.24791650906333101,0.03033222358560112,0.17251034686865477,0.02707409407983379,0.7491815712498613,0.08121327007170058,-0.046073564237796155,0.0067921346982592525,-0.11422699858501183,0.01041502958904419,-0.0027600334676123298,0.0006117825290063895,-0.18493063774655005,0.03491823105724558,0.03978953786354636,0.01565301013560797,-0.26823110253497223,0.04102181671194108,-0.005798715517700445,0.014649649469019935,94
1592,0.6967547474720079,-3.338117557020191,0.15994171689925255,2.436400764318361,0.11294243534407986,0.1597804747374984,0.020013511354571203,0.1881834150806491,0.025553162159005202,0.553906988948818,0.07391378502098235,-0.014493615152023121,0.006224320848357615,-0.12232604501061452,0.01200752284842387,-0.0037108665585338946,0.0004751319172427236,-0.07983961188518088,0.027757027365983105,0.06226685559023042,0.009477459091283613,-0.33242641737755885,0.03188489396467343,0.00963122225492986,0.008133994977911283,95
1270,0.7887627447155707,-3.353143363000216,0.21295711548789212,2.0841361414874218,0.15826263992211514,0.2882018452404639,0.02392476220921348,0.11008034427821631,0.030077529969781816,1.1022794869756583,0.09506070537034812,-0.039734701387200484,0.006387863607504384,-0.11116196498908966,0.011917214172859033,-0.005679243175770295,0.0006069843285338375,0.04018367680665022,0.029171101978617713,-0.026656816676183474,0.011435101357602603,-0.42357572106659935,0.04909504874378606,-0.00140773739924056,0.006116963977664656,96
1270,0.7732614546604836,-3.548920247839574,0.14766598601452546,2.7410567206802012,0.11099412008337006,0.13966982159287444,0.01959438337107877,0.0876598826972588,0.021929426368758723,0.5753430896199633,0.07199510312057003,-0.03608000448962441,0.005305948358583037,-0.0853803741667589,0.006055864997650158,-0.0046026580736494615,0.0005006778128359129,0.15775592689015694,0.031108381977364204,-0.008513394901962715,0.006533697009923379,-0.21226676933518843,0.019339362367606673,-0.005764099721909048,0.005110424402159811,97
1443,0.7506665294981482,-4.024922337238868,0.19396947818362145,2.8248333207028,0.12578564250435265,0.23246347917318208,0.04393424494936795,0.1373401511391958,0.027384746442207196,0.38961359382353494,0.08668383998164653,-0.021922321621545584,0.007547603012442214,-0.07412185822766852,0.00991397719266805,-0.0008515378735913292,0.00047835126673717907,-0.061987694960872856,0.040319422421040085,-0.04439964827722487,0.018301065821209443,-0.20775887924010694,0.03182567207527679,-0.01828564119095225,0.00754282879679507,98
1174,0.7517092077244422,-2.700788194218207,0.15861079932305303,1.7640281654765722,0.1122032263951572,0.012760587677074262,0.030906902450799984,0.04984231095957602,0.023123304800507505,1.0089445228732754,0.06640378614297496,0.002445299596194061,0.0062993527047420245,-0.1601371919002925,0.011833828468617167,5.4265947244725755e-05,0.0005277286561671229,0.06699434160578618,0.02760442141407465,0.016933740522222025,0.011581716204049056,-0.48821130456118195,0.039931911943741835,0.04359034540904298,0.009426948009478226,99
1348,0.5611697857815168,-3.6231731310554407,0.17212773670722373,2.276036724988356,0.11639205615278482,0.1908608322550849,0.02447538477192061,0.0350539311842923,0.024998949734985284,0.5559641360545156,0.07889999473331706,-0.046955724057173326,0.006276889781708129,-0.021712681128374267,0.013160766278322567,0.0010754169121410754,0.0006152929097488909,0.2775895848330365,0.032859589449611835,0.018486559340942187,0.011334536454906374,0.04456540156964594,0.04021420980993759,0.03160343932723476,0.01307788279290083,100
1309,0.6901449477738788,-3.7119460521601653,0.16522642673411736,2.024539574474697,0.10547014196957166,0.13256127052382663,0.031719996350260606,-0.02059085663975068,0.026382306949867155,1.4415079634754484,0.07969884537894971,0.019214889582516822,0.006607305793215223,-0.028221753727085894,0.01215167798564644,-0.002310271405340705,0.0005237526051026283,0.2508623826824446,0.032071249905314875,-0.016268266051611545,0.013949708435187972,-0.10283026417094067,0.04119154755296987,-0.024617422966855252,0.011223606733452554,101
1397,0.6575545160792209,-3.6429128922339515,0.16047374878935233,2.391806235145108,0.11681824036503222,0.13381683744750134,0.023063890613513303,0.010271110591075008,0.0241201970667448,0.8035065454826735,0.0757038286886219,-0.0007756998527987877,0.005847074923495155,-0.11672546483297931,0.011010694366615498,-0.002149495237570383,0.0004493565935389919,-0.19682595031093242,0.03573335138137671,0.017731578116061308,0.00959123993775741,-0.3729127949104731,0.03995886784501802,0.0011966457151718441,0.006014625089047287,102
1338,0.6752405038768138,-3.0901512705544407,0.18131974497561623,2.1843718016784885,0.13088329216399397,-0.10728247878976367,0.03601773874021439,0.20323180490276427,0.028666800776784806,1.1417367297007153,0.07844053726101746,-0.014885479683172321,0.006648577696900895,-0.01398587329412434,0.014784581862482576,0.0022435793704507277,0.0004668574499301544,0.19044598818934816,0.03412998990890004,-0.12005257191661156,0.01373946586242943,0.02862371906185142,0.04918663581499004,-0.018235604665176628,0.0076784655770136215,103
1216,0.7299377462788318,-3.3611499698610054,0.18014820761880862,2.49336159133651,0.1276362135186542,0.028510960433315732,0.034736014956037384,0.048840531015657565,0.024292441915937442,0.7281672706514015,0.0890408534343781,-0.06349274147780032,0.006674777003282032,-0.04259879391243818,0.010129738839698421,0.0020812111852996362,0.0005724349071438288,0.27828141178626786,0.03404622620760254,0.023610058922069427,0.014085023672390874,-0.08030593754439255,0.031369628063296184,-0.005377008168724346,0.00678173111767449,104
1285,0.5607593713498615,-2.0199652420005054,0.22129838689513953,1.4849637694385636,0.1336666247841325,0.042559816902126395,0.04236114751295998,0.1139395178966644,0.03223410788353959,0.7904104841378213,0.10564791186227525,-0.026466346883522087,0.007594754585744778,-0.15389361940614876,0.013406472439607298,-0.002251809145538352,0.000539220892522624,-0.1484186345118592,0.03580394791815825,-0.012470939820340303,0.010431986503798604,-0.40539136158941963,0.055240245122876876,-0.0067905380435929474,0.010368267244531697,105
1382,0.6575118848916766,-3.2277059001673303,0.2404971359003086,1.7277004807847627,0.16357340191877937,0.054486258730265,0.03241572086147531,0.16853908698860526,0.030050270479894912,0.9915426189670822,0.09518008665255398,0.03155204082645876,0.005777060358828678,-0.015880449715878386,0.015918033494000294,0.004385346281431087,0.0004142729385577205,0.11173539875118062,0.031439093696407246,-0.007708335199198475,0.0119438144436582,-0.01663145075885617,0.06788308429835174,-0.009079541891829218,0.009687268136673824,106
1357,0.6648815171186377,-3.108634608260303,0.1578440505195514,2.140950713049463,0.11492595551011638,0.07841762812234634,0.025653266582892926,0.1779274575475631,0.035340112772612384,0.39955184143214806,0.0928045712080183,-0.007999597475053246,0.007581008076675512,-0.06136288701282773,0.00762494250764774,-0.0004929118445141876,0.0005716532245729863,0.05067383531356642,0.032153030080239835,0.07395122651181261,0.009854963880275545,-0.35102757491561265,0.0335905976616884,0.022426690989537403,0.004462850352185054,107
1173,0.7365028707020802,-3.0654947981562457,0.16730833070899137,1.815553654758225,0.11013944273644445,0.17511469791163406,0.026506616291750888,0.20106960996168866,0.028202789889339244,0.977976633491995,0.07081940097562839,-0.022228755626900663,0.006149005101088761,-0.024142788052743405,0.011396187028766528,-0.0005394763318733189,0.00047988099451663904,0.2661312267812427,0.030406289539079583,0.04123315780831487,0.01058942919984707,0.021089843040517933,0.031049570315743083,-0.018436878929417252,0.00992208296363865,108
1057,0.5967580800779694,-0.9357931018678891,0.19727719767809992,0.6238108339275719,0.13420207466536976,0.06891922138464446,0.036011450429730904,0.3503489594266425,0.03278496811764735,0.42921020965297785,0.08977072084222373,-0.0032065122603497677,0.006964438216021962,-0.1660882587736095,0.018880398402418803,0.001937134473976694,0.0005859752843405294,0.022610702681268195,0.030702322054926918,-0.03455907354283589,0.015855700557035016,-0.06148052890343728,0.07823820496101488,-0.023050532396499186,0.027140175765337168,109
1266,0.7416606975064673,-3.1919067744747562,0.1600610604205772,2.4330545695625068,0.1191962580040229,0.0515608632170339,0.02702902999607565,-0.015821256570815248,0.02521223202291021,1.31905475576216,0.07187131407905205,-0.06652976158157094,0.00674107609536109,-0.11977956052316517,0.009239819936225923,-0.003773965821291846,0.0005198883207249911,-0.06640281964052477,0.03190805884004018,-0.013428833927875122,0.011301359211823396,-0.39486367759894847,0.03396231151949873,0.012618304435295198,0.008371380912428924,110
1148,0.5963089933964412,-3.279189691748869,0.1956100873420327,2.2163494591737556,0.13977296769486872,-0.12506953300474688,0.0334714255345875,0.06640246318091916,0.028412107888304554,1.1260857601473022,0.07888557786360224,0.020164926799305077,0.007651068365236275,0.03450569477196341,0.020045778291022314,0.0007509682722970264,0.0006095855124725443,-0.04811256260639652,0.03345942200706006,-0.07911463774805497,0.01364618505404735,0.21259358584677307,0.06766670704167566,-0.07871668472659984,0.022176835356169673,111
1378,0.6205886767213123,-3.738545599057697,0.17432310399555906,2.231062579939834,0.12241534793462099,0.16321682370228105,0.03105810416797877,-0.08454561486083567,0.026765528874382518,1.0158875738087576,0.09086430828649722,-0.02211695767524139,0.005908562290856764,-0.06967270685087014,0.009716646933366475,-0.0007690670833904901,0.0006378788205885076,0.11195512697493275,0.033389531838645826,6.248030406248543e-05,0.012057192616890465,-0.34559732206079496,0.04331570612102412,0.02558992969705824,0.00656107999104115,112
1508,0.6878949246042345,-2.883987708235825,0.1867439524560201,2.1014792774306197,0.12592745002966987,0.08408693041855131,0.030539526652735516,-0.005436116979796762,0.030199900253226584,1.091217611571349,0.07600552747970529,-0.05677001965759069,0.007420848409206276,-0.14459341536988002,0.009959880661512691,-0.0029285462926602356,0.0005635205066511719,-0.2461355427597057,0.03573583370238495,0.06003768356751017,0.014228131666027386,-0.4277661578482807,0.036481834914713185,0.0008254945138666259,0.01283947965023496,113
1589,0.7078593987485289,-3.28822755792628,0.17709205968719147,2.2163421576993434,0.11673244172705291,0.16145400258942208,0.033767448005006605,0.07422372364005966,0.025183900837976208,0.885267409129251,0.0799504986294955,-0.039393734607992864,0.006656122170491643,-0.15846334126591674,0.013393816804658535,-0.0019385107077821916,0.00047582019178641006,0.0614872463923565,0.028858751733197196,-0.011968040611069443,0.011577479909863696,-0.4151599390047861,0.042082731084068944,0.006383669855372959,0.01135507139217522,114
1129,0.6175924614156248,-4.011640713174766,0.18318500469795385,2.4152378874886136,0.12821894197617403,0.24632797485055372,0.040901578241336826,0.042436035833946575,0.03382411839389637,0.48760128483442955,0.11435956084361017,0.015309371717854178,0.006769515185399723,-0.06978435024240351,0.014880677047291695,0.0003902894155110464,0.0005516095002475791,-0.036734760163310794,0.03453139322619903,0.060367034957791,0.011521002897448056,-0.3309197029817275,0.052856202244576156,-0.001593733974727716,0.010643066477900788,115
1245,0.6077155940546386,-3.676963891244306,0.18348436625836992,2.1198595269714877,0.12213721701547968,0.2201826069762252,0.033176141510892376,0.021985268538033592,0.02797363798072002,0.7849394338244065,0.07811184714701173,-0.01344920413470669,0.006062038381949266,-0.043721642983497164,0.008792727107321673,0.00015877261498720846,0.0005080879156980899,0.05557811107001413,0.037442490339426863,0.014216585414522975,0.017065506448273277,-0.12706691402749157,0.030099411288623583,-0.002143258541071979,0.0075373034058405725,116
1191,0.6054043111879593,-3.5107886603814458,0.2078427864771783,2.5943071469773535,0.14877867638757358,0.20534748129041253,0.02953909787621019,0.32785727095627354,0.03231532369645696,-0.042674867833969024,0.10162568301344428,-0.007002568857148109,0.006624140613144457,-0.08537143515117883,0.015337247800634066,-0.0003437813187305173,0.0006700142668045762,0.23105689001881635,0.03421531319098012,0.026095451441797146,0.010340608960882378,-0.25207514267663467,0.05434522099812242,-0.013643972934710757,0.009063714058690947,117
1328,0.654366611117448,-4.1127796723109595,0.24248356898417883,2.95019280022261,0.17251168350357668,0.10478827538365657,0.025349081030367617,0.043109537913830855,0.03127830885526538,0.8815473339138675,0.09398291584164227,-0.039954015473997795,0.007014091132536893,-0.1266191548509762,0.01746305700254074,-0.0029392563038800265,0.0005403958461437592,-0.20996393813660313,0.04244106857964038,0.0027453855535924804,0.011515699622267239,-0.4833894210004652,0.05239210555095056,0.020655954155859503,0.012417812856840285,118
1271,0.5527799689057019,-3.0101989440820147,0.2692717577956934,2.691339740424962,0.16767942903683986,0.014113488556971268,0.06197657742613962,0.07672953471234951,0.029783906134369875,0.3969791278143058,0.10349091230113909,-0.01039079642178535,0.008570377420654004,-0.16412249360471035,0.018376602450484034,-0.0053559730278310985,0.0007168015965531262,0.07792264046547401,0.04402762810505183,0.12104970661307952,0.024070789497861705,-0.7350926978593895,0.10504432577803645,0.1330408725286326,0.030803770762014206,119
1264,0.48622169934615467,-3.4275253134457135,0.24888458998086843,2.3537605674355406,0.16295564119780395,0.014149324739026126,0.041042093703420726,-0.030009639497365702,0.03254347696096424,0.5416410256527414,0.08872917506893263,0.01684432143943608,0.008087461296707807,-0.10281984612149662,0.01177520665706495,0.0008189381038101219,0.0009029904202382669,0.06053417093931482,0.04146560608925015,0.10023608458191571,0.015945537430098897,-0.3265660443847776,0.039070745635313264,0.06333830415441151,0.010766684655534976,120
1395,0.7057077815296338,-4.1360663764315735,0.18712605646896643,1.9574103517658221,0.1424998113057059,0.24307432181529537,0.026535039899958434,0.025896334956157493,0.027690085842342473,1.424056056205367,0.08504438126352915,0.034491470957078246,0.005847609766950127,-0.09822276790255259,0.009946147024291236,0.0007768777214749243,0.00045070013869551536,-0.06335985130443689,0.04044513596480842,0.09513052704230732,0.009891086399044584,-0.28911509977593486,0.040626401037603406,-0.009886048123107866,0.0069271288282565895,121
1406,0.4703429338965429,-3.2184515142889634,0.17916747888046866,1.6893297188739227,0.1286493996338836,0.0971655726002798,0.03560605259799499,0.030879278829555736,0.027152563247991684,0.9921114400794661,0.09709660152553606,-0.0027511001663516697,0.006942641501871319,-0.014719439838373954,0.00891783232221134,0.0018572365613979934,0.000551510626535526,0.10452059812418213,0.044912437572148675,-0.031572996717609804,0.015527486595789753,-0.06894321630385619,0.041608447537596224,-0.028659592978414083,0.013303407987081697,122
1448,0.6459521788734406,-2.4758998972850477,0.18800329644178168,1.821925766220069,0.13115025389871368,-0.055195370712489915,0.02847022525054967,0.12354326909174627,0.024520054692378737,0.637265766103825,0.07448063631179842,-0.0016396917492316095,0.00560650936755552,-0.1299710986210098,0.010933538379021255,0.0006815504133306007,0.0005198302955486453,-0.013470155691982344,0.0349029207136762,0.0820288388393623,0.009552650428747785,-0.360404816473877,0.042097174327495254,-0.009775075571380187,0.007281901978550361,123
1285,0.6491286406947615,-3.0766462322849653,0.2011484269721871,2.43585742541917,0.13992113754033342,0.32144367595046863,0.031173089241435758,0.06985213549347576,0.027827830946106583,0.43300986554878285,0.08920508122178553,-0.121677915761237,0.007392690390018477,-0.15305441812771117,0.02224812908297856,-0.0052721835577950165,0.0005303027134246126,-0.15399789460930022,0.037938154277440045,0.043273712314238044,0.011214067262444454,-0.36075307210852153,0.05492498322067023,0.009614464406078426,0.012919967039351606,124
1262,0.7012603700419164,-3.693061138101173,0.170059898773247,2.4290028593769617,0.11926479289634738,0.07425565137632703,0.033006552268563784,0.04939669628199503,0.025165415357796206,0.7426405902369332,0.07647478633833242,0.014725443697832534,0.006314084773863753,-0.1331371153431447,0.012745752234607138,0.0005533111592850174,0.0005106196085545854,-0.039100070042377255,0.03767626908961882,0.031243656288345037,0.011144212198668025,-0.34519852229558434,0.038690901827286135,-0.05793796596359561,0.0181392382718191,125
1189,0.8030967798374025,-3.158802892115454,0.15814071990053893,2.0776144874917226,0.11771000818379419,0.0967978825023662,0.025163492047111817,0.05601694336817767,0.021707072096990784,1.4257927063805784,0.07631679090014505,-0.03170694126088548,0.006787799349277651,-0.14390381705544528,0.011949450143423131,-0.002031557522070495,0.0004903396655925713,0.014142763905052399,0.03545931535027022,0.01671002400954018,0.010755392495980882,-0.44095164672003695,0.05710420743719515,-0.00585829487071095,0.011935850080361628,126
1308,0.6389551935421999,-2.367263910990461,0.1732334319036118,0.9253026221359462,0.13274213726484194,0.06716077814874388,0.03507949377774808,0.20219208637689073,0.028999474299207025,1.1171764406413405,0.09887431247301048,0.040255476762753685,0.006277710438053248,-0.05116622145815296,0.01122651348621185,0.003852618822696177,0.0005330222640485132,0.0393964295655772,0.029884658621213943,0.054757722460094714,0.011716710684911716,-0.032197883707399746,0.04039308314608604,0.014961341766158556,0.012731591479798087,127
1320,0.745703975915273,-4.303105845084419,0.20842012615185956,3.028883822331554,0.10857697315114725,0.13117197498593217,0.054563540831798936,0.00935932560751239,0.030771989284373386,0.9696662983345977,0.0900678697472682,-0.009511786928912025,0.006876563464565076,-0.08761762163621072,0.01270034130191374,-0.003481579396720938,0.0005479077135576823,0.10211598646455403,0.028646816641496056,0.05552369794068126,0.018326301594013272,-0.30239096229291795,0.03793396650188377,0.00024056928885392737,0.017254001646795608,128
1286,0.7247798236336804,-2.7504079108588857,0.182242057647048,1.8075637973767147,0.12224730518612409,0.10120202369837225,0.03365926503872218,0.041849475764391034,0.02478132885554249,1.1104692508873828,0.07189650466940575,-0.02247965051891595,0.0064435342382063495,-0.15415396299315848,0.014725208869978485,-0.003778000084890565,0.0005838337604132481,0.07172500213974184,0.02990212644289832,-0.04968657225987176,0.013367902619832029,-0.4107374574550578,0.04566070087143959,-0.009887711302185267,0.009392528260157967,129
1189,0.7600963625157591,-4.390162029219767,0.16219177538633445,2.981833418524719,0.13570939772357338,0.20762331775595783,0.023544833076246344,0.07478600440775611,0.028415387820647613,0.822407343096586,0.0859051374417066,-0.05204036366301051,0.00755851729306954,-0.03742528319570462,0.008437962811089193,0.0010664476033930548,0.0004454288550730729,0.3690652961204092,0.031874150140566944,0.010771368322619754,0.010217661059121879,-0.08258008533363612,0.029981535850710405,0.016633892336692484,0.007243554797248435,130
1260,0.7510284005743437,-3.241986111931257,0.17497525859399102,1.8363867785716204,0.13468272484045657,0.1633163107931069,0.022591847744237673,0.04301436093504357,0.02338507158655877,1.007233879993405,0.08377641427429439,0.004363226177232012,0.006627779662711503,-0.17342209259819072,0.01823732059055368,0.0021795253327211946,0.0004555418523044493,0.16051937215876902,0.03784403141485297,0.03234266755207273,0.01171254462622201,-0.5984291400337741,0.06843131387275737,0.05129500301652806,0.008341791887539403,131
1107,0.6039430375315953,-1.4938482631466745,0.1884940976518435,1.2037335870563237,0.10891428894527468,0.014708649245288058,0.040909306068414,0.18808302040931468,0.025525144494127818,0.7919245748355002,0.08148219934890923,-0.03517557937323623,0.005616954610743253,-0.10574639162869084,0.012993709792904934,-0.0017830145082421613,0.0007028235321995409,0.2873079821797995,0.028917435436152526,-0.04935439030421318,0.016404052487085763,-0.06731641624425187,0.047592990929921905,-0.014743720108958816,0.019405420551903273,132
1362,0.7398882084590729,-4.464721786420898,0.15711757684243632,3.299343342557633,0.11228097117390029,0.1345556485508266,0.018026968544629075,-0.0020375837485542836,0.022773967221982102,0.6326489184591039,0.06721440960143343,-0.04870440828400692,0.006628189115977808,-0.08298321615640544,0.011192995059514866,-0.0027019713422079565,0.0005130145861795646,0.023118958805568458,0.03618331444225305,0.007206715351773982,0.008210389925561928,-0.3259832131166112,0.040827666278398116,0.004045668911841901,0.006879429929393518,133
1195,0.7000457846822796,-3.9396779136431084,0.25961363492977063,2.838830125161629,0.1521561556823049,-0.09121959050322373,0.04375717141204335,-0.07707697503139069,0.03112549743662964,1.3412614959226423,0.08529902393407778,-0.022072488602772288,0.008274844206308689,-0.0868550756048163,0.02502976518763806,0.0016197875699649389,0.0005637509406558049,-0.21787680273426546,0.04237578709868433,-0.0016733482901123212,0.017659658603575646,-0.22159303553982337,0.08967102349310377,-0.0024253644517646033,0.012520502799401114,134
1344,0.7314798269162731,-3.792774058499229,0.1433935127605126,2.5501842725048034,0.10355312455435374,0.1577843306873872,0.023458988000820184,0.11958632444303653,0.02527819582627457,0.7303104687349262,0.0783176634207281,0.02399634903392655,0.006414732051224425,-0.03462690077866762,0.008936778889899761,-0.003033451965931553,0.0004725410519145176,0.0990971991147021,0.031252613682170874,0.08678946487888561,0.013205628065322826,-0.11521119150401847,0.029408054772955435,0.015206223013967693,0.006740289690471318,135
1269,0.6249836633645247,-3.7552040233546586,0.18910783984144183,2.747103187851429,0.14212973680079316,0.07679537366274078,0.023685053791547273,-0.06387899382457693,0.02838192904165479,0.8427474031271529,0.08214446065757804,-0.007462286803928082,0.006813013715739052,-0.1423494728438154,0.01791929078903629,-0.002609609935379324,0.0006052922508319832,0.30967050589409684,0.03832811825223849,0.050867887304335536,0.009415265502245003,-0.36287090190151616,0.0750750673336548,0.02688089018987212,0.01363289559090498,136
1262,0.6350811696509276,-4.053415977216998,0.18386125400308873,2.637977928800257,0.13372648690223868,0.09070168493200703,0.02745148104597458,-0.1869286158607123,0.02941690413331582,1.0283829208856643,0.0988015914951252,-0.020874659354077924,0.006230889304497677,-0.10631479158823122,0.016203610563904954,0.0007261874723274082,0.0005596424762897155,0.14670755935236643,0.032203948598666765,-0.014595286134675749,0.010702850887706604,-0.32294721530619136,0.06677115003336297,0.006034710581164733,0.011944195681329846,137
1237,0.6575728594350184,-3.493656007203669,0.1878339240427979,1.9237177600763657,0.1363948155841923,0.22493000083509868,0.03148735431446844,0.14056219217320154,0.031369251672799074,0.9022802044239782,0.08821143476582406,-0.013408849295218031,0.007824577950501111,-0.08209216441707928,0.009701227017185484,0.002376286708709374,0.0005235876268909333,0.22615113999545047,0.04339067802168534,0.04672863654976623,0.013420401053958909,-0.17319510154420628,0.03172475609391402,0.008805137074472967,0.00921333138423525,138
1492,0.7019394104603534,-3.7996489568778817,0.1703107232832451,2.1852589410496064,0.11651330058377331,0.22107206710510538,0.030732070142808716,-0.015258565220289677,0.024776870550341352,1.0933503841089736,0.06932252028671286,-0.021595041390674394,0.006470260223028451,-0.10072731714236799,0.012915013102580176,-0.0009277898454261243,0.0005160860482483044,0.04433949409037288,0.030901326786696656,0.07378292672110653,0.011360374317313432,-0.30518314091953386,0.045424751025121196,-0.014901732478249274,0.005644148802935249,139
1433,0.5944181753847134,-3.040078017907419,0.17827425855501303,1.85609048304927,0.12228834538409353,0.16797003468852,0.03333470069900537,0.10017934546964845,0.026406291271838717,0.9406341191888355,0.08423868198994328,-0.019126355622531996,0.006832774087931955,-0.05941859127239784,0.010075260160896733,-0.003219558255137093,0.0005512163297375997,-0.016171159591460704,0.03109350441056019,-0.015839424431460733,0.012312372591554233,-0.21648656414782014,0.037374370085769215,0.007447332970277271,0.009008260750288476,140
1100,0.6724557254799932,-4.61577549201563,0.25367923529999514,3.2263772470452405,0.17631110377809464,0.06824652220561724,0.04181226885142871,-0.171112729512117,0.028115798779866568,0.7895880864896462,0.09000575314749693,-0.015055879356255677,0.00833394918275617,-0.08526193639580545,0.013989359266106323,7.725452187783816e-05,0.000643415717080348,0.14911269229425486,0.04834545491819925,0.037843264656054774,0.021437492014155624,-0.3148740937119321,0.04518998444334427,0.05231372827992109,0.01082505791779969,141
1288,0.7358629021380623,-5.560373434071243,0.20417096707973897,2.920043675319892,0.1464364353000958,0.3197990498856468,0.028065175625578812,-0.04589970109485535,0.02685217546394997,1.4751348871665213,0.08219209852415425,0.02229697436711075,0.006599880900552719,-0.036910145416414915,0.017355410728638252,0.0003027851280878842,0.0004588270936589366,0.17638838892082384,0.03467437569968025,-0.017185286817201863,0.011570124988953502,-0.14455187470565503,0.06897289507521381,0.010479225973465492,0.013987396344439703,142
1399,0.6813584383008979,-3.1756001029038994,0.15097577032727716,1.6108564593119412,0.11494648097807582,0.24541000006298666,0.0292288929583411,0.09571570879325542,0.025401925130370727,0.8408072305051875,0.09144192406347626,-0.01245903907262059,0.006086415688407513,-0.08341547043621475,0.00890877115794987,0.00185270797278831,0.0004761909816720087,-0.1449919461413794,0.034349420982256844,-0.031207990492131157,0.010123585050054578,-0.309937958876922,0.0461302378454626,-0.019503933690301338,0.013004160286306563,143
1261,0.6202136436159231,-3.7237035591752874,0.20125543663779283,1.8642697510870496,0.1570370916921272,0.15886489978309948,0.029404989954687565,-0.004805730649860469,0.027712897547020186,1.0896165341910604,0.10643552141297935,0.03552058574387799,0.008562865609418142,-0.05526010431967485,0.012677197652093693,0.0011438814652323548,0.0006267043078961912,-0.01874106573786019,0.04555527941671902,-0.03865998469653449,0.015159982808658972,-0.39056081611143745,0.05546336079196066,-0.024949932345060814,0.00903515625455044,144
1226,0.6945078354279057,-3.6866841570282265,0.18590796920980832,2.164936488375218,0.10866535786609482,0.17033225446788328,0.040768439858760594,0.07094558405887261,0.028552843120046818,0.8837201851865578,0.08711836262858638,-0.01872180312541963,0.006036528127547913,-0.06271775014372365,0.016951130190622124,0.002263067107760664,0.0005322791784908496,0.18345060258974827,0.028101472285697444,-0.044617171623767396,0.013329448750077666,-0.26242768692124807,0.06136248071633841,-0.027846212022085946,0.014682647320494036,145
957,0.721621285669585,-2.7715151425649065,0.23764475432787913,1.5853517118442073,0.15764887884217726,0.18955353380102075,0.035380522847713584,0.15307700516209108,0.02971126150063743,1.0642998819277905,0.0959433292134217,-0.0022752649534489525,0.007910807311624735,-0.2896286594039643,0.03942766386323995,-0.0021238669633092443,0.0006691942476072692,-0.2226457852486357,0.04235083428676408,0.017074499904591797,0.00989932677003806,-0.9540715353589165,0.14058356403849726,-0.024527276901573553,0.014737860009501376,146
1149,0.6530233408364199,-3.5651463072118483,0.18726355917812637,2.2528739104826476,0.1373330745905901,0.16422044043142506,0.03045240242578056,-0.0570474086013779,0.030346998749440954,0.6885761182758611,0.10389404260647137,-0.00012216238075284276,0.006655857093921228,-0.08536889595444949,0.012867219223874479,-0.0011314723622574815,0.00074041812687496,0.1182147609722617,0.03880954221187578,-0.02957173931103993,0.011149019258292819,-0.2856952182353997,0.05263886995021769,0.010414980366582543,0.009163277228913944,147
1448,0.6592805535352115,-3.572279636372376,0.19463094182177595,2.0654088328961,0.139374435484921,0.21966566745981664,0.033342004705669614,0.06679020005209144,0.036648066949376785,1.0056265842111498,0.08709983046001185,-0.006855345877426009,0.008483452974373579,-0.029291467604058683,0.009661689999079848,-0.0002586488199612045,0.0004925132901725927,-0.048977297649176514,0.03550100433714951,0.048143061403735275,0.012096160449804709,-0.10087447793129455,0.030882326568529385,0.008855182145986596,0.005335615858875532,148
1334,0.6516737278585465,-3.351286943410024,0.17382807800739722,2.408053285862814,0.12318031094703281,0.09332731263558863,0.038154801943449244,0.005480825951401407,0.026648544117025805,0.6904341751388028,0.09149467603996933,-0.049045208588191294,0.00724184525695223,-0.08539604194484335,0.013338415482760307,0.0002756319609923065,0.0005830439250050491,-0.1330160080648678,0.0337199045544145,-0.01527159935582199,0.012244671638077388,-0.3123933531356882,0.04250418127927712,0.024842086528487933,0.009317237986399154,149
1489,0.7204022437116823,-2.77422052094359,0.12540685314862024,1.6195291724453653,0.09699635760679153,0.14891635301402828,0.021794257731391296,0.08115683294635204,0.02136476055764621,0.4655121288291929,0.06790797224705414,-0.004079635607804569,0.005175915621165035,-0.10716873096154164,0.0061290312250017855,0.0017643654964783384,0.0004417312781535795,0.20541753472820393,0.02537439614361838,-0.03520635819193221,0.007394282899189069,-0.2943522314715653,0.030871285566342305,-0.021614478684418126,0.005734103847807103,150
1628,0.49343760145554594,-3.3316655766237377,0.14541062101367616,1.9300029638114398,0.10753901533950837,0.09317595385360163,0.030668383750046338,0.027904377065426922,0.023961619620972312,0.4240037217698641,0.06709211699835724,0.026511102675314854,0.006452190567137739,-0.013137110280088309,0.00864371235539257,0.0029402095905111205,0.0004477723012682881,0.05943975862808146,0.03080301963506788,0.007783366262027992,0.008686119970372557,-0.07061814799963534,0.036921952118818886,0.014622421068176829,0.007313224895328012,151
1229,0.8446088469624304,-3.8667367191148254,0.16983190940836845,2.074268936731864,0.1247075873720793,0.3665828351280778,0.036587581844068975,0.09744699415987233,0.022931798038277405,1.0659476974650386,0.07443104570341952,0.013380697219466676,0.005231431199422067,-0.11184251590049019,0.008645185440977933,-0.003920506487263394,0.00042926023479037756,0.07907644421060997,0.028092893218567103,-0.048959474247418304,0.01210900204312117,-0.44186298168505256,0.0358570020621163,0.0014997697614772768,0.004948928615451126,152
1269,0.5782014687222132,-3.4256668103099255,0.19557493825916725,2.188751986928373,0.13349631009861437,0.16391284540679624,0.026633548361251022,0.060812751228514046,0.033862454338523224,0.7821729320076503,0.09391397948614004,-0.031100124458583726,0.007411546943665222,-0.16565182322388208,0.01659425335564981,-0.0002337601393453206,0.0005423906648100844,0.17219985689797845,0.032664249264531306,-0.016839218102725442,0.01290181273097175,-0.414205873231703,0.048318393501670796,0.03684875517162228,0.012391859469948939,153
1141,0.7236787150273787,-3.1353869069532947,0.16330280820442356,2.057349372987474,0.11457132739527104,0.23586439213208435,0.020278088921314136,0.1440183064676037,0.031745034229648715,0.05607758727643898,0.08488542462865722,-0.0858880503052122,0.006428783206288733,-0.07917655359559497,0.007298914393442255,0.00292741095921681,0.00042912753654926277,0.06074016418711868,0.03469742551065191,-0.041765381998378634,0.006803575022451973,-0.2643094671845537,0.02217954409205594,0.027427561106317118,0.007272506527886044,154
1509,0.6981624556901351,-4.3081384816031605,0.18154772372131378,2.890927185685724,0.14250955271721735,0.12129748134780959,0.02911046059728219,0.09217369261054127,0.02551903764709388,0.9117548857540358,0.08216975965668417,0.009191506335041833,0.006990677427881498,-0.04939036012262239,0.010866897526257573,-0.001746327011025782,0.0005041114281936382,0.12534942591329412,0.04105901675782873,-0.04672624008595323,0.013847541472072216,-0.24026984510694058,0.03230591411028683,0.033679303032696874,0.007437811345813248,155
1398,0.7233016608438807,-2.949796034518858,0.17262990601457265,1.5970322143992908,0.12551400011088293,0.2830945366796188,0.020724130716902385,0.058562634100139066,0.02619014284663627,0.7668250060695279,0.0674482733613603,-0.015242504893071957,0.005546434341180577,-0.10673902202440276,0.008529770941611189,-0.001765280949855733,0.0005225353457005629,0.06381632064857468,0.02896195212435429,0.03021105901957492,0.009413714585470304,-0.3804242290796441,0.03389080154442882,0.013411784786732597,0.004444117308658141,156
1317,0.5329066752811609,-3.0675979474280464,0.1866310514896906,1.842481430795574,0.12128287035070724,-0.017951657629348697,0.03226120022857009,-0.04058368527023547,0.02761618451200731,0.8833776192825274,0.07460000437703894,0.043649368306963,0.0070747928176917215,-0.046829544025283804,0.01069951869871204,-0.0012882897826769586,0.0005947758946847959,0.25281327309278795,0.03365388655261707,0.015672415780093315,0.011828684573139063,-0.07625570201983421,0.03332321186993522,-0.006829750370605261,0.01086928503116306,157
1340,0.6676136872172838,-4.502618517515389,0.1970384391942844,2.4431043240110504,0.13006636041037536,0.373959298644682,0.034513543644590056,0.10723959029183056,0.027229128741221045,1.2453353439504835,0.07542248884525375,-0.03538848891607399,0.006974869800278045,-0.031537240178343834,0.010773128968862872,-0.0023173129196971277,0.00051799198243234,-0.12739265460051874,0.037187919354107084,0.07922718871617798,0.015716560067398522,-0.1527175813436605,0.0419540312119281,-0.006724869139444305,0.008610423675622267,158
1471,0.60950315077773,-3.4764749881182504,0.22311432684184257,2.434501878217381,0.14813323840643827,-0.026930623317555635,0.041133838231415726,-0.03557546357200809,0.029160213698908487,1.2243567959171173,0.09486696172136953,0.006395895005541599,0.006924528214814748,-0.0958919703374376,0.014994544564150418,-0.0018119384211806454,0.0005501073486291614,-0.10209038092803559,0.040166641494063925,0.01204215388835373,0.01672402703471689,-0.36167084985384157,0.04859775933028963,0.03887505480716763,0.011091467734843976,159
1356,0.6576392708783463,-3.2253277894632957,0.20345817439997346,2.2438104434134423,0.13535847038520457,0.0629638659186963,0.03553530441432169,0.03671432829275803,0.025632045865956337,0.8352054881761275,0.07435441130666154,0.004716728784323075,0.006334138470836815,-0.12946827595869026,0.015510170866645207,-0.0035946995558066514,0.0006055511225426711,0.11298878883963048,0.03167019723793408,-0.009046261917900957,0.012918015491821163,-0.3734951750153934,0.05356804744526807,0.022662580535249055,0.012335968273665598,160
1086,0.5924567552335303,-2.6663860903542433,0.21210421881142866,1.4994341474573825,0.14499221372879295,0.11256699031383255,0.03781120504439264,0.03528450921157467,0.037089301961851874,1.1761860888446238,0.11931867150353621,0.003956787185625397,0.007022753133151822,-0.13010045732697892,0.012092722586041414,-0.0024295366280060807,0.0005599071110061339,-0.05069177143205648,0.03746936696624171,-0.09368161424958865,0.014151857768479178,-0.46783992707447924,0.04665524366323437,-0.012377794726792657,0.011789627593633492,161
1233,0.6115410822280917,-3.7999355470085803,0.1870399654507082,2.333026112744126,0.13317498224192637,0.17181797156835427,0.02845932325473133,0.023134846212227795,0.026716611932758243,0.9365533763880571,0.08289623310638189,0.009507318045536194,0.007905250132807913,-0.0980568301423143,0.013415438374849101,-0.0013513086058334132,0.0006288920581799345,0.04140804199965156,0.04200642243266387,-0.02268266167859696,0.012609092722744561,-0.2188657931741647,0.0571663995652376,-0.024924840694475935,0.01133454833178458,162
1301,0.7180180152048845,-3.313085401315173,0.17935770577605842,2.770285923101219,0.142251121357984,0.03252952500425816,0.02863154084391928,0.1867864068587069,0.02496999236280213,0.4150643796851481,0.08443217187860162,-0.017981961362785837,0.006690272233001053,-0.1262664522285578,0.013668934036664164,-0.0035255515198236533,0.0005223671592301713,-0.107045697287951,0.03646007722156485,0.007186726318269053,0.014566122325555436,-0.45259866027354567,0.05273731065229587,0.002137016625101574,0.009300605928519735,163
1149,0.7473098865530488,-2.5455099120150066,0.20729515405526439,0.9771070498955597,0.15574449235760893,0.23047702059089792,0.027903949080547066,0.14249841063680094,0.030153028669675553,1.3597208430476506,0.0816071372832987,0.026278960360259333,0.0073053148722865575,-0.14025660299033615,0.015709997218882547,0.00045127231317443984,0.0005559769110351775,-0.06667354281945663,0.034446877037258204,0.018463026417771252,0.012124028301046473,-0.37074732096136914,0.05638918956879056,-0.0395551822691389,0.008901421794393937,164
1314,0.643443958048104,-3.645741055831638,0.19578161050610104,2.2856102506327933,0.1296719712331232,0.04328122223269913,0.030648678155860025,0.004099439816448468,0.024190296694980868,0.8240758158064512,0.07252075485723558,0.01580715653443235,0.005628233997628691,-0.10803667655783848,0.015390527676796089,0.003307881824234754,0.0005446774865180666,0.08220914878735508,0.03340057239281286,0.022830488001059912,0.011440855999826803,-0.41223771187392144,0.06017072194510947,0.066831752617585,0.011442591042742664,165
1289,0.6370319190335294,-2.6885632263333337,0.23313932017042066,2.0337565908635,0.17181159325692216,-0.024635601288199742,0.04503764151142349,0.07568447594418073,0.03030510062957374,0.8130162531344549,0.11464734967774294,-0.011139195197141578,0.008935429406550795,-0.13128114721716988,0.016925148491968026,0.00011467598418877584,0.0007186072747888968,0.08879547492795392,0.04105577727521345,0.08287940909503828,0.01864837769338438,-0.3731902534549747,0.057750277521422394,0.0554676382386438,0.020124564617888783,166
1785,0.6247518375741223,-2.4996356204202006,0.13585464640478154,1.5890380281314296,0.09218266937073542,0.06508816639006974,0.023227694688471856,0.021598546212407733,0.02367476313643479,0.8908378481588879,0.06671452902214312,-0.015891222326212227,0.005070756483251826,-0.08815021171633433,0.006755482019068395,-0.00041959017287262037,0.0005213589765732155,0.010710360929009975,0.023923545363777093,-0.006530121880008479,0.008166077111478591,-0.22019924593682053,0.024678164894773754,-0.014385618342714939,0.005352620591497572,167
1198,0.7098143632835929,-3.8520404542555107,0.14851027455874008,2.5416368507243208,0.10651063872191342,0.030412109135329893,0.026771194733847647,0.014009281900187569,0.02496251400429291,0.9782528875399594,0.07025275395256633,0.035062088027895746,0.00713885263151392,-0.08826918911872753,0.017870221826294358,0.0006436104714155413,0.0004975770436571559,0.07068877733642139,0.03414122764692953,0.009351539706228387,0.011460391817880852,-0.2037060307145609,0.06535045674535546,0.008714888689295451,0.011505709542668144,168
1477,0.7597743060964595,-3.234254770071511,0.1521552513412328,1.840239886709734,0.10793624424261489,0.040368567477693226,0.02481047629255381,0.07080116632565403,0.024806323031772444,1.0239656572014613,0.07391017887702797,0.016893873721420864,0.0061985751650797645,-0.07880571962415661,0.008025404558022208,0.001619721637058431,0.00047491354271665714,0.01425313681004535,0.025396370962688673,0.0468167346147569,0.010035046526739174,-0.22377973108131902,0.030562148656688746,-0.013679113009099356,0.005089533648569362,169
1156,0.7138787877813645,-2.8857406006094877,0.20767783140551874,2.08914504477821,0.13821281396394247,0.12965533883853103,0.03102501629735754,0.20365175358229248,0.028150456351148732,0.6704781414001502,0.09446043315340961,-0.02217520754967699,0.0062771217456772275,-0.197745576156623,0.01994704761906271,-0.0025431335281542117,0.0005750893828111002,-0.04348179948593656,0.0310625048672201,0.005373309778672194,0.011184162453210595,-0.5511686081441326,0.054456249715183355,-0.0027242738093678095,0.009014148399174738,170
1549,0.6456518479402538,-2.8942890806379182,0.16404509549613747,1.6550415697993737,0.11687516370437769,0.015135376933344364,0.034717533082105345,0.14856234877569413,0.0216019839809647,1.2174087055436769,0.07518040567166594,0.010831635840265393,0.005988757000382541,-0.05966224175053778,0.007093139300900708,-0.0004500985631868388,0.0004896072937087246,-0.10099054556657955,0.03332852714139859,0.051669059374070084,0.014103712915411085,-0.2714633081194253,0.028293947802258596,0.015775388995266423,0.006557287180728589,171
1282,0.7539209292326978,-3.48194183244171,0.19334091085171182,2.220157658766203,0.1469878199235379,0.2822210636368381,0.03162029052033475,0.04774387237913286,0.026594177943111173,0.8687322599244246,0.08325742028817677,-0.022389942860144278,0.006177488374641801,-0.11845466422543316,0.015426823074489933,-0.0024036631645094784,0.0004890434407641633,-0.3049328578552676,0.03484489991578889,0.03515359013917219,0.011368991222789818,-0.3237217200973447,0.05189402672335231,-0.0007607870907063881,0.008340941025768748,172
1285,0.6543742246282844,-2.632766148772046,0.14607222991840393,1.8284406027116018,0.10243895994669512,0.10586652683105531,0.026230752938630787,0.1988039946277178,0.02432033588128793,0.6957743840312313,0.07455780422356315,-0.03617261164668911,0.006845359260683154,-0.089645340351314,0.010270740748562482,-0.0015539527218869167,0.0005857897004785958,-0.3032913388413387,0.03510986725098676,-0.013663852897505315,0.00999571744457891,-0.37194590802785354,0.04161329025464863,-0.007933336964407092,0.010876390177113381,173
1246,0.7342082557220043,-4.328408349508616,0.17492626250523094,2.6957994594062216,0.12217935992645305,0.21640075659811092,0.02620954574237897,0.06812450695980732,0.031231043469578564,1.0986828177956232,0.08521256963551893,0.013611966882131028,0.007714086635060214,-0.05400168094456176,0.014715210183207358,-0.0012472014255572612,0.0004657679100716703,0.12223523328970762,0.03530148893454697,-0.005947390846605206,0.0106233127624392,-0.12910477950656132,0.05459892354028088,-0.009236927652350554,0.008385897736038093,174
1137,0.7032882229371016,-2.7607333147496202,0.19433350000956867,1.8192935836556088,0.14108517205664417,-0.05800371400145021,0.03711318688056853,-0.005802733563272544,0.037225026264542924,1.1620147983115379,0.11088119099492334,-0.0193844799077341,0.009465946293997026,-0.11684140555157153,0.009681276738018711,0.0036138143739015338,0.0005744795320735515,-0.019382741698092468,0.04030796236157599,-0.014217627400739244,0.016433697341255955,-0.3509845690142084,0.04198177886793901,0.0032040146455353377,0.0076750055510392485,175
1286,0.6285260433214004,-2.8951210917672703,0.19030900079949525,1.9724170872208278,0.137173968723385,0.08963243153832395,0.03128188536967709,0.011639203222662061,0.02758010857981695,1.3864543532163047,0.08858984039424836,0.01569384900216525,0.006763445868578409,-0.15618634849827165,0.01904016227296484,-0.007019135419194174,0.0007739721684298098,-0.19547281809725098,0.036177237050890036,0.0836414721232723,0.009212320856231231,-0.32970042889224815,0.0574524276131785,-0.011346060829607535,0.022140647081815883,176
1245,0.6573588079749881,-2.7435227750649367,0.16842525030159522,1.982272601095893,0.13155803631409954,0.06406126148622418,0.029802074229323124,0.02437189395269701,0.02998780863343259,0.9793904165811165,0.0918504246862528,-0.02045524538459332,0.0070376258133161874,-0.15622510908852572,0.014303542654957726,-0.0032275265928212934,0.0005460383984378714,-0.14217004577603234,0.03837936478006599,-0.004241216255884726,0.013609704518720086,-0.4606593705545369,0.040314815720025605,0.03869009709777009,0.010890870135865479,177
1595,0.7017249219490189,-3.300078573863035,0.1553377839742375,2.1131183868086736,0.11452610449479411,0.14743062556154773,0.027601901277182393,0.09998225547062606,0.022245674512614638,0.8528867825022162,0.07280049430901864,0.00046512941284125846,0.004937806672101211,-0.09747640464109762,0.010309953770179538,-0.0023456008402266233,0.0004963716695391806,0.018349226690754353,0.025169560218784734,-0.04007684120044461,0.011401741245293993,-0.31422753501961603,0.032046302990650956,0.02510836631723524,0.007822160495176906,178
1372,0.6568248576512765,-2.9603600705698234,0.17364893574321807,1.9976689928219644,0.11813690134263347,0.28322502166586505,0.02791020831595302,0.14998908542374345,0.028519640296506617,0.08390759180863896,0.07809881600089898,-0.09803977775343051,0.007453246674199756,-0.10684880510461806,0.010304943615766381,0.0019866861411418687,0.0005334881391703995,0.021078317506927867,0.029538620299974814,0.06816350019203511,0.012052128945270964,-0.25917113312909407,0.030971255971704376,-0.00557054656267114,0.007684301763167922,179
1122,0.7781518896367172,-4.354448134230425,0.2073707874420923,2.656178343534363,0.1434859354130168,0.3103492627827147,0.03222067380642207,0.09025221056377507,0.026217110704347624,0.7039166035148898,0.08114371197970974,0.03775310843902984,0.006584799862370989,-0.1550215023069952,0.01548087046647767,-0.002304872235386778,0.000445288035342938,-0.014412316174249666,0.03788580764456868,0.03653610565715416,0.011924465383890895,-0.6464057902783419,0.06229511775993141,-0.006062246468171864,0.010978509014119175,180
1371,0.7050116035336249,-3.360281236386519,0.15731462722805517,2.257767004016174,0.12374698670073914,0.04602208680462424,0.025792213570307605,0.11097653033877432,0.024698953342492263,0.9069548331623272,0.08066457294489776,0.019844299474556504,0.006457818404143245,-0.05355517154594683,0.012833952789788636,-3.005044084131961e-05,0.0005612081673335083,-0.02129995254615804,0.031669802599232896,0.04769511457606969,0.011861988175997472,-0.1396341738901921,0.0425179855091195,0.06975660526514382,0.013866213608882707,181
1465,0.6987370716995638,-4.206794480559334,0.17257608588720635,2.566306741514972,0.1258825882179244,0.19354649581170813,0.03598046110973576,0.01625898069165446,0.024453978777988817,1.01454074843767,0.07992266459849191,0.029662700228182307,0.006201864586395152,-0.06707206906809719,0.009567074590833495,-0.0012632809500654537,0.0005153592214507329,0.025578184251207822,0.030799461340724563,0.07124933302878378,0.01491829801796575,-0.3082834805981366,0.04030642288405492,0.00825190147929069,0.008767552683478974,182
1339,0.6973739422752867,-4.036243596828303,0.15316228648673605,3.2039944181054696,0.11260063137630248,0.16390461573736706,0.025223381746118878,0.007727474463850652,0.021734020544151526,0.18575370743632774,0.07197784459925975,-0.07946707335404754,0.006825946282623499,-0.09884269632662697,0.009749137834356892,-0.0018078862400670581,0.000540574047081037,0.26010407620497555,0.030700025518038562,-0.045919191571120746,0.012061978294996802,-0.32898393404668547,0.03840661827412228,0.0005283279015748771,0.007196412707020487,183
1171,0.6903134681200063,-3.4148033306101855,0.20134435347793275,2.4952053698205057,0.14567496005396546,0.18108473343885456,0.026911572173070088,0.06852466535037771,0.0311072143108945,0.7904618680920896,0.08540443701915987,-0.03372397696300328,0.006719788929553544,-0.12697787877780708,0.013045271323752163,-0.005601827011631568,0.0006197617581306864,-0.22876683963978645,0.035794968579569,0.01793256674089632,0.008792368550600149,-0.5004477049213985,0.04946327917053475,0.014614490070969112,0.0057374624616010625,184
1325,0.5759333349503182,-2.8639088860039212,0.18565749424111272,1.975595436177928,0.12525728239484468,-0.11076525605010837,0.03881588882912945,-0.005708042477155777,0.025024805207546297,0.7663126674507676,0.08961148326504673,-0.0051868163573804615,0.006305752316392368,-0.11945932075380906,0.016287464377154212,0.0033208604143233297,0.0005251455689823024,-0.0018569772368129088,0.03428920164384644,0.03133232294839571,0.014136899947436537,-0.5563115416416364,0.06823345319902585,0.04909881655768878,0.014629267044977128,185
1149,0.6837487485610649,-3.9245870266828753,0.2359318801465286,2.7263098857287575,0.1737232816119558,0.15497052083218432,0.027982998920590977,-0.06485389202712231,0.03456470207514688,1.30195618234029,0.10837511961723703,-0.043113591395765635,0.007730866394908912,-0.12731222917792473,0.022362570037283407,-0.004493872521171558,0.0006084421094986147,-0.02413178046891203,0.04273371807082685,0.008019994362120107,0.013761396317312475,-0.47354079096983404,0.08666234824197251,0.024139571450234848,0.01142251458025617,186
1209,0.6356803658889085,-3.537582192711007,0.19315411589802328,2.0377950701465517,0.13103958540464805,0.2163671296474286,0.029632514380953552,0.12879597164835677,0.025752323897127796,0.6481114351585183,0.09071457423433048,-0.008307637677600267,0.006222674140868628,-0.10275098975801461,0.016306171263492136,0.00278677718042708,0.0005654772803581067,-0.1257078095987926,0.03628104530123159,0.033629868328360485,0.010188492794585325,-0.37459094507986174,0.05085417569959498,0.05030908217332784,0.01236864343692501,187
1258,0.6205087500301947,-3.1483303056497443,0.20228876811575136,2.192859310192243,0.14034372154997612,0.06192985826077162,0.033373270785516905,-0.06256694078712476,0.03298146754672226,1.1845153066726888,0.09929746992581705,-0.012274628426104932,0.006752537049368124,-0.09309360052983286,0.013419457972171108,-0.003841801037982592,0.0006159833739383438,-0.025845951566594333,0.030295957023998957,0.06453967860626397,0.012311925569137872,-0.26118279165524516,0.04106330150282828,0.033138049891193615,0.011078382598879707,188
1251,0.6558920578781258,-2.4091752803277044,0.21106306894963714,1.8752334297344282,0.12549019632344302,0.012550822896903707,0.04119977502657959,0.13991150240345315,0.02519934068083608,0.49488497903184114,0.08965980208812344,-0.03804332190649137,0.006107164195444529,-0.22282207808592058,0.02472213635978762,0.001200494612850253,0.000489635462543258,0.14757115320106767,0.03049558934965249,-0.060756201936340515,0.013597271803642265,-0.42042018868485287,0.056064457031260756,-0.05292236874479938,0.017541112393334616,189
1416,0.6477313838306907,-3.1594692383457907,0.16095234628169564,1.8656857279259484,0.10626717125660871,0.23283260985726373,0.02100036067786494,0.11475753880360087,0.028084582415674075,0.7945809210420463,0.08549395675440277,-0.050579113729295334,0.00694953029303356,-0.0614675055212634,0.00941851085216543,-0.00021379374670261412,0.0004953620862931175,0.31782475718694203,0.030747853481717345,0.02669394587397531,0.010398032328220149,-0.17380259304052853,0.038160880100948806,-0.0007813992782074921,0.005556876667177742,190
1503,0.7796949000985811,-3.2241272762940802,0.15495708187624424,2.3861138325285998,0.11769229159571042,0.2770123973670214,0.025898598058064458,0.1323528135461681,0.02373403900122251,0.1681636695522345,0.08605716019876464,-0.08359133242186023,0.006054941714660191,-0.09984378831207413,0.007928469512413537,-0.001563156217660989,0.000520698406037706,0.051810106319223365,0.027320871857376243,-0.02242259339945075,0.00960906163225081,-0.39370137305688185,0.03955461609116866,0.007919206792441798,0.00788389416527869,191
1156,0.6089721168301259,-2.825471058531622,0.22991292546714107,1.291287087858974,0.1505259208776729,0.23252338679195053,0.03970523450246846,0.0722751377230274,0.0254315711274128,0.27649915342477394,0.07453217309924857,0.028700276480238002,0.006056720074211617,-0.09571108431605689,0.018335570445079573,0.003576118156721219,0.0005376268238664401,-0.052427779884145535,0.0328128346573494,-0.016552478521142527,0.015253469689608059,-0.2178170172718351,0.076559974513182,-0.04676343656173611,0.017897477993588026,192
1539,0.6338569202013122,-2.4019771191791173,0.20755093499840346,1.1537088130543096,0.14639849691258733,0.20054676720889672,0.02590877343381473,0.12505945855888737,0.02455462151442727,1.188903940262715,0.07239175692760495,-0.01224017695075841,0.005706645493209378,-0.18478037722920904,0.020112121958067802,-0.0016624746683743957,0.00043268491882747864,-0.1278807702888452,0.035559369679842634,0.00271639052020392,0.008309619279656786,-0.7187949582789905,0.07548390408207169,0.04058555807036882,0.010886652644355762,193
1152,0.7192448756632426,-3.816807211897584,0.18656589255945139,2.0861572041412284,0.11985014580581267,0.15433790120955043,0.041523703844427516,0.029957405228934905,0.02787166701770757,1.294436155383539,0.08353820955183759,0.046543129762661416,0.0055680946842625294,-0.02972873600971538,0.011681826176559808,-0.000576123091891376,0.0005276770564766745,-0.10192023816785778,0.03638475939649762,0.024997274976290333,0.014214761000648946,-0.1519804865791901,0.03628062381037287,0.019133316290481386,0.005815328158519537,194
1288,0.7863625183161904,-4.295481156940114,0.17721139915585102,2.6936386196609865,0.11761744373231509,0.27413723521839606,0.025748880432754577,0.012565052227453152,0.026066991013840534,0.8156771259540152,0.073473549849604,-0.019770488454664517,0.006820943183981094,-0.06689917080587947,0.011334894548935126,-0.0033485189308675397,0.0005493991672817944,0.15990786751330244,0.02538029691686156,0.0694546856861979,0.012451877261602465,-0.1541737886107845,0.03092237801709606,-0.0024136430075990044,0.008888484303648476,195
1433,0.6870875505305729,-3.200154711658429,0.18011678432363643,2.3995830265526563,0.11776626134950477,0.10682256281338906,0.02969486537251675,0.13515308920238048,0.031688171829898464,0.7753011182816996,0.085335250055143,-0.0552278942740603,0.006403010135258418,-0.11243012664813043,0.013784137646316216,-0.003798798274720982,0.0005261114312178452,-0.28753374073176,0.03135612363544492,0.033168341259969335,0.010582198176921407,-0.5711372877491925,0.05206496034524233,0.023757292149864207,0.010943165871622067,196
1373,0.5785403347009086,-4.146976261446578,0.20255856551836898,2.4701475142287377,0.1395411560112665,0.19474698477203264,0.038174098495420535,-0.02241407757861037,0.030837349809995706,0.8498753778195504,0.0851639721702658,0.015532807810999017,0.006467705914582056,-0.052639497213084,0.011300180556502016,-0.0001478987473507822,0.0005274671518912819,0.0981604720934844,0.03869819643056879,-0.005508476882238222,0.011471251305446059,-0.19344720484999764,0.04977280476348474,0.012818992536133302,0.009615294157727399,197
1350,0.7301136784885061,-2.6046045276063166,0.19904651595604736,1.3240262365435842,0.14656166903164258,0.10619905334556583,0.03364052156365668,0.101707970170204,0.02745783531577981,1.1962471091666513,0.07880922322081355,0.009159139733388087,0.006847230345786669,-0.12741020882972828,0.014477538752537348,0.000694355679494857,0.00045926826703729373,-0.15393512404520504,0.033083491927086914,0.024145923141256683,0.009053941620314712,-0.40211958186748553,0.06736124053784595,0.0014100616825163457,0.010153657516215223,198
1498,0.6725427223064413,-3.6006273143512004,0.18101632342080717,2.2796017893729137,0.13081247493338743,0.23428358188070486,0.02946310645897098,0.051677681415670626,0.027593918941112103,0.9965068779618362,0.07931419770756183,-0.0019283228493717237,0.006938082977622623,-0.06698986201015684,0.012855028823277005,-0.005714737649233573,0.0005221491452501029,-0.18921039853108412,0.034812039171613095,0.04606517249522264,0.010726541264042603,-0.21306260015255496,0.045586866089777196,0.0018100515019720872,0.007385377810618419,199
1508,0.655468024888538,-3.9028209714790503,0.1446354250172307,2.2009382331609726,0.09660389029071284,0.1458670588905763,0.027380492912507923,-0.07860318722837528,0.02500682238258794,1.3768048568604518,0.07525459984402301,0.007955522292987884,0.006349589990115264,-0.04904324349701515,0.0076485047889893135,-0.0013971279555065447,0.0005377713318629461,0.03831467551054606,0.02873433900690804,0.011988199018644929,0.011571726286089858,-0.2127839334178053,0.02884183876135152,0.00074352908029431,0.005359298854792639,200
