Country Code,Country Name,Year,Access to electricity (% of population),Adjusted savings: gross savings (% of GNI),Agriculture,Capital depreciation rate,Clientelism index,"Death rates, crude per 1000 people",Domestic credit to private sector (% of GDP),Economic Complexity Index,"GDP per capita (constant prices, PPP)",Government revenue,"Gross fixed capital formation, all, Constant prices, Percent of GDP",Human capital index,Industry,"Inflation, consumer prices (annual %)",Landlocked,Lending interest rate (%),"Life expectancy at birth, total (years)",Manufacturing,Mineral rents (% of GDP),Mobile cellular subscriptions (per 100 people),Natural gas rents (% of GDP),Oil rents (% of GDP),Forest rents (% of GDP),Coal rents (% of GDP),Extractive_NR_Rents,Political corruption index,Political stability — estimate,"Primary net lending, General government, Percent of GDP",Property rights,Real interest rate (%),Rule of law index,Services,Share of consumption in GDP,Share of government spending in GDP,Share of investment in GDP,Total natural resources rents (% of GDP),Trade (% of GDP),Urban population (% of total population),"Use of IMF credit (DOD, current US$)",Total_Production,Total_Reserves,Total_Production_Value,Total_Reserves_Value,Hydrocarbons_Dominant,Subsoil_Metals_Dominant,Precious_Metals_Dominant,Population,Forest_Rents_pct,Coal_Rents_pct,Forest_Coal_pct,NR rents excl. forest (% of GDP),Total_Production_Value_Per_Capita
AGO,Angola,1995,86.47544998079665,27.006147858951135,23.326090757944662,0.0353665016591549,0.84,18.7,16.267924732223836,-1.914,4214.831,39.104,51.16142144,1.21491169929504,38.99160695437908,2666.45059288538,0.0,206.25,46.139,18.646026196716445,0.0,0.0143326900000033,0.2065192835583129,41.0188156720936,2.9856616742744,0.0,41.225334955652,0.809,-2.062,4.14315379618196,0.189,-84.0950001791546,0.174,34.216000044378895,0.279739618301392,0.248554781079292,0.624451816082001,44.2109966299264,77.92987569940973,6056808.999999998,0.0,632.8546027,0.0,3930715682.96068,0.0,1.0,0.0,0.0,13699778.0,2.9856616742744,0.0,2.9856616742744,41.225334955652,286.9182028322415
AGO,Angola,1996,86.73107889785388,22.507177707971927,20.53038232099408,0.038397703319788,0.84,18.445,13.80652584696714,-2.328,4533.696,39.104,67.19577537,1.23089158535004,42.7383138246441,4145.10598220638,0.0,217.875,46.418,22.629722437310782,0.0,0.0229292900000004,0.1597342054563639,39.0741439653244,2.12783851319871,0.0,39.23387817078079,0.809,-2.062,4.14315379618196,0.189,-93.51345888401758,0.174,33.781535857481686,0.2149481028318409,0.0840984433889389,0.734222173690796,41.3617166839795,78.13088423694143,6441501.0,0.0,715.9760656,0.0,5401322190.090931,0.0,1.0,0.0,0.0,14170973.0,2.12783851319871,0.0,2.12783851319871,39.23387817078079,381.1539398240989
AGO,Angola,1997,32.67750921679217,34.90340561722532,8.071928618527417,0.040404699742794,0.84,18.184,6.461894408539319,-1.57,4703.960000000001,34.882,48.507818129,1.24708163738251,52.051386379750205,219.176721172974,0.0,37.75,46.688,5.7901428883058985,0.0,0.0474206899999956,0.158566178380028,37.3490232506807,1.94389973459506,0.0,37.507589429060744,0.809,-2.19,4.14315379618196,0.189,-29.522706549011,0.174,38.087680707891224,0.293120920658112,0.25624880194664,0.55162787437439,39.4514891636558,123.25843304658542,6849440.0,0.0,741.0,0.0,5163876691.342403,0.0,1.0,0.0,0.0,14660413.0,1.94389973459506,0.0,1.94389973459506,37.507589429060744,352.23268889780957
AGO,Angola,1998,39.27140513662958,36.02886437599394,6.642046599964546,0.0408246666193008,0.84,18.925,10.312178233175445,-1.579,4765.766,27.629,64.03852148,1.26348471641541,48.145202803200235,107.284821528298,0.0,45.0,45.452,7.5992549526221795,0.0,0.0639037349999966,0.1364411885577658,21.7476800076135,2.38525957827358,0.0,21.884121196171225,0.809,-2.3179999999999996,0.1727086348378599,0.189,4.04755887747496,0.174,40.53349415956096,0.393798619508743,0.129606649279594,0.714909553527832,24.2693807744448,124.98264036293688,7275437.0,0.0,730.8493151,0.0,3392029856.1773524,0.0,1.0,0.0,0.0,15159370.0,2.38525957827358,0.0,2.38525957827358,21.884121196171222,223.7579699009492
AGO,Angola,1999,32.43134697162079,35.20775084607112,7.005649164957632,0.041405875235796,0.84,18.518,7.243425554692855,-1.505,4715.120000000001,41.128,50.73873052,1.2801034450531,54.47455691909112,248.195902412868,0.0,80.2966666666667,45.808,5.925050462098112,0.0,0.1512215679999968,0.161428826039536,38.5242698405316,2.11765565749899,0.0,38.685698666571106,0.809,-2.178,-2.4769008617915196,0.189,-72.5785001611618,0.174,35.93088281430292,0.328058332204819,0.291531920433044,0.58463728427887,40.8033543240701,123.19152404557612,7717606.0,374707057.4,745.060274,0.0,4886908753.37037,0.0,1.0,0.0,0.0,15667235.0,2.11765565749899,0.0,2.11765565749899,38.685698666571106,311.9190305992327
AGO,Angola,2000,24.200000000000003,48.0554136813391,6.439278778789799,0.0414570495486259,0.796,18.08,3.3723008709281785,-1.938,4704.0419999999995,42.858,27.660103246,1.29694080352783,61.49611655998689,324.996871601321,0.0,103.16017416666702,46.501,4.681964860708362,0.0,0.1593469999999968,0.196300643661974,57.5134839616206,1.43272575752332,0.0,57.70978460528258,0.809,-2.038,5.93821542113509,0.189,-60.78132703879951,0.176,31.430551922513793,0.283970803022385,0.246948853135109,0.38012158870697,59.1425103628059,124.65341207666675,8179553.0,355705668.9,746.0614754,0.0,7759665263.509136,0.0,1.0,0.0,0.0,16194869.0,1.43272575752332,0.0,1.43272575752332,57.70978460528258,479.1434412658192
AGO,Angola,2001,20.000000000000007,17.5450639869731,8.188099450693704,0.041017010807991,0.796,17.606,7.234202407825311,-1.454,4743.472,37.463,24.626983012,1.30848634243011,56.93776119472531,152.561022469299,0.0,95.96656083333332,47.032,4.46069030467763,0.0,0.4478359999999952,0.210594107007388,42.5915766791073,1.41730580825922,0.0,42.80217078611478,0.809,-1.807,6.40129810327971,0.275,-5.03293321688837,0.176,34.668673000512484,0.478612929582596,0.199827581644058,0.334656327962875,44.219476594374,113.59442070406294,8662071.0,343098130.6,742.0150685,0.0,6620273454.691471,0.0,1.0,0.0,0.0,16747208.0,1.41730580825922,0.0,1.41730580825922,42.80217078611478,395.3060984667696
AGO,Angola,2002,26.299999999999997,32.3347229473668,9.3867906039345,0.040836151689291,0.723,17.071,7.272428985269823,-1.898,5214.844999999999,28.681,23.095996398,1.32013463973999,51.9196521931075,108.897436089429,0.0,97.33583333333333,47.874,3.7265752922806694,0.0,0.8079549999999998,0.131900390989224,31.7610292464785,0.990786339881705,0.0,31.89292963746769,0.84,-1.576,-0.1838484869807359,0.469,-41.3294690923792,0.147,37.9804219303572,0.391951650381088,0.20116750895977,0.311204314231873,32.8837159773494,90.5708209731095,9165075.0,371160687.2000001,905.4410959,0.0,8269835721.017818,0.0,1.0,0.0,0.0,17327699.0,0.990786339881705,0.0,0.990786339881705,31.89292963746769,477.26104435550377
AGO,Angola,2003,27.4,28.8519074680264,10.000076846294,0.0409888550639153,0.717,15.559,8.84217052939595,-1.812,5190.531000000001,29.715,25.31655432767413,1.33188664913178,48.9228549611473,98.2241436573304,0.0,96.115,50.218,3.88517172538279,0.0,1.9505399999999968,0.135113552616191,27.1162657537214,1.15531764804726,0.0,27.25137930633754,0.864,-1.007,-2.8499614660717594,0.397,0.7747598160314189,0.121,40.8282626261312,0.388605028390884,0.199904248118401,0.323308616876602,28.4066969543848,90.6807161820483,9690386.0,405682628.0,869.5630685,0.0,9150591856.88145,0.0,1.0,0.0,0.0,17943712.0,1.15531764804726,0.0,1.15531764804726,27.25137930633754,509.9609187263734
AGO,Angola,2004,28.40000000000001,37.5128985319467,10.3635914449926,0.0416290871798992,0.717,14.958,6.310270715774585,-0.848,5560.617,30.987,26.97387142917635,1.34374332427979,50.2978770697738,43.5421067519687,0.0,82.3341666666667,51.123,4.67917984672746,0.0,3.9784000000000006,0.1237975643117379,32.9626955078503,0.684223942146475,0.0,33.08649307216203,0.864,-1.063,2.70791225768521,0.397,36.700397456859,0.121,39.7136676214341,0.328811168670654,0.170598268508911,0.307960003614426,33.7707170143085,90.3860384733605,10238515.0,423985126.2999999,1106.441208,0.0,15453360080.8038,0.0,1.0,0.0,0.0,18600423.0,0.684223942146475,0.0,0.684223942146475,33.08649307216203,830.8069166386055
AGO,Angola,2005,29.39999999999999,46.2278749445857,8.56536731681355,0.0423293896019459,0.717,14.31,4.167110655510172,-1.257,6172.758,33.697,26.288933768749636,1.35570561885834,56.1242984191149,22.953513851394,0.0,67.7181307369684,52.13,3.895781993138101,0.0,8.351590000000002,0.0367077834483982,42.2206783158613,0.5026881738919429,0.0,42.25738609930976,0.864,-0.885,7.75042606230854,0.397,19.6820166550524,0.121,35.4993259457285,0.264263898134232,0.147640272974968,0.259461849927902,42.7600742732017,95.3414592884703,10803050.0,390203038.9,1269.022575,0.0,25253800084.31637,0.0,1.0,0.0,0.0,19291161.0,0.502688173891943,0.0,0.502688173891943,42.25738609930976,1309.0865855256907
AGO,Angola,2006,30.5,49.264953985907,8.44100897843275,0.0426680743694305,0.717,13.757,4.509118175864806,-1.654,6642.627999999999,40.027,24.51880221036985,1.36777424812317,54.2214232962716,13.3052101780032,0.0,19.5108144527911,52.965,3.661849599916831,0.0,15.261400000000002,0.0801485865290752,40.2786520912475,0.394642221545691,0.0,40.358800677776514,0.864,-0.539,9.5466060158362,0.397,2.30827389629116,0.121,37.1439693103216,0.229344069957733,0.133777588605881,0.221920400857925,40.7534428993222,84.6246041171541,11387473.0,410714177.0,1401.440285,0.0,33322862433.3611,0.0,1.0,0.0,0.0,20015279.0,0.394642221545691,0.0,0.394642221545691,40.358800677776514,1664.87124328175
AGO,Angola,2007,37.5,46.9674164478886,8.61624042186554,0.0427367426455021,0.717,12.98,4.146952153207476,-1.649,7302.588,42.44,24.09010920380675,1.3799504041671802,57.905278239704,12.2514974459487,0.0,17.6988356005955,54.2,3.442696492529521,0.0,23.8782,0.075690352036519,45.3976036521592,0.4078820759402559,0.0,45.473294004195736,0.864,-0.667,4.8109021430761,0.397,11.908133430495,0.121,34.0967823030459,0.232502326369286,0.138810813426971,0.240880578756332,45.881176080136,97.2256306999958,12000962.0,431421881.2000001,1655.990605,0.0,43754606332.24076,0.0,1.0,0.0,0.0,20778561.0,0.407882075940256,0.0,0.407882075940256,45.47329400419574,2105.757291481386
AGO,Angola,2008,38.5,45.7465270529109,7.81831803295795,0.0436033681035042,0.728,12.302,6.143181400554205,-1.516,7825.395999999999,48.431,27.125568717141498,1.3922349214553795,56.2078263483829,12.4758291326398,0.0,12.533605759663,55.281,3.5323513964737607,0.0,31.3891,0.056635877907659,52.1013581243545,0.402778953529197,0.0,52.1579940022621,0.864,-0.362,-2.1409527232243297,0.397,-5.772358565980511,0.123,34.2212938482245,0.22384549677372,0.137995436787605,0.280332654714584,52.5607729557913,108.680408741993,12641893.0,420506996.4,1876.322885,0.0,66606516700.08362,0.0,1.0,0.0,0.0,21578655.0,0.402778953529197,0.0,0.402778953529197,52.1579940022621,3086.685277654405
AGO,Angola,2009,33.8,30.6304595516828,10.3661474573001,0.0450906530022621,0.718,11.702,13.30417007352504,-0.96,7606.389000000001,37.11,29.397429393052676,1.4046287536621098,40.9723218323879,13.7302839288408,0.0,15.682074235437,56.225,4.97545309460282,0.0,36.1789,0.0619194883478921,29.7782995191992,0.4712471301122021,0.0,29.840219007547095,0.864,-0.348,-5.20444938816463,0.397,34.939693867872194,0.13,46.6572174638642,0.335290610790253,0.171203285455704,0.403330266475678,30.3114661376593,102.263183257986,13309339.0,787056610.5,1753.832877,0.0,39478798511.1,0.0,1.0,0.0,0.0,22414773.0,0.471247130112202,0.0,0.471247130112202,29.840219007547095,1761.284779065128
AGO,Angola,2010,35.0,40.923093287263,10.0913068588653,0.046247024089098,0.695,11.078,9.024000738841025,-1.427,7683.606,42.789,25.55363434581107,1.41713297367096,48.5501387093455,14.4696564932577,0.0,22.5435720221269,57.242,4.487228855621659,0.0,40.3668,0.0633424630809302,37.7085091832735,0.3904584683148819,0.0,37.77185164635452,0.864,-0.226,3.9971142678956504,0.416,-4.76194124374164,0.129,40.4058954859428,0.286203533411026,0.14795558154583,0.308978587388992,38.1623101146694,90.9940631355109,14007418.0,1302262652.3,1812.318233,0.0,52585989817.55895,0.0,1.0,0.0,0.0,23294825.0,0.390458468314882,0.0,0.390458468314882,37.77185164635452,2257.410811953254
AGO,Angola,2011,34.6,41.4587533952508,9.55630602216444,0.0474252179265022,0.695,10.546,5.680158426171467,-1.23,7657.088,45.483,27.225458317637788,1.42419624328613,52.1706630052286,13.4824679218511,0.0,18.7572405365757,58.093,4.178085057887181,0.0,49.8515,0.0704815977652542,38.6184358197859,0.3337610777242561,0.0,38.688917417551146,0.864,-0.369,7.9979472056111005,0.416,-8.398047555106523,0.129,37.8278152881355,0.268340647220612,0.157939031720161,0.305831223726273,39.0226784952754,89.0369443425845,14735211.0,1605921015.9,1670.399937,0.0,67832090281.83705,0.0,1.0,0.0,0.0,24218352.0,0.333761077724256,0.0,0.333761077724256,38.688917417551146,2800.854917041302
AGO,Angola,2012,37.3,40.4951038207633,9.69697932366603,0.0483519174158573,0.701,10.043,7.87884624083641,-1.322,8004.573999999999,41.34,26.913394743,1.43129467964172,53.3611036467722,10.2779049218839,0.0,16.6564013212232,58.916,4.3619180251915,0.0,50.7801,0.0646914683950496,34.3328389540912,0.3334772106751889,0.0,34.397530422486305,0.864,-0.389,4.45275377913014,0.416,8.91040000919163,0.129,38.1528946330169,0.288825362920761,0.161902159452438,0.291953265666962,34.7310076331615,81.9394785486361,15486973.0,1739652880.5,1734.063651,0.0,70679465713.1309,0.0,1.0,0.0,0.0,25177394.0,0.333477210675189,0.0,0.333477210675189,34.397530422486305,2807.25899245692
AGO,Angola,2013,38.4,34.4889428079832,10.3295507034404,0.0487328805029392,0.719,9.578,16.532487139027133,-1.265,8093.129,36.746,26.066226656136564,1.43842852115631,50.3750405397121,8.77781429332624,0.0,15.8086382955866,59.705,4.779643733540901,0.0,50.7735,0.068998447457045,29.001484610750097,0.3295621689943639,0.0,29.070483058207135,0.861,-0.391,0.397688613368518,0.416,12.1812486049925,0.128,40.5013779544273,0.315760850906372,0.224058985710144,0.260818004608154,29.4000452272015,77.3498013716078,16257565.0,1478597285.6,1737.851674,0.0,68923821265.85284,0.0,1.0,0.0,0.0,26165620.0,0.329562168994364,0.0,0.329562168994364,29.070483058207135,2634.1367514262165
AGO,Angola,2014,32.0,31.8047646939619,11.4782158930109,0.0486918054521084,0.719,9.179,17.016167570869086,-1.736,8176.552,30.736,25.67240054,1.44559788703918,43.9966362099567,7.28038730361121,0.0,16.3822709411366,60.396,4.72618092427581,0.0,51.7384,0.0508980853938274,21.736607448329,0.3367420913651531,0.0,21.787505533722847,0.861,-0.333,-4.14384028454908,0.416,11.8181537125048,0.128,44.0532339009099,0.3750874400138859,0.213110372424126,0.265493988990784,22.124247625088,69.5801424481147,17036081.0,914027909.7,1701.373826,0.0,61445614033.50186,0.0,1.0,0.0,0.0,27160769.0,0.336742091365153,0.0,0.336742091365153,21.787505533722847,2262.292869303585
AGO,Angola,2015,42.0,26.1104425370296,13.6637723279796,0.048470813781023,0.719,8.809,22.2749280175046,-1.078,7960.448,24.134,24.834887531,1.45280301570892,36.7338841349078,9.35597215533784,0.0,16.8818623998822,61.042,5.240515596476261,0.0,49.3097,0.0604405605969013,12.7187303090272,0.5265040184371819,0.0,12.77917086962412,0.861,-0.505,-1.0026636018454,0.416,20.4438021561075,0.128,48.0419306568083,0.457098633050919,0.218248263001442,0.316665858030319,13.3056748880613,54.9793808779835,17884616.0,532051255.4,1795.646188,0.0,34334850626.563957,0.0,1.0,0.0,0.0,28157798.0,0.526504018437182,0.0,0.526504018437182,12.779170869624119,1219.3727160967615
AGO,Angola,2016,41.8,25.28568498671,14.6711413269562,0.0478745624423027,0.719,8.476,18.590827762086796,-1.092,7481.876,17.523,23.52759731,1.46004402637482,37.3943513261608,30.6944150806719,0.0,15.7805039391116,61.619,5.868915282927931,0.0,44.5502,0.158766315983972,19.7483988340046,0.977955118230998,0.0,19.9071651499885,0.861,-0.322,-1.47841982717097,0.416,-4.212861222286779,0.128,46.7231427013984,0.493991494178772,0.205774024128914,0.247727766633034,20.8851202682195,47.0155661405313,18764489.0,395881505.2000001,1744.837415,0.0,27852790862.26669,0.0,1.0,0.0,0.0,29183070.0,0.977955118230998,0.0,0.977955118230998,19.9071651499885,954.416065967929
AGO,Angola,2017,42.9,24.565710525555,14.9283260019113,0.04694864153862,0.721,8.192,14.847459281189998,-1.581,7210.026,17.516,18.65155829709784,1.46732115745544,37.0989345106935,29.8444799015679,0.0,15.8061003813255,62.122,5.81402192734032,0.0,44.0682,0.476162010407452,24.7110060055382,0.763161892985031,0.0,25.18716801594567,0.722,-0.389,-2.58586698839955,0.387,-6.3911780966709095,0.252,46.6189972009799,0.466189980506897,0.219926998019218,0.218714833259583,25.9503299089307,45.6643423539921,19678361.0,388801462.9,1671.357706,0.0,33059857843.841965,0.0,1.0,0.0,0.0,30234839.0,0.763161892985031,0.0,0.763161892985031,25.18716801594567,1093.4358818263252
AGO,Angola,2018,45.3,27.1933998810933,13.3397905678931,0.0462397895753384,0.686,7.928,13.2564012766381,-1.505,6872.841,22.866,17.942380474184223,1.4746345281601,41.1891594014386,19.6289379701521,0.0,20.6770040277157,62.622,5.400009225648681,0.0,42.4589,0.74554243174425,30.730402728590494,0.569460443966289,0.0,31.47594516033471,0.63,-0.348,6.23411179667743,0.387,-3.6081173945212406,0.323,43.9574616765439,0.497108697891235,0.187200635671616,0.172652900218964,32.045405604301,58.916480075976,20616442.0,1374114587.4,1519.226037,0.0,39542676313.43778,0.0,1.0,0.0,0.0,31297155.0,0.569460443966289,0.0,0.569460443966289,31.475945160334714,1263.459132737074
AGO,Angola,2019,45.6,35.285796926718,12.3911585673156,0.0457041710615158,0.686,7.701,13.471824895999198,-1.204,6596.755999999999,21.179,17.659968420123565,1.48198437690735,42.2251045134162,17.080954143438,0.0,19.295367205655,63.051,5.44224033917375,0.0,45.8065,0.814083850645771,27.504828641196,0.57894656754892,0.0,28.31891249184178,0.602,-0.37,5.67445263623788,0.387,-0.4759655392537816,0.325,43.8627207016305,0.475599735975266,0.16942897439003,0.180379092693329,28.8978590593907,60.7148243336685,21582821.0,1861295679.9,1420.3765150000002,0.0,33290196539.397152,0.0,1.0,0.0,0.0,32375632.0,0.57894656754892,0.0,0.57894656754892,28.31891249184178,1028.2485462954717
ALB,Albania,1995,100.0,16.0647849563646,32.8374497626885,0.0270207468420267,0.663,5.45,35.62674545591823,-0.473,4582.919999999998,18.398,19.728811835,2.51403188705444,19.7520120174809,7.7932185378921695,0.0,19.65,74.022,5.7792679641904,0.0371836556084783,0.0,0.0291496090693974,1.1595160284470405,0.1832823158128509,0.0028629082849502,1.2287122014098593,0.683,-0.337,-0.8627261178291941,0.749,-10.3859981337813,0.492,40.4328782613505,0.847883462905884,0.187035843729973,0.0896837562322616,1.4119945172227073,40.1386989518314,1220784.0,64519612.400000095,15.79586865431104,0.0,80475034.48609836,0.0,1.0,0.0,0.0,3187784.0,0.183282315812851,0.00286290828495024,0.18614522409780124,1.2287122014098564,25.24482037870143
ALB,Albania,1996,100.0,15.7790050727554,33.5616611921297,0.0269811432808638,0.679,5.496,36.24982396044378,-0.264,5031.138000000001,18.398,21.624145714999997,2.58118939399719,19.2241466662591,12.7254778087103,0.0,23.9583333333333,74.113,5.55414354336552,0.037460468366592,0.0703077740000068,0.0174110710674191,1.1607025940548503,0.1442029040422219,0.0017524519596481,1.2173265854485074,0.683,-0.337,-0.8627261178291941,0.749,6.00672099352221,0.492,39.4663599187019,0.86124861240387,0.21553473174572,0.0911869779229163,1.3615294894907315,44.4117820054663,1232352.0,54212531.099999905,15.935092667203868,0.0,84025180.92715451,0.0,1.0,0.0,0.0,3168033.0,0.144202904042222,0.00175245195964824,0.14595535600187023,1.2173265854485096,26.522823760722982
ALB,Albania,1997,100.0,5.45091556331419,28.941314508843703,0.0269318353384733,0.698,5.84,36.26201443844496,-0.367,4509.643,18.398,15.448040504,2.6345043182373,20.209552986729,33.1802743753956,0.0,32.7083333333333,73.383,5.1830186025237595,0.0086004330361546,0.1014224029999937,0.0212292713268089,1.0883564460632904,0.197605219453409,0.0003694905055133,1.1185556409317703,0.709,-0.4405,-0.8627261178291941,0.749,17.6952058443456,0.478,41.4134800460265,0.861700177192688,0.252641439437866,0.0920959711074829,1.3161608603851818,44.7293780649181,1244730.0,54973840.30000007,12.062487510072522,0.0,52769127.75246426,0.0,1.0,0.0,0.0,3148281.0,0.197605219453409,0.000369490505513321,0.19797470995892233,1.1185556409317727,16.761250902465267
ALB,Albania,1998,100.0,16.831539843229,26.2610428305328,0.0269433949142694,0.706,5.582,36.494396593107254,-0.438,4938.799000000001,26.826,15.139650608,2.68892025947571,16.9172110795014,20.6428588670596,0.0,27.161666666666648,74.357,5.131688159210251,0.0183314952147957,0.1732579460000067,0.0022264354163781,0.2334946304335119,0.1181743630111209,0.0007938897685005,0.2548464508331864,0.75,-0.544,-0.8627261178291941,0.749,18.00745542127775,0.457,42.9661858111346,0.868906557559967,0.261614054441452,0.115496300160885,0.3730208138443078,47.1306266993222,1257790.0,64445534.600000024,12.70152469460113,0.0,34385915.02779769,0.0,1.0,0.0,0.0,3128530.0,0.118174363011121,0.000793889768500678,0.11896825277962167,0.2548464508331868,10.991077287990747
ALB,Albania,1999,100.0,14.5584379729057,23.6225672955948,0.0272679962217808,0.706,5.605,37.29702234646469,-0.347,5610.870000000001,28.266,17.388184913,2.744460105896,18.5232144781417,0.3894376535616288,0.0,21.615,74.568,5.0656135578178,0.0056724020334504,0.3431143360000064,0.0016800556549638,0.4947254036799986,0.0806154996305077,0.0001265754958265,0.502204436864238,0.77,-0.542,-1.1285426979047095,0.749,18.3197049982099,0.453,45.4551517846673,0.790792346000671,0.245791956782341,0.146489948034287,0.5828199364947473,49.8954184095195,1271406.0,144308798.70000017,10.924466877518132,0.0,37803896.81640541,0.0,1.0,0.0,0.0,3108778.0,0.0806154996305077,0.000126575495826512,0.0807420751263342,0.5022044368642395,12.16037195850119
ALB,Albania,2000,99.4,25.1355402366035,22.1790139473687,0.0277140494436026,0.623,5.619,38.38919663221619,-0.204,6038.984999999999,26.066,22.455797513,2.8011474609375,21.712185305831,0.050018136346825,0.0,22.1025,74.826,4.7114591532226,0.0,0.940922999999998,0.0070346273790704,1.0715005648477902,0.1266368254864001,0.0006346237162777,1.079169815943139,0.74,-0.54,-1.87168595713437,0.778,15.2785042512077,0.473,42.1159390377732,0.756058990955353,0.21297100186348,0.201741993427277,1.2058066414295396,61.6092610436407,1285455.0,148425240.20000005,6.346209916196616,0.0,66333446.13740809,0.0,1.0,0.0,0.0,3089027.0,0.1266368254864,0.00063462371627779,0.1272714492026778,1.0791698159431395,21.473896517384954
ALB,Albania,2001,99.4,28.0249471583832,20.4524054141319,0.0281462166458368,0.651,5.625,39.449886895568135,-0.1589999999999999,6601.478000000001,25.848,25.445804571,2.8150897026062,24.386649861103,3.107588270314342,0.0,19.6541666666667,75.083,4.33924127218943,0.0,12.4732,0.010399353794783,0.6999221375920204,0.0626445552743011,0.001328431740137,0.7116499231269415,0.729,-0.419,-2.64521047882144,0.778,15.3115950594671,0.523,42.1990520460137,0.722214877605438,0.228211045265198,0.240735232830048,0.7742944784012433,64.2474462587009,1296121.0,141638824.60000002,6.22037365028203,0.0,55865530.09985132,0.0,1.0,0.0,0.0,3060173.0,0.0626445552743011,0.00132843174013712,0.06397298701443822,0.7116499231269422,18.255677080953042
ALB,Albania,2002,99.4,24.892031750862,19.7639164696809,0.0283538438379765,0.677,5.69,39.43954642108588,-0.292,6921.683999999999,25.323,25.652436279797985,2.8291015625,26.2383265737354,7.770525834315521,0.0,15.3041666666667,75.299,4.3077579762093805,0.0,27.153,0.0117918086634503,0.6871776273862462,0.0665511639246421,0.0002882818668638,0.6992577179165593,0.745,-0.298,-2.1554859424706,0.778,10.9719532137276,0.509,40.8693014913812,0.722362279891968,0.239019572734833,0.251809477806091,0.7658088818412025,65.9914650336802,1316573.0,144218235.10000002,7.182949234488316,0.0,65874280.98495216,0.0,1.0,0.0,0.0,3051010.0,0.0665511639246422,0.000288281866863831,0.06683944579150604,0.6992577179165603,21.59097511478237
ALB,Albania,2003,99.4,25.5721077451747,19.8076203314692,0.0284460820257664,0.677,5.777,39.42389069337392,-0.1409999999999999,7331.739,24.674,26.213910726151312,2.84318327903748,27.084687755804,0.4840026118184788,0.0,14.2708333333333,75.557,4.343207119341301,0.0,35.278,0.0091952231675507,0.6927227745901394,0.0629987181111055,0.0009148991383692,0.7028328968960587,0.745,-0.31,-0.6056267877932628,0.778,8.89419077403408,0.508,39.0975551528255,0.729002833366394,0.236986771225929,0.259292393922806,0.7658316150071638,64.8232150960777,1338328.0,159415247.99999988,7.255167606768735,0.0,76661386.5581506,0.0,1.0,0.0,0.0,3039616.0,0.0629987181111056,0.000914899138369364,0.06391361724947497,0.7028328968960582,25.220747146399614
ALB,Albania,2004,99.4,28.7083963748256,18.5630799913995,0.0285235773772001,0.677,5.784,39.42342830730049,-0.252,7768.468999999999,24.992,27.76316827440219,2.85733485221863,27.7299752177294,2.28001916938101,0.0,11.7615218344487,75.951,4.474331529347481,0.0099693402791702,40.6495,0.0048676691156837,0.7931531630052202,0.0539967923130284,0.0068346112642735,0.8148247836643492,0.745,-0.427,-1.3095987716461102,0.778,8.40596001388623,0.52,39.5598988272926,0.710179507732391,0.250434845685959,0.28633925318718,0.8688215759773747,65.0379383187697,1361472.0,169099897.60000002,8.714780016116036,0.0,115499462.18487395,0.0,1.0,0.0,0.0,3026939.0,0.0539967923130285,0.00683461126427363,0.06083140357730213,0.8148247836643463,38.157181953410344
ALB,Albania,2005,99.4,29.5126218060275,17.1247178955729,0.0284568164497614,0.649,5.763,39.43163895467557,-0.233,8239.854,25.434,28.730081437000003,2.87155675888062,28.1372131604488,2.366581956797951,0.0,13.075,76.427,4.79412473482729,0.0251232422071703,49.7453,0.004024068186814,1.0209537462924292,0.0479782810465883,0.0030712188523034,1.0531722755387207,0.722,-0.505,-0.2210176064619879,0.778,9.62860015652314,0.537,40.3981318981217,0.698699355125427,0.251077383756638,0.293757319450378,1.10115055658531,69.1162926602322,1385096.0,158243428.99999988,10.740785656728445,0.0,187059148.60120115,0.0,1.0,0.0,0.0,3011487.0,0.0479782810465882,0.00307121885230359,0.05104949989889179,1.0531722755387216,62.11521039313839
ALB,Albania,2006,99.4,28.2366475729062,16.0415750334868,0.0280786026269197,0.625,5.715,39.45131198790565,-0.352,8781.447,25.928,29.122644129,2.87803173065186,28.4284255205783,2.3707283190428186,0.0,12.9399428618515,76.994,5.30970953926052,0.1212297073141259,62.6026,0.008133516356358,1.1924492167970406,0.0541548603090371,0.0029350945254327,1.3247475349929534,0.722,-0.508,-0.3980195676587439,0.778,9.98704550225864,0.537,40.1991972841068,0.690042734146118,0.228437557816505,0.318196386098862,1.3789023953019903,72.2019089483674,1408595.0,162459042.70000005,11.592752457695408,0.0,256562809.2991231,0.0,1.0,0.0,0.0,2992547.0,0.0541548603090371,0.00293509452543288,0.05708995483446998,1.3247475349929532,85.73392808838862
ALB,Albania,2007,99.4,23.3039506615691,15.5325494481234,0.0277774017304182,0.625,5.609,39.433822023759866,-0.309,9377.463,26.13,28.660130032,2.884521484375,28.5772545670045,2.932682481623228,0.0,14.0996227871662,77.691,5.731781570638861,0.834611352735755,76.8284,0.0111900092211738,1.2494340281175802,0.0747717350561407,0.0040429561121997,2.0992783461867095,0.722,-0.204,-0.535072778704746,0.778,8.51173734427855,0.537,40.5451705003217,0.719442486763001,0.227313444018364,0.31713005900383,2.17405008124285,79.9119008919954,1431616.0,163478853.70000017,13.732167365028204,0.0,317195654.1634209,0.0,1.0,0.0,0.0,2970017.0,0.0747717350561407,0.00404295611219972,0.07881469116834042,2.0992783461867095,106.79927224774165
ALB,Albania,2008,100.0,17.641873589508,15.422100399492,0.0277845691889524,0.625,5.584,38.90709775082515,0.224,10158.433,26.842,27.789556226,2.89102554321289,28.5616497223775,3.3208709038926507,0.0,13.0196427128802,78.248,5.422752704462049,0.0787066226839956,62.1342,0.0084114240252288,1.6046546931070296,0.0697141078407692,0.0139175166136866,1.705690256429941,0.756,-0.0309999999999999,-1.98725563797202,0.778,9.19915823851398,0.516,41.0750286540131,0.73030561208725,0.22015044093132,0.318625867366791,1.7754043642707096,75.2485472798728,1455533.0,152026589.80000007,15.264254230459308,0.0,438621372.8401983,0.0,1.0,0.0,0.0,2947314.0,0.0697141078407692,0.0139175166136866,0.0836316244544558,1.7056902564299403,148.82071365324438
ALB,Albania,2009,99.6,17.6159378687425,15.2792217271528,0.0278935693204403,0.626,5.721,37.3109373018231,0.417,10570.167,26.093,27.523347419,2.89754462242126,27.5678722962167,2.2669220945083097,0.0,12.6609351537225,78.509,5.65670894819093,0.0418367002792885,83.1929,0.0064809966209884,0.9236601157103816,0.074808664212522,0.0007169393729395,0.9726947519835978,0.756,-0.0449999999999999,-3.41311044681723,0.778,9.83773189748578,0.527,42.0040238601938,0.694842278957367,0.222281411290169,0.30174058675766,1.047503416196122,73.3213575646169,1481712.0,144309407.5,14.220432715551976,0.0,275515375.2285088,0.0,1.0,0.0,0.0,2927519.0,0.0748086642125221,0.000716939372939698,0.07552560358546179,0.9726947519836,94.11224153575391
ALB,Albania,2010,99.6,20.169121591287,16.3586081914252,0.0279708430171013,0.629,6.055,38.5667222073844,-0.592,11016.55,25.867,24.008815211,2.90407800674438,27.4749142839601,3.6271009151748,0.0,12.8223298853561,78.414,5.96064021748117,0.1420236944821009,91.9299,0.0092524256662291,1.3095431718146706,0.0659767178336683,0.0013721331562774,1.462191425119272,0.767,-0.191,-0.1639986190423179,0.778,8.35023474045181,0.524,41.3131845921318,0.66279274225235,0.222167447209358,0.273024380207062,1.5281681429529392,75.5325329687378,1511321.0,129370620.5,17.622864625302174,0.0,454560049.6429142,0.0,1.0,0.0,0.0,2913021.0,0.0659767178336683,0.00137213315627755,0.06734885098994585,1.462191425119271,156.04420621853197
ALB,Albania,2011,99.7,20.5401346511725,16.7202229491786,0.0280052255839109,0.629,6.36,40.8904191085198,-0.487,11327.398,25.407,24.768859079,2.93933033943176,26.9409865024688,3.428071301415031,0.0,12.4320985987679,78.303,6.19222242619904,0.218928064038002,106.474,0.0136576272780024,2.4548890851063003,0.210245076855231,0.0007785011530285,2.6882532775753294,0.767,-0.282,-0.3545221151803439,0.778,10.5583645007965,0.524,42.2390195525462,0.691174626350403,0.205883845686913,0.26684507727623,2.8984983544305596,80.6989985298954,1548229.0,117241292.79999983,22.399446494762287,0.0,770980523.4465765,0.0,1.0,0.0,0.0,2905195.0,0.210245076855231,0.000778501153028553,0.21102357800825955,2.6882532775753285,265.37995674871274
ALB,Albania,2012,99.9,19.7723793874733,17.5913685516371,0.0280980095267296,0.629,6.728,41.048928970868,-0.464,11506.955,24.789,24.49726374,2.98676872253418,25.4077242038709,2.0315926839529617,0.0,10.8803465425902,78.084,5.379378129932451,0.16577444361184,120.275,0.016460841297766,2.8663510430539407,0.1825217933827179,0.0003443033759811,3.048930631339532,0.765,-0.1439999999999999,-0.3270456227514089,0.778,10.6295054335739,0.529,43.5059236088597,0.688839316368103,0.19441194832325,0.245835155248642,3.23145242472225,76.9683583166821,1540885.0,107036111.5,26.42667687348912,0.0,891271705.7724937,0.0,1.0,0.0,0.0,2860708.0,0.182521793382718,0.000344303375981144,0.18286609675869916,3.0489306313395317,311.55633702303544
ALB,Albania,2013,99.9,17.4405418060697,18.924817420614,0.0282363649457693,0.696,7.019,39.7219957616212,-0.505,11643.566,23.977,23.820021833,2.98455333709717,25.506803612245,1.93762080205223,0.0,9.8266043443155,77.995,5.74765422818215,0.1116345159557758,126.772,0.0171746839867787,3.0339240752561203,0.1651550972572091,0.0001024720153848,3.16283574721405,0.758,0.092,-2.00534403469287,0.782,9.44075587277392,0.544,42.6287844572944,0.729372024536133,0.202180340886116,0.241026476025581,3.327990844471259,75.7506185619748,1529521.0,96755468.19999991,29.33434085414988,0.0,999759872.87927,0.0,1.0,0.0,0.0,2816902.0,0.165155097257209,0.000102472015384904,0.1652575692725939,3.16283574721405,354.91468034005794
ALB,Albania,2014,100.0,15.7846777054225,19.2377589164282,0.0283679645508528,0.736,7.236,39.0603696115194,-0.57,11874.74,26.272,22.123770475,2.98233938217163,23.8286690584956,1.625865044026039,0.0,7.9725,78.029,5.90710171744016,0.1053812583674,115.701,0.0201834576696398,3.122076157113421,0.1692595612627581,0.0,3.2476408731504627,0.765,0.486,-2.58541149364558,0.782,6.43617834102525,0.549,42.6575638095964,0.712002575397492,0.204155221581459,0.241894632577896,3.41690043441322,75.0212023084129,1518154.0,150856823.19999993,30.54673489121676,0.0,1001248436.3107412,0.0,1.0,0.0,0.0,2773767.0,0.169259561262758,0.0,0.169259561262758,3.2476408731504622,360.9706353528401
ALB,Albania,2015,100.0,16.6664487538583,18.7471602773412,0.0284076575189829,0.736,7.245,36.8808802178051,-0.745,12173.622,26.44,22.653028085000003,2.98012733459473,24.4814091473313,1.89617402592366,0.0,7.877500000000001,78.358,6.2759154301457,0.0657948465115934,117.33,0.0191129543175689,1.45260618469079,0.191365197131665,0.0059826856178933,1.543496671137845,0.765,0.342,-1.62361662849874,0.782,7.0515158846934,0.549,42.8778647519282,0.703825533390045,0.195925176143646,0.22424428164959,1.73486186826951,71.2794476606014,1506525.0,243583720.9,27.94560838033844,0.0,508988792.56585217,0.0,1.0,0.0,0.0,2731293.0,0.191365197131665,0.00598268561789345,0.19734788274955845,1.543496671137845,186.35451874473085
ALB,Albania,2016,99.9,16.776610821458,19.167190753497,0.0284671038389206,0.727,7.288,36.2098635348358,-0.66,12597.301,27.642,22.36886886,2.9779167175293,23.8670178864359,1.2754316836742277,0.0,6.73416666666667,78.643,6.303405541041449,0.0026941328008573,116.284,0.0139612587019386,0.8844107182871888,0.157023419526358,0.0003915130699211,0.9014576228599012,0.765,0.337,0.964855853009339,0.782,7.66467500828309,0.549,43.4481768975831,0.697227597236633,0.201253682374954,0.225166156888008,1.0584810423862605,74.0144504546815,1494642.0,387084198.2000001,21.490412570507655,0.0,340868682.32961756,0.0,1.0,0.0,0.0,2689469.0,0.157023419526358,0.000391513069921201,0.1574149325962792,0.9014576228599025,126.74200086694346
ALB,Albania,2017,99.9,16.4891012304818,18.079078214296,0.0285640563815832,0.727,7.373,34.1324652358472,-0.514,13039.696,27.756,21.16189214,2.97570776939392,22.9533327106507,1.9866613317119397,0.0,6.219999999999999,78.9,6.51640113307682,0.0,125.1,0.0188963304814835,1.1261422756018806,0.1834225795749609,0.017581193792014,1.1626197998753796,0.763,0.3739999999999999,0.651897556880635,0.782,3.4022180197197303,0.536,44.5621307131911,0.697358131408691,0.204488426446915,0.225537493824959,1.3460423794503402,76.7873817898989,1482517.0,488777110.1,19.27984367445609,0.0,384780410.5366216,0.0,1.0,0.0,0.0,2648285.0,0.183422579574961,0.0175811937920141,0.20100377336697509,1.1626197998753791,145.2941849297268
ALB,Albania,2018,100.0,16.5673890905007,17.9155558179549,0.0286373924463987,0.72,7.375,32.507358683887,-0.53,13570.554,27.457,20.687338353,2.98273301124573,23.7535886253159,2.0280596307113505,0.0,5.932500000000001,79.238,6.70811506475057,0.0408688266979799,93.8031,0.0224586163061268,1.4698338188784206,0.140052548330499,0.0379024712234031,1.5710637331059214,0.742,0.367,0.601663529727879,0.782,4.41504942562581,0.544,44.3970282534603,0.708833515644074,0.203478693962097,0.230268925428391,1.7111162814364196,75.6940783717425,1470162.0,470321203.4,21.044749395648672,0.0,505743524.26985306,0.0,1.0,0.0,0.0,2607733.0,0.140052548330499,0.0379024712234031,0.17795501955390208,1.5710637331059205,193.93991803219618
ALB,Albania,2019,100.0,14.5875302509286,18.1603973706713,0.0286461114883423,0.706,7.473,33.725595513728,-0.558,13862.63,27.209,19.435808296,2.98979878425598,22.965521085937404,1.411090789542509,0.0,6.275833333333331,79.467,6.9674858625345,0.0363885551416296,91.1635,0.0273613999739918,1.4243710958412397,0.1380453834700439,0.0088073510367376,1.4969284019936069,0.689,0.11,0.1314738897226951,0.847,5.22293804368142,0.564,45.4534114346696,0.713314294815064,0.204313784837723,0.216408357024193,1.63497378546365,75.382128932689,1457584.0,447707759.2000001,23.829542304593073,0.0,498960948.255246,0.0,1.0,0.0,0.0,2567801.0,0.138045383470044,0.00880735103673773,0.14685273450678174,1.496928401993606,194.3144925386531
ARG,Argentina,1995,93.8344650268555,16.8159013272578,5.351464616273,0.0310955923050642,0.497,7.562,19.9606075608912,0.211,17387.03,20.788,10.062543234,2.61953449249268,26.3012103355498,11.467691239754291,0.0,23.647120356657418,72.864,17.2467521148076,0.0061988792666531,1.1600575860000006,0.0810388224069917,1.1136833822100698,0.0968552663503503,0.0002970861613122,1.2012181700450295,0.608,0.111,-0.408224910549033,0.865,12.67737345787262,0.549,62.263779670525,0.679866909980774,0.146543934941292,0.170009225606918,1.2980734363953808,19.7714230903755,30926626.0,6130863050.9,1010.6814984,0.0,6664093413.062227,0.0,1.0,0.0,0.0,35070020.0,0.0968552663503503,0.000297086161312322,0.09715235251166263,1.2012181700450304,190.02251532968123
ARG,Argentina,1996,94.1649398803711,17.4835419835293,5.61086611323361,0.0313981957733631,0.532,7.52,20.1870018252819,0.1619999999999999,18130.831,19.876,10.403933273,2.62702393531799,26.5925606398683,11.43749187462791,0.0,21.67479538561567,73.056,17.5357232920479,0.0055174573175587,1.8848036880000052,0.0847015784860689,1.4209328772244891,0.0847912734494411,4.091559748858886e-05,1.5111928286256084,0.608,0.111,-0.9657891937881272,0.865,7.180768236156469,0.549,61.3509955456509,0.6036496758461,0.205687433481216,0.181786641478539,1.5959841020750505,21.506468405721492,31392585.0,6292570603.799999,1079.6202161,0.0,9427855160.029625,0.0,1.0,0.0,0.0,35513793.0,0.0847912734494412,4.09155974885757e-05,0.08483218904692978,1.5111928286256093,265.47024025368466
ARG,Argentina,1997,94.4920120239258,17.0257625640378,5.22197210944516,0.0319296903908253,0.529,7.413,21.9334587634322,0.2929999999999998,19376.357,20.748,11.154520175,2.63453459739685,27.1791508883114,11.506058701123717,0.0,21.76161294667417,73.407,18.227905749866,0.0045379762796335,5.609433289000002,0.0820948873528113,1.27158678591403,0.0665128755553983,0.0,1.3582196495464718,0.608,-0.0119999999999999,0.252194010410275,0.865,7.261872532214169,0.549,60.8492831021072,0.631630837917328,0.176116973161697,0.201025769114494,1.42473252510187,23.3361788437439,31848753.0,5868261813.9,1169.065162,0.0,9075498001.6393,0.0,1.0,0.0,0.0,35947791.0,0.0665128755553983,0.0,0.0665128755553983,1.3582196495464718,252.46330161537045
ARG,Argentina,1998,94.8150024414063,16.5394780825706,5.25272256987622,0.0326105803251267,0.52,7.605,24.1532987732827,0.2639999999999999,19898.279,21.303,11.264175897,2.64206695556641,26.7121357626278,11.273838457962432,0.0,23.629847456363905,73.412,17.8379584760908,0.0142563343869073,7.371312410999998,0.07155227159531,0.6762554612676102,0.0597961442863514,0.0,0.7620640672498276,0.608,-0.135,0.521270094315024,0.865,12.85985368267608,0.55,61.5396856144834,0.649676263332367,0.158302307128906,0.208235546946526,0.8218602115361779,23.350027973068904,32296565.0,5442162800.699999,1514.2756582,0.0,7425524231.806965,0.0,1.0,0.0,0.0,36372860.0,0.0597961442863516,0.0,0.0597961442863516,0.7620640672498263,204.15013369328022
ARG,Argentina,1999,95.1331558227539,14.0312889140363,4.45782610229152,0.033048003911972,0.522,7.576,24.8933437498898,0.432,19016.963,21.766,10.357259017,2.64962077140808,26.1936304991129,8.075758206611123,0.0,20.71437765993345,73.683,16.9615250614589,0.0222519842190338,10.500820519999998,0.145370116357675,1.1822291161485197,0.0507128863494685,0.0,1.3498512167252308,0.6,-0.0195,-0.659310692426835,0.865,12.748088968925764,0.569,63.4877305192171,0.675430417060852,0.153342589735985,0.188977956771851,1.4005641030747,21.382744962489795,32741812.0,4914919735.800001,1333.8064504,0.0,9330801865.271698,0.0,1.0,0.0,0.0,36794682.0,0.0507128863494685,0.0,0.0507128863494685,1.3498512167252315,253.59104517527012
ARG,Argentina,2000,95.7,14.7604401633969,4.67991094417297,0.0330884642899036,0.463,7.57,23.8947336198062,0.3949999999999999,18669.291,21.83,9.744150337,2.65719604492188,25.9908360111364,8.899457532387771,0.0,18.851607999706104,73.91,16.4942719439838,0.0020203686151774,17.434200000000004,0.2828210135475109,2.039212318964021,0.0400915626044695,0.0,2.3240537011267115,0.46,0.096,0.2111941202217931,0.865,7.028478857523584,0.704,63.469313441501,0.673506915569305,0.140311345458031,0.177233025431633,2.3641452637311797,22.6224447777343,33185952.0,5470438316.199999,1341.3021272,0.0,15451835574.373075,0.0,1.0,0.0,0.0,37213984.0,0.0400915626044695,0.0,0.0400915626044695,2.32405370112671,415.2158386044632
ARG,Argentina,2001,95.5,14.6349221695948,4.56858960891786,0.0327664464712143,0.462,7.496,20.833574652466,0.3150000000000001,17667.359,21.068,8.681920249,2.68300294876099,25.2434339827333,23.918205921090895,0.0,33.341634405794316,74.154,16.0932258763829,0.0011191188645292,17.9185,0.2998741505731199,1.5782896170489895,0.0391527058715377,0.0001052621390481,1.879388148625683,0.46,-0.3405,-1.25164810865493,0.878,7.834621193008219,0.698,65.0812573281962,0.676030874252319,0.133405208587646,0.157247662544251,1.91854085449722,21.852255451545304,33624665.0,14376331416.700005,1444.7206353,0.0,14610473384.670712,0.0,1.0,0.0,0.0,37624825.0,0.0391527058715377,0.000105262139048161,0.03925796801058586,1.8793881486256823,388.3200356326099
ARG,Argentina,2002,96.1,22.4844277033786,10.2066467144411,0.032071590423584,0.462,7.531,15.3318584042485,0.287,15591.765,19.943,6.8957512770000005,2.70905995368958,30.5577370913046,24.149669440062972,0.0,33.64216709319996,74.312,20.347773913878,0.1997159331671909,17.2676,0.646827117703421,4.58801102253871,0.196348319907021,0.0,5.43455407340932,0.518,-0.777,0.2349493938332479,0.878,7.858798175627821,0.627,54.7764456459146,0.674296140670776,0.135844051837921,0.1155017167329789,5.63090239331634,41.7527243585642,34059720.0,14772334953.9,1426.066604,0.0,13601942598.900864,0.0,1.0,0.0,0.0,38029349.0,0.196348319907021,0.0,0.196348319907021,5.434554073409319,357.6696145627122
ARG,Argentina,2003,96.3,22.6459704750227,10.328166939117,0.0313959084451199,0.443,7.736,10.762705917248702,0.283,16829.222,23.526,7.840827391000001,2.73537039756775,32.6450990996503,24.18267110096928,0.0,33.76367684763861,74.307,22.4867505875749,0.189784357636658,20.4096,0.4156411928528989,3.7952635748700887,0.143363238318986,1.5522941265722068e-08,4.400689140882584,0.555,-0.36,3.2263738962816406,0.888,7.889113779168657,0.543,51.0316942508769,0.676986277103424,0.12156255543232,0.143677651882172,4.54405237920157,40.6447480311085,34486742.0,15995776073.999998,1466.9454746,0.0,18976696284.89218,0.0,1.0,0.0,0.0,38424282.0,0.143363238318986,1.55229412714307e-08,0.14336325384192727,4.400689140882585,493.8725018958632
ARG,Argentina,2004,96.5,15.5057969262885,8.36248661002826,0.0311955641955137,0.44,7.527,9.682518196332232,0.22,18158.053,26.996,9.127924919,2.76193618774414,28.816922006834,23.16391900760205,0.0,31.271818730028052,74.871,18.9370136214371,0.226514483940778,34.8114,0.3332145196849949,3.62815045579444,0.10675086525158,0.0005898336129964,4.1884692930332115,0.555,-0.611,5.21948073122351,0.889,5.562566524553962,0.549,47.8369882937827,0.679533302783966,0.107849329710007,0.172508031129837,4.29522015828479,40.692646108947,34910927.0,14584967621.2,1405.8707309,0.0,22979336236.539875,0.0,1.0,0.0,0.0,38815916.0,0.10675086525158,0.000589833612996575,0.10734069886457656,4.188469293033211,592.0080885516105
ARG,Argentina,2005,96.7,15.4661208344062,7.93875427420938,0.0315079391002655,0.45,7.386,10.6534929189359,0.316,19577.851,27.766,9.54994834120245,2.7887601852417,28.6263140439084,18.839110709040945,0.0,18.68564287880472,75.231,18.340415936715,0.208636458798292,56.4973,0.518722288899288,4.36083044381745,0.0989381386746484,0.0001464981594431,5.088335689674473,0.555,-0.0419999999999999,5.15181762859421,0.889,0.8139126043924216,0.549,48.4861459282405,0.679114162921906,0.106333069503307,0.176452562212944,5.18727382834912,40.5512709706238,35343493.0,9967870477.7,1388.3872598,0.0,30346017334.663887,0.0,1.0,0.0,0.0,39216789.0,0.0989381386746484,0.00014649815944316,0.09908463683409156,5.088335689674472,773.8016831175007
ARG,Argentina,2006,97.0,22.1466790602906,6.93557229126392,0.0321293249726296,0.491,7.445,11.9102616607561,0.344,20947.882,28.267,10.109653538214731,2.7969753742218,29.2032796652469,4.852307049175375,0.0,12.581534862004718,75.279,17.8777938558849,0.550799857825752,79.5273,0.633332833614627,4.49089064691066,0.100092589484241,0.0004935140779442,5.675516852428988,0.555,0.002,3.2860418747294204,0.889,-6.140519152485465,0.549,48.7491333682456,0.679592669010162,0.113773480057716,0.17079821228981,5.775609441913229,40.4334798719151,35780106.0,478955828.0,1396.6515006,0.0,34616450006.632065,0.0,1.0,0.0,0.0,39622115.0,0.100092589484241,0.000493514077944306,0.10058610356218531,5.675516852428988,873.6648714141601
ARG,Argentina,2007,97.2,22.8298235396866,7.45235394606923,0.0330427475273609,0.472,7.899,13.0985413493544,0.2419999999999999,22610.954,30.308,11.183389452,2.80521464347839,27.4152361334783,3.7009670896871647,0.0,15.341933721659252,74.783,17.0474154518997,0.4311524908629061,100.962,0.605509596028324,3.70577772027876,0.0952376049006658,0.0009382830080983,4.7433780901780835,0.555,0.098,2.54962683509961,0.889,-8.032124859642087,0.532,49.5083307772744,0.663705945014954,0.125385567545891,0.184613347053528,4.838615695078751,40.945170618571,36207032.0,503104192.5,1378.1114438,0.0,34904442808.91266,0.0,1.0,0.0,0.0,40016763.0,0.0952376049006657,0.00093828300809848,0.09617588790876418,4.743378090178085,872.2455339256866
ARG,Argentina,2008,97.5,21.6625917465831,7.3189545972436,0.0341678224503994,0.475,7.517,12.313946714342002,0.3119999999999999,23297.932,31.114,11.68345968,2.81347823143005,26.2724599395946,3.0551172428834015,0.0,15.247819746124865,75.428,16.5383660984547,0.308451843578567,115.052,0.5132059609132709,4.03900096602208,0.0869411331555463,0.0017800451689058,4.8624388156828235,0.555,-0.088,1.86462722070238,0.889,-8.032336206008583,0.522,50.2551922042782,0.654198408126831,0.139815390110016,0.18496161699295,4.94937994883837,40.4026733790382,36645376.0,490375759.9,1449.9717436,0.0,47199454035.97451,0.0,1.0,0.0,0.0,40424148.0,0.0869411331555462,0.00178004516890595,0.08872117832445216,4.8624388156828235,1167.6054133775315
ARG,Argentina,2009,97.8,18.9022195572135,5.2736234689014,0.0347680374979973,0.476,7.479,12.4162075416805,0.201,21706.693,32.694,9.650198426,2.82176613807678,25.2842047993735,4.433610916115105,0.0,14.72089140288289,75.577,15.5837772738051,0.299002837971809,128.462,0.5753366974209,2.1245348807117796,0.0990673892424989,0.0004051489132472,2.9992795650177406,0.555,-0.235,-0.4879137235744879,0.889,-8.04787670433586,0.522,53.3060010032753,0.638098418712616,0.181603506207466,0.147035777568817,3.09834695426024,34.0571269054879,37104726.0,3166796444.9,1384.5575782,0.0,26526516484.28002,0.0,1.0,0.0,0.0,40854831.0,0.0990673892424989,0.000405148913247297,0.09947253815574619,2.999279565017741,649.2871426705943
ARG,Argentina,2010,98.8,17.9432661836076,7.13216745078964,0.0352721847593784,0.446,7.625,12.6901062454749,0.2419999999999999,23521.279,31.965,11.024538149,2.83007836341858,25.2587762576722,3.790747677147845,0.0,10.5575,75.68,15.8448608064195,0.5227573024922069,138.252,0.309484878442217,2.3052204197718495,0.1190671657448401,0.0005654273924792,3.1380280280987503,0.545,-0.085,-0.5384478998659918,0.889,-8.56602872006595,0.522,51.4951802052167,0.613434433937073,0.201465204358101,0.167665779590607,3.2570951938435897,34.9710132635696,37569823.0,3110922139.6,1366.69320996,0.0,34502297191.21092,0.0,1.0,0.0,0.0,41288694.0,0.11906716574484,0.000565427392479258,0.11963259313731926,3.13802802809875,835.6354693905049
ARG,Argentina,2011,99.0,17.8432311123855,6.99873377022519,0.0364261642098427,0.449,7.419,14.0087151168124,0.224,24647.633,32.156,12.167212731,2.8585422039032,25.2126976058843,4.696097794448299,0.0,14.0875,76.1,15.8506983942663,0.5164277760411251,145.511,0.5388273103906169,2.7453314654749104,0.0850012529714641,0.0009162373808718,3.801502789287517,0.545,0.1589999999999999,-1.5873710974387,0.889,-7.773405236078908,0.522,51.8119007511102,0.591404914855957,0.230483829975128,0.172720894217491,3.8865040422589807,35.2061549999644,38019648.0,3101306749.4,1309.9423837,0.0,45422781287.516525,0.0,1.0,0.0,0.0,41730660.0,0.085001252971464,0.000916237380871877,0.08591749035233588,3.801502789287517,1088.4750274142925
ARG,Argentina,2012,99.1,16.6024808058107,5.781744206850101,0.0374421514570713,0.461,7.719,15.2128150156924,0.084,24118.874,33.803,11.40963460570047,2.88729238510132,24.4290570649122,4.689953160114781,0.0,14.0608333333333,75.802,15.2168009115954,0.4319416638886898,152.574,0.544036864497816,2.5564987241688506,0.0925680732688514,0.0006025828161219,3.5330798353714776,0.545,0.103,-1.6958186145930398,0.889,-6.74819555440488,0.522,53.6581179163924,0.585992932319641,0.241588398814201,0.155670538544655,3.62564790864033,30.526542371710804,38453227.0,3104639592.3,1313.989939,0.0,44594218564.21187,0.0,1.0,0.0,0.0,42161721.0,0.0925680732688514,0.000602582816122011,0.09317065608497341,3.5330798353714785,1057.6944561682353
ARG,Argentina,2013,99.3,15.5274874483463,6.05291843670451,0.0381124578416348,0.459,7.78,15.7290920133564,0.134,24424.139,34.349,11.401183090456074,2.91633176803589,24.0058814423072,4.688297520123053,0.0,17.1491666666667,75.829,15.0110542553443,0.2304461815265679,158.191,0.5571291088583,2.25387298647688,0.113735612627551,0.0004034152901812,3.04185169215193,0.554,0.065,-2.6396843699530796,0.889,-5.485839182378989,0.514,53.9190936666216,0.595676898956299,0.258284032344818,0.155906409025192,3.1555873047794805,29.3339290021037,38878399.0,3110859858.5,1303.14633737,0.0,43178090843.98482,0.0,1.0,0.0,0.0,42582455.0,0.113735612627551,0.000403415290181379,0.11413902791773238,3.0418516921519294,1013.9878230126661
ARG,Argentina,2014,100.0,16.2419215544016,6.71270351428559,0.0384849980473518,0.473,7.549,13.823769245515102,0.083,23550.112,34.601,10.903536297855606,2.9456627368927,24.2773944936602,3.795660044749292,0.0,24.0091666666667,76.268,14.7727785491821,0.237871846918485,142.325,0.535325276913858,2.09270565105548,0.0994732733400687,0.0002401464358521,2.8661429213236715,0.554,-0.005,-3.5000265396211896,0.889,-11.600698770216098,0.514,52.9405434663365,0.577981889247894,0.272890001535416,0.1522176861763,2.96561619466374,28.406793645227495,39322940.0,2926644103.9,1269.60156105,0.0,38665779887.472,0.0,1.0,0.0,0.0,43024071.0,0.0994732733400688,0.000240146435852241,0.09971341977592103,2.866142921323671,898.7010989144193
ARG,Argentina,2015,99.7,14.5787445031001,5.1566859021408,0.0385722704231739,0.443,7.449,14.4142330417064,0.0349999999999999,23933.897,35.366,10.970256230930229,2.97528910636902,23.153056135904997,4.690425557081943,0.0,24.9158333333333,76.6,14.1815854549835,0.0765780091289773,142.241,0.246808228645021,0.6939120549766713,0.0993779998941997,9.864193658837284e-05,1.017396934687261,0.533,0.009,-4.41782806416475,0.889,-1.3147087845950898,0.527,55.8149012843362,0.572024881839752,0.292749643325806,0.148778095841408,1.1167749345814588,22.4862260889792,39778119.0,2799231196.7,1242.51851615,0.0,23458010573.65185,0.0,1.0,0.0,0.0,43477012.0,0.0993779998941998,9.86419365883691e-05,0.09947664183078818,1.0173969346872591,539.5497412207594
ARG,Argentina,2016,99.9,14.9515917433589,6.26456582010254,0.0387495309114456,0.42,7.865,13.6676334273514,-0.1499999999999999,23189.53,34.867,10.548893003805487,3.00521349906921,22.0541072112108,3.822196948308308,0.0,31.2325,76.105,13.4880259708051,0.1455419340445609,145.147,0.1192383392230909,0.5495520116380295,0.1152691728033861,8.006342594624183e-05,0.8144123483316275,0.436,0.198,-4.76219904496882,0.913,-7.00603984304116,0.657,56.1222358547004,0.569702506065369,0.29291832447052,0.149806752800941,0.9296815211350128,26.093887848879906,40206401.0,2715603927.6,1215.53945581,0.0,19607696733.006477,0.0,1.0,0.0,0.0,43900313.0,0.115269172803386,8.00634259462361e-05,0.11534923622933224,0.8144123483316268,446.64138802396417
ARG,Argentina,2017,100.0,13.4111539778791,5.23162237725058,0.0390813574194908,0.437,7.682,15.9584973420583,-0.136,23597.118,34.428,11.532247233593424,3.03543877601624,21.782123219335,4.69567826294173,0.0,26.5808333333333,76.543,12.8351683415363,0.1030088653650389,139.758,0.132192711472979,0.6635658662389421,0.1217196448093349,7.908004568307758e-05,0.8988465231226446,0.41,0.1629999999999999,-4.22837888708277,0.913,0.4558928323304627,0.667,57.3499373815692,0.64904248714447,0.230307921767235,0.150692537426949,1.02056616793198,25.2896011376779,40602996.0,2876808116.4,1162.41746118,0.0,22895285153.48132,0.0,1.0,0.0,0.0,44288894.0,0.121719644809335,7.90800456830933e-05,0.1217987248550181,0.898846523122645,516.9531926780859
ARG,Argentina,2018,100.0,11.815498631203202,4.53787889681146,0.0392397530376911,0.439,7.583,15.2180632933953,-0.232,22747.258,33.508,11.173904263971169,3.06596803665161,23.7195923321304,34.2772237131003,0.0,48.5166666666667,76.77,14.0601434041581,0.1825671641373278,131.224,0.4013221147174519,1.31095340723836,0.1419335792375509,0.0003488699534057,1.895191556046548,0.408,0.007,-2.23798608113964,0.913,4.56440909873515,0.654,56.3697502721818,0.668873369693756,0.222230672836304,0.131016343832016,2.0371251352841,30.7625359549926,40978889.0,30922512047.7,1145.92119667,0.0,29319546314.776413,0.0,1.0,0.0,0.0,44654882.0,0.141933579237551,0.000348869953405893,0.1422824491909569,1.8951915560465489,656.5809828984973
ARG,Argentina,2019,100.0,14.2505602710508,5.3185559967348,0.0388207696378231,0.436,7.676,14.4776292447323,-0.203,22071.752,33.684,9.67256989,3.09680438041687,23.1578477391434,53.5483043492339,0.0,67.2541666666667,76.847,13.5408390702829,0.1872970660492638,125.303,0.523559339823675,1.29099565501431,0.1643123561662489,0.0005239701657667,2.0023760310530108,0.409,-0.098,-0.4065493485887741,0.913,12.1039696489828,0.651,55.4388171093669,0.644113063812256,0.227895751595497,0.111911572515965,2.16668838721926,32.6306150458499,41311179.0,46924457621.2,1253.29193159,0.0,26888855295.016136,0.0,1.0,0.0,0.0,44973465.0,0.164312356166249,0.000523970165766831,0.16483632633201584,2.0023760310530108,597.8826691475992
AZE,Azerbaijan,1995,99.53638121060727,7.292647193015391,25.3444559002718,0.0479588434100151,0.568,6.7,21.451173240678298,-0.1469999999999999,3142.324999999997,17.572,3.679154223999999,2.273566875097442,30.9963445496298,411.759641777268,1.0,19.85,61.931,11.5334145655638,0.0,0.07605208599999,5.91670157388794,20.087202730857,0.0,0.0,26.0039043047449,0.929,-0.829,-1.23979754428719,0.661,21.017984953084,0.0489999999999999,37.9417002530696,0.605134665966034,0.4481800198554989,0.0737393796443939,26.0039043047449,85.8937107507733,4020073.999999998,100873212.20000003,202.5134205,0.0,1569788848.0283203,0.0,1.0,0.0,0.0,7684850.0,0.0,0.0,0.0,26.0039043047449,204.27059058125016
AZE,Azerbaijan,1996,98.95118190020268,2.110499805483169,24.9615750567225,0.0467642843723297,0.618,6.2,18.829526430323664,0.4079999999999998,3187.366,17.586,6.845366544000001,1.752449127334093,35.1496743028617,19.7948028061898,1.0,19.85,62.66,10.4296274610261,0.0,0.2138606350000103,4.43012286164639,21.6088403332231,0.0,0.0,26.0389631948694,0.929,-0.829,-1.92869403229924,0.661,21.017984953084,0.0489999999999999,30.8497401741931,0.642431735992432,0.425622552633286,0.150155901908875,26.0389631948694,80.8497401741931,4046199.999999998,174970976.29999995,189.0282894,0.0,1962097110.3251665,0.0,1.0,0.0,0.0,7763000.0,0.0,0.0,0.0,26.0389631948694,252.7498531914423
AZE,Azerbaijan,1997,98.164652039634,13.8529385750555,20.1279169173289,0.0456423684954643,0.618,6.0,18.46328835867668,0.226,3437.781000000001,17.587,8.699699376,2.9048453765833773,36.9914194345059,3.6743480968473,1.0,19.85,62.953,8.39375613462939,0.0,0.4999961250000027,3.41074027833419,15.0224092579053,0.0,0.0,18.4331495362395,0.929,-0.7655,-0.8269063535429828,0.661,21.017984953084,0.0489999999999999,35.816736852104,0.666559159755707,0.349434077739716,0.196250483393669,18.4331495362395,82.0789665326283,4070174.0,266787194.4,192.5720458,0.0,1784151353.1425722,0.0,1.0,0.0,0.0,7838250.0,0.0,0.0,0.0,18.4331495362395,227.62113394476728
AZE,Azerbaijan,1998,98.2936904684216,6.59640943139356,18.1479974423066,0.045908372849226,0.619,5.9,41.45941286997406,0.249,3608.717999999999,20.353,9.730838697,2.870413479951052,34.9561123059931,-0.7726978860331677,1.0,19.85,63.75,8.32412951229437,0.0015755618914685,0.8083475190000087,0.3720166986694659,4.8840188982702,0.0036345567518301,0.0,5.257611158831139,0.953,-0.702,1.73245000746947,0.661,21.017984953084,0.0449999999999999,43.3412776841249,0.693871915340424,0.289047002792358,0.226433947682381,5.2612457155829695,77.2278091030634,4072600.0,321227971.6999999,239.1818759,0.0,1464864660.3102174,0.0,1.0,0.0,0.0,7913000.0,0.00363455675183025,0.0,0.00363455675183025,5.257611158831139,185.12127641984296
AZE,Azerbaijan,1999,97.0,13.905942275388098,18.3995125956928,0.0468796789646149,0.624,5.8,35.45825326817413,-0.235,3981.195,18.472,8.879454227,2.3429613512639467,39.1035999046383,-8.52517000536064,1.0,19.4833333333333,64.733,6.04222404704511,0.0,4.567083670000002,0.3782629748319999,17.0099980276687,0.0036781254824258,0.0,17.388261002500673,0.953,-0.766,-0.6331635098725841,0.661,16.9546089911586,0.0449999999999999,39.045323302694,0.694961726665497,0.233260482549667,0.200019493699074,17.3919391279831,69.8259648751026,4071063.0,618051142.8,285.4621006,0.0,2283469015.666362,0.0,1.0,0.0,0.0,7982750.0,0.00367812548242596,0.0,0.00367812548242596,17.388261002500673,286.0504231832842
AZE,Azerbaijan,2000,98.9,20.3971474436171,16.0848646701003,0.0493613518774509,0.637,5.8,21.02677176992272,-0.175,4187.305,18.384,8.200498934,1.771291234869148,42.5383099128887,1.805003037043555,1.0,19.6558333333333,65.377,5.29238464636188,0.0,5.14264,2.11438079766029,32.9457476254157,0.017061667185561,0.0,35.060128423075945,0.958,-0.83,0.538964129628452,0.661,6.36757302509518,0.0429999999999999,35.7855916576588,0.655009627342224,0.188381537795067,0.178771957755089,35.0771900902615,78.5485682796041,4115417.0,535896290.0,286.3399632,0.0,3722024124.8936415,0.0,1.0,0.0,0.0,8048600.0,0.0170616671855611,0.0,0.0170616671855611,35.060128423075945,462.4436703145443
AZE,Azerbaijan,2001,98.6,24.2787752103922,14.8374595530138,0.0537749156355858,0.645,5.6,23.934100053616575,-0.658,4414.089,38.549,9.315719074,2.728921214205404,43.4626382722552,1.5471959015228016,1.0,19.7058333333333,66.043,6.18744826548273,0.0,8.846589999999999,4.20455862951384,23.7019953992356,0.0026247605896474,0.0,27.906554028749454,0.958,-1.0075,22.0244238735686,0.661,16.7690790545171,0.0429999999999999,34.4796448190232,0.633456170558929,0.161704078316689,0.189252853393555,27.9091787893391,78.8151854917601,4149566.999999998,488207206.5,305.263777,0.0,3430680517.610219,0.0,1.0,0.0,0.0,8111200.0,0.00262476058964741,0.0,0.00262476058964741,27.906554028749454,422.95597662617354
AZE,Azerbaijan,2002,100.0,23.4410030031155,13.9546391752577,0.0579028315842152,0.645,5.7,23.983727208519113,-0.4,4785.263000000001,42.532,11.135698759,2.2238300877196897,46.1542268041237,2.7711647199827,1.0,17.3708333333333,66.769,7.43092783505155,0.0002849283215728,9.53864,2.61682450573272,23.2537194764338,0.0095106749176856,0.0,25.870828910488115,0.958,-1.185,19.672370764111,0.661,12.6244058764035,0.0429999999999999,32.4552577319588,0.62567538022995,0.157040908932686,0.274482309818268,25.8803395854058,92.8181443298969,4185217.0,487639730.2000001,311.782836,0.0,3375927292.9016123,0.0,1.0,0.0,0.0,8171950.0,0.00951067491768561,0.0,0.00951067491768561,25.870828910488115,413.11159428307957
AZE,Azerbaijan,2003,98.8,26.9644741622217,12.4256629119149,0.0631148219108582,0.633,6.0,24.113852748009144,-0.563,5224.139000000001,23.267,13.481923172,2.0443623915157314,48.5398446792136,2.2338649296704993,1.0,15.4566666666667,67.036,8.63639543832645,9.800492137079786e-05,12.5837,2.43611048644021,23.6510138139512,0.0013457461241455,0.0,26.087222305312856,0.958,-0.948,1.83294168947029,0.661,7.94230043681975,0.0429999999999999,31.9247183936193,0.629781544208527,0.167938038706779,0.392917662858963,26.088568051437,107.551948506262,4259153.999999998,487459411.6,331.1695721,0.0,4227272870.206826,0.0,1.0,0.0,0.0,8234100.0,0.0013457461241455,0.0,0.0013457461241455,26.087222305312856,513.3861466592374
AZE,Azerbaijan,2004,99.0,29.2746371179366,10.9880190382406,0.0685952454805374,0.674,6.0,24.09042840717565,-0.419,5652.949999999999,25.997,13.071636963,2.080441570219003,50.7690323790767,6.70893042797784,1.0,15.72,67.488,8.28351035145718,0.0006823087707337,17.156,1.90809402810988,26.8343888172544,0.0012721119174492,0.0,28.743165154135053,0.958,-1.06,1.99040809948524,0.661,5.92029158128701,0.0429999999999999,31.7987854915477,0.647594094276428,0.153438001871109,0.411893457174301,28.7444372660525,121.507115894117,4342904.000000002,446885181.2000001,342.7411785,0.0,5332883393.389336,0.0,1.0,0.0,0.0,8306500.0,0.00127211191744937,0.0,0.00127211191744937,28.743165154135053,642.0132900005219
AZE,Azerbaijan,2005,99.1,44.8157743992356,9.14753443801158,0.0730944350361824,0.815,6.2,21.68812058345225,-0.442,7062.180999999999,25.239,11.120739354,2.1825818028763178,58.7877819924137,9.67950731917057,1.0,17.0283333333333,67.71,6.48752245957277,0.0011478644770011,26.0781,1.14263840609091,37.4466296016638,0.0008347480434223,0.0,38.590415872231674,0.958,-1.125,2.90800545474139,0.661,2.00903640930593,0.0429999999999999,25.0852465561988,0.499047547578812,0.104497037827969,0.282199203968048,38.5912506202751,115.841884607706,4405961.0,383127572.2000001,482.27799835,0.0,10404684866.196568,0.0,1.0,0.0,0.0,8391850.0,0.000834748043422307,0.0,0.000834748043422307,38.590415872231674,1239.855915703518
AZE,Azerbaijan,2006,99.5,51.2156226178645,7.09103711685568,0.0763116627931595,0.821,6.2,21.611321768815095,-0.648,9378.891,25.962,10.245476595311295,2.1796195046957156,64.9582315349244,8.3289248286321,1.0,17.8633333333333,68.489,5.772903308403839,0.0012116352268805,38.1512,1.8870925892626,39.5813073807196,0.0006487021192691,0.0,41.46961160520903,0.958,-1.093,0.849751705740259,0.661,5.86921103386284,0.0429999999999999,23.5098313258154,0.423486679792404,0.0894545763731003,0.206843942403793,41.4702603073283,105.262399846369,4467455.999999998,365276173.0,684.6231449999999,0.0,17125912825.96631,0.0,1.0,0.0,0.0,8484550.0,0.000648702119269231,0.0,0.000648702119269231,41.46961160520903,2018.482161807793
AZE,Azerbaijan,2007,99.5,53.1292247124799,6.54008215652051,0.0776462033390999,0.821,6.3,21.624746028502116,-0.602,11570.746,28.405,8.615980689,2.181114446029859,66.160328626082,16.6997549618244,1.0,19.1308333333333,68.659,4.98404471007211,0.0032336020258694,51.1876,2.27027277147196,36.8683513686981,0.00050189899842,0.0,39.14185774219598,0.957,-0.626,2.54523396155008,0.661,-1.20386445598547,0.0449999999999999,21.755963399799,0.382384777069092,0.0793679133057594,0.150085642933846,39.1423596411944,96.6418081486575,4533343.0,345670553.70000017,907.06605245,0.0,25220978886.63265,0.0,1.0,0.0,0.0,8581300.0,0.000501898998420025,0.0,0.000501898998420025,39.14185774219598,2939.0627162123046
AZE,Azerbaijan,2008,99.7,55.6633105727178,5.57089184098542,0.0768230929970741,0.824,6.0,17.56522699634583,-0.852,12651.511,48.633,9.403522181,2.2495659024277956,65.5185214713533,20.8490871772712,1.0,19.7625,69.355,4.70560975852825,0.0048382651286025,73.2222,3.53468638543854,39.5007730331452,0.0003845613466009,0.0,43.0402976837124,0.956,-0.33,17.3422459545255,0.661,-6.41437028522556,0.0459999999999999,23.6588501440061,0.434978127479553,0.0906377211213112,0.153779104351997,43.040682245059,89.2428968637573,4650150.0,315789574.8000001,973.75167425,0.0,37638524097.053566,0.0,1.0,0.0,0.0,8763400.0,0.000384561346601049,0.0,0.000384561346601049,43.0402976837124,4294.968174116618
AZE,Azerbaijan,2009,99.9,43.5849880346339,6.12193306461806,0.074619859457016,0.838,5.9,24.47908034752533,-1.141,13601.497,40.363,8.116466952,2.1486860784861332,56.2619552546943,1.4570483597032116,1.0,20.0291666666667,69.874,5.52589076302965,0.0128771526846618,85.7487,2.94720896244255,26.6788300895754,0.0003801898443545,0.0,29.63891620470265,0.956,-0.278,6.03613193097622,0.661,48.0000301665622,0.0459999999999999,31.3211521986433,0.495964080095291,0.112474992871284,0.127280980348587,29.639296394547,74.7440416836369,4754190.000000002,302558244.0999999,1042.01975755,0.0,25638628517.23476,0.0,1.0,0.0,0.0,8947243.0,0.000380189844354502,0.0,0.000380189844354502,29.638916204702646,2865.5339434991047
AZE,Azerbaijan,2010,99.9,47.5793632129492,5.54456611326975,0.0725448429584503,0.842,5.9,21.961755997321355,-1.239,14162.525,45.789,8.326507935,2.258611453971773,59.9948192629224,5.726872246696049,1.0,20.7,70.309,4.808194984104561,0.0949855549611138,99.489,2.27375001160716,25.5154476387508,0.0003142068465893,0.0,27.88418320531911,0.951,-0.239,13.8356717006518,0.661,6.03749019446764,0.0449999999999999,28.216178028965,0.471123784780502,0.138675317168236,0.106183864176273,27.8844974121657,74.9859884610856,4824586.000000002,282350979.0999999,1041.78920555,0.0,33558752790.435028,0.0,1.0,0.0,0.0,9054332.0,0.000314206846589439,0.0,0.000314206846589439,27.88418320531911,3706.3753339766013
AZE,Azerbaijan,2011,99.9,50.2299897712447,5.07622595138436,0.0714464038610458,0.858,5.9,21.935086525713224,-0.876,13999.772,44.594,11.471023288,2.2197229140052896,61.7339963903076,7.8583333333334,1.0,18.9883333333333,70.565,3.988326101148189,0.1167195494860899,109.334,2.96365565662679,29.7979549979878,0.0003176596612755,0.0,32.87833020410072,0.951,-0.532,10.9345953747949,0.661,-4.509071419504711,0.0449999999999999,27.7128374486387,0.427962064743042,0.165577843785286,0.103929989039898,32.878647863762,80.5080450059522,4908383.000000002,264679350.5,943.8927475,0.0,42796019548.23427,0.0,1.0,0.0,0.0,9173082.0,0.000317659661275408,0.0,0.000317659661275408,32.87833020410072,4665.391582483866
AZE,Azerbaijan,2012,100.0,46.926836496291,5.139769507724179,0.0704917684197426,0.858,5.9,23.63436362542295,-0.683,14116.062,40.342,12.783896434,2.228328695097256,59.5173508549842,1.066213397203029,1.0,18.3458333333333,71.08,4.236103880446521,0.0878361305997428,107.989,3.10607700286362,25.8177819240506,0.0002746928772541,0.0,29.011695057513943,0.948,-0.716,3.812896954035081,0.661,15.0720533422824,0.0459999999999999,29.522301196302,0.459916323423386,0.160021781921387,0.116128712892532,29.0119697503912,78.263069540422,5001842.000000002,251858474.29999995,945.53836645,0.0,41367527950.28385,0.0,1.0,0.0,0.0,9295784.0,0.000274692877254276,0.0,0.000274692877254276,29.011695057513943,4450.1386811788925
AZE,Azerbaijan,2013,100.0,44.9974327263947,5.3662644804235,0.0689473822712898,0.854,5.8,23.728335899237187,-1.112,14747.223,39.423,14.662832089,2.229412639903925,57.0544154549517,2.4157174527941905,1.0,18.21,71.485,4.21573682582242,0.0579827506323953,106.583,2.88092982846284,22.5837832214089,0.0096925344256801,0.0,25.522695800504117,0.947,-0.413,1.74892523846224,0.651,17.7236085217691,0.0309999999999999,31.4925578357568,0.477009654045105,0.173632711172104,0.154853045940399,25.5323883349298,74.6758447629851,5102221.000000002,242453187.9,949.44344265,0.0,41560151682.40014,0.0,1.0,0.0,0.0,9416801.0,0.00969253442568034,0.0,0.00969253442568034,25.522695800504117,4413.404475936163
AZE,Azerbaijan,2014,100.0,41.9491731157453,5.31940671805552,0.0669634565711021,0.885,5.8,23.822503328789843,-1.155,14962.347,39.117,15.447701985,2.682808462448103,53.5868546669355,1.3734418153317591,1.0,17.8575,71.93,4.707010697443491,0.0506031083752946,109.567,2.21091796655308,20.2463063109853,0.0102956108706717,0.0,22.50782738591363,0.947,-0.56,2.8914342561249,0.651,19.4463807888005,0.0309999999999999,34.1869146526,0.505484521389008,0.192026242613792,0.14903961122036,22.5181229967843,69.4832251953347,5209196.999999998,224366292.70000017,920.6547551,0.0,36804194077.53011,0.0,1.0,0.0,0.0,9535079.0,0.0102956108706718,0.0,0.0102956108706718,22.50782738591363,3859.87300970764
AZE,Azerbaijan,2015,100.0,29.0508193715189,6.17763883780802,0.0649795606732369,0.885,5.7,24.957421369147823,-0.967,14941.15,33.866,14.033768697,3.410281131852298,44.8913203383597,4.027685737427259,1.0,17.5341666666667,72.349,4.99080544317764,0.0731851344259291,109.682,2.28675308989615,12.069575141696,0.0144864262404738,0.0,14.429513366018028,0.947,-0.734,-4.46213417065079,0.651,28.8887719865482,0.0319999999999999,40.6504229496138,0.602532982826233,0.215244740247726,0.158441781997681,14.4439997922585,72.6015079073189,5322292.0,212814959.20000005,914.3554044,0.0,20031796769.625523,0.0,1.0,0.0,0.0,9649341.0,0.0144864262404739,0.0,0.0144864262404739,14.429513366018027,2075.97563083588
AZE,Azerbaijan,2016,100.0,24.0451167922668,5.60511177455763,0.0631841197609901,0.896,5.8,32.8688540294339,-0.946,14315.678,34.255,12.522838785,2.5016060213631093,47.5578070076723,12.4433748584372,1.0,16.3752267159245,72.568,4.930062291891459,0.1095573781081888,103.248,1.87620937481827,12.7825654497772,0.0170701421161303,0.0,14.76833220270367,0.942,-0.809,-0.7427823903406203,0.612,1.52395800803738,0.0309999999999999,39.322666701972,0.62188333272934,0.250195175409317,0.135324910283089,14.7854023448198,90.0773187345677,5440710.0,206457094.29999995,884.6704098,0.0,16259457500.65178,0.0,1.0,0.0,0.0,9757812.0,0.0170701421161304,0.0,0.0170701421161304,14.76833220270367,1666.3015746410956
AZE,Azerbaijan,2017,100.0,30.1662217800014,5.60736901068842,0.0614783875644207,0.902,5.8,22.099603808676,-1.119,14184.792,34.229,12.541094291,2.910398564775308,49.7017251037138,12.9359184187335,1.0,16.5425,72.694,4.69946458376577,0.309498967400041,101.59,2.22236696678728,17.1235678602694,0.0192163302865102,0.0,19.65543379445679,0.944,-0.752,-0.9093716617156038,0.635,0.2721378126868297,0.0379999999999999,38.1231713246647,0.617007315158844,0.240293949842453,0.133578985929489,19.6746501247433,90.4023156823216,5560945.0,218712839.0,828.0219595,0.0,19102556325.360046,0.0,1.0,0.0,0.0,9854033.0,0.0192163302865103,0.0,0.0192163302865103,19.65543379445679,1938.552095914439
AZE,Azerbaijan,2018,100.0,33.7690333241531,5.21238076212356,0.0607495307922363,0.865,5.8,20.766485823452,-1.236,14265.254,38.612,12.20746914,2.4241334897534466,52.2509114518304,2.268546903739992,1.0,17.4483333333333,73.016,4.620186785197019,0.1527761946551049,102.987,3.27586233997117,24.1724100094907,0.0198834703278703,0.0,27.60104854411703,0.939,-0.711,6.10610192178682,0.649,4.69218428014947,0.029,35.2831743494981,0.611694574356079,0.160487085580826,0.130242839455605,27.6209320144449,91.6725765369825,5683974.000000002,213592206.0,849.2921468,0.0,25394015807.714504,0.0,1.0,0.0,0.0,9939771.0,0.0198834703278703,0.0,0.0198834703278703,27.60104854411703,2554.7888183454634
AZE,Azerbaijan,2019,100.0,29.7183187937011,5.69538024963307,0.0610256567597389,0.873,5.6,23.0018690122863,-0.827,14541.29,41.475,12.423799934,3.352645867426458,48.8232665251868,2.6105718279921497,1.0,17.2812151745262,73.29,5.00352885726078,0.1740934802744389,106.328,2.78333521411986,20.4577104992688,0.0197662192686531,0.0,23.415139193663148,0.924,-0.693,9.6478795351871,0.64,17.5417497363129,0.0389999999999999,36.972533524144,0.60786509513855,0.176496595144272,0.136828944087029,23.4349054129318,85.8181454084561,5827198.000000002,212368821.70000005,821.6683424500001,0.0,21760078061.941902,0.0,1.0,0.0,0.0,10024283.0,0.0197662192686532,0.0,0.0197662192686532,23.415139193663148,2170.736606492644
BHR,Bahrain,1995,100.0,18.8290060636952,9.32579837537646,0.0315550304949284,0.301,2.904,37.8992052283149,-0.411,46756.829,21.977,16.085163979,2.23690319061279,42.133168081883895,2.7040347506470397,0.0,11.7018558077437,73.361,14.762474350576491,0.0,4.502931799999999,3.71221281533309,15.2459702602519,0.0007364944680183,0.0,18.95818307558498,0.5537542461085355,-0.308,-3.2178435659427898,0.762,10.4967021438002,0.195,47.96684271466738,0.490599364042282,0.193293482065201,0.229074403643608,18.958919570053,134.086732319169,493152.0,0.0,501.2150065302176,0.0,1630038004.845006,0.0,0.0,1.0,0.0,558879.0,0.000736494468018455,0.0,0.000736494468018455,18.95818307558498,2916.6206009619364
BHR,Bahrain,1996,100.0,18.6850421194405,0.2889470818657429,0.031376875936985,0.301,2.846,36.5960610954508,-0.1049999999999999,47021.612,23.894,15.901762306999998,2.25751900672913,44.3019244492106,-0.4522273825303493,0.0,12.320347129506,73.61,14.755605711646766,0.0,6.334195172000001,4.02364254148443,18.4494024419669,0.0010286046027554,0.0,22.473044983451345,0.553,-0.308,0.961629789266354,0.762,12.0998245722299,0.195,54.132269293451216,0.523209273815155,0.202291294932365,0.220334023237228,22.4740735880541,144.333450490306,505752.0,0.0,507.89493853585816,0.0,1829550033.6712592,0.0,1.0,0.0,0.0,573792.0,0.00102860460275545,0.0,0.00102860460275545,22.473044983451345,3188.5248202680746
BHR,Bahrain,1997,100.0,17.6209068576573,0.289649673999234,0.0310674663633108,0.301,2.7960000000000003,39.5763886005707,-0.1429999999999999,46873.72,25.647,18.555104279,2.27832508087158,44.22089790377681,2.4315513395592596,0.0,12.1966488651535,73.872,14.767954086987126,0.0,8.970155153999997,4.50420243160282,16.418731399958,0.0010119383476843,0.0,20.922933831560815,0.5528115796284433,-0.235,-5.637059029527351,0.762,11.1609435676703,0.195,54.20658600692482,0.453173279762268,0.177697002887726,0.241509452462196,20.9239457699085,130.672449001883,518680.0,0.0,537.2177147131346,0.0,1890461238.516832,0.0,1.0,0.0,0.0,589115.0,0.00101193834768435,0.0,0.00101193834768435,20.922933831560815,3208.9850683089585
BHR,Bahrain,1998,100.0,9.08900886642651,3.57723931079793,0.0306384842842816,0.301,2.748,44.0355640323323,-0.011,47868.801,21.064,17.325145088,2.29932284355164,43.5786405541931,-0.3665338645417755,0.0,11.7958664886515,74.138,13.163882920972044,0.0,13.689991140000004,4.51744251842113,10.6376958646887,0.0014990709732913,0.0,15.155138383109907,0.4887819528039948,-0.1619999999999999,-4.61249627979386,0.762,20.2848647143456,0.195,52.55200676149134,0.490477412939072,0.199901640415192,0.270364314317703,15.1566374540832,113.001418957352,531983.0,0.0,548.1534797630943,0.0,1568072348.0074906,0.0,1.0,0.0,0.0,604842.0,0.00149907097329147,0.0,0.00149907097329147,15.155138383109907,2592.5321786639993
BHR,Bahrain,1999,100.0,7.668859040885241,1.3860493440671409,0.0302417799830437,0.301,2.7009999999999996,46.0132820650577,-0.124,49408.685,23.164,13.120894572,2.32051396369934,43.847141167358274,-1.2875879718490992,0.0,11.7340173564753,74.405,14.192815613219144,0.0,19.283577,4.13601981051486,14.7940799756461,0.0006101703722201,0.0,18.93009978616098,0.5528107550928744,-0.0529999999999999,-3.82653600616656,0.762,8.84267997634557,0.225,53.32921472599707,0.419191807508469,0.183351621031761,0.199609741568565,18.9307099565332,124.735737154328,545736.0,0.0,549.4102848767124,0.0,1713987815.5750585,0.0,1.0,0.0,0.0,620989.0,0.000610170372220008,0.0,0.000610170372220008,18.93009978616098,2760.0936821345604
BHR,Bahrain,2000,100.0,26.3842732846557,0.2863402114356876,0.030481094494462,0.301,2.646,40.5117896497586,-0.326,51500.173,30.734,15.468327367,2.34190058708191,46.19525458948927,-0.7048529530907892,0.0,11.6028971962617,74.673,14.356872082634167,0.0,30.7247,3.90509019196928,18.711078045797,0.0004428553151925,0.0,22.616168237766303,0.553,0.0559999999999999,8.65873493576474,0.762,-2.3789073277779,0.225,52.561869811264245,0.352048844099045,0.141219034790993,0.197304502129555,22.6166110930815,135.809135327865,560024.0,0.0,555.8841398767123,0.0,2600702504.966989,0.0,1.0,0.0,0.0,637582.0,0.000442855315192514,0.0,0.000442855315192514,22.616168237766306,4079.008668637115
BHR,Bahrain,2001,100.0,18.9176846854712,0.2900878271930125,0.0309498813003302,0.301,2.5279999999999996,41.8156768047881,-0.192,50888.649,28.393,13.667156435,2.33037757873535,44.20872301866944,-1.2075718015665906,0.0,10.6924779706275,74.942,14.744914002643164,0.0,42.8008,4.59852838532505,15.0074471454831,0.0005050794233247,0.0,19.605975530808177,0.5528143270337179,0.1735,2.13081994912753,0.762,14.5455953860328,0.225,54.21970469440589,0.401743829250336,0.159385979175568,0.223927363753319,19.6064806102315,127.026266277537,580898.0,0.0,569.0658274335213,0.0,2488613520.615942,0.0,1.0,0.0,0.0,661316.0,0.000505079423324783,0.0,0.000505079423324783,19.605975530808177,3763.123106980539
BHR,Bahrain,2002,100.0,24.1492319931759,0.2890886816283622,0.0315385162830353,0.243,2.434,44.5383071446789,-0.288,48948.387,28.468,17.986924114,2.31891107559204,44.24660077551541,-0.4955401387511529,0.0,8.40653404539386,75.209,14.744846021888502,0.0,51.7138,3.81848759632743,14.4906538546743,0.000532577888038,0.0,18.30914145100176,0.553,0.291,-2.31620071509628,0.762,4.82736149717816,0.244,54.18859444671218,0.433611273765564,0.188176453113556,0.258961409330368,18.3096740288898,131.133634216392,626301.0,0.0,564.5746888767123,0.0,2223716839.0183277,0.0,1.0,0.0,0.0,710553.0,0.000532577888038065,0.0,0.000532577888038065,18.30914145100176,3129.558018920936
BHR,Bahrain,2003,100.0,26.7376693378017,0.2877242117177445,0.0324530713260174,0.309,2.37,42.1254859958743,0.0169999999999999,48357.607,27.509,19.497960553,2.30750107765198,44.22793708612588,1.5936254980078708,0.0,8.29520560747664,75.486,14.736502591167705,0.0,54.6188,3.26282991909153,14.9880274040125,0.0006653465412631,0.0,18.250857323104036,0.5528233994118358,0.484,-0.5666751029290149,0.762,-0.2830279994115479,0.244,54.197292302264394,0.383153408765793,0.188467442989349,0.283185631036758,18.2515226696453,128.091582155216,679140.0,0.0,573.7486278767124,0.0,3171913384.780328,0.0,1.0,0.0,0.0,764517.0,0.000665346541263164,0.0,0.000665346541263164,18.250857323104036,4148.911515087732
BHR,Bahrain,2004,100.0,25.2072437344681,0.2865777812969536,0.0331011116504669,0.309,2.3129999999999997,43.9429196313401,-0.1539999999999999,48013.993,26.302,17.617092541,2.29614734649658,44.32367318589668,2.352941176470619,0.0,7.904319092122829,75.787,14.708882779261817,0.0,74.5619,2.89392654797881,16.6530213443367,0.0005515005249709,0.0,19.54694789231553,0.552837077594333,0.313,1.12714799186104,0.762,-2.7810921629047893,0.244,54.112725890813216,0.364795982837677,0.187982991337776,0.331091642379761,19.5474993928405,140.737310039923,740188.0,0.0,576.880686632755,0.0,3358967005.994217,0.0,1.0,0.0,0.0,823741.0,0.000551500524971027,0.0,0.000551500524971027,19.54694789231553,4077.6979730209096
BHR,Bahrain,2005,100.0,36.9197054931944,0.2762271282365738,0.0337049327790737,0.428,2.258,43.6843509050045,0.298,47510.515,27.837,21.584413856,2.28484916687012,46.46066568439527,2.5862068965517295,0.0,7.821853582554521,76.125,14.19376416907923,0.0,82.2539,3.45660209335522,20.0931217396654,0.0004544226458385,0.0,23.54972383302056,0.553,0.0139999999999999,3.78453747723602,0.762,-5.199029687030389,0.257,52.292877997179986,0.304995059967041,0.171103805303574,0.380508214235306,23.5501782556664,148.313525108923,810323.0,0.0,796.8655559393956,0.0,4705195910.746322,0.0,1.0,0.0,0.0,888822.0,0.000454422645838435,0.0,0.000454422645838435,23.54972383302056,5293.743753807086
BHR,Bahrain,2006,100.0,43.1052781546399,0.2687635010542148,0.0339364409446716,0.424,2.2030000000000003,44.8777557241595,0.23,46811.959,26.453,25.200521635,2.28080487251282,45.2834880040933,2.007469654528485,0.0,7.97523943035158,76.51,13.2467349546336,0.0,91.2343,3.564943452881,20.3670614713082,0.0004837802920603,0.0,23.93200492418924,0.553,-0.365,3.25807443135726,0.762,-0.7967461244169991,0.257,53.4635279305642,0.281392872333527,0.150080904364586,0.39324626326561,23.9324887044813,147.104181068989,890492.0,0.0,919.2158364911844,0.0,5500564924.095789,0.0,1.0,0.0,0.0,960424.0,0.000483780292060308,0.0,0.000483780292060308,23.93200492418924,5727.225604624405
BHR,Bahrain,2007,100.0,48.7592102131327,0.2922716902801294,0.0340515971183777,0.385,2.151,53.1180542636418,0.439,46847.329,24.937,32.044203829,2.27676749229431,45.9178652906561,3.25666666666703,0.0,8.26634267912772,76.952,14.4669591015461,0.0,105.539,3.2849174428085,18.9906048191926,0.0003838665412192,0.0,22.27552226200118,0.553,-0.248,2.29522755002098,0.762,-0.1561195044550158,0.24,52.8099940272787,0.275896549224854,0.140182837843895,0.435156434774399,22.2759061285424,137.785050572304,981723.0,0.0,923.2943579980096,0.0,5690351185.64632,0.0,1.0,0.0,0.0,1039295.0,0.000383866541219307,0.0,0.000383866541219307,22.27552226200118,5475.203080594365
BHR,Bahrain,2008,100.0,45.3555864012965,0.2648102365707068,0.0349159017205238,0.385,2.1030000000000006,64.2133791234367,0.3569999999999999,46748.225,27.903,35.770748587,2.27273750305176,50.4076629462208,3.52600316363721,0.0,8.2234606141522,77.457,15.0965626389995,0.0,128.559,3.13396671097874,21.6815768768211,0.0005746154709531,0.0,24.815543587799848,0.553,-0.237,4.61505102671281,0.762,-2.82101965375419,0.24,48.3070764329234,0.270790189504623,0.109339214861393,0.375195920467377,24.8161182032708,145.882511145821,1063176.0,0.0,928.5587370129492,0.0,7640189672.082685,0.0,1.0,0.0,0.0,1103496.0,0.000574615470953249,0.0,0.000574615470953249,24.815543587799848,6923.622443654245
BHR,Bahrain,2009,100.0,31.9261390158899,0.3372843565683485,0.0352335534989834,0.385,2.058,71.4372673126356,0.305,45010.86,20.052,24.528261329000003,2.268714427948,43.0997000499723,2.7955128355041197,0.0,7.94142857142857,78.016,13.9817061788314,0.0,118.449,3.64045864499061,14.4351176966592,0.0006327994911026,0.0,18.075576341649796,0.553,-0.137,-4.80243665660408,0.762,24.0619674381792,0.24,55.5964970660087,0.371103793382645,0.142085656523705,0.296288967132568,18.0762091411409,117.963725409489,1158709.0,0.0,903.9712965031426,0.0,4210871832.23332,0.0,1.0,0.0,0.0,1178415.0,0.00063279949110264,0.0,0.00063279949110264,18.075576341649796,3573.335227600905
BHR,Bahrain,2010,100.0,33.3532134517374,0.2855427842901861,0.0348628163337708,0.406,2.077,64.9376677365426,0.418,44826.715,22.713,26.96165051,2.26469850540161,43.9268581860394,1.961884683346231,0.0,7.247499999999999,78.593,14.5894702377704,0.0,129.158,3.1458020023521,17.3156329535965,0.0006816074220328,0.0,20.46143495594857,0.553,-0.493,-8.38980569597333,0.762,-4.2492460256505,0.24,54.7856196764576,0.419015377759933,0.13375361263752,0.311593651771545,20.4621165633706,115.561486449616,1228543.0,0.0,907.4678986163336,0.0,5599899130.213526,0.0,1.0,0.0,0.0,1228543.0,0.00068160742203284,0.0,0.00068160742203284,20.461434955948565,4558.162905338702
BHR,Bahrain,2011,100.0,30.925185547498,0.2798739678091593,0.0343844369053841,0.431,2.061,66.9065925077703,0.257,47228.895,26.265,23.135830606,2.30664491653442,48.2947958378082,-0.4000406974880803,0.0,6.79083333333333,79.141,15.0474932254141,0.0,140.351,3.59618035200711,23.3980559518896,0.0007068333106421,0.0,26.99423630389676,0.553,-0.951,-3.88433556218789,0.705,-2.461621414596361,0.148,50.6068677586612,0.458886802196503,0.147235751152039,0.255119293928146,26.9949431372074,167.529641035854,1195020.0,0.0,949.8970123584528,0.0,8102837718.221028,0.0,1.0,0.0,0.0,1195020.0,0.000706833310642268,0.0,0.000706833310642268,26.99423630389676,6780.503856187368
BHR,Bahrain,2012,100.0,37.7674554850156,0.2651802593391359,0.0337720587849617,0.473,2.0219999999999994,66.5172271480683,0.3269999999999999,48424.648,26.348,24.499494717,2.34936833381653,46.3397302766462,2.7573966996297905,0.0,6.035,79.622,14.7645578720345,0.0,174.62,3.48743064000799,20.0940234657871,0.0007672516321006,0.0,23.5814541057951,0.555,-1.13,-4.51683550739169,0.705,3.01266280675138,0.142,52.4449503421466,0.39632773399353,0.174941867589951,0.274634212255478,23.5822213574272,178.824020821684,1208964.0,0.0,961.97151363585,0.0,8137642445.209063,0.0,1.0,0.0,0.0,1208964.0,0.000767251632100768,0.0,0.000767251632100768,23.5814541057951,6731.08748085887
BHR,Bahrain,2013,100.0,34.6180531198843,0.2642800472102777,0.0333909839391708,0.473,1.984,66.9876399343585,0.5270000000000001,49245.997,24.33,27.172762819,2.39288306236267,46.6971284608616,3.3000115688844183,0.0,5.934999999999999,79.998,14.6994276422304,0.0,175.80200000000002,3.66701220157543,20.8660137007827,0.0006076431549517,0.0,24.53302590235815,0.555,-1.335,-7.043798068341669,0.705,5.40813959591411,0.149,52.1331512230717,0.420283287763596,0.176416233181953,0.257891058921814,24.5336335455131,184.58950884485,1253191.0,0.0,987.0123826300162,0.0,8964492776.473888,0.0,1.0,0.0,0.0,1253191.0,0.000607643154951748,0.0,0.000607643154951748,24.53302590235815,7153.333192206047
BHR,Bahrain,2014,100.0,33.0215914971106,0.2879657836990716,0.0338159911334515,0.477,2.0650000000000004,61.3347998045045,0.4919999999999998,48989.608,24.96,27.567544420999997,2.43720364570618,45.3135767644884,2.64755321246189,0.0,5.868333333333329,80.214,14.8385364760484,0.0,177.39999999999998,3.53944248592437,18.8709266924557,0.0009590791327023,0.0,22.41036917838,0.555,-0.907,-1.5888723519959105,0.705,7.41558701492672,0.161,53.7209538895267,0.401483327150345,0.186466172337532,0.277308881282806,22.4113282575127,168.57585814186,1314562.0,0.0,1008.0493910269056,0.0,8436362086.238095,0.0,1.0,0.0,0.0,1314562.0,0.000959079132702319,0.0,0.000959079132702319,22.410369178379998,6417.622056805305
BHR,Bahrain,2015,100.0,24.9967901557324,0.3019112322099708,0.0340271443128586,0.511,2.0840000000000005,70.5500803025,0.237,48164.15000000001,18.21,24.51476747,2.48234534263611,39.0907990671172,1.8486274237497715,0.0,5.160833333333329,80.338,17.1732865801602,0.0,183.92,2.8089852552925,9.82474436918962,0.0009456048129461,0.0,12.633729624482154,0.555,-1.068,-15.2669928278423,0.705,15.2531776895774,0.166,59.7147216888712,0.425592392683029,0.194443210959435,0.25973504781723,12.6346752292951,147.916060172904,1370322.0,0.0,1038.8252504153909,0.0,5441708098.897982,0.0,1.0,0.0,0.0,1370322.0,0.000945604812946188,0.0,0.000945604812946188,12.633729624482154,3971.116349951312
BHR,Bahrain,2016,100.0,26.4175968196413,0.3159966846249471,0.0334919728338718,0.511,1.9829999999999997,68.00066966788562,0.233,48006.927,17.552,26.222010802,2.52832293510437,38.2033398636175,2.7867934760204385,0.0,6.100962695979177,80.407,17.8416468874405,0.0,209.489,2.01829730710093,7.62960432748572,0.0007138573281548,0.0,9.647901634586646,0.555,-0.793,-13.7233341090662,0.705,11.01920669674741,0.174,60.7104509663565,0.400207668542862,0.187539666891098,0.302964568138123,9.6486154919148,132.822997902774,1423726.0,0.0,1047.6059318580335,0.0,4454488430.071192,0.0,1.0,0.0,0.0,1423726.0,0.000713857328154935,0.0,0.000713857328154935,9.647901634586646,3128.754008897212
BHR,Bahrain,2017,100.0,30.5703798958382,0.2770746464546096,0.0334641598165035,0.506,1.987,67.24935239082743,0.698,47486.023,18.151,27.906803691,2.5783224105835,39.9934662996166,1.3867183057640595,0.0,6.387411081565572,80.407,18.1844891096654,0.0,159.547,2.22156526267298,8.93795259727704,0.000809602632902,0.0,11.159517859949998,0.555,-0.959,-9.88662239616842,0.705,9.48065034277955,0.174,58.8266074582833,0.360297113656998,0.182806059718132,0.348499715328217,11.1603274625829,136.429239810394,1501116.0,0.0,1052.0294624537066,0.0,5322052020.919893,0.0,1.0,0.0,0.0,1501116.0,0.00080960263290204,0.0,0.00080960263290204,11.159517859949998,3545.3969053157075
BHR,Bahrain,2018,100.0,30.4993672299561,0.2751123168046394,0.0339781008660793,0.577,2.035,66.86484731816898,0.54,48424.429,21.765,30.024682369,2.71675133705139,41.4758871750475,2.08766938046978,0.0,6.434158635922227,80.412,17.1706919683066,0.0,139.735,3.36088505657664,11.3900811220261,0.0003902387923528,0.0,14.750966178602749,0.552,-0.846,-7.00688014925386,0.705,9.057254334869397,0.17,57.2061547726912,0.369435161352158,0.189422205090523,0.32632452249527,14.7513564173951,144.075372574535,1503091.0,0.0,1081.530083859581,0.0,6821255301.003197,0.0,1.0,0.0,0.0,1503091.0,0.000390238792353094,0.0,0.000390238792353094,14.750966178602747,4538.151915621341
BHR,Bahrain,2019,100.0,30.4993672299561,0.2686743819042618,0.034354455769062,0.551,2.104,66.92149283084701,0.4919999999999998,50118.484,23.717,29.502196808999997,2.75606608390808,40.6177669647554,1.0058200470213698,0.0,6.534031502697427,80.471,17.0407022619674,0.0,129.143,3.51507642806904,9.8481886760226,0.0005188896971544,0.0,13.363265104091646,0.552,-0.627,-4.16579999943012,0.763,9.285855383836513,0.195,56.3995265649658,0.352295875549316,0.187141761183739,0.312578678131104,13.3637839937888,135.417543398211,1483756.0,0.0,1445.291914036092,0.0,5887211085.075679,0.0,1.0,0.0,0.0,1483756.0,0.000518889697154514,0.0,0.000518889697154514,13.363265104091646,3967.775756307424
BIH,Bosnia and Herzegovina,1995,100.0,8.050959023312046,20.6999985084032,0.0497709549963474,0.825,9.083,45.745599284171206,0.222,4581.586000000001,53.45,6.739933191,1.9869627841475412,25.6999990691539,6.494994222809144,0.0,10.29716442919618,70.188,11.4364985203472,0.0663635676615581,0.0,1.17651005107296,0.0,0.0572938516471215,0.0679731123399078,1.3108467310744292,0.594,-0.594,-1.483510630825165,0.298,5.58902974264287,0.289,53.6000024224429,0.863452136516571,0.262355178594589,0.0982381626963615,1.3681405827215478,91.8796126648453,1520884.0,48263357.69999993,76.64,0.0,66332033.33333338,0.0,1.0,0.0,0.0,3715564.0,0.0572938516471215,0.0679731123399078,0.1252669639870293,1.3108467310744263,17.85248035919537
BIH,Bosnia and Herzegovina,1996,100.0,8.816071859110018,20.7000003100819,0.0532568618655205,0.799,7.751,58.686052223025925,0.621,4581.586000000001,53.45,22.89703576,2.8068516799810297,25.6999991174593,2.022824943174225,0.0,9.676828430060958,73.454,11.436499643048,0.0145003111862727,0.0383852599999983,0.0,0.0,0.0389070748051902,0.0383334772307156,0.0528337884169882,0.716,-0.594,-0.9337361272125466,0.441,4.17151816811869,0.348,35.7000015027045,0.77721107006073,0.229495793581009,0.195028454065323,0.0917408632221778,107.500043530726,1598862.0,44609833.99999988,1.69,0.0,64345341.66666671,0.0,1.0,0.0,0.0,3875246.0,0.0389070748051904,0.0383334772307156,0.07724055203590599,0.052833788416987396,16.604195363769605
BIH,Bosnia and Herzegovina,1997,100.0,8.823254851580085,17.5180457264676,0.0594202131032944,0.79,7.637,58.582139823501805,0.4009999999999999,5669.278,53.45,22.63969316,2.465097136369966,25.2176237420683,2.427499029936346,0.0,9.68433148773877,73.895,11.2218418584841,0.0114487773584079,0.2223458570000005,0.0,0.0,1.85973337425251,0.0391852240232279,0.0506340013816295,0.716,-0.59,-0.9721899387284868,0.441,4.174924233787992,0.357,39.3643299503698,0.733843743801117,0.227722987532616,0.215099439024925,1.9103673756341395,100.630964756317,1670910.0,40882273.79999995,9.741,0.0,74947649.16666672,0.0,1.0,0.0,0.0,4018227.0,1.85973337425251,0.039185224023228,1.898918598275738,0.050634001381629545,18.651920154502648
BIH,Bosnia and Herzegovina,1998,100.0,8.823293334398368,15.9604100187793,0.0627553761005402,0.792,7.473,58.61973472527014,0.215,6459.329,53.45,21.360228432,2.3721368334856914,27.4301795819969,2.4186269607336897,0.0,9.688719839580266,74.472,12.0692790160786,0.0528852069774588,0.6119231829999947,0.0,0.0,1.4095177024341,0.085860424257097,0.1387456312345598,0.706,-0.586,-1.0859145539658106,0.45,4.189251175540164,0.375,38.7094107305254,0.781804084777832,0.241832807660103,0.214303538203239,1.548263333668659,125.666609057011,1713748.0,76793958.0,31.8,0.0,95815499.99999994,0.0,1.0,0.0,0.0,4089356.0,1.4095177024341,0.085860424257097,1.495378126691197,0.13874563123455919,23.43046191136207
BIH,Bosnia and Herzegovina,1999,100.0,7.548203736246943,13.2629920286002,0.0643452256917954,0.794,7.381,58.59463308257435,0.343,7132.654,54.72099999999999,17.450858708,2.4209438936322196,24.3568468974682,2.4326247847120364,0.0,10.304706132382629,74.946,10.7000739044004,0.0389809900657343,1.2667185810000063,0.0,0.0,1.30715301569863,0.0147906862857681,0.0537716763515092,0.706,-0.5569999999999999,-1.8631052771679,0.45,5.583080414242088,0.387,44.4868898150251,0.797505438327789,0.272611767053604,0.173586487770081,1.3609246920501423,121.820541564193,1744274.0,122017854.29999983,77.26,0.0,287373500.00000024,0.0,1.0,0.0,0.0,4130305.0,1.30715301569863,0.0147906862857682,1.3219437019843983,0.053771676351512365,69.57682301912334
BIH,Bosnia and Herzegovina,2000,99.0,11.519485400622202,9.00146376331907,0.0649422258138657,0.793,7.413,58.3354396028915,0.2499999999999999,7433.575999999999,51.669,17.098270742,2.647734814129818,21.5373916859689,2.5005984430369743,0.0,10.470599012011366,75.292,9.29602274851537,0.0579154373195127,2.244979999999991,0.0,0.0,1.05942182921952,0.138280003033367,0.1961954403528807,0.706,-0.528,-3.50402093830256,0.735,5.866496785194293,0.415,54.3531655773759,0.88912045955658,0.299727737903595,0.212238729000092,1.255617269572399,85.3577431341788,1770149.0,131478279.29999997,358.351,0.0,386194330.0,0.0,1.0,0.0,0.0,4159771.0,1.05942182921952,0.138280003033367,1.1977018322528872,0.19619544035287895,92.84028615998332
BIH,Bosnia and Herzegovina,2001,99.4,8.20064754559338,9.12058070196707,0.0647465139627457,0.788,7.483,58.107488387198416,0.204,7601.064,46.897,16.436833051999997,2.645113662276378,20.9376145916292,2.5815225006179503,0.0,10.734623513610536,75.573,9.40645785477134,0.0318881569647861,10.6404,0.0,0.0,0.840497625656026,0.448961430454632,0.4808495874194136,0.662,-0.346,-2.4302947548369698,0.721,6.185129557296827,0.475,54.5606374041433,0.902998208999634,0.285150080919266,0.232415959239006,1.3213472130754376,86.0357340130948,1791982.0,136784066.60000002,193.9,0.0,391684750.0,0.0,1.0,0.0,0.0,4179438.0,0.840497625656026,0.448961430454632,1.289459056110658,0.48084958741941153,93.71708588570999
BIH,Bosnia and Herzegovina,2002,98.5,6.100334905991442,8.8735063619681,0.0646278187632561,0.79,7.49,58.382277173807225,0.2499999999999999,7976.672,44.561,18.050637168,2.705655402329477,19.8153934660799,2.486002261904805,0.0,12.6958333333333,75.994,9.31352422157962,0.0177361168867413,17.879199999999997,0.0,0.0,0.717945180690488,0.141291322347015,0.1590274392337569,0.662,-0.1639999999999999,-1.95319486655776,0.742,7.32132201959301,0.477,54.8986235325914,0.896061658859253,0.275151371955872,0.242219194769859,0.8769726199242438,78.7274783626,1809115.0,167058160.20000005,182.6,0.0,377948870.0,0.0,1.0,0.0,0.0,4188002.0,0.717945180690488,0.141291322347015,0.859236503037503,0.15902743923375584,90.24562786741744
BIH,Bosnia and Herzegovina,2003,99.0,3.5126567472352797,8.10502114135478,0.0645406842231751,0.797,7.488,58.37053320492849,0.339,8282.242,46.968,18.232916318999997,2.715924276119785,19.8200761189261,2.4968786177249136,0.0,10.87,76.449,9.29979251773798,0.0197041644928246,25.7218,0.0,0.0,0.67496377350428,0.129088331018867,0.1487924955116923,0.662,-0.406,0.268837289562991,0.754,9.32753797012934,0.468,55.7906548924546,0.910889983177185,0.29303577542305,0.240840017795563,0.8237562690159734,80.5694572639365,1818418.0,164351628.39999998,695.342222,0.0,422185747.9308039,0.0,1.0,0.0,0.0,4178523.0,0.67496377350428,0.129088331018867,0.804052104523147,0.14879249551169338,101.03707648152323
BIH,Bosnia and Herzegovina,2004,99.1,11.8039337762799,8.58349407590767,0.0641942769289017,0.797,7.819,58.16679196699694,0.485,8793.459,45.413,16.760973198000002,2.4161303848736706,20.233493291441803,2.563157697677717,0.0,10.281666666666698,76.489,9.11774344866315,0.0901895502146079,33.9881,0.0,0.0,0.590959685520341,1.02502375676112,1.115213306975729,0.681,0.017,0.40137334857452,0.754,7.94786969790644,0.436,55.6072712671036,0.900562584400177,0.287953019142151,0.250490605831146,1.7061729924960698,81.8126861817184,1815328.0,140554008.39999998,1049.090257,0.0,721116685.3013391,0.0,1.0,0.0,0.0,4140987.0,0.590959685520341,1.02502375676112,1.615983442281461,1.1152133069757288,174.1412579419687
BIH,Bosnia and Herzegovina,2005,99.1,7.529259909708042,8.29736825390212,0.0638137012720108,0.797,8.212,57.19586301320315,0.251,9158.615,46.464,19.479185233,2.8074763261409172,21.4328425323645,2.8882272775114153,0.0,9.6125,76.424,9.94276670736069,0.703806919458126,38.9203,0.0,0.0,0.512886822150729,0.613757035471359,1.317563954929481,0.681,-0.501,1.30280289518284,0.765,3.2239552122241495,0.449,54.6379129823724,0.87112832069397,0.281960338354111,0.241649955511093,1.8304507770802108,84.3554628217984,1808892.0,91232093.49999988,1175.43885,0.0,714300059.9606717,0.0,1.0,0.0,0.0,4096493.0,0.512886822150729,0.613757035471359,1.126643857622088,1.3175639549294818,174.36867583092945
BIH,Bosnia and Herzegovina,2006,99.4,10.5243474969792,8.05428927250657,0.0630462691187859,0.802,8.883,47.7751637938284,0.3909999999999999,9674.71,47.819,16.688363074,2.6540357487963577,21.0300824020691,6.125566156202851,0.0,8.01416666666667,76.028,10.0177872154014,0.4586708105935859,46.4606,0.0,0.0,0.5674455382988008,0.617839638487773,1.0765104490813595,0.681,-0.441,2.7451346936897503,0.765,0.1985514519093998,0.439,52.5945352093452,0.818056225776672,0.274613380432129,0.244158923625946,1.64395598738016,79.8299477752016,1807151.0,51121395.5,1001.325024,0.0,844802480.157201,0.0,1.0,0.0,0.0,4063272.0,0.567445538298801,0.617839638487773,1.185285176786574,1.076510449081359,207.91187007840014
BIH,Bosnia and Herzegovina,2007,99.7,12.8973013091248,7.70495340963332,0.0625612065196037,0.817,9.167,60.223763080251,0.4719999999999999,10269.528,46.724,19.343384144,2.6944069076997184,21.7724374056523,1.5007771061154216,0.0,7.172499999999999,76.162,10.8110732076349,0.791281846862712,61.0557,0.0,0.0,0.5172901325795649,0.816076787678695,1.6073586345414057,0.681,-0.631,0.771857791407179,0.825,0.919932443791068,0.439,52.540030120643,0.803976953029633,0.281698048114777,0.281938493251801,2.12464876712097,83.551858889163,1797717.0,34735873.5,1029.0758,0.0,1036865520.3223628,0.0,1.0,0.0,0.0,4013424.0,0.517290132579565,0.816076787678695,1.33336692025826,1.6073586345414048,258.34935962967353
BIH,Bosnia and Herzegovina,2008,99.3,11.0422124679149,7.20727201234942,0.0629428848624229,0.817,9.492,65.6137184813918,0.5330000000000001,10867.078,45.512,21.306165664,2.884123107137391,23.2014104320358,7.427043103329531,0.0,6.97833333333333,76.3,11.0122790999964,0.746316087254571,80.532,0.0,0.0,0.514781482585194,2.37666975759293,3.122985844847495,0.678,-0.54,-3.3363296531914894,0.834,-0.3344942277074763,0.449,53.6513192729013,0.801312029361725,0.293438374996185,0.317403137683868,3.637767327432691,86.1628798430504,1780700.0,31548198.299999952,1193.506305,0.0,1910888347.3804364,0.0,1.0,0.0,0.0,3947544.0,0.514781482585194,2.37666975759293,2.8914512401781236,3.1229858448474968,484.07018322796057
BIH,Bosnia and Herzegovina,2009,99.4,9.12823971036376,7.07660163466849,0.0626644790172577,0.806,9.593,64.0683205924254,0.4949999999999999,10830.348,43.666,17.749041992000002,2.687736956441551,22.907646941710304,-0.3814642824530558,0.0,7.932500000000001,76.701,10.4775404261619,0.2646437353284461,83.9539,0.0,0.0,0.420983750727111,0.77289496372878,1.0375386990572295,0.677,-0.666,-4.8292827708458,0.834,7.73269234983553,0.44,55.6401320620725,0.76874577999115,0.299943655729294,0.243096262216568,1.45852244978434,73.7474942255023,1762381.0,538526947.6,702.8621380000001,0.0,1075225170.1473343,0.0,1.0,0.0,0.0,3879794.0,0.420983750727111,0.77289496372878,1.1938787144558909,1.037538699057229,277.1346030607126
BIH,Bosnia and Herzegovina,2010,99.5,8.51008660785386,6.79676215913764,0.0615023821592331,0.81,9.961,61.84531111917,0.378,11007.728,44.657,15.679946502,2.6861384405934174,22.4540096321725,1.9962123674588703,0.0,7.88833333333333,76.827,10.884808040209,0.809638528559299,81.6019,0.0,0.0,0.4940006970247259,1.41865020328922,2.2282887318485134,0.674,-0.694,-3.4662724021390394,0.834,6.39214485485004,0.44,55.5086584313191,0.781350672245026,0.2915278673172,0.203947007656097,2.722289428873239,80.9682159626823,1743337.0,768607756.0,998.083163,0.0,1449363436.8831098,0.0,1.0,0.0,0.0,3811472.0,0.494000697024726,1.41865020328922,1.912650900313946,2.228288731848513,380.2634354609216
BIH,Bosnia and Herzegovina,2011,99.7,7.925974871248261,6.75774539555131,0.0604459010064602,0.816,10.296,60.5488434520337,0.322,11241.24,43.691,16.450018246,2.539500383808226,22.193259706681303,3.671250000000001,0.0,7.43166666666667,76.963,10.9160127332036,1.08585787931275,84.7529,0.0,0.0,0.580903951562549,1.85949087082502,2.9453487501377715,0.674,-0.82,-2.0996458624693695,0.834,4.88042163230985,0.44,55.814728624189,0.769207775592804,0.29748460650444,0.228795811533928,3.5262527017003205,87.8363477136556,1723206.0,766232105.6,894.8922249999999,0.0,2003342312.3206005,0.0,1.0,0.0,0.0,3741798.0,0.580903951562549,1.85949087082502,2.440394822387569,2.9453487501377715,535.3956339494009
BIH,Bosnia and Herzegovina,2012,99.7,6.5929466924512,6.13767155368512,0.060001153498888,0.816,10.712,61.7159271649019,0.497,11332.058,44.241,17.62924542,2.7347503178583175,21.6232008180939,2.0526745200171703,0.0,7.32891666666667,77.037,10.545110406553,0.816582827983134,91.4833,0.0,0.0,0.571704332598969,0.832298329684597,1.6488811576677307,0.674,-0.538,-1.94506931030959,0.834,6.48156391846799,0.44,56.7861594532843,0.773109912872315,0.293156862258911,0.241227775812149,2.2205854902667,88.1451088628529,1701669.0,887905090.6,985.125623,0.0,1553234204.5419333,0.0,1.0,0.0,0.0,3670113.0,0.571704332598969,0.832298329684597,1.404002662283566,1.648881157667731,423.2115481299713
BIH,Bosnia and Herzegovina,2013,99.5,8.54458675236367,6.84139087123356,0.0593897588551044,0.812,11.052,60.8344455049437,0.2770000000000001,11841.551,43.241,17.011830672,2.6806516410432097,22.3236748683798,-0.0930456838317574,0.0,7.03604811133436,77.129,10.9371163819976,0.805134663067053,96.6063,0.0,0.0,0.5668459998623911,0.389629817927477,1.1947644809945288,0.672,-0.405,-0.5500850012367959,0.876,7.2764764654592,0.447,56.157123436097,0.773040413856506,0.289002150297165,0.228016123175621,1.7616104808569195,87.9312380280562,1686106.0,848017825.5,841.4808270000001,0.0,1340880236.875486,0.0,1.0,0.0,0.0,3610859.0,0.566845999862391,0.389629817927477,0.956475817789868,1.1947644809945284,371.3466066870753
BIH,Bosnia and Herzegovina,2014,99.9,9.47556633862708,5.951057525170999,0.058557290583849,0.809,11.487,60.2166706701922,0.409,11994.481,43.397,18.684119045,2.7395571811093937,22.1563691753674,-0.8971940541943333,0.0,6.64150863945302,77.089,10.9401950797352,0.4596723824643521,97.9342,0.0,0.0,0.518543073108648,0.258107281929994,0.7177796643943424,0.672,-0.019,-2.09972505764316,0.876,5.58529714833357,0.447,56.7834638990021,0.761014521121979,0.288378804922104,0.243001282215118,1.2363227375029917,90.5522780395662,1680132.0,892123426.6,755.9633200000001,0.0,1127331614.324047,0.0,1.0,0.0,0.0,3564829.0,0.518543073108648,0.258107281929994,0.776650355038642,0.7177796643943437,316.2372204456503
BIH,Bosnia and Herzegovina,2015,99.7,11.7203450505224,6.0375681759839,0.0580275058746338,0.843,11.909,57.9682738840571,0.213,12540.351,42.494,17.634271881,2.891388015857338,21.7264522311122,-1.0360230342547396,0.0,5.788887990431849,77.073,11.1177921569749,0.255856935979025,97.8678,0.0,0.0,0.566127152849557,0.196643861612622,0.4525007975916431,0.67,-0.404,0.6052913298456741,0.876,4.33293428322326,0.447,54.9288452772086,0.733382999897003,0.279765129089355,0.222676679491997,1.0186279504412017,88.291992587588,1673811.0,799975334.0,932.91883,0.0,970849098.8564136,0.0,1.0,0.0,0.0,3518541.0,0.566127152849557,0.196643861612622,0.762771014462179,0.45250079759164474,275.92377035152174
BIH,Bosnia and Herzegovina,2016,100.0,13.566155787713004,6.165590621072149,0.0576229393482208,0.825,12.228,57.1711781131322,0.2779999999999999,12972.754,41.797,17.997182623,2.7374882155257443,22.3443510624615,-1.5841000000000207,0.0,5.238166837787649,77.124,11.8138263612325,0.2797007828494831,98.0144,0.0,0.0,0.531449962761338,0.235805940272804,0.5155067231222912,0.7,-0.403,1.18831368984459,0.905,3.85348058757262,0.451,54.1749753827059,0.729483067989349,0.271570891141892,0.220777347683907,1.0469566858836323,88.2440340022738,1667906.0,770392168.5,875.219147,0.0,1129818459.5544803,0.0,1.0,0.0,0.0,3473003.0,0.531449962761338,0.235805940272804,0.767255903034142,0.5155067231222943,325.31456481738724
BIH,Bosnia and Herzegovina,2017,100.0,15.6244547598122,5.4310487956715,0.0574744381010532,0.825,12.304,57.5236535627643,0.3309999999999999,13420.36,41.771,18.012097005,2.7584828172891576,23.121074782311297,0.8101333219530389,0.0,4.379581432656469,77.385,12.563982485703,0.3561654633036738,100.333,0.0,0.0,0.6233047299894872,0.302151206386166,0.6583166696898424,0.707,-0.351,2.60547565746007,0.892,2.55542160668591,0.454,54.4500637250392,0.708886921405792,0.272162824869156,0.249659687280655,1.2816213996793309,96.6458803566861,1662631.0,591860218.3,897.2805040000001,0.0,1574474339.1003878,0.0,1.0,0.0,0.0,3428682.0,0.623304729989487,0.302151206386166,0.925455936375653,0.6583166696898438,459.2068728159648
BIH,Bosnia and Herzegovina,2018,100.0,18.0671970068115,5.71878250722931,0.0576973147690296,0.821,11.98,56.6595114683875,0.443,13966.112,42.055,18.769431318,2.947927361750102,23.7113564316664,1.4171081401803356,0.0,3.79028136918822,77.942,12.7319506952507,0.156407536593965,102.187,0.0,0.0,0.5732848979806511,0.322899368848151,0.4793069054421188,0.692,-0.401,2.36801822526368,0.876,0.9729764555399631,0.452,53.7328144420159,0.686781704425812,0.261910200119019,0.260765463113785,1.0525918034227697,98.4320694182631,1658679.0,466290689.4,924.080767,0.0,1918715366.0641656,0.0,1.0,0.0,0.0,3387000.0,0.573284897980651,0.322899368848151,0.896184266828802,0.47930690544211874,566.4940555252924
BIH,Bosnia and Herzegovina,2019,100.0,19.1059256505306,5.45004156140876,0.0579764693975449,0.816,13.102,57.1691026496549,0.5470000000000002,14389.734,41.282,19.03037910323096,2.965323455620045,23.2037923257609,0.5627821540612317,0.0,3.287227158101281,77.394,12.4800138351172,0.0334032987362757,112.255,0.0,0.0,0.547685201989734,0.219668427336333,0.2530717260726085,0.751,-0.425,2.11927923639336,0.876,0.79460685233901,0.398,54.5707623650675,0.670898973941803,0.247992530465126,0.255125761032105,0.8007569280623432,94.516125154246,1654869.0,397854131.2000001,1133.2705480000002,0.0,1250899549.211104,0.0,1.0,0.0,0.0,3345533.0,0.547685201989734,0.219668427336333,0.767353629326067,0.2530717260726092,373.901422945493
BOL,Bolivia,1995,64.0915298461914,11.52328236385,14.8592991083324,0.0495905242860317,0.552,10.517,48.2018453881021,-0.565,5087.4349999999995,23.964,10.865996741,2.32242250442505,29.1427574218391,10.1932067630745,1.0,51.0175,59.787,16.7294171064214,2.04389063801456,0.092189323999996,0.448012489750806,1.6753909346087106,0.943505945773744,0.0,4.167294062374076,0.694,-0.135,1.11159261648011,0.669,35.5300943196571,0.468,46.7308234317658,0.665896534919739,0.299153715372086,0.0905692055821419,5.1108000081478195,49.737987097898,4676865.0,267762932.20000005,208.9992098279785,0.0,914379760.261966,0.0,0.0,0.0,0.0,7874676.0,0.943505945773744,0.0,0.943505945773744,4.167294062374076,116.11649295310258
BOL,Bolivia,1996,71.0,12.418751381763098,14.1846793837749,0.0505876988172531,0.552,10.344,52.7372304538668,-0.676,5205.620000000001,24.148,11.94833816,2.35512590408325,27.9548862100277,12.4254866180049,1.0,55.9666666666667,60.287,16.4255252549623,1.46212762695585,0.4180556479999993,0.405157180948825,2.0826662143873502,0.782852033777323,0.0,3.949951022292016,0.694,-0.135,0.863432766838399,0.669,39.77986870846,0.468,47.5103918978719,0.644768536090851,0.297642678022385,0.0952368825674057,4.73280305606934,49.8562913723023,4806644.0,276121398.6,206.0942434913348,0.0,1043998919.8666736,0.0,0.0,0.0,0.0,8021736.0,0.782852033777323,0.0,0.782852033777323,3.9499510222920167,130.1462576014311
BOL,Bolivia,1997,67.330431,12.9020437810914,14.9182592343414,0.0527035258710384,0.555,10.179,58.2754233787146,-0.797,5357.025,24.999,15.042380913,2.38829016685486,26.4351094914312,4.708444360281931,1.0,50.05,60.745,14.5202255849151,1.26953717155461,1.4553763879999906,0.3855515257735469,1.6455708871686792,0.713165707702096,0.0,3.3006595844968345,0.716,-0.188,-1.00693073000631,0.669,41.9515996899942,0.464,49.2203470032769,0.674142897129059,0.278234630823135,0.125534042716026,4.013825292198931,50.4696628058748,4935367.0,248140560.0,219.33888076813983,0.0,1003115527.0577296,0.0,0.0,0.0,0.0,8167900.0,0.713165707702096,0.0,0.713165707702096,3.3006595844968345,122.81192559381599
BOL,Bolivia,1998,71.2,13.071648734362,12.6254313762121,0.0554867498576641,0.567,10.011,64.0518430826259,-0.547,5517.514000000001,24.873,20.151639452,2.42192125320435,26.1333943093732,7.67322895675083,1.0,39.4116666666667,61.227,13.992064260063,0.169697256119387,2.887342570999998,0.2640543700066029,1.2403329767152105,0.561863461147413,0.0,1.674084602841198,0.716,-0.2409999999999999,-2.99693496082084,0.669,30.229051182494,0.464,51.7171694015191,0.699279725551605,0.257866114377975,0.162177905440331,2.2359480639886105,52.2811629581228,5063677.999999998,264183043.0,215.68554503153783,0.0,868587718.2748562,0.0,0.0,0.0,0.0,8313394.0,0.561863461147413,0.0,0.561863461147413,1.6740846028411975,104.48051881997367
BOL,Bolivia,1999,70.929888,10.9159671187422,13.2579915795139,0.0570687465369701,0.567,9.88,64.4499926981327,-0.58,5435.123,25.528,18.179106515,2.45602583885193,25.1438963960235,2.159516268355979,1.0,35.3691666666667,61.655,13.594130404228,0.211120591313388,4.980938617,0.320800790853637,1.8314809930192393,0.4115739000363219,0.0,2.3634023751862685,0.716,-0.239,-1.8431334880386,0.669,32.1815221664532,0.464,54.2201173752696,0.729462862014771,0.245752811431885,0.136592507362366,2.77497627522259,44.1682564870165,5193103.999999998,283651143.6,201.7746862271613,0.0,842338403.5025945,0.0,0.0,0.0,0.0,8459806.0,0.411573900036322,0.0,0.411573900036322,2.363402375186268,99.5694704467921
BOL,Bolivia,2000,70.0,11.3190374089697,12.9658118842238,0.057603545486927,0.567,9.745,58.7218026947676,-0.572,5407.991,25.586,16.339116761,2.4906108379364,25.7390221812353,4.608229988725979,1.0,34.5958333333333,62.057,13.2411058398516,0.2781478456679709,6.769669999999998,0.772562074092428,3.2007191589754695,0.361398804732755,0.0,4.251429078735866,0.716,-0.237,-1.45224967445547,0.669,27.9483957185948,0.464,52.1618196573823,0.750764012336731,0.231701254844666,0.133194074034691,4.61282788346862,45.5977750218555,5323763.0,254673303.1,205.3498031995585,0.0,1262832337.516677,0.0,1.0,0.0,0.0,8606326.0,0.361398804732755,0.0,0.361398804732755,4.251429078735866,146.73303538776906
BOL,Bolivia,2001,69.3,11.5559370679501,13.2556536661742,0.0568643026053906,0.567,9.563,53.5566000288069,-0.831,5396.623000000001,25.135,13.25419888,2.51987934112549,25.4206764753126,1.5896537787956788,1.0,20.0570612222166,62.538,13.3447719203847,0.121156626329288,8.91055,1.10433905071583,2.70191454521148,0.4062766431773099,0.0,3.927410222256599,0.716,-0.262,-4.21784679465597,0.669,17.8530979126692,0.464,52.653776599304,0.744637608528137,0.21409960091114,0.111089579761028,4.33368686543391,45.2278224315522,5456235.0,240714064.20000005,199.47324579769628,0.0,1354897735.1887758,0.0,1.0,0.0,0.0,8752736.0,0.40627664317731,0.0,0.40627664317731,3.9274102222565994,154.797052623177
BOL,Bolivia,2002,64.0,12.6239440525093,12.955118631021,0.0554061084985733,0.51,9.356,51.001676850074,-0.912,5429.626,24.505,15.088803894,2.54949164390564,25.4735692447779,0.9282588516110692,1.0,20.6324567427484,63.068,13.0354217893501,0.2246899170536309,11.497700000000002,1.10088698094808,3.201434367221182,0.4178399818775549,0.0,4.527011265222885,0.723,-0.287,-6.19210172152855,0.669,17.3230579080153,0.457,52.2995520552759,0.736911058425903,0.198000252246857,0.131720945239067,4.944851247100441,49.3502603725957,5591093.0,231620062.9,201.1208445786247,0.0,1377854577.3037908,0.0,1.0,0.0,0.0,8900355.0,0.417839981877555,0.0,0.417839981877555,4.527011265222886,154.80894608179008
BOL,Bolivia,2003,72.3,15.0477204810069,13.4272369562791,0.0546076819300652,0.481,9.148,47.880519858362,-0.717,5476.696,24.114,11.573459559,2.57307386398315,25.5964904919612,3.3372749967153403,1.0,17.6632890518186,63.455,12.7844476107651,0.2347379897011499,14.129800000000005,1.02122652481984,3.5784097614480395,0.4819037515736439,0.0,4.8343742759690365,0.717,-0.835,-5.05949028619388,0.669,10.6586077125964,0.469,51.2880547650981,0.731225669384003,0.189100325107574,0.1134961917996409,5.31627802754268,51.967836443987,5728357.0,318333409.20000005,209.1707428908147,0.0,2149924032.7808046,0.0,1.0,0.0,0.0,9050700.0,0.481903751573644,0.0,0.481903751573644,4.834374275969036,237.5422931685731
BOL,Bolivia,2004,75.9,17.828431371046,13.3223836388477,0.0540705099701881,0.481,8.964,42.6507012903778,-1.047,5604.611000000001,26.801,10.387727529,2.59339308738709,26.8396494762825,4.43738080101725,1.0,14.4698833333333,63.819,12.5074546204993,0.56359830222864,19.5647,1.31796776619707,5.08868092656529,0.459734192518509,0.0,6.970246994990991,0.668,-0.681,-2.6162159937237695,0.669,6.02233191168458,0.456,49.2849694922866,0.724796175956726,0.175741627812386,0.0983544141054153,7.429981187509501,57.4642660901316,5868328.0,348459724.70000005,223.01983734674877,0.0,3135198223.3995104,0.0,1.0,0.0,0.0,9204287.0,0.459734192518509,0.0,0.459734192518509,6.970246994990992,340.62369235113056
BOL,Bolivia,2005,68.3,20.6982800939157,11.7927215329112,0.0537619031965733,0.366,8.79,39.7951588996808,-0.915,5750.965,30.938,10.570952882,2.61387252807617,26.2692194219914,5.39323106890663,1.0,16.6150416666667,64.182,11.6269448883483,0.913753281667752,25.867599999999996,2.83615706373774,7.330803000301451,0.464507522340972,0.0,11.08071334570693,0.671,-0.971,0.756049880974343,0.669,10.0756689351212,0.455,46.8201969433938,0.724742531776428,0.167785853147507,0.121265821158886,11.5452208680479,67.6419413613743,6010850.000000002,281990683.20000005,239.61090678433715,0.0,4562599939.796744,0.0,1.0,0.0,0.0,9360754.0,0.464507522340972,0.0,0.464507522340972,11.08071334570693,487.41799429797476
BOL,Bolivia,2006,76.2,27.5374538756841,10.9375480546288,0.0538775213062763,0.301,8.648,35.1778876648113,-0.893,5924.145,34.304,10.765977057,2.63451361656189,27.652247464959,4.2823960480256105,1.0,11.8912833333333,64.529,11.3316028641399,3.57670624063231,30.2062,3.55806070652127,6.90511113358437,0.5935784439693939,0.0,14.039878080737909,0.698,-0.803,6.9965214610417,0.669,-1.5593338295826698,0.403,43.1317849879713,0.732664048671722,0.156229868531227,0.111868895590305,14.6334565247073,74.537848431547,6157023.0,54704497.20000005,253.98873653961135,0.0,5311081149.989992,0.0,1.0,0.0,0.0,9521689.0,0.593578443969394,0.0,0.593578443969394,14.039878080737907,557.7877149726264
BOL,Bolivia,2007,80.2,29.7456870145333,10.011155665672,0.0541573204100132,0.301,8.465,34.3464279647996,-1.074,6090.763000000001,31.113,11.027362928326042,2.65531778335571,28.2897904061027,8.70560923578869,1.0,12.8608083333333,64.939,11.414916152174,4.52067350442681,33.5993,3.98560882647042,4.87482833139779,0.603823920302715,0.0,13.381110662294986,0.698,-0.852,0.999068121851212,0.669,5.11062966265615,0.403,42.5095719427825,0.743007957935333,0.145486623048782,0.12141190469265,13.9849345825977,76.0619114476148,6306212.0,42197415.79999995,308.33977297956244,0.0,5737380908.983417,0.0,1.0,0.0,0.0,9685960.0,0.603823920302715,0.0,0.603823920302715,13.381110662294986,592.3399341916977
BOL,Bolivia,2008,84.7,29.9465759357784,10.4424041155226,0.0547023415565491,0.301,8.313,31.4948343659664,-0.895,6358.719999999999,38.86,12.304827476,2.67628622055054,29.7366397824222,14.0068107702519,1.0,13.8733333333333,65.299,11.1684738555863,3.46252645043463,51.1488,3.64008440973696,5.13358898631882,0.540486914656739,0.0,12.23619984649046,0.698,-0.697,5.50490300370719,0.669,3.16372004257659,0.399,40.496023654551,0.72250097990036,0.128360763192177,0.147929191589355,12.7766867611472,82.8670208961798,6456728.0,41129829.79999995,533.1999164949121,0.0,8364139208.186838,0.0,1.0,0.0,0.0,9850858.0,0.540486914656739,0.0,0.540486914656739,12.23619984649046,849.0772284187669
BOL,Bolivia,2009,86.8,23.8257218528247,11.1524074497311,0.0554529130458832,0.301,8.172,34.0214297799199,-0.95,6465.642,35.834,12.249519250564475,2.69742035865784,29.2286844945559,3.3464542014201406,1.0,12.359625,65.656,11.616725705404,1.63166193147975,64.5389,3.30564306364059,1.99901854108232,0.5121938861193052,0.0,6.936323536202665,0.698,-0.506,4.27527941936082,0.669,15.1460374289771,0.383,43.5085261772037,0.736001074314117,0.122682549059391,0.151744499802589,7.44851742232197,68.6270739127592,6608557.0,257306771.9000001,575.6874200793254,0.0,4786891911.335721,0.0,1.0,0.0,0.0,10016275.0,0.512193886119305,0.0,0.512193886119305,6.936323536202665,477.91139034578435
BOL,Bolivia,2010,88.0,26.0265880438812,10.3899057010594,0.0561688803136349,0.297,8.036,36.029022193555,-0.893,6625.064,33.123,12.573902416,2.71872138977051,30.1439417460822,2.5032760584424096,1.0,9.90992714868378,66.003,11.2700224741776,3.2482634773025,70.5073,2.34929579123048,2.8112041419402303,0.752848711619947,0.0,8.408763410473222,0.724,-0.415,3.01694268831918,0.667,1.0410415284890702,0.367,43.5524305510023,0.721287548542023,0.111591719090939,0.15333491563797,9.16161212209317,75.5116262512877,6761848.0,252766904.20000005,550.1605371420428,0.0,6712379451.507613,0.0,1.0,0.0,0.0,10182345.0,0.752848711619947,0.0,0.752848711619947,8.408763410473222,659.2174446561783
BOL,Bolivia,2011,88.3,27.44649800795,9.7695858816954,0.0576765798032284,0.297,7.94,36.7535059221777,-0.9220000000000002,6860.401,36.187,14.786194812,2.7451503276825,30.3691066361261,9.884464198238827,1.0,10.915392341297,66.282,10.3384637671598,5.12663676709338,80.7163,4.72620152059823,3.5788212983796104,0.5694360200677969,0.0,13.431659586071202,0.724,-0.417,2.0585141476343,0.667,-3.2171781489289906,0.367,41.013191725216,0.700047910213471,0.10235508531332,0.180809497833252,14.001095606139,82.4803954243518,6916574.0,251985639.9000001,599.7627410553062,0.0,10157230359.04555,0.0,1.0,0.0,0.0,10348929.0,0.569436020067797,0.0,0.569436020067797,13.431659586071202,981.4764753962028
BOL,Bolivia,2012,90.4,27.3386212840697,9.8121619148328,0.0594505481421948,0.297,7.835,38.9658038429773,-0.649,7100.323,37.754,14.420959231,2.77183604240418,29.3342196293346,4.515602913993762,1.0,11.1349478606743,66.586,10.2142087811062,3.23074692838332,90.2756,5.04123047708524,3.58582706729094,0.495336634150012,0.0,11.857804472759488,0.724,-0.458,2.7377019740325803,0.667,3.76719139203379,0.354,40.4434919386356,0.707493484020233,0.0931557044386864,0.153376191854477,12.3531411069095,84.9487611684942,7072737.0,252256438.20000005,553.7299126776683,0.0,10583399294.016544,0.0,1.0,0.0,0.0,10515807.0,0.495336634150012,0.0,0.495336634150012,11.857804472759488,1006.4276849143907
BOL,Bolivia,2013,89.5,25.4761904081546,9.9669794768463,0.0608759932219982,0.296,7.781,40.9310950343345,-1.055,7467.423000000001,39.033,15.086807323,2.7987813949585,28.5181929044884,5.736400237196069,1.0,11.0513992821176,66.777,9.92781122691066,2.55541456378636,97.5951,5.55829339354152,3.31838837807072,0.527771950731095,0.0,11.432096335398604,0.696,-0.329,1.55192001163022,0.667,4.77002914125722,0.407,40.2117817540524,0.709608137607575,0.0992367118597031,0.157992765307426,11.9598682861297,81.2309075267174,7228889.0,252761843.70000005,603.6694863582111,0.0,12952162450.456017,0.0,1.0,0.0,0.0,10682608.0,0.527771950731095,0.0,0.527771950731095,11.432096335398604,1212.4532183953597
BOL,Bolivia,2014,90.0,21.9173274396152,9.74021753770169,0.0622474066913128,0.302,7.729,43.7497193000006,-1.3170000000000002,7757.096,39.847,15.723051493,2.82598876953125,27.6254998805738,5.76660074579144,1.0,9.69422821628935,66.97,9.73832796276455,2.18635765248212,96.3264,4.77969194953676,3.03332355757079,0.5335070625367531,0.0,9.999373159589648,0.696,-0.333,-2.4507719390864695,0.667,7.49119854684631,0.401,41.4653506578459,0.74413925409317,0.109197594225407,0.167436763644218,10.5328802221264,85.2644695625131,7381304.0,237793817.70000005,550.6388253646655,0.0,12115689699.218113,0.0,1.0,0.0,0.0,10848888.0,0.533507062536753,0.0,0.533507062536753,9.999373159589647,1116.7678843415208
BOL,Bolivia,2015,91.5,14.7196648180842,10.2394941144455,0.0640992596745491,0.337,7.659,51.4488724591572,-1.122,8013.704,37.65,15.743629457,2.85346055030823,25.2024162838659,4.05961041135645,1.0,8.07325379670779,67.205,10.1911908480799,0.1545306957553209,92.266,2.33856535298855,1.14024731448316,0.484734185185111,0.0,3.633343363227029,0.662,-0.27,-5.934432712990009,0.667,13.3088029026579,0.405,45.97640028474,0.772214114665985,0.131028831005096,0.161266773939133,4.11807754841214,67.9328451905248,7533596.0,227441345.5,615.1153770429895,0.0,7888083059.359582,0.0,1.0,0.0,0.0,11014705.0,0.484734185185111,0.0,0.484734185185111,3.633343363227029,716.141109485872
BOL,Bolivia,2016,91.8,15.7073917987234,11.1718754150532,0.0659634992480278,0.304,7.614,57.4086457676424,-1.137,8233.759,32.686,15.61547586,2.88119912147522,25.3263589797711,3.6232143176413807,1.0,7.95202606117997,67.392,10.9842215418371,0.707160512505969,90.3953,0.926800497644539,0.7881146983759155,0.5506774176808149,0.0,2.4220757085264246,0.664,-0.254,-6.25300531258274,0.706,9.43472495453866,0.406,49.8023324477813,0.763076543807983,0.133632093667984,0.170891165733337,2.972753126207241,56.4010345026573,7685664.0,220646516.0,667.560028423062,0.0,6960289856.674641,0.0,1.0,0.0,0.0,11180020.0,0.550677417680815,0.0,0.550677417680815,2.422075708526426,622.565063092431
BOL,Bolivia,2017,91.8,16.5465375851931,7.67713722474752,0.0675092115998268,0.311,7.591,47.873300738401,-1.159,8456.073,30.774,16.750793351,2.90920758247376,30.1846229804293,2.8227580554716987,1.0,8.10989203240817,67.536,11.56848905963,2.42321513255476,96.6384,1.0880253133197,1.0298675765812408,0.4734589022753219,0.0,4.541108022455688,0.661,-0.28,-6.742929683576979,0.706,-16.7532693506203,0.402,51.5106326361384,0.759512186050415,0.137273415923119,0.184670850634575,5.01456692473101,45.5761123650708,7837272.0,233744575.79999995,726.2439556065996,0.0,8548893623.553957,0.0,1.0,0.0,0.0,11344587.0,0.473458902275322,0.0,0.473458902275322,4.541108022455688,753.5658745050796
BOL,Bolivia,2018,92.8,16.5280497809507,7.45035399971013,0.0689662769436836,0.315,7.561,52.1161124499522,-1.16,8688.547,28.951,16.591083745,2.93748831748962,30.385489117214,2.2720598723015506,1.0,8.03724252665112,67.699,11.1822958503404,1.16643513443381,99.4566,2.2533911778168,1.4498952900262,0.501945655452041,0.0,4.869721602276819,0.654,-0.287,-6.9793827464737,0.706,5.42778018252471,0.389,52.3312287295658,0.733820497989655,0.134198993444443,0.195104002952576,5.371667257728859,46.9261953417368,7988348.0,228272011.0,709.9098478035213,0.0,9534817537.28878,0.0,1.0,0.0,0.0,11508368.0,0.501945655452041,0.0,0.501945655452041,4.869721602276818,828.5117001201891
BOL,Bolivia,2019,95.1,14.49112527948,7.63288264501605,0.0696290582418442,0.341,7.555,54.8862654855189,-0.964,8757.258999999998,28.845,15.669437437,2.96604371070862,30.4627271604529,1.8395450496902583,1.0,8.39953170954602,67.82,11.2386028232878,0.562741001877922,100.149,2.06571007254961,1.0303191682966002,0.4365233447467489,0.0,3.658770242724131,0.67,-0.728,-5.87526041897396,0.656,8.5914640600721,0.345,53.345193618041,0.739974975585938,0.13669365644455,0.193723902106285,4.095293587470881,45.8209732749024,8138866.0,226964545.70000005,688.3883525792345,0.0,7551352266.914194,0.0,0.0,0.0,0.0,11671386.0,0.436523344746749,0.0,0.436523344746749,3.6587702427241315,646.9970461875046
BWA,Botswana,1995,16.125017166137695,29.2084804340804,4.63772094370987,0.0488192513585091,0.1589999999999999,10.894,11.8934437479984,-0.6974146749778116,10342.612,43.51516693994641,17.392007272,2.24731206893921,43.8928771865611,10.512546081578998,1.0,14.4166666666667,54.713,5.32323740678044,1.44847120894485,0.0,0.0,0.0,0.549447807308092,0.323435502252839,1.7719067111976887,0.138,1.015,0.628867657914896,0.652,6.77649370861717,0.908,46.2640168672126,0.582193434238434,0.210766389966011,0.193501248955727,2.32135451850578,94.595171646002,743600.0,0.0,21.359383,0.0,97776886.01500002,0.0,0.0,1.0,0.0,1498836.0,0.549447807308092,0.323435502252839,0.872883309560931,1.771906711197688,65.23521320211151
BWA,Botswana,1996,18.362747192382805,38.9464833738687,3.69099404898572,0.0487181209027767,0.1589999999999999,11.134,10.0900408938312,-0.624069538571669,10349.253,43.863521500189925,16.458749525,2.28850150108337,45.4268006627407,10.0828580652108,1.0,14.5,54.284,5.61467958224997,0.4908426837800119,0.0,0.0,0.0,0.524391558850976,0.23380694105271,0.7246496248327237,0.138,1.015,2.3650873179580945,0.652,-1.388480721234731,0.908,44.7803827513668,0.565196692943573,0.173787668347359,0.178852126002312,1.2490411836836994,90.955575275056,773397.0,0.0,24.06224,0.0,84977326.96666668,0.0,0.0,1.0,0.0,1535914.0,0.524391558850976,0.23380694105271,0.7581984999036859,0.7246496248327234,55.32687830612045
BWA,Botswana,1997,20.597078323364308,38.6051858610593,3.5427056166042803,0.0485941022634506,0.1680000000000001,11.534,9.685510535907198,-0.614844040830695,10838.753,43.66985134231128,17.992687019,2.33044576644897,45.6943037353092,8.71993127147747,1.0,13.9466666666667,53.594,5.67989611409989,0.728962454318317,0.0,0.0,0.0,0.4693566866331951,0.184308507701451,0.913270962019766,0.138,0.985,1.9922645149431009,0.652,8.53034219713928,0.908,44.1444144960115,0.587288677692413,0.189854606986046,0.171682730317116,1.3826276486529585,108.604415150755,802386.0,0.0,20.596917,0.0,74044339.2691667,0.0,0.0,1.0,0.0,1571691.0,0.469356686633195,0.184308507701451,0.653665194334646,0.9132709620197634,47.11125740948233
BWA,Botswana,1998,22.827329635620103,39.540106664729,3.16686425607587,0.0491223596036434,0.1680000000000001,11.942,12.1559474412172,-0.6998516681431723,10442.561,43.554702135537035,19.714943173,2.37315845489502,43.5452627939142,6.66139865665752,1.0,13.6508333333333,52.968,6.21813870776526,0.1809568613665551,0.9174372880000092,0.0,0.0,0.504470122539078,0.166770310280778,0.3477271716473336,0.138,0.9549999999999998,0.9068990990884844,0.723,3.3496898550713503,0.912,46.1047337482711,0.569309532642365,0.20485483109951,0.288467019796371,0.8521972941864107,101.841039320292,831390.0,0.0,23.0521,0.0,65403656.416666634,0.0,0.0,1.0,0.0,1606899.0,0.504470122539078,0.166770310280778,0.671240432819856,0.3477271716473327,40.70178425443456
BWA,Botswana,1999,25.0527400970459,41.6844119154473,2.9907654940184702,0.0493334531784058,0.1669999999999999,12.288,13.8731694622537,-0.637309654752629,11068.848,46.017,20.219865231,2.41665434837341,44.8018125970964,7.749296192028483,1.0,14.7758333333333,52.499,5.563178688873639,0.935691248771073,5.438773013000002,0.0,0.0,0.3219244006841169,0.1010009713583159,1.0366922201293924,0.138,1.0145,2.8110560349473497,0.775,0.473255877886662,0.915,44.4107348174785,0.512737572193146,0.199776098132133,0.204889997839928,1.3586166208135104,98.9290812021418,861154.0,5982771.0,21.905316,0.0,59479006.76666671,0.0,0.0,1.0,0.0,1641997.0,0.321924400684117,0.101000971358316,0.42292537204243297,1.0366922201293933,36.223578220098275
BWA,Botswana,2000,26.5,41.9965542787818,2.7946997890345404,0.049215879291296,0.162,12.525,14.7111330843286,-0.756,11346.257,47.549,20.215303977,2.46094727516174,46.3005302919992,8.60148514851491,1.0,15.4791666666667,52.263,5.62698732514078,1.9342105987552,13.246200000000002,0.0,0.0,0.303661827491605,0.139274596524146,2.0734851952793445,0.146,1.074,8.527233007182959,0.775,1.1458252370570996,0.909,42.7469105242306,0.466742932796478,0.197630777955055,0.26987361907959,2.3771470227709504,91.924729689918,892447.0,5679384.700000048,19.668904,0.0,61212845.0,0.0,0.0,1.0,0.0,1677382.0,0.303661827491605,0.139274596524146,0.44293642401575095,2.0734851952793454,36.493085653715134
BWA,Botswana,2001,24.799999999999997,44.5049010138848,2.59029062025391,0.0490858145058155,0.162,12.657,16.5861602106911,-0.696,11382.363,39.206,21.200666414,2.494708776474,44.7677938245925,6.559037670148619,1.0,15.75,52.21,5.84016041963581,0.602410887426727,19.405100000000004,0.0,0.0,0.3092890042649079,0.252153733387292,0.8545646208140223,0.146,0.9735,-3.2622390802090795,0.775,6.86638447526455,0.909,45.2880633320755,0.445913344621658,0.206082388758659,0.275820195674896,1.1638536250789304,87.5250655680957,925456.0,5478086.099999905,20.139376,0.0,62543419.875,0.0,0.0,1.0,0.0,1712254.0,0.309289004264908,0.252153733387292,0.5614427376522,0.8545646208140224,36.52695211983736
BWA,Botswana,2002,27.0,36.0641389585273,2.4256159925615997,0.0488697104156017,0.162,12.652,19.2801590248722,-0.54,12002.37,41.141,20.819455724,2.52893304824829,43.9650990818224,8.03279662527486,1.0,16.2083333333333,52.373,6.057066480706651,0.3702277852095371,19.0435,0.0,0.0,0.373204817819404,0.1706876450609309,0.54091543027047,0.146,0.873,-4.44925665423511,0.775,14.8447010075106,0.909,47.5973823221757,0.369675010442734,0.205464363098145,0.248546943068504,0.9141202480898728,91.8357740585774,959869.0,5926147.700000048,22.543089,0.0,61925671.86,0.0,0.0,1.0,0.0,1744763.0,0.373204817819404,0.170687645060931,0.543892462880335,0.5409154302704688,35.49231148299224
BWA,Botswana,2003,33.1,39.4358348254083,2.7223869552226603,0.0486895032227039,0.162,12.444,19.9773621242987,-0.29,12429.31,42.571,20.978100734,2.56243538856506,39.6164131871252,9.18990265632739,1.0,16.4,52.851,5.705543082802671,1.41345478237527,25.058800000000005,0.0,0.0,0.3961625779678259,0.12183171274878,1.5352864951240548,0.146,1.105,-0.222725048525197,0.775,12.7261593572254,0.909,49.6970639811907,0.36521053314209,0.249793842434883,0.267666131258011,1.93144907309188,85.8340425151264,996151.0,6477343.200000048,25.111789,0.0,68768810.46875003,0.0,0.0,1.0,0.0,1775736.0,0.396162577967826,0.12183171274878,0.517994290716606,1.5352864951240541,38.726933772109156
BWA,Botswana,2004,35.3,38.3821454724545,2.2595853495910205,0.0473926775157452,0.162,12.102,21.935704704551,-1.288,12384.535,41.193,22.444664409,2.58605027198792,38.8219550208892,6.9457036365467495,1.0,15.75,53.573,5.554128171688281,2.60289908335249,28.931799999999996,0.0,0.0,0.274351361424207,0.346717157221236,2.9496162405737234,0.146,0.917,2.41384888372676,0.775,5.15195653567252,0.909,47.9542918751357,0.354600131511688,0.30567142367363,0.285768181085587,3.22396760199793,90.9978228872631,1034740.0,6769570.599999905,22.108249,0.0,116462993.984375,0.0,0.0,1.0,0.0,1807146.0,0.274351361424207,0.346717157221236,0.621068518645443,2.9496162405737234,64.44581344527504
BWA,Botswana,2005,37.5,44.1514853254595,1.8283805240503297,0.0452020280063152,0.1610000000000001,11.735,19.763428572926003,-0.76,12768.712,44.109,21.866317977,2.60988306999207,42.8549522076655,8.6102252854644,1.0,15.7375,54.386,4.94950472169885,1.80451408678862,30.6424,0.0,0.0,0.270545436774871,0.26837351869852,2.0728876054871392,0.146,1.064,11.1496882085219,0.775,0.2301805685446813,0.909,45.2838110727775,0.328568428754807,0.295774966478348,0.256988018751144,2.34343304226201,88.5053520573505,1075474.0,6230187.900000095,27.691585,0.0,190795747.0846243,0.0,0.0,1.0,0.0,1839877.0,0.270545436774871,0.26837351869852,0.538918955473391,2.0728876054871392,103.70027294467201
BWA,Botswana,2006,39.7,43.8026128018786,1.7389350942430095,0.043277669698,0.1610000000000001,11.422,20.936231035363,-0.868,13287.225,46.432,21.581493903,2.6307475566864,46.6243434434334,11.5552187914379,1.0,16.4583333333333,55.112,7.10239133904861,5.871527756517301,43.9084,0.0,0.0,0.284730587325247,0.28588666950323,6.157414426020523,0.146,1.017,14.0211036711703,0.775,10.7498451318936,0.909,47.8447641984648,0.3608477413654331,0.311032325029373,0.210738271474838,6.442145013345769,86.612433913524,1118001.0,6557679.599999905,25.220447,0.0,277969218.3984934,0.0,0.0,1.0,0.0,1874516.0,0.284730587325247,0.28588666950323,0.570617256828477,6.157414426020522,148.2885280245639
BWA,Botswana,2007,41.9,46.1146582814537,1.9266843575501476,0.0422071889042854,0.1610000000000001,10.633,23.461755821797,-0.898,13783.379,42.8,22.193486265,2.65177893638611,45.484421235941,7.080998471726929,1.0,16.215,56.735,8.52846709373412,6.72227465431483,60.2637,0.0,0.0,0.362139591709629,0.32800425160969,7.050278905924521,0.146,1.056,6.19944136898564,0.775,9.60660136551935,0.905,48.3122262132745,0.358396768569946,0.315311014652252,0.23850704729557,7.41241849763415,98.4965249407252,1161671.0,6888309.799999952,20.826886,0.0,263861430.64779657,0.0,0.0,1.0,0.0,1911201.0,0.362139591709629,0.32800425160969,0.690143843319319,7.050278905924521,138.0605340033814
BWA,Botswana,2008,44.5,39.0322774440868,2.140070276103371,0.0422338806092739,0.1869999999999999,10.225,26.3022588108671,-0.255,13945.599,40.509,21.585439266,2.67297863960266,41.10966210137,12.7021883920076,1.0,16.5416666666667,57.661,7.68182107607842,2.74590642530052,76.1956,0.0,0.0,0.451392455304862,0.764905638314842,3.510812063615358,0.15,1.033,-7.277200594030809,0.775,6.55459216778827,0.906,51.7687267100204,0.304364144802094,0.267347484827042,0.493470877408981,3.962204518920221,99.008222007989,1205709.0,6714036.900000095,24.058687,0.0,377727600.87829465,0.0,0.0,0.0,0.0,1949970.0,0.451392455304862,0.764905638314842,1.216298093619704,3.510812063615359,193.70944213413264
BWA,Botswana,2009,43.4,27.6678323554297,2.3759841962596298,0.0424492992460728,0.19,9.975,29.3564386244731,-0.018,11729.565,38.343,25.59243807,2.69434762001038,32.9148698460083,8.02729703109582,1.0,13.755625,58.297,8.46943952869678,1.5646188550371,94.1441,0.0,0.0,0.460189458124387,0.220914121745021,1.7855329767821129,0.15,0.954,-13.953270388359,0.775,-1.17567655612691,0.901,58.2732243529614,0.377000957727432,0.35568767786026,0.400610148906708,2.245722434906501,88.4807886337378,1249151.0,90035722.60000002,25.121424,0.0,236796488.36636493,0.0,0.0,1.0,0.0,1990673.0,0.460189458124387,0.220914121745021,0.6811035798694081,1.7855329767821138,118.95298141199731
BWA,Botswana,2010,52.0,33.3297817630623,2.091040918832499,0.0424534156918526,0.19,9.625,27.5149277438416,-0.503,12653.371,34.63,25.73690038,2.71588730812073,37.2789379627304,6.94887658743103,1.0,11.4583333333333,59.137,8.49944449224391,1.33622855939048,116.246,0.0,0.0,0.3382056681841561,0.430760831584099,1.7669893909745742,0.15,0.991,-7.7880656980608,0.767,3.50357416793177,0.907,54.7364972019634,0.368805915117264,0.328918278217316,0.42358073592186,2.1051950591587296,94.6390020873926,1290916.0,88447150.80000007,49.016014,0.0,542281412.1105422,0.0,0.0,1.0,0.0,2033111.0,0.338205668184156,0.430760831584099,0.768966499768255,1.7669893909745737,266.72494128974864
BWA,Botswana,2011,53.2,38.8577730422341,2.11892300680962,0.0428379848599434,0.19,9.416,27.8535285319926,-0.742,13250.251,37.042,27.333261853,2.73850703239441,41.4322152540452,8.45987233408583,1.0,11.0,59.715,7.73125571429564,1.20501593357667,139.87,0.0,0.0,0.320802474143844,0.368466644271236,1.573482577847907,0.15,1.064,0.420651864711933,0.767,-1.4677289822205202,0.907,51.7079246698274,0.34641969203949,0.323267817497253,0.447394043207169,1.8942850519917496,98.9614677801469,1327452.0,88173774.0,32.718291,0.0,466897165.6670251,0.0,0.0,1.0,0.0,2073535.0,0.320802474143844,0.368466644271236,0.68926911841508,1.5734825778479056,225.1696574531055
BWA,Botswana,2012,56.0,36.2045954125429,2.314811082715801,0.0435215495526791,0.199,9.151,32.9104608560684,-0.672,12975.948,38.034,29.722538437,2.76163005828857,37.5753342991212,7.536902610919158,1.0,11.0,60.384,8.07371084190363,1.35326347337962,146.149,0.0,0.0,0.3965705520831999,0.508801284243223,1.86206475762285,0.146,1.104,1.51137305615288,0.729,7.75464918864852,0.899,55.5813284118705,0.413346290588379,0.345871418714523,0.410073608160019,2.258635309706051,111.875280620952,1357935.0,88268530.60000002,37.232946,0.0,527875809.17377627,0.0,0.0,1.0,0.0,2108617.0,0.3965705520832,0.508801284243223,0.905371836326423,1.8620647576228508,250.3421954645041
BWA,Botswana,2013,58.0,34.3860760907718,1.99354322327234,0.0436611473560333,0.2079999999999999,8.776,33.1944622770528,-0.835,14144.518,39.326,27.238506791,2.78527045249939,39.106229887551,5.884607070568169,1.0,10.1892333333333,61.217,7.99324227477702,0.617000175777391,151.671,0.0,0.0,0.401523776516143,0.40661685146208,1.0236170272394762,0.137,1.102,5.58718309183601,0.786,8.5265575689159,0.891,55.1237948788188,0.446855276823044,0.364120960235596,0.289838820695877,1.4251408037556192,125.78303991122,1386262.0,88445380.10000002,50.019456,0.0,570279229.8474768,0.0,0.0,1.0,0.0,2140682.0,0.401523776516143,0.40661685146208,0.8081406279782231,1.0236170272394762,266.4007217547851
BWA,Botswana,2014,60.0,38.3475389828213,1.8195983525325907,0.0432496480643749,0.2089999999999999,8.358,32.5836928214003,-0.699,14665.272,40.429,26.53904782,2.80944228172302,41.7777034040156,4.40225309243427,1.0,9.0,62.167,7.84878664502911,0.221227865232098,157.018,0.0,0.0,0.393987824721784,0.312542070209993,0.5337699354420913,0.143,1.012,4.18647312056365,0.786,-0.5488498022769512,0.885,53.0342439684547,0.404357552528381,0.350297182798386,0.286413490772247,0.9277577601638748,119.497541791464,1413925.0,83207770.20000005,39.734801,0.0,448765548.8579904,0.0,0.0,1.0,0.0,2172044.0,0.393987824721784,0.312542070209993,0.706529894931777,0.5337699354420908,206.60978730540927
BWA,Botswana,2015,62.1,32.6413396833886,1.9477648675882904,0.0429282672703266,0.2249999999999999,7.913,35.9943679768934,-0.707,13682.704,32.992,29.362464489000004,2.83416080474854,37.5439994873569,3.0620316958055795,1.0,7.949999999999999,63.215,7.24202388476034,0.0458970459055874,157.735,0.0,0.0,0.4514930968965369,0.307384412369603,0.3532814582751911,0.152,1.031,-4.47827253866476,0.786,4.06794726851608,0.867,56.8759086148366,0.43301597237587,0.380054444074631,0.288989841938019,0.8047745551717274,112.900891016005,1441169.0,79585278.5999999,11.231336,0.0,211000501.11239335,0.0,1.0,0.0,0.0,2203273.0,0.451493096896537,0.307384412369603,0.75887750926614,0.35328145827519036,95.76684374219325
BWA,Botswana,2016,64.2,32.9451803816314,1.97588757367029,0.0426990985870361,0.2249999999999999,7.463,32.6906447797128,-0.697,14373.519,34.825,29.053267741,2.85944128036499,40.3451621913098,2.814957913619441,1.0,7.300000000000001,64.32,6.503236311213731,0.0594004806662828,147.173,0.0,0.0,0.4236731507301969,0.279219006721672,0.3386194873879535,0.152,0.979,0.92396091070171,0.786,-4.115021481403399,0.867,54.1248911898208,0.407936155796051,0.369850397109985,0.223243311047554,0.7622926381181507,100.464689766026,1468135.0,77207661.60000002,14.28938,0.0,226449858.1222077,0.0,1.0,0.0,0.0,2234776.0,0.423673150730197,0.279219006721672,0.702892157451869,0.3386194873879537,101.33000270371961
BWA,Botswana,2017,67.4,33.5764428080666,1.8419939490754,0.0420985482633114,0.2159999999999999,7.035,33.9522213058753,-0.591,14656.773,33.529,25.740935815,2.88529968261719,37.1010050249191,3.3082807676821915,1.0,6.875,65.42,6.173604205640629,0.0638031677366841,142.962,0.0,0.0,0.403459910643255,0.41284939046878,0.4766525582054637,0.13,1.009,-0.592936807917787,0.823,9.78420819148485,0.868,56.9680635291786,0.395514011383057,0.3689563870429989,0.230408161878586,0.8801124688487185,81.9239513763494,1494821.0,81790877.29999995,3.455695,0.0,253359271.73669836,0.0,1.0,0.0,0.0,2266747.0,0.403459910643255,0.41284939046878,0.816309301112035,0.47665255820546354,111.7721879577643
BWA,Botswana,2018,68.3,29.0399868705385,2.1173108320472895,0.0414723344147205,0.176,6.685,34.7396633171423,-0.784,14962.081,30.56,26.63902997,2.91175222396851,34.8003276690785,3.2380155894771505,1.0,6.5,66.371,6.14746152595732,0.062240812691455,147.065,0.0,0.0,0.293296197342987,0.514157744276992,0.5763985569684476,0.147,0.958,-4.515793451719,0.811,6.43973181618842,0.879,58.4362759257556,0.419981271028519,0.369186013936996,0.242766499519348,0.8696947543114337,87.4551039946493,1521064.0,79875941.39999998,3.945418,0.0,335903330.52449346,0.0,1.0,0.0,0.0,2299141.0,0.293296197342987,0.514157744276992,0.8074539416199791,0.5763985569684467,146.0994912989214
BWA,Botswana,2019,70.1,27.2696631731553,2.083429493516549,0.0413267835974693,0.169,6.408,35.9371549010473,-0.685,15117.995,28.328,27.53840674,2.93881607055664,31.947105419301,2.772864428633209,1.0,6.39583333333333,67.167,6.09236991211812,0.0539100990692102,160.662,0.0,0.0,0.2755640837221369,0.326579622734528,0.3804897218037375,0.131,1.095,-7.78911360361305,0.826,5.85806999647771,0.883,61.2229282385628,0.423178911209106,0.379393756389618,0.281921088695526,0.6560538055258736,83.0929813601175,1546805.0,79418438.89999998,2.1118330000000003,0.0,215796762.71428,0.0,1.0,0.0,0.0,2332083.0,0.275564083722137,0.326579622734528,0.602143706456665,0.3804897218037366,92.53391183516196
CHL,Chile,1995,95.760383605957,25.1914988580256,6.9674031262015,0.0269874390214682,0.139,5.154,75.36928326057986,-0.078,12941.471,22.552,18.511679167,2.70977973937988,37.8499822511135,8.23263034116114,0.0,18.1595558966592,75.298,19.2514284613681,5.7124400201405106,1.368639744999996,0.0225535114248098,0.057797010115058,0.759478510947794,0.0040407221851858,5.796831263865567,0.0609999999999999,0.6759999999999999,4.05011999328465,0.801,6.38855352000345,0.958,48.0904060517893,0.522555351257324,0.200536102056503,0.263627231121063,6.556309774813361,54.6874835998853,12263540.0,0.0,8982.74326037788,0.0,8678856054.754042,0.0,0.0,1.0,0.0,14527381.0,0.759478510947794,0.00404072218518581,0.7635192331329798,5.796831263865567,597.4136738586288
CHL,Chile,1996,95.617315,26.1523962775318,5.01955878065988,0.0277805645018816,0.139,5.186,75.1349157909916,-0.097,13396.827,22.706,18.771094046,2.72498273849487,30.8497178485542,7.35911781788767,0.0,17.3678567329936,75.555,15.2270914076658,4.35408641638342,2.185860171999991,0.0220761655005778,0.0596959389109361,0.522315554525359,0.0005220338077354,4.436380554602671,0.0609999999999999,0.6759999999999999,2.81413180021166,0.801,13.6749448779556,0.96,52.4243926036768,0.549995243549347,0.196711897850037,0.275831192731857,4.958696109128031,53.9207498943257,12496660.0,0.0,9610.38067416937,0.0,8700307201.132736,0.0,0.0,1.0,0.0,14734046.0,0.522315554525359,0.000522033807735404,0.5228375883330945,4.436380554602672,590.4900256950966
CHL,Chile,1997,96.2361679077148,25.8643917520324,5.0065502183351,0.0284842997789383,0.139,5.189,75.0860210591105,0.0049999999999999,14194.618,22.621,19.465163901,2.7402708530426,29.9914868716623,6.133864643579269,0.0,15.670265400513,75.826,14.8805379045354,4.10331909636315,2.766776986999993,0.0198402199294847,0.0382894991799265,0.4437539627013029,0.0,4.161448815472568,0.0609999999999999,0.3545000000000001,2.68941045571943,0.801,11.941948682900598,0.96,53.3242982629102,0.567630767822266,0.177840545773506,0.281542629003525,4.605202778173869,54.09929817928921,12725637.0,0.0,10011.714700059489,0.0,9085503540.040651,0.0,0.0,1.0,0.0,14932434.0,0.443753962701303,0.0,0.443753962701303,4.161448815472566,608.4408971799676
CHL,Chile,1998,97.241124,23.93067122817,5.3942318667479805,0.0289549510926008,0.148,5.089,84.57399803072758,0.0269999999999999,14598.285,22.296,19.209477268,2.75564479827881,27.329719671118,5.11024954517559,0.0,20.1695011436128,76.324,14.4175557942238,1.99827242912151,6.429716534000001,0.0140606516256154,0.0234700874281479,0.4759246030832389,0.0,2.03580316817527,0.0609999999999999,0.0329999999999999,0.897216436242877,0.801,19.240628326491,0.96,55.1217423498041,0.591974139213562,0.159788355231285,0.280635833740234,2.51172777125851,53.8361785153282,12951576.0,0.0,10350.450024427966,0.0,7339788258.936932,0.0,0.0,1.0,0.0,15127799.0,0.475924603083239,0.0,0.475924603083239,2.035803168175271,485.18546940879713
CHL,Chile,1999,96.6955490112305,23.1402773775592,5.29404331977604,0.0291774719953537,0.148,5.036,77.5840822199898,-0.0049999999999999,14378.352,21.675,15.826660814,2.77110481262207,27.0228972445176,3.336879175260229,0.0,12.6231518368615,76.738,14.6831056227199,2.99596980125977,14.89605908,0.0259640226800539,0.0418250296937205,0.605701451342656,0.0,3.0637588536335443,0.0609999999999999,0.2589999999999999,-1.4771311699946097,0.801,10.2119697724669,0.96,56.2307389663935,0.602220833301544,0.153049632906914,0.237921819090843,3.6694603049762,54.6956098321562,13170267.0,0.0,10880.57737921296,0.0,8291419970.570381,0.0,0.0,1.0,0.0,15319313.0,0.605701451342656,0.0,0.605701451342656,3.063758853633544,541.2396737745603
CHL,Chile,2000,97.9,23.3179471423145,5.08296243051118,0.0294331591576338,0.142,5.011,77.18095769820394,0.0469999999999999,14915.166,22.177,16.487972837,2.7866518497467,27.8329007305146,3.8432729570656505,0.0,14.8433912347788,77.128,15.1925267293194,4.3408550303353,21.940200000000004,0.0492733030540224,0.0648093154178202,0.416011724609717,0.0,4.454937648807142,0.0609999999999999,0.4849999999999999,-0.0549875245854378,0.801,9.83487325107737,0.96,55.6064735933259,0.592927932739258,0.137125506997108,0.257474452257156,4.87094937341686,58.7119230876973,13375155.0,0.0,10768.713617941845,0.0,9917182171.729923,0.0,0.0,1.0,0.0,15503635.0,0.416011724609717,0.0,0.416011724609717,4.454937648807142,639.6681921194561
CHL,Chile,2001,97.1,23.7337527422961,4.06242026416145,0.029765073210001,0.142,4.969,73.0816959622537,-0.001,15210.404,22.687,16.63925114,2.80529260635376,28.4825729751045,3.569100530014669,0.0,11.8910098561076,77.58,15.9367790320988,3.31968916729076,32.5225,0.0562807667278415,0.0510190743548726,0.511792362706909,0.0013795003553909,3.4283685087288713,0.0609999999999999,0.7869999999999999,-0.037378008359302,0.801,7.30156423972337,0.96,56.1914535588133,0.600358366966248,0.129311874508858,0.260464876890183,3.940160871435779,62.1447669687645,13565061.0,0.0,10705.777296005006,0.0,8836947973.043232,0.0,0.0,1.0,0.0,15683849.0,0.511792362706909,0.00137950035539109,0.5131718630623001,3.4283685087288704,563.4425562910758
CHL,Chile,2002,97.3,24.0462258899263,4.06503324753284,0.0300762113183737,0.1429999999999999,5.013,74.3460982791172,-0.121,15525.847,22.031,16.534981344000002,2.82405781745911,28.5180345922146,2.4893981665070513,0.0,7.758072896523739,77.84,15.7836753201839,2.82461629362167,39.3766,0.0437175691931366,0.0501709401792531,0.778077491733223,0.0,2.9185048029940575,0.0609999999999999,1.089,-0.677918721446064,0.875,4.27461224669902,0.96,56.35055914484,0.605448484420776,0.121617250144482,0.262579441070557,3.69658229472728,62.4838519016295,13734773.0,0.0,10836.125660133312,0.0,8489881876.746469,0.0,0.0,1.0,0.0,15857925.0,0.778077491733223,0.0,0.778077491733223,2.918504802994057,535.3715493512846
CHL,Chile,2003,98.8,24.8079026290911,4.09477533093825,0.0304466094821692,0.1429999999999999,5.161,75.8320621380067,-0.0399999999999999,16089.703,21.803,16.966857106,2.84294891357422,29.7153366007983,2.810178757436102,0.0,6.178778730860969,77.884,15.1937580372309,4.38038439919149,45.3566,0.0255686799154457,0.050628331823276,0.5550393113707,1.8661361328442538e-07,4.4565815975438205,0.0609999999999999,0.762,0.112419641516946,0.875,1.80102821473996,0.96,55.6800266355176,0.594696998596191,0.112086780369282,0.263890415430069,5.011620908914519,65.693419590905,13890142.0,0.0,11773.29378856193,0.0,10159016622.829624,0.0,0.0,1.0,0.0,16024752.0,0.5550393113707,1.86613613263971e-07,0.5550394979843132,4.45658159754382,633.9578062006591
CHL,Chile,2004,97.5,26.3821895357199,3.75826582540335,0.0310621839016676,0.1429999999999999,5.14,76.7499857822204,-0.1439999999999999,16986.649,22.866,17.651230265,2.8619658946991,32.7525021838824,1.054738714035171,0.0,5.12700362788107,78.276,14.2216397906642,9.08081866316417,57.2138,0.0196927049591451,0.0480418034693173,0.4137384455751589,0.0043617950941406,9.15291496668677,0.0609999999999999,0.6909999999999998,2.54862736827206,0.875,-1.7731953320846197,0.96,53.64534841734,0.582583069801331,0.101523891091347,0.247542396187782,9.56665341226193,69.8893600532458,14039859.0,0.0,13035.034033008007,0.0,17188713557.046333,0.0,0.0,1.0,0.0,16187322.0,0.413738445575159,0.00436179509414074,0.41810024066929974,9.15291496668677,1061.8627069410452
CHL,Chile,2005,97.7,27.2705976415974,3.92221193789503,0.0321212820708752,0.1429999999999999,5.238,77.634565408211,-0.188,17798.917,24.817,20.529477324,2.88111042976379,34.0353024141328,3.052576213878492,0.0,6.677879009813459,78.459,12.8191999709241,9.27535102760256,64.6505,0.0355430214805236,0.0466681498310741,0.4342171324045549,0.004529101461407,9.362091300375566,0.0609999999999999,0.8419999999999999,5.006477484206479,0.875,-0.4130274832216836,0.96,52.1481091980374,0.571969926357269,0.09488844871521,0.267597109079361,9.79630843278012,72.0625342380294,14186950.0,0.0,13700.884257131484,0.0,21765601856.49095,0.0,0.0,1.0,0.0,16348778.0,0.434217132404555,0.00452910146140704,0.43874623386596207,9.362091300375566,1331.3289749540272
CHL,Chile,2006,99.4,31.0539985650152,3.7120451436571393,0.0332786254584789,0.118,5.377,78.1133233692663,-0.1689999999999999,18685.928,26.239,20.459489668,2.90038323402405,38.684729192628,3.3920173369940514,0.0,7.999482078566061,78.533,11.6836771075447,16.8703851667569,75.4174,0.0384461522535262,0.030520000296569,0.4055349744884731,0.0039630770712312,16.943314396378227,0.0609999999999999,0.613,7.68112893117275,0.875,-3.872201043583381,0.96,48.4126070132585,0.527062952518463,0.0944598466157913,0.25595161318779,17.3488493708667,73.7116350448521,14332047.0,0.0,14696.142409832322,0.0,39380561580.90378,0.0,0.0,1.0,0.0,16509195.0,0.405534974488473,0.00396307707123133,0.4094980515597043,16.943314396378227,2385.3713994476275
CHL,Chile,2007,98.0,30.6356668974261,3.5505710887990194,0.0344804413616657,0.1169999999999999,5.494,84.0752473162029,-0.327,19449.357,27.261,21.560511304,2.91978454589844,37.4665970166252,4.407799383980439,0.0,8.67125848644778,78.652,10.6421663942592,16.5646131991133,83.7065,0.0395838125596648,0.0244412955141761,0.5204960150158782,0.0026223934594917,16.63126070064662,0.0609999999999999,0.4059999999999999,7.76958226422316,0.875,3.40902444709341,0.96,49.5481523450583,0.528770387172699,0.103400401771069,0.259587407112122,17.1517567156625,76.9770247140928,14478352.0,0.0,16220.529644904766,0.0,42833296537.13483,0.0,0.0,1.0,0.0,16671581.0,0.520496015015878,0.00262239345949179,0.5231184084753698,16.63126070064662,2569.2402260550352
CHL,Chile,2008,98.2,26.3839227699044,3.4244322613297804,0.0357838310301304,0.1169999999999999,5.617,100.172568090545,-0.335,19968.979,25.722,24.67581004,2.93931579589844,31.9839914243068,8.71626873039607,0.0,13.261771366415,78.752,9.97400639751951,13.0984754101501,87.871,0.0413250084352478,0.0394143420844663,0.6287065533020931,0.0175180315601789,13.196732792230009,0.0609999999999999,0.432,3.5727906533876705,0.875,12.910470199151,0.961,54.4485312368393,0.569259345531464,0.117718927562237,0.339878559112549,13.8254393455321,80.6766262406468,14629136.0,0.0,16312.976518357023,0.0,40358736683.5908,0.0,0.0,1.0,0.0,16838988.0,0.628706553302093,0.017518031560179,0.646224584862272,13.196732792230007,2396.743597868874
CHL,Chile,2009,99.6,26.3313207934354,3.69712695588486,0.0366763025522232,0.118,5.687,102.687075908392,-0.386,19531.285,20.717,21.724633147,2.95897746086121,31.8892011542261,0.35304517836094,0.0,7.25063476884463,78.89,10.261159884544,8.12539086996139,96.7107,0.0505988665683243,0.0241963153528494,0.5877151340823968,0.0041393143410706,8.204325366223632,0.0609999999999999,0.603,-4.45859507830564,0.875,3.54597211267265,0.961,55.5112499818484,0.566151082515717,0.144360840320587,0.249978959560394,8.79204050030603,66.6860309631418,14783581.0,0.0,16234.675304604356,0.0,31801610444.998535,0.0,0.0,1.0,0.0,17009731.0,0.587715134082397,0.00413931434107068,0.5918544484234677,8.204325366223632,1869.6127790027094
CHL,Chile,2010,99.5,28.2509709544453,3.4782846318978606,0.0376171432435513,0.1169999999999999,5.76,99.4755906592451,-0.329,20452.653,23.104,23.219866222,2.97877097129822,33.4669030156191,1.4107110795432083,0.0,4.7548268051870295,79.095,9.88717399049902,11.317663311545,115.54500000000002,0.0282523464279478,0.0177167005915155,0.6164954955964121,0.0080349820593617,11.371667340623889,0.068,0.6799999999999999,-0.3124183220660861,0.875,-3.7687958012820104,0.961,53.8127811770917,0.562360465526581,0.15099124610424,0.270253241062164,11.9881628362203,69.7176801370338,14940316.0,0.0,17272.99467854997,0.0,45467094162.36887,0.0,0.0,1.0,0.0,17181464.0,0.616495495596412,0.00803498205936179,0.6245304776557739,11.371667340623887,2646.287543504376
CHL,Chile,2011,99.6,24.0723268535468,3.62618323583881,0.0392434224486351,0.1159999999999999,5.888,101.863485350982,-0.252,21486.074,24.313,25.416469455,2.9968798160553,32.4417542348483,3.341216942593018,0.0,9.03015252269429,79.236,9.90905378555266,11.524686737595,128.605,0.0440500118610045,0.0202996901928589,0.5660218534621642,0.0094602506274595,11.598496690276336,0.068,0.453,1.5237224784327,0.875,5.58745776542778,0.961,54.3697640865635,0.566571354866028,0.162292122840881,0.281995356082916,12.1645185437385,72.4816428077334,15097974.0,0.0,18140.14896899282,0.0,52600410364.61281,0.0,0.0,1.0,0.0,17351816.0,0.566021853462164,0.00946025062745968,0.5754821040896237,11.598496690276336,3031.4066472703958
CHL,Chile,2012,100.0,24.8280493934352,3.274933539617519,0.0410503335297108,0.1079999999999999,6.092,104.266686517932,-0.356,22561.049,23.772,26.855925752,3.01509833335876,30.5583003272184,3.0074484021304713,0.0,10.0572624433615,79.221,9.82773286927817,8.457771397738048,136.656,0.0362681843736354,0.0339242699071746,0.5196918873316358,0.0067706336813819,8.534734485700245,0.068,0.331,0.791910246705568,0.875,9.22337834222408,0.961,56.2982132532287,0.556037068367004,0.15963314473629,0.302271455526352,9.05442637303188,68.156142891334,15256086.0,0.0,18555.51057276258,0.0,49864027218.83352,0.0,0.0,1.0,0.0,17519119.0,0.519691887331636,0.00677063368138203,0.5264625210130179,8.534734485700245,2846.2634005073837
CHL,Chile,2013,99.6,23.722920031041,3.4733753278992605,0.0422637388110161,0.12,6.058,106.039690607085,-0.289,23084.61,22.643,26.667011884999997,3.03342795372009,29.4304373078105,1.7895555398458995,0.0,9.26187678192101,79.551,9.98503250354271,7.000310674901421,133.778,0.0300928851237096,0.037141922785679,0.573829483564454,0.0209492686777564,7.0884947514885654,0.0759999999999999,0.3639999999999999,-0.3893281168175539,0.875,6.84632643680273,0.958,57.2209852364053,0.593325138092041,0.158275276422501,0.279147356748581,7.6623242350530205,65.1432879523879,15420023.0,0.0,19913.640647580472,0.0,48389222523.32597,0.0,0.0,1.0,0.0,17687006.0,0.573829483564454,0.0209492686777565,0.5947787522422104,7.088494751488566,2735.8628432266023
CHL,Chile,2014,100.0,22.6864410952458,3.9466206299946194,0.0427651293575764,0.138,6.119,109.059262772581,-0.386,23266.306,22.356,24.937457124,3.05186891555786,28.9028670653185,4.718675278546719,0.0,8.09805824839012,79.714,9.9204651623778,6.159700967771871,132.56,0.0237423341784095,0.0299545823134526,0.640187552028643,0.0242195938381422,6.2376174781018765,0.0759999999999999,0.448,-1.3523951272118302,0.875,2.12102531001641,0.958,57.1528758804213,0.593541622161865,0.166779264807701,0.250608861446381,6.877805030130521,65.6346281218887,15597831.0,0.0,20798.368385185775,0.0,45220818934.422104,0.0,0.0,1.0,0.0,17864195.0,0.640187552028643,0.0242195938381422,0.6644071458667852,6.237617478101877,2531.3661731985185
CHL,Chile,2015,99.7,23.3058209357631,3.7094042753649,0.0428218133747578,0.138,6.106,110.121398406265,-0.366,23523.903,22.939,24.305131871,3.07042193412781,27.8806404106495,4.348773532170441,0.0,5.514927322914019,80.008,10.3988647875082,3.28771652306778,128.584,0.0163761783716804,0.0070217503844229,0.718286897682067,0.0152173546318031,3.326331806455693,0.0849999999999999,0.425,-1.8713092541589296,0.875,0.5341005017346339,0.95,58.3447093583013,0.584815323352814,0.174327284097672,0.260645896196365,4.044618704137761,59.3491104775309,15785415.0,0.0,20811.21824977643,0.0,36625105085.81443,0.0,0.0,1.0,0.0,18047625.0,0.718286897682067,0.0152173546318032,0.7335042523138702,3.3263318064556944,2029.3587153885583
CHL,Chile,2016,100.0,21.6913344929065,4.199089371291961,0.0426662340760231,0.134,6.086,111.31220923273,-0.398,23678.408,22.706,23.576720176,3.08908796310425,26.7795650481896,3.7861935589311817,0.0,5.588396577252059,80.295,9.70592487599938,2.42915567711849,127.565,0.0081846580803659,0.0071656778225488,0.747814491215409,0.0133752190489627,2.45788123207036,0.0849999999999999,0.4019999999999999,-2.37735539354677,0.875,0.9829132480216218,0.95,58.9826363326027,0.581595659255981,0.183284983038902,0.249159440398216,3.2056957232857695,56.0578610877723,16007681.0,0.0,20586.96069913079,0.0,31740452404.658485,0.0,0.0,1.0,0.0,18267221.0,0.747814491215409,0.0133752190489627,0.7611897102643717,2.4578812320703607,1737.5632782161274
CHL,Chile,2017,99.7,20.6443062053205,4.28097161377037,0.0424395613372326,0.126,6.037,113.584914657417,-0.421,23671.478,22.865,22.57822005,3.10786700248718,27.3811560671383,2.1827184686851915,0.0,4.552855078890719,80.61,9.16084501940209,4.40604754508335,124.001,0.0100470032058539,0.0083333916899714,0.862586901472617,0.0156030837579443,4.440031023737124,0.0739999999999999,0.4059999999999999,-2.26749310335288,0.875,-0.2626553051844027,0.95,58.2768071532191,0.573927462100983,0.182157337665558,0.252487003803253,5.30261792520974,56.0261589675707,16294692.0,0.0,20966.228634884137,0.0,38554458705.47213,0.0,0.0,1.0,0.0,18558868.0,0.862586901472617,0.0156030837579444,0.8781899852305614,4.440031023737123,2077.4143501355866
CHL,Chile,2018,100.0,20.4425480725529,3.927435924611229,0.0423488058149815,0.0909999999999999,6.196,118.194230900802,-0.358,24179.863,24.133,22.773279153,3.12676072120667,27.8615227739821,2.434889813530571,0.0,4.178019250255609,80.559,9.60421381916072,4.99157894253016,133.27,0.0228131047345745,0.0122096396579944,0.794710492382897,0.0157650827101819,5.042366769632913,0.057,0.413,-1.1119194500230605,0.875,2.54731216179179,0.946,58.0012686596891,0.573314249515533,0.191314771771431,0.260097324848175,5.837077262015811,58.177050633437,16618838.0,0.0,21419.839521196416,0.0,42636637452.95171,0.0,0.0,1.0,0.0,18893191.0,0.794710492382897,0.015765082710182,0.810475575093079,5.042366769632913,2256.71975967171
CHL,Chile,2019,100.0,20.5700739112286,3.9878121713790007,0.0423667579889298,0.0909999999999999,6.46,124.875809607498,-0.413,23880.123,23.767,23.480889492,3.14576888084412,27.1184422429165,2.55754475703327,0.0,4.178019250255609,80.324,8.96909548434668,1.75323566107489,130.493,0.0313384615447607,0.0113846116949503,0.765194809303828,0.0077391169052193,1.8036978512198216,0.056,-0.016,-2.3800622049254896,0.913,2.54731216179179,0.941,58.8831754600692,0.585412561893463,0.191794812679291,0.249209716916084,2.56889266052365,57.6117545680829,16918467.0,0.0,21292.128763101133,0.0,39863010588.03781,0.0,0.0,1.0,0.0,19197744.0,0.765194809303828,0.00773911690521945,0.7729339262090474,1.8036978512198218,2076.442450114858
CMR,Cameroon,1995,36.1477737426758,20.7317430684007,19.1448537215648,0.0424405746161938,0.894,13.589,6.84825406635548,-1.083,2711.0840000000007,14.78085131274777,10.444253797620531,1.63064682483673,28.8844375605838,9.06969071921509,0.0,24.9202752269857,53.347,16.6691655018677,0.010297915241149,0.0211934209999995,0.0,3.7645468556202,5.20894858318727,0.0,3.77484477086136,0.928,-0.956,7.590989365207869,0.741,15.63895469280798,0.1069999999999999,45.9120544140405,0.738269984722138,0.107617676258087,0.108227707445621,8.98379335404863,36.682272663701,5662890.0,51150121.29999995,188.08379932312653,0.0,842792281.709559,0.0,1.0,0.0,0.0,13058516.0,5.20894858318727,0.0,5.20894858318727,3.7748447708613604,64.5396675785793
CMR,Cameroon,1996,37.2933235168457,17.3070824641664,18.32231925338,0.0432418808341026,0.882,13.588,6.799911553297214,-1.35,2766.781000000001,14.850270450221537,10.253734197,1.65355229377747,29.826629188602,3.924063727497981,0.0,24.916825895557796,53.2,16.0131698127636,0.0323695377209902,0.025782073000002,0.0,4.21594793357001,4.94548169171463,0.0,4.248317471291001,0.921,-0.956,3.0510742385771197,0.741,15.653684392836974,0.1059999999999999,45.107647324355,0.7778599858284,0.103926226496696,0.111936561763287,9.19379916300563,45.1156121020442,5899405.000000002,72056177.0,195.113248186946,0.0,997704403.5567704,0.0,1.0,0.0,0.0,13414757.0,4.94548169171463,0.0,4.94548169171463,4.248317471291001,74.3736471377581
CMR,Cameroon,1997,38.435474395752,18.5280590117948,18.9678877806491,0.044670756906271,0.887,13.557,5.5281667823991505,-1.157,2834.4480000000003,14.861882592873364,10.667354265484168,1.6767795085907,28.407483771746,4.78623881860376,0.0,24.91381724051852,53.105,15.7385124691562,0.0202518036215724,0.0301265719999932,0.0,4.60078884361968,4.28866921326037,0.0,4.62104064724125,0.921,-0.8705,7.322537647046845,0.741,15.662150902538492,0.1069999999999999,45.3112612711672,0.756834447383881,0.0998696759343146,0.118481859564781,8.90970986050162,48.4696352704455,6139836.000000002,92982211.69999991,217.81477921031427,0.0,1052393040.8560296,0.0,1.0,0.0,0.0,13775214.0,4.28866921326037,0.0,4.28866921326037,4.62104064724125,76.39758197992639
CMR,Cameroon,1998,40.7,18.1029031939566,19.001000498789,0.0464258417487145,0.89,13.532,6.433485295997762,-1.88,2892.222,14.797393506483662,11.12880245538999,1.70033299922943,27.5442174044136,3.1707518538690707,0.0,23.38298706844945,53.043,15.3640978595003,0.0154146966487109,0.034929378000001,0.0,2.0516754025479997,3.4482274165086295,0.0,2.06709009919671,0.921,-0.785,2.985795897812189,0.741,13.347300325187502,0.1039999999999999,45.5692727876606,0.778103888034821,0.106256917119026,0.120748862624168,5.515317515705341,42.2946538344074,6386187.0,156201219.79999995,188.3697348912168,0.0,622530807.6218807,0.0,1.0,0.0,0.0,14144860.0,3.44822741650863,0.0,3.44822741650863,2.067090099196711,44.01109714920336
CMR,Cameroon,1999,40.7067756652832,17.2076561265561,18.9787903350983,0.0473372973501682,0.89,13.424,6.763599693877261,-1.704,2927.7350000000024,14.778669484721805,11.348306416,1.72049605846405,27.4605534316155,1.8717450067200792,0.0,24.638554723333016,53.166,15.4327495727127,0.0107622058372602,0.0408191779999995,0.0,2.7393088165396993,2.40117631877157,0.0,2.750071022376959,0.921,-0.6745,2.9579815012318624,0.741,15.047228790447972,0.1039999999999999,45.6788784946962,0.776348173618317,0.1065537706017489,0.122441150248051,5.15124734114853,37.2383798464814,6638943.0,229367825.80000007,187.107212731668,0.0,771620240.7415893,0.0,1.0,0.0,0.0,14525140.0,2.40117631877157,0.0,2.40117631877157,2.7500710223769596,53.12308457898439
CMR,Cameroon,2000,41.0,15.2395106888265,18.1177424642566,0.0477035231888294,0.875,13.275,7.248347709787041,-1.482,2943.7610000000004,16.119,11.694396252,1.73868060112,28.4827009917297,1.2271901297613184,0.0,24.638798387921284,53.338,14.7402693384168,0.0193819949111035,0.6925609999999907,0.0,5.65350106318017,2.6628651167721,0.0,5.672883058091271,0.921,-0.564,3.0860059718090156,0.794,15.025103306865727,0.1039999999999999,45.0294526824351,0.767184674739838,0.104443475604057,0.125657588243485,8.33574817486337,47.9279442460149,6896344.0,267051729.9,177.03769943593875,0.0,1085769328.561581,0.0,1.0,0.0,0.0,14912631.0,2.6628651167721,0.0,2.6628651167721,5.672883058091271,72.8087034783856
CMR,Cameroon,2001,46.2,12.98333406833,18.6209582669445,0.048583272844553,0.875,13.071,7.840749159026238,-1.55,2963.282000000001,15.463,14.089884997,1.75137519836426,26.1843316001578,4.419772458811458,0.0,24.62567638073818,53.598,14.5294467948212,0.0184512221716903,2.7257299999999987,0.0,3.597171992046751,2.06877215422552,0.0,3.6156232142184503,0.921,-0.6205,3.4441462564780103,0.794,15.020448871967597,0.1039999999999999,46.4356337030915,0.771234095096588,0.111413955688477,0.131827354431152,5.684395368443969,51.5722691890366,7159139.0,274498234.1,163.4952817082998,0.0,855421421.3778911,0.0,1.0,0.0,0.0,15309490.0,2.06877215422552,0.0,2.06877215422552,3.615623214218449,55.87523956564791
CMR,Cameroon,2002,44.0,12.5975780363133,18.2716803952334,0.0497106797993183,0.876,12.849,8.063339602144879,-1.232,3025.5,15.369,14.059786708,1.7641624212265,27.4755881959079,2.8344226012806715,0.0,23.372956193652676,53.922,15.5306950238032,0.0209055571751342,4.460940000000001,0.0,3.0528410793473704,2.20608144806868,0.0,3.0737466365225004,0.921,-0.677,3.8330689515871104,0.794,14.830031705077936,0.1039999999999999,45.9507243180747,0.772201955318451,0.109213933348656,0.143958404660225,5.2798280845911805,48.4817227279603,7431715.0,340237010.0,141.53736398066076,0.0,774879753.7619703,0.0,1.0,0.0,0.0,15725528.0,2.20608144806868,0.0,2.20608144806868,3.0737466365225004,49.275277355518384
CMR,Cameroon,2003,45.1,14.6750300188421,17.473784234889,0.0501528158783913,0.876,12.645,8.238549709599042,-1.268,3092.7869999999984,13.723999999999998,12.635101643,1.77704298496246,28.4233912786935,0.6231635573743155,0.0,20.468263826197056,54.253,15.5805470862548,0.0082439263845572,6.664459999999998,0.0,2.3167639515435496,2.75767262898529,0.0,2.32500787792811,0.921,-0.429,2.51005691533748,0.794,11.63000291664526,0.1039999999999999,45.9000169949749,0.770385146141052,0.114735201001167,0.129500985145569,5.0826805069134,40.2431925894529,7713743.0,383479225.6,147.2938506849315,0.0,833761578.125,0.0,1.0,0.0,0.0,16160340.0,2.75767262898529,0.0,2.75767262898529,2.32500787792811,51.59307156439778
CMR,Cameroon,2004,47.1,17.2879256715259,17.5609527218813,0.0504548996686935,0.859,12.445,7.79541952361572,-1.609,3208.1630000000005,12.953,13.06360872015772,1.79001760482788,27.6768854698155,0.233647380067584,0.0,21.4485982979246,54.578,15.410790288914,0.0100498206680563,9.216270000000002,0.0,2.7593944589045805,1.96234360721904,0.0,2.76944427957263,0.921,-0.359,1.19458746449417,0.794,14.228370335810624,0.1039999999999999,48.1104019430089,0.753212630748749,0.11341305077076,0.140587717294693,4.73178788679167,41.8377424272557,8003379.0,371406379.2999999,176.55329943593875,0.0,1411481323.5294118,0.0,1.0,0.0,0.0,16610487.0,1.96234360721904,0.0,1.96234360721904,2.76944427957263,84.9753124956187
CMR,Cameroon,2005,47.2,17.3040230714456,16.734176851979,0.0508788153529167,0.797,12.238,8.402862425801551,-1.476,3160.4190000000017,15.456,12.866743003299227,1.80308699607849,27.9657412557505,2.013539501759862,0.0,18.597140475707352,54.904,15.026144152072,0.0149995961676798,13.1922,0.0021223957771239,5.28439433394488,2.09014934045751,0.0,5.301516325889679,0.921,-0.182,4.28445077053617,0.794,11.27963175367866,0.101,48.1626860371302,0.744303286075592,0.114410258829594,0.135853230953217,7.3916656663471905,44.9976813478478,8295484.0,306983756.0,171.00978614020954,0.0,1836607528.4962227,0.0,1.0,0.0,0.0,17074594.0,2.09014934045751,0.0,2.09014934045751,5.301516325889681,107.56375984671863
CMR,Cameroon,2006,49.0,19.5562776261121,15.6250817945247,0.0508968383073807,0.797,11.978,8.12353298418805,-1.255,3183.780999999999,40.718,12.822147988,1.81625187397003,28.704565046287,5.1175781601946895,0.0,17.93675962780039,55.301,15.1145771495117,0.0391151411191539,17.8682,0.0058555994931319,6.18342969188823,2.31550757582177,0.0,6.228400432500521,0.936,-0.245,29.011641787545205,0.794,9.116742326426518,0.101,47.9296207330584,0.739020228385925,0.11298343539238,0.13270477950573,8.54390800832229,47.1044341803567,8635576.0,44774855.399999976,177.03879500402903,0.0,2310246022.0588236,0.0,1.0,0.0,0.0,17550407.0,2.31550757582177,0.0,2.31550757582177,6.2284004325005204,131.63489724533588
CMR,Cameroon,2007,48.2,19.2898567572639,15.8575319059376,0.0513725839555264,0.83,11.703,8.28508670414223,-0.805,3224.6730000000007,17.336,12.296330677,1.82951271533966,27.1251768898711,0.9214022456500928,0.0,16.726588011616073,55.71,15.2099676527559,0.0390110756046047,25.1303,0.0049330640108034,6.03958891829607,2.89838869243946,0.0,6.08353305791147,0.936,-0.326,4.31383504250279,0.794,7.709878583842883,0.099,49.1015543996337,0.730470180511475,0.119944505393505,0.139079615473747,8.98192175035093,53.2156908605178,8971286.0,55407673.599999905,174.49777969379534,0.0,2509791674.2329855,0.0,1.0,0.0,0.0,18049896.0,2.89838869243946,0.0,2.89838869243946,6.0835330579114695,139.04743131112699
CMR,Cameroon,2008,50.599999999999994,17.7823312431331,16.0011918854665,0.0525304228067398,0.87,11.435,9.23971527903247,-1.09,3226.8230000000003,17.912,14.485160954,1.84287047386169,27.6000470998579,5.33780627627498,0.0,17.355497205453656,56.116,14.3056947684094,0.0441662425191704,33.1693,0.0052768354804251,7.12107584128101,2.90640886427401,0.0,7.170518919280591,0.936,-0.552,2.30087727768729,0.794,11.649906081032976,0.101,49.5994999231808,0.743211627006531,0.123692862689495,0.149457991123199,10.0769277835546,56.9244171562734,9302971.0,62169301.899999976,177.62429057211926,0.0,3274775021.171895,0.0,1.0,0.0,0.0,18574056.0,2.90640886427401,0.0,2.90640886427401,7.170518919280591,176.30909593316048
CMR,Cameroon,2009,51.7,16.2072805332805,16.3871903453991,0.0534284301102161,0.87,11.174,9.643957385170452,-1.017,3221.4420000000027,14.661,14.295502206,1.85632574558258,26.5112531811637,3.0436184793999885,0.0,16.644114916669853,56.486,14.8792991867479,0.0619603414591365,41.8758,0.0044795666249974,3.18641938368574,2.57099509308329,0.0,3.2528592917698695,0.936,-0.475,0.2072468817378859,0.794,7.707255414408308,0.101,50.6233092722091,0.756431818008423,0.126665025949478,0.143209606409073,5.82385438485316,42.1761073594765,9647093.0,452571505.1,147.53726398066078,0.0,1793691175.3080685,0.0,1.0,0.0,0.0,19113974.0,2.57099509308329,0.0,2.57099509308329,3.25285929176987,93.84187586046045
CMR,Cameroon,2010,52.8,15.4465925711388,17.2697108767217,0.053558211773634,0.87,10.86,10.777937424221696,-0.931,3226.116,14.254,14.515205806,1.86987924575806,25.8445117305141,1.2753804624233815,0.0,13.01310176106307,56.965,14.5199737898429,0.0721667406406687,43.9121,0.0529414980109188,4.14191421736693,2.6533964056878,0.0,4.267022456018509,0.936,-0.737,-0.6930597076824061,0.794,8.419024547875946,0.101,50.6327279323192,0.745822966098785,0.129427045583725,0.149314910173416,6.92041886170631,47.2385853965951,10001311.0,444586426.5,140.464741821112,0.0,2024903143.455012,0.0,1.0,0.0,0.0,19668066.0,2.6533964056878,0.0,2.6533964056878,4.267022456018509,102.9538513575769
CMR,Cameroon,2011,53.7,15.6763582768318,16.6973907363193,0.0534471720457077,0.87,10.52,12.326365070491498,-0.669,3248.2649999999994,15.588,15.329852147,1.87274312973022,25.7767597299444,2.9396994630509106,0.0,16.702756092405288,57.482,15.1890862079643,0.107504320036144,51.831,0.0499405758455568,5.25804310748538,2.74867808069788,0.0,5.415488003367079,0.933,-0.662,-1.94940662436417,0.794,7.732424855251487,0.105,51.7703818821919,0.741048395633698,0.128244161605835,0.152361467480659,8.16416608406496,51.521987603918,10363590.0,441991737.5,133.464741821112,0.0,2776478767.2838116,0.0,1.0,0.0,0.0,20232304.0,2.74867808069788,0.0,2.74867808069788,5.415488003367079,137.22998464652426
CMR,Cameroon,2012,55.2,15.3410289312325,16.6572401682217,0.0532555393874645,0.853,10.105,12.412020010814302,-0.9220000000000002,3303.246000000001,15.756,15.07746797,1.8756115436554,26.624872181086,2.7352967752953887,0.0,16.789308817642304,58.17,15.532770064592,0.0957864454228019,62.9907,0.0951680418324432,5.26170344833076,2.95315623920906,0.0,5.452657935586,0.935,-0.589,-1.0631012036271603,0.794,11.375931063501316,0.1029999999999999,50.7616920668838,0.739338755607605,0.124980680644512,0.141943320631981,8.405814174795061,50.0360127271229,10735368.0,440023024.6,115.03484367445608,0.0,2705184255.5146976,0.0,1.0,0.0,0.0,20809529.0,2.95315623920906,0.0,2.95315623920906,5.452657935586002,129.99738031142837
CMR,Cameroon,2013,56.3,15.6079028942012,16.7236611922507,0.0527341924607754,0.866,9.758,12.961137492878102,-0.934,3374.99,15.653,15.078368845,1.87848424911499,26.7419459294765,2.050347180017411,0.0,16.778975994642785,58.73,15.2287357474586,0.0615594112069461,73.1912,0.0,4.19597685270569,3.07549256097324,0.0,4.25753626391263,0.941,-0.532,-3.20673103944051,0.797,11.455779637865476,0.1,50.3174153036428,0.73697566986084,0.130480363965034,0.143612623214722,7.33302882488587,49.6745363462134,11118012.0,437231729.7999999,143.47803464947623,0.0,2870073776.912339,0.0,1.0,0.0,0.0,21402376.0,3.07549256097324,0.0,3.07549256097324,4.25753626391263,134.10070811354493
CMR,Cameroon,2014,56.8,16.4372234858664,16.8258381780095,0.0524136759340763,0.858,9.477,13.7278364272632,-0.747,3474.884,15.975,16.018959639000002,1.8813613653183,25.7078027839026,1.8548985036677692,0.0,20.453861112852895,59.13,14.5140212331135,0.0436954410837231,77.24,0.122306805074881,3.6783562865868498,3.19154878025812,0.0,3.84435853274546,0.941,-1.059,-3.7024069911320296,0.797,13.461640586715658,0.1,50.4278201457651,0.743341863155365,0.133567601442337,0.150412663817406,7.03590731300358,50.8323893087648,11537190.0,406346345.6,170.5594206285254,0.0,2989715076.7263417,0.0,1.0,0.0,0.0,22059893.0,3.19154878025812,0.0,3.19154878025812,3.8443585327454604,135.52717942586312
CMR,Cameroon,2015,58.6,14.5125419384521,17.2094159041593,0.0521371252834797,0.858,9.2,14.1903930856487,-0.738,3572.366,15.823,15.419441095,1.88424289226532,25.0914880063978,2.676235314199001,0.0,20.416955202772165,59.687,14.3500581853268,0.0446758359983916,79.7801,0.109547491948903,1.89664344480798,3.5847666268407306,0.0,2.0508667727552794,0.941,-0.99,-3.8786400172653,0.797,13.373422633345408,0.1,49.5603216890022,0.744859576225281,0.137881472706795,0.135646924376488,5.63563339959601,45.5401468279393,11983591.0,357776235.0000001,171.6369754995971,0.0,2013591879.185072,0.0,1.0,0.0,0.0,22763414.0,3.58476662684073,0.0,3.58476662684073,2.05086677275528,88.45737634895504
CMR,Cameroon,2016,59.8,16.7310797641308,17.1926623891151,0.0516240037977695,0.88,8.908,14.370664048515202,-1.079,3634.3809999999994,14.303,15.439116114,1.88712894916534,24.1821445706245,0.8741903832888553,0.0,20.527956371757703,60.293,13.8415343692757,0.0547069367728854,79.8046,0.075259562096555,1.5554694012643395,3.68193626512652,0.0,1.6854359001337702,0.949,-1.061,-5.15867253175701,0.797,13.587532239152518,0.084,50.4664605241712,0.721149265766144,0.138514325022697,0.144684076309204,5.36737216526029,40.6386315268268,12426367.0,318199294.5,169.01867253988718,0.0,1627414360.6806552,0.0,1.0,0.0,0.0,23454161.0,3.68193626512652,0.0,3.68193626512652,1.6854359001337702,69.38702095038298
CMR,Cameroon,2017,60.9,16.5957375959735,16.6929418227731,0.0507333986461163,0.908,8.65,14.0633461453046,-1.01,3665.118,14.503,15.505036985,1.89001929759979,24.2621952863109,0.6404091498819504,0.0,20.563133213442843,60.817,13.7129455296811,0.0415320830954526,83.4503,0.0955529946977522,2.19707562839754,3.74936570139859,0.0,2.334160706190751,0.934,-1.092,-3.8945387034361394,0.786,13.571055807729564,0.084,50.3626877993823,0.725232183933258,0.139322564005852,0.148648455739021,6.083526407589339,39.1990216052629,12863323.0,602413053.0,158.7796009935536,0.0,1691337727.9411771,0.0,1.0,0.0,0.0,24128601.0,3.74936570139859,0.0,3.74936570139859,2.3341607061907492,70.09680038810278
CMR,Cameroon,2018,62.2,16.0026506936533,16.4988006978593,0.0496206395328045,0.91,8.431,14.682077628989802,-1.311,3714.217000000001,15.545,16.467208841,1.89291405677795,24.6822312095632,1.068858113129199,0.0,22.54696247981218,61.189,13.6850154316949,0.0,74.3995,0.3568135209778369,2.784301336977931,2.96352500460885,0.0,3.1411148579557704,0.947,-1.402,-1.51345415037539,0.773,13.992121806153518,0.078,50.4464488185533,0.723495244979858,0.145494803786278,0.144597724080086,6.104639862564621,40.587602877028,13304652.0,714177033.9,156.68283094117646,0.0,2005200260.8448524,0.0,1.0,0.0,0.0,24806383.0,2.96352500460885,0.0,2.96352500460885,3.1411148579557713,80.83404423953515
CMR,Cameroon,2019,63.2,14.711625507849,16.8022835644401,0.048637505620718,0.853,8.163,14.0910928751244,-1.3460000000000003,3743.317000000001,15.421,16.677158238,1.89581322669983,23.826878053897,2.4528021406273197,0.0,22.486644528582097,61.695,12.8257802062343,0.0,83.9044,0.49071048227931,2.4226939758896595,2.64243978469301,0.0,2.9134044581689693,0.949,-1.562,-2.2473243107174596,0.812,14.717999107903356,0.076,51.0268734763051,0.731020987033844,0.14861074090004,0.135897740721703,5.55584424286198,43.3785132480415,13760230.0,760370154.8,140.33276265108785,0.0,1790814053.1998365,0.0,1.0,0.0,0.0,25506095.0,2.64243978469301,0.0,2.64243978469301,2.9134044581689698,70.21122022794303
COD,"Congo, Dem. Rep.",1995,10.070915792780028,10.92007069972598,56.5439892558885,0.0200464073568583,0.86,15.799,1.0631201412233082,-1.348,1092.6979999999985,1.6110000000000042,3.927492273,1.47929739952087,16.8640069743894,541.908883239027,,51.69321430010636,50.381,8.83855851534866,0.365253823097639,0.019636927999997,0.0,1.8044047302603603,34.1224825084171,0.0,2.1696585533579977,0.914,-2.683,-0.4658318106737169,0.143,23.902498576268684,0.0499999999999999,25.7919973119541,0.752921402454376,0.184075117111206,0.0674519762396812,36.2921410617751,52.2085314177979,14421479.0,485145744.9,75.77509824365244,0.0,454114018.9297703,0.0,0.0,1.0,0.0,44433704.0,34.1224825084171,0.0,34.1224825084171,2.1696585533579977,10.220035199626173
COD,"Congo, Dem. Rep.",1996,10.130955729252191,10.73550223335361,33.2619815378394,0.0194078497588635,0.86,16.522,1.0057466578683574,-1.335,1041.9590000000007,1.6110000000000042,3.5594184197945467,1.49378287792206,32.3539577528642,492.441850235414,,51.63672570766514,49.376,8.83855851534866,0.3013688823185909,0.0163196069999997,0.0,2.1951525821480296,33.8025119477485,0.0,2.496521464466703,0.914,-2.683,-0.4658318106737169,0.143,23.997652699678856,0.0479999999999999,33.5209202292819,0.816373348236084,0.169957146048546,0.066181555390358,36.2990334122152,60.3162567434145,14914320.0,433202714.2000001,80.03348928609967,0.0,499767552.28293425,0.0,0.0,1.0,0.0,45296124.0,33.8025119477485,0.0,33.8025119477485,2.496521464466703,11.033340342386342
COD,"Congo, Dem. Rep.",1997,9.06901829914986,10.89835787704298,47.50000059375,0.0190014000982046,0.82,15.744,0.9483731745134136,-1.506,915.7129999999996,1.455999999999996,3.3306847348807693,1.50841009616852,21.250000265625,198.516707416463,,51.572152896487054,50.461,6.250000078125,0.1968923165026759,0.0198562329999987,0.0,1.8203081208373997,30.2106070604445,0.0,2.0172004373401045,0.914,-2.7655,-0.4658318106737169,0.143,23.77612264659209,0.0379999999999999,29.9262491240781,0.740145742893219,0.199129030108452,0.0649604126811027,32.2278074977846,33.750000421875,15376899.0,406479090.4,77.92551815853776,0.0,502396465.6060329,0.0,0.0,1.0,0.0,46029902.0,30.2106070604445,0.0,30.2106070604445,2.0172004373401045,10.91456735245782
COD,"Congo, Dem. Rep.",1998,9.890017107934256,10.89483189150773,46.4999674321061,0.0187696423381567,0.741,15.864999999999998,0.8909996911584628,-1.804,862.9689999999991,1.2360000000000009,3.360593624322073,1.52318060398102,20.4456503112709,29.1488069236652,,51.633968237097,49.664,5.94300249194689,0.2124482927209359,0.0217886169999985,0.0,0.797078595749003,31.1733732242195,0.0,1.0095268884700026,0.937,-2.848,-0.6389645717729999,0.143,23.798113715880973,0.0449999999999999,30.9862944672749,0.85365504026413,0.124040126800537,0.0641648545861243,32.1829001126895,62.6793067265869,16031907.0,423415751.4,75.35001396265284,0.0,452241462.2496109,0.0,0.0,1.0,0.0,47297600.0,31.1733732242195,0.0,31.1733732242195,1.0095268884700026,9.561615436081555
COD,"Congo, Dem. Rep.",1999,8.631733515757887,11.653711675957318,52.3661649268665,0.0183860044926404,0.741,15.576999999999998,0.9132144772050096,-1.529,813.8770000000004,0.7989999999999995,3.742534032770912,1.53809583187103,18.7144488639215,284.894975914087,,51.588828293580434,50.089,5.01459736098321,0.35166289490923,0.0254090660000088,0.0,1.7397570661530093,26.4051588261966,0.0,2.0914199610622006,0.937,-2.661,-0.8625414111807459,0.143,23.67375577590079,0.0529999999999999,28.2944718563066,0.772602081298828,0.0994890555739403,0.0821458026766777,28.4965787872588,41.1776608191529,16823215.0,530252755.0,297.7528262061101,0.0,1986824372.4022367,0.0,1.0,0.0,0.0,48912971.0,26.4051588261966,0.0,26.4051588261966,2.0914199610622006,40.619580691637736
COD,"Congo, Dem. Rep.",2000,6.700000000000003,16.339479603565223,31.972358265241503,0.0179393030703068,0.741,14.619,0.7762527244485682,-0.978,725.884,0.637000000000004,3.5759190764038973,1.55315709114075,22.405706302713696,513.906843747535,,18.921473047607297,51.887,9.90831810404657,0.0774613162726292,0.0296986000000103,0.0,0.862629545247728,6.57116959913481,0.0,0.9400908615203604,0.937,-2.474,-1.3772605618282203,0.143,14.388348277212032,0.081,44.5134186173392,0.864687442779541,0.0990721583366393,0.0974666327238083,7.511260460655169,27.0144029227569,17627539.0,503350614.5,319.1132603848429,0.0,3239216909.8796444,0.0,1.0,0.0,0.0,50507442.0,6.57116959913481,0.0,6.57116959913481,0.9400908615203596,64.13345799376742
COD,"Congo, Dem. Rep.",2001,7.099999999999994,9.289805384392306,32.8709040200447,0.0175753328949213,0.741,14.382,0.5439040711067733,-1.47,690.5149999999994,2.984999999999999,3.933154482687246,1.56119608879089,30.0162665475473,359.936614264586,,44.560433652798345,52.205,19.8076885846759,0.1158033212355489,0.2877280000000084,0.0,1.71728779678104,16.5869183715486,0.0,1.8330911180166003,0.937,-2.225,-0.251620578903035,0.143,23.69198982618032,0.081,34.5450001204126,0.849385976791382,0.0660252049565315,0.105511121451855,18.4200094895652,25.041937513839105,18462960.0,485509987.5,321.3006251194939,0.0,2748736954.487285,0.0,1.0,0.0,0.0,52132646.0,16.5869183715486,0.0,16.5869183715486,1.8330911180166005,52.72582854296874
COD,"Congo, Dem. Rep.",2002,7.700000000000003,9.327897892184868,26.583779320499197,0.0172768309712409,0.741,14.204,0.4913875119317978,-1.339,689.6380000000008,4.8919999999999995,5.638047104121069,1.56927669048309,32.6183368838049,31.5225826025495,,44.89314977619154,52.371,21.2167905566391,0.1270836584952099,1.0418499999999966,0.0,1.4521433685398808,17.288458895262096,0.0,1.579227027035099,0.937,-1.976,1.40060418520875,0.143,23.903945398089313,0.081,38.0515982890655,0.73448520898819,0.10560680180788,0.152235776185989,18.8676859222972,29.316845642982106,19316360.0,688337211.7,300.2774621052948,0.0,2636324432.9493856,0.0,1.0,0.0,0.0,53750524.0,17.2884588952621,0.0,17.2884588952621,1.579227027035099,49.047418271669045
COD,"Congo, Dem. Rep.",2003,8.299999999999997,9.11518357777329,26.0538388066067,0.0171333309262991,0.741,13.814,0.7959868094364353,-1.401,712.5799999999999,4.943999999999999,5.507209617136128,1.57739913463593,28.8579384069788,12.8739657187405,,46.38274253465557,52.952,18.2984058567587,0.216470606221018,2.2517899999999997,0.0,1.5935304214295396,27.7433556144152,0.0,1.8100010276505003,0.936,-2.028,-0.8832123121407938,0.143,24.510214196604245,0.087,41.9888095470269,0.832518041133881,0.0891282111406326,0.144109204411507,29.5533566420657,54.0313561776419,20181397.0,831661745.7,66.55672597534547,0.0,755484783.3636711,0.0,0.0,1.0,0.0,55343867.0,27.7433556144152,0.0,27.7433556144152,1.8100010276505003,13.650740801391256
COD,"Congo, Dem. Rep.",2004,9.0,9.241187247647431,23.8793594908244,0.0170398000627756,0.741,13.411,1.0952359404733372,-1.473,742.9789999999994,7.0169999999999995,4.822447921364073,1.58556365966797,31.7824234941503,3.9943840081597095,,45.80113121040291,53.534,17.6415058357846,0.4055517579644981,3.4926299999999983,0.0,2.13752329731202,21.5433464070402,0.0,2.5430750552765,0.936,-2.388,-0.0131368178400248,0.143,23.88019463490229,0.088,40.173975662304,0.787808001041412,0.126986742019653,0.122225761413574,24.0864214623167,49.3364146254994,21089164.0,952113158.8,78.17334252681418,0.0,1558250580.773657,0.0,0.0,1.0,0.0,56997741.0,21.5433464070402,0.0,21.5433464070402,2.5430750552765,27.338812967581593
COD,"Congo, Dem. Rep.",2005,6.0,7.688522981741279,19.8446510872333,0.0169948879629374,0.741,13.098,1.1396070479690934,-1.789,790.005000000001,8.886,5.287113924,1.5937705039978,31.706002446974,21.3168167229341,,45.30535920328189,54.001,15.0082781288568,1.52097033196487,4.672159999999998,0.0,2.6641315429440695,19.5577636384875,0.0,4.185101874908899,0.936,-2.129,1.72178044701536,0.143,23.34200822012942,0.088,44.6160533240911,0.777433693408966,0.151063799858093,0.128935724496841,23.7428655133964,51.0276749145565,21983222.0,914412643.5,167.95143432615453,0.0,1895176261.2161784,0.0,0.0,1.0,0.0,58775724.0,19.5577636384875,0.0,19.5577636384875,4.185101874908899,32.244201044910625
COD,"Congo, Dem. Rep.",2006,10.200000000000005,12.2222529552377,20.3859027537723,0.0171830840408802,0.745,12.803,1.94439729755036,-1.625,804.0290000000005,9.439,5.980021767000002,1.59951412677765,29.2943469787201,13.0526949745101,,46.4358333333333,54.498,13.4106294053824,5.058046073290621,7.28434,0.0051376957111961,2.58333183654341,16.3793005756254,0.0,7.646515605545201,0.926,-2.247,2.37528259286141,0.143,26.8521672115927,0.095,44.9515505509654,0.730916142463684,0.152236223220825,0.122324638068676,24.0258161811706,44.7667089929736,22914318.0,962479014.4,233.987906996962,0.0,2832345012.001938,0.0,0.0,1.0,0.0,60615908.0,16.3793005756254,0.0,16.3793005756254,7.646515605545201,46.726100547762776
COD,"Congo, Dem. Rep.",2007,15.200000000000005,13.5853465374793,18.2652590798129,0.0176399406045674,0.759,12.53,2.4109542135552644,-1.601,844.7860000000001,9.191000000000004,6.319985019000001,1.60527849197388,34.3633671355341,16.945100654195,,47.0010183333333,54.954,14.8285019089602,2.41940915087099,10.551000000000002,0.0085533364806231,2.5464218497401294,20.7893236872295,0.0,4.974384337091799,0.926,-2.178,1.50323749160843,0.143,21.8304014342516,0.094,43.5982480710875,0.758071482181549,0.137281388044357,0.11426255851984,25.7637080243213,72.9983031777719,23867614.0,944635524.0,232.25928266825488,0.0,3410295962.3080816,0.0,0.0,1.0,0.0,62477752.0,20.7893236872295,0.0,20.7893236872295,4.974384337091799,54.5841656131943
COD,"Congo, Dem. Rep.",2008,11.599999999999994,3.7019758528474505,18.2329625593996,0.0183029323816299,0.759,12.264,4.344586411705059,-1.593,878.3320000000003,9.655,6.330487588,1.61106359958649,32.9518891770136,17.3013845700157,,43.1541666666667,55.388,13.3109785359421,4.34789395952976,15.433300000000004,0.008963235415929,2.832935681164029,21.2686142155494,0.0,7.189792876109802,0.926,-2.003,-0.076290971083841,0.143,14.8694003808125,0.094,44.4684392267681,0.797610759735107,0.150736629962921,0.112170502543449,28.4584070916592,72.9527093196566,24854619.0,787245859.4,322.47116940806103,0.0,5773053287.229845,0.0,0.0,1.0,0.0,64390664.0,21.2686142155494,0.0,21.2686142155494,7.189792876109802,89.65668201883808
COD,"Congo, Dem. Rep.",2009,12.299999999999995,8.919480620600769,17.2150539616489,0.0197439398616552,0.758,12.006,5.31192894200943,-1.787,855.1329999999998,13.3,10.230506544,1.61686956882477,35.9314571550511,2.7999999999998195,,65.4175,55.798,19.9293745544653,3.809428143282,14.242199999999997,0.0081376594459376,1.37907393656144,23.0651610808746,0.0,5.196639739289402,0.92,-2.001,1.23723516147501,0.143,40.3110300261998,0.1,42.0586123920764,0.81550133228302,0.111946791410446,0.162105977535248,28.261800820164,63.0860045505312,25898218.0,1600700624.2,402.11250775721845,0.0,4453992461.665813,0.0,0.0,1.0,0.0,66412044.0,23.0651610808746,0.0,23.0651610808746,5.196639739289402,67.06603491477861
COD,"Congo, Dem. Rep.",2010,13.0,20.8196292045724,28.8558506334207,0.0217509865760803,0.758,11.654,3.323821635045938,-1.433,892.9210000000003,14.386,10.870013702,1.62269639968872,29.1029769216412,7.100000000000371,,56.5183333333333,56.411,5.52544053811403,6.41161516606728,17.240099999999998,0.0077997629672617,1.8060629117995308,17.7354068020072,0.0,8.225477840834099,0.924,-2.197,-0.671111276554679,0.173,16.1974614240562,0.1039999999999999,37.5993158688842,0.808226406574249,0.153243780136108,0.148689612746239,25.9608846428413,80.9975153909582,27007916.0,1109863980.1,498.11652805679154,0.0,7431917426.299282,0.0,0.0,1.0,0.0,68563038.0,17.7354068020072,0.0,17.7354068020072,8.225477840834099,108.39539266476613
COD,"Congo, Dem. Rep.",2011,13.700000000000005,20.1806519067108,15.741544467002,0.0243317149579525,0.76,11.367,3.938737052371142,-0.757,930.4050000000008,12.728,17.098352312,1.63658380508423,38.636424619178,15.316515913949,,43.75340275,56.911,14.3031352127062,9.3917398141362,22.081900000000005,0.0095730701789558,2.4428432018357196,17.038891399380798,0.0,11.844156086150797,0.924,-2.213,-0.2461260522919479,0.173,39.5052052139538,0.1039999999999999,40.2616539649032,0.725808143615723,0.13936074078083,0.211108207702637,28.8830474855316,83.4133637998303,28187377.0,1258403794.4,639.2667248368226,0.0,9639435083.562166,0.0,0.0,1.0,0.0,70849311.0,17.0388913993808,0.0,17.0388913993808,11.844156086150797,136.05545272786304
COD,"Congo, Dem. Rep.",2012,15.400000000000006,8.62792652332201,15.3232580698254,0.0273369196802378,0.773,11.113,4.695474195569105,-1.528,979.3590000000004,15.113,16.434102349,1.65058994293213,39.1726260796598,9.72182806273364,,28.4466666666667,57.35,16.1921118341111,7.624246047758481,27.4285,0.0065690524153956,2.057359502384271,17.441364912614098,0.0,9.6816055501427,0.92,-2.086,2.2853401595947,0.173,22.6407148868129,0.105,39.5487534325728,0.815861999988556,0.146891564130783,0.115859314799309,27.1229704627568,66.7056747465748,29431536.0,1259756147.7,746.4553290921567,0.0,9715040280.951387,0.0,0.0,1.0,0.0,73254618.0,17.4413649126141,0.0,17.4413649126141,9.681605550142699,132.6201753035063
COD,"Congo, Dem. Rep.",2013,15.200000000000005,13.7193947976729,13.6738761208634,0.0291808862239122,0.777,10.844,4.913971987594419,-1.223,1040.1489999999994,13.697,15.033239019,1.66471600532532,39.9816041724909,0.808223101487112,,19.3660119047619,57.795,14.3921788875029,7.809362286058571,37.2505,0.0035650346518352,1.5624595976329,16.3743976286036,0.0,9.3718218836914,0.947,-2.192,3.7630126396551304,0.178,12.6439880829609,0.083,40.9779095596647,0.723596930503845,0.155300170183182,0.171023100614548,25.746219512295,72.5557545139014,30745883.0,1262280118.2,1040.907306906527,0.0,10952017002.355114,0.0,0.0,1.0,0.0,75789395.0,16.3743976286036,0.0,16.3743976286036,9.3718218836914,144.50592991743918
COD,"Congo, Dem. Rep.",2014,13.5,16.8168040806029,12.488689362081,0.0301733873784542,0.777,10.595,5.3536176326424005,-1.617,1081.460000000001,17.296,14.468607223,1.70311319828033,41.6198309477347,1.2430388976080309,,18.6925,58.236,15.0815603659497,6.9663451579580205,47.3232,0.000561016888275,1.0574581164718992,16.5325136965002,0.0,8.0243642913182,0.951,-2.168,4.06330285943097,0.178,15.1552569123836,0.083,41.408347283971,0.729259550571442,0.1477060765028,0.180303961038589,24.5568779878184,74.1131729382021,32111135.0,1187531873.7,1148.912893318644,0.0,12068826138.614674,0.0,0.0,1.0,0.0,78403242.0,16.5325136965002,0.0,16.5325136965002,8.0243642913182,153.9327434778102
COD,"Congo, Dem. Rep.",2015,16.60000000000001,13.2870553133712,12.456053797914,0.0304833445698022,0.81,10.349,5.9316747159302246,-1.3850000000000002,1114.6620000000005,15.887,12.257675168,1.73415064811707,40.537636098592,0.7441989947814704,,19.3708333333333,58.658,16.825427556868,3.2899447509583,46.5879,0.0002185659727755,0.3455341218291341,16.473695291406,0.0,3.6356974387602,0.96,-2.139,-1.05008194184238,0.178,21.0913993029501,0.072,42.3570507639146,0.71930855512619,0.177159279584885,0.149247318506241,20.1093927301662,57.7539236163245,33502987.0,1097782692.5,1166.0350152740232,0.0,10328822557.905155,0.0,0.0,1.0,0.0,81035531.0,16.473695291406,0.0,16.473695291406,3.6356974387602,127.46041681278247
COD,"Congo, Dem. Rep.",2016,17.299999999999997,11.0901334145536,12.2895509013421,0.0301665011793375,0.81,10.076,7.112128151255799,-1.542,1083.5210000000006,13.451,12.118310158,1.76421427726746,38.655052456977,2.8858510728998787,,19.0458333333333,59.081,16.3700223244065,2.46160219519804,34.4099,4.591006640053408e-05,0.3066781100449862,17.8037964847478,0.0,2.7683262153094006,0.96,-2.225,-0.6665936393317211,0.178,14.0221262627849,0.072,44.4535955216769,0.824888169765472,0.129091203212738,0.123255982995033,20.5721227000572,68.0083342860132,35034213.0,989239968.6,1132.6300046950544,0.0,8810205636.214329,0.0,0.0,1.0,0.0,83956415.0,17.8037964847478,0.0,17.8037964847478,2.7683262153094006,104.93784943311752
COD,"Congo, Dem. Rep.",2017,18.0,22.2790725674046,12.2591059827241,0.0301268473267555,0.825,9.867,5.535986341328975,-1.3,1087.4989999999998,11.09,15.321828961,1.78063941001892,39.2934247373311,2.8858510728998787,,20.6208333333333,59.495,13.8219778041361,7.00172639884998,40.6223,4.8541490130116216e-05,0.6599024107813349,17.1039784926126,0.0,7.661677351121497,0.964,-2.339,0.1966748713358639,0.174,-10.7984290445672,0.063,45.173960243307,0.821607053279877,0.069830559194088,0.162730440497398,24.7656558437341,65.9184525277578,36673221.0,953621644.6,1227.720799078364,0.0,13408727914.498678,0.0,0.0,1.0,0.0,87083398.0,17.1039784926126,0.0,17.1039784926126,7.661677351121497,153.9757086017553
COD,"Congo, Dem. Rep.",2018,18.700000000000003,16.4300997472639,12.3021936655493,0.0302089732140303,0.825,9.647,5.917385648659614,-1.76,1103.7810000000009,10.945,15.730674835,1.79721748828888,38.2165467089592,2.8858510728998787,,24.7483333333333,59.926,11.1749836363491,8.09288830144681,40.5014,6.122989060575179e-05,0.7834951135026671,9.5403311441327,0.0,8.876444644840099,0.965,-2.081,-0.9431096487042192,0.2039999999999999,-3.92075875738656,0.076,46.4519161839569,0.80144864320755,0.0840813592076302,0.165329441428185,18.4167757889728,72.5591739081336,38265440.0,839163299.8,1366.4215983078163,0.0,17608174476.485973,0.0,0.0,1.0,0.0,90047644.0,9.5403311441327,0.0,9.5403311441327,8.876444644840099,195.5428670236611
COD,"Congo, Dem. Rep.",2019,19.1,15.320398862822,13.1512157041087,0.0302767083048821,0.771,9.46,6.635405229705956,-1.095,1116.6710000000005,10.96,13.119247,1.80343377590179,34.4712510908167,2.8858510728998787,,26.7358333333333,60.242,11.5012106732224,3.63527603517241,39.94,6.041727968653099e-05,0.6293093833343288,8.48541274305594,0.0,4.26464583578646,0.94,-1.624,-2.9646673107182897,0.2059999999999999,24.9897727890946,0.1119999999999999,49.4130479383798,0.725551128387451,0.1040440872311589,0.204567804932594,12.7500585788424,60.9143523742792,39850945.0,1129700742.7,1580.0454996776791,0.0,14667229418.132557,0.0,0.0,1.0,0.0,92947442.0,8.48541274305594,0.0,8.48541274305594,4.26464583578646,157.8013240873542
COG,"Congo, Rep.",1995,45.92182555469436,-3.96527157070625,10.4525658019315,0.0485248528420925,0.792,11.476,8.112384018178368,-0.831,4912.427,21.201,21.95682136,1.9017893075943,44.8683961370952,9.41800743452228,0.0,18.473142741355808,55.474,8.13292936943761,0.0399320210296036,0.0,0.0,31.3905248097934,7.69845283451664,0.0,31.430456830823054,0.639,-1.225,5.88424678301968,0.495,5.358325208701061,0.466,44.6790380609733,0.464311599731445,0.189427763223648,0.26495823264122,39.1289096653397,128.312504260557,1550883.0,18581125.099999905,179.754411,0.0,1116470480.556813,0.0,1.0,0.0,0.0,2749461.0,7.69845283451664,0.0,7.69845283451664,31.430456830823058,406.0688551526328
COG,"Congo, Rep.",1996,42.024986220250184,-0.3653642828066807,8.98668923597753,0.0489875599741936,0.792,11.608,7.547203200738629,-1.552,4950.046,24.914,15.680459535,1.91660988330841,51.8427329383704,10.0311203319503,0.0,18.486721184565344,55.24,6.70154651073325,0.0994954758020607,0.0355038619999916,0.0,34.2466290821695,4.9226507735778,0.0,34.3461245579715,0.639,-1.225,9.88580080939297,0.495,5.289352748144792,0.466,39.1705778256521,0.571222066879273,0.0423299074172973,0.179922863841057,39.2687753315493,128.407663306917,1606443.0,37956393.0,200.3872131,0.0,1511720786.1138177,0.0,1.0,0.0,0.0,2826785.0,4.9226507735778,0.0,4.9226507735778,34.3461245579715,534.7844940856194
COG,"Congo, Rep.",1997,29.76243423668481,12.9686558204873,9.13919008630228,0.0483036935329437,0.857,15.461000000000002,7.85771188315999,-1.942,4800.737999999999,25.865,18.580823853,1.9315459728241,56.8636128937081,8.068304012247026,0.0,88.38881686658644,48.575,5.45843475695213,0.4921686722000921,0.0754606205000101,0.0,38.8429815606382,6.25644210427453,0.0,39.335150232838274,0.811,-1.363,4.11485905590523,0.495,1.011153323255936,0.13,33.9971970199897,0.424205631017685,0.183496862649918,0.1129928976297379,45.5915923371128,135.758179538246,1654677.0,33507273.5,224.7366575,0.0,1566143572.6780715,0.0,1.0,0.0,0.0,2887862.0,6.25644210427453,0.0,6.25644210427453,39.335150232838274,542.3193949981237
COG,"Congo, Rep.",1998,32.51072395886535,7.942838997234919,10.9555690809495,0.0481832586228848,0.857,12.979,9.73915311712025,-1.4950000000000003,5119.75,19.908,19.224024536,1.94659829139709,46.0568646204678,6.105487692543754,0.0,63.17176149092676,52.551,6.95591687679332,0.0008933528274179,0.1154173790000001,0.0,23.4026290591939,7.1194083272149,0.0,23.403522412021303,0.811,-1.501,-4.97626838470038,0.495,7.6302989570978195,0.133,42.9875662985827,0.343712538480759,0.255847215652466,0.316378861665726,30.5229307392362,148.901662464134,1706525.0,34160216.599999905,263.7833425,0.0,1224275585.7270372,0.0,1.0,0.0,0.0,2952061.0,7.1194083272149,0.0,7.1194083272149,23.403522412021303,414.71893220602055
COG,"Congo, Rep.",1999,34.01415309283117,25.3029356019092,8.35575795211481,0.0478065237402916,0.857,11.923,10.9017456703236,-1.363,4801.518999999998,24.006,14.964036958,1.9617680311203,61.2709583937073,4.14267137284048,0.0,57.23727030797578,54.427,5.464707099979299,0.0005286021929373,0.1657462780000074,0.0,34.4709216830853,4.77227225000606,0.0,34.47145028527824,0.836,-1.212,5.56024951620876,0.495,6.138475765811095,0.144,30.3732836541779,0.503175556659699,0.0874292328953743,0.122756458818913,39.2437225352843,131.394190298765,1769537.0,42348795.20000005,266.266,0.0,1746459570.4976678,0.0,1.0,0.0,0.0,3032874.0,4.77227225000606,0.0,4.77227225000606,34.47145028527824,575.8431014600897
COG,"Congo, Rep.",2000,29.39999999999999,51.191785610538,5.30425299890949,0.0461699552834034,0.857,11.257,4.780545256270454,-2.079,5164.859999999999,23.692,15.225064115,1.97705602645874,72.1526717557252,-0.8819915170254298,0.0,27.591608039117773,55.371,3.4765539803707703,0.0006344670596347,2.221269999999997,0.0,55.9533665542603,3.7298715014188506,0.0,55.954001021319954,0.836,-0.923,7.23609925687928,0.495,4.683080630436256,0.144,22.5430752453653,0.186949670314789,0.0898940861225128,0.161353200674057,59.6838725227388,123.909884405671,1855976.0,53979561.29999995,265.0,0.0,2756222325.6835938,0.0,1.0,0.0,0.0,3151345.0,3.72987150141885,0.0,3.72987150141885,55.954001021319954,874.617766599212
COG,"Congo, Rep.",2001,30.299999999999997,31.2771254820142,5.799931650637111,0.0452231429517269,0.801,11.151,4.897427134697068,-1.572,4734.398999999999,28.373,14.018069931,1.98404741287231,65.4884538397696,0.05598992181406,0.0,28.753202132320887,55.885,4.51105795049553,0.0007226547681833,4.583599999999997,0.0,43.2924415564204,4.80528928742161,0.0,43.29316421118859,0.836,-1.255,6.19087087377424,0.495,5.361655892764998,0.144,28.7116145095933,0.391727089881897,0.10886350274086,0.164055109024048,48.0984534986102,130.732481081873,1945254.0,50928983.29999995,248.0,0.0,2212661017.8988366,0.0,1.0,0.0,0.0,3272537.0,4.80528928742161,0.0,4.80528928742161,43.29316421118859,676.1301760373791
COG,"Congo, Rep.",2002,31.200000000000003,32.7230922418732,6.26158012257114,0.0450881272554398,0.884,10.905,2.8660743978336285,-1.615,4670.444000000001,24.793,11.614849133,1.99106359481812,63.3189225141337,4.37875971780873,0.0,56.04499368114359,56.414,5.32091785833056,0.0008555309504567,6.6193700000000035,0.0,40.6339102482945,6.01024565691409,0.0,40.634765779244916,0.836,-1.587,0.3133323565921631,0.495,7.7417661908106865,0.144,30.4194973632952,0.143934354186058,0.316894352436066,0.200304806232452,46.645011436159,135.45607107226,2009511.0,46394979.5,238.00001,0.0,2173870232.5581408,0.0,1.0,0.0,0.0,3350771.0,6.01024565691409,0.0,6.01024565691409,40.634765779244916,648.7671740498354
COG,"Congo, Rep.",2003,32.1,41.6835096045676,6.27522393936411,0.0451412498950958,0.889,10.451,3.635840141746229,-1.686,4563.772999999999,27.379,12.242284727,1.99810445308685,61.1723594842012,-0.6318449873631558,0.0,29.216616607172888,57.131,6.02421498178955,0.0003757662868597,9.57701,0.0124534187883327,32.8203228243625,6.49659594087369,0.0,32.820698590649414,0.836,-1.17,5.62297429898723,0.495,7.847528045933003,0.144,32.5524165764347,0.207679733633995,0.2404445707798,0.194498166441917,39.3172945315231,156.861777335368,2083628.0,42546293.100000024,217.000075,0.0,2284413341.015625,0.0,1.0,0.0,0.0,3445753.0,6.49659594087369,0.0,6.49659594087369,32.820698590649414,662.9649139144985
COG,"Congo, Rep.",2004,33.0,25.0613709409956,5.50940630344491,0.0442906841635704,0.889,10.027,2.9326492385373406,-1.816,4402.616,27.715,13.153666497,2.0051703453064,65.864484078508,2.429766079617991,0.0,28.508811331088097,57.957,4.980047235116871,0.0043335731222742,10.759999999999998,0.0249068375766654,36.7574181614469,3.32029649271918,0.0,36.76175173456912,0.836,-1.191,8.07881079513253,0.495,8.11210150605664,0.144,28.6261096180471,0.287416577339172,0.189253151416779,0.161700174212456,40.0820482272883,131.368198717322,2172157.0,44144309.29999995,225.00006,0.0,3143305125.0,0.0,1.0,0.0,0.0,3565554.0,3.32029649271918,0.0,3.32029649271918,36.76175173456912,881.5755209428885
COG,"Congo, Rep.",2005,33.8,43.110879407319,6.10423786651851,0.0426835604012013,0.889,9.616,2.21035522374353,-1.709,4638.199999999999,35.528,16.651675667,2.01226115226746,61.71041069581371,3.094490114561818,0.0,28.90274305205859,58.73,6.413569523616131,0.0035204791631298,15.101,0.0373602563649984,44.9456173814714,3.11241330810725,0.0,44.98649811699955,0.836,-1.166,17.9090081223089,0.495,4.913497509346874,0.144,29.4011383610328,0.312993466854095,0.1646998077631,0.135434463620186,48.0989114251068,119.552892262402,2266269.0,40331140.79999995,246.776135,0.0,4911393669.0890255,0.0,1.0,0.0,0.0,3696393.0,3.11241330810725,0.0,3.11241330810725,44.98649811699955,1328.6989963158749
COG,"Congo, Rep.",2006,34.9,49.5857178065926,4.81314641849445,0.0415199920535088,0.889,9.246,2.0104197616463466,-2.017,4824.098,42.588,16.053190864999998,2.0145583152771,62.6291888487541,6.53784395299604,0.0,28.58778785270041,59.474,6.19527888192557,0.0067549286348485,23.9093,0.1365151959169119,50.1208093428642,3.05068262465246,0.0,50.26407946741604,0.836,-0.923,20.1994508651399,0.495,4.832636469590245,0.144,30.4641799648533,0.319985747337341,0.159898295998573,0.148149058222771,53.3147620920685,125.600762974491,2364756.0,50095015.600000024,278.43403,0.0,6621072492.815626,0.0,1.0,0.0,0.0,3837409.0,3.05068262465246,0.0,3.05068262465246,50.26407946741604,1725.4018252460517
COG,"Congo, Rep.",2007,35.8,39.7415762382235,4.91981108062473,0.0413823164999485,0.881,8.964,2.1700179223150684,-1.596,4342.192999999999,37.568,35.670973268,2.01685833930969,57.0704175228573,2.6546464506070286,0.0,28.436977699723293,60.05,6.46856648598448,0.0070856450483565,32.349000000000004,0.1948800938867609,43.9536353057112,3.33148271936883,0.0,44.155601044646374,0.836,-0.772,11.3866988528196,0.495,5.111260247845082,0.144,35.7365110433718,0.435756832361221,0.235738083720207,0.393651992082596,47.4870837640152,148.586625395069,2461906.0,52620744.79999983,223.9285,0.0,5916641878.574653,0.0,1.0,0.0,0.0,3980430.0,3.33148271936883,0.0,3.33148271936883,44.155601044646374,1486.4328423247368
COG,"Congo, Rep.",2008,36.8,49.6026275027723,4.24815097163364,0.0407098047435284,0.873,8.655,3.213301676784699,-2.432,4465.6,48.063,30.623627792999997,2.01916074752808,63.9419789342891,4.95875092023152,0.0,29.059514507128036,60.79,5.59626870511912,0.0070047990786439,43.9283,0.2322425393550728,48.8603735696485,3.5448820864976,0.0,49.0996209080822,0.836,-0.721,26.3966710272089,0.495,4.203662401522115,0.144,29.2296120913724,0.361209958791733,0.144333839416504,0.29506117105484,52.6445029945798,133.108486659608,2551840.0,53151637.100000024,236.736,0.0,8403756338.297283,0.0,1.0,0.0,0.0,4113517.0,3.5448820864976,0.0,3.5448820864976,49.0996209080822,2042.9613730287933
COG,"Congo, Rep.",2009,37.1,43.6092087922853,5.27993327507586,0.0398778468370438,0.871,8.367,4.872240314695318,-1.681,4788.98,29.189,27.726657086,2.02146577835083,55.6979481298564,4.41500374795223,0.0,17.991619687510834,61.215,6.77669543676046,0.0098888260039473,68.866,0.3410242891324799,32.0193923725837,3.20760377978834,0.0,32.37030548772016,0.836,-0.25,6.0790182654979,0.495,7.830258144506538,0.14,33.8304898548024,0.458729296922684,0.153985217213631,0.4174498617649079,35.5779092675085,135.552365681975,2663656.0,167577675.39999998,276.0879,0.0,6214741848.20674,0.0,1.0,0.0,0.0,4281219.0,3.20760377978834,0.0,3.20760377978834,32.37030548772016,1451.629044953491
COG,"Congo, Rep.",2010,40.0,58.14293229450121,4.03853452122591,0.0406607687473297,0.869,8.23,5.979740079200688,-1.452,5050.279,38.514,28.061633088999997,2.02377367019653,66.1791697837805,0.3915250112276105,0.0,28.345449440897,61.731,5.312176872431789,0.0141542458702399,83.3372,0.4904991367738791,40.9410251641332,2.49416286944495,0.0,41.44567854677735,0.836,-0.316,16.3333083123329,0.495,5.200097384388685,0.139,25.4331744328979,0.289255827665329,0.0989528745412827,0.445001661777496,43.9398414162223,124.064754399607,2784125.0,149648797.70000005,313.8935,0.0,9107892915.40386,0.0,1.0,0.0,0.0,4462290.0,2.49416286944495,0.0,2.49416286944495,41.44567854677735,2041.0804576582561
COG,"Congo, Rep.",2011,40.8,55.6560933627025,3.9839361915251903,0.0408878512680531,0.869,7.952,7.169385399923929,-1.031,4996.919,43.938,26.369768199000003,2.04913234710693,65.8738951997526,1.7595870427380298,0.0,26.924194432968065,62.286,5.24200489645789,0.0197193859186748,84.2731,0.749128501169339,48.6661331517592,2.40874917403059,0.0,49.43498103884721,0.836,-0.354,16.1450670808261,0.495,3.8547330224935816,0.139,25.537229155693105,0.28046777844429,0.113557212054729,0.301118284463882,51.8437302128778,124.591742710141,2883832.0,154753144.9000001,300.5626,0.0,12205334163.960564,0.0,1.0,0.0,0.0,4609724.0,2.40874917403059,0.0,2.40874917403059,49.43498103884721,2647.7364293308156
COG,"Congo, Rep.",2012,41.6,60.787776368855305,3.798774922984339,0.0401414074003696,0.875,7.767,7.412754333223955,-1.011,5343.555,37.893,29.864009815000003,2.07480883598328,65.3102191154701,5.010187731344711,0.0,18.702677769605057,62.662,4.25728211443351,0.0163254434710573,90.3529,0.697104154265071,38.0875246076633,2.55639493326565,0.0,38.80095420539945,0.836,-0.49,7.24706608607366,0.495,1.3699689278080291,0.139,26.9856799806227,0.262381911277771,0.135429158806801,0.368717551231384,41.3573491386651,97.444435145443,2973149.0,152389681.39999998,279.97025,0.0,11419494876.03636,0.0,1.0,0.0,0.0,4740450.0,2.55639493326565,0.0,2.55639493326565,38.80095420539945,2408.9474366434324
COG,"Congo, Rep.",2013,42.5,59.206338385499805,4.26008218811564,0.0397434383630753,0.882,7.572,8.878672805256478,-1.357,5179.323999999997,39.542,32.720942379287855,2.10080718994141,61.989308125115,4.63161619729461,0.0,18.74685955556772,62.969,5.920856148125111,0.0108389927350305,95.9371,0.90171887030378,29.6858074019147,2.54648429237964,0.0,30.598365264953564,0.831,-0.475,-2.65084770519997,0.582,-0.0390569995894134,0.148,28.5856778748643,0.298396080732346,0.167848140001297,0.367949992418289,33.1448495573332,93.0028633915235,3053575.0,147853242.70000005,242.54925,0.0,9626409379.209494,0.0,1.0,0.0,0.0,4857099.0,2.54648429237964,0.0,2.54648429237964,30.598365264953564,1981.925708989974
COG,"Congo, Rep.",2014,43.4,56.5509802517049,4.55765474287642,0.0395398177206516,0.882,7.347,11.1598525258918,-1.222,5396.653,37.83,35.987408576126775,2.12713122367859,58.0014155398265,0.9121395454500956,0.0,16.82270121513639,63.349,6.05990720251214,0.0088758684469383,99.08,0.4916814715562929,24.8226399767107,2.33503397532944,0.0,25.32319731671396,0.831,-0.359,-10.5501752150315,0.582,12.378959468033642,0.148,31.9010854029803,0.324709624052048,0.21466201543808,0.409264802932739,27.6582312920434,104.197620103417,3135180.0,134017362.5,253.17655,0.0,9149659837.664976,0.0,1.0,0.0,0.0,4975880.0,2.33503397532944,0.0,2.33503397532944,25.32319731671396,1838.8023500697316
COG,"Congo, Rep.",2015,44.3,40.6821036548955,5.81058893116428,0.0395255088806152,0.882,7.166,15.227252169824602,-1.32,5082.196,23.483,44.53069286,2.15378499031067,48.6789561936062,3.1690979675082893,0.0,13.056546687864788,63.662,8.36764019343637,0.0100854199682749,102.323,0.529950921594635,12.2746700668843,3.07099819575177,0.0,12.81470640844723,0.831,-0.529,-17.1593129454771,0.582,17.76545957849864,0.148,39.1611584474461,0.44689291715622,0.268323928117752,0.567537605762482,15.885704604199,117.320721558581,3218388.0,122821458.30000009,234.20865,0.0,4483949840.393772,0.0,1.0,0.0,0.0,5097581.0,3.07099819575177,0.0,3.07099819575177,12.81470640844723,879.6230683521796
COG,"Congo, Rep.",2016,45.3,25.3492904035596,6.76365035154121,0.0394676551222801,0.88,7.026,17.9395649927598,-0.598,4714.4389999999985,24.264,43.25527147,2.15652751922607,38.4474514101503,3.1905617972377307,0.0,11.45464429427069,63.911,11.4670700612109,0.0150847854361375,103.858,0.388986974310453,12.8004971968497,3.795470309365761,0.0,13.204568956596342,0.831,-0.523,-12.6990816584683,0.582,16.135887285446294,0.148,47.2058789987295,0.502031683921814,0.314837664365768,0.4923281669616699,17.0000392659621,122.259818284021,3303334.000000002,115577578.70000017,232.30815,0.0,3710254216.029248,0.0,1.0,0.0,0.0,5222536.0,3.79547030936576,0.0,3.79547030936576,13.204568956596342,710.4315252262978
COG,"Congo, Rep.",2017,46.2,29.892683865107937,7.30993971951451,0.039002075791359,0.867,6.881,15.784514445444202,-0.572,4345.519,21.029,22.886477866,2.15927910804749,45.9671895089887,0.4500638232855465,0.0,16.131094915833547,64.203,12.3763983593463,0.0112608678152659,94.4868,0.435295524625467,25.0227768251894,4.33704755532118,0.0,25.46933321763022,0.828,-0.534,-4.00929305610396,0.582,6.8344855583880015,0.152,41.6484311025105,0.392518311738968,0.299617052078247,0.332418978214264,29.8063807729514,94.6170952583422,3390104.000000002,120028881.39999998,274.03015000000005,0.0,5354600343.919645,0.0,1.0,0.0,0.0,5351011.0,4.33704755532118,0.0,4.33704755532118,25.46933321763022,1000.6707786471837
COG,"Congo, Rep.",2018,47.0,34.43607732665627,6.78839255400222,0.0386017635464668,0.862,6.758,13.0035781117488,-1.184,4144.948999999999,23.008,18.304949104,2.1620397567749,54.391991835456,1.152778963755228,0.0,18.22470692967236,64.472,9.20702262871982,0.0,91.189,0.562029195762642,38.248715891351,3.85745956661878,0.0,38.81074508711372,0.828,-0.348,6.95864616990991,0.582,1.8613701760226171,0.163,34.7072948885714,0.343041270971298,0.21552836894989,0.207943961024284,42.6682046537325,100.583216779714,3478680.000000002,114865475.60000002,330.96615,0.0,8609115826.271914,0.0,1.0,0.0,0.0,5483118.0,3.85745956661878,0.0,3.85745956661878,38.81074508711372,1570.113177624832
COG,"Congo, Rep.",2019,47.7,38.9794707882046,7.346991708211899,0.0384698547422886,0.893,7.344,12.6399762805673,-1.084,4093.991000000002,24.457,18.855519269,2.16480922698975,50.1286715725578,2.2060730578152494,0.0,18.06246419609169,63.152,9.56929234054286,0.0,91.0654,0.3744656302413669,35.8517991110343,3.01677441404187,0.0,36.22626474127563,0.828,-0.299,7.22156596212073,0.582,4.907218925330102,0.148,39.0356482656264,0.39095351099968,0.200318813323975,0.179894953966141,39.2430391553175,91.5757547930374,3567570.0,157171955.79999995,340.99715000000003,0.0,7899288749.007405,0.0,1.0,0.0,0.0,5616661.0,3.01677441404187,0.0,3.01677441404187,36.22626474127563,1406.4029766096628
COL,Colombia,1995,91.2,18.8319399414563,14.0180659651442,0.0319398269057274,0.74,5.697,33.6634295845069,0.098,9528.461,21.197,11.615622128,2.03826117515564,29.2289240048708,20.8917930194849,0.0,42.0760085324232,69.81,14.7615046482786,0.2548587177222881,0.763384012000003,0.0460974047307292,2.5398378401549504,0.1943723034859639,0.0932435181074177,2.9340374807153857,0.435,-1.648,0.927782811136697,0.747,19.5413245385254,0.676,53.9334397761113,0.786646783351898,0.0794858261942864,0.265959143638611,3.1284097842013505,35.4972303177666,25716237.0,0.0,623.85798,0.0,5221413098.828087,0.0,1.0,0.0,0.0,35804662.0,0.194372303485964,0.0932435181074178,0.2876158215933818,2.9340374807153866,145.8305373425418
COL,Colombia,1996,93.3031005859375,15.4370014302749,12.768819026019,0.0322057940065861,0.74,5.586,35.3234826301522,0.175,9568.575999999995,22.574,11.932843916,2.06261658668518,28.5190019571669,20.7975755127402,0.0,41.3618959044368,70.209,14.4092035112335,0.1989867837353369,1.42730078000001,0.047316113741942,3.2906217147319197,0.1548909608490649,0.0320248212890901,3.5689494334982843,0.435,-1.648,-0.2153226593390009,0.747,20.9582073177269,0.676,57.2160632200197,0.793997287750244,0.0921376794576645,0.228108271956444,3.7238403943473504,36.0441071863282,26374459.0,0.0,671.4923299999999,0.0,6662387851.523164,0.0,1.0,0.0,0.0,36462745.0,0.154890960849065,0.0320248212890901,0.1869157821381551,3.568949433498285,182.7176711880349
COL,Colombia,1997,93.5889129638672,13.7991104708547,12.6064711492187,0.0324245169758797,0.74,5.482,36.4758451431847,0.288,9768.609,22.949,12.03252232,2.0872631072998,27.0786703606707,18.4700217119089,0.0,33.7102201365188,70.632,13.7888033704677,0.114781886992231,3.3915178359999985,0.0539552977634067,2.73078985975652,0.149578891719661,0.0175963698945619,2.917123414406719,0.435,-1.721,-1.06437993946253,0.747,14.4388808944533,0.682,58.394433716949,0.783366620540619,0.105562910437584,0.221492618322372,3.0667023061263805,35.5970680886793,27042993.0,0.0,707.293326,0.0,6530083783.757106,0.0,1.0,0.0,0.0,37121149.0,0.149578891719661,0.017596369894562,0.167175261614223,2.9171234144067197,175.91276023695025
COL,Colombia,1998,93.8706436157227,13.099425010089,13.2357896548033,0.0325624123215675,0.738,5.432,35.2185505194702,0.261,9673.897,22.477,12.484783528,2.11220407485962,26.3922916059744,18.6769799276672,0.0,41.6048583617747,70.924,14.0513156430057,0.0304677457348931,4.744384773000007,0.0470901919207675,1.7975213911673702,0.1611185738038549,0.0181023390909199,1.8931816679139557,0.435,-1.794,-1.07129585375245,0.747,23.3781484628964,0.682,58.9164164269976,0.781887471675873,0.109396785497665,0.211526691913605,2.05430024171781,35.9089230535138,27726887.0,0.0,817.064581,0.0,5261409779.820689,0.0,1.0,0.0,0.0,37792165.0,0.161118573803855,0.0181023390909199,0.1792209128947749,1.8931816679139548,139.21959167517102
COL,Colombia,1999,94.1475296020508,13.7574884877529,13.0007715171454,0.0324068702757359,0.753,5.5,31.654183439449,0.283,9150.49,22.892,13.584436258,2.13744306564331,26.7207875591071,10.8736870857471,0.0,29.4258003412969,70.913,13.8493757183593,0.1955056179240939,5.096626456000003,0.0646736244162149,3.8918228076425097,0.164024161634074,0.0057856175748216,4.1577876675576455,0.435,-1.7015,-2.2119598993237597,0.747,14.919570901239,0.682,58.2248501228895,0.771761476993561,0.118800088763237,0.137234047055244,4.32181182919172,36.1492793141794,28406607.0,156838089.29999995,878.589092,0.0,7133133252.028591,0.0,1.0,0.0,0.0,38454863.0,0.164024161634074,0.00578561757482169,0.16980977920889567,4.157787667557646,185.493659203222
COL,Colombia,2000,95.2,13.8743399833875,8.3057195333068,0.0320723913609982,0.753,5.574,20.9474743929536,0.2479999999999999,9278.83,23.642,11.830043742,2.16298365592957,27.3057722832576,9.22534818585366,0.0,18.7866666666667,70.905,13.9327006536198,0.389708655622565,5.773359999999997,0.1115152778693859,5.13691457442314,0.148326811166219,0.0059474327041464,5.644085940619231,0.41,-1.609,0.77552254040323,0.747,-11.137955919729798,0.704,57.1943739779697,0.752857506275177,0.114057183265686,0.152832552790642,5.792412751785449,32.6670854693067,29063115.0,148884828.60000002,733.040795355,0.0,9375615537.457285,0.0,1.0,0.0,0.0,39089934.0,0.148326811166219,0.00594743270414655,0.15427424387036556,5.64408594061923,239.8473104983315
COL,Colombia,2001,98.5,13.1591198067319,8.32097267667621,0.0318518243730068,0.753,5.531,21.9066125992657,0.3669999999999999,9314.782,24.798,12.649420982,2.18431115150452,27.2228150417753,7.96556090304834,0.0,20.72,71.185,14.1371966473471,0.152327976739115,8.222920000000002,0.119128827948719,3.389529121165701,0.1455774347231631,0.0917148556563016,3.752700781509837,0.41,-1.783,1.50425769856099,0.747,13.3324808386691,0.704,57.1646793682561,0.754238247871399,0.115001410245895,0.166975721716881,3.898278216232999,33.9011117949445,29700081.0,143607793.79999995,655.879540118,0.0,7887900416.38344,0.0,1.0,0.0,0.0,39709262.0,0.145577434723163,0.0917148556563016,0.2372922903794646,3.752700781509836,198.6413249479036
COL,Colombia,2002,94.9,14.309346096927,8.51000517684848,0.0317601077258587,0.766,5.46,21.5233089569655,0.2399999999999999,9429.051,24.622,13.628622685,2.20584893226624,27.5290127709183,6.351507287788721,0.0,16.3267983308288,71.537,14.0329280173486,0.2249378138293729,11.399,0.0943543415243117,3.4723491449574,0.1395162769699549,0.0189143133586351,3.8105556136697256,0.41,-1.957,0.294891785046476,0.759,9.77520490167072,0.732,56.4586280128647,0.746502459049225,0.11097564548254,0.182897120714188,3.950071890639681,32.9826392144234,30321113.0,155353709.89999998,625.2109554909999,0.0,7291438758.58735,0.0,1.0,0.0,0.0,40324680.0,0.139516276969955,0.0189143133586352,0.1584305903285902,3.810555613669726,180.81826709070847
COL,Colombia,2003,95.1,15.9410861201641,8.32877416512145,0.0317620821297169,0.752,5.242,21.0762350135313,0.1519999999999999,9676.751,25.312,14.503730398,2.22759914398193,28.9037801318181,7.1297886294186,0.0,15.187101145088,72.309,14.2374561677284,0.620164530768051,15.111400000000003,0.0735630238143874,3.70073313323441,0.1556874588308059,0.012881055924233,4.407341743741085,0.41,-2.376,1.28883448945607,0.759,7.8237979777331,0.732,54.9027887422203,0.735075354576111,0.110616847872734,0.195168733596802,4.56302920257189,36.51618351723,30921752.0,169803277.89999998,598.334099937,0.0,8824577951.590479,0.0,1.0,0.0,0.0,40937429.0,0.155687458830806,0.012881055924233,0.168568514755039,4.4073417437410844,215.56258336571352
COL,Colombia,2004,95.3,17.4338455267573,7.91098316231374,0.0318107418715954,0.752,5.151,22.1991386566001,0.0159999999999999,10067.95,25.32,15.220620306,2.24956393241882,29.7258920854426,5.90402005546502,0.0,15.0830567168883,72.76,14.4134103625529,0.841593768194265,25.0356,0.0624997059439029,3.84640284854431,0.1094244674645059,1.06821593565836,5.818712258340835,0.41,-2.2709999999999995,1.3869320650539,0.759,7.27050966250741,0.732,54.1525594452856,0.719932317733765,0.11186483502388,0.205817490816116,5.92813672580534,35.8634269337995,31493071.0,177464005.69999993,589.9586960409999,0.0,12254334055.935549,0.0,1.0,0.0,0.0,41543171.0,0.109424467464506,1.06821593565836,1.177640403122866,5.818712258340834,294.97830235288365
COL,Colombia,2005,96.8,18.906787899277,7.52726670177951,0.0319438874721527,0.752,5.085,22.7527186089507,0.0159999999999999,10387.957,25.868,16.304705659,2.27174520492554,30.3481497700898,5.051019626896959,0.0,14.5608333333333,73.156,15.9910403067837,0.80580348647962,51.8645,0.100445843787992,4.6618753019502,0.0965998792342974,0.596433944424005,6.164558576641813,0.41,-2.058,2.06192045838221,0.759,9.36261382966903,0.732,53.1705123121808,0.702436566352844,0.113194935023785,0.214977145195007,6.26115845587611,37.422697494955,32020103.0,163324112.19999993,594.126184489,0.0,15748275169.669369,0.0,1.0,0.0,0.0,42128977.0,0.0965998792342974,0.596433944424005,0.6930338236583024,6.164558576641813,373.8110035206734
COL,Colombia,2006,95.7,19.5330516104163,7.18676953071771,0.0324202068150044,0.699,5.042,27.3293271996088,0.1209999999999999,10954.722,27.449,18.223273638,2.29414510726929,30.9134600266245,4.293423636289269,0.0,12.893913084832,73.497,15.9786060942757,1.23045243442855,69.7165,0.1380037367409829,5.14627956079988,0.108781780826151,0.667109273396652,7.181845005366059,0.41,-1.905,1.69245917168545,0.759,6.6972959736936,0.734,52.510717917003,0.696338415145874,0.115210592746735,0.223916783928871,7.29062678619221,39.6413559606293,32514349.0,171909292.39999986,600.989354279,0.0,18077866251.34516,0.0,1.0,0.0,0.0,42691084.0,0.108781780826151,0.667109273396652,0.775891054222803,7.181845005366059,423.4576533906977
COL,Colombia,2007,96.0,19.2318850476035,6.93455867595786,0.0331652835011482,0.686,5.065,30.5665682234071,0.07,11558.951,27.342,20.446418769,2.31676602363586,30.5790350660201,5.544384858151561,0.0,15.3818501011015,73.751,16.1542662179759,1.22421445839599,78.5031,0.1375202209092569,4.23708928157192,0.0930564086209007,1.00789274631713,6.606716707194299,0.41,-1.807,1.84559930203917,0.869,9.67644438040683,0.734,52.954917784115,0.689753890037537,0.115156628191471,0.230569064617157,6.6997731158152,37.0988970982903,32994818.0,180576747.70000005,609.119258533,0.0,20997488669.766335,0.0,1.0,0.0,0.0,43235374.0,0.0930564086209007,1.00789274631713,1.1009491549380308,6.606716707194299,485.6553032192189
COL,Colombia,2008,96.8,20.2712303523894,6.6873848504052,0.0339446291327477,0.686,5.013,31.3428821283831,0.086,11806.907,28.471,19.316163136,2.3396098613739,32.1310911250351,6.996884955545109,0.0,17.1756231436697,74.206,15.3737037145843,0.483899310883528,94.529,0.1538465940706539,5.53392629328463,0.0954029211974329,2.52115179783189,8.692823996070697,0.41,-1.853,2.20003049016844,0.869,8.82101697806755,0.732,52.0115244022713,0.672715902328491,0.115804046392441,0.228846296668053,8.78822691726813,39.1676494164355,33457843.0,176008193.19999993,670.9727159539999,0.0,35098184726.92935,0.0,1.0,0.0,0.0,43758808.0,0.095402921197433,2.52115179783189,2.616554719029323,8.692823996070697,802.082742448774
COL,Colombia,2009,96.1,19.2423313288231,6.68974069628809,0.0345268361270428,0.686,5.029,30.058849809334,0.2439999999999999,11811.499,28.24,19.945426078,2.36267900466919,31.2470343359106,4.202516612164821,0.0,13.0080746033842,74.531,14.7800723322979,0.558259226379061,95.2296,0.205016544784415,3.270492682652031,0.1295575350769591,0.693707471444523,4.7274759252600305,0.42,-1.832,-1.05150287607753,0.869,8.594547353573,0.73,53.4800448189101,0.683634579181671,0.126262560486794,0.204013362526894,4.857033460336989,35.1561285074585,33910413.0,1157462066.7,754.7211323099999,0.0,23890450632.881893,0.0,1.0,0.0,0.0,44271541.0,0.129557535076959,0.693707471444523,0.823265006521482,4.7274759252600305,539.6344941523922
COL,Colombia,2010,96.8,19.1202176794984,6.32485387641069,0.0349426418542862,0.679,5.012,32.3529586377969,0.214,12208.66,27.048,20.548536653,2.38597559928894,31.3713561004301,2.2720022789200804,0.0,9.38148993683401,74.876,13.9670256956953,0.735935017297204,99.3308,0.126227349398466,4.39207978728564,0.1721032869711269,1.27474708918259,6.528989243163904,0.403,-1.537,-1.2515909674982002,0.895,5.3722240266131,0.742,53.3990736315847,0.673858284950256,0.129661276936531,0.198130279779434,6.70109253013503,34.2646031687681,34354636.0,1137040044.0,871.83792377,0.0,35198838462.603714,0.0,1.0,0.0,0.0,44777319.0,0.172103286971127,1.27474708918259,1.446850376153717,6.528989243163903,786.0863322925545
COL,Colombia,2011,96.7,20.2023479539265,6.09169610822215,0.0356861613690853,0.68,5.019,34.9599738877775,0.182,12919.989,28.24,21.49603933,2.41068816184998,33.3021551703249,3.4150334477625,0.0,11.2199184470583,75.18,13.217602576964,0.779801054641043,102.079,0.2355285525826249,6.932640671944,0.134342784008874,1.7781784890404098,9.726148768208075,0.396,-1.285,0.0890400810312611,0.898,4.54296484242238,0.769,51.4400918867312,0.652674913406372,0.130484834313393,0.205884486436844,9.86049155221695,39.4704235545367,34777036.0,1133525625.1,1012.50174356,0.0,54652502227.82298,0.0,1.0,0.0,0.0,45259614.0,0.134342784008874,1.77817848904041,1.912521273049284,9.726148768208075,1207.5335469680097
COL,Colombia,2012,97.0,19.1009921536753,5.58268705354932,0.0365020483732224,0.68,4.977,37.7448515262878,0.19,13291.821,29.247,21.38093672,2.43565678596497,33.4055006173979,3.1693018884005504,0.0,12.5850402049247,75.611,13.0892848837297,0.686447911012174,107.329,0.245199962236551,6.20532168790636,0.1277009938615749,1.03216023590783,8.169129797062915,0.387,-1.402,1.82104276677196,0.898,8.65535095377731,0.771,51.9873009585796,0.665282547473908,0.134030446410179,0.194120064377785,8.296830790924492,38.835151018669,35174755.0,1134743777.0,1046.60207548,0.0,55001497223.99644,0.0,1.0,0.0,0.0,45715810.0,0.127700993861575,1.03216023590783,1.1598612297694049,8.169129797062917,1203.1176353212693
COL,Colombia,2013,97.8,18.8412457060465,5.39271495449472,0.037031713873148,0.68,5.033,39.4836916913458,0.235,13840.951,28.978,22.019341091,2.46088433265686,32.7475552904174,2.0169922431038287,0.0,10.9855861710036,75.834,12.6623563037307,0.3495140382173189,108.978,0.27873333434137,5.87412217837008,0.1507224920230949,0.731247317458531,7.233616868387305,0.388,-1.292,0.947355361016785,0.829,8.90797441037777,0.767,53.3511741467848,0.671017646789551,0.150811493396759,0.185714051127434,7.384339360410401,37.9866487978457,35551303.0,1137017280.3,1110.86843192,0.0,55331260395.00091,0.0,1.0,0.0,0.0,46151584.0,0.150722492023095,0.731247317458531,0.881969809481626,7.233616868387306,1198.9027374445243
COL,Colombia,2014,97.8,18.6875130704607,5.44695721474421,0.0374717377126217,0.657,5.145,42.3846056970013,0.113,14327.704,29.517,23.305963536,2.48637270927429,30.9858527230854,2.898837877617378,0.0,10.8673350376127,75.95,12.2693186420816,0.2645738776880451,118.82299999999998,0.2498681413387169,5.26376178203189,0.1600523473462569,0.592321749950267,6.370525551008913,0.388,-1.115,-0.1605252428917218,0.84,8.44294935194344,0.767,54.6340753673796,0.664875268936157,0.161829650402069,0.196740478277206,6.530577898355169,37.4874656411103,35904667.0,1069686072.9,1096.28816729,0.0,48849812543.33536,0.0,1.0,0.0,0.0,46565429.0,0.160052347346257,0.592321749950267,0.752374097296524,6.370525551008912,1049.0575002183564
COL,Colombia,2015,98.2,17.5992977713618,5.980424808498159,0.0377776548266411,0.651,5.252,46.9053935998568,0.113,14608.544,27.757,23.58546053,2.51212525367737,28.5894478881361,4.989831158495299,0.0,11.4499872575296,76.067,12.4008937581087,0.1744152521895259,122.051,0.1542688019164129,2.6277080878416204,0.178719664637305,0.570764338950047,3.527156480897606,0.393,-1.073,-1.71485667149572,0.845,8.78547373201402,0.754,56.2155458237437,0.681935608386993,0.181885495781899,0.182878270745277,3.7058761455349103,38.3607641184453,36243710.0,1023116757.5,1110.13476283,0.0,29260494014.463467,0.0,1.0,0.0,0.0,46969940.0,0.178719664637305,0.570764338950047,0.749484003587352,3.5271564808976055,622.9621331103141
COL,Colombia,2016,98.4,17.672495888923,6.60641226605787,0.0378063917160034,0.671,5.31,47.0541978052352,0.0539999999999999,14749.105,27.72,22.875230276,2.53814482688904,27.689162311787,7.51346024627675,0.0,14.6454318106769,76.228,12.297778837716,0.28236548926945,123.71,0.0625158675282946,1.86176731845908,0.1844683189688289,0.708360151216034,2.91500882647286,0.392,-0.887,-0.350688713831901,0.75,9.03209505722643,0.766,56.8986156229234,0.678734242916107,0.204057440161705,0.166701763868332,3.099477145441689,36.202652984202,36623480.0,992551057.7,998.17471835,0.0,25027090996.12966,0.0,1.0,0.0,0.0,47437512.0,0.184468318968829,0.708360151216034,0.892828470184863,2.91500882647286,527.580177394836
COL,Colombia,2017,98.5,17.3999048630891,6.38966355268118,0.0376808866858482,0.685,5.315,49.8054213986163,0.2419999999999999,14763.881,26.825,22.85778773,2.5629780292511,26.8148589146209,4.314313256950111,0.0,13.6858303184817,76.418,11.4095935667718,0.2172859807759919,129.272,0.0740134626050437,2.4258423497389696,0.151403746105176,0.8596876718582851,3.576829464978294,0.405,-0.779,-0.496990098209936,0.793,8.13449112757921,0.758,57.6083331251066,0.66426283121109,0.21333509683609,0.162404075264931,3.72823321108347,35.2829149424588,37168994.0,1051471059.5,968.8732505,0.0,29565913174.08043,0.0,1.0,0.0,0.0,48131078.0,0.151403746105176,0.859687671858285,1.011091417963461,3.576829464978294,614.2790563319697
COL,Colombia,2018,98.5,16.7810175127653,6.22570968960033,0.0376470200717449,0.678,5.35,45.8707074728715,0.1189999999999999,14879.14,29.99,22.673841509,2.58082032203674,26.8954667535946,3.240569329305689,0.0,12.1148777449182,76.579,11.1518529729467,0.146434355249825,131.595,0.174481375671232,3.6400666038234704,0.1086752013273109,0.8706006528661661,4.831582987610689,0.383,-0.807,-2.49255985957733,0.781,7.15306948982847,0.759,57.6526815895265,0.652794659137726,0.213734090328217,0.167966097593308,4.9402581889379995,36.5347527968973,37886343.0,1026853403.6,987.74919223,0.0,36974571396.26911,0.0,1.0,0.0,0.0,49024465.0,0.108675201327311,0.870600652866166,0.979275854193477,4.831582987610688,754.2065251761363
COL,Colombia,2019,99.4,16.5391988476518,6.41072082168314,0.0378361605107784,0.666,5.38,46.0415781067709,0.0,14999.853,29.397,22.730297413,2.59878706932068,25.993426836769,3.5230193274144703,0.0,11.7690653821827,76.793,10.926657535177,0.1987615839752199,132.811,0.1957194239274799,3.142710081856121,0.1010127997659668,0.666127039502179,4.2033181292609925,0.388,-0.979,-1.1838009699608902,0.789,7.46754725861933,0.745,58.1364591705438,0.646815061569214,0.220374226570129,0.175450906157494,4.3043309290269605,37.558533980839,38658502.0,1020971932.8,1008.51621621,0.0,31375557511.50167,0.0,1.0,0.0,0.0,49907985.0,0.101012799765967,0.666127039502179,0.767139839268146,4.203318129260993,628.668088112587
DOM,Dominican Republic,1995,84.7909088134766,18.8162914434813,9.81477760955715,0.0442538559436798,0.821,5.636,42.27496749450043,-0.679,7443.124,12.531,20.46629961,2.04483842849731,32.1772137052539,12.5359594558963,0.0,30.682500000000005,69.394,21.7122746265831,1.09234745026709,0.7113183860000021,0.0,0.0,0.047674327301828,0.0,1.0923474502670911,0.818,-0.076,0.352636105903133,0.791,19.1953097355511,0.211,49.7966520990978,0.699202477931976,0.110664874315262,0.197480574250221,1.1400217775689203,73.8979593803276,4506615.000000002,159730784.19999993,0.0243539999999998,0.0,44268155.99999875,0.0,0.0,0.0,1.0,7888115.0,0.0476743273018281,0.0,0.0476743273018281,1.0923474502670922,5.612006924341081
DOM,Dominican Republic,1996,85.5548782348633,20.4246216817115,9.19340246436474,0.0426376089453697,0.831,5.605,35.7319351233033,-0.533,7761.731,12.531,21.21994234,2.06714296340942,33.5438672350398,5.3992938503892205,0.0,23.7341666666667,69.595,22.7048356706093,0.671155358607122,1.0302516850000032,0.0,0.0,0.0322391066399982,0.0,0.6711553586071215,0.818,-0.076,0.352636105903133,0.791,19.3354510903366,0.254,49.854366602172,0.712559223175049,0.110128976404667,0.207716211676598,0.7033944652471202,72.6424908698332,4645322.0,95556757.80000009,0.0206769999999999,0.0,48579506.0,0.0,0.0,0.0,1.0,8032894.0,0.0322391066399983,0.0,0.0322391066399983,0.6711553586071219,6.047572145231843
DOM,Dominican Republic,1997,86.3154449462891,21.9664626365108,9.14429903486216,0.0416867844760418,0.837,5.559,20.489586009576247,-0.6,8318.833,12.531,23.329845711,2.08969044685364,32.1119192793235,8.29656754792046,0.0,21.0066666666667,69.809,21.7391349010449,0.46365724204154,1.737308952999996,0.0,0.0,0.0395835005492768,0.0,0.4636572420415401,0.783,-0.246,0.352636105903133,0.791,10.5720111752172,0.349,50.7358012811056,0.699617624282837,0.11627733707428,0.221241340041161,0.5032407425908154,74.2332371692166,4790612.0,28513699.400000095,0.014757,0.0,27092899.0,0.0,0.0,0.0,1.0,8174078.0,0.0395835005492768,0.0,0.0395835005492768,0.46365724204153863,3.3144899033260997
DOM,Dominican Republic,1998,87.0719375610352,26.9390409621776,8.99180996244975,0.0417539067566395,0.834,5.575,20.504732583696423,-0.777,8736.926,12.308000000000002,29.662345889,2.11248421669006,32.9162985066011,4.83166558591895,0.0,25.6425,69.875,21.6480290826642,0.0163062445282127,2.528143135999997,0.0,0.0,0.0318069084348044,0.0,0.0163062445282129,0.783,-0.416,0.352636105903133,0.791,17.9594395634087,0.366,49.4232307482331,0.660885274410248,0.11533660441637,0.282466351985931,0.0481131529630189,75.9113027135939,4940974.000000002,55898792.29999995,0.00883,0.0,14804091.999999998,0.0,0.0,0.0,1.0,8310362.0,0.0318069084348045,0.0,0.0318069084348045,0.0163062445282144,1.7814015803403027
DOM,Dominican Republic,1999,91.0,25.8524648027023,7.82103071357272,0.0412977673113346,0.832,5.54,24.475499352820535,-0.593,9117.248,12.613,25.223468441,2.13552641868591,33.1584737925779,6.470541868469281,0.0,25.045,70.178,21.6731371573955,0.163860528829725,5.045953253,0.0,0.0,0.0266677137950168,0.0,0.1638605288297245,0.783,-0.2014999999999999,-0.1218920325732551,0.791,20.4463313517472,0.366,50.6530442161906,0.657947719097138,0.114139586687088,0.26595950126648,0.1905282426247438,76.3027532814337,5098250.0,97839373.5,0.003791,0.0,6389660.0,0.0,0.0,0.0,1.0,8446208.0,0.0266677137950169,0.0,0.0266677137950169,0.1638605288297269,0.7565122715424484
DOM,Dominican Republic,2000,88.8,24.1652808310139,6.71834204747894,0.0403602309525013,0.847,5.557,20.43667382434804,-0.534,9403.746,13.234,27.523219149000003,2.15881991386414,31.6704245093107,7.72413566181616,0.0,26.7991666666667,70.365,20.9748604328103,0.3170583642570359,8.21779,0.0,0.0,0.0239684281764078,0.0,0.3170583642570364,0.783,0.0129999999999999,-0.111187099190865,0.791,18.2628978210494,0.362,52.1362731723537,0.678417325019836,0.11899508535862,0.300099074840546,0.3410267924334462,79.3003930961432,5263212.000000002,92877939.4000001,1.6230932500000002,,4823191.775,,,,,8584190.0,0.0239684281764079,0.0,0.0239684281764079,0.3170583642570383,0.5618691775228648
DOM,Dominican Republic,2001,89.8,24.7524373030774,6.99751861270975,0.0396512635052204,0.814,5.552,20.071666230996556,-0.401,9504.656000000004,14.163,26.122697443,2.17516422271729,29.7327726328976,8.88306848812961,0.0,24.2633333333333,70.553,19.6642972024579,0.0,14.564700000000002,0.0,0.0,0.0227890061773117,0.0,0.0,0.783,0.066,0.048028649113283,0.791,17.195792402842997,0.362,53.9598269500384,0.633791565895081,0.1191366314888,0.268796026706696,0.0227890061773123,70.5105678080061,5432557.000000002,89585998.10000002,3.2423955,,3256723.55,,,,,8720283.0,0.0227890061773118,0.0,0.0227890061773118,4.996003610813204e-16,0.37346535083781107
DOM,Dominican Republic,2002,89.7,24.8534986504745,6.80511921829037,0.0387570634484291,0.836,5.549,20.082579683826133,-0.452,9800.074,14.198,26.204946981000003,2.19163250923157,31.088108747831,5.223367697594469,0.0,26.055,70.719,20.367205798346,0.008183107065345,19.2111,0.0,0.0,0.0194646715603648,0.0,0.0081831070653457,0.783,0.119,-1.1831224656270405,0.791,17.886118080612498,0.347,53.775040851009,0.662498414516449,0.129027605056763,0.284999072551727,0.0276477786257114,68.7232829028777,5602704.0,69926911.20000005,4.86169775,,1690255.3249999995,,,,,8852235.0,0.0194646715603647,0.0,0.0194646715603647,0.008183107065346702,0.19094108154607278
DOM,Dominican Republic,2003,89.2,25.288101152543,6.69384984394826,0.0387786775827408,0.848,5.558,21.441000291994335,-0.374,9538.207,12.982,21.432982628,2.20822525024414,31.8823029095459,27.4497127394395,0.0,31.3916666666667,70.856,21.755210832006,0.515241558007629,23.2936,0.0,0.0,0.0263908367122385,0.0,0.515241558007629,0.783,-0.42,-2.6223544298354504,0.791,-1.5545578760995695,0.323,55.1622486562576,0.680992662906647,0.12589105963707,0.223641589283943,0.5416323947198656,84.4495031861592,5785872.0,177045895.70000017,6.481,0.0,123787.1,0.0,0.0,1.0,0.0,8980620.0,0.0263908367122386,0.0,0.0263908367122386,0.5152415580076269,0.013783803345426041
DOM,Dominican Republic,2004,90.3,26.9568655055943,7.02047299255392,0.038539931178093,0.871,5.663,23.6407582982231,-0.502,9659.024,13.734,20.643228374,2.2249436378479,31.8129445090859,51.4608598338065,0.0,32.6308333333333,70.73,21.5766031064474,1.18793379308578,27.8319,0.0,0.0,0.0261963564342342,0.0,1.1879337930857865,0.783,-0.344,-1.8256035488994096,0.791,-8.62150554794135,0.328,55.1415803993543,0.677116870880127,0.128516480326653,0.214145675301552,1.2141301495200203,81.3514229381911,5999342.000000002,253024154.20000005,81.95400000000001,0.0,1786597.2000000002,0.0,0.0,1.0,0.0,9104892.0,0.0261963564342343,0.0,0.0261963564342343,1.187933793085786,0.1962238761316444
DOM,Dominican Republic,2005,90.1,23.2353548711353,7.21193528375622,0.0381032638251781,0.884,5.618,19.6494366342449,-0.39,10439.471,14.786,20.526704795999997,2.24178862571716,30.2693576810614,4.190202604720561,0.0,24.1091666666667,71.043,18.3816788147589,0.704552608290341,39.2767,0.0,0.0,0.0164827820724517,0.0,0.7045526082903422,0.783,-0.259,0.515477232454944,0.791,17.3300499524693,0.328,55.767972107314,0.702994823455811,0.131892129778862,0.217034459114075,0.7210353903627933,61.6535587358027,6233900.999999998,445624947.0,534.5550000000001,0.0,13203508.500000002,0.0,0.0,1.0,0.0,9225034.0,0.0164827820724517,0.0,0.0164827820724517,0.7045526082903416,1.4312693590072407
DOM,Dominican Republic,2006,90.1,24.2039302961647,6.8587193196752,0.0380415618419647,0.872,5.682,18.6926214053015,-0.237,11267.424,15.263,22.465990758,2.27710962295532,31.1098612659885,7.572805238530741,0.0,19.475,71.054,17.5437475198523,1.57147795106193,49.3049,0.0,0.0,0.0347563601497664,0.0,1.571477951061933,0.783,-0.1099999999999999,-0.4007048663095389,0.791,12.0312823228441,0.328,55.599825837468,0.6982421875,0.132212698459625,0.231699243187904,1.6062343112117006,63.7664826351505,6476602.0,506927137.2000001,92.052,0.0,2448583.2000000007,0.0,0.0,1.0,0.0,9341183.0,0.0347563601497664,0.0,0.0347563601497664,1.571477951061934,0.26212774120793914
DOM,Dominican Republic,2007,96.9,23.8850199113742,6.51157391056705,0.0373720526695251,0.865,5.747,20.708266602406404,-0.1689999999999999,11967.654,16.602,23.090124531902383,2.31298732757568,30.5469468544139,6.14356655248047,0.0,15.8275,71.097,16.2292679671755,2.49633606037311,58.3022,0.0,0.0,0.0317119433923238,0.0,2.4963360603731157,0.783,-0.079,1.40222388059968,0.791,7.61220320142881,0.329,54.9331736137856,0.694615006446838,0.133925691246986,0.237697020173073,2.5280480037654396,61.229259153164,6715346.0,597503586.8,117.262,0.0,3330240.8,0.0,0.0,1.0,0.0,9455658.0,0.0317119433923239,0.0,0.0317119433923239,2.4963360603731157,0.3521955637566418
DOM,Dominican Republic,2008,97.6,20.8703946658693,6.27099180121697,0.0365555211901665,0.867,5.755,20.7401125439887,-0.214,12211.27,15.052,23.772615129552506,2.34943008422852,29.3755031583439,10.6446210953712,0.0,19.945,71.331,15.9825489411475,0.2038333468217559,75.32,0.0,0.0,0.0303136988066283,0.0,0.2038333468217548,0.783,-0.0379999999999999,-1.91028775183892,0.791,8.78614560242396,0.329,57.520666714712,0.721948623657227,0.136170610785484,0.256862044334412,0.2341470456283847,61.4285058325394,6939228.0,540901236.8,69.973975,0.0,19456294.2,0.0,0.0,1.0,0.0,9573130.0,0.0303136988066284,0.0,0.0303136988066284,0.2038333468217563,2.032385875883854
DOM,Dominican Republic,2009,97.9,18.8416420287256,6.01021373970952,0.0355004854500294,0.868,5.749,21.5664624818529,-0.244,12194.671,13.250000000000002,20.353535091,2.38644695281982,27.3561708818325,1.4421513183435302,0.0,18.1358333333333,71.587,14.9431826579297,0.0957122813826543,89.0106,0.0,0.0,0.027791631651548,0.0,0.0957122813826547,0.783,-0.003,-1.0538877072611,0.791,14.2220380608105,0.329,59.7079337570232,0.713762164115906,0.136093437671661,0.197354599833488,0.1235039130342023,50.6509376792025,7134697.0,1093881075.3,66.277545,0.0,94516860.9,0.0,0.0,1.0,0.0,9695265.0,0.0277916316515481,0.0,0.0277916316515481,0.0957122813826542,9.748765082749157
DOM,Dominican Republic,2010,98.1,19.2102067541625,5.87493178504912,0.0343876704573631,0.87,5.663,22.7350961859087,-0.287,13074.427,13.077999999999998,21.985123697,2.42404723167419,27.2729956898842,6.32993220146146,0.0,12.1366666666667,72.039,14.6281959627096,0.116273238164466,90.5563,0.0,0.0,0.056126938946956,0.0,0.1162732381644655,0.783,-0.0449999999999999,-1.1363350743933,0.791,6.44271446721715,0.324,60.1184532953709,0.708951532840729,0.134867504239082,0.21919858455658,0.1724001771114238,56.0573964175321,7283062.0,1461025210.5,18.926349,0.0,112902180.0,0.0,0.0,1.0,0.0,9820175.0,0.0561269389469561,0.0,0.0561269389469561,0.1162732381644677,11.496962121347124
DOM,Dominican Republic,2011,97.9,17.8238562597676,5.4136207001604,0.0334653146564961,0.871,5.573,22.9374372388722,-0.311,13341.204,12.900999999999998,20.856077585,2.47031021118164,27.543253721519,5.79676809206533,0.0,15.55,72.496,14.2302124694117,0.2953539463610179,88.1874,0.0,0.0,0.044856871263601,0.0,0.2953539463610184,0.783,0.0,-1.03685965787474,0.791,7.02414672142881,0.326,60.705409096801,0.731682896614075,0.130595222115517,0.204473152756691,0.3402108176246194,59.0692578401698,7384031.0,1622535035.5,11.795664,0.0,150982120.0,0.0,0.0,1.0,0.0,9945621.0,0.0448568712636011,0.0,0.0448568712636011,0.2953539463610183,15.180763473693599
DOM,Dominican Republic,2012,97.9,18.2843730883016,5.13892705786417,0.0328577794134617,0.869,5.543,22.5374088267045,-0.295,13561.014,13.532000000000002,20.257632154,2.51745581626892,27.3630347889582,3.694497078847771,0.0,15.4825,72.817,13.9624713634847,0.4046733738320089,88.7173,0.0,0.0,0.0421673349725935,0.0,0.4046733738320096,0.783,0.252,-4.39107797809107,0.791,10.0058845221437,0.337,61.2165323555741,0.743189752101898,0.125154390931129,0.19787073135376,0.4468407088046042,58.5062536731089,7476260.0,1513262370.7,22.290402,0.0,343568377.0,0.0,0.0,0.0,1.0,10070411.0,0.0421673349725936,0.0,0.0421673349725936,0.4046733738320106,34.1166191727428
DOM,Dominican Republic,2013,98.4,19.1597723243935,4.99410588425629,0.0323982872068882,0.868,5.549,23.4371404845689,-0.373,14071.387,14.073,18.872867862,2.56369662284851,28.042816852784,4.8309509674080005,0.0,13.5914005366667,73.038,13.3938704070421,0.974400856614988,90.2547,0.0,0.0,0.0553201134359215,0.0,0.974400856614988,0.768,0.207,-2.18274880415012,0.791,8.56630415564362,0.346,60.4379125336437,0.728717029094696,0.136954769492149,0.179884254932404,1.02972097005091,56.8137658014945,7566386.0,1316944438.4,780.0133119999999,0.0,1345723661.0,0.0,0.0,0.0,1.0,10193833.0,0.0553201134359215,0.0,0.0553201134359215,0.9744008566149885,132.01350865763644
DOM,Dominican Republic,2014,98.5,20.5814973683151,4.83780303264764,0.0318563990294933,0.868,5.599,25.2661648516991,-0.297,14912.894,14.247,19.092180172,2.59653639793396,28.3860007406051,2.99864226125219,0.0,13.9025,73.145,13.1566722596838,0.9733496247505,80.4955,0.0,0.0,0.0641599203946252,0.0,0.9733496247505043,0.768,0.1459999999999999,-0.4004563279717239,0.791,9.29486724502935,0.344,60.4426676510354,0.710495352745056,0.138549223542213,0.192633107304573,1.0375095451451326,55.6601041506633,7653416.0,802885729.9,1758.741109,0.0,1666805879.6,0.0,0.0,0.0,1.0,10315528.0,0.0641599203946252,0.0,0.0641599203946252,0.9733496247505073,161.5822165961839
DOM,Dominican Republic,2015,98.6,22.2656207252554,5.05883234424627,0.0315773449838162,0.868,5.755,26.0392720542651,-0.239,15791.32,16.648,21.25672542,2.62979674339294,26.9345632876959,0.8367463467245564,0.0,14.8766666666667,72.982,13.1172780500833,0.487794699076486,84.3066,0.0,0.0,0.0475531591552256,0.0,0.4877946990764865,0.756,0.228,2.28664630402831,0.791,12.2048880267937,0.348,61.0297558973097,0.683414101600647,0.135430976748467,0.216621831059456,0.5353478582317113,52.3471238667007,7736093.0,403128425.4,1736.267839,0.0,1311532146.1999998,0.0,0.0,0.0,1.0,10434829.0,0.0475531591552256,0.0,0.0475531591552256,0.48779469907648565,125.68793855653982
DOM,Dominican Republic,2016,98.9,22.558191150466,5.02704510564373,0.0315887294709682,0.867,5.876,26.9063969746819,-0.246,16684.411,13.871,22.280466089,2.66348338127136,25.8795514870557,1.6141660724522318,0.0,15.0841666666667,72.889,12.6815911037548,1.22105831015897,82.5303,0.0,0.0,0.0608896219981325,0.0,1.221058310158968,0.756,0.2409999999999999,-0.5715286989612791,0.828,12.810589780193002,0.348,62.0130672048251,0.658043563365936,0.135496273636818,0.229780733585358,1.2819479321571023,51.7306571245477,7813405.0,280731424.0,22.31668,0.0,1652370555.6,0.0,0.0,0.0,1.0,10551430.0,0.0608896219981325,0.0,0.0608896219981325,1.2210583101589698,156.60157491449024
DOM,Dominican Republic,2017,100.0,23.1027689952789,4.83760934052653,0.0319936461746693,0.866,5.8,27.5827678514226,-0.1629999999999999,17301.383,13.977,21.2070869,2.69760131835938,25.7840049829017,3.2795569467854584,0.0,13.91,73.37,12.2960770251777,0.98408437077863,82.2092,0.0,0.0,0.0512601701837898,0.0,0.9840843707786302,0.77,0.1519999999999999,-0.54750634654485,0.828,9.62636730477926,0.332,62.1317869930781,0.641932189464569,0.150255098938942,0.218027502298355,1.0353445409624182,50.7595355508472,7885656.0,297396255.4,13.724998,0.0,1583146663.9999957,0.0,0.0,0.0,1.0,10666843.0,0.0512601701837899,0.0,0.0512601701837899,0.9840843707786283,148.4175462224386
DOM,Dominican Republic,2018,98.9,25.130970903743,4.57147323875274,0.0326609387993813,0.866,5.857,27.3911536580126,-0.138,18334.612,14.191,22.471532785,2.73215627670288,26.9196437003489,3.56443426013508,0.0,12.5337,73.555,12.104241264209,0.83234888656992,82.8937,0.0,0.0,0.036540576935264,0.0,0.8323488865699193,0.79,0.0119999999999999,0.431020986850695,0.848,7.64602673118607,0.302,61.067519765139,0.641683459281921,0.149008244276047,0.240457803010941,0.8688894635051838,52.3351709577013,7952726.0,290433440.20000005,19.349132,0.0,1447396831.5,0.0,0.0,0.0,1.0,10782053.0,0.036540576935264,0.0,0.036540576935264,0.8323488865699198,134.24130186523846
DOM,Dominican Republic,2019,99.0,25.4770722552722,4.325119569610361,0.0332754962146282,0.876,6.132,28.0978072005075,-0.27,19089.518,14.396,23.136657335,2.76715397834778,27.3564369481505,1.8106037704295908,0.0,12.4867666666667,73.112,12.1194058859996,1.0218209372648,82.1376,0.0,0.0,0.0336235048170234,0.0,1.0218209372647973,0.808,-0.003,-0.718199708320717,0.848,8.58272820015155,0.28,60.9652850214225,0.646322667598724,0.139415577054024,0.244874864816666,1.0554444420818196,50.912982200697,8011517.0,288769935.20000005,19.265486,0.0,1536149017.2999954,0.0,0.0,0.0,1.0,10894043.0,0.0336235048170234,0.0,0.0336235048170234,1.0218209372647962,141.00816540746126
DZA,Algeria,1995,98.6,38.38664994912955,9.214742730752404,0.0359894074499607,0.529,5.835,5.199387035094851,-0.532,9093.926,27.613,15.015032071,1.71434307098389,42.54892499541865,29.7796264864999,0.0,18.4166666666667,67.691,16.765086382033637,0.0232419159888825,0.0164723520000009,4.46124812000903,14.1774813179102,0.2151481547633109,0.0,18.661971353908086,0.581,-1.783,1.56062657268459,0.662,-7.90216593784411,0.318,41.99844195417665,0.41065064072609,0.291141122579575,0.295912832021713,18.8771195086714,55.191005208143494,15947041.0,1477675125.4,1375.530011,0.0,11937474395.216974,0.0,1.0,0.0,0.0,28470191.0,0.215148154763311,0.0,0.215148154763311,18.661971353908086,419.2973062673508
DZA,Algeria,1996,98.6,44.84547788292655,9.102159211980924,0.0358689613640308,0.493,5.694,5.36490270870533,-0.455,9272.29,29.584,14.92058916,1.7472060918808,42.453364862451814,18.6790758601749,0.0,19.0,68.219,15.649213262593188,0.0240730637079515,0.0403662160000095,4.63271636138877,16.3135923983909,0.201542386527519,0.0,20.97038182348768,0.581,-1.783,5.88760494301396,0.662,-4.04920735792248,0.318,42.18187390835911,0.388119786977768,0.281419157981873,0.267613768577576,21.1719242100152,53.7051478767794,16484647.0,2031176058.9,1447.627741,0.0,16992496619.617027,0.0,1.0,0.0,0.0,29033044.0,0.201542386527519,0.0,0.201542386527519,20.97038182348768,585.2812615727454
DZA,Algeria,1997,98.6,45.20582624498714,9.091741674570534,0.0357047766447067,0.515,5.52,3.907416857131551,-0.9200000000000002,9219.688000000002,30.712,14.892465885,1.7806990146637,42.26018039223991,5.733522753571869,0.0,15.7083333333333,68.859,15.457430074044757,0.0167029949615871,0.0590310139999985,5.3278994745028,14.7901349570278,0.197996979583968,0.0,20.13473742649213,0.581,-1.831,5.81667393169296,0.662,8.13664537995793,0.318,42.33230100258444,0.386286467313767,0.307225495576859,0.26356115937233,20.3327344060761,52.2439115059386,17021583.0,2017823552.4,1526.919499,0.0,17015989460.34975,0.0,1.0,0.0,0.0,29579301.0,0.197996979583968,0.0,0.197996979583968,20.13473742649213,575.2667874183285
DZA,Algeria,1998,98.63155675201304,38.10230430883496,9.164491192854086,0.035543791949749,0.531,5.431,4.563822481552279,-0.814,9538.175,25.213,14.339159898000002,1.81483399868011,42.31576200877253,4.95016163793114,0.0,11.5,69.327,16.218816925060416,0.043122511921964,0.0601510429999976,5.29640841954736,9.01756331973938,0.269986790014507,0.0,14.357094251208691,0.581,-1.879,0.0865591374932708,0.662,15.1040086059725,0.318,42.21468362120801,0.372617363929749,0.308729946613312,0.302755266427994,14.6270810412232,45.0944505585079,17525977.0,2010716168.3,1537.50045,0.0,12863695399.827557,0.0,1.0,0.0,0.0,30054133.0,0.269986790014507,0.0,0.269986790014507,14.357094251208693,428.0175175849377
DZA,Algeria,1999,97.37761564722082,31.45669076033398,11.1069798696683,0.0354985743761063,0.542,5.205,5.388089301518928,-0.684,9692.945,27.595,14.269687115,1.84962320327759,44.2390490019449,2.6455111339279895,0.0,10.75,70.088,34.4790528559403,0.0259486752552404,0.2372629110000019,5.50096124701129,12.955667382787,0.1407278662101438,0.0,18.482577305053553,0.646,-1.656,1.68443431717084,0.662,-0.095922627849907,0.302,38.9784997705514,0.36432409286499,0.308580875396729,0.283336699008942,18.6233051712637,50.9291093379713,18005609.0,2082628769.3,1494.008263,0.0,16653261020.94922,0.0,1.0,0.0,0.0,30474354.0,0.140727866210144,0.0,0.140727866210144,18.482577305053553,546.468057073473
DZA,Algeria,2000,98.6,27.501736557623957,8.39504849504573,0.0355576351284981,0.606,5.109,5.965639985701525,-1.051,9882.847999999998,35.265,14.613370671,1.88507950305939,53.3309696535528,0.339163189071769,0.0,10.0,70.576,44.9803977869361,0.0216085733371285,0.2782819999999972,6.36143139801464,20.2038945100895,0.0999629046678327,0.0,26.586934481441265,0.657,-1.4329999999999998,12.5381786932681,0.662,-10.3343779975902,0.244,33.1105460051791,0.329536259174347,0.28055202960968,0.273995190858841,26.6868973861091,62.8583436360347,18496636.0,1885510115.2,1647.031414,0.0,30340171300.751728,0.0,1.0,0.0,0.0,30903893.0,0.0999629046678328,0.0,0.0999629046678328,26.586934481441265,981.758877457663
DZA,Algeria,2001,98.6,55.39955823551751,8.886179657499,0.0357004851102829,0.606,5.022,7.384503885528989,-0.516,10032.007,32.241,14.953874912,1.90001463890076,40.8145902645976,4.22598834854673,0.0,9.5,71.025,10.3451538024072,0.0209913566660275,0.3191699999999926,6.77330448791438,16.7197713612172,0.1168740874802589,0.0,23.51406720579754,0.657,-1.534,6.3678296767792,0.662,1.3754069352095892,0.244,43.9930011441695,0.343471854925156,0.293610215187073,0.291612386703491,23.6309412932778,54.5296491177208,18992271.0,1679854653.5,1626.9819650000002,0.0,26578356713.94405,0.0,1.0,0.0,0.0,31331221.0,0.116874087480259,0.0,0.116874087480259,23.51406720579754,848.3026152713311
DZA,Algeria,2002,98.6,50.11052148640054,8.41302644785912,0.035993155092001,0.644,4.88,11.2566389037062,-0.952,10418.306,32.709,15.350382233,1.91506826877594,39.7667145410183,1.4183019234505103,0.0,8.58333333333333,71.644,9.26121851105326,0.0173275115286968,1.418050000000008,5.62628427786398,17.703706765696,0.1236199667740209,0.0,23.347318555088677,0.657,-1.635,3.0139420448332395,0.662,7.11282850261404,0.244,44.6845597055727,0.335742771625519,0.308564752340317,0.302315592765808,23.4709385218627,56.5896052814114,19489064.0,1505040301.8,1747.1480420000005,0.0,25955336960.2631,0.0,1.0,0.0,0.0,31750835.0,0.123619966774021,0.0,0.123619966774021,23.347318555088677,817.4694290799943
DZA,Algeria,2003,98.6,55.48891150293862,8.45671950735323,0.0363743416965008,0.67,4.874,10.3642725018405,-0.912,10931.954,34.243,14.935117532,1.93024098873138,42.0401015762179,4.268953958394999,0.0,8.125,71.906,8.64007998371067,0.0108310764410362,4.496940000000009,4.62266032721416,19.6786326659537,0.1401985430030701,0.0,24.31212406960893,0.657,-1.754,9.22116107904862,0.662,-0.7503614497279116,0.244,43.0000362219583,0.318785697221756,0.302736520767212,0.285349756479263,24.452322612612,57.7691353044878,19994951.0,1178931448.8,1921.589879,0.0,38558349011.84019,0.0,1.0,0.0,0.0,32175818.0,0.14019854300307,0.0,0.14019854300307,24.31212406960893,1198.3642191113895
DZA,Algeria,2004,98.6,55.574302080489645,7.72217403415641,0.0368904694914818,0.673,4.744,10.2103283916163,-0.685,11257.407,33.445,15.578543144405744,1.94553411006928,44.9814633218361,3.96180030257187,0.0,8.0,72.536,7.86118213503579,0.0143692812615108,14.963700000000005,3.90735998177232,22.1269733272223,0.1086104175381139,0.0,26.048702590256188,0.657,-1.359,7.6502014462459,0.662,-3.09251853802661,0.244,41.318485873096,0.317986369132996,0.293774604797363,0.289455711841583,26.1573130077943,61.3579975707176,20523947.0,842694286.2,2012.833995,0.0,46552114675.88785,0.0,1.0,0.0,0.0,32628286.0,0.108610417538114,0.0,0.108610417538114,26.048702590256188,1426.741039228596
DZA,Algeria,2005,98.6,54.5484352111705,6.5592713699842,0.0375094003975391,0.674,4.731,11.5002886298427,-0.311,11684.367,39.275,16.019456885,1.96094822883606,48.5068360058496,1.38244656662118,0.0,8.0,72.836,8.06151876196538,0.0488688923690097,41.2614,4.62829429535199,27.914114150565496,0.0887542047392797,0.0,32.59127733828652,0.657,-0.914,12.3649330614136,0.662,-3.881747500686179,0.242,39.5234001714181,0.295884311199188,0.268068462610245,0.273424029350281,32.6800315430258,66.8404602203906,21077300.0,183861292.79999995,2077.050933,0.0,62332173873.290146,0.0,1.0,0.0,0.0,33109249.0,0.0887542047392797,0.0,0.0887542047392797,32.59127733828652,1882.6211936516636
DZA,Algeria,2006,98.7,56.766711998591504,6.366002714262629,0.0380223989486694,0.674,4.724,11.5208153731445,-0.906,11840.876,40.707,16.979323801,1.97648453712463,50.8913842012469,2.311499185144239,0.0,8.0,73.116,8.11584656308032,0.0724122609853374,62.4502,4.48809354777683,29.5343935472454,0.0964230669346166,0.0,34.09489935600758,0.657,-1.126,13.6355406241909,0.662,-2.5105199782339804,0.242,38.3695971271538,0.27891731262207,0.266656190156937,0.259842783212662,34.1913224229422,65.9152919677621,21658728.0,193526016.0,2061.1028165,0.0,67914692859.44482,0.0,1.0,0.0,0.0,33623506.0,0.0964230669346166,0.0,0.0964230669346166,34.09489935600758,2019.857562130636
DZA,Algeria,2007,98.7,57.7266753762172,6.32601878401142,0.0386615246534348,0.661,4.733,12.305815626595802,-0.883,12029.272,37.736,18.001104744,1.99214398860931,50.3717168823853,3.678995747416991,0.0,8.0,73.346,8.46045227925819,0.1303788591127219,80.6177,3.92429679953824,27.926708766248495,0.0786884227934083,0.0,31.981384424899392,0.657,-1.151,5.44303229493939,0.662,0.8445584366069987,0.242,39.7143271260495,0.285681188106537,0.267755508422852,0.272969841957092,32.0600728476928,67.5454733939763,22280927.0,203283360.0,2073.9198745,0.0,71846553497.3797,0.0,1.0,0.0,0.0,34189416.0,0.0786884227934083,0.0,0.0786884227934083,31.981384424899392,2101.4267543317997
DZA,Algeria,2008,99.3,57.86560170038071,5.54975092049628,0.0395862981677055,0.654,4.72,12.1301917581652,-0.814,12063.113,45.092,19.694563831,2.00792741775513,51.6161712058703,4.85859062814939,0.0,8.0,73.618,8.82116731993132,0.3342778497629459,77.6388,3.31233807885605,29.108640132372095,0.1098352944518799,0.0,32.75525606099112,0.657,-1.096,8.31299088199227,0.662,-6.18312466469342,0.242,39.5735544641773,0.287395358085632,0.28596618771553,0.288020431995392,32.865091355443,71.0284922505261,22944895.0,198140332.79999995,2033.5819945,0.0,98795076864.01952,0.0,1.0,0.0,0.0,34816961.0,0.10983529445188,0.0,0.10983529445188,32.75525606099112,2837.556007947377
DZA,Algeria,2009,98.8,47.6940668528447,8.01121741497815,0.0408491082489491,0.658,4.705,14.8475768615457,-1.175,11968.318,33.585,21.099113619,2.02383589744568,42.0128802106709,5.73706036145628,0.0,8.0,73.871,7.87621943005796,0.1714428110446149,92.2215,3.99167140096935,19.9046263657492,0.134510355599873,0.0,24.067740577763228,0.657,-1.197,-6.18666589500541,0.662,16.5976144696892,0.242,46.1374615012615,0.325757056474686,0.340280622243881,0.327223002910614,24.2022509333631,64.2847547238993,23604602.0,1878382595.6,1851.424868,0.0,53171344706.4559,0.0,1.0,0.0,0.0,35490445.0,0.134510355599873,0.0,0.134510355599873,24.067740577763228,1498.1876025069819
DZA,Algeria,2010,98.9,49.9672854180098,7.53171561491377,0.0419397801160812,0.676,4.678,13.790133198985998,-1.388,12297.062,33.742,21.678283604,2.03987050056458,45.2431946364671,3.91106195534028,0.0,8.0,74.144,9.3708250521221,0.15354556834639,90.5824,3.25358685142754,21.9939993236664,0.1371926811088231,0.0,25.40113174344028,0.672,-1.259,-1.09612183732339,0.662,-6.53956357149489,0.253,43.6024032576579,0.302191585302353,0.323900878429413,0.298450201749802,25.5383244245491,63.4912159928425,24290813.0,1845240799.3,1766.55142,0.0,66789589875.44809,0.0,1.0,0.0,0.0,36188236.0,0.137192681108823,0.0,0.137192681108823,25.401131743440278,1845.6160691404823
DZA,Algeria,2011,99.0,49.0280054233191,7.08352512171367,0.0428056828677654,0.676,4.658,12.5651064123385,-1.768,12410.163,36.662,21.496668131,2.07550859451294,44.9869856015855,4.524211505052701,0.0,8.0,74.383,9.73343874629741,0.155584161415637,96.5113,3.27268025363181,25.0260096148481,0.127015928820299,0.0,28.4542740298956,0.672,-1.361,-0.8216182815719257,0.662,-7.620226489358771,0.253,44.6513051761826,0.298133730888367,0.335194766521454,0.280550599098206,28.5812899587159,62.2200899610479,24996281.0,1839537438.9,1721.102365,0.0,93101750603.61723,0.0,1.0,0.0,0.0,36903376.0,0.127015928820299,0.0,0.127015928820299,28.4542740298956,2522.85185516949
DZA,Algeria,2012,98.8,48.3918493760611,8.02697167412095,0.0435170419514179,0.668,4.654,12.908643865172202,-1.4950000000000003,12448.28,35.995,22.259405614,2.11176919937134,43.1950549091774,8.89145091062317,0.0,8.0,74.609,8.5589556099004,0.1429474528207819,99.6853,3.36687425907052,22.6025382987382,0.1401544514940831,0.0,26.112360010629516,0.672,-1.325,-3.79781521603969,0.662,-0.0022652614397831,0.259,44.9114940485958,0.32344576716423,0.312538534402847,0.29222372174263,26.2525144621236,60.7576393340605,25728190.0,1841514311.8,1615.2531269999995,0.0,88728280030.91824,0.0,1.0,0.0,0.0,37646166.0,0.140154451494083,0.0,0.140154451494083,26.112360010629516,2356.9008336976
DZA,Algeria,2013,99.2,46.4770826652906,9.12007464194984,0.0440587066113949,0.669,4.641,15.0652748989807,-1.471,12504.092,32.678,23.44472325146675,2.14866352081299,39.7438543670176,3.254239109988472,0.0,8.0,74.809,8.02018645677549,0.0799940492930439,102.871,3.15384901781361,20.8724313901278,0.116859438703444,0.0,24.106274457234456,0.65,-1.202,-0.545805545324223,0.692,7.04435828748252,0.259,46.7933663667477,0.351972937583923,0.298537135124207,0.315410435199738,24.2231338959379,59.15100815724399,26485182.0,1845203857.4,1564.572083,0.0,88738423135.6336,0.0,1.0,0.0,0.0,38414171.0,0.116859438703444,0.0,0.116859438703444,24.106274457234456,2310.0439453875915
DZA,Algeria,2014,99.3,44.3224182791101,9.40707440856373,0.0447334758937359,0.658,4.646,16.4216636360138,-1.403,12743.188,29.802,23.96985339853655,2.18620228767395,38.5614138325673,2.9169269206745803,0.0,8.0,74.992,9.87797970942307,0.0545536170787535,110.44,3.0569020902826,19.3167294732848,0.1841246028571979,0.0,22.4281851806461,0.65,-1.191,-6.948646147909249,0.692,6.45599979815453,0.261,47.9036022305248,0.368450731039047,0.315419763326645,0.31715327501297,22.6123097835033,56.9235419669867,27265874.0,1735936449.6,1669.265104,0.0,83136661520.6058,0.0,1.0,0.0,0.0,39205031.0,0.184124602857198,0.0,0.184124602857198,22.4281851806461,2120.5610453568015
DZA,Algeria,2015,99.4,37.4611358992195,10.5327896965018,0.0453425496816635,0.653,4.645,19.2203451351034,-1.626,12866.813,27.039,24.43240536496197,2.22439670562744,32.7565009315894,4.7844470069388905,0.0,8.0,75.159,7.11001759889613,0.0564100379035481,108.016,2.90603072482324,11.7459031918092,0.2169087948551979,0.0,14.708343954535902,0.65,-1.091,-13.6532050781224,0.759,13.6683505561602,0.261,52.1103711658838,0.406219661235809,0.333682954311371,0.332892954349518,14.9252527493911,53.2046225904145,28071021.0,1660361592.5,1639.1264964999998,0.0,46190762113.59909,0.0,1.0,0.0,0.0,40019529.0,0.216908794855198,0.0,0.216908794855198,14.708343954535902,1154.2055408398007
DZA,Algeria,2016,99.4,37.7513605231004,11.0683130545794,0.0457648038864136,0.653,4.647,20.252454823048495,-0.959,13080.748,25.332,24.503464420496172,2.26325869560242,32.205164049828,6.397694802687571,0.0,8.0,75.31,6.89853876611083,0.050784675946162,115.154,2.56694843286828,10.0262189142963,0.175229379443736,0.0,12.643952023110764,0.641,-1.1,-11.6102789269906,0.759,7.08263567020895,0.285,52.3939905220294,0.429103761911392,0.325757801532745,0.321857661008835,12.8191814025545,49.7609327925216,28895912.0,1610758149.3,1668.7036525,0.0,39753929312.85337,0.0,1.0,0.0,0.0,40850721.0,0.175229379443736,0.0,0.175229379443736,12.643952023110764,973.1512281717958
DZA,Algeria,2017,99.5,39.3126580455441,11.0318809304784,0.0458506345748901,0.683,4.66,21.8603855833638,-0.935,12998.363,28.702,25.009240334,2.30279946327209,33.4766949498416,5.59111590961664,0.0,8.0,75.431,7.33456829401543,0.0407837177161842,109.97,2.96806789859693,12.1565741270026,0.2069672275273288,0.0,15.165425743315671,0.656,-0.92,-6.7446383900724305,0.748,2.91790627930198,0.239,51.2221393515536,0.434138715267181,0.302729219198227,0.317580312490463,15.372392970843,49.8208161712587,29733972.0,1706376276.2,1633.8023385,0.0,48412332409.48925,0.0,1.0,0.0,0.0,41689299.0,0.206967227527329,0.0,0.206967227527329,15.165425743315671,1161.26520643797
DZA,Algeria,2018,99.6,41.1870471509403,11.2438301354995,0.0457032807171345,0.682,4.667,22.387148870126,-1.578,12920.12,30.096,25.478780211,2.34303092956543,35.3432586054084,4.26999020467084,0.0,8.0,75.555,7.07738040001596,0.0265132651271735,110.938,4.64378704706283,15.9428081774505,0.104094347857166,0.0,20.61310848964043,0.67,-0.842,-5.705245296818071,0.748,1.7287497728930097,0.249,49.4261444653673,0.435820043087006,0.27838921546936,0.316845029592514,20.7172028374976,52.4361676779223,30563352.0,1666425596.1,1604.858848,0.0,63105981323.05158,0.0,1.0,0.0,0.0,42505035.0,0.104094347857166,0.0,0.104094347857166,20.61310848964043,1484.670729551254
DZA,Algeria,2019,99.5,38.5597350523564,11.4791798857164,0.0453827902674675,0.773,4.681,22.9128695368994,-1.025,12786.558,28.591,25.529331697000003,2.38396549224854,33.5743211841578,1.9517682105289216,0.0,8.0,75.682,6.40396994400067,0.0029012873898952,104.922,4.23642792336282,14.1421031504305,0.142246577676085,0.0,18.381432361183215,0.657,-1.056,-8.01512645184081,0.748,7.05471454760202,0.225,50.4800694011749,0.447727769613266,0.284289628267288,0.298534840345383,18.5236789388593,46.5068426081672,31380950.0,1656880871.0,1574.569384,0.0,48082072806.677,0.0,1.0,0.0,0.0,43294546.0,0.142246577676085,0.0,0.142246577676085,18.381432361183215,1110.580367482708
ECU,Ecuador,1995,89.830167,15.0829813188832,21.9121688235555,0.0396233946084976,0.618,5.073,25.827675164389724,-0.996,7824.51,19.928,18.78284119515936,2.33196043968201,27.1405229373742,22.9341344145802,0.0,40.904519644622745,71.349,22.1645697816292,0.1752587152740909,0.470346788999997,0.0046055518567871,6.45365140471758,1.18302243803213,0.0,6.6335156718484605,0.66,-0.77,0.255444879984233,0.82,28.696320999480676,0.406,47.8071197724812,0.573623597621918,0.264385223388672,0.16344927251339,7.816538109880589,45.9112707318244,6747820.0,173451086.99999988,395.00741,0.0,2545263793.9453125,0.0,1.0,0.0,0.0,11590514.0,1.18302243803213,0.0,1.18302243803213,6.633515671848459,219.5988714517158
ECU,Ecuador,1996,92.0513763427734,17.4698156081961,20.7500581031484,0.0396859683096409,0.618,4.993,20.81935395240875,-1.059,7824.691000000001,19.295,18.018761125,2.35579395294189,26.7891803608979,24.4114592150674,0.0,32.708371760011644,71.82,21.9243247145014,0.1341120019297379,0.5076677109999963,0.0046136517034545,7.78787008443719,1.13724756692996,0.0,7.92659573807039,0.671,-0.77,0.255444879984233,0.82,23.701856176677715,0.382,49.4611755952499,0.584536612033844,0.247073888778687,0.138621628284454,9.06384330500035,44.2157026832153,6944264.0,145036962.39999998,393.007208,0.0,3054891314.5348806,0.0,1.0,0.0,0.0,11810950.0,1.13724756692996,0.0,1.13724756692996,7.92659573807039,258.64907687653243
ECU,Ecuador,1997,92.429817199707,17.5588211815521,20.1087737333262,0.0393400974571705,0.568,4.997,21.62200961277848,-1.093,8035.168,19.138,18.613044482,2.37987112998962,25.8733559916857,30.6575675722173,0.0,32.019765780477734,72.007,20.4203734464423,0.0297507017148643,1.055277857,0.0034229064339272,6.17219683622489,0.946954582657732,0.0,6.205370444373678,0.707,-0.466,1.0979312246294,0.82,24.895276251647456,0.358,50.1865605095813,0.493044793605804,0.201341956853867,0.294887036085129,7.152325027031409,45.0171863180765,7139029.0,133440820.89999998,397.003069,0.0,2799449698.735404,0.0,1.0,0.0,0.0,12031127.0,0.946954582657732,0.0,0.946954582657732,6.205370444373678,232.68391221665303
ECU,Ecuador,1998,92.726642,15.5927574668981,17.4759454640616,0.0388389565050602,0.576,5.077,21.790803151699677,-1.071,8174.005,16.432,19.225430013,2.40419411659241,25.8163124547115,36.0984331623886,0.0,29.762772247239916,71.949,19.9260144824571,0.0129509600672261,1.9903122159999995,0.0026464706314381,3.212143119673329,0.836477723285144,0.0,3.227740550371996,0.704,-0.1619999999999999,-1.3717908235099403,0.82,22.791146596849195,0.402,52.085486843384,0.533509969711304,0.186001226305962,0.320390701293945,4.06421827365714,43.395107949805,7331024.0,69627085.10000002,385.001474,0.0,1800856589.2801526,0.0,1.0,0.0,0.0,12251184.0,0.836477723285144,0.0,0.836477723285144,3.227740550371996,146.99449369792768
ECU,Ecuador,1999,93.071434,23.6470203914615,17.5713518152118,0.0382153913378716,0.608,5.158,20.892564406529782,-0.849,7673.700999999999,19.304,15.337669847,2.42876577377319,28.7803284365777,52.24200518582251,0.0,29.918947505555444,71.92,21.2679363090736,0.0159090707299482,3.0872025449999967,0.0054774308663152,7.86330811758721,0.3483663527170229,0.0,7.884694619183468,0.713,-0.367,2.31083271176319,0.82,23.06473346851785,0.387,49.5185544512603,0.553113400936127,0.197153329849243,0.180189296603203,8.23306097190049,49.2012507989376,7518816.0,45196754.10000014,383.002026,0.0,2530361028.9883304,0.0,1.0,0.0,0.0,12470795.0,0.348366352717023,0.0,0.348366352717023,7.884694619183468,202.90294475920183
ECU,Ecuador,2000,93.7,28.6808923258888,12.401175424691,0.0375057607889175,0.564,5.168,20.367292445480928,-0.93,7643.448,23.939,17.016768687000003,2.45358872413635,34.6929113152167,96.0963756926096,0.0,28.053120246854785,72.09,23.9393098444242,0.0312504676242628,3.8001799999999974,0.0149274346317536,16.3324950885101,0.3537646288081191,0.0,16.37867299076608,0.704,-0.572,5.70910422967397,0.82,8.957439329922115,0.379,46.9393808627558,0.569772899150848,0.192734330892563,0.154048562049866,16.7324376195742,65.4042953826391,7700635.0,190583160.29999995,403.002871,0.0,4217405812.8320312,0.0,1.0,0.0,0.0,12689206.0,0.353764628808119,0.0,0.353764628808119,16.37867299076608,332.36167911782906
ECU,Ecuador,2001,94.0,20.7560593981385,10.4701484905882,0.0369913130998611,0.564,5.052,20.350817474612985,-0.748,7788.869000000001,21.423,19.77303665,2.48427653312683,28.4638100268279,37.6767454518094,0.0,30.57297348606773,72.571,20.4272571669847,0.010199919271322,6.65455,0.0125625783754854,9.09069290930629,0.2938810744956031,0.0,9.113455406953106,0.704,-0.6659999999999999,4.33981998746628,0.82,24.37104022947146,0.379,52.6943573230574,0.551974415779114,0.152195975184441,0.288854837417603,9.40733648144871,56.128486744205,7877146.0,231332574.79999995,410.003005,0.0,3684322045.7198505,0.0,1.0,0.0,0.0,12910740.0,0.293881074495603,0.0,0.293881074495603,9.113455406953106,285.3687740377275
ECU,Ecuador,2002,94.2,19.5664723023521,9.43400389965372,0.0366982147097588,0.564,4.908,19.0719396318142,-1.076,7998.551000000001,23.512,22.221742124,2.51534819602966,27.9809746339912,12.4835980082095,0.0,30.617032566328973,73.164,18.8763207423972,0.0591764232924234,11.8801,0.0052559739651216,8.07370405839442,0.2500107646208509,0.0,8.138136455651969,0.704,-0.76,3.84871504537307,0.82,24.416935495275485,0.379,54.0499206093605,0.594095826148987,0.140559315681458,0.279831320047379,8.38814722027282,54.7966439366136,8052192.0,353011603.70000005,394.00275,0.0,3626094418.604653,0.0,1.0,0.0,0.0,13138472.0,0.250010764620851,0.0,0.250010764620851,8.138136455651969,275.9905732268298
ECU,Ecuador,2003,95.0,19.2862891882647,9.05012813090098,0.0365541949868202,0.566,4.817,18.0551202336506,-0.916,8089.609,22.316,21.493407767,2.54680848121643,27.5468648555501,7.92936487461556,0.0,32.006665299304565,73.632,17.3160600116104,0.104498850632412,17.933800000000005,0.0052872442884199,8.39147653417875,0.2388452005275489,0.0,8.50126262909958,0.716,-0.961,3.6920244236168704,0.82,25.017596863491143,0.373,56.0993066799358,0.643281757831574,0.1356181204319,0.201000794768333,8.74010782962713,52.3575426975979,8229564.0,438756418.0,420.004819,0.0,4476129089.0625,0.0,1.0,0.0,0.0,13372306.0,0.238845200527549,0.0,0.238845200527549,8.50126262909958,334.73127888806164
ECU,Ecuador,2004,94.8,20.1768229823779,7.96891951563388,0.0364435687661171,0.566,4.813,20.541398022022904,-1.104,8494.181,23.232,20.900953746000003,2.57254362106323,29.6637383769892,2.743231989267042,0.0,29.9331817711308,73.868,15.9186999201902,0.0862266175887913,26.0434,0.0053453483959928,12.2508252521177,0.2302393245919329,0.0,12.342397218102567,0.713,-0.843,4.20494567721445,0.82,25.12408904310518,0.372,55.5666641577838,0.636372148990631,0.115907393395901,0.212125718593597,12.5726365426945,56.0745467239942,8407858.0,341188532.0,528.0055,0.0,7442200380.000001,0.0,1.0,0.0,0.0,13608701.0,0.230239324591933,0.0,0.230239324591933,12.342397218102567,546.8707395364187
ECU,Ecuador,2005,95.8,23.8537898900169,7.72632554619423,0.0364779755473137,0.551,4.879,21.9843010481258,-0.926,8842.207,22.706,22.19717794,2.59416246414185,32.1244730702211,2.1682770118372012,0.0,24.911344825824752,73.909,14.7037965260626,0.0904096131303906,45.1124,0.0137364930608803,16.5366396462506,0.2090523041284939,0.0,16.640785752441904,0.717,-0.794,2.66365467587573,0.82,18.776893633500016,0.363,54.4341944825683,0.654260337352753,0.103764370083809,0.196381390094757,16.8498380565704,61.9581507902572,8585572.0,125314105.79999997,534.005621,0.0,10703105741.307388,0.0,1.0,0.0,0.0,13846163.0,0.209052304128494,0.0,0.209052304128494,16.640785752441904,773.0015702767176
ECU,Ecuador,2006,96.3,27.2054776263263,7.71967865189029,0.0366635322570801,0.559,4.923,22.3312165490477,-0.868,9065.311,24.65,22.294319751,2.61596298217773,34.7933483797009,3.29874846258215,0.0,22.642367317939794,74.01,14.0483715285816,0.1200958014696369,60.2369,0.0184815396309601,17.9868791091883,0.2639550714868119,0.0,18.125456450288887,0.71,-0.854,4.88267781602318,0.82,12.597495617041218,0.376,52.4424149459359,0.637054562568665,0.1019793450832369,0.195610493421555,18.3894115217757,65.8423556166562,8762982.0,72254827.60000002,537.6849445,0.0,12885556938.699575,0.0,1.0,0.0,0.0,14086131.0,0.263955071486812,0.0,0.263955071486812,18.125456450288887,914.7690688592613
ECU,Ecuador,2007,96.8,27.7720828105919,7.648394216702631,0.0369307845830917,0.556,4.918,23.3804598593846,-0.8,9075.061999999998,27.344,22.651942545,2.63794684410095,35.4352292862054,2.276184780021211,0.0,19.824047486367498,74.226,14.1174583702993,0.0715927422537483,69.3707,0.0200087462005953,16.5138217754915,0.2947687680753741,0.0,16.605423263945823,0.685,-0.816,4.38681689843719,0.816,10.08148998087808,0.405,51.9074780749157,0.634557008743286,0.103433184325695,0.192399129271507,16.9001920320212,68.8505854462677,8939543.0,52036052.30000007,513.0931115,0.0,13660243615.521572,0.0,1.0,0.0,0.0,14328773.0,0.294768768075374,0.0,0.294768768075374,16.605423263945823,953.3435706966376
ECU,Ecuador,2008,97.2,30.209294648805,7.3493757008365,0.0373858213424683,0.558,4.807,23.9648755618427,-0.819,9498.504,36.161,24.398702922,2.66011524200439,38.9201614839835,8.40009593987462,0.0,25.613269927147307,74.709,13.6931926001675,0.022354192936921,80.1668,0.017427843282098,18.654574856841,0.267515886301042,0.0,18.69435689306006,0.666,-0.729,1.72049763567568,0.804,6.044764531553582,0.392,50.1895274209096,0.611448407173157,0.104869171977043,0.219077050685883,18.9618727793611,74.5902963648439,9115266.0,50719550.79999995,506.7230172000001,0.0,18103998353.005684,0.0,1.0,0.0,0.0,14575202.0,0.267515886301042,0.0,0.267515886301042,18.69435689306006,1242.1096018433009
ECU,Ecuador,2009,96.5,26.8912160065077,8.61225542007853,0.0377471782267094,0.552,4.83,24.8896332211154,-0.926,9429.101,30.582,23.332172891,2.68247008323669,31.0916213331503,5.15996829181047,0.0,16.465696206392956,74.901,14.3067678633646,0.1407507232221769,89.3147,0.0215040580227174,8.82457083402611,0.2772572237571169,0.0,8.986825615271004,0.663,-0.674,-3.13322820494285,0.804,12.0808000812132,0.401,54.7057842337508,0.644214868545532,0.126624867320061,0.207223027944565,9.26408283902812,57.3473460627608,9289765.0,452056205.4,488.3712614,0.0,11156786151.919268,0.0,1.0,0.0,0.0,14825954.0,0.277257223757117,0.0,0.277257223757117,8.986825615271004,752.5172512958875
ECU,Ecuador,2010,97.5,26.0423082863636,8.33021025899583,0.0381076335906982,0.572,4.814,27.0843336858919,-0.599,9630.139,34.01,24.584779004,2.70501255989075,33.9061751825852,3.5543773456784287,0.0,14.753204614714448,75.188,13.4157104992039,0.144998503952396,98.0369,0.0152411813949828,11.1941478463167,0.4363440059022301,0.0,11.35438753166407,0.673,-0.587,-0.7798763514640281,0.804,11.994888058554704,0.379,53.5584229032423,0.652940928936005,0.125547528266907,0.215186893939972,11.7907315375663,65.7773849135062,9459198.0,444080218.7000001,488.7927721,0.0,14349821453.998436,0.0,1.0,0.0,0.0,15076695.0,0.43634400590223,0.0,0.43634400590223,11.35438753166407,951.7882701744935
ECU,Ecuador,2011,96.9,28.234311176099,7.90853917487421,0.0386972427368164,0.572,4.935,27.5915486903939,-0.8899999999999999,10272.965,39.487,25.84714837812023,2.71133708953857,37.4057005178901,4.474532657958399,0.0,15.072421266054006,75.179,12.8501503190767,0.1930714063934608,100.042,0.0219014648757271,16.0118572281981,0.3505459064333609,0.0,16.22683009946734,0.677,-0.687,0.508471298024619,0.804,12.752664605775855,0.385,51.5008663236349,0.622847855091095,0.123964034020901,0.216572999954224,16.5773760059007,70.0356837525249,9624090.0,442707633.7999999,502.014514,0.0,20592316416.57487,0.0,1.0,0.0,0.0,15326227.0,0.350545906433361,0.0,0.350545906433361,16.22683009946734,1343.5998577193768
ECU,Ecuador,2012,97.2,28.101749582809,6.99944108995073,0.0392307154834271,0.577,4.901,28.44437278344,-0.782,10688.853,40.39,26.99725516,2.71767663955688,37.0917503800762,5.10172180958666,0.0,15.062264609107974,75.486,12.5996773832049,0.1833327699615519,105.68,0.0448272573078321,13.9638597674194,0.334498838726345,0.0,14.192019794688754,0.68,-0.57,-2.31276124597266,0.804,12.73758251962768,0.377,51.742214810209,0.626273810863495,0.115782544016838,0.219147801399231,14.5265186334151,67.0029290916898,9785703.0,443183393.0,506.4236086,0.0,20861839537.198692,0.0,1.0,0.0,0.0,15572194.0,0.334498838726345,0.0,0.334498838726345,14.192019794688754,1339.6853094174587
ECU,Ecuador,2013,98.0,27.5168579289105,6.96320880489033,0.0397886708378792,0.57,4.846,28.5522332055412,-0.947,11275.295,38.604,28.44402015351416,2.7240309715271,36.8322936524171,2.7217757771037085,0.0,15.04700351857226,75.832,12.2611805401854,0.1644247996455259,105.182,0.0450469705695697,12.2978605117168,0.3739930548768639,0.0,12.507332281931935,0.698,-0.179,-7.93051408656385,0.804,12.393419737623748,0.356,52.0189015811005,0.593934059143066,0.121021084487438,0.239309281110764,12.8813253368088,63.4333003342414,9940111.0,444071328.1,532.0634345,0.0,21345911391.189365,0.0,1.0,0.0,0.0,15807128.0,0.373993054876864,0.0,0.373993054876864,12.507332281931935,1350.3978326226854
ECU,Ecuador,2014,99.0,27.6576047125093,7.40439967003185,0.0402809418737888,0.569,4.815,29.208430980274,-1.156,11566.497,37.947,28.023825456371295,2.73040008544922,35.7119955282529,3.58922016616663,0.0,15.052405173387395,76.141,13.1351000392395,0.0892047794978054,103.559,0.0426715913878212,11.0826381316277,0.375842676044914,0.0,11.214514502513383,0.7,-0.019,-7.86895027159825,0.804,12.397294913106158,0.344,52.8341973543552,0.590746283531189,0.131686866283417,0.247785672545433,11.5903571785583,61.4263766217565,10089820.0,417774519.6,559.5618019000001,0.0,20420229087.732327,0.0,1.0,0.0,0.0,16035124.0,0.375842676044914,0.0,0.375842676044914,11.214514502513385,1273.4687357411347
ECU,Ecuador,2015,98.8,24.7635206764987,8.02049629728797,0.0403441376984119,0.569,4.869,29.9362613682185,-0.99,11401.517,37.245,26.252753395203857,2.73678398132324,28.0900423392523,3.966646232553579,0.0,22.24124654680875,76.222,14.2997317197965,0.0643810131639395,79.5746,0.019029143170083,4.19483660505841,0.353777217138995,0.0,4.278246761392435,0.706,-0.1469999999999999,-6.40099238333708,0.804,18.299145379605665,0.344,57.6066295867738,0.621949136257172,0.145428106188774,0.234479263424873,4.63202397853143,47.8280397077826,10241083.0,399586498.0,544.9051046,0.0,10684890829.227694,0.0,1.0,0.0,0.0,16266225.0,0.353777217138995,0.0,0.353777217138995,4.2782467613924355,656.8758780373254
ECU,Ecuador,2016,98.7,26.3957474733082,8.07212585894998,0.0398553125560284,0.569,5.005,31.5046558000332,-1.046,11151.895,33.872,24.37422718,2.74318289756775,27.5339637947157,1.728264633245331,0.0,25.93291417158741,76.094,14.5926588381272,0.0828958421781742,84.1088,0.0089325525577212,3.26158550456448,0.4046539093149011,0.0,3.3534138993003797,0.706,-0.092,-9.67817823197687,0.804,21.007332272196894,0.333,58.567451344755,0.609337985515595,0.152859449386597,0.210963129997253,3.75806780861528,40.5344917996647,10396808.0,739366335.8,550.4085277,0.0,9036911063.926792,0.0,1.0,0.0,0.0,16505139.0,0.404653909314901,0.0,0.404653909314901,3.3534138993003793,547.5210517116392
ECU,Ecuador,2017,99.2,26.3208443369477,7.90222040951574,0.039438895881176,0.552,5.066,34.2208461040213,-1.027,11642.842,34.748,25.064429084,2.74959659576416,28.4680086969835,0.4173355886668233,0.0,15.089466608507449,76.22,13.9316523803397,0.0849569513997177,87.4214,0.0099993351361002,4.51289936555742,0.3758645824229321,0.0,4.607855652093239,0.622,-0.079,-4.68422297670222,0.816,12.066352201374984,0.431,58.0552249529581,0.581279993057251,0.155411392450333,0.239988207817078,4.98372023451617,43.6177233172817,10561758.0,783256738.6,531.7290089,0.0,10770010850.114227,0.0,1.0,0.0,0.0,16759519.0,0.375864582422932,0.0,0.375864582422932,4.607855652093238,642.6205221112984
ECU,Ecuador,2018,98.7,25.7948250258756,7.64505994805811,0.0394112132489681,0.576,4.648,38.3374947486699,-1.015,11594.126,38.148,25.266497455,2.75602555274963,28.0147488586162,-0.2241032460055514,0.0,14.802859080886838,77.248,13.3663080349279,0.0,92.5118,0.018321329186461,6.75910009874679,0.3189993573338421,0.0,6.777421427933257,0.64,-0.095,-1.39597781182157,0.816,12.046450460224412,0.507,58.7476436434848,0.60789942741394,0.159585207700729,0.23684173822403,7.0964207852670995,48.0093476154836,10748602.0,764918673.5,522.7480512999999,0.0,13835015360.290098,0.0,1.0,0.0,0.0,17049547.0,0.318999357333842,0.0,0.318999357333842,6.777421427933257,811.4594106394791
ECU,Ecuador,2019,99.1,26.2956581762764,7.78676459859086,0.0392524898052216,0.549,4.753,42.6915820194147,-1.184,11448.816,36.303,24.430081349,2.76246953010559,26.6504631266844,0.266012515466155,0.0,15.849456303351644,77.286,12.6784857740305,0.0,91.4249,0.0174551929671251,5.52629823993135,0.2769476162361131,0.0,5.543753432898477,0.629,-0.238,-1.92432524502643,0.816,12.80163453451717,0.518,59.4371120144712,0.618181049823761,0.160325944423676,0.220845773816109,5.820701049134591,48.0828494933307,10935088.0,2114249049.6,537.3121526,0.0,12767886184.966406,0.0,1.0,0.0,0.0,17340021.0,0.276947616236113,0.0,0.276947616236113,5.5437534328984786,736.3247244606224
EGY,"Egypt, Arab Rep.",1995,95.5,22.1233360395207,15.7107843137255,0.0621831454336643,0.7,7.15,32.7338235294118,-0.303,7164.851000000001,26.272029926354573,7.522591729000002,1.82311594486237,30.2450980392157,15.7422305021596,0.0,16.4708333333333,65.214,16.3382352941176,0.0131293718550866,0.0114825539999969,0.612728283364487,7.509060733790941,0.32801718603623,0.0,8.134918389010519,0.829,-0.526,0.5583538191718183,0.68,4.55215763100247,0.339,47.6764705882353,0.827451944351196,0.0763904899358748,0.076538436114788,8.46293557504675,50.2450980392157,28034918.0,103311055.80000009,1115.5419349,0.0,6842758775.817329,0.0,1.0,0.0,0.0,65652622.0,0.32801718603623,0.0,0.32801718603623,8.134918389010519,104.22674018742663
EGY,"Egypt, Arab Rep.",1996,96.1543273925781,18.6314945973769,16.1150828247602,0.0625399947166443,0.804,6.918,36.5343940714908,-0.461,7361.050000000001,26.242039038868793,7.664421593,1.85067498683929,29.5187445510026,7.18710369719992,0.0,15.5833333333333,65.733,16.5370531822145,0.0163292304660991,0.0112391950000017,0.632966198090484,8.40318332983217,0.3027209774878419,0.0,9.052478758388748,0.832,-0.526,0.510455488070926,0.68,7.91322048801275,0.339,47.7336530078466,0.821014106273651,0.0592218115925789,0.0951845273375511,9.35519973587659,46.9485614646905,28580556.0,15673764.299999952,1086.1769331,0.0,8340774848.654295,0.0,1.0,0.0,0.0,67028048.0,0.302720977487842,0.0,0.302720977487842,9.052478758388748,124.43708413908003
EGY,"Egypt, Arab Rep.",1997,96.4024658203125,17.6221125115503,15.7510342233923,0.0631751120090485,0.804,6.732,39.6936066190297,-0.241,7628.116,26.346594389372388,8.233266065999999,1.8786506652832,28.9996239187665,4.62560578826438,0.0,13.7916666666667,66.207,16.3155321549455,0.0153523678026592,0.0975882400000003,0.593986674942503,6.09921817559871,0.2641732470438129,0.0,6.708557218343876,0.832,-0.2735,0.7594391035262993,0.68,3.56345275833201,0.339,48.1519368183528,0.805355548858643,0.0686007291078568,0.112163417041302,6.97273046538769,43.7382474614517,29176418.0,0.0,1064.1438356,0.0,7611298696.523258,0.0,1.0,0.0,0.0,68431740.0,0.264173247043813,0.0,0.264173247043813,6.708557218343876,111.22468457653216
EGY,"Egypt, Arab Rep.",1998,96.6465225219727,18.7699538320562,15.8844815588031,0.0640492290258408,0.804,6.575,46.5550104384134,-0.426,8042.896,26.758505619799145,9.249204389,1.90704917907715,28.6450939457203,3.8725754642749006,0.0,13.0166666666667,66.635,16.9791231732777,0.0402208069832632,0.1326388469999955,0.525188376468722,3.42870521918816,0.3398838846183429,0.0,3.9941144026401463,0.832,-0.021,1.2691540835940245,0.68,10.3918989204567,0.339,48.287891440501,0.79734194278717,0.0782187134027481,0.139333292841911,4.33399828725849,41.9276270006959,29834980.0,0.0,1057.6059589,0.0,5280175877.181639,0.0,1.0,0.0,0.0,69943294.0,0.339883884618343,0.0,0.339883884618343,3.994114402640147,75.49223914420786
EGY,"Egypt, Arab Rep.",1999,96.8857345581055,18.7892573898933,15.9086475942783,0.0645832046866417,0.77,6.436,52.0018205461638,-0.287,8357.08,28.387,8.917649404996778,1.93587708473206,28.4008452535761,3.079499126383322,0.0,12.965,67.01,17.953511053316,0.027137317018381,0.6880110680000016,0.5596012228538321,5.19186775765069,0.1551424021935619,3.0180321575201674e-08,5.778606327703228,0.832,0.0145,1.8700515218290887,0.68,11.9358224030606,0.339,47.5558192457737,0.785149216651917,0.086158350110054,0.140959069132805,5.93374872989679,38.3615084525358,30532323.0,186557048.79999995,1030.5723288,0.0,7040675039.650919,0.0,1.0,0.0,0.0,71520954.0,0.155142402193562,3.01803216259927e-08,0.15514243237388364,5.778606327703228,98.44212983583691
EGY,"Egypt, Arab Rep.",2000,97.7,17.5020068690136,15.5380770361658,0.0643065571784973,0.729,6.319,51.9532784475154,-0.241,8614.314,27.313,8.936923881,1.96514070034027,30.7518670979124,2.683805353485461,0.0,13.2158333333333,67.332,17.9979711849456,0.0130912613990576,1.86075000000001,0.80988360858388,6.47222160611776,0.124284373862495,0.0002650613685497,7.295461537469255,0.832,0.0499999999999999,5.87919475696896,0.68,8.919600974251,0.326,46.5259923551897,0.777074098587036,0.0969750806689261,0.141377538442612,7.41974591133175,39.0179359012055,31231367.0,177096738.79999995,987.8905164,0.0,11521383928.34831,0.0,1.0,0.0,0.0,73083284.0,0.124284373862495,0.000265061368549735,0.12454943523104473,7.295461537469255,157.6473209434364
EGY,"Egypt, Arab Rep.",2001,97.4,18.4066804224986,15.3512684694731,0.0634198561310768,0.802,6.235,54.9311402286033,-0.352,8740.352,26.792,8.568475884,2.00113081932068,30.8988569835517,2.2697572047595607,0.0,13.2916666666667,67.612,17.6980763869529,0.0238511839077044,3.742429999999992,1.12609010255356,5.17066273278314,0.1483226120200389,0.0004591709369364,6.321063190181332,0.832,-0.182,2.67246211651998,0.681,11.2145133756357,0.327,46.457987175913,0.744009971618652,0.1073828414082529,0.142547115683556,6.469385802201369,39.8104265402844,31938789.0,170819768.5,973.5569041,0.0,10649576597.965284,0.0,1.0,0.0,0.0,74652029.0,0.148322612020039,0.000459170936936456,0.14878178295697544,6.32106319018133,142.65622436016153
EGY,"Egypt, Arab Rep.",2002,97.5,18.3872995785607,15.4048561625759,0.0621425285935402,0.802,6.175,54.6553972024281,-0.319,8842.734,24.156,8.764757459,2.03778004646301,32.5835048825548,2.7372385500033403,0.0,13.7916666666667,67.846,18.4967537608868,0.021749873798385,5.895530000000001,1.1880642465276,5.90580704386046,0.1844849617151389,0.000269149941677,7.115890314128121,0.832,-0.414,-2.76223276555558,0.681,10.300031943995,0.327,45.5887833201372,0.783147752285004,0.0844523310661316,0.119900517165661,7.30037527584326,40.9870678279229,32656854.0,184791396.5,972.7344281,0.0,10322791320.62781,0.0,1.0,0.0,0.0,76239137.0,0.184484961715139,0.000269149941677168,0.18475411165681618,7.115890314128121,135.4001596401571
EGY,"Egypt, Arab Rep.",2003,98.8,18.6730277667024,15.2867065868263,0.0608405880630016,0.802,6.131,53.897628742515,-0.344,8937.253,24.909,8.205733127000002,2.07510042190552,33.3705868263473,4.50777636319304,0.0,13.5333333333333,68.045,17.3038323353293,0.0190720913893449,7.446710000000003,1.34012258500625,7.50637371077042,0.2715650312070499,0.0002983462741504,8.86586673344016,0.832,-0.641,-1.42060050923145,0.681,6.32702594810347,0.327,44.9042395209581,0.752894103527069,0.0984429866075516,0.1164371669292449,9.13743176464721,46.1796407185629,33386302.0,201978986.29999995,973.2311459,0.0,14118048485.929588,0.0,1.0,0.0,0.0,77853548.0,0.27156503120705,0.000298346274150596,0.2718633774812006,8.86586673344016,181.3411058148511
EGY,"Egypt, Arab Rep.",2004,97.8,21.1677566698342,14.2699361219864,0.0596082620322704,0.802,6.101,54.0429142798269,-0.241,9128.457,24.356,8.197351284,2.11310434341431,34.6679167525242,11.270619332052,0.0,13.375,68.211,17.2369668246446,0.0153400376478507,9.616640000000004,1.60233568193565,9.49448631419397,0.263656333252003,0.001294223418454,11.113456257195898,0.832,-0.822,-1.44967528993605,0.681,1.52690342883876,0.327,45.0910776839069,0.71676641702652,0.113812409341335,0.1206043958663939,11.3771125904479,57.8199052132701,34116137.0,211091331.20000005,948.9198333,0.0,16946471249.159462,0.0,1.0,0.0,0.0,79477443.0,0.263656333252003,0.00129422341845415,0.26495055667045714,11.113456257195898,213.22365956287072
EGY,"Egypt, Arab Rep.",2005,99.4,21.9043376389331,13.9816898792943,0.0585869699716568,0.816,6.09,51.1654340531105,-0.175,9347.814,23.623,8.624446112,2.15180444717407,34.1486722376973,4.8693969687198795,0.0,13.1416666666667,68.355,16.709452181987,0.0486708417393921,16.8057,2.33458675802498,11.8509312061057,0.229668459070647,0.0006279485502824,14.234816754420354,0.832,-0.629,-2.29651785157069,0.681,6.52364099171329,0.327,45.9292479108635,0.690159976482391,0.134475335478783,0.130886152386665,14.464485213491,62.9526462395543,34838499.0,194272095.5,956.8467979,0.0,24737282683.471313,0.0,1.0,0.0,0.0,81101004.0,0.229668459070647,0.000627948550282449,0.23029640762092946,14.234816754420354,305.01820524282675
EGY,"Egypt, Arab Rep.",2006,99.0,22.863785956869,13.2372025254978,0.0578049682080746,0.848,6.086,49.2909797353084,-0.097,9780.065,27.186,8.877294337152575,2.19121313095093,36.1547353084021,7.64452644526434,0.0,12.6,68.493,15.9775619232637,0.0612878709250082,21.766599999999997,2.8202302183493,11.7296934107586,0.235176049364276,0.0,14.611211500032924,0.832,-0.838,-2.582509965870571,0.681,4.88079671789458,0.327,44.6899951432734,0.710257470607758,0.140695974230766,0.137579247355461,14.8463875493972,61.5185365063947,35538843.0,204484065.6,983.9231603,0.0,30192755978.464355,0.0,1.0,0.0,0.0,82700403.0,0.235176049364276,0.0,0.235176049364276,14.611211500032924,365.0859594779043
EGY,"Egypt, Arab Rep.",2007,98.4,23.3446487905649,13.4201262083781,0.057048711925745,0.848,6.092,45.5152215665951,-0.098,10274.04,26.362,9.965518238,2.2313437461853,35.0653866809882,9.3189690579923,0.0,12.5083333333333,68.627,15.3699248120301,0.0966122421911583,35.7084,2.45152200895889,10.7818588338143,0.180181517108948,0.0,13.329993084964352,0.832,-0.552,-0.5901307605900972,0.681,-0.0776285947232144,0.327,46.8939983888292,0.715711653232575,0.131645530462265,0.147052675485611,13.5101746020733,65.077873254565,36215994.0,214793901.0,1083.6899527,0.0,31773009771.292076,0.0,1.0,0.0,0.0,84276225.0,0.180181517108948,0.0,0.180181517108948,13.329993084964352,377.01035815607634
EGY,"Egypt, Arab Rep.",2008,99.8,23.4278540565231,12.6302400893356,0.0570705384016037,0.848,6.095,42.7975137803462,-0.004,10775.039,26.639,10.708843858,2.27220916748047,36.2125516471245,18.3168316831684,0.0,12.325,68.761,15.5223673925181,0.693023407802065,48.0833,2.18068996423443,12.4545677729971,0.254204416912174,0.0,15.328281145033626,0.832,-0.51,-2.3769639951942896,0.681,0.1078531546623908,0.327,46.6682970407594,0.681201875209808,0.124289765954018,0.14842414855957,15.5824855619458,71.6806253489671,36888285.0,209359659.5,1165.0245928,0.0,46466542673.27551,0.0,1.0,0.0,0.0,85864789.0,0.254204416912174,0.0,0.254204416912174,15.328281145033626,541.1594579621632
EGY,"Egypt, Arab Rep.",2009,98.9,16.8261780845755,12.9979466513145,0.0571728199720383,0.848,6.088,36.0927133507004,-0.139,11029.289,26.331,9.176956764663352,2.31382298469543,35.8164459796584,11.7634954386443,0.0,11.975,68.915,15.786154289004,0.619163373480266,63.2585,2.05000012334665,6.24755741424533,0.2140610278873489,0.0,8.916720911072252,0.832,-0.607,-3.19611011546724,0.681,0.7100363200684665,0.327,46.5660621761658,0.736383438110352,0.139960408210754,0.127305448055267,9.1307819389596,56.5534446363462,37571756.0,1408494794.4,1143.1464122,0.0,27294194920.003376,0.0,1.0,0.0,0.0,87501636.0,0.214061027887349,0.0,0.214061027887349,8.916720911072252,311.9278240695223
EGY,"Egypt, Arab Rep.",2010,99.4,18.3154455095606,13.3407591579645,0.0567226111888886,0.843,6.076,33.0722952214189,-0.23,11331.75,23.911,9.343311649,2.35619902610779,35.7845184816841,11.2651882653185,0.0,11.0083333333333,69.078,16.102270843693,0.2147671374168209,79.2199,1.5962103417445,7.41778712942652,0.221850956824007,0.0,9.228764608587833,0.832,-0.898,-3.15917513462066,0.681,0.8187216181243233,0.324,46.2327200397812,0.713922262191773,0.14322067797184,0.122581847012043,9.45061556541184,47.9363500745898,38270215.0,1383643601.8,1137.7001368,0.0,35366190271.49573,0.0,1.0,0.0,0.0,89196072.0,0.221850956824007,0.0,0.221850956824007,9.228764608587833,396.4994139147263
EGY,"Egypt, Arab Rep.",2011,99.4,17.3125176566451,13.8691050980964,0.0559513568878174,0.618,6.049,31.1549232899382,-0.1509999999999999,11273.855,20.948,8.201361097,2.39559030532837,35.9517175990081,10.0649259874818,0.0,11.0333333333333,69.232,15.7671942236161,0.468680136986449,91.5823,1.89361087079368,9.74186285549743,0.234686331944969,0.0,12.104153863277531,0.622,-1.437,-4.7561708483077,0.677,-0.5638780533864729,0.382,45.7160236306615,0.707435727119446,0.150068864226341,0.101401105523109,12.3388401952225,45.2556341623514,39045598.0,1379366968.6,1167.4206798300002,0.0,49724599723.3759,0.0,1.0,0.0,0.0,91093059.0,0.234686331944969,0.0,0.234686331944969,12.104153863277531,545.8659558614219
EGY,"Egypt, Arab Rep.",2012,99.7,13.1842699909697,11.2727652713919,0.0547395832836628,0.459,5.999,27.388449729504,-0.178,11245.443,19.72,7.64562656708117,2.43564009666443,39.2513148623634,7.111729433430833,0.0,12.0,69.464,16.1654744133278,0.501480973530533,103.905,1.63298671232615,8.38345897037217,0.2275711789064469,0.0,10.517926656228854,0.712,-1.436,-4.67980611610423,0.675,-6.262719502491279,0.363,51.771621185884,0.760782182216644,0.135316088795662,0.0936578959226608,10.7454978351353,40.7117692721084,39883949.0,1380849315.8,1174.27912747,0.0,49736946310.80824,0.0,1.0,0.0,0.0,93161001.0,0.227571178906447,0.0,0.227571178906447,10.517926656228854,533.881621890347
EGY,"Egypt, Arab Rep.",2013,99.9,14.0438387735576,11.2743496022361,0.0535116754472256,0.487,5.966,26.2224394958043,-0.174,11328.401999999998,20.607,6.764244345638824,2.47635960578918,39.8869544184046,9.46971981064921,0.0,12.2916666666667,69.632,16.608374543109,0.2843188349745631,104.585,1.48462315590397,7.82863019779494,0.1843103755757729,0.0,9.597572188673468,0.696,-1.639,-5.61578759254532,0.677,3.2921571525835907,0.352,52.3007390883681,0.754161715507507,0.140734806656837,0.0824834406375885,9.78188256424924,40.373038056332,40756455.0,1383615901.1,1082.25625689,0.0,49406878101.13432,0.0,1.0,0.0,0.0,95333553.0,0.184310375575773,0.0,0.184310375575773,9.597572188673468,518.2527719399519
EGY,"Egypt, Arab Rep.",2014,99.8,12.1742918108298,11.3377089201878,0.0524177141487598,0.501,5.879,25.6066805392918,-0.1569999999999999,11364.819,23.169,6.491144293287974,2.51775979995728,39.890323943662,10.0702154687481,0.0,11.7083333333333,69.911,16.7744460093897,0.182287318747029,97.7313,1.15200734272802,6.82340013626772,0.274533176651313,0.0,8.157694797742767,0.691,-1.631,-4.03123714627382,0.685,0.4141291390277581,0.366,52.320985915493,0.77941220998764,0.147831678390503,0.0709699168801308,8.43222797439408,36.9201877934272,41627719.0,1301681772.9,1094.60570125,0.0,41890392469.92251,0.0,1.0,0.0,0.0,97528654.0,0.274533176651313,0.0,0.274533176651313,8.157694797742767,429.5188208987536
EGY,"Egypt, Arab Rep.",2015,99.3,9.762439631468222,11.3940627685257,0.0516085922718048,0.54,5.818,26.316393760305,-0.203,11567.169,20.895,6.768290087779537,2.5598521232605,36.6302017267482,10.370490343517,0.0,11.625,70.135,16.6974467040386,0.125986889944651,94.3962,0.717587471392014,3.0552643367405903,0.2302302490056049,0.0,3.898838698077256,0.732,-1.499,-3.90795213569341,0.636,1.5410684601894102,0.374,53.1705429845738,0.75818806886673,0.157173916697502,0.0784828513860702,4.12906894708286,34.8459429600229,42434076.0,1245012409.2,1048.2147615,0.0,23352726147.00821,0.0,1.0,0.0,0.0,99597342.0,0.230230249005605,0.0,0.230230249005605,3.898838698077255,234.47137923628733
EGY,"Egypt, Arab Rep.",2016,100.0,9.84243286985033,11.769316084742,0.0511663444340229,0.595,5.707,34.1348626252639,-0.174,11803.896,19.172,7.1286655782867925,2.58862996101379,32.4559533476046,13.813606214829,0.0,13.6,70.437,16.8413264929505,0.1760633344683411,96.2092,0.506687001503198,2.3500651696322397,0.1762651025976529,0.0,3.0328155056037875,0.732,-1.44,-4.08411257376305,0.636,6.92201135491608,0.367,54.4832841219458,0.752099573612213,0.153851509094238,0.0825372412800789,3.2090806082014396,30.2465490514505,43220369.0,3856218340.9,1086.6561841,0.0,18572780306.093887,0.0,1.0,0.0,0.0,101644589.0,0.176265102597653,0.0,0.176265102597653,3.0328155056037867,182.7227645742548
EGY,"Egypt, Arab Rep.",2017,100.0,10.5599646930451,10.9863806449848,0.051123958081007,0.585,5.628,27.0698246737254,-0.0579999999999999,11756.039,20.655,7.371428809000001,2.61768794059753,34.3958677753768,29.5066083940039,0.0,18.175,70.709,16.59352061052,0.2138445277715031,99.2884,1.04828310066825,4.12683269397819,0.3099039641446619,0.0,5.388960322417947,0.741,-1.4299999999999995,-2.38067780847397,0.674,-8.75819408094445,0.346,53.1699504909872,0.767808556556702,0.131452441215515,0.0874739065766334,5.6988642865626105,42.8321343581608,44017525.0,7400858183.299999,1007.0297197,0.0,23590946744.231327,0.0,1.0,0.0,0.0,103696057.0,0.309903964144662,0.0,0.309903964144662,5.388960322417948,227.50090434230617
EGY,"Egypt, Arab Rep.",2018,100.0,14.252923199722598,10.8302490249025,0.0515957586467266,0.547,5.533,24.2952790707642,-0.1509999999999999,12140.04,19.656,8.054197255,2.64707231521606,35.3298750589345,14.4014657807422,0.0,18.3166666666667,70.974,16.3508895889589,0.073788825824687,88.7421,1.89151906248592,5.47658822874947,0.154667441958425,0.0,7.441896117060065,0.734,-1.188,-0.401272984441301,0.68,-2.35870301315836,0.339,51.6422459388796,0.752654433250427,0.114597968757153,0.0932430475950241,7.59656355901849,45.9110196733959,44870205.0,9220255488.400002,1049.99396899,0.0,33511605228.132843,0.0,1.0,0.0,0.0,105682094.0,0.154667441958425,0.0,0.154667441958425,7.441896117060065,317.0982326309019
EGY,"Egypt, Arab Rep.",2019,100.0,15.7556034612628,10.6971354538956,0.0521900169551373,0.535,5.477,22.8487308972763,-0.1439999999999999,12682.907,19.302,8.599085165,2.67678642272949,35.8254244102931,9.15279959324804,0.0,16.1166666666667,71.213,15.9882989635454,0.0,88.6448,1.67276468331077,3.881961863217499,0.170234765776553,0.0,5.554726546528277,0.737,-1.125,1.28789492494639,0.68,2.19909578279478,0.347,50.7617519656898,0.762918710708618,0.10933019220829,0.106970258057117,5.724961312304831,41.1240171551108,45689875.0,13129959331.1,974.33574975,0.0,26226673542.35614,0.0,1.0,0.0,0.0,107553158.0,0.170234765776553,0.0,0.170234765776553,5.554726546528278,243.84847483842492
EST,Estonia,1995,100.0,23.900116271750942,4.130641262102331,0.0316308923065662,0.1669999999999999,14.5,73.62154253002461,0.573,12761.284,39.272,14.236126334,3.03157067298889,27.3814507635138,28.7766137208514,0.0,23.723592649665857,67.5439024390244,16.9804147135312,0.0,2.0961263789999975,0.0,1.0148653939606902,1.63495167647616,0.0,1.0148653939606902,0.18,0.768,-0.5255188805470119,0.93,12.75123458084671,0.9300000000000002,57.0453006285211,0.491161614656448,0.443770855665207,0.141722127795219,2.6498170704368498,139.087473677663,990690.0,0.0,31.103948428686543,0.0,193189363.51102945,0.0,1.0,0.0,0.0,1436634.0,1.63495167647616,0.0,1.63495167647616,1.0148653939606898,134.47361228470817
EST,Estonia,1996,100.0,23.9389334444314,4.12813147933271,0.0314597114920616,0.1669999999999999,13.4,73.38890094671777,0.522,13591.134,37.708,16.330115184,3.08389043807983,26.5585045530262,23.050343349517,0.0,23.794875143795014,69.6121951219512,16.3168178001451,0.0,4.844319599999999,0.0,1.2752680256681297,1.72731266727086,0.0,1.2752680256681297,0.148,0.768,-0.5255188805470119,0.93,12.799709916328435,0.937,57.3026682282736,0.513637959957123,0.39467453956604,0.158828273415566,3.0025806929389898,132.977442750892,968940.0,0.0,34.42788074133763,0.0,259723872.26402164,0.0,1.0,0.0,0.0,1415594.0,1.72731266727086,0.0,1.72731266727086,1.2752680256681297,183.47341982519114
EST,Estonia,1997,100.0,23.922405834892626,4.08873645802036,0.0315681844949722,0.1669999999999999,13.3,72.47086722477499,0.3669999999999999,15541.07,38.787,17.695323931,3.13711285591126,26.1108348520294,10.5818789322146,0.0,31.01928491552669,69.809756097561,16.5346089942668,0.0,10.14428522,0.0,0.8754775809303883,1.74896707106742,0.0,0.8754775809303901,0.148,0.7124999999999999,3.36115133515513,0.93,17.674901698363563,0.943,57.523657326194,0.547843933105469,0.364497274160385,0.191949009895325,2.624444651997809,151.051344390403,951689.0,0.0,33.60193392425463,0.0,234164970.8171202,0.0,1.0,0.0,0.0,1399535.0,1.74896707106742,0.0,1.74896707106742,0.875477580930389,167.31626634354996
EST,Estonia,1998,100.0,23.90416224651751,5.05182797296934,0.0322372950613499,0.1669999999999999,14.0,72.28133333586499,0.481,16372.046,39.553,21.029963504,3.19125413894653,25.2370632991604,8.208333333332982,0.0,12.977724319418757,69.3585365853659,14.8435691022974,0.0,17.503491839999995,0.0,0.2332216178303738,1.58698645536452,0.0,0.2332216178303792,0.155,0.657,1.04364336398243,0.93,6.4853711423782086,0.941,58.8157941946475,0.543863773345947,0.353714674711227,0.207423284649849,1.8202080731949,156.838235827521,937765.0,0.0,29.129734085414988,0.0,135197400.72098857,0.0,1.0,0.0,0.0,1386156.0,1.58698645536452,0.0,1.58698645536452,0.23322161783037987,97.53404430741459
EST,Estonia,1999,100.0,23.98662108762263,3.62814718696064,0.0329768881201744,0.156,13.4,73.71805501155308,0.439,16254.515,37.237,17.969953608,3.24632954597473,23.8431986435091,3.2961108971890916,0.0,11.845051504492588,70.0634146341463,14.487565129838,0.0,27.57396163,0.0,0.6485461095030942,1.82593666882728,0.0,0.6485461095030907,0.1059999999999999,0.7795000000000001,-3.0798710592096494,0.93,8.125897688606909,0.955,62.4765576971021,0.540523946285248,0.342677921056747,0.169892966747284,2.474482778330369,144.116453592933,937547.0,0.0,24.95970991136181,0.0,163712694.26642278,0.0,1.0,0.0,0.0,1390244.0,1.82593666882728,0.0,1.82593666882728,0.6485461095030891,117.75824550684828
EST,Estonia,2000,100.0,24.7025881365481,3.88500958820541,0.0336079895496368,0.141,13.2,74.60848082657203,0.451,17807.862,36.256,18.832057397,3.30235552787781,24.8827014515579,4.018489525087631,0.0,6.789334451789365,70.4170731707317,15.4671728526187,0.0,39.8712,0.0,1.5303552882100409,2.17877291677121,0.0,1.530355288210039,0.057,0.902,-0.0377336475836262,0.93,4.675007069639153,0.966,60.5578253447825,0.530088543891907,0.313776791095734,0.18983893096447,3.7091282049812495,126.495626368659,941366.0,0.0,27.3972602739726,0.0,284954492.18749994,0.0,1.0,0.0,0.0,1396985.0,2.17877291677121,0.0,2.17877291677121,1.5303552882100395,203.97820462460223
EST,Estonia,2001,100.0,24.246633683766,3.4964457065254795,0.0345559269189835,0.141,13.3,73.58641660657818,0.597,18997.6,35.306,19.959128864,3.31723690032959,25.378642214491,5.74827981651373,0.0,6.577519811550253,70.2585365853659,16.0616569267868,0.0,46.9106,0.0,0.9404323506161312,2.13407208988511,0.0,0.9404323506161294,0.057,0.915,0.404838560731124,0.93,2.316350521511771,0.966,60.3811249851227,0.533705651760101,0.302679508924484,0.209317728877068,3.07450444050124,126.546640067292,935487.0,0.0,27.659145850120872,0.0,246775458.915084,0.0,1.0,0.0,0.0,1388115.0,2.13407208988511,0.0,2.13407208988511,0.9404323506161298,177.77738797944264
EST,Estonia,2002,100.0,23.2108434820921,3.5524871000820992,0.0358541160821915,0.141,13.3,71.80428475791373,0.538,20412.884,36.138,22.952688191,3.33218550682068,25.4828331665145,3.5719127016402688,0.0,5.903749739413653,70.9048780487805,15.6672531737325,0.0,63.8667,0.0,0.769330159854059,1.68758080445156,0.0,0.7693301598540607,0.054,0.928,0.290888527079079,0.93,1.9869346782537216,0.967,59.9739726839702,0.5502068400383,0.298138648271561,0.229964569211006,2.456910964305621,123.28234538757,929807.0,0.0,28.968573730862207,0.0,264584131.3269495,0.0,1.0,0.0,0.0,1379350.0,1.68758080445156,0.0,1.68758080445156,0.769330159854061,191.8179804451006
EST,Estonia,2003,100.0,23.3068848822343,3.4592880777041604,0.0376800298690796,0.107,13.2,65.47466157723252,0.554,22102.632,36.688,25.225974999,3.34720134735107,26.1058068328068,1.3349911654995488,0.0,5.904630507880713,71.3170731707317,15.7427367286431,0.0,76.6124,0.0,0.6282138677430424,1.52384573650587,0.0,0.6282138677430407,0.055,0.895,1.37608589276895,0.93,1.9910305168643592,0.967,59.7247445983423,0.564533948898315,0.2777059674263,0.274313002824783,2.15205960424891,122.744772807796,924334.0,0.0,29.472199838839646,0.0,310142049.0579044,0.0,1.0,0.0,0.0,1370720.0,1.52384573650587,0.0,1.52384573650587,0.62821386774304,226.262146213599
EST,Estonia,2004,100.0,23.5913221198102,3.6186992560753097,0.0393393598496914,0.107,13.0,40.2980800105181,0.609,23748.027,36.326,25.057948863,3.36228489875793,25.4261030005361,3.0481110752341607,0.0,6.706208912355917,71.909756097561,14.9169103622544,0.0,92.1518,0.0,0.7186079717812337,0.879145224122585,0.0,0.7186079717812355,0.047,0.704,2.09267568678538,0.93,2.7537487186418548,0.969,59.5766460840652,0.578322291374207,0.266513258218765,0.295894354581833,1.5977531959038205,129.949500077661,919276.0,0.0,26.47058823529412,0.0,369707426.47058827,0.0,1.0,0.0,0.0,1362550.0,0.879145224122585,0.0,0.879145224122585,0.7186079717812355,271.334942916288
EST,Estonia,2005,100.0,25.4446755572731,3.2866855253413707,0.040202546864748,0.107,12.8,56.5739087115337,0.6180000000000001,26159.639,34.743,26.348526142999997,3.37743639945984,26.2552926540896,4.079714231998489,0.0,6.709335630081977,72.5682926829268,14.6642061190741,0.0,106.676,0.0,1.0090754002462905,0.633299740536681,0.0,1.0090754002462887,0.038,0.605,0.859724999889824,0.93,2.7660498650314604,0.973,59.0829427359463,0.561099469661713,0.233497053384781,0.308576166629791,1.6423751407829703,135.912792115107,914582.0,0.0,34.04512489927478,0.0,677504715.0377659,0.0,1.0,0.0,0.0,1354775.0,0.633299740536681,0.0,0.633299740536681,1.0090754002462892,500.0865199297048
EST,Estonia,2006,100.0,26.0483902140996,3.1438204669710306,0.0412301979959011,0.107,12.9,76.2245652785985,0.6890000000000001,28884.094,36.185,29.360518451,3.39626121520996,26.9431146026321,4.437620423892131,0.0,6.152331372569208,72.6914634146341,14.4658199153602,0.0,123.15099999999998,0.0,1.0580316991490406,0.588267404138868,0.0,1.0580316991490315,0.041,0.7369999999999999,2.4491081823514,0.93,1.631035149992189,0.974,57.8749883116134,0.559621453285217,0.223077565431595,0.377875208854675,1.6462991032879,136.620737662645,909847.0,0.0,32.71555197421434,0.0,777896746.3235295,0.0,1.0,0.0,0.0,1346810.0,0.588267404138868,0.0,0.588267404138868,1.058031699149032,577.5846231640168
EST,Estonia,2007,100.0,26.4042004522407,3.9253420417782703,0.042718518525362,0.1019999999999999,13.0,83.7476130434748,0.6950000000000001,31215.352,36.292,30.411634451,3.41519117355347,26.8422158711628,6.60132603055637,0.0,6.142759896274713,72.8146341463415,13.8693049203328,0.0,125.445,0.0,1.1213036769507705,0.4546722685470901,0.0,1.1213036769507705,0.041,0.6339999999999999,2.14857256605228,0.93,1.6181715340941485,0.976,57.0659796515862,0.534914314746857,0.224469169974327,0.397292971611023,1.5759759454978592,133.980829235754,906431.0,0.0,38.30781627719581,0.0,1012169643.7139554,0.0,1.0,0.0,0.0,1340680.0,0.45467226854709,0.0,0.45467226854709,1.1213036769507694,754.9673626174445
EST,Estonia,2008,100.0,24.734923965786,3.4012615258679197,0.0435243882238865,0.0849999999999999,12.5,89.6688726260344,0.7330000000000001,29692.895,36.525,27.801193981,3.43422651290894,26.1319416506077,10.3623580313683,0.0,5.620856992145317,73.7707317073171,13.7442368403919,0.0,121.494,0.0,1.5830274681064491,0.512364258866361,0.0,1.583027468106458,0.033,0.5719999999999998,-3.3460768208764495,0.93,1.4482138455691231,0.979,59.5534896908476,0.543316125869751,0.256315171718597,0.341865539550781,2.095391726972821,136.681988157836,904805.0,0.0,37.661160354552784,0.0,1336912066.7629905,0.0,1.0,0.0,0.0,1337090.0,0.512364258866361,0.0,0.512364258866361,1.5830274681064598,999.8669250110243
EST,Estonia,2009,100.0,24.5022662124069,2.471048732775751,0.0430481769144535,0.0849999999999999,12.1,101.383034984081,0.784,25397.992,42.964,19.986573419,3.4533679485321,23.276152301546304,-0.0784083112809774,0.0,4.808790294739383,74.8243902439024,12.2894734719345,0.0,117.685,0.0,0.9567697850290672,0.622147069474355,0.0,0.9567697850290652,0.033,0.5679999999999998,-3.65201174028165,0.93,1.2787036289763187,0.981,60.8503056279613,0.517013609409332,0.274869740009308,0.230675160884857,1.5789168545034205,116.759079859802,903932.0,0.0,34.91136180499597,0.0,785855161.2996979,0.0,1.0,0.0,0.0,1334515.0,0.622147069474355,0.0,0.622147069474355,0.9567697850290654,588.8694853933436
EST,Estonia,2010,100.0,24.6883322491647,3.1709294530926595,0.0421948581933975,0.0849999999999999,11.9,92.8043492211177,0.764,26078.191,39.798,19.271995405,3.47261595726013,24.0345491849484,2.9720451201569382,0.0,5.035913531251598,75.4292682926829,13.7483595927381,0.0,124.136,0.0,0.7208264235197408,0.838785843997608,0.0,0.7208264235197426,0.029,0.661,-1.2317052373664998,0.93,1.9097981412424303,0.983,59.9238449450358,0.517899632453919,0.264252185821533,0.238830372691154,1.55961226751735,143.671762256978,902804.0,0.0,41.90169218372281,0.0,1215814043.2457578,0.0,1.0,0.0,0.0,1331475.0,0.838785843997608,0.0,0.838785843997608,0.720826423519742,913.1332118483319
EST,Estonia,2011,100.0,28.3313503019155,3.6656686292327105,0.0420852303504944,0.0939999999999999,11.5,77.7273393268142,0.908,28057.354,37.971,24.540913632,3.48813080787659,25.3466745057015,4.981901314536099,0.0,6.147788166837621,76.2292682926829,14.5525672570253,0.0,136.065,0.0,0.8956520002019364,0.889538427492448,0.0,0.895652000201931,0.029,0.611,-0.0516560883916124,0.93,1.6132631561356137,0.983,58.4513474222125,0.511888980865479,0.252553999423981,0.283979177474976,1.7851904276943795,166.7460724339,901033.0,0.0,43.77784045124899,0.0,1777743377.5328138,0.0,1.0,0.0,0.0,1327439.0,0.889538427492448,0.0,0.889538427492448,0.8956520002019315,1339.22792499905
EST,Estonia,2012,100.0,28.6401868237129,3.2843229052027,0.0426884740591049,0.0959999999999999,11.7,72.2359626283806,0.7670000000000001,29066.947,38.49,26.723307821,3.49925565719605,24.6316781428684,3.9333998729698503,0.0,6.15037694724966,76.3268292682927,13.8770730242275,0.0,151.197,0.0,1.01314866161022,0.957377443523965,0.0,1.0131486616102254,0.029,0.6359999999999999,-0.9206071248485062,0.93,1.610930132647625,0.983,59.1902030673717,0.520098090171814,0.243389427661896,0.323808193206787,1.970526105134191,169.156067773865,898943.0,0.0,43.92250201450443,0.0,1790256645.6420634,0.0,1.0,0.0,0.0,1322696.0,0.957377443523965,0.0,0.957377443523965,1.0131486616102259,1353.4906324976134
EST,Estonia,2013,100.0,28.2102042830873,3.0474297366660092,0.0433169603347778,0.0849999999999999,11.6,68.5688128478961,0.817,29596.009,38.152,26.548498429,3.51936936378479,24.6780044555117,2.7805665895498812,0.0,6.152743674932278,77.1414634146341,13.5540034976357,0.0,146.247,0.0,0.9084059778188448,0.890836698741817,0.0,0.9084059778188428,0.027,0.748,-0.7128508085536729,0.93,1.6127220236922968,0.985,59.7117104104209,0.524353802204132,0.243839100003243,0.29581817984581,1.7992426765606595,164.601632156916,897455.0,0.0,47.93015713134569,0.0,1900927238.376681,0.0,1.0,0.0,0.0,1317997.0,0.890836698741817,0.0,0.890836698741817,0.9084059778188425,1442.2849508585232
EST,Estonia,2014,100.0,28.6551925790465,3.1149616166099907,0.0436046086251736,0.0849999999999999,11.8,66.2244826810727,0.98,30548.735,38.019,25.049860262,3.49702787399292,24.1060210413845,-0.1061751465217106,0.0,6.712905729303275,77.0341463414634,13.9610951419012,0.0,144.361,0.0,0.967779937618074,0.797797875496218,0.0,0.9677799376180722,0.027,0.78,0.3853179236731781,0.93,2.771546701953526,0.985,59.8999341045038,0.52313631772995,0.245231673121452,0.296373128890991,1.765577813114291,157.953944842229,897398.0,0.0,46.24484286865431,0.0,1670146044.639618,0.0,1.0,0.0,0.0,1314545.0,0.797797875496218,0.0,0.797797875496218,0.967779937618073,1270.5126447855478
EST,Estonia,2015,100.0,27.4599934087397,2.8064215286505103,0.0436094291508198,0.062,11.6,67.7220402662715,0.891,31113.334,39.137,23.689022517,3.50818061828613,23.115485140202296,-0.4923260065473691,0.0,6.152640056362088,77.590243902439,13.6547460994623,0.0,144.803,0.0,0.5778702988836759,0.868049728469609,0.0,0.5778702988836706,0.027,0.6139999999999999,-0.2866775277011111,0.93,1.6133060799785612,0.985,60.7172758310752,0.53388786315918,0.253666013479233,0.26170751452446,1.4459200273532795,148.507157123558,900786.0,0.0,40.33873892022562,0.0,771323763.3035916,0.0,1.0,0.0,0.0,1315407.0,0.868049728469609,0.0,0.868049728469609,0.5778702988836705,586.376508034085
EST,Estonia,2016,100.0,27.0334282191151,2.0715978609001,0.0435054190456867,0.07,11.7,68.4124027630138,0.991,32085.781,38.442,23.952197556,3.5126519203186,23.2340417592371,0.1486849076273735,0.0,6.154272952565188,77.6414634146342,13.6104762733574,0.0,144.235,0.0,0.3952376951040453,0.851635065133593,0.0,0.395237695104047,0.027,0.663,-0.6760164063570353,0.93,1.6123046322755497,0.985,60.8286220187256,0.532302558422089,0.254554271697998,0.262268304824829,1.2468727602376397,147.7462327097,904264.0,0.0,37.7857574536664,0.0,603172989.5758253,0.0,1.0,0.0,0.0,1315790.0,0.851635065133593,0.0,0.851635065133593,0.3952376951040467,458.4112887131118
EST,Estonia,2017,100.0,29.4674713658939,2.338855966283111,0.0436420105397701,0.07,11.8,62.8595377411996,0.935,33903.126,38.21,24.923559547,3.52385497093201,23.180862044638,3.41723549488054,0.0,6.157075887781639,78.0926829268293,13.3408912828564,0.0,144.557,0.0,0.6489696704392216,1.08446674179545,0.0,0.6489696704392198,0.027,0.6419999999999999,-1.08646178483171,0.93,1.6143288608652555,0.986,61.1536734130969,0.516222596168518,0.251479029655457,0.290641367435455,1.7334364122346706,144.635650944133,908905.0,0.0,51.12572522159549,0.0,1011279154.6187854,0.0,1.0,0.0,0.0,1317384.0,1.08446674179545,0.0,1.08446674179545,0.6489696704392205,767.6418983521778
EST,Estonia,2018,100.0,29.5258733106821,2.049384699690661,0.0441623479127884,0.07,11.9,60.76372341033931,0.938,35063.859000000004,38.138,24.718641879000003,3.54636764526367,23.288660554967,3.4363268842044583,0.0,6.7113839393082415,78.2439024390244,13.2138423128235,0.0,145.543,0.0,0.9954601709656165,1.02239313872309,0.0,0.99546017096562,0.031,0.5799999999999998,-1.16226965392867,0.93,2.7580565579015945,0.985,61.6254146608775,0.505035579204559,0.236461728811264,0.324691355228424,2.017853309688711,143.485224864735,915870.0,0.0,47.87687348912168,0.0,1246147489.0321074,0.0,1.0,0.0,0.0,1321977.0,1.02239313872309,0.0,1.02239313872309,0.9954601709656208,942.639311449524
EST,Estonia,2019,100.0,29.1990810511762,2.2656489626339997,0.0448459759354591,0.0669999999999999,11.6,58.2395451990957,0.8860000000000001,36342.933,39.251,26.356045784,3.53396797180176,22.313384878363,2.27725931243522,0.0,6.1591492238993535,78.6463414634147,12.8803241268467,0.0,147.047,0.0,0.9245876898433264,0.883141945947517,0.0,0.9245876898433228,0.032,0.6299999999999999,-0.118181613834756,0.93,1.614150131560971,0.981,62.3217011004787,0.507402300834656,0.23324878513813,0.310173392295837,1.8077296357908408,140.352147998549,923239.0,0.0,33.66337630942788,0.0,788963810.4147285,0.0,1.0,0.0,0.0,1326898.0,0.883141945947517,0.0,0.883141945947517,0.9245876898433237,594.5926592810664
GAB,Gabon,1995,77.28273822946942,37.7477871148575,8.0316742081448,0.0453853979706764,0.609,10.431,7.92178409825469,-1.169,18855.411,27.717,11.495555142,1.93304669857025,52.3634453781513,9.64653104079616,0.0,15.059475091264147,61.27,4.524886877828049,0.0019742284740362,0.356517678000003,0.0566811587339681,27.444689624796496,4.47950633290169,0.0,27.503345012004512,0.88,0.1259999999999999,10.6463901146107,0.473,-1.5615814348919006,0.315,39.6048804137039,0.464964896440506,0.107811734080315,0.0735424309968948,31.9828513449062,95.1346961861668,842290.0,96550499.20000017,1165.672039570492,0.0,2693932361.7012463,0.0,1.0,0.0,0.0,1123213.0,4.47950633290169,0.0,4.47950633290169,27.503345012004512,2398.416294773339
GAB,Gabon,1996,77.25333652506585,41.0623701539811,7.09283163965943,0.0454617626965046,0.61,10.318,6.589329854435601,-1.392,19062.37,24.343,12.303034278,1.96957099437714,55.3659708871189,0.6896933772816425,0.0,16.84671528445742,61.265,4.061384235100249,0.0044145265361079,0.5909954880000043,0.0484586602713024,29.1677160895468,3.7002430783861904,0.0,29.220589276354207,0.88,0.1259999999999999,8.11615221942016,0.473,1.2001693896271255,0.315,37.5411974732216,0.422327667474747,0.110162533819675,0.0752173140645026,32.9208323547404,95.6709008514144,874864.0,119727427.89999998,1195.9112021655735,0.0,3290214063.542824,0.0,1.0,0.0,0.0,1152015.0,3.70024307838619,0.0,3.70024307838619,29.220589276354207,2856.0514086559842
GAB,Gabon,1997,77.27136787215522,47.8886205874102,7.21752275578142,0.0464218594133854,0.618,10.161,8.680582805313428,-0.809,19664.623,31.104,16.718086030000002,2.00678539276123,53.6521823035605,3.973450075453,0.0,18.76086256243232,61.395,4.39677076967611,0.0028713994128932,0.8052171289999919,0.0529871241663386,29.7709119999325,3.96229803354235,0.0,29.826770523511748,0.88,0.2254999999999999,7.29800955431933,0.473,3.595096413302123,0.315,39.1302949406581,0.436171233654022,0.14460027217865,0.122938334941864,33.7890685570541,98.5362645138464,908283.0,131152493.00000012,1128.706334652459,0.0,3024626828.8019123,0.0,1.0,0.0,0.0,1181439.0,3.96229803354235,0.0,3.96229803354235,29.82677052351175,2560.1210293564986
GAB,Gabon,1998,55.0992136176349,28.5226836711407,7.02079395085066,0.047694593667984,0.618,10.027,10.779508506616304,-1.082,19852.22,32.384,18.260116837,2.04470276832581,43.1417769376181,1.448738542945982,0.0,16.136255151992117,61.506,5.61058601134216,0.0027191364528333,0.8012682749999982,0.0424388915850031,15.499721148259,4.65675574724181,0.0,15.544879176296888,0.88,0.325,-5.95938570942958,0.473,6.677034767652664,0.315,49.8374291115312,0.519468009471893,0.231148615479469,0.175433978438377,20.2016349235387,95.9747826086956,942706.0,113377394.30000009,1082.437982442623,0.0,2006351314.4972768,0.0,1.0,0.0,0.0,1211736.0,4.65675574724181,0.0,4.65675574724181,15.544879176296888,1655.7660369067823
GAB,Gabon,1999,74.3463199136182,36.8014967667447,7.29362591431557,0.0483833663165569,0.62,9.882,9.963671194705682,-1.061,17635.904,26.611,13.416765483,2.08333659172058,48.8157436433299,-1.9366039760362597,0.0,17.759834238626535,61.658,4.726576105886451,0.0018685785827112,0.7165746269999929,0.0472763797891524,22.0308206615082,3.9714264257345704,0.0,22.07996561988003,0.88,0.4825000000000001,7.52252833424152,0.473,2.435846642864352,0.315,43.8906304423546,0.415537446737289,0.179452911019325,0.100063145160675,26.0513920456146,97.7314524555904,978186.0,105259161.60000002,989.4405483360656,0.0,2577956883.402554,0.0,1.0,0.0,0.0,1243016.0,3.97142642573457,0.0,3.97142642573457,22.07996561988003,2073.9530974682175
GAB,Gabon,2000,73.6,49.220338928961894,6.21362452192229,0.0486960113048554,0.62,9.746,8.696552297544478,-0.913,16881.744,31.429,12.503116569,2.12270069122314,56.2551964968682,0.5049200258348563,0.0,9.27325291470384,61.81,3.7248489551577,0.0028217977021149,9.407539999999996,0.0772762340975761,43.6933433166058,3.99642449404337,0.0,43.773441348405534,0.88,0.6399999999999999,16.6502802082611,0.473,-7.773049390115448,0.307,37.5311789812095,0.358159095048904,0.163669422268868,0.0877884700894356,47.7698658424489,101.701928939637,1014922.0,107445776.10000014,983.409906065574,0.0,3282974778.887039,0.0,1.0,0.0,0.0,1275572.0,3.99642449404337,0.0,3.99642449404337,43.773441348405534,2573.7275346958377
GAB,Gabon,2001,77.2,38.6903390166033,6.143932582192909,0.0492610111832619,0.619,9.602,12.5213235669856,-1.3510000000000002,16824.041,31.901,13.374647758000002,2.15596961975098,47.7100745088105,2.1376205270146507,0.0,14.126210308114551,61.982,2.5411603282171296,0.0028163678916521,11.454,0.09276544922341,28.5621391754189,3.8590732738135305,0.0,28.657720992533974,0.88,0.5249999999999999,12.3224857217722,0.473,0.242833284861895,0.307,37.9417335230936,0.41272708773613,0.217674016952515,0.129858687520027,32.5167942663475,83.6386132424108,1053029.0,92663729.79999983,1032.4262995081967,0.0,2745737276.577155,0.0,1.0,0.0,0.0,1309589.0,3.85907327381353,0.0,3.85907327381353,28.657720992533974,2096.640454812277
GAB,Gabon,2002,77.8,38.1904274610141,5.743861638955031,0.0495684631168842,0.599,9.452,12.310953555709098,-0.849,16444.344,29.447,15.250739588885844,2.18976020812988,47.3156667989635,0.036682889397138,0.0,14.130253077516256,62.175,2.67453927337973,0.0034057605811066,20.7629,0.0866644650501959,27.189573562465895,4.4475548396141,0.0,27.2796437880972,0.88,0.41,7.811505426025049,0.473,0.4766440866494905,0.307,38.8653039103033,0.386421740055084,0.234628319740295,0.173024758696556,31.7271986277113,84.7590815376223,1092526.0,86495381.39999986,1048.7869552459017,0.0,2712275646.2066345,0.0,1.0,0.0,0.0,1345135.0,4.4475548396141,0.0,4.4475548396141,27.2796437880972,2016.3594332216726
GAB,Gabon,2003,78.5,36.7635325809929,6.00402093513223,0.0493741557002068,0.599,9.262,11.5183478998664,-1.027,16316.144,29.002,12.94981946,2.22408032417297,47.039168102841,2.2353531355153606,0.0,14.022952598098565,62.463,2.6673385879484197,0.0014152647216674,21.702200000000005,0.0827014890693917,21.2503487601086,4.72256093693064,0.0,21.33446551389966,0.88,0.299,11.4994931460851,0.473,-3.1911087710100983,0.307,38.816350461147,0.344369918107986,0.252139687538147,0.162264212965965,26.0570264508303,80.3026082056312,1133487.0,79514254.70000005,1167.409906065574,0.0,3419330111.334529,0.0,1.0,0.0,0.0,1382350.0,4.72256093693064,0.0,4.72256093693064,21.33446551389966,2473.5632157807568
GAB,Gabon,2004,79.2,37.9498408349866,5.46729104251047,0.0488399416208267,0.599,9.102,9.270946511216998,-0.705,16096.439,27.867,12.137175141,2.25893831253052,51.5005373966573,0.4082053074392497,0.0,12.095636405392876,62.694,2.7817232421857803,0.0048698775599929,34.4235,0.0712821629573379,25.0988473562294,2.28178435994393,0.0,25.17499939674677,0.88,0.408,10.6729103489857,0.473,-5.610612094565235,0.307,36.2849149195174,0.288992762565613,0.251000791788101,0.169852882623672,27.4567837566907,81.7675371418698,1176176.0,121838293.5,1279.2298081967217,0.0,4913666088.934425,0.0,1.0,0.0,0.0,1421609.0,2.28178435994393,0.0,2.28178435994393,25.17499939674677,3456.4117763283894
GAB,Gabon,2005,81.6,49.5849685193512,4.98463861102881,0.0485730729997158,0.595,8.926,8.46361766400408,-1.603,15580.344,28.745,12.306224909,2.29434251785278,59.9223608108533,3.708333333333041,0.0,7.587043839108318,62.978,12.9297908424628,0.0061076176749035,50.3377,0.03261862995654,34.837420996188,2.8911970826085,0.0,34.8761472438195,0.88,0.326,10.5662415446379,0.473,-2.7463247965810416,0.307,29.5650974359157,0.228717133402824,0.245189934968948,0.199980586767197,37.767344326428,83.9495998399241,1221033.0,88230266.39999998,1388.3631868852458,0.0,6179951769.161436,0.0,1.0,0.0,0.0,1463495.0,2.8911970826085,0.0,2.8911970826085,34.8761472438195,4222.735143722005
GAB,Gabon,2006,80.5,48.27496320909795,4.911200314638279,0.0487863942980766,0.553,8.755,9.553023111160208,-1.718,14910.298,29.807,13.545218799,2.32480835914612,59.4663196551434,-1.4094013660097993,0.0,7.794463509850697,63.259,11.4678387263822,0.0158394554393068,59.5349,0.0921095672170826,33.9084565801093,3.63956826326135,0.0,34.016405602765644,0.88,0.22,10.8683480215363,0.473,-3.456864472616129,0.307,30.9213104046742,0.253133118152618,0.229926288127899,0.212474375963211,37.655973866027,88.6494092562519,1268289.0,78117474.39999998,1410.792859016393,0.0,6693682730.627646,0.0,1.0,0.0,0.0,1508337.0,3.63956826326135,0.0,3.63956826326135,34.016405602765644,4437.789917390905
GAB,Gabon,2007,81.3,46.9649578988447,4.95783080287957,0.0491503365337849,0.538,8.556,9.95222909903567,-1.401,15392.754,27.451,13.950830457,2.35567855834961,57.2222057277107,5.030318836799509,0.0,7.595476667344171,63.619,12.7816305042674,0.014988937621301,75.1171,0.0792230139390131,34.283912273453,3.15538808206861,0.0,34.37812422501339,0.88,0.303,10.0545790024878,0.473,-2.727439912460758,0.307,31.3484397338356,0.25183242559433,0.197598502039909,0.215464249253273,37.533512307082,85.1324791636578,1317977.0,46957128.79999995,1465.228231147541,0.0,7946238529.965196,0.0,1.0,0.0,0.0,1556237.0,3.15538808206861,0.0,3.15538808206861,34.37812422501339,5106.059379108192
GAB,Gabon,2008,82.0,51.5588764792644,4.22984203194841,0.0495869629085064,0.538,8.35,8.661172309383879,-1.373,15086.161,29.923,15.831985701986463,2.38695883750916,61.7420000109434,5.26430145575285,0.0,9.53604712103988,64.011,14.2227835357047,0.0157221283268533,80.8873,0.0879977934357383,37.187729257242,3.7766335644646505,0.0,37.29144917900464,0.88,0.262,12.6415461742096,0.473,-3.8815472631857695,0.307,28.9831186458055,0.221382096409798,0.152407214045525,0.188433066010475,41.0680827434693,88.9988725945748,1370017.0,21705484.900000095,1601.541113114754,0.0,11754398650.644016,0.0,1.0,0.0,0.0,1607175.0,3.77663356446465,0.0,3.77663356446465,37.291449179004644,7313.701775254105
GAB,Gabon,2009,82.7,38.9009761410525,5.04416979273101,0.0499996058642864,0.536,8.171,10.091112978372998,-1.368,14202.626,29.368,16.06365277227684,2.41865420341492,50.4467532257807,1.88570754577918,0.0,7.384771364584669,64.361,19.0243730718995,0.0238123847648161,87.2676,0.1281119703597228,24.5730772701098,3.01125745310289,0.0,24.72500162523431,0.88,0.1399999999999999,8.202436649959727,0.473,-5.815177325741693,0.307,36.8182126957151,0.355410814285278,0.222178086638451,0.274869650602341,27.7362590783372,83.5045774235636,1424672.0,230010562.79999995,1389.5251901639342,0.0,7007788251.6071415,0.0,1.0,0.0,0.0,1661556.0,3.01125745310289,0.0,3.01125745310289,24.72500162523431,4217.605817442892
GAB,Gabon,2010,89.3,47.3833212223722,3.9144544172835705,0.0508573316037655,0.495,7.994,8.20999683204116,-0.647,14540.644,25.788,19.802593617092192,2.45077061653137,55.1924628115731,1.4615440272046918,0.0,7.585101542190675,64.715,17.0804611102848,0.0,93.6112,0.160031176391066,33.5096734280311,1.98518178203554,0.0,33.66970460442216,0.873,0.299,4.05873278576493,0.473,-2.910511938987474,0.281,30.8276344945018,0.332184940576553,0.190229922533035,0.296980381011963,35.6548863864577,89.1576627248353,1482282.0,225952303.79999995,1727.2936606557375,0.0,9019353290.330448,0.0,1.0,0.0,0.0,1719879.0,1.98518178203554,0.0,1.98518178203554,33.66970460442216,5244.17897441067
GAB,Gabon,2011,88.7,50.72199188834439,3.4322897797715797,0.0517217665910721,0.495,7.802,9.52767161179321,-0.572,15001.764,23.483,22.555884547,2.51047468185425,60.8812104614947,1.263317078374211,0.0,11.69983918659728,65.102,19.1528007507603,0.0,133.01,0.2091077501321039,37.4261753637161,1.51071156684838,0.0,37.635283113848224,0.873,0.385,2.51168916436391,0.473,-0.0604819452832883,0.281,25.6325683424911,0.249829009175301,0.134121686220169,0.238968208432198,39.1459946806966,90.4983773331323,1542603.0,225253919.29999995,1801.528201639344,0.0,11895447733.143066,0.0,1.0,0.0,0.0,1781985.0,1.51071156684838,0.0,1.51071156684838,37.635283113848224,6675.391618416017
GAB,Gabon,2012,89.3,48.7557876075683,3.35369777676334,0.0521305277943611,0.491,7.615,11.3020956739669,-0.85,15211.482,30.154,24.330370991,2.56782054901123,58.8246016166913,2.6524182869562587,0.0,7.400411403219373,65.438,16.5014056434654,0.0746904757982236,138.488,0.2358630799606609,38.2761163072887,2.04266337942639,0.0,38.586669863047504,0.887,0.293,7.27325390225661,0.4309999999999999,-3.4921608573012524,0.283,27.4556887815273,0.302611023187637,0.160314172506332,0.27460902929306,40.6293332424739,92.3428089420545,1604649.0,225495990.20000005,1867.7060610491803,0.0,11355848467.750963,0.0,1.0,0.0,0.0,1846889.0,2.04266337942639,0.0,2.04266337942639,38.586669863047504,6148.636148545453
GAB,Gabon,2013,86.4,44.6299057386057,3.3290806507465707,0.0523890890181065,0.543,7.44,15.012821298493002,-1.002,15446.707,31.605,24.595583434,2.60977125167847,56.6086168756874,0.5054410589156149,0.0,9.438018191215397,65.751,17.1624139596913,0.0837806526504663,143.499,0.2120562253812901,30.2411289292074,2.27001867626594,0.0,30.536965807239056,0.777,0.33,-1.51375295724746,0.714,1.5710913317144644,0.401,29.6057833629131,0.320777982473373,0.177206769585609,0.27497386932373,32.806984483505,90.6350361478645,1667197.0,225947780.19999993,1961.6029223114751,0.0,10598718509.06864,0.0,1.0,0.0,0.0,1913059.0,2.27001867626594,0.0,2.27001867626594,30.536965807239056,5540.194269527829
GAB,Gabon,2014,87.1,44.7145014321608,3.6212047699624303,0.0527286306023598,0.543,7.272,14.5417251249117,-0.638,15566.74,29.735,25.336047166999997,2.65240740776062,52.7222416503812,4.690457518262839,0.0,7.832204960704923,66.07,17.393405866881,0.058925077269591,148.238,0.2868320799812061,22.1627532667092,2.24550797723011,0.0,22.50851042395999,0.777,0.1499999999999999,7.59540447559674,0.714,-2.2220601794543455,0.401,32.6789965337499,0.336042523384094,0.203743189573288,0.321669965982437,24.7540184011901,73.5203290162438,1733544.0,212567224.6,2070.906078,0.0,10134678245.990116,0.0,1.0,0.0,0.0,1978399.0,2.24550797723011,0.0,2.24550797723011,22.50851042395999,5122.666482337545
GAB,Gabon,2015,87.3,41.8535618999309,4.31162904410146,0.0529270470142365,0.543,7.138,14.5161472286238,-0.428,15652.462,21.136,21.05968593,2.69573998451233,48.1836272968661,-0.3387951887534051,0.0,16.02599694548442,66.336,16.6870330418249,0.0723133717477539,138.244,0.2597275791617079,9.98640233955356,2.23499143447168,0.0,10.31844329046302,0.777,0.0149999999999999,0.909043342537743,0.714,5.242524054967433,0.401,39.0291929804191,0.351674020290375,0.212567910552025,0.259351193904877,12.5534347249347,73.9497814588281,1797811.0,203313004.69999993,2233.541356,0.0,6436648400.335966,0.0,1.0,0.0,0.0,2040989.0,2.23499143447168,0.0,2.23499143447168,10.31844329046302,3153.6908823790654
GAB,Gabon,2016,88.1,41.299889449421514,4.97313690987068,0.0527144111692905,0.529,7.024,13.8289895507558,-0.609,15579.432,17.138,21.590513431,2.73978066444397,45.0378509048684,2.10670712784054,0.0,15.937327092516467,66.583,17.456006771994,0.0747484922345398,141.05,0.1803813693277289,9.0185416132992,2.38852306160144,0.0,9.27367147486146,0.777,-0.1099999999999999,-2.3856462747006395,0.714,6.050503407034265,0.401,41.7428124794395,0.374925017356873,0.222268357872963,0.229693219065666,11.6621945364629,70.1333810645308,1859707.0,197239011.4000001,1840.65807,0.0,5055862520.453457,0.0,1.0,0.0,0.0,2100306.0,2.38852306160144,0.0,2.38852306160144,9.27367147486146,2407.202817329216
GAB,Gabon,2017,86.3,41.00999365661887,5.2657648440765,0.0521899908781052,0.568,6.918,10.2903622081637,-0.668,15302.638,16.414,17.224181235,2.78454089164734,45.4673089938161,2.6519258314390193,0.0,15.079379723125442,66.816,17.6224186689537,0.0557899576814961,123.475,0.1832509319890389,14.3932577694784,3.06748536685608,0.0,14.63229865914892,0.825,-0.1059999999999999,0.827057384795657,0.774,6.8464607704132066,0.349,42.6496912552085,0.359829872846603,0.222067639231682,0.163708716630936,17.699784026005,75.0687404456638,1919662.0,412399367.2000001,2400.0665999999997,0.0,7289256058.391073,0.0,1.0,0.0,0.0,2156900.0,3.06748536685608,0.0,3.06748536685608,14.632298659148919,3379.5057992447832
GAB,Gabon,2018,89.6,43.24508304433045,5.43595280305822,0.0523712188005447,0.523,6.817,13.0826930691649,-0.65,15232.163,16.918,17.788722032,2.83003211021423,47.1270856238547,4.74906652083221,0.0,13.690794292431706,67.043,18.9415576135283,0.0051633157847297,132.465,0.2491853959888779,18.3274076798358,2.57850658243061,0.0,18.58175639160939,0.803,-0.257,2.19645186226815,0.738,-6.486424570499192,0.338,41.1181969705571,0.343810051679611,0.176835164427757,0.170879781246185,21.16026297404,77.0365976973024,1979007.0,601432515.3,2523.447083,0.0,8533466452.660858,0.0,1.0,0.0,0.0,2212318.0,2.57850658243061,0.0,2.57850658243061,18.58175639160939,3857.25128695823
GAB,Gabon,2019,90.3,43.209613484590264,5.5544308701413,0.0538002252578735,0.543,6.693,13.3764779657931,-1.243,15604.385,19.594,18.130016427,2.87626695632935,47.6788640928906,2.4645675615118705,0.0,14.57924951307423,67.337,18.8025688304726,0.005662410241134,131.975,0.2417843471782299,16.6842425426461,2.24380950182375,0.0,16.93168930006545,0.839,-0.075,4.40165054362877,0.776,8.641974887084515,0.303,40.4703782489961,0.328587651252747,0.182495251297951,0.190338462591171,19.1754988018892,73.4280894486644,2038740.0,721529349.8,2727.831107,0.0,8373078774.156616,0.0,1.0,0.0,0.0,2267706.0,2.24380950182375,0.0,2.24380950182375,16.93168930006545,3692.31230774916
GHA,Ghana,1995,32.4504508972168,17.995213168883,38.7785905027284,0.0543800294399262,0.485,10.763,5.073564508430408,-1.306,2733.5509999999995,9.073999999999998,15.362994861,2.02125000953674,24.2849955493634,59.4615536991446,0.0,17.7110022567613,56.662,9.32698633848059,1.22819736978252,0.0355527540000082,0.0098921434225915,0.2279778241506154,11.3786675282422,0.0,1.466067337355799,0.65,-0.235,-2.77374568288928,0.761,6.101665597039632,0.504,27.7461718074745,0.633882462978363,0.131829828023911,0.262617081403732,12.844734865598,57.4230942889947,6952738.0,648472348.4,835.4357856152935,0.0,1062579160.9170332,0.0,0.0,0.0,1.0,17399017.0,11.3786675282422,0.0,11.3786675282422,1.466067337355799,61.07121804163035
GHA,Ghana,1996,34.5287704467773,18.4761473076185,38.9550830342103,0.0540814623236656,0.491,10.557,6.0050790655013415,-1.23,2794.5159999999996,7.327999999999999,18.394000625123503,2.04038000106812,23.5785407498214,46.5610196762282,0.0,15.460593319005872,56.957,8.63414677167577,2.63116103751054,0.071542215000008,0.0082586773868786,0.3746117910740576,10.7637022925204,0.0,3.014031505971401,0.65,-0.235,-3.4828747450926896,0.77,4.299631346441415,0.535,26.246395089384094,0.63577127456665,0.127535700798035,0.291602373123169,13.7777337984918,72.2049441293975,7269109.0,542612778.8,802.1294479267689,0.0,999021620.102188,0.0,0.0,0.0,1.0,17810181.0,10.7637022925204,0.0,10.7637022925204,3.014031505971401,56.092726969040235
GHA,Ghana,1997,36.6036949157715,10.6171656979695,35.7815976306205,0.0556696839630604,0.562,10.389,8.19509402411892,-1.028,2884.593999999999,6.279,18.01110763,2.05969095230103,25.6678050646903,27.8852086407527,0.0,16.360528330509517,57.241,9.0516813808154,1.80511321259601,0.1196953809999996,0.0054994120963085,0.2904547932869796,10.3983391039645,0.0,2.1010674179793014,0.65,-0.1855,-3.60280711232732,0.77,5.569688783354043,0.538,27.8876812107642,0.681266069412231,0.106187552213669,0.269423872232437,12.4994065219438,85.4018379695892,7596244.0,346735651.39999986,847.6617130907034,0.0,1002050202.6048776,0.0,0.0,0.0,1.0,18238958.0,10.3983391039645,0.0,10.3983391039645,2.1010674179793014,54.94010143588672
GHA,Ghana,1998,42.6,18.4066762573353,36.0141073080481,0.0566249080002308,0.562,10.248,9.358847165659398,-1.277,2955.1409999999996,7.033000000000001,16.731468788804676,2.07918477058411,25.2665356151711,14.6241666666675,0.0,15.465123069693451,57.525,8.98762719703978,1.72216238348812,0.2231025990000006,0.0024479174460299,0.1280390857028734,10.1960118505064,0.0,1.8526493866371003,0.65,-0.136,-2.4606021137475897,0.77,4.312919670714115,0.54,28.2331174838113,0.689312517642975,0.114878475666046,0.261843949556351,12.0486612371435,80.5995432469935,7933618.0,333570763.0,613.0462793803208,0.0,895668535.5606362,0.0,0.0,0.0,1.0,18688036.0,10.1960118505064,0.0,10.1960118505064,1.8526493866371005,47.92737640063601
GHA,Ghana,1999,40.7405395507813,9.564986777432932,35.7763437934285,0.0562555640935898,0.562,10.11,12.5620832397761,-1.072,3013.4580000000024,5.890999999999998,11.108884349513318,2.09886288642883,25.4127834089738,4.865397850775279,0.0,15.441264953789595,57.835,9.02438313297505,1.31546159027039,0.3651601560000017,0.0018408372516929,0.2462566387231017,6.26575781484371,0.0,1.5635590662451797,0.65,-0.2475,-3.3936845479274895,0.77,4.291248299829806,0.54,28.4134879833623,0.816279232501984,0.110398314893246,0.172164976596832,7.829316881088889,81.7051040340528,8276155.0,396405583.1,621.5445503449096,0.0,995967555.2676609,0.0,0.0,0.0,1.0,19149864.0,6.26575781484371,0.0,6.26575781484371,1.5635590662451797,52.00911898213276
GHA,Ghana,2000,43.7,15.7293225127546,35.2715219593039,0.0574137195944786,0.537,9.991,13.971491324036002,-1.2,2897.0120000000006,8.616,25.438859772,2.11872744560242,25.4039222907651,40.240933123914,0.0,16.23249204689796,58.139,9.01684927723046,3.03211311584058,0.6622419999999991,0.0034046403426577,0.9893417289514036,9.73486409255911,0.0,4.024859485134689,0.594,-0.359,-0.9587039506460212,0.804,4.375215203221158,0.604,28.8150262406777,0.605077862739563,0.124288998544216,0.353067368268967,13.7597235776938,116.048430162968,8628021.0,374561869.7000001,825.432313692012,0.0,1124882266.8888516,0.0,0.0,0.0,1.0,19637087.0,9.73486409255911,0.0,9.73486409255911,4.024859485134689,57.28356078927855
GHA,Ghana,2001,44.8,21.5304455991013,35.2418001245052,0.0602344311773777,0.537,9.866,11.884391260895498,-1.162,2932.631000000001,10.877,23.787830094,2.13079261779785,25.2159797429519,41.509496287803,0.0,16.55804965320325,58.403,9.00298654871069,2.67339483930454,1.2088899999999967,0.0024100527368069,0.6770533713602465,9.39320531098542,0.0,3.352858263401579,0.594,-0.2595,-1.1777167538685502,0.838,6.136997045988406,0.604,29.1589069809591,0.602788805961609,0.139041841030121,0.37630832195282,12.746063574387,110.045854160811,9002792.0,362750087.6,1036.5660167578017,0.0,1027520283.9022648,0.0,0.0,0.0,1.0,20167069.0,9.39320531098542,0.0,9.39320531098542,3.352858263401579,50.950402554891085
GHA,Ghana,2002,46.8,19.1561507193855,35.1483770619295,0.0607486292719841,0.537,9.722,12.1495373048323,-1.373,2993.085000000001,8.5,13.647593680213822,2.14292621612549,25.2756743481642,9.36093239560313,0.0,15.492754061469226,58.709,9.02726044779174,2.95019670291322,1.8658300000000096,0.0013105843172911,0.6163483263702894,9.85705227600459,0.0,3.567855613600811,0.631,-0.1599999999999999,-0.892542781199342,0.838,4.318100346413883,0.597,29.2141132168147,0.687475442886353,0.123684979975224,0.227048814296722,13.4249078896054,97.4892431746551,9400460.0,449005951.4,1000.7984039379136,0.0,1029400633.5300756,0.0,0.0,0.0,1.0,20729388.0,9.85705227600459,0.0,9.85705227600459,3.567855613600811,49.65899782135756
GHA,Ghana,2003,48.3,21.6243702883401,36.5454059013539,0.0599988140165806,0.537,9.58,12.493048761649,-1.108,3070.8269999999993,10.859,18.480917143,2.15512919425964,25.2099150968066,29.7729797160384,0.0,15.468747288506703,59.014,8.97552363519288,1.21634094078967,3.735459999999996,0.0007875394460141,0.5064738550282648,13.8961700461814,0.0,1.7236023352638998,0.631,0.0289999999999999,0.518505557006385,0.838,4.335573445520482,0.598,29.0667601805988,0.671056747436523,0.13739325106144,0.302810251712799,15.6197723814453,97.2871457139532,9808154.0,546685391.1,718.5467957363311,0.0,1053613990.9772148,0.0,0.0,0.0,1.0,21296705.0,13.8961700461814,0.0,13.8961700461814,1.7236023352638998,49.47309881867711
GHA,Ghana,2004,50.8,23.3938017561014,37.9524260930096,0.0608680807054043,0.537,9.436,13.1724893671741,-1.307,3160.914999999999,12.56,22.17888291906028,2.16740155220032,24.716756265122,18.0427388232565,0.0,16.67288145261455,59.316,8.74199863283443,0.945873447610532,7.750950000000003,0.0004750234262218,0.6204730774108747,10.8305885965699,0.0,1.5668215484475994,0.631,0.0409999999999999,-0.249616121363611,0.838,5.809020854211108,0.598,28.6782943752065,0.701694846153259,0.113133169710636,0.357020050287247,12.3974101450175,99.6703343472122,10225004.0,566277142.3,731.3282320969868,0.0,1190185447.0549662,0.0,0.0,0.0,1.0,21868298.0,10.8305885965699,0.0,10.8305885965699,1.5668215484475994,54.4251522022869
GHA,Ghana,2005,41.3,19.4444714482516,37.4530129301836,0.0621186196804047,0.541,9.314,15.544068813627398,-1.048,3278.091000000002,11.808999999999996,21.794633353,2.17974352836609,25.1254359413042,15.4389920155908,0.0,15.479938465569596,59.638,8.65538839902612,1.6684537886074,12.8046,0.0001431207353006,0.6994034682229415,9.363804084334838,0.0,2.368000377565661,0.631,0.1699999999999999,-0.393071829718554,0.838,4.341463509649242,0.598,28.9146295321445,0.7408567070961,0.110069632530212,0.358432471752167,11.7318044619005,98.1715141146279,10652897.0,506993512.9,877.4909119411412,0.0,1293752708.9302075,0.0,0.0,0.0,1.0,22449438.0,9.36380408433484,0.0,9.36380408433484,2.368000377565661,57.629625691752615
GHA,Ghana,2006,55.099999999999994,17.9019498458199,28.3330959873622,0.0623139590024948,0.541,9.161,10.857587016057202,-1.049,3388.044,12.057999999999998,24.600609147124015,2.19539880752563,19.3820947702815,11.6791839392492,0.0,16.806234203569144,59.975,9.54101659905651,2.12912560047911,22.6002,0.0001452799027441,0.4392563073477067,5.0076574272652,0.0,2.56852718772957,0.631,0.006,-1.7194640068480702,0.838,14.080122484414929,0.598,45.4706783561681,0.715419232845306,0.10499681532383,0.413377672433853,7.576184614994769,64.5190542439152,11091539.0,253390605.19999993,1186.3917189684637,0.0,1951910895.8299384,0.0,0.0,0.0,1.0,23040702.0,5.0076574272652,0.0,5.0076574272652,2.5685271877295692,84.71577367000096
GHA,Ghana,2007,56.9,6.782012164213519,27.294114484663,0.0612018890678883,0.541,9.015,14.4884302260337,-0.847,3445.5110000000004,12.726,27.375025452,2.21116662025452,19.4928065701,10.7342665456292,0.0,22.05407275897051,60.282,8.59640481520955,2.15660916300531,32.1629,7.927399033680338e-05,0.4216543185463717,6.24981033258966,0.0,2.578342755542021,0.631,-0.073,-3.62409584839948,0.838,21.71828425326576,0.596,47.1685501017468,0.635224342346191,0.0926785841584206,0.400590091943741,8.82815308813168,65.3543222852532,11540390.0,266166248.29999995,1326.516876995786,0.0,2424564063.6732917,0.0,0.0,0.0,1.0,23642279.0,6.24981033258966,0.0,6.24981033258966,2.57834275554202,102.55204515915287
GHA,Ghana,2008,60.5,4.35888718374445,29.4080967578414,0.0590944439172745,0.53,8.884,12.613490470349198,-0.674,3671.761,11.77,27.134539414,2.22704744338989,19.3995645523361,16.494639613412,0.0,17.71126543211852,60.578,7.54411818600718,2.07837946336711,47.7132,5.813398014287152e-05,0.5077263686201334,6.57573796480232,0.0,2.5861639659673905,0.631,-0.0299999999999999,-3.99433614218551,0.838,18.832527954941327,0.596,46.173896812569,0.65406858921051,0.0981272906064987,0.395898908376694,9.16190193076971,69.5142256111434,11996659.0,259432296.9,1117.5238640722887,0.0,3250041727.9847655,0.0,0.0,0.0,1.0,24249946.0,6.57573796480232,0.0,6.57573796480232,2.5861639659673905,134.02263774050323
GHA,Ghana,2009,61.1,11.076482818535302,30.993384209540302,0.0566681362688541,0.545,8.741,17.7369732584538,-0.916,3794.974,12.158,19.442182132,2.24304246902466,18.5140921293401,19.2469482220857,0.0,17.700088384720107,60.928,6.77209063372257,2.93652371845254,60.7695,3.6407957823003656e-05,0.2665910662601263,7.60843149004494,0.0,3.203151192670461,0.631,0.0279999999999999,-3.06884508546488,0.838,18.684856445005952,0.596,47.9362071143916,0.701341867446899,0.0982175841927528,0.328780502080917,10.8115826827154,71.5947385281523,12458961.0,826123368.5,704.2680189575347,0.0,3356920662.71318,0.0,0.0,0.0,1.0,24862664.0,7.60843149004494,0.0,7.60843149004494,3.20315119267046,135.01854277213334
GHA,Ghana,2010,64.2,4.953118116282372,28.038737963649105,0.0545286871492863,0.564,8.604,16.6607748086712,-0.729,3883.743,12.409000000000002,13.438361579,2.25915217399597,18.0149428066597,10.7333898354915,0.0,16.01018429421883,61.297,6.38865862680317,3.94880910721537,68.4473,1.9588883234611387e-05,0.3913728901887765,5.77442765220724,0.0,4.34020158628736,0.63,0.0259999999999999,-4.9134825026761,0.838,12.67004199720476,0.609,48.1811608328439,0.742545783519745,0.111048579216003,0.22999994456768,10.1146292384946,75.3778157916824,12923387.0,937059862.6,855.3471328024729,0.0,4380020833.325936,0.0,0.0,0.0,1.0,25474995.0,5.77442765220724,0.0,5.77442765220724,4.34020158628736,171.93411945030553
GHA,Ghana,2011,64.1,4.006208013162869,23.663704967184,0.0527425706386566,0.564,8.485,17.1952826473503,-0.8879999999999999,4320.063,14.053,14.85248933,2.28744721412659,23.8636600934779,8.7284593709302,0.0,14.094974374060062,61.617,6.42376585885943,5.48815061104302,81.1104,1.5719064607511157e-05,5.08048685091895,5.50203428673419,0.0,10.568653181026608,0.63,0.1669999999999999,-3.48897733902099,0.838,14.275336885199666,0.609,45.844878600683,0.696458876132965,0.187066376209259,0.259929031133652,16.0706874677608,86.2954538549695,13394715.0,1100924579.6,864.1393767166307,0.0,8333411595.935775,0.0,0.0,0.0,1.0,26095088.0,5.50203428673419,0.0,5.50203428673419,10.568653181026608,319.34790164094386
GHA,Ghana,2012,56.5,5.549461119573639,22.1311546901572,0.0514557436108589,0.563,8.333,18.0717128637123,-0.848,4574.2970000000005,13.649,19.347574559,2.31609654426575,27.1365335859295,11.1863409441067,0.0,14.14243012451274,61.995,5.66058649920669,4.81836140282927,95.8262,1.1657271689280437e-05,4.78155703124787,6.22274709142471,0.0,9.59993009134879,0.63,0.131,-5.74316727480553,0.754,14.539571819780797,0.608,47.5829502482676,0.691262900829315,0.152155190706253,0.325455576181412,15.8226771827735,93.1680351286831,13880376.0,1252802691.8,1240.066020970661,0.0,10747403632.142136,0.0,0.0,0.0,1.0,26734268.0,6.22274709142471,0.0,6.22274709142471,9.59993009134879,402.0085244953083
GHA,Ghana,2013,70.7,15.6304022138446,20.3698425406713,0.0503171756863594,0.529,8.169,15.2923716479322,-0.708,4792.24,12.448,13.406543229,2.34510469436646,34.0898222065997,11.6661923071729,0.0,14.74725378639851,62.397,11.5885474629749,2.95304965671034,102.338,7.1041869029730975e-06,3.51474407100181,4.42141324102118,0.0,6.467800831899021,0.608,0.061,-5.584584045070519,0.82,6.910119064219522,0.584,40.5885509559734,0.784837126731873,0.1028632149100299,0.221563056111336,10.8892140729202,60.7593219028775,14377362.0,1222834148.2,1356.5294567626142,0.0,10779974132.609518,0.0,0.0,0.0,1.0,27386193.0,4.42141324102118,0.0,4.42141324102118,6.46780083189902,393.6280640616795
GHA,Ghana,2014,78.3,19.272664901697,19.5837731324669,0.0489369630813599,0.529,7.981,16.5048906269026,-0.745,4817.571,13.154,13.023452888,2.37447643280029,33.8982030516643,15.4896160333318,0.0,12.74870873002963,62.832,11.0199488260173,3.1623438398214105,108.27,7.87670786861483e-06,3.421033943582441,5.66614902136025,0.0,6.583385660111748,0.608,-0.1069999999999999,-3.34975328990836,0.82,-10.533140612796794,0.584,37.4136837490477,0.738661408424377,0.101439155638218,0.21721488237381,12.249534681472,63.8365624430783,14880647.0,1119866883.8,1361.346390378727,0.0,10129122747.3308,0.0,0.0,0.0,1.0,28041592.0,5.66614902136025,0.0,5.66614902136025,6.583385660111749,361.21782056207076
GHA,Ghana,2015,74.0,21.8873183159631,19.9826505985758,0.0478362701833248,0.558,7.845,17.9335670472186,-0.743,4810.494000000001,14.616,12.424263258,2.40421557426453,31.1193795046839,17.1499695007878,0.0,12.796687746347107,63.175,11.0982995618487,2.35816739244305,121.997,0.0841913549188799,1.2914654623354398,6.82969261160183,0.0,3.733824209697369,0.612,-0.0379999999999999,0.937615863488542,0.843,5.847677342659223,0.573,40.515265169488,0.778345108032227,0.0978371575474739,0.208037003874779,10.5635168212992,76.5212709243242,15387590.0,1241945787.5,1563.2089757308622,0.0,6734313818.648685,0.0,0.0,0.0,1.0,28696068.0,6.82969261160183,0.0,6.82969261160183,3.733824209697369,234.67723238768062
GHA,Ghana,2016,79.3,19.6635906045803,20.8442929192419,0.0469537302851677,0.525,7.693,17.4356386560413,-0.903,4864.581,13.145,13.763916121,2.43432760238647,27.6932546491989,17.4546347070868,0.0,14.115075004576662,63.522,10.8204245904679,1.22418164413868,130.481,0.0451266748124126,1.00121845985195,6.37927612801164,0.0,2.2705267788030383,0.62,-0.139,-1.4956968123780805,0.837,9.095601881449674,0.564,43.9159268124684,0.787239074707031,0.0981910675764084,0.177147388458252,8.64980290681468,67.8769994445865,15901682.0,1365775195.4,1829.7268756712328,0.0,6791156442.398419,0.0,0.0,0.0,1.0,29356742.0,6.37927612801164,0.0,6.37927612801164,2.270526778803039,231.3320886356674
GHA,Ghana,2017,79.0,17.7626090467593,19.5617099184239,0.0461776815354824,0.532,7.558,16.0995201444141,-0.901,5148.0470000000005,13.616,12.985372865,2.46481657028198,29.9522176933621,12.3719215507048,0.0,13.880234259834104,63.829,10.1522230921101,1.78436553549714,122.472,0.0717217647016315,2.6056494491505298,5.90830368191503,0.0,4.461736749349271,0.621,0.082,1.19815571670278,0.837,8.95203391956376,0.59,43.4828610342125,0.823476254940033,0.084478072822094,0.134142890572548,10.3700404312643,70.5483652904116,16414312.0,1465019702.9,2473.2146841442386,0.0,9667116065.60189,0.0,0.0,0.0,1.0,30008354.0,5.90830368191503,0.0,5.90830368191503,4.46173674934927,322.14749484766446
GHA,Ghana,2018,80.4,21.924661614365,18.1365503192521,0.0457183420658112,0.532,7.448,13.7141432192203,-0.996,5353.487999999999,14.104,13.590519734,2.49568748474121,31.1777436281076,7.80876516610703,0.0,13.805015052624814,64.138,10.1201333350505,1.72215924988818,133.61,0.1131510650004379,4.1465494257117,3.8085481339379905,0.0,5.98185974060031,0.624,-0.0369999999999999,-1.3510262615363,0.837,9.563479918238876,0.575,43.6785254609153,0.7806196808815,0.0975515469908714,0.163100093603134,9.7904078745383,67.9585174644902,16917608.0,1507700117.5,2589.1738477485897,0.0,12798184605.891815,0.0,0.0,0.0,0.0,30637585.0,3.80854813393799,0.0,3.80854813393799,5.98185974060031,417.72824476510846
GHA,Ghana,2019,83.5,19.4058381606477,17.323230201462,0.0454142764210701,0.62,7.34,13.9372113856401,-0.994,5585.885,14.971,11.670513347000002,2.52694487571716,31.1077243700312,7.14364003330857,0.0,12.852126572082776,64.455,10.1612187308728,2.05143894352945,130.705,0.165145728819346,4.069102005933,3.48167988211684,0.0,6.28568667828179,0.616,0.1179999999999999,-1.9745137259777803,0.837,6.914765626373361,0.555,45.1411499576786,0.806553602218628,0.103793106973171,0.14867414534092,9.76736656039863,76.824802732152,17418931.0,1575603914.5,2907.940201885576,0.0,13207440458.905212,0.0,0.0,0.0,0.0,31258945.0,3.48167988211684,0.0,3.48167988211684,6.28568667828179,422.51715337498473
GIN,Guinea,1995,17.073324382592546,21.1265935827369,12.7008257861854,0.0462287440896034,0.751,17.054,3.3995642327401363,-1.192,1479.2009999999973,11.622,5.021486308372385,1.7617755863360074,19.2783935401084,25.00134078770923,0.0,21.5,49.836,2.62899783826764,4.60779434441401,0.0127203520000094,0.0,0.0,10.550570309092,0.0,4.607794344414,0.853,-1.151,-0.0396692985166988,0.307,14.6752857952247,0.089,34.0404592865913,1.01518821716309,0.088792085647583,0.0668984204530716,15.158364653506,31.3044291693273,2228135.0,93813871.10000002,17733.459862,0.0,514224922.00000006,0.0,0.0,1.0,0.0,7553249.0,10.550570309092,0.0,10.550570309092,4.607794344414,68.07996426438478
GIN,Guinea,1996,17.050547440986023,16.3719111421243,11.9331422778597,0.0472675934433937,0.753,16.519,3.3268409766280236,-1.364,1496.0280000000002,9.778,4.818357583254393,1.9299783156237504,20.3686624030147,25.018008460525625,0.0,21.0,50.546,2.53279469881055,5.2821045766819,0.0123647750000017,0.0,0.0,9.99727078129871,0.0,5.28210457668189,0.923,-1.151,-1.22662721297818,0.307,19.1578573730594,0.087,33.9177141426892,1.02399516105652,0.082777664065361,0.0615236051380634,15.2793753579806,29.861424528613995,2313260.0,82425306.79999995,18492.606838,0.0,581076680.0,0.0,0.0,1.0,0.0,7770035.0,9.99727078129871,0.0,9.99727078129871,5.28210457668189,74.7843066343974
GIN,Guinea,1997,16.921942149652637,18.3973480994816,13.7972153135207,0.0482892170548439,0.753,16.15,3.1017311854282283,-1.541,1535.285,12.659000000000002,4.953239032209201,1.697659275365011,19.745238255934,24.919519503218005,0.0,20.5,51.113,2.3768377155485005,5.01248449836894,0.0365685439999978,0.0,0.0,6.7178642181187,0.0,5.012484498368899,0.923,-0.869,1.24802840972762,0.307,18.796310433413296,0.087,32.0445453071511,1.00958943367004,0.0812352821230888,0.0702697187662124,11.7303487164876,29.089787494025305,2383601.0,99026851.5,16510.003713,0.0,440922100.0,0.0,0.0,1.0,0.0,7931370.0,6.7178642181187,0.0,6.7178642181187,5.0124844983689,55.59217386151447
GIN,Guinea,1998,17.00333933455053,14.0787653227297,14.515103584545,0.0495977811515331,0.753,15.637999999999998,2.5056348623265308,-1.556,1560.9889999999996,12.774,4.501615583778548,1.697717046010893,21.1610594453432,24.987237292993974,0.0,19.5625,51.61,2.5163763887724304,4.4008894029207895,0.2698389560000009,0.0,0.0,7.28281113262641,0.0,4.4008894029207895,0.923,-0.587,3.4968193303836,0.307,15.7153796860059,0.087,29.9672147430255,1.02841818332672,0.0685654133558273,0.0661496967077255,11.6837005355472,33.0646236252079,2452063.0,126787472.39999998,16678.825835,0.0,447959673.1999999,0.0,0.0,1.0,0.0,8081990.0,7.28281113262641,0.0,7.28281113262641,4.4008894029207895,55.42690268114659
GIN,Guinea,1999,16.39999999999999,15.798375684627,14.7423669356158,0.05089445784688,0.747,15.258,2.6205034777153315,-1.913,1593.4210000000005,10.32,4.772668489296681,1.6610079358279162,19.7912161812614,24.809558040607612,0.0,19.875,51.987,2.63675405718425,4.20206158948023,0.3080405780000035,0.0,0.0,6.56383718968611,0.0,4.20206158948019,0.923,-1.2475,-0.1794941889026851,0.307,15.0126390589196,0.087,31.0894251121885,1.00744462013245,0.0689303055405617,0.0743725225329398,10.7658987791663,32.6958994059117,2531625.0,151400201.5,17419.111709999997,0.0,471191100.0,0.0,0.0,1.0,0.0,8265123.0,6.56383718968611,0.0,6.56383718968611,4.20206158948019,57.00956900459921
GIN,Guinea,2000,15.200000000000005,16.5122479810844,14.3900980537913,0.0522190555930138,0.808,14.892,2.7353720931041288,-1.53,1606.187,10.201999999999998,4.880389507,1.6608104505431611,21.5230896940631,24.945600097080963,0.0,19.375,52.42,2.58930253651401,4.943937427943801,0.4996179999999981,0.0,0.0,7.44075001692394,0.0,4.943937427943759,0.923,-1.908,-1.14807243759838,0.307,12.2999631183486,0.082,28.3990447435042,0.9642260670661932,0.0698249414563179,0.0849303156137466,12.3846874448677,36.6796954912881,2606457.0,135802309.29999995,17991.915748000003,0.0,544908039.999999,0.0,0.0,1.0,0.0,8428832.0,7.44075001692394,0.0,7.44075001692394,4.94393742794376,64.6481078279884
GIN,Guinea,2001,16.39999999999999,15.6148975516014,14.9105463439258,0.0533687062561512,0.804,14.662,2.7715759976535175,-1.573,1637.0159999999996,11.694,4.52271271,1.612196126227644,21.8203987016552,24.94133364256935,0.0,12.875,52.669,2.5899191429594897,4.45095759724012,0.6518769999999989,0.0,0.0,7.63138676632079,0.0,4.450957597240109,0.923,-1.6645,-2.022899820318,0.307,10.9310156857046,0.082,27.4606418222,0.979678392410278,0.0676594898104667,0.0877017304301262,12.0823443635609,40.1878781394378,2665979.0,145388580.20000005,17312.116255999998,0.0,530031039.99999994,0.0,0.0,1.0,0.0,8539960.0,7.63138676632079,0.0,7.63138676632079,4.45095759724011,62.06481529187489
GIN,Guinea,2002,17.700000000000003,12.6368158652096,14.8357430403433,0.0537739805877209,0.811,14.157,2.84531440721058,-1.64,1692.9389999999985,11.034,5.563109352,1.510454807425476,21.4815029343945,22.6768719382795,0.0,17.641196393650922,53.2,2.59679162088128,3.31338441080475,1.0464800000000023,0.0,0.0,8.798067367131388,0.0,3.3133844108047104,0.923,-1.421,-2.04876757645719,0.307,13.766300255419202,0.082,27.0328819344223,0.960123300552368,0.0793513134121895,0.118437334895134,12.1114517779361,38.0284032674396,2733470.0,162915360.20000005,17480.016666,0.0,514512000.0,0.0,0.0,1.0,0.0,8674066.0,8.79806736713139,0.0,8.79806736713139,3.3133844108047104,59.31612694669374
GIN,Guinea,2003,18.90000000000001,20.6566148551569,14.2516528815736,0.0532020963728428,0.817,13.818,2.898929526710166,-2.173,1684.4989999999998,10.085,6.030366852,1.467746586184603,21.7573715436192,23.909675537695737,0.0,18.812652140835205,53.589,4.06562141316577,2.73845927583934,1.2569400000000002,0.0,0.0,12.1579327360701,0.0,2.7384592758393005,0.923,-0.789,-3.03877563147459,0.307,14.364067678340902,0.082,27.8168506391328,0.930437624454498,0.0942405983805656,0.143002584576607,14.8963920119094,35.0751269891585,2821671.0,162418007.00000012,17072.216631,0.0,520661720.0,0.0,0.0,1.0,0.0,8870781.0,12.1579327360701,0.0,12.1579327360701,2.7384592758393005,58.694011271386366
GIN,Guinea,2004,20.200000000000003,13.635759512579398,15.9897180256217,0.052004624158144,0.808,13.533,2.596229109710663,-1.256,1691.7469999999976,9.134999999999998,7.008901046,1.5805141292518448,20.9236440966749,23.334801286345137,0.0,18.283084620631747,53.975,3.885633799737579,4.03776494947596,1.7092000000000098,0.0,0.0,10.1221055672616,0.0,4.037764949475999,0.923,-1.033,-1.84563387610034,0.307,14.386313570932764,0.082,26.9160103925124,0.917523145675659,0.0916801020503044,0.1698417365551,14.1598705167376,34.5950959210535,2909429.999999998,149273768.20000005,18795.5111,0.0,556261900.0,0.0,0.0,1.0,0.0,9062726.0,10.1221055672616,0.0,10.1221055672616,4.037764949475999,61.379092780693135
GIN,Guinea,2005,20.200000000000003,10.3455873289968,15.2811594891059,0.051949217915535,0.793,13.241,3.879156542802658,-1.539,1706.661,9.933999999999996,8.3902682,1.6874467705292977,21.9879538645841,31.3733025877534,0.0,18.822587165052173,54.422,4.17262160793595,8.092845166591518,2.044159999999998,0.0,0.0,12.9946223729422,0.0,8.092845166591502,0.923,-1.154,0.948937292425619,0.307,14.354286835878373,0.083,25.9855472680562,0.804485559463501,0.0853211060166359,0.191526100039482,21.0874675395337,47.9377003917167,2995309.0,112503558.79999997,19237.325097,0.0,834048410.0,0.0,0.0,1.0,0.0,9245844.0,12.9946223729422,0.0,12.9946223729422,8.092845166591502,90.20792585295621
GIN,Guinea,2006,22.800000000000004,1.3834207170994404,15.5845641334162,0.0527600571513176,0.793,12.925,4.604760735851368,-1.724,1709.5290000000005,11.035,9.125353433,1.7283928730722409,34.2753959440443,34.6952705997072,0.0,20.863485888064336,54.875,11.3806170792337,8.79897292709328,11.371580000000002,0.0,0.0,8.986719078951328,0.0,8.798972927093269,0.923,-1.909,0.340022091310751,0.307,11.185750355265824,0.083,44.9064387061431,0.929527640342712,0.0770389959216118,0.183217450976372,17.7856920060446,69.3862937148949,3086018.000000002,98544217.60000002,18783.944364,0.0,818750484.8,0.0,0.0,1.0,0.0,9441171.0,8.98671907895133,0.0,8.98671907895133,8.798972927093269,86.72128539987253
GIN,Guinea,2007,24.1,-3.720940613573511,16.81970768631,0.0532140657305718,0.793,12.67,3.262639438608012,-1.882,1775.8999999999996,9.936999999999998,11.066558764,1.7274712907993188,30.7663957919196,18.1755656108597,0.0,20.80739866602925,55.233,11.4378591383573,7.516918227035529,20.699,0.0,0.0,8.77638692629152,0.0,7.51691822703558,0.923,-2.403,2.84730854644849,0.307,11.331449271318862,0.086,45.5641193441512,0.967236995697022,0.0866197794675827,0.168649986386299,16.2933051533271,71.1210322265015,3186043.999999998,92498353.5,18519.025303,0.0,870257384.0,0.0,0.0,1.0,0.0,9662281.0,8.77638692629152,0.0,8.77638692629152,7.51691822703558,90.06748861888823
GIN,Guinea,2008,25.4,4.32684022128441,15.980005361399,0.0547641627490521,0.791,12.367,3.2394314668386315,-1.548,1801.455,10.459,10.826600627,1.7291463818109905,32.9328375718068,23.065612938798,0.0,20.891529311709732,55.703,12.6717179303236,5.79680904242921,27.780900000000003,0.0,0.0,9.427156437611478,0.0,5.796809042429221,0.923,-2.097,2.10187582937652,0.307,11.57485804505388,0.061,43.7134631537269,0.919784367084503,0.0808735713362694,0.190696388483047,15.2239654800407,64.1842433909581,3292080.0,97828708.79999997,17682.347981000003,0.0,1037504233.0,0.0,0.0,1.0,0.0,9898870.0,9.42715643761148,0.0,9.42715643761148,5.796809042429221,104.8103705776518
GIN,Guinea,2009,26.699999999999996,-5.6200018122468585,16.3606168762438,0.056573960930109,0.593,12.135,2.659868665977694,-1.751,1727.1119999999992,11.357,10.28435159,1.6994513076761142,32.2887263194246,4.68438868976504,0.0,20.89545380602456,56.052,12.563672251459,5.638837740770601,34.3963,0.0,0.0,9.94669557172777,0.0,5.638837740770631,0.945,-2.116,-3.44005829818904,0.307,6.885183386986406,0.068,44.2802622043022,0.937066614627838,0.127017825841904,0.145846009254456,15.5855333124984,69.8153454158123,3401658.0,219612684.9,14774.257545,0.0,958404948.0,0.0,0.0,0.0,1.0,10143534.0,9.94669557172777,0.0,9.94669557172777,5.638837740770631,94.48432351091839
GIN,Guinea,2010,28.1,6.659826927053189,17.4849504866218,0.0568335093557835,0.615,11.883,3.9427019919574633,-1.579,1753.1710000000005,10.849,10.340504431,1.670208782391833,32.3138372958105,15.0502688559001,0.0,20.863256169087883,56.431,10.6332855654235,6.68947629723384,38.476,0.0,0.0,8.6026043066631,0.0,6.6894762972338,0.94,-1.687,-8.26705059436595,0.307,11.766407772871291,0.1159999999999999,43.4042055577507,0.837432384490967,0.164545968174934,0.133400872349739,15.2920806038969,73.5465739340387,3514660.999999998,205396582.4,15548.617836,0.0,1400834011.0,0.0,0.0,0.0,1.0,10396086.0,8.6026043066631,0.0,8.6026043066631,6.689476297233801,134.7462892284654
GIN,Guinea,2011,29.500000000000007,3.4607846586211863,16.0697496615218,0.056829322129488,0.652,11.641,6.817893791626702,-1.716,1804.231,15.106,12.700858897,1.725090599683539,32.6144005582332,21.3169268542577,0.0,23.589305753892013,56.778,10.4712769261704,8.309247963173148,45.6102,0.0,0.0,9.89026351946753,0.0,8.309247963173169,0.905,-1.3879999999999997,0.54801221887728,0.307,13.886908690214891,0.15,43.876515571947,0.837684154510498,0.204677700996399,0.155553430318832,18.1995114826407,85.9546732708386,3631117.0,198841731.5,17593.115779000003,0.0,1335006950.0,0.0,0.0,0.0,1.0,10656810.0,9.89026351946753,0.0,9.89026351946753,8.309247963173169,125.27266133111128
GIN,Guinea,2012,26.199999999999996,5.85252801927243,16.8316746641336,0.0574023760855198,0.652,11.406,5.91858015950185,-1.645,1862.571,43.273,13.368370188,1.546708511812645,31.5767582978151,15.2262941038638,0.0,20.01316580128729,57.117,10.5298592048946,6.51400477548396,51.1345,0.0,0.0,10.1176585849258,0.0,6.5140047754839,0.902,-1.287,25.0226182619139,0.307,-2.034051830793123,0.153,42.2230260009564,0.786924421787262,0.178631708025932,0.15613266825676,16.6316633604097,86.6743318322581,3749531.000000002,214693578.1,17823.016154,0.0,1377040700.0,0.0,0.0,0.0,1.0,10921581.0,10.1176585849258,0.0,10.1176585849258,6.514004775483899,126.0843736817957
GIN,Guinea,2013,32.2,-8.174682209415447,17.5452728357444,0.0577089488506317,0.61,11.178,7.341820073840989,-1.06,1887.6129999999991,14.765,12.946173685,2.305744668492852,29.6407139185782,11.8875884481828,0.0,13.89128244297046,57.459,10.8007785486665,4.67797519156106,66.4453,0.0,0.0,9.57218248414314,0.0,4.67797519156106,0.868,-1.23,-3.00493010128758,0.301,2.6199381173767797,0.173,43.5254453103127,0.870522022247315,0.241139128804207,0.136776372790337,14.2501576757042,80.4264477180461,3870292.0,243398408.6,20349.018322,0.0,1393248499.9999957,0.0,0.0,0.0,1.0,11191873.0,9.57218248414314,0.0,9.57218248414314,4.67797519156106,124.48751875579678
GIN,Guinea,2014,33.5,-3.7329697926423617,17.5238169176245,0.0576217323541641,0.643,11.066,9.935703108680444,-1.629,1908.826999999999,17.05,12.893779606,1.944366375817507,29.6941648521559,6.150505567064203,0.0,19.337259465271476,57.581,11.0824935422383,4.873882350791911,75.6869,0.0,0.0,10.0580719553787,0.0,4.873882350792,0.868,-0.9549999999999998,-2.04599832332518,0.301,3.9736177920521016,0.173,43.3533895682141,0.817005515098572,0.214277893304825,0.128759503364563,14.9319543061707,76.7719658952305,3994619.0,320976958.29999995,20288.023465,0.0,1499061600.0,0.0,0.0,0.0,1.0,11472924.0,10.0580719553787,0.0,10.0580719553787,4.873882350792,130.66081497619962
GIN,Guinea,2015,34.9,-7.506531309745288,18.478241904135,0.0575117468833923,0.639,10.861,11.8208499509811,-1.273,1933.519,15.151,13.509507837,2.5429604228793985,26.3246416118291,11.7800825029834,0.0,9.299734376499128,57.899,12.1187356683819,3.63230227317354,91.4756,0.0,0.0,10.481556329485,0.0,3.6323022731736,0.869,-0.386,-5.70720990827195,0.301,6.054696644825631,0.173,45.5062249188801,0.889242470264435,0.253113269805908,0.13816636800766,14.1138586026586,72.4427307469345,4122866.0,339865667.29999995,20905.021464,0.0,1379731600.0,0.0,0.0,0.0,1.0,11767070.0,10.481556329485,0.0,10.481556329485,3.6323022731736003,117.25362388428046
GIN,Guinea,2016,33.5,-1.2409355267490554,17.5899474364211,0.0597064308822155,0.624,10.527,10.772259870664,-1.448,2090.476000000001,15.989,28.758957227,1.9644664207379952,30.1038432883843,8.17268112275132,0.0,21.27360768801112,58.49,10.9266759656277,6.85203440170771,92.0233,0.0,0.0,11.2543300797149,0.0,6.852034401707699,0.869,-0.396,1.012026491274,0.301,16.467608221749774,0.172,41.9293096001372,0.944535315036774,0.236211389303207,0.315476477146149,18.1063644814226,111.839467415368,4262990.0,379076013.9,32423.961192,0.0,2087550089.2,0.0,0.0,0.0,1.0,12073030.0,11.2543300797149,0.0,11.2543300797149,6.852034401707698,172.91020474561896
GIN,Guinea,2017,35.4,11.4797066464814,20.5284733113745,0.0609627552330494,0.672,10.365,9.115691528024108,-1.709,2249.5560000000005,15.284,14.391102563,1.718946952269346,31.653986926333,8.91435947913097,0.0,19.467454373549433,58.715,10.021586832517,9.82298415674104,94.4641,0.0,0.0,9.13014046635048,0.0,9.82298415674102,0.873,-0.699,-1.07425893029918,0.313,12.10683568456043,0.168,37.9415078481777,0.855883300304413,0.210332453250885,0.136860355734825,18.9531246230915,101.251633768429,4407156.0,426088145.2999999,51701.610847,0.0,3525902766.0,0.0,0.0,0.0,1.0,12385659.0,9.13014046635048,0.0,9.13014046635048,9.82298415674102,284.67623450637547
GIN,Guinea,2018,45.0,8.64105079301622,22.9400092652548,0.0595321618020535,0.672,10.151,9.651737671689382,-1.28,2334.2379999999976,14.942,11.690365683,1.9520450829748217,33.3410014345781,9.82761701259191,0.0,20.23466712231124,59.043,12.0732499471316,8.20812399586866,94.555,0.0,0.0,5.49425199794497,0.0,8.208123995868629,0.888,-0.881,-0.151066651354774,0.313,-4.09055483238499,0.137,35.073938251438,0.827495813369751,0.219588756561279,0.121872439980507,13.7023759938136,88.984111543709,4555352.0,463991710.9,59573.732086,0.0,2902589170.5,0.0,0.0,1.0,0.0,12704774.0,5.49425199794497,0.0,5.49425199794497,8.208123995868629,228.4644473408185
GIN,Guinea,2019,42.2,7.436772591152341,26.427276814230595,0.059403982013464,0.672,9.945,10.291896851841102,-1.386,2405.2199999999993,14.715,9.132765847,1.9369596543834988,29.390798702636,9.47001039253012,0.0,18.98906770536236,59.379,10.4003589799348,0.0,98.7621,0.0,0.0,4.65794341633325,0.0,0.0,0.889,-0.843,0.29822362314535,0.313,-7.638094733600003,0.135,35.2028277402344,0.813313245773315,0.215533778071404,0.1221589371562,4.65794341633325,78.4153132285974,4709069.0,481053215.2999999,70173.353552,0.0,3503683229.8,0.0,0.0,1.0,0.0,13034346.0,4.65794341633325,0.0,4.65794341633325,0.0,268.803914657475
IDN,Indonesia,1995,66.86,28.9910136049806,17.1383462031211,0.0438294894993305,0.595,7.497,16.903819864554137,-0.307,5862.967999999999,12.548,31.884237814,2.03531408309937,41.8008374217654,9.42030300572996,0.0,18.8516666666667,65.263,24.1331787066672,0.708278556583866,0.1063100980000086,1.26584699782308,2.9733252636664,1.14651108062321,0.0928985178801877,5.040349335953529,0.943,-1.131,1.84549142088399,0.552,8.16295467111805,0.0509999999999999,41.0608163751136,0.524065315723419,0.200211644172668,0.211934790015221,6.186860416576739,53.9585900635426,72564063.0,0.0,3649.281823766904,0.0,20306006560.29655,0.0,1.0,0.0,0.0,199888057.0,1.14651108062321,0.0928985178801877,1.2394095985033977,5.040349335953529,101.58689250902344
IDN,Indonesia,1996,72.39,28.5738250435369,16.6723873758844,0.0437569655478001,0.595,7.494,16.959972406177265,-0.427,6249.157000000001,12.47,34.31532315,2.06453371047974,43.4557840501119,7.97328096513346,0.0,19.2175,65.465,25.6166348710399,0.630982423330039,0.279339728999993,1.38532510289728,3.298296146600241,1.06413663342743,0.0492629306815176,5.36386660350909,0.943,-1.131,1.98492571641698,0.552,9.69941919220801,0.0509999999999999,39.8719036817834,0.529629647731781,0.197427332401276,0.206165105104446,6.428003236936519,52.264743657148,76276549.0,0.0,3517.208531396172,0.0,24939488779.59074,0.0,1.0,0.0,0.0,203204348.0,1.06413663342743,0.0492629306815176,1.1133995641089476,5.363866603509089,122.73107846880688
IDN,Indonesia,1997,80.3,29.9054516681645,16.0921102228181,0.0434852689504623,0.583,7.437,21.430148858982772,-0.378,6468.155000000001,14.216,35.968756584000005,2.09417247772217,44.3289567972257,6.22615154887214,0.0,21.8175,65.774,26.7929465196358,0.554171678420157,0.4477261019999972,1.55002266015724,2.9527366047692,0.908787294518052,0.031302544084059,5.088233487430658,0.943,-1.4315,0.451296876328834,0.552,8.21356548046801,0.0509999999999999,39.5789011173884,0.55233508348465,0.163765087723732,0.222065180540085,5.997020781948709,55.9938588086777,80025778.0,2970336005.7,3502.161412923617,0.0,23438539397.671013,0.0,1.0,0.0,0.0,206536095.0,0.908787294518052,0.0313025440840591,0.940089838602111,5.088233487430657,113.48398640765922
IDN,Indonesia,1998,80.94,23.7624246280495,18.0828529531935,0.0427733734250069,0.61,7.436,24.00562698774503,-0.3019999999999999,5554.937,13.185,29.467403408,2.1242368221283,45.2277705496239,58.45104135155261,0.0,32.1541666666667,65.942,24.9956709549063,1.35634319697773,0.512769722999991,2.48987291889479,3.105138705242739,1.98084523427725,0.152844486270778,7.104199307386029,0.848,-1.732,0.892620490378574,0.573,-24.6001680758639,0.128,36.686823537659,0.639857172966003,0.147626131772995,0.173167884349823,9.08504454166328,96.1861923602686,83736655.0,9089988448.4,3898.846398395569,0.0,18047109052.367332,0.0,1.0,0.0,0.0,209826788.0,1.98084523427725,0.152844486270778,2.133689720548028,7.104199307386029,86.00955685585451
IDN,Indonesia,1999,83.73,14.2902631372463,19.612676402133,0.0417204685509205,0.524,7.482,21.75498613226322,-0.1049999999999999,5534.957,14.181,24.168849492,2.15473294258118,43.3600616732301,20.4778324428892,0.0,27.6625,66.001,25.9948791141402,0.9772461126023,1.052607358000003,2.02933071336877,3.7780928159414,1.02180590762094,0.0626538932019992,6.84732353511446,0.761,-1.8635,2.26278516515427,0.682,11.826526428387098,0.518,37.0272710177647,0.65012127161026,0.130051404237747,0.151929467916489,7.8691294427354,62.9439128601924,87322103.0,10576254291.0,3802.9486636268666,0.0,21365966371.773952,0.0,1.0,0.0,0.0,213004668.0,1.02180590762094,0.0626538932019992,1.0844598008229391,6.847323535114461,100.30750298755872
IDN,Indonesia,2000,86.3,28.1539097079126,15.6787044387708,0.0407205075025559,0.507,7.431,22.734781949451992,-0.0439999999999999,5744.179,13.433,25.581256274,2.18566656112671,41.9690746433564,3.68862037056682,0.0,18.455,66.292,22.6597512078726,0.990349937041244,1.6981499999999985,2.6651584403675,6.51396124227823,0.810785022440402,0.145482052623159,10.314951672310098,0.762,-1.995,1.44354539330674,0.768,-1.65421247091313,0.527,33.3686365074031,0.686729967594147,0.128025352954865,0.169527962803841,11.1257366947505,71.4368759173731,90722754.0,11148904454.7,4241.3258340301145,0.0,33983347858.482662,0.0,1.0,0.0,0.0,216077790.0,0.810785022440402,0.145482052623159,0.9562670750635609,10.314951672310098,157.27367379351048
IDN,Indonesia,2001,86.3,28.2472995397379,15.9949177621389,0.0400678403675556,0.507,7.391,22.96712503836786,-0.084,5869.758,17.745,25.518330535,2.20774579048157,47.8935007853871,11.5001160550887,0.0,18.5475,66.583,30.7545972173123,0.968409758353021,2.976270000000006,2.42410664166284,4.50279039188872,0.847823364426653,0.548841674832294,8.444148466736877,0.762,-1.789,3.10326416379729,0.768,3.71998595702973,0.527,38.4172452290621,0.693416059017181,0.122118689119816,0.189315304160118,9.29197183116353,69.7932075256238,93997140.0,9413732114.9,4328.263072037794,0.0,30922060500.7481,0.0,1.0,0.0,0.0,219097902.0,0.847823364426653,0.548841674832294,1.3966650392589468,8.444148466736877,141.13353080281024
IDN,Indonesia,2002,87.6,23.7273810974092,16.3196689664379,0.0396237522363663,0.481,7.315,22.85766947295016,-0.082,6047.621000000001,16.353,25.075844356,2.23004794120789,47.7453311592597,11.9001200338414,0.0,18.945,66.954,31.9532784940709,0.856603744414542,5.268169999999998,1.90319344354046,3.501254481152209,0.816662021127957,0.208241061983986,6.469292731091203,0.762,-1.583,3.84823596737301,0.768,12.3224124961922,0.529,40.104784004948,0.704269945621491,0.124062292277813,0.187614619731903,7.28595475221916,59.0794617663723,97235689.0,9186352773.1,4369.445520496428,0.0,29350024735.833344,0.0,1.0,0.0,0.0,222088495.0,0.816662021127957,0.208241061983986,1.024903083111943,6.469292731091203,132.1546383383495
IDN,Indonesia,2003,87.9,21.5110221608592,15.1853482186248,0.0390102304518223,0.481,7.336,22.678376489318534,-0.083,6247.622000000001,17.099,23.987434027,2.25257539749146,43.7495660917608,6.75731256333564,0.0,16.935,67.134,28.252841844456903,0.918755262552855,8.218360000000004,2.09426406086845,3.0609286603222294,0.893334947286473,0.175528949032094,6.249476932775627,0.762,-2.095,1.90661122138227,0.768,10.8520711478648,0.537,41.0650856896144,0.723153054714203,0.128024786710739,0.213334888219833,7.1428118800621,53.6164937473016,100439322.0,10630687332.8,4127.106423094018,0.0,38423887783.351105,0.0,1.0,0.0,0.0,225048008.0,0.893334947286473,0.175528949032094,1.068863896318567,6.249476932775627,170.73640475569596
IDN,Indonesia,2004,89.0,21.7629405591822,14.3357802955642,0.0385964401066303,0.521,8.097,27.684536836240937,-0.248,6469.668,17.573,26.077829501566956,2.27533054351807,44.6276159754602,6.064061891336479,0.0,14.1241666666667,65.521,28.065826585653603,1.01171111673856,13.309799999999996,2.11069450964371,3.94237539539958,0.6138647211571311,1.44210635007159,8.506887371853429,0.757,-1.909,2.24223740053164,0.768,5.13441023123413,0.536,41.0366037289756,0.695265233516693,0.114796966314316,0.218157917261124,9.12075209301056,59.761294836691,103587360.0,10057236851.7,4047.978659393259,0.0,47669193462.997894,0.0,1.0,0.0,0.0,227926649.0,0.613864721157131,1.44210635007159,2.055971071228721,8.506887371853429,209.1426942489638
IDN,Indonesia,2005,84.8,25.5834120624887,13.1266186400506,0.0386478453874588,0.535,7.376,30.51296499451431,-0.18,6741.814,17.86,27.350382621,2.29831528663635,46.5410588710711,10.4532001873347,0.0,14.0508333333333,67.531,27.4075074800459,1.58686660914769,20.318600000000004,1.92387174642882,5.20636964649797,0.5588254922128278,1.04941966899745,9.766527671071971,0.75,-1.518,2.62258772438844,0.768,-0.2457354670148079,0.545,40.3323224888783,0.669785559177399,0.109359376132488,0.233600348234177,10.3253531632848,63.9879358688635,106748992.0,8148491236.1,5459.909917736501,0.0,61003542572.217735,0.0,1.0,0.0,0.0,230871650.0,0.558825492212828,1.04941966899745,1.608245161210278,9.766527671071973,264.2314141741428
IDN,Indonesia,2006,90.6,26.9242646000448,12.9738027192484,0.0386837907135487,0.535,7.423,30.3427233679773,-0.126,7012.67,18.868,26.627675271574397,2.32153272628784,46.9435587410796,13.108670985346,0.0,15.9791666666667,67.664,27.5375740802454,1.77357767480631,27.2719,1.32448590617292,4.55289184316296,0.550897114610431,1.2053764582613,8.85633188240349,0.748,-1.418,2.62843751890172,0.788,1.6581514216352398,0.545,40.0826385396719,0.653415381908417,0.116637274622917,0.233297154307365,9.40722899701392,56.6571268148867,109961391.0,359485406.4,9959.269160215024,0.0,69336055440.09602,0.0,1.0,0.0,0.0,233951652.0,0.550897114610431,1.2053764582613,1.7562735728717311,8.85633188240349,296.3691636599173
IDN,Indonesia,2007,91.1,26.2590550111252,13.7166831034562,0.0386137776076794,0.535,7.421,30.268853398766726,-0.1529999999999999,7352.768,17.782,27.401193393000003,2.34498429298401,46.7991415207073,6.40656087966005,0.0,13.8616666666667,67.914,27.0484127487931,2.65498357606547,39.3934,1.03226061871438,3.6879578095142,0.630347831250839,1.75211269953824,9.12731470383228,0.747,-1.198,0.904527004366513,0.788,2.33967409088073,0.546,39.4841753758365,0.648071587085724,0.116636894643307,0.237074166536331,9.75766253508312,54.8292499782075,113181381.0,377610219.0,14328.186195264205,0.0,79642530276.41711,0.0,1.0,0.0,0.0,237062337.0,0.630347831250839,1.75211269953824,2.382460530789079,9.127314703832281,335.95606659533235
IDN,Indonesia,2008,92.7,29.5008043837438,14.4817402607761,0.0387747250497341,0.535,7.444,30.44789158937241,-0.1,7788.867,19.448,28.979937042000003,2.3686728477478,48.0607447690172,10.2266663272483,0.0,13.5983333333333,68.085,27.8142729854303,1.02468839771291,58.5358,0.995657110106886,4.60202331049434,0.761639031067053,3.7162786519487896,10.338647470262949,0.751,-1.057,1.6872134588498,0.788,-3.8522450263345505,0.546,37.457515026462,0.603644907474518,0.115702778100967,0.256577759981155,11.10028650133,58.5613996312961,116391264.0,368056758.1,19340.66053113854,0.0,110403921455.3496,0.0,1.0,0.0,0.0,240157903.0,0.761639031067053,3.71627865194879,4.477917683015843,10.338647470262947,459.713880227167
IDN,Indonesia,2009,93.6,30.1102485336039,15.290148146172,0.0389319956302643,0.539,7.461,27.6587104878441,-0.213,8040.417,15.382,28.576848297,2.39260053634644,47.6521225811621,4.386413117920739,0.0,14.4983333333333,68.267,26.3554745271064,1.41195377994442,67.2958,0.945944802344101,2.1219149290471595,0.5678798941130702,1.3782379938357,5.85805150517138,0.75,-0.751,-0.0842986338400115,0.823,5.74795209578427,0.552,37.0577298834625,0.601167023181915,0.13113634288311,0.272025316953659,6.425931399284451,45.5121213687054,119585835.0,3104713977.0,17599.917227734044,0.0,71118034621.11752,0.0,1.0,0.0,0.0,243220028.0,0.56787989411307,1.3782379938357,1.94611788794877,5.858051505171381,292.4020493128038
IDN,Indonesia,2010,94.2,33.6226923768118,13.929212707137,0.0389550477266312,0.545,7.528,27.2530411349395,-0.264,8432.942,15.644,29.197483777,2.41677021980286,42.7758663362749,5.13420639015885,0.0,13.2516666666667,68.364,22.0386285924438,1.51452958965276,85.7839,0.826445929259323,2.31580791993823,0.461892591342216,2.016932992196399,6.673716431046715,0.749,-0.854,0.0451692384628585,0.823,-1.74609753559597,0.586,40.6659902908934,0.568690180778503,0.122371606528759,0.297965347766876,7.13560902238893,46.7012738758737,122788468.0,3049935042.0,30240.456213204616,0.0,97715458177.11192,0.0,1.0,0.0,0.0,246305322.0,0.461892591342216,2.0169329921964,2.4788255835386157,6.6737164310467145,396.72491598501443
IDN,Indonesia,2011,94.8,34.1662777529407,13.5122870743946,0.0390801653265953,0.545,7.517,30.0821993577662,-0.287,8792.318,17.01,29.897848709,2.40213108062744,43.9134234267133,5.35604849112582,0.0,12.4033333333333,68.629,21.7608545038476,1.37848884835229,100.135,0.73781080558996,2.9604198019870704,0.4416795643228131,3.04471491349847,8.121434369427787,0.75,-0.77,0.4872846473067369,0.824,4.59437674883754,0.574,40.5846042111279,0.527714967727661,0.116229243576527,0.335202038288116,8.5631139337506,50.1800131841104,125939961.0,3040508153.7,43281.26992407579,0.0,136081298780.01562,0.0,1.0,0.0,0.0,249470032.0,0.441679564322813,3.04471491349847,3.486394477821283,8.121434369427787,545.4815461763184
IDN,Indonesia,2012,96.0,32.9144358565005,13.3739742350727,0.0392579361796379,0.545,7.51,33.4341714348422,-0.239,9192.039,17.249,30.834564657,2.38758063316345,43.5937444233376,4.2795142691943,0.0,11.795,68.862,21.4509550553875,0.577088878511745,111.581,0.652294226994824,2.5194483380145094,0.434247629983757,1.7625357897008,5.511367233221872,0.751,-0.593,-0.4197986270376379,0.824,7.75018856489028,0.57,40.8733748934867,0.537102222442627,0.124521672725677,0.340893119573593,5.9456148632056305,49.5828982992627,129279032.0,3043775658.9,33986.23673973985,0.0,125635946557.26772,0.0,1.0,0.0,0.0,252698525.0,0.434247629983757,1.7625357897008,2.1967834196845573,5.511367233221874,497.17720575245824
IDN,Indonesia,2013,96.5,32.0806307225782,13.3566991621949,0.0393154546618462,0.572,7.51,36.0581396070456,-0.225,9570.556,16.864,30.664104802999997,2.37311816215515,42.6356774375889,6.41249457900391,0.0,11.6575,69.064,21.0286886817218,0.720021093755813,122.42499999999998,0.636686032705509,2.2422881644347896,0.484377902702338,1.3065358403565,4.905531131252612,0.755,-0.519,-0.7714705043787149,0.825,6.37493124212137,0.547,41.5165374799893,0.543721199035645,0.125173002481461,0.331971883773804,5.38990903395495,48.6373726752893,132610251.0,3049873981.9,59741.347268189995,0.0,125330513226.34937,0.0,1.0,0.0,0.0,255852467.0,0.484377902702338,1.3065358403565,1.790913743058838,4.905531131252612,489.8546208911457
IDN,Indonesia,2014,97.0,31.7328858513683,13.3367549992146,0.0391433276236057,0.614,7.499,36.4235451552096,-0.128,9916.343,16.56,30.533440649,2.35874342918396,41.9283421270033,6.3949288239655875,0.0,12.605,69.292,21.0751760505565,0.2910316678705609,125.767,0.850564550857553,1.97502549820142,0.603499545998423,1.0714997739518295,4.1881214908813575,0.757,-0.417,-0.542053996529118,0.783,6.79211858069728,0.54,42.2421853142869,0.544006407260895,0.118302948772907,0.34196749329567,4.79162103687978,48.0801755855227,135911187.0,2869269976.1,4845.525393530001,0.0,104006857854.02795,0.0,1.0,0.0,0.0,258877399.0,0.603499545998423,1.07149977395183,1.674999319950253,4.1881214908813575,401.7610585388644
IDN,Indonesia,2015,97.5,31.1568601011495,13.4926435578886,0.0388168431818485,0.64,7.495,39.1187982955119,-0.14,10260.61,14.878,30.532766880999997,2.34445571899414,40.0478624042506,6.36312061196646,0.0,12.6625,69.52,20.9857874310206,0.2319125613958099,129.469,0.960955966326089,0.7966751287189009,0.473955930536083,0.617867776842894,2.6074114332836977,0.692,-0.62,-1.37041429504382,0.824,8.34991063469474,0.595,43.3090809246806,0.556362211704254,0.119831472635269,0.341421991586685,3.08136736381978,41.9376402415294,139204099.0,2744354880.1,3079.6534923,0.0,72491520151.18677,0.0,1.0,0.0,0.0,261799249.0,0.473955930536083,0.617867776842894,1.091823707378977,2.607411433283697,276.89735714706643
IDN,Indonesia,2016,97.6,30.9123569191041,13.4787485470271,0.0384636409580708,0.64,7.502,39.4024246939413,-0.174,10655.77,14.36,30.523152094,2.33025455474854,39.3084439802081,3.5258045281545094,0.0,11.8883333333333,69.733,20.5229746805052,0.3255984423016289,145.704,0.63934334627299,0.6222793380308591,0.424739208675108,0.656229604029038,2.243450730634521,0.698,-0.38,-1.08728738623066,0.824,9.22443234413206,0.587,43.6417488094502,0.561236560344696,0.112187117338181,0.343308418989182,2.668189939309631,37.4213418023318,142402781.0,2662367045.6,4138.276579769999,0.0,69719969317.90808,0.0,1.0,0.0,0.0,264627418.0,0.424739208675108,0.656229604029038,1.080968812704146,2.243450730634523,263.46464718144995
IDN,Indonesia,2017,98.1,31.8887882006076,13.1566308462661,0.0381406210362911,0.639,7.506,38.7323495613041,-0.1109999999999999,11073.521,14.18,31.015344332,2.31613945960999,39.3791548040237,3.8087985769194894,0.0,11.0733333333333,69.953,20.1600223614347,0.3386962644306639,162.783,0.591523999755219,0.7993679661271447,0.4990279640505299,0.8515455771592,2.5811338074722308,0.705,-0.505,-0.670371732582266,0.779,6.50156399609036,0.578,43.6140553296427,0.546243250370026,0.10447733849287,0.351557552814484,3.0801617715227607,39.3554970704606,145581221.0,2820410976.7,6927.8187910199995,0.0,90525792373.41524,0.0,1.0,0.0,0.0,267346658.0,0.49902796405053,0.8515455771592,1.35057354120973,2.5811338074722308,338.6082812877924
IDN,Indonesia,2018,98.5,32.6535747143641,12.8084975586902,0.0378776751458645,0.625,7.562,38.8054496665639,-0.081,11522.78,14.921,31.513564353,2.30210971832275,39.7297374523848,3.19834755924996,0.0,10.5366666666667,70.08,19.8631933835963,0.664931025171148,118.33,0.859660703628191,1.132302019996709,0.487970158620755,1.07176983707974,3.728663585875784,0.733,-0.552,0.04830750637048,0.821,6.47124983937941,0.559,43.4048373057688,0.531983315944672,0.106185659766197,0.357951194047928,4.216633744496541,43.0743089552002,148731816.0,2754377864.2,16307.63978044,0.0,124830420858.6734,0.0,1.0,0.0,0.0,269951846.0,0.487970158620755,1.07176983707974,1.559739995700495,3.7286635858757857,462.4173633495857
IDN,Indonesia,2019,98.9,31.8716276579178,12.7126026577522,0.0379284732043743,0.629,7.558,38.3726939516609,-0.135,11976.45,14.268000000000002,31.276179298,2.28816509246826,38.9517679950779,3.0305846094166107,0.0,10.3658333333333,70.349,19.7035390875513,0.527633581615829,125.244,0.738467377908887,0.7401346095146781,0.429369566307973,0.800234541340992,2.806470110380386,0.742,-0.502,-0.3504161571042601,0.821,8.62940479031393,0.54,44.220745839176,0.53957211971283,0.109686799347401,0.345629453659058,3.235839676688361,37.6277775357108,151880690.0,2738601714.4,19612.84302914,0.0,99994309097.16972,0.0,1.0,0.0,0.0,272489381.0,0.429369566307973,0.800234541340992,1.229604107648965,2.806470110380388,366.96589324033044
IRN,"Iran, Islamic Rep.",1995,98.1076194162967,35.3827071659485,12.6102361431141,0.0356380604207516,0.323,5.4,16.6882373800448,-0.851,10278.77,22.376,14.00812478,1.55223035812378,39.4404238932804,49.6559858462746,0.0,16.399840931959766,67.904,15.3443223066172,0.2500114771944479,0.0261568379999914,1.17406917330279,19.3040585759505,0.0349740615753273,0.0093556861415852,20.737494912589373,0.633,-0.325,-0.9887611853001383,0.614,-6.1574457725408,0.288,49.9041053365152,0.517806828022003,0.227460220456123,0.194081604480743,20.7724689741647,35.1442449159574,37586681.0,0.0,24717.115154258703,0.0,26539451878.146942,0.0,1.0,0.0,0.0,62205567.0,0.0349740615753274,0.00935568614158531,0.044329747716912705,20.737494912589373,426.6411055805816
IRN,"Iran, Islamic Rep.",1996,98.11400140341684,40.3589816764869,10.3464772313477,0.0349692478775978,0.356,5.266,15.1769848938656,-0.717,10773.529,20.146,16.263976332,1.58167088031769,42.0825362513932,28.937344016813704,0.0,15.575212697711333,68.328,16.5055430323782,0.109188225751502,0.0973515889999916,1.16892188051012,19.6685614584308,0.0351640037366232,0.0076270201042634,20.95429858479668,0.633,-0.325,-2.425087493287677,0.614,-4.786573378357456,0.287,48.8097255642591,0.47235319018364,0.238921880722046,0.267218559980392,20.9894625885333,35.2212991546042,38396697.0,0.0,24746.656103098703,0.0,33292014120.700768,0.0,1.0,0.0,0.0,62881300.0,0.0351640037366231,0.00762702010426342,0.042791023840886525,20.95429858479668,529.4422049273912
IRN,"Iran, Islamic Rep.",1997,98.11095890295265,36.2136908894348,9.81269950030608,0.0347936078906059,0.324,5.205,16.6054130388434,-0.262,10750.916,19.016,17.111257438000003,1.61166965961456,38.7114436760975,17.3492257538708,0.0,16.830623807757842,68.649,17.4359815844251,0.127055091970103,0.3824263209999898,1.53703282056056,18.0436980240134,0.041562459498226,0.0073675459458102,19.715153482489875,0.516,-0.509,-0.596321548762466,0.614,-4.625909970926873,0.347,52.4764737606246,0.499805867671967,0.236383140087128,0.258416056632996,19.7567159419881,32.6495581116416,39529175.0,0.0,25204.587425937894,0.0,31222303538.03915,0.0,1.0,0.0,0.0,63639638.0,0.041562459498226,0.00736754594581021,0.04893000544403621,19.715153482489875,490.6109544186777
IRN,"Iran, Islamic Rep.",1998,98.11779781385212,29.427431550339,11.5550578925548,0.0349927842617035,0.297,5.084,18.0219203287981,-0.311,10824.05,14.482,17.04979647,1.64223754405975,32.5035534129176,17.8661342130398,0.0,16.017780517152925,69.214,16.8907124418374,0.1304875296572369,0.6145056220000029,1.56906693817168,11.6492107603037,0.0371764382651982,0.0090725971070207,13.3578378252397,0.516,-0.693,-0.3005306038979169,0.686,1.7654195351174424,0.372,57.1684307665697,0.520888090133667,0.251979440450668,0.266163736581802,13.3950142635049,29.2282196463134,40586372.0,0.0,25630.143490957493,0.0,22522324975.848324,0.0,1.0,0.0,0.0,64519859.0,0.0371764382651982,0.00907259710702086,0.04624903537221906,13.3578378252397,349.0758554796024
IRN,"Iran, Islamic Rep.",1999,98.11436568785912,36.6942796945194,9.91498621545228,0.0353765711188316,0.297,5.019,18.0432796682098,-0.44,10922.487999999998,18.597,17.370374256999998,1.67338514328003,37.4588861757893,20.0707078146866,0.0,16.467991632433833,69.686,16.6599877236784,0.09776074349142,0.7607288830000059,1.66822362541216,16.7896155043784,0.0686379173669864,0.0023700017640781,18.557969875046016,0.516,-0.7104999999999999,-0.709934860766732,0.686,-6.164763720367143,0.378,53.4409524080366,0.481294989585876,0.221648499369621,0.269626051187515,18.626607792413,34.8854141345934,41695093.0,334969289.9,24940.890071958704,0.0,29179843098.40952,0.0,1.0,0.0,0.0,65445391.0,0.0686379173669865,0.00237000176407814,0.07100791913106465,18.557969875046016,445.8655170752898
IRN,"Iran, Islamic Rep.",2000,97.9,37.8698843045837,9.06841932703815,0.0358617976307869,0.279,4.957,26.249781183445,-0.446,11378.399,22.874,18.097622909,1.70512354373932,40.3059101601225,14.4767513188567,0.0,14.434678571351702,70.166,16.6392250192538,0.0843084131247478,1.4492800000000017,2.30162442963997,30.6637746707723,0.0288636575172724,0.0036253340187002,33.05333284755573,0.516,-0.728,-2.863311051007111,0.686,-4.921897787755363,0.35,51.4166442622418,0.501047909259796,0.231978014111519,0.25922030210495,33.082196505073,41.2572474638031,42825431.0,317983003.0,24221.007303620772,0.0,49982598660.81681,0.0,1.0,0.0,0.0,66418659.0,0.0288636575172724,0.00362533401870033,0.032488991535972726,33.05333284755573,752.5385097103031
IRN,"Iran, Islamic Rep.",2001,98.1,36.39031915484977,8.31084200246599,0.0367583855986595,0.271,4.91,30.0795827822114,-0.501,11457.749,16.658,22.105708068,1.74374103546143,39.9172619781884,11.2742471332117,0.0,14.52385125334012,70.619,17.1481311479719,0.0742215523232543,3.094580000000001,2.44405372220749,21.4882168458321,0.0424309553559414,0.0076052063198427,24.01409732668276,0.516,-0.7505,-2.7602913631644874,0.686,-5.215044890380582,0.35,52.3210997514138,0.489908248186111,0.22111140191555,0.274869561195374,24.0565282820387,40.535566479523,43990083.0,306712496.89999986,23369.050228672066,0.0,44553360150.58415,0.0,1.0,0.0,0.0,67452005.0,0.0424309553559414,0.0076052063198428,0.0500361616757842,24.01409732668276,660.5194337897614
IRN,"Iran, Islamic Rep.",2002,98.1,37.36865236308043,7.82554689747938,0.0378856360912323,0.268,4.887,29.1008806293968,-0.474,12181.025,15.577,21.835146641,1.78219604492188,45.5029348793712,14.3359337378404,0.0,14.771883598631426,71.112,15.0966632125649,0.0781738137360548,3.3511200000000017,2.3496161139381,20.4437414632993,0.0221846709604431,0.0078439932351527,22.87937538420856,0.516,-0.773,-2.643582837016691,0.686,-5.408292873314949,0.35,47.6983837464383,0.490517199039459,0.204607784748077,0.299964308738709,22.901560055169,48.1726865520657,44837931.0,331799013.1,24147.01504490024,0.0,43277863162.910774,0.0,1.0,0.0,0.0,68011317.0,0.0221846709604431,0.00784399323515275,0.03002866419559585,22.879375384208558,636.3332614616296
IRN,"Iran, Islamic Rep.",2003,98.2,36.473418982498,7.45109456120201,0.039011511951685,0.268,5.225,32.4332547623977,-0.5,12907.436,15.759,21.425424811,1.8214989900589,45.0599495545921,16.4680116244792,0.0,14.93995231502371,70.464,14.7931353364884,0.0568901028390886,5.016590000000008,2.05072226747438,22.0449174416527,0.0229485800206517,0.0048286972236328,24.157358509189848,0.533,-0.78,-2.54808386287257,0.686,-5.499000639344715,0.35,48.7704956249067,0.471975952386856,0.204922929406166,0.333777666091919,24.1803070892105,50.6791057753261,45803769.0,362659894.2999999,26658.577475036276,0.0,60353499585.67299,0.0,1.0,0.0,0.0,68769340.0,0.0229485800206518,0.00482869722363294,0.02777727724428474,24.157358509189848,877.6222017787721
IRN,"Iran, Islamic Rep.",2004,98.3,37.413674980926665,6.88957846945821,0.0404061190783978,0.317,4.772,35.071095896488,-0.394,13264.229,15.4,22.415646965774005,1.86166882514954,47.4704724796045,14.7615086970672,0.0,16.65,72.04,15.7024342773986,0.1876685381111189,7.224510000000002,1.83655471628029,25.1990020398231,0.0096146687647793,0.0115248494401763,27.23475014365472,0.533,-0.762,-2.3088432907185608,0.686,-6.461675862059469,0.334,47.9180928342311,0.474157899618149,0.201204687356949,0.329521805047989,27.2443648124195,51.3138573265888,47252106.0,379021408.6,29291.088361271413,0.0,80403075292.06924,0.0,1.0,0.0,0.0,70256316.0,0.00961466876477941,0.0115248494401764,0.021139518204955812,27.234750143654722,1144.424869816249
IRN,"Iran, Islamic Rep.",2005,98.4,37.427073252213695,6.50138220908685,0.0418773852288723,0.376,4.728,38.348153226962,-0.263,13481.204,18.745,22.588428603194355,1.90272438526154,49.6372490521282,13.433118008508,0.0,16.0,72.446,15.0414920675817,0.399231467997184,11.848399999999998,2.44636854647738,31.6076762648214,0.0076124571416966,0.0214272817010313,34.4747035609969,0.727,-0.783,-2.2671314456128897,0.686,-3.4670247456829895,0.264,47.9812176030011,0.463155508041382,0.201534584164619,0.28778874874115,34.4823160181386,54.4404952635536,48750605.0,348821919.1,31752.870993746557,0.0,112270347309.38763,0.0,1.0,0.0,0.0,71828455.0,0.00761245714169671,0.0214272817010313,0.029039738842728008,34.4747035609969,1563.0344173404208
IRN,"Iran, Islamic Rep.",2006,98.4,37.411556467886754,7.11821124095933,0.0430574901401997,0.392,4.673,44.7948027977428,-0.324,13933.157,16.484,21.152400353724964,1.94468533992767,48.2599008746838,10.0158982511924,0.0,14.0,72.895,15.0335061173724,0.733376016232142,20.963,2.45659210122043,31.5582038058527,0.0087440937456675,0.0222124920623487,34.77038441536763,0.727,-1.041,-4.75154910544613,0.686,-0.5084481143759723,0.26,49.1253327032366,0.458965510129929,0.221412092447281,0.279034018516541,34.7791285091133,53.1673587143845,50134721.0,367157846.4000001,34975.924377840485,0.0,133347190514.0172,0.0,1.0,0.0,0.0,73392747.0,0.00874409374566752,0.0222124920623487,0.030956585808016218,34.77038441536763,1816.898753142694
IRN,"Iran, Islamic Rep.",2007,98.7,37.390779622350735,7.18556823147499,0.0440533086657524,0.392,4.649,47.0472761389845,-0.917,14851.262,14.089,22.421959459894964,1.98757183551788,48.235663136428,17.3410404624277,0.0,12.0,73.299,12.9076157657217,1.04037894076244,39.9047,1.99708594942742,26.1252401169156,0.0078187218320571,0.011983461167409,29.174688468272848,0.727,-0.9320000000000002,-2.21145240406974,0.686,-8.897954183401259,0.26,47.6077676817297,0.451026082038879,0.202694654464722,0.27582111954689,29.1825071901049,49.8873069225934,51331240.0,385669494.0,39232.403474331986,0.0,147635509818.7694,0.0,1.0,0.0,0.0,74602648.0,0.00781872183205722,0.011983461167409,0.01980218299946622,29.174688468272844,1978.9580367009146
IRN,"Iran, Islamic Rep.",2008,98.8,41.61618968251402,6.1227725911111195,0.0450392439961433,0.383,4.634,45.3150694425274,-1.051,14737.255,14.581,25.0094558307719,2.0314040184021,47.6687887779159,25.4105090311987,0.0,12.0,73.683,12.9684578028281,1.05351568532114,56.9429,1.8467989298903,30.565973898031295,0.0123120646835903,0.0441506050715155,33.51043911831421,0.727,-0.94,-4.22108751612251,0.686,-6.21492024510556,0.26,48.6423388030411,0.431888818740845,0.226574435830116,0.306378543376923,33.5227511829978,48.22940277414379,52391005.0,375912135.1,40333.45135162995,0.0,206190149251.17783,0.0,1.0,0.0,0.0,75514204.0,0.0123120646835903,0.0441506050715156,0.0564626697551059,33.51043911831421,2730.4816621145583
IRN,"Iran, Islamic Rep.",2009,99.7,41.68352718993861,6.9244896148629,0.0458591170608997,0.389,4.623,49.2122294086103,-1.163,14696.544,14.289999999999996,25.062921568574993,2.07620286941528,43.0965172977284,13.5515548281506,0.0,12.0,74.041,13.2744893947707,0.472460550405355,68.7372,2.28085971648197,17.5512587993854,0.0122326996998762,0.019462552224609,20.324041618497425,0.74,-1.564,-3.18565871589567,0.686,7.07608797972097,0.241,51.4807181924139,0.421556025743485,0.24497976899147,0.302353918552399,20.3362743181973,43.6995802243585,53512890.0,2235620001.4,39899.87013843077,0.0,125241075087.02426,0.0,1.0,0.0,0.0,76457825.0,0.0122326996998762,0.019462552224609,0.0316952519244852,20.324041618497425,1638.0413003773554
IRN,"Iran, Islamic Rep.",2010,99.4,44.24433491069263,6.4993907255720105,0.0465412959456444,0.437,4.613,52.0229498170448,-0.592,15347.147,15.282,24.46991294760399,2.12198948860168,44.2093794197457,10.0893629287979,0.0,12.0,74.39,12.7839080636811,0.952827159850501,69.8155,1.8610874879457,20.2248363529261,0.0115312621774117,0.0177607864327432,23.05651178715499,0.739,-1.631,-0.7679746442048208,0.686,-3.3504815238065806,0.231,51.1373145239641,0.409970372915268,0.25258469581604,0.307011067867279,23.0680430493324,43.7706437371399,54666286.0,2196175181.8,43422.714490324295,0.0,168112784931.87903,0.0,1.0,0.0,0.0,77420842.0,0.0115312621774118,0.0177607864327432,0.029292048610154997,23.05651178715499,2171.4150942956553
IRN,"Iran, Islamic Rep.",2011,99.5,42.61291384984623,4.64211620456629,0.047298900783062,0.437,4.61,49.2475078971103,-0.546,15545.179,16.136,24.940181224699828,2.16269493103027,46.2322885720868,26.2933856738608,0.0,11.0,74.721,13.7921914678481,1.04689385094231,71.4984,1.91739971657899,22.3514589221281,0.0080282573325154,0.0223657016252692,25.338118191274685,0.739,-1.422,-0.5811076911440789,0.686,-16.797550089526,0.234,48.7236875755503,0.39884877204895,0.257091283798218,0.275072515010834,25.3461464486072,41.2194147918578,55812297.0,2189387136.2,46872.24101361781,0.0,238965184804.31137,0.0,1.0,0.0,0.0,78383598.0,0.00802825733251548,0.0223657016252693,0.03039395895778478,25.338118191274685,3048.6631247051378
IRN,"Iran, Islamic Rep.",2012,99.5,39.68095239600898,6.79693716710654,0.0472388602793217,0.414,4.609,49.6173234830957,-0.939,14787.876,12.586000000000002,21.820880332,2.204181432724,42.0941632127045,27.2568127242908,0.0,11.0,75.039,16.3771989024111,0.668779628211241,73.2734,2.01887057952724,18.4120723402826,0.0096781897775324,0.0093181906571099,21.109040738678168,0.739,-1.324,-0.4322447519570669,0.686,-6.68652747407881,0.234,50.4291162835523,0.461074113845825,0.271167159080505,0.243035033345222,21.1187189284557,44.0893466807452,56958998.0,2191739977.7,47115.3067538162,0.0,215419643073.37808,0.0,1.0,0.0,0.0,79370580.0,0.00967818977753255,0.00931819065710996,0.01899638043464251,21.109040738678168,2714.0993939237696
IRN,"Iran, Islamic Rep.",2013,99.8,37.33174742249702,8.77490977276026,0.0460640974342823,0.329,4.609,44.5964991335657,-0.272,14377.88,12.476,20.163443973,2.24646353721619,42.7788684660118,36.6030355191029,0.0,11.0,75.349,15.7296956213052,0.95144936458257,81.1372,2.7187141958893,21.2565665523955,0.0131930010768848,0.0068159154993199,24.933546028366617,0.734,-1.25,-0.652233097527237,0.686,-18.8451930586967,0.252,47.6419116595481,0.442974895238876,0.272544026374817,0.232792720198631,24.9467390294435,47.0867179194755,58142301.0,2196131214.1,50106.7225396919,0.0,209058897326.9401,0.0,1.0,0.0,0.0,80414686.0,0.0131930010768849,0.00681591549931996,0.02000891657620486,24.933546028366614,2599.760164790547
IRN,"Iran, Islamic Rep.",2014,100.0,38.98502730379347,9.37842415684426,0.0447834879159927,0.315,4.613,48.9844792976358,-0.339,14909.895,13.112,20.783623974,2.28955674171448,39.2282280462408,16.6065532357449,0.0,14.0,75.635,15.5847556165887,0.632030591810473,84.5269,2.97411018568107,21.2353758265799,0.0145731544822778,0.0046913823140681,24.84620798638552,0.733,-0.875,-0.836718294637327,0.686,3.86413888968698,0.251,49.3556902392447,0.452914714813232,0.251696318387985,0.266253858804703,24.8607811408678,45.3514201413161,59359901.0,2066082894.8,52856.44528322187,0.0,197137483971.62457,0.0,1.0,0.0,0.0,81502045.0,0.0145731544822778,0.00469138231406816,0.01926453679634596,24.846207986385522,2418.8041413147926
IRN,"Iran, Islamic Rep.",2015,100.0,35.7970485777928,10.0916014141126,0.0435570478439331,0.315,4.617,56.3719593551977,-0.261,14516.847,14.823,18.524341741999997,2.33347654342651,32.1747396532204,12.484681561153298,0.0,14.21,75.907,13.4507444091979,0.3231133184420468,89.8322,2.62955318037995,12.2663527393474,0.0081336075519196,0.0031466308680444,15.22216586903748,0.733,-0.925,-1.2148116934297202,0.686,13.9854467563741,0.264,55.1819574554845,0.511281073093414,0.2462537586689,0.260363310575485,15.2302994765894,39.42258866118,60606375.0,1976134948.0,53196.54439112186,0.0,117093835005.78935,0.0,1.0,0.0,0.0,82619362.0,0.00813360755191975,0.00314663086804457,0.01128023841996432,15.22216586903748,1417.2686906707092
IRN,"Iran, Islamic Rep.",2016,100.0,28.05867902863499,8.44788029281743,0.042352344840765,0.377,4.625,57.8313383703997,-0.257,15601.647,15.265,15.736419216954967,2.37823891639709,34.3222829592861,7.24542548952979,0.0,18.0,76.155,13.3188366338022,0.3203618349802,96.0722,1.91831819745209,10.8895031509112,0.0038978706193251,0.0037292500161014,13.131912433359576,0.725,-0.814,-1.2943016664405802,0.686,3.4497687580534,0.273,54.0362259638003,0.48526394367218,0.254162102937698,0.234189808368683,13.1358103039789,39.8772417738866,61920147.0,1917097749.1,53948.36831862186,0.0,110883180169.50064,0.0,1.0,0.0,0.0,83812228.0,0.00389787061932528,0.00372925001610146,0.00762712063542674,13.131912433359576,1322.995257559561
IRN,"Iran, Islamic Rep.",2017,99.9,32.61776985478275,8.49044927227644,0.0413780361413956,0.374,4.631,57.8313383703997,-0.2,15805.787,15.504,15.37899787202682,2.4238600730896,36.1413931191139,8.044924376602777,0.0,18.0,76.396,14.1352502087451,0.498537165708424,102.376,2.33627116072101,14.6204399688795,0.006247429519532,0.0063007061204778,17.46154900142937,0.756,-0.9340000000000002,-0.913687241090839,0.686,3.4497687580534,0.249,52.2187211572302,0.473843902349472,0.247762188315392,0.260840266942978,17.4677964309489,43.1556931383906,63260912.0,2030900864.6,55920.92715750122,0.0,146164974247.59967,0.0,1.0,0.0,0.0,85026754.0,0.00624742951953212,0.00630070612047797,0.01254813564001009,17.46154900142937,1719.046857270356
IRN,"Iran, Islamic Rep.",2018,100.0,41.230828538829826,9.63092024660805,0.0404159501194954,0.371,4.645,57.8313383703997,-0.265,15323.612,13.612,15.64120720881425,2.47035622596741,37.1484284566829,18.0141183371874,0.0,18.0,76.621,16.2321484820513,0.743592034577805,103.024,5.80900087982186,27.6646471563106,0.0114754674012298,0.0108792652293042,34.22811933593957,0.768,-1.342,-0.7096304441712051,0.704,3.4497687580534,0.244,50.0804565914419,0.517099976539612,0.268116295337677,0.235992267727852,34.2395948033408,56.6153496142829,64419215.0,1983352224.9,55879.3914517004,0.0,187581325601.03455,0.0,1.0,0.0,0.0,86117998.0,0.0114754674012298,0.0108792652293042,0.022354732630534002,34.22811933593957,2178.1895765973863
IRN,"Iran, Islamic Rep.",2019,100.0,40.25322904479613,11.8081014676882,0.0394075959920883,0.352,4.659,57.8313383703997,0.0039999999999999,14675.905,9.657,16.364785538680618,2.51774430274963,33.4149250633862,39.9073455697784,0.0,18.0,76.855,18.6553365055555,0.875208744950145,135.622,6.82201707137804,20.0780490508657,0.0154943053759284,0.009896980801634,27.78517184799557,0.767,-1.711,-3.3061547885359195,0.704,3.4497687580534,0.241,51.6940341555612,0.491029590368271,0.27872633934021,0.264740318059921,27.8006661533715,48.5917712137038,65466224.0,1971992250.6,54867.02337421862,0.0,124994761852.8849,0.0,1.0,0.0,0.0,87051648.0,0.0154943053759284,0.00989698080163411,0.02539128617756251,27.78517184799557,1435.8689895553143
IRQ,Iraq,1995,92.42550655600292,22.39997458512843,20.5851365851446,0.0372056178748608,0.666,7.153,25.376480470007554,-0.522,28096.59332471957,33.639271816143996,3.135763078,1.738844871521,64.8653587032535,387.310847766638,0.0,11.671781345946291,64.761,1.3933513294463005,0.0,0.0,0.788428190008421,22.2780163741492,0.0147762976349146,0.0,23.066444564157585,0.888,-1.817,4.00831532596042,0.576,-2.772970975663295,0.142,15.051317657760002,0.669571876525879,0.209429860115051,0.0482201538980006,23.0812208617925,0.0209992321838399,14129486.0,0.0,533.2871164,0.0,3479604475.620021,0.0,1.0,0.0,0.0,20825860.0,0.0147762976349147,0.0,0.0147762976349147,23.066444564157585,167.0809501081838
IRQ,Iraq,1996,98.27520408899116,21.685122634759132,18.5970823288736,0.0354263111948967,0.621,7.14,25.490852854352575,0.923,23179.816815279504,29.059027179367327,1.004981840999999,1.76973462104797,58.4465108240142,-16.117325751057198,0.0,12.070933609837043,64.618,1.0050155019487494,0.0,0.0,1.08692306964952,35.3690100952815,0.022233167619269,0.0,36.45593316493103,0.888,-1.817,1.848180762679201,0.576,-0.3227900642926968,0.142,23.951019213482297,0.634539842605591,0.185307696461678,0.0068832673132418,36.4781663325503,0.0268884829090296,14536150.0,0.0,583.3392021999999,0.0,4688224972.421403,0.0,1.0,0.0,0.0,21501321.0,0.0222331676192691,0.0,0.0222331676192691,36.45593316493103,218.04357845833766
IRQ,Iraq,1997,44.71872230207859,32.95649676283341,8.4566018849353,0.0340178832411766,0.621,7.239,5.42820412835631,-2.318,7353.567637456432,28.04090720273938,2.3129511580000006,1.80117309093475,75.0202754310169,23.0631996788727,0.0,15.122392123933164,64.241,0.6522166620818037,0.0,0.0,0.5472086624897828,31.5815439751539,0.0154157033673847,0.0,32.12875263764372,0.888,-1.6755,9.16809517187606,0.576,1.5950483394386432,0.142,17.0309479588878,0.477971136569977,0.128723055124283,0.0622966401278972,32.1441683410111,106.188169939941,14966880.0,0.0,1168.724349,0.0,8392338575.63648,0.0,1.0,0.0,0.0,22176593.0,0.0154157033673847,0.0,0.0154157033673847,32.12875263764372,378.4322765736144
IRQ,Iraq,1998,75.23623458041389,33.66638086861845,10.9097070962474,0.0333738252520561,0.621,7.1,10.924201515914476,-0.0309999999999999,9523.922293865682,34.12521764838463,2.683480608,1.83316993713379,70.1470884871537,14.7687735575528,0.0,13.15721534812184,64.405,0.8611830742974913,0.0,0.0,0.4951583212017358,36.6105813767315,0.02007178171964,0.0,37.10573969793316,0.888,-1.534,8.641294017978804,0.576,-0.3663881955213224,0.142,19.3984145894094,0.397728145122528,0.220912083983421,0.088506318628788,37.1258114796528,132.243160520961,15445076.0,0.0,2123.629349,0.0,10057119022.75524,0.0,1.0,0.0,0.0,22884399.0,0.0200717817196401,0.0,0.0200717817196401,37.10573969793316,439.4749026511572
IRQ,Iraq,1999,80.71894572015027,46.15622872484371,7.20350392397431,0.0332849696278572,0.621,6.992,8.95934500566415,-1.892,9738.65790062298,34.948202477626026,2.313259101,1.86573529243469,79.5741068177302,12.5777623393436,0.0,8.681209928232535,64.532,0.8752184590368906,0.0,0.0,0.2833158681771459,36.719435347494,0.0151691871278274,0.0,37.002751215671175,0.888,-1.6335000000000002,10.122951095453526,0.576,-6.485220261824519,0.142,13.568151956861795,0.2186641246080399,0.138673707842827,0.442952185869217,37.017920402799,138.314601242921,15965110.0,0.0,2612.847849,0.0,17368737174.963486,0.0,1.0,0.0,0.0,23636527.0,0.0151691871278275,0.0,0.0151691871278275,37.002751215671175,734.8261093926145
IRQ,Iraq,2000,96.8,49.64735259316225,4.63474550697269,0.033982876688242,0.637,6.801,13.906448074852063,-1.733,25326.17331529664,49.60849093643932,3.2472102840000012,1.89887917041779,84.7959791546848,4.978962131837347,0.0,10.278550818607377,64.86,0.9081081475934027,0.0,0.0,0.27271767012468,48.5807178166885,0.0053475538784319,0.0,48.85343548681317,0.889,-1.733,12.987589198737552,0.576,-5.031552502141894,0.144,10.8591155618071,0.166512921452522,0.154091030359268,0.35593855381012,48.8587830406916,125.336595640904,16518769.0,0.0,2615.9925,0.0,27640502568.821064,0.0,1.0,0.0,0.0,24424056.0,0.00534755387843191,0.0,0.00534755387843191,48.85343548681317,1131.691745581531
IRQ,Iraq,2001,96.9,49.2818345663435,6.9309570545315,0.0366990119218826,0.642,6.588,10.972450757334231,-1.051,30930.99315033741,52.540681907409066,6.656510264,1.92977476119995,77.4195775516813,16.3740814963262,0.0,8.331369005010641,65.292,1.4760100907262306,0.0,0.0,0.3584586608659998,49.1960317224957,0.0108113815627768,0.0,49.55449038336173,0.889,-1.667,16.042657060220165,0.576,-8.03999251811926,0.144,16.0846586114048,0.233501181006432,0.201489046216011,0.519392430782318,49.5653017649245,126.780255976775,17072026.0,0.0,2524.622,0.0,22891984448.360165,0.0,1.0,0.0,0.0,25197840.0,0.0108113815627769,0.0,0.0108113815627769,49.554490383361724,908.4899518514351
IRQ,Iraq,2002,97.1,44.304286766409234,8.5626717122094,0.0386270917952061,0.644,6.359,9.791854865931011,0.1519999999999999,15708.267681127496,45.31839229710094,5.779974843999998,1.96117305755615,74.1578564186036,19.316694601979,0.0,15.0,65.724,1.52194453095027,0.0,0.0769037000000096,0.2888072982472141,46.6719927539111,0.0113056750530011,0.0,46.96080005215839,0.87,-1.601,3.779780960835441,0.628,6.3162297490151,0.142,17.8151159929167,0.280682176351547,0.246075078845024,0.216244459152222,46.9721057272114,119.762047746987,17656844.0,0.0,2118.242,0.0,19599941966.005905,0.0,1.0,0.0,0.0,26006559.0,0.0113056750530011,0.0,0.0113056750530011,46.9608000521584,753.6537981055435
IRQ,Iraq,2003,97.2,44.60755798130471,8.40560829262466,0.0393059216439724,0.531,6.685,2.605407496497701,-0.566,5155.323999999999,57.99103982907242,13.744928945,1.99308228492737,70.8382337998589,33.6162105992383,0.0,15.0,64.834,1.0265881505014196,0.0,0.2984780000000029,0.275320664273337,53.0047978158982,0.0179731278470438,0.0,53.28011848017155,0.798,-2.393,4.657486399458202,0.682,1.0046743173640102,0.227,21.7995223558111,0.659215450286865,0.202165588736534,0.155732080340385,53.2980916080186,154.234525288266,18239780.0,0.0,1345.482,0.0,14448476996.493748,0.0,1.0,0.0,0.0,26802659.0,0.0179731278470439,0.0,0.0179731278470439,53.28011848017156,539.0687915140713
IRQ,Iraq,2004,97.3,44.282899323512176,6.93856130624701,0.040755920112133,0.797,6.729,1.2669271397414263,-1.124,7695.851000000001,56.05200000000001,6.734763571,2.02551054954529,61.8350607638528,26.9619068193272,0.0,13.2675,64.634,1.7613887140014697,0.0,2.081380000000003,0.113034701108404,64.6550924823725,0.0076260425252892,0.0,64.76812718348091,0.751,-3.18,5.612107227223283,0.682,-3.4454552869103896,0.299,31.7220633285599,0.50889927148819,0.418553054332733,0.2392218708992,64.7757532260062,120.233977121676,18813690.0,0.0,2030.95,0.0,28555947605.51896,0.0,1.0,0.0,0.0,27577878.0,0.00762604252528926,0.0,0.00762604252528926,64.76812718348091,1035.465731102261
IRQ,Iraq,2005,97.4,43.9006551145225,6.88686273542446,0.0444412380456924,0.789,6.606,1.5561771676886167,-0.795,7623.699999999999,67.274,17.106425494,2.05846643447876,63.60843449867551,36.9594809201871,0.0,13.4166666666667,64.899,1.3205273759035094,0.0,5.396470000000001,0.1553631265834409,65.1575951980304,0.0055384739669765,0.0,65.31295832461382,0.803,-2.689,3.91973970945587,0.697,-16.5153940840534,0.26,30.0180595268732,0.492755025625229,0.323453277349472,0.291184544563293,65.3184967985808,115.742540308642,19428259.0,0.0,1834.3775,0.0,36845634835.81274,0.0,1.0,0.0,0.0,28407448.0,0.00553847396697654,0.0,0.00553847396697654,65.31295832461382,1297.0413546409638
IRQ,Iraq,2006,97.6,43.3658692425293,5.82603290514173,0.0492417067289352,0.788,7.101,2.2639913203792155,-2.198,7856.385,61.04,18.851155836,2.08105945587158,61.44419192029831,53.23096291142801,0.0,14.375,64.029,1.5412175133178998,0.0,32.6573,0.1664394984566299,63.5551402676835,0.0053728814272153,0.0,63.72157976614008,0.803,-2.826,10.7291844480284,0.697,-7.053046888180809,0.261,33.2310996364157,0.434452801942825,0.224499329924583,0.212948024272919,63.7269526475673,89.6505198581778,19619216.0,0.0,2000.3775,0.0,47884463718.06219,0.0,1.0,0.0,0.0,28616515.0,0.00537288142721544,0.0,0.00537288142721544,63.72157976614009,1673.3156961307898
IRQ,Iraq,2007,98.1,40.2350936661635,4.92949827595085,0.0507604479789734,0.788,6.885,2.475804460819628,-2.119,7816.329,53.959999999999994,7.234948443919205,2.10390043258667,60.1077106310903,-10.067492576897802,0.0,18.7833333333333,64.428,1.6310623416974703,0.003132532697555,49.3851,0.2822310213412029,52.9273802567399,0.0039472964532243,0.0,53.212743810778576,0.842,-2.771,9.48798160812789,0.697,3.79616043966188,0.261,35.4162594088609,0.445345729589462,0.259072691202164,0.0997650101780891,53.2166911072318,74.092853105498,19509712.0,0.0,2147.754757,0.0,57696364889.8289,0.0,1.0,0.0,0.0,28391607.0,0.00394729645322439,0.0,0.00394729645322439,53.212743810778576,2032.1627053315053
IRQ,Iraq,2008,97.9,51.1530812837559,3.847780195488262,0.0509385317564011,0.777,5.953,2.682220363348911,-1.588,8261.358,56.399,16.159783584,2.12699198722839,62.788858419665,12.6628528269228,0.0,19.215,66.465,1.6839070999154409,0.0016347112125179,60.5053,0.300021661461576,55.3793146361864,0.0047578350991359,0.0,55.68097100886047,0.84,-2.467,-0.981030520867862,0.697,-8.4197228819977,0.266,34.2660921070952,0.373225301504135,0.230022147297859,0.162628099322319,55.6857288439596,81.0555432665835,19948581.0,0.0,2439.385625,0.0,88498180429.91183,0.0,1.0,0.0,0.0,28971036.0,0.00475783509913608,0.0,0.00475783509913608,55.68097100886047,3054.7123143926174
IRQ,Iraq,2009,98.1,26.9261992059114,5.22993319137947,0.0513976626098156,0.782,5.48,3.778730148132528,-1.318,8332.885,46.18,11.086613327,2.15033721923828,51.989792420915,6.8736154721255005,0.0,16.1558333333333,67.834,2.61115151003297,0.0040598730439662,66.9264,0.388347267110813,39.1145928006965,0.005662662535109,0.0,39.506999940851294,0.84,-2.175,-14.7608579943282,0.697,44.3309717275955,0.266,43.5373054440268,0.608177423477173,0.275604218244553,0.111554645001888,39.5126626033864,78.6873788189898,20732417.0,0.0,2452.7078810000003,0.0,56230929410.09351,0.0,1.0,0.0,0.0,30058206.0,0.00566266253510917,0.0,0.00566266253510917,39.506999940851294,1870.7347141773369
IRQ,Iraq,2010,98.4,35.5691425540946,5.16228354680036,0.0511035621166229,0.804,5.409,5.393095630148711,-2.215,8637.549000000003,45.396,17.435530915,2.17393851280212,55.7934951548678,2.8777472527476,0.0,14.3458333333333,68.092,2.269906804519831,0.0046376301070443,74.9368,0.301812816732089,43.2562312170542,0.0056082744574053,0.0,43.56268166389339,0.842,-2.239,-3.69244075511262,0.697,-1.92209457308135,0.26,39.6860480275684,0.548550546169281,0.250714272260666,0.154509678483009,43.5682899383508,73.4974796202443,21439401.0,0.0,2479.361876,0.0,73272958679.97806,0.0,1.0,0.0,0.0,31045366.0,0.0056082744574052,0.0,0.0056082744574052,43.56268166389339,2360.1898808336823
IRQ,Iraq,2011,98.0,42.802617165436,4.56377343749618,0.0509313605725765,0.812,5.299,5.414452039957528,-1.376,9056.079999999998,48.114,17.624919302,2.18642210960388,62.5480287876873,5.801455370852999,0.0,14.1308333333333,68.435,2.821903292860931,0.0120887266276967,79.3466,0.2517996188764531,50.9263659501053,0.004286114944753,0.0,51.190254295609435,0.842,-1.847,5.46124574995946,0.697,-8.46792182914735,0.253,33.4821077639761,0.439618676900864,0.244818523526192,0.15359228849411,51.1945404105542,72.1713282233655,22231656.0,0.0,2779.557125,0.0,114709321653.22528,0.0,1.0,0.0,0.0,32161424.0,0.00428611494475304,0.0,0.00428611494475304,51.19025429560944,3566.674213592821
IRQ,Iraq,2012,99.3,41.5096949357578,4.12427143758484,0.0510147027671337,0.812,5.12,5.907559449938354,-1.629,10059.038,46.986,15.919876063,2.19897723197937,60.576988513607,6.089096415950429,0.0,13.8675,68.827,2.721776317924519,0.0134283036554794,79.5012,0.2223592147685489,49.6110993818029,0.0041307488365243,0.0,49.84688690022698,0.842,-1.934,4.45777829298193,0.697,10.9065508616124,0.253,35.8893880581268,0.502942502498627,0.240068644285202,0.119978450238705,49.8510176490635,73.6086845912812,23296629.0,0.0,3084.8440769999997,0.0,127585902812.59088,0.0,1.0,0.0,0.0,33654842.0,0.00413074883652446,0.0,0.00413074883652446,49.84688690022698,3791.01179000011
IRQ,Iraq,2013,99.0,41.5733722759009,4.768439715855289,0.0516310445964336,0.836,5.059,6.335649161599289,-1.932,10554.47,42.187,20.560078466,2.21160459518433,57.69152678908,1.8794980074946892,0.0,13.575,69.047,2.2976348440958105,0.0077684795049643,91.9733,0.236599620839355,45.3313602184612,0.0036382580404823,0.0,45.57572831880552,0.875,-2.011,-5.702187004764979,0.649,13.5878727603533,0.206,37.9634247963375,0.46823987364769,0.248608931899071,0.175522953271866,45.579366576846,67.4100184095672,24501383.0,0.0,3106.543888,0.0,125585080294.4055,0.0,1.0,0.0,0.0,35281989.0,0.00363825804048242,0.0,0.00363825804048242,45.57572831880552,3559.4671347583467
IRQ,Iraq,2014,99.2,38.193613007339,4.92940777204755,0.0526588372886181,0.838,4.855,6.814295450621966,-2.825,10151.67,38.152,21.653709967231823,2.22430443763733,55.3075963759279,2.235974079046791,0.0,12.6033333333333,69.679,1.8770638163476203,0.0004557885055092,90.2871,0.245416179697298,46.6038527995508,0.0046713776758227,0.0,46.84972476775367,0.865,-2.48,-5.37406031937847,0.64,18.289059060293397,0.208,40.1122330492623,0.496904671192169,0.221753925085068,0.193636417388916,46.854396145429504,68.9824868569036,25463207.0,0.0,3246.1609713000003,0.0,119382159327.10497,0.0,1.0,0.0,0.0,36550059.0,0.00467137767582277,0.0,0.00467137767582277,46.849724767753685,3266.264476539011
IRQ,Iraq,2015,99.4,25.3015647900319,4.19186817517212,0.0532640069723129,0.839,4.737,9.875822388924398,-1.478,10346.328,30.634,24.82776763404165,2.23707699775696,45.340288824262,1.3933302878030889,0.0,12.2925,69.977,2.1752084247609,0.0,89.3464,0.2408044201237991,37.2575416723352,0.0053711213332272,0.0,37.49834609245897,0.874,-2.251,-12.1977494114678,0.64,57.62593122186899,0.217,51.2496561823717,0.575907766819,0.193367600440979,0.20696085691452,37.5037172137922,69.5917685983115,26262523.0,2858670724.1,3993.27098675,0.0,77687384029.58984,0.0,1.0,0.0,0.0,37560535.0,0.00537112133322724,0.0,0.00537112133322724,37.49834609245897,2068.3247464283945
IRQ,Iraq,2016,99.7,24.6754076740843,3.97718981146129,0.0528289452195168,0.853,5.2,10.0766837568499,-1.888,11603.674,28.024,13.895216067711392,2.24992322921753,46.1825020614016,0.5565213971555103,0.0,12.364068627451,68.683,2.2528688771733307,0.0,86.9439,0.2501355070252771,32.9650560560142,0.003730160750698,0.0,33.215191563039504,0.878,-2.303,-13.747741474943398,0.691,26.3997082773689,0.236,50.7798718007565,0.605534315109253,0.185225024819374,0.17038357257843,33.2189217237902,54.588320188677,26895031.0,3946683802.4,4432.6496641,0.0,72178479400.1916,0.0,1.0,0.0,0.0,38469627.0,0.00373016075069816,0.0,0.00373016075069816,33.215191563039504,1876.2458861426342
IRQ,Iraq,2017,99.9,32.3510825397383,2.97672780101335,0.0517417304217815,0.861,4.802,9.549839732879391,-1.437,10916.391,33.569,14.04903930839589,2.26284313201904,51.3296814634291,0.1840588988476916,0.0,12.364068627451,69.788,2.1743987425353204,0.0,84.9465,0.2755088548352,38.9203120843433,0.0047332921147291,0.0,39.19582093917847,0.868,-2.296,-0.5234558330290089,0.691,26.3997082773689,0.233,47.0337230035122,0.553508162498474,0.167619124054909,0.186432600021362,39.2005542312932,59.7809123923157,27494627.0,5012946804.3,4548.05756439,0.0,91713487770.0348,0.0,1.0,0.0,0.0,39337353.0,0.00473329211472927,0.0,0.00473329211472927,39.19582093917847,2331.460578194847
IRQ,Iraq,2018,99.9,40.5941320927818,2.8158176432049196,0.0507253594696522,0.867,4.361,8.580017332662187,-1.532,11134.603,39.324,12.20879562443752,2.27583694458008,54.1699427538136,0.3674414889368478,0.0,12.364068627451,71.116,2.03197771830623,0.0,90.716,0.3785320476808929,45.7658631354446,0.0033917245426733,0.0,46.144395183125525,0.854,-2.521,8.98930476548724,0.69,26.3997082773689,0.252,44.1911800508283,0.490109860897064,0.169872790575027,0.160280421376228,46.1477869076682,65.8017917701083,28136215.0,4740629889.5,4642.4942165600005,0.0,123239438883.52368,0.0,1.0,0.0,0.0,40265624.0,0.0033917245426733,0.0,0.0033917245426733,46.144395183125525,3060.661344364704
IRQ,Iraq,2019,100.0,37.5375169655355,3.77000825306199,0.0501996763050556,0.859,4.36,8.808960328168467,-1.575,11434.956,36.113,13.951254568423236,2.28890585899353,53.1094032824868,-0.1989653800239281,0.0,12.364068627451,71.245,2.137531496495381,0.0,90.3685,0.3746227522894749,40.231278305102606,0.0040013414299577,0.0,40.605901057392046,0.879,-2.609,1.81096813880466,0.69,26.3997082773689,0.225,44.4241091757329,0.482654333114624,0.212506845593452,0.204958841204643,40.609902398822,68.9899384202806,28780286.0,4018571347.6,4790.41895584,0.0,113684551287.26588,0.0,1.0,0.0,0.0,41192171.0,0.0040013414299578,0.0,0.0040013414299578,40.605901057392046,2759.8582091549843
JAM,Jamaica,1995,80.4382934570313,25.1704870513657,8.59708931074463,0.0321668945252895,0.549,7.333,21.3340353366674,-0.868,10288.971,24.202,0.761157905000001,2.4647057056427,27.4616263173378,19.9087488364168,0.0,43.576666666666696,71.488,12.2328551404295,2.24031058755383,1.7987767460000086,0.0,0.0,0.2370042493373629,0.0,2.240310587553827,0.169,0.11,9.18309768835233,0.834,14.6898926728643,0.848,57.2533614826864,0.723932445049286,0.182518109679222,0.18051715195179,2.477314836891189,39.3194738503452,1264251.0,240387732.19999993,10857.492,0.0,255151062.0,0.0,0.0,1.0,0.0,2500151.0,0.237004249337363,0.0,0.237004249337363,2.240310587553826,102.05426072265236
JAM,Jamaica,1996,85.706045,24.4681700946816,8.00341035786896,0.0328447595238686,0.549,7.279,19.9013557629947,-0.389,10217.034,22.691,0.6771173829999988,2.48619103431702,25.485137981039,26.4066566074043,0.0,39.8341666666667,71.328,12.1228020316405,2.57387221834593,2.1572162120000016,0.0,0.0,0.2225521940221679,0.0,2.5738722183459224,0.169,0.11,4.37299455560751,0.834,17.6341273166968,0.848,60.5557134424939,0.713095486164093,0.231148108839989,0.179145723581314,2.79642441236809,34.50988451003059,1282434.0,161396633.60000014,11828.634,0.0,317007391.2,0.0,0.0,1.0,0.0,2524463.0,0.222552194022168,0.0,0.222552194022168,2.573872218345922,125.57418793620663
JAM,Jamaica,1997,82.0294036865234,22.6381813993579,7.63385216493667,0.033821027725935,0.549,7.23,18.4648845490402,-0.601,9952.426,21.811,0.5960128339999997,2.50786328315735,24.3117831599972,9.657552612685947,0.0,32.8641666666667,71.216,11.0992303269345,1.94171847323339,2.5830210640000075,0.0,0.0,0.189502652941683,0.0,1.9417184732333972,0.169,0.0964999999999999,1.50805028262113,0.834,21.2168081863988,0.848,61.7453320286887,0.701872646808624,0.260849505662918,0.184238091111183,2.131221126175081,49.15000496940475,1300250.0,117556101.20000003,11987.304,0.0,291291487.20000005,0.0,0.0,1.0,0.0,2547848.0,0.189502652941683,0.0,0.189502652941683,1.941718473233398,114.32844000113039
JAM,Jamaica,1998,82.8191757202148,19.3092067142062,7.17123535052869,0.0343723334372044,0.557,7.146,23.3673847657953,-0.781,9736.227,22.725,0.5697532030000012,2.52972459793091,22.969312393359296,8.63189613012144,0.0,31.5875,71.17,10.3713897849128,1.68518755072021,3.051502250999995,0.0,0.0,0.162699121824646,0.0,1.6851875507202134,0.169,0.083,4.67908424506346,0.834,19.002861216160504,0.848,62.5222622146389,0.691472172737122,0.267453521490097,0.159255459904671,1.8478866725448595,49.21139308028117,1317365.0,105117890.20000003,12646.439,0.0,283280233.59999996,0.0,0.0,1.0,0.0,2569736.0,0.162699121824646,0.0,0.162699121824646,1.6851875507202134,110.23709579505442
JAM,Jamaica,1999,84.554112,19.3718210487578,6.67959721253552,0.0342088416218758,0.557,7.043,23.8585266670894,-0.828,9737.764,25.171,0.0759375999999996,2.55177640914917,22.9524874489167,5.9542394911300605,0.0,27.005,71.189,9.96478203480296,1.31616355063622,5.561363032000003,0.0,0.0,0.143991606539966,0.0,1.3161635506362137,0.169,0.1345,8.205028336200598,0.834,18.7894494338485,0.848,63.3577534281317,0.702262103557587,0.241014510393143,0.153585240244865,1.46015515717618,34.560067866192504,1333558.0,139164276.10000014,11688.481,0.0,245458101.0,0.0,0.0,1.0,0.0,2589795.0,0.143991606539966,0.0,0.143991606539966,1.316163550636214,94.77896937788512
JAM,Jamaica,2000,84.4,17.4372428344006,6.231900157328159,0.0341149270534515,0.557,6.92,25.5643601342327,-0.584,9723.522,25.574,0.0,2.56942510604858,22.5635448178584,8.17108356120225,0.0,23.3483333333333,71.281,9.34591269708,1.36817354519982,14.071199999999996,0.0,0.0,0.123956313740569,0.0,1.36817354519982,0.169,0.186,10.0088029193616,0.834,11.5395515064135,0.862,63.8778162128089,0.741295099258423,0.244430378079414,0.17968013882637,1.4921298589403893,45.640306165374376,1348678.0,113269783.70000003,11126.524044,0.0,249630577.59999996,0.0,0.0,1.0,0.0,2607826.0,0.123956313740569,0.0,0.123956313740569,1.3681735451998203,95.72363248161494
JAM,Jamaica,2001,87.7,18.229056716618,6.12073592592505,0.0345740281045437,0.557,6.847,12.9520593583229,-0.616,9762.126,23.677,0.0,2.56777834892273,22.317301258148603,6.801909307875899,0.0,20.6075,71.287,8.93732428834563,1.39684596061856,22.7795,0.0,0.0,0.12553383745512,0.0,1.3968459606185597,0.169,-0.0109999999999999,6.86958935368073,0.834,11.8731499272951,0.862,63.8782946304647,0.761459887027741,0.251445591449738,0.213380545377731,1.522379798073679,51.7264755034669,1362962.0,91085277.00000012,12369.647214,0.0,278952592.8,0.0,0.0,1.0,0.0,2624403.0,0.12553383745512,0.0,0.12553383745512,1.396845960618559,106.29182819864175
JAM,Jamaica,2002,86.7,17.0307697189466,5.5443040664747,0.0354550629854202,0.555,6.716,14.7238341957901,-0.73,9771.624,24.134,0.6297806209999983,2.56613254547119,21.3229059302313,7.07635009310985,0.0,18.5016666666667,71.478,8.42175728660837,1.02073146319649,47.148,0.0,0.1150197999137905,0.0924446099344571,0.0,1.1357512631102828,0.169,-0.208,6.10113472335843,0.834,8.6335588364404,0.862,65.7453432648681,0.787094235420227,0.257313311100006,0.240194618701935,1.2281958730447382,60.34126597802843,1376972.0,78877990.89999998,13119.449159,0.0,262667035.09999996,0.0,0.0,1.0,0.0,2640572.0,0.0924446099344572,0.0,0.0924446099344572,1.135751263110281,99.47353645346537
JAM,Jamaica,2003,86.5,19.0268543632634,5.213862004370899,0.0360953956842423,0.548,6.639,18.352162311068696,-0.727,10093.552,26.336,0.9403121920000004,2.56448793411255,21.492534572367795,10.0869565217391,0.0,18.8866666666667,71.585,8.28396172705735,0.966323422371571,59.337,0.0,0.1783818879139822,0.1027901079392699,0.0,1.144705310285559,0.169,-0.385,10.7038395242306,0.834,6.50631402513123,0.862,65.617527685442,0.762122392654419,0.237193807959557,0.226819783449173,1.2474954182248297,60.74704114384789,1390915.0,69234314.20000017,13444.528146,0.0,258498684.80000004,0.0,0.0,1.0,0.0,2656623.0,0.10279010793927,0.0,0.10279010793927,1.1447053102855598,97.3034882254652
JAM,Jamaica,2004,87.2,21.9846755548876,4.98216525525125,0.0362742058932781,0.548,6.633,20.005826123685303,-0.776,10190.506,26.808,0.8715149979999985,2.5628445148468,22.2583396101571,13.5545023696682,0.0,18.1375,71.542,8.21747307122174,1.62871802800372,68.7649,0.0,0.1650499394164786,0.093166159988093,0.0,1.7937679674201965,0.169,-0.346,10.254051017312,0.834,4.67744637369713,0.862,64.2416981310858,0.782688558101654,0.213688924908638,0.239369422197342,1.8869341274082905,61.03925542187324,1404622.0,63977799.899999976,13296.48102,0.0,290127285.8,0.0,0.0,1.0,0.0,2672225.0,0.0931661599880931,0.0,0.0931661599880931,1.7937679674201974,108.57142860350457
JAM,Jamaica,2005,88.0,15.9866989478798,5.18624085360629,0.0362755656242371,0.548,6.632,20.9780756444602,-0.623,10244.893,26.022,0.7886411439999996,2.56120181083679,21.9006506006203,15.0528658875905,0.0,17.3608333333333,71.493,7.75151511689677,1.89923424109251,73.7408,0.0,0.2524690111791017,0.0865905379764935,0.0,2.1517032522716164,0.169,-0.299,9.83788082532835,0.834,5.2858669255917,0.862,64.466581747768,0.838193833827972,0.237358435988426,0.250217109918594,2.238293790248111,84.37990335746231,1417925.0,58046942.49999988,14116.393,0.0,348674907.1,0.0,0.0,1.0,0.0,2687066.0,0.0865905379764936,0.0,0.0865905379764936,2.1517032522716173,129.76045512093862
JAM,Jamaica,2006,88.7,18.3849977492365,5.15582607453948,0.036450706422329,0.548,6.664,23.4390781501805,-0.626,10504.476,26.062,0.8458824820000004,2.55935621261597,21.2201148487383,8.56106408706157,0.0,17.6425,71.395,7.61497623467494,2.54906659371791,84.2161,0.0,0.6834755770914605,0.116813495222884,0.0,3.2325421708093653,0.169,-0.32,7.1365334066056,0.834,8.07942403538198,0.862,64.6583862018319,0.828099846839905,0.224288314580917,0.265448391437531,3.349355666032249,84.44756393981427,1430723.0,61098197.20000005,14865.351,0.0,395418336.6,0.0,0.0,1.0,0.0,2700968.0,0.116813495222884,0.0,0.116813495222884,3.232542170809365,146.39874911513206
JAM,Jamaica,2007,89.4,16.4001862992542,4.61760640988582,0.0367497354745865,0.571,6.664,27.3066857340295,-0.429,10618.459,27.55,0.3102205429999998,2.55692028999329,21.3153996242232,9.24482067275562,0.0,17.1975,71.405,7.68942404971817,2.75727324751523,98.9141,0.0,0.6243445159237897,0.1232602197756249,0.0,3.3816177634390243,0.169,-0.256,7.925478494124189,0.834,5.27905752879978,0.862,64.7508220118514,0.834761798381805,0.226516753435135,0.246932685375214,3.5048779832146497,97.7683592943402,1442938.0,64178693.29999995,14567.738,0.0,413723759.2,0.0,0.0,1.0,0.0,2713800.0,0.123260219775625,0.0,0.123260219775625,3.3816177634390248,152.45182371582283
JAM,Jamaica,2008,92.0,6.463734955329279,4.89912215623133,0.0366994366049767,0.62,6.625,30.1913240242059,-0.519,10494.351,27.289,0.090387952470575,2.5544867515564,19.6881228419841,22.0228384991843,0.0,16.8258333333333,71.502,8.03914806244762,1.82211040570747,99.9152,0.0,1.06917692280528,0.128659525689297,0.0,2.891287328512753,0.169,-0.307,4.8844221859585195,0.834,2.88781677163353,0.862,66.4662878316978,0.919174075126648,0.234425500035286,0.250937193632126,3.0199468542020504,97.92057024756797,1454601.0,62554985.49999988,14636.102,0.0,440546670.2000001,0.0,0.0,1.0,0.0,2725635.0,0.128659525689297,0.0,0.128659525689297,2.8912873285127536,161.63083839178765
JAM,Jamaica,2009,91.0,13.7079552814042,5.47226787895058,0.0361534282565117,0.62,6.548,28.6034758668077,-0.215,10100.808999999996,27.541,0.1007986729999999,2.55205535888672,18.0908593404592,9.59224598930482,0.0,16.4320115952232,71.717,8.2094813093192,1.15247528096594,108.004,0.0,0.6454103982356134,0.140453476681224,0.0,1.7978856792015565,0.169,-0.364,6.17135490501082,0.834,4.27696229203706,0.862,68.1390609555653,0.814067482948303,0.211690530180931,0.207665801048279,1.9383391558827796,97.92011302606244,1465984.0,410176133.7000001,8103.884,0.0,224477586.8,0.0,0.0,1.0,0.0,2736995.0,0.140453476681224,0.0,0.140453476681224,1.7978856792015556,82.01607485581816
JAM,Jamaica,2010,92.2,13.940741121328,5.26899732039303,0.0353153795003891,0.62,6.448,26.40566482272,-0.338,9920.97,26.842,0.2578028759999995,2.54962635040283,17.9863304478474,12.6105519975603,0.0,20.4544535988841,71.979,7.75064821505559,1.20174205243424,115.769,0.0,0.2422842687858057,0.2245891379193521,0.0,1.4440263212200382,0.169,-0.43,4.578109816642459,0.834,9.69328443342529,0.862,66.5416067752678,0.826894700527191,0.210897192358971,0.212687492370605,1.6686154591393905,97.90263414057654,1477453.0,1188200367.3,8539.853000000001,0.0,230576031.00000003,0.0,0.0,1.0,0.0,2748568.0,0.224589137919352,0.0,0.224589137919352,1.4440263212200384,83.88951301186655
JAM,Jamaica,2011,91.1,8.90340921404016,5.64728677796925,0.0346689373254776,0.62,6.371,26.795738299769,-0.276,10035.016,25.575,0.5323333840000011,2.55723929405212,18.2490235366752,7.555856465809001,0.0,19.5092792933096,72.245,7.88642236411322,1.54488723432413,106.698,0.0,0.5269148686413097,0.184359354717998,0.0,2.0718021029654423,0.169,-0.063,3.1400769002469504,0.834,12.9618004413556,0.862,65.8655341895153,0.889658689498901,0.2056974619627,0.248507618904114,2.25616145768344,97.91547364017023,1489468.0,1233502932.5,10188.916,0.0,310761937.99999994,0.0,0.0,1.0,0.0,2760494.0,0.184359354717998,0.0,0.184359354717998,2.0718021029654423,112.57475582268968
JAM,Jamaica,2012,93.1,11.1560671704819,5.771440485919921,0.0341557413339615,0.628,6.358,28.9883287447322,-0.296,9958.596,25.729,0.5295757099999996,2.56327486038208,17.9938605582722,6.873977086743089,0.0,17.6282722449123,72.405,8.0855260454477,1.16196916064023,97.9263,0.0,0.4939378837889805,0.1752713018070089,0.0,1.6559070444292114,0.169,0.121,5.36461566346847,0.834,10.3745623878594,0.859,65.4468445187143,0.883146643638611,0.211304038763046,0.220622926950455,1.8311783462362197,97.9348535356376,1503985.0,1234828525.9,9339.291,0.0,266169793.49999997,0.0,0.0,1.0,0.0,2772430.0,0.175271301807009,0.0,0.175271301807009,1.6559070444292106,96.00595632712096
JAM,Jamaica,2013,93.9,12.2270537918251,5.9704796326503295,0.0337015651166439,0.628,6.422,29.7697687864501,-0.537,9968.472,27.147,1.2303511789999997,2.56842541694641,18.0990659844033,9.34150076569673,0.0,17.7164575640672,72.435,8.16879594664045,1.09261847262838,102.246,0.0,0.4674579010374753,0.2212789100281889,0.0,1.5600763736658507,0.129,0.182,7.59969958937111,0.865,8.57867632078008,0.867,64.2717387661162,0.858924388885498,0.197881385684013,0.212398707866669,1.7813552836940405,97.96185219262026,1518468.0,1239481651.7,9435.214,0.0,259468385.0,0.0,0.0,1.0,0.0,2783687.0,0.221278910028189,0.0,0.221278910028189,1.5600763736658516,93.21033039993361
JAM,Jamaica,2014,93.3,14.489647647917,5.97248983885497,0.0334480218589306,0.628,6.55,29.3229510546383,-0.426,10017.356,26.246,1.233325648000001,2.57358622550964,18.3652279034414,8.27407886231419,0.0,17.2170086447286,72.357,8.1287214565378,1.09503492944202,107.579,0.0,0.4371951481502467,0.2501217498012009,0.0,1.5322300775922688,0.129,0.0239999999999999,7.41137659095909,0.865,9.62037591084996,0.867,63.637141895437,0.858315944671631,0.189859315752983,0.214365750551224,1.7823518273934695,97.94663344386409,1532819.0,1045670680.8,9676.697,0.0,258367809.9,0.0,0.0,1.0,0.0,2793749.0,0.250121749801201,0.0,0.250121749801201,1.5322300775922686,92.48068094163077
JAM,Jamaica,2015,94.9,18.8149363995524,5.85612196392822,0.0331709794700146,0.628,6.721,28.4748645365791,-0.466,10090.249,26.99,1.2679022939999989,2.57875728607178,17.2364205205086,3.691542288557251,0.0,16.9765058224301,72.214,7.05392483979779,1.05145271082101,111.942,0.0,0.0,0.214549127206141,0.0,1.0514527108210086,0.129,0.086,6.90147941367364,0.865,3.99915821960917,0.867,61.7226422165952,0.842200398445129,0.182818561792374,0.192720144987106,1.2660018380271492,97.9362714989066,1546985.0,1024611960.8,9628.824,0.0,265755542.40000004,0.0,0.0,1.0,0.0,2802534.0,0.214549127206141,0.0,0.214549127206141,1.051452710821008,94.82687539205591
JAM,Jamaica,2016,96.6,22.1426231378395,6.09832325620201,0.0328954830765724,0.629,6.911,30.2517787133858,-0.414,10233.176,27.959,1.3904099999999993,2.58393883705139,17.0837288086486,2.351021974858458,0.0,16.4885271204668,72.052,6.96022247129641,0.964293031781216,116.279,0.0,0.0687391904547869,0.25611335219318,0.0,1.0330322222360009,0.125,0.295,7.29052200652809,0.865,12.4142595411309,0.87,60.9430993067356,0.836364805698395,0.183356702327728,0.18282625079155,1.289145574429179,97.93933330598765,1560887.0,1102854822.9,8540.130000000001,0.0,239977653.0000001,0.0,0.0,1.0,0.0,2809915.0,0.25611335219318,0.0,0.25611335219318,1.033032222235999,85.40388339149052
JAM,Jamaica,2017,97.4,22.1910464496919,5.91066469479472,0.0327831245958805,0.52,7.117,38.2460519475779,-0.499,10286.743,29.079,1.7163649790000015,2.58913064002991,17.3098108220914,4.37839864991561,0.0,14.9051219370492,71.879,7.01803549864611,1.12330060233655,109.783,0.0,0.1794621720179261,0.225623463245554,0.0,1.3027627743544752,0.125,0.298,7.12489936470009,0.865,8.46444675226538,0.88,59.6293382461793,0.853692710399628,0.179387807846069,0.190672621130943,1.5283862376000297,97.93512112600098,1574441.0,1152093263.7,8244.628,0.0,259705782.0,0.0,0.0,1.0,0.0,2815764.0,0.225623463245554,0.0,0.225623463245554,1.3027627743544756,92.2327943677098
JAM,Jamaica,2018,98.2,23.1365957718846,5.90087317528371,0.0327438451349735,0.52,7.366,40.2619240422802,-0.426,10455.167,30.627,1.0768311409999995,2.59433317184448,17.881931896287,3.7366388215216304,0.0,14.0940737331496,71.606,6.87519076396277,1.28551145271792,105.137,0.0,0.2680566250562286,0.176007380129564,0.0,1.5535680777741463,0.12,0.4239999999999999,7.06381716321053,0.865,8.75572358703482,0.872,59.1337209917931,0.806788206100464,0.18766975402832,0.205780237913132,1.72957545790371,97.94329677333934,1587642.0,1073513070.0,10058.228,0.0,316834182.0,0.0,0.0,1.0,0.0,2820097.0,0.176007380129564,0.0,0.176007380129564,1.5535680777741459,112.34868233255807
JAM,Jamaica,2019,98.9,23.3576722063759,6.30529102020964,0.0327188707888126,0.52,7.531,44.9080839791819,-0.24,10544.6,30.633,1.146811163999999,2.59954595565796,16.6720709416832,3.905100008658721,0.0,12.9984552678412,71.532,6.87088952017087,0.0,107.105,0.0,0.2132133967319038,0.151021002075915,0.0,0.2132133967319038,0.12,0.3879999999999999,6.6477913257661,0.865,10.0952562593137,0.893,59.5798411143145,0.796341359615326,0.194423943758011,0.21755862236023,0.3642343988078185,97.94322094504275,1600676.0,977754484.9,9022.286,0.0,291419837.79999995,0.0,0.0,1.0,0.0,2823271.0,0.151021002075915,0.0,0.151021002075915,0.21321339673190348,103.22063939310111
KAZ,Kazakhstan,1995,99.9,15.0149015757669,12.3293860124829,0.0349456928670406,0.667,10.311,57.2824950578269,0.1539999999999999,8655.263,16.861,9.523991667,2.79071736335754,29.9976927400191,176.15529894237,1.0,41.85058873429274,63.717,14.6070164367623,0.5576287663614711,0.0279901990000013,0.5120156207799389,5.82930724272583,0.0139292691612415,1.0962775311729998,7.995229161040239,0.743,-0.367,-0.1778084612352588,0.824,28.679699224252698,0.231,53.9618316094617,0.586834371089935,0.391590565443039,0.131323739886284,8.00915843020148,82.522407044045,9495073.0,432301025.1,30258.4406659641,0.0,8288438581.604679,0.0,1.0,0.0,0.0,16730536.0,0.0139292691612417,1.096277531173,1.1102068003342416,7.995229161040239,495.4078328156778
KAZ,Kazakhstan,1996,99.1921157836914,19.2479418377735,12.1521551443733,0.0344694070518017,0.665,10.522,56.26944786755318,0.536,8808.222,13.223,7.211700354000001,2.83706879615784,25.5877645603598,39.1825423654111,1.0,36.96806283357408,63.455,13.2472781029019,0.473049635145677,0.0606903459999941,0.4235494871362799,8.61228017412449,0.0132146070077912,0.877093606571069,10.385972902977509,0.83,-0.367,1.2726371629942097,0.824,27.110696462554703,0.185,58.0423502826806,0.576210200786591,0.331924438476563,0.0928250104188919,10.3991875099853,71.2735732877076,9295287.0,551601467.0,30335.5839575291,0.0,8955480373.364933,0.0,1.0,0.0,0.0,16416027.0,0.0132146070077911,0.877093606571069,0.8903082135788601,10.385972902977509,545.5327512171449
KAZ,Kazakhstan,1997,99.2694702148438,16.2847660362389,11.4067790275051,0.03412014991045,0.665,10.696,56.34790788389316,0.3150000000000001,9130.419000000002,13.471000000000002,7.578593376000001,2.88419008255005,25.6063822311795,17.4080410607357,1.0,41.87746488117032,63.318,13.3363454370665,0.3639057108293261,0.0708071689999911,0.623717397764218,7.15860668434788,0.0127094434518222,0.636442221249353,8.782672014190778,0.83,-0.0865,0.8961464484326149,0.824,31.687599899686848,0.1819999999999999,58.8697434578692,0.630749344825745,0.288281202316284,0.107287526130676,8.7953814576426,72.3595506961877,9062629.0,511310415.2000001,31104.15084254279,0.0,9099754331.388235,0.0,1.0,0.0,0.0,16043251.0,0.0127094434518223,0.636442221249353,0.6491516647011754,8.782672014190778,567.2013939935388
KAZ,Kazakhstan,1998,99.3427505493164,15.3600915928763,8.56579510270654,0.033928208053112,0.665,10.809,44.05104479567223,0.22,9096.428,18.188,7.177636004,2.93209409713745,29.3146310413852,7.146326654523321,1.0,35.135116853390905,63.349,12.0199034941889,0.530221554675168,0.1919317080000055,0.0735055918357741,2.2521875506294204,0.0,0.545506070842269,3.401420767982639,0.83,0.194,-1.1914423942040255,0.824,28.478081268053103,0.1819999999999999,56.7366358317705,0.665099263191223,0.237141847610474,0.1142223700881,3.401420767982639,65.2041827454395,8817977.0,652850021.2,31405.77260648513,0.0,7023089936.727594,0.0,1.0,0.0,0.0,15647785.0,0.0,0.545506070842269,0.545506070842269,3.401420767982639,448.8232639141958
KAZ,Kazakhstan,1999,97.0,14.1712088678246,9.88634864043421,0.0337903089821339,0.686,10.692,53.16036428021871,-0.0309999999999999,9375.697,17.538,7.09059411,2.98079371452332,32.9666653326432,8.29602765342571,1.0,30.472317171463303,63.528,14.0916517754439,0.610818836269507,0.3244570830000057,0.0799213839146513,10.6811071898123,0.0325336690795292,0.283928508306016,11.65577591830247,0.83,0.1419999999999999,1.1081380295098848,0.824,23.37153825375468,0.177,52.4423266698118,0.697446823120117,0.24362351000309,0.134864062070847,11.688309587382,82.579151355772,8687786.0,931659169.5,30982.3594356841,0.0,8332286294.77461,0.0,1.0,0.0,0.0,15455874.0,0.0325336690795293,0.283928508306016,0.31646217738554533,11.65577591830247,539.1015930108262
KAZ,Kazakhstan,2000,99.6,22.5769886078205,8.11078388505165,0.0338938310742378,0.686,10.622,42.25650551472384,0.0429999999999999,10306.975,21.855,7.452143842,3.03030228614807,37.7758296698614,13.1808905865731,1.0,21.78047099779097,63.793,16.4980359256673,0.8627691217927309,1.2728099999999998,0.958298497963215,24.7022127271689,0.0325113909410201,0.763275560850573,27.28655590777538,0.83,0.09,4.493798206119371,0.824,12.492665312137696,0.189,48.3815387474664,0.618165373802185,0.227071642875671,0.138156220316887,27.3190672987164,105.699692634521,8684332.0,447749674.2000001,30022.79143067385,0.0,13161911938.167612,0.0,1.0,0.0,0.0,15501103.0,0.0325113909410202,0.763275560850573,0.7957869517915932,27.28655590777538,849.0951862049825
KAZ,Kazakhstan,2001,99.7,26.0992975898785,8.72483186377084,0.034397978335619,0.686,10.528,47.16427293376887,0.0209999999999999,11718.274,25.654,8.103140633,3.08271479606628,36.1418298622593,8.35413777161341,1.0,26.858348927526706,64.108,16.4450901932272,0.44839503336108,3.736629999999991,1.90816103683919,16.8769158317887,0.028336080585106,1.69987911925213,20.933351021241094,0.83,0.2244999999999999,3.6563196804717144,0.833,12.336521363203437,0.189,49.371713157718,0.595914304256439,0.223462358117104,0.180455535650253,20.9616871018262,92.8490685069707,8688255.0,431879752.2999999,29329.060700992744,0.0,13371632843.121838,0.0,1.0,0.0,0.0,15575550.0,0.028336080585106,1.69987911925213,1.7282151998372361,20.933351021241094,858.5014874673342
KAZ,Kazakhstan,2002,99.8,31.5156271286267,7.99590909279888,0.0350244827568531,0.686,10.447,32.6553745799763,-0.0549999999999999,12866.025,22.451,7.929887362999999,3.1360342502594,35.8109321050125,5.83692452105646,1.0,18.486055665742217,64.441,14.4961308853034,1.87938161856025,6.5595,1.68494211935026,18.663679662836,0.0187505823980838,0.838526701281602,23.066530102028217,0.845,0.359,4.25261305895131,0.833,9.395973343184853,0.185,50.4711505164094,0.578088462352753,0.181701958179474,0.197727426886559,23.0852806844263,94.03168564978,8690175.0,467203902.7999999,31373.796057772794,0.0,14426059163.737024,0.0,1.0,0.0,0.0,15656677.0,0.0187505823980838,0.838526701281602,0.8572772836796858,23.066530102028217,921.3998068515448
KAZ,Kazakhstan,2003,99.9,30.0860426681793,7.86220602699238,0.035638865083456,0.686,10.395,23.6004601500303,-0.075,14015.368,25.351,7.835569502,3.1902756690979,35.0752659061292,6.43821810118941,1.0,17.533789582987545,64.753,14.2177474367653,1.51678511083951,8.450490000000002,1.55520091837354,19.0561886830313,0.0117085830519725,0.737882921244197,22.866057633488527,0.845,0.3559999999999999,3.68526686811058,0.833,9.04461731268152,0.173,51.8220273209182,0.574252128601074,0.168641731142998,0.191726759076118,22.8777662165405,91.4633324250457,8694369.0,510658896.9,34335.11802603716,0.0,18652050840.70978,0.0,1.0,0.0,0.0,15747380.0,0.0117085830519726,0.737882921244197,0.7495915042961696,22.866057633488527,1184.4542292565354
KAZ,Kazakhstan,2004,100.0,29.2611586263269,7.12295798751998,0.0366986691951752,0.689,10.345,23.66312074984,-0.137,15254.277,24.55,8.757822703,3.24545550346375,35.3518419501918,6.882054389818961,1.0,18.17938805150666,65.04,13.3141536472172,3.13867011268656,15.438299999999998,0.904874674279211,21.3287460118204,0.0149279851552244,2.86683924781304,28.239130046599175,0.845,0.07,2.73965686003216,0.833,4.188541406064444,0.186,53.3800989868324,0.571721017360687,0.154831364750862,0.199123784899712,28.2540580317544,96.4091997009336,8704922.0,533697432.2999999,37484.479908721296,0.0,29388040310.4918,0.0,1.0,0.0,0.0,15850159.0,0.0149279851552245,2.86683924781304,2.8817672329682646,28.239130046599175,1854.116435708424
KAZ,Kazakhstan,2005,100.0,31.5202924520393,6.36952301555866,0.0384796261787415,0.693,10.248,24.052840092989193,-0.13,16586.113,28.084,10.256351786772257,3.30158948898315,37.6280181516768,7.579999291257671,1.0,16.886953708991634,65.356,12.0413930742043,3.05254518431045,33.8049,0.707456812413737,24.6119449899113,0.0224274038666854,1.88738405653817,30.259331043173617,0.845,0.191,5.59859381305205,0.833,9.689142636026675,0.178,52.0218847182371,0.540754675865173,0.142252892255783,0.233126297593117,30.2817584470403,97.7625030243024,8726286.0,491173739.4,40643.399948855425,0.0,39453844546.16664,0.0,1.0,0.0,0.0,15968117.0,0.0224274038666853,1.88738405653817,1.9098114604048555,30.259331043173614,2470.7887940805194
KAZ,Kazakhstan,2006,99.8,35.1176258876213,5.49583486199441,0.0405742563307285,0.662,10.124,25.048049941056313,0.0219999999999999,18167.643,27.452,12.00467652668918,3.28716969490051,39.3564557485124,8.72169386091742,1.0,14.33056405914348,65.722,11.6324580776122,5.023147131608319,48.2854,1.05583158575305,21.1400400879889,0.0022291915432779,1.56920831525736,28.788227120607623,0.845,0.208,7.1954082555971,0.833,4.931359999132555,0.177,51.624997728548,0.507631719112396,0.138066574931145,0.247817173600197,28.7904563121509,91.4535267973373,8762632.0,516992432.2000001,44703.18653361559,0.0,50155727334.05948,0.0,1.0,0.0,0.0,16103716.0,0.00222919154327792,1.56920831525736,1.5714375068006379,28.788227120607623,3114.5437074312213
KAZ,Kazakhstan,2007,100.0,33.5303300291031,5.66029151907027,0.0426031947135925,0.668,9.939,29.428602211267123,-0.1629999999999999,19559.635,28.839,12.927768019305429,3.27281308174133,37.7308974758662,10.8468362075556,1.0,11.623838428744367,66.18,11.4916052350723,5.37625436616646,75.7982,0.885350833081291,18.7183777371544,0.0048800723667348,1.50666818196351,26.486651118365664,0.85,0.6479999999999999,4.18266435827376,0.833,-1.129644549310053,0.171,54.2303277391062,0.492464542388916,0.148756489157677,0.259358614683151,26.4915311907324,92.1616330969975,8817038.0,543058555.6,50221.51713980782,0.0,57869155346.80864,0.0,1.0,0.0,0.0,16257214.0,0.00488007236673491,1.50666818196351,1.5115482543302448,26.486651118365664,3559.5985478698035
KAZ,Kazakhstan,2008,100.0,35.1959540801304,5.31580324655219,0.0447260513901711,0.678,9.676,33.6526838730231,-0.368,19960.475,28.295,12.637380283680493,3.25851893424988,40.2502455752721,17.139899777207,1.0,19.0719301291349,66.759,11.7738896985166,3.88478128586208,90.7713,1.65333030135486,22.9379468470309,0.004361030656677,4.76760578272819,33.24366421697602,0.848,0.627,1.54005134062247,0.833,12.071508306786017,0.173,52.104868253495,0.467492818832397,0.146104574203491,0.196738973259926,33.2480252476327,94.2948046483658,8891477.0,529319285.7999999,51894.940246354534,0.0,85606735353.42932,0.0,1.0,0.0,0.0,16426525.0,0.00436103065667702,4.76760578272819,4.771966813384867,33.24366421697602,5211.493931518037
KAZ,Kazakhstan,2009,100.0,32.962691771431,6.14688498650048,0.0465599671006203,0.678,9.294,29.57905487540072,-0.616,19674.218,22.142,12.38975983556076,3.24428749084473,38.4314808509372,7.31607858288579,1.0,15.222960030409732,67.46,10.8721535671572,2.8288161536469696,102.668,1.49618947932301,15.4811753728879,0.0055958176080628,1.774081648721,21.580262654578835,0.848,0.7769999999999999,-1.4165266722566,0.833,14.789715818660968,0.173,53.9952116833093,0.493159025907517,0.171603292226791,0.203859314322472,21.5858584721869,75.7660674636533,8994115.0,538742266.7,51439.56808169385,0.0,56756614464.7056,0.0,1.0,0.0,0.0,16619846.0,0.00559581760806284,1.774081648721,1.7796774663290629,21.580262654578835,3414.990395500993
KAZ,Kazakhstan,2010,100.0,34.9653401382829,4.51052752955614,0.0482542142271996,0.678,8.926,29.424926254786335,-0.713,20813.918,23.943,11.968114217108948,3.23011779785156,40.6024221199984,7.40046356341397,1.0,16.04259751697939,68.257,11.3213182158369,3.89618903524003,115.239,1.00856330578242,14.3876480168855,0.004076826347388,2.44766697370492,21.740067331612813,0.848,0.5229999999999999,1.81586514922768,0.833,10.339835878322756,0.173,51.6800394874896,0.478331416845322,0.170768857002258,0.173253759741783,21.7441441579602,74.1382658957842,9126462.0,529236808.9,55842.577867899345,0.0,77291301729.83047,0.0,1.0,0.0,0.0,16836810.0,0.00407682634738815,2.44766697370492,2.4517438000523084,21.740067331612813,4590.614358054197
KAZ,Kazakhstan,2011,99.8,38.3096750093118,4.9889741557576,0.049719974398613,0.687,8.55,29.265173135109116,-0.431,22057.084,27.045,11.522120265293715,3.26728224754334,37.2660880953566,8.452904661767999,1.0,17.332708768672717,69.108,11.0865742214899,3.72439960919774,147.901,1.21331613739192,18.3529532976804,0.0041279639719666,2.47402353369514,25.764692577965132,0.848,-0.339,5.70778335232848,0.833,14.159671642186172,0.175,48.8890328062873,0.439062297344208,0.174270510673523,0.152421414852142,25.7688205419371,73.1178570509129,9283838.0,527601017.9,60143.41587415485,0.0,106339476409.61964,0.0,1.0,0.0,0.0,17066002.0,0.00412796397196674,2.47402353369514,2.4781514976671066,25.764692577965132,6231.071366897745
KAZ,Kazakhstan,2012,100.0,34.4057740343986,4.28833015629833,0.0509535223245621,0.691,8.198,29.09282058897649,-0.239,22836.145,26.343,12.08102159,3.30487442016602,36.3028533254093,5.195683690350631,1.0,17.11655775392612,69.939,11.0807990431371,3.49247252521626,174.709,1.20333132239427,16.1210271615703,0.0027942511074086,1.16307150777107,21.97990251695189,0.848,-0.408,3.78287215046429,0.833,13.624778668693924,0.171,51.3898529954355,0.465929269790649,0.18944251537323,0.164934024214745,21.9826967680593,73.7237324891671,9465070.0,528168008.4,60836.912650826234,0.0,103878765386.07556,0.0,1.0,0.0,0.0,17306106.0,0.00279425110740865,1.16307150777107,1.1658657588784787,21.97990251695189,6002.434365424294
KAZ,Kazakhstan,2013,100.0,32.4347397726876,4.50354556962711,0.0524426884949207,0.681,7.88,29.270359584572425,-0.57,23837.707,24.754,12.024035826,3.34289908409119,33.6988156382046,5.942838716484179,1.0,17.11316379271928,70.719,10.6349738343331,3.04684100006285,172.955,1.0538090594977,13.575329365067,0.0030904156741295,0.539678974748581,18.21565839937607,0.848,-0.402,4.41827694655141,0.716,13.651914191051596,0.173,53.1795606876032,0.472821444272995,0.185133129358292,0.177063375711441,18.2187488150502,65.4076093299538,9669766.0,529226213.6,65015.98688987688,0.0,102973782603.49492,0.0,1.0,0.0,0.0,17556502.0,0.0030904156741295,0.539678974748581,0.5427693904227104,18.21565839937607,5865.2790062334125
KAZ,Kazakhstan,2014,100.0,33.5846111099799,4.32955246164473,0.0539521239697933,0.681,7.615,29.42378586491912,-0.083,24499.278,23.742,12.047113314,3.38136124610901,33.2094258316125,6.849449770033491,1.0,15.190589508893542,71.415,10.3182436278483,2.47636119751539,160.503,0.80881514404493,13.4439854013249,0.003345230664757,0.517573287575169,17.246735030460343,0.848,0.0359999999999999,2.01398151371622,0.737,9.727945112200114,0.173,54.8385964696408,0.468826025724411,0.218809396028519,0.169961646199226,17.2500802611251,64.9720346513507,9897380.0,497887642.2999999,67776.64815920142,0.0,92980603888.10307,0.0,1.0,0.0,0.0,17816285.0,0.0033452306647571,0.517573287575169,0.5209185182399261,17.246735030460343,5218.854766193012
KAZ,Kazakhstan,2015,100.0,29.5022633615499,4.71054741881579,0.0552786737680435,0.677,7.388,37.7291069327007,-0.501,24385.32,16.611,12.404242888,3.42026591300964,30.8547873936113,6.67828585615244,1.0,14.280822901432074,72.024,10.2754093827734,1.33376288147232,145.482,0.789640342060327,6.77396398337604,0.0036700510216747,0.427727747530492,9.325094954439177,0.848,-0.0379999999999999,-5.88745417786007,0.737,13.42646584706348,0.177,59.297627869996,0.516850888729096,0.228047728538513,0.181360930204391,9.32876500546085,53.0497288072652,10147137.0,476211856.0,67948.18436545142,0.0,56068077741.069534,0.0,1.0,0.0,0.0,18084169.0,0.00367005102167487,0.427727747530492,0.43139779855216687,9.325094954439175,3100.395585833639
KAZ,Kazakhstan,2016,100.0,26.497363324599,4.55600427070659,0.0563611276447773,0.654,7.208,33.0302298204432,-0.347,24257.322,17.008,12.637358256,3.43712115287781,31.9797903606788,14.3610942386248,1.0,14.28086817138446,72.549,11.3301396708405,2.72063883063599,139.051,0.670873241173054,6.9499320090465,0.0044459645398498,0.687792012117953,11.02923609297345,0.848,0.001,-4.27895074166057,0.813,13.420708436710695,0.175,57.857435042574,0.534326434135437,0.244929477572441,0.177652254700661,11.0336820575133,60.3115965864153,10420907.0,461984986.5,68065.35535125142,0.0,50082766589.51525,0.0,1.0,0.0,0.0,18363600.0,0.00444596453984996,0.687792012117953,0.692237976657803,11.02923609297345,2727.2847692998785
KAZ,Kazakhstan,2017,100.0,29.100198957277,4.51698454026741,0.0574717968702316,0.636,7.063,29.1875977429896,-0.473,24862.969,19.822,12.685917004,3.45405912399292,32.3252253010728,7.4426632130679184,1.0,17.370654383165277,72.996,11.2801569362864,3.5307844520862,143.113,0.86064865819105,9.66346231175396,0.0047218953932233,0.837979080702583,14.892874502733775,0.86,0.0239999999999999,-5.22917152568851,0.75,11.679193446438587,0.179,57.304415099355,0.508321821689606,0.243414506316185,0.163869768381119,14.897596398127,56.825387935971,10717147.0,489409425.7999999,70215.72524571397,0.0,67741099315.43718,0.0,1.0,0.0,0.0,18651931.0,0.00472189539322341,0.837979080702583,0.8427009760958064,14.892874502733777,3631.854488172682
KAZ,Kazakhstan,2018,100.0,31.6895877232871,4.39585810287636,0.0587595552206039,0.636,6.97,25.9325339763811,-0.319,25544.24,21.426,12.897936966552065,3.4710807800293,33.4962004017876,6.163662475777571,1.0,16.074063238589254,73.369,11.4286227484553,3.37110742964987,137.675,1.38519233067748,15.0881830400628,0.0054920429973441,0.93298984923782,20.777472649627956,0.862,-0.0529999999999999,1.78638824294372,0.81,11.615697168751634,0.177,55.454732268099,0.538197696208954,0.159006610512733,0.188994139432907,20.7829646926253,63.5279565118188,11026194.0,477951085.9,71768.05417278466,0.0,89292999620.1872,0.0,1.0,0.0,0.0,18932727.0,0.00549204299734424,0.93298984923782,0.9384818922351643,20.777472649627956,4716.330596230918
KAZ,Kazakhstan,2019,100.0,30.4914713767483,4.46633595812751,0.0603355690836906,0.642,6.911,24.2664786023711,-0.23,26351.775,19.679,13.842405524736288,3.45479321479797,33.028795913527,5.333560989166749,1.0,14.604086781326764,73.658,11.466364067234,3.00499256400792,133.88,0.925016309467418,13.3329218324239,0.0061911067174589,0.65685203992523,17.919782745824442,0.851,-0.1679999999999999,-0.7647397730985619,0.867,11.547110593600843,0.193,55.5282559332057,0.52303808927536,0.188985228538513,0.202848315238953,17.9259738525419,64.8586165517565,11349629.0,475213542.7999999,69767.87886169417,0.0,75233083908.50623,0.0,1.0,0.0,0.0,19209555.0,0.00619110671745899,0.65685203992523,0.663043146642689,17.919782745824442,3916.4407456865206
KWT,Kuwait,1995,100.0,31.9718919896288,0.4190340033769217,0.0610591918230057,0.65,2.051,30.0262512478586,-0.257,52244.334,62.8,10.607734907,2.02640151977539,51.73149721825354,2.686727565824839,0.0,8.36916666666667,75.979756097561,10.9515769235509,0.0,7.105330885999997,1.10347928796571,36.227064016639,0.0002570828857249,0.0,37.330543304604674,0.503,0.1709999999999999,12.663312170039,0.654,3.35588338788477,0.636,46.90566413223271,0.343377321958542,0.283481419086456,0.23854573071003,37.3308003874904,94.3196243483405,1648717.0,0.0,2138.8141,0.0,13774051577.192753,0.0,1.0,0.0,0.0,1681513.0,0.000257082885724837,0.0,0.000257082885724837,37.330543304604674,8191.463031919916
KWT,Kuwait,1996,100.0,34.2830462014922,0.3945233373280583,0.0595836006104946,0.648,1.971,33.65220434612,-0.1649999999999999,49165.734,66.126,10.68589116,2.04216074943543,61.28307861254047,3.5539856968428687,0.0,8.77083333333333,75.9250487804878,11.6776786755894,0.0,8.868749112000003,1.04256872930367,40.13640911451261,0.000217487040786,0.0,41.17897784381621,0.503,0.1709999999999999,25.1514440684556,0.654,-5.83446473138293,0.636,39.72084853682159,0.362446278333664,0.22014257311821,0.226186335086823,41.179195330857,91.4721447434007,1698198.0,0.0,2137.8369,0.0,16953289999.422812,0.0,1.0,0.0,0.0,1730246.0,0.000217487040786063,0.0,0.000217487040786063,41.17897784381621,9798.196325506784
KWT,Kuwait,1997,100.0,35.3152688015087,0.3953642456037443,0.0577167570590973,0.64,2.0010000000000003,46.967968979113,-0.74,47770.144,72.258,10.301083256,2.0580427646637,64.24685384600224,0.6821914347076046,0.0,8.79666666666667,75.9071463414634,13.2305820760968,0.0,11.921874250000002,1.14732100198997,38.3929185854833,0.0002409089947312,0.0,39.540239587473266,0.503,0.313,30.3167925135726,0.654,14.1806914342445,0.636,39.06753597095043,0.3838759064674379,0.229543849825859,0.208743512630463,39.540480496468,92.4435465476229,1757745.0,0.0,2145.8065,0.0,15706647977.88815,0.0,1.0,0.0,0.0,1787683.0,0.000240908994731348,0.0,0.000240908994731348,39.540239587473266,8786.036438165016
KWT,Kuwait,1998,100.0,22.0096059874155,0.4464680958704861,0.0569911152124405,0.64,2.0149999999999997,60.7297792955164,0.061,48162.19,70.201,13.995424199,2.07404828071594,52.664706551393536,0.1296582876740259,0.0,8.93333333333333,75.9642926829269,11.7156769746411,0.0,13.73970621,1.27688989600101,27.927039066816995,0.0004557416323278,0.0,29.203928962817972,0.503,0.455,20.31182885254,0.654,31.492300238803,0.636,44.23660389107468,0.469172328710556,0.264736026525497,0.276876330375671,29.2043847044503,94.9598431670145,1817523.0,0.0,2241.01645,0.0,11047381343.704449,0.0,1.0,0.0,0.0,1844302.0,0.000455741632327831,0.0,0.000455741632327831,29.203928962817972,5990.006703730977
KWT,Kuwait,1999,100.0,26.8140776873566,0.4274949016870799,0.0567023195326328,0.636,2.021,54.6920837104813,-0.1689999999999999,47634.518,71.617,10.834359478,2.0901780128479,60.07747361028017,2.9908103592316593,0.0,8.56166666666667,76.0779512195122,11.0756077079948,0.0,15.97931637,0.955691240167222,33.8805324667688,0.0003498605618508,0.0,34.836223706935954,0.503,0.6034999999999999,28.8374099152651,0.654,-8.068204393226848,0.636,40.98410912351138,0.428172588348389,0.244408085942268,0.224443987011909,34.8365735674978,85.3681145511849,1876919.0,0.0,2093.2536,0.0,14360550371.197138,0.0,1.0,0.0,0.0,1900030.0,0.000349860561850805,0.0,0.000349860561850805,34.836223706935954,7558.065068023735
KWT,Kuwait,2000,100.0,42.0901213034746,0.3552198300821931,0.055550429970026,0.633,2.023000000000001,45.3894886044441,-0.321,50716.289,81.257,8.01229045,2.10643339157105,72.30804568886373,1.8129461388708883,0.0,8.86666666666667,76.2258780487805,6.91511888196503,0.0,24.3515,1.07488964584328,50.2892381187247,0.0002835943602172,0.0,51.36412776456798,0.503,0.752,53.1007651743072,0.654,-9.6704929718029,0.636,35.72363591708461,0.312298834323883,0.183820962905884,0.154901593923569,51.3644113589282,86.618324503254,1935162.0,0.0,2253.542568,0.0,24755261633.86707,0.0,1.0,0.0,0.0,1954709.0,0.000283594360217399,0.0,0.000283594360217399,51.36412776456798,12664.423008164933
KWT,Kuwait,2001,100.0,33.4586731498242,0.4467289719626173,0.054779015481472,0.633,2.0249999999999995,56.6305420560748,-0.1099999999999999,48802.951,85.34300000000002,9.220961097,2.10222768783569,72.2118354023113,1.29999999999999,0.0,7.884274999999999,76.3843414634146,6.34392523364486,0.0,43.7185,1.29022077016935,42.7980143074398,0.000347997033731,0.0,44.08823507760917,0.503,0.3025,45.8579000814156,0.654,16.9080708625822,0.636,35.679566785786925,0.352179706096649,0.206058591604233,0.206981018185616,44.0885830746429,86.8504672897196,1992754.0,0.0,2192.568699,0.0,20826247688.447712,0.0,1.0,0.0,0.0,2008121.0,0.000347997033731128,0.0,0.000347997033731128,44.08823507760917,10371.012348582437
KWT,Kuwait,2002,100.0,26.0053190791337,0.5168248490077652,0.0541659593582153,0.633,2.034,58.3370664365833,-0.343,47971.6,72.752,11.209266292,2.09803032875061,69.72013840236662,0.8884501480749059,0.0,6.482208333333329,76.5316341463415,7.82830025884383,0.0,59.5639,0.928084779806332,37.2003716194143,0.0003604494626998,0.0,38.1284563992207,0.503,-0.1469999999999999,31.678324928101503,0.654,1.2686069463714098,0.628,39.20897412214836,0.369925320148468,0.212271139025688,0.246473222970963,38.1288168486834,81.2251941328732,2049860.0,0.0,2034.825596,0.0,19518809587.049305,0.0,1.0,0.0,0.0,2059974.0,0.000360449462699941,0.0,0.000360449462699941,38.1284563992207,9475.26987576023
KWT,Kuwait,2003,100.0,33.9262481085255,0.4548895368397438,0.0536687709391117,0.641,2.0550000000000006,59.4645690815297,-0.417,53481.789,64.459,11.741163889,2.0938413143158,64.02624655583725,0.961350293542111,0.0,5.41685833333333,76.6445609756098,7.8999383200628,0.0,67.3024,0.81882112644548,39.816851302288,0.0004160818733895,0.0,40.63567242873341,0.503,0.294,27.7230684288084,0.654,0.4729365846165843,0.628,39.53320683498109,0.312457501888275,0.185096278786659,0.230754926800728,40.6360885106068,86.5551755074577,2104935.0,0.0,2380.763863,0.0,26910269318.858192,0.0,1.0,0.0,0.0,2109881.0,0.000416081873389723,0.0,0.000416081873389723,40.63567242873341,12754.40146570266
KWT,Kuwait,2004,100.0,44.1801611576022,0.4047566036981855,0.0542390272021294,0.65,2.0870000000000006,56.3645435498696,0.291,54527.01,66.885,11.47174897,2.08966064453125,69.83433723578209,1.2485644367988904,0.0,5.636633333333329,76.7276829268293,8.3114970285499,0.0,82.2579,0.76931436633299,46.1128336408051,0.0003314424211491,0.0,46.88214800713814,0.517,0.345,30.527155194756805,0.654,-5.14911494169832,0.616,39.44931147098882,0.266446977853775,0.159643664956093,0.239361360669136,46.8824794495593,89.2976416790834,2156180.0,0.0,2530.574836,0.0,37417322214.113754,0.0,1.0,0.0,0.0,2157320.0,0.000331442421149268,0.0,0.000331442421149268,46.88214800713815,17344.354205270316
KWT,Kuwait,2005,100.0,53.0493674367437,0.3013580184120847,0.054691918194294,0.65,2.088,50.9326670396555,0.234,55522.39,66.762,13.112998224,2.08548831939697,70.90470783860314,4.14297583631023,0.0,7.498258333333329,76.8007804878049,7.26014275299663,0.0,61.7888,0.821700960754246,53.3164834648164,0.0002451570694466,0.0,54.13818442557056,0.517,0.254,36.2436632228779,0.654,-11.720977961646902,0.611,38.46722014689933,0.232946515083313,0.138673722743988,0.215281084179878,54.13842958264,92.2426800942645,2236788.0,0.0,2680.92963,0.0,56245007434.805275,0.0,1.0,0.0,0.0,2236788.0,0.000245157069446747,0.0,0.000245157069446747,54.13818442557056,25145.435076907277
KWT,Kuwait,2006,100.0,59.20731935915791,0.2365157196423428,0.0556503906846046,0.65,2.08,49.9541424184326,-0.35,56098.20599999999,59.141,16.489281958,2.09777212142944,67.69944915414129,3.057013391667219,0.0,8.57895,76.8876829268293,5.47888494884542,0.0,49.8819,0.742307369022942,51.0394540758358,0.0002417118704636,0.0,51.78176144485873,0.517,0.413,24.2653737126522,0.654,-6.539551298846579,0.617,38.282058803820746,0.22319307923317,0.124388717114925,0.197244465351105,51.7820031567292,89.7130931980522,2364733.0,0.0,2751.310267,0.0,68161022688.4611,0.0,1.0,0.0,0.0,2364733.0,0.000241711870463669,0.0,0.000241711870463669,51.78176144485874,28823.98253352962
KWT,Kuwait,2007,100.0,51.6625652620072,0.213317127370276,0.0564522109925747,0.652,2.067,59.5793877338048,-0.37,55669.708999999995,66.193,18.395428571,2.11012840270996,70.7750212882284,5.4849498327759605,0.0,8.53628333333333,77.0101707317073,5.53427499800495,0.0,56.8764,0.618508798827339,48.1550015709463,0.0002003857690091,0.0,48.77351036977359,0.517,0.621,32.430057089188,0.654,4.05428824689838,0.617,38.61007612951279,0.252446055412293,0.11855036765337,0.242987766861916,48.7737107555426,91.7325033915889,2507887.0,0.0,2677.698566,0.0,72983227152.34052,0.0,1.0,0.0,0.0,2507887.0,0.000200385769009277,0.0,0.000200385769009277,48.77351036977359,29101.48150707768
KWT,Kuwait,2008,100.0,54.527882461984504,0.1600209996012083,0.0567039400339127,0.664,2.0390000000000006,57.2649281419896,-0.358,56351.089,64.654,21.919707468,2.1225574016571,69.1140917478119,10.5827097865144,0.0,7.612991666666669,77.1890487804878,4.425564995280141,0.0,56.5701,0.5689403844565482,52.8912935555667,0.000277277015199,0.0,53.4602339400233,0.517,0.5020000000000002,15.9972211249173,0.654,-9.31204874289532,0.617,40.18061736070153,0.2342342734336849,0.1027818694710729,0.199366092681885,53.4605112170385,92.6834562516721,2651421.0,0.0,2803.196776,0.0,103392619263.93022,0.0,1.0,0.0,0.0,2651421.0,0.000277277015199177,0.0,0.000277277015199177,53.4602339400233,38995.172499550325
KWT,Kuwait,2009,100.0,40.2912396068978,0.2623277654265106,0.0581669546663761,0.67,1.9989999999999997,79.0719269941829,-0.22,51716.517,76.227,18.204451098,2.13505983352661,69.41603741523653,4.60959548447787,0.0,6.157775000000001,77.4333658536585,5.12162171024587,0.0,93.6658,0.735530245929982,38.854853146546,0.0003806547092106,0.0,39.59038339247599,0.517,0.353,22.9914524162028,0.654,28.1580797496703,0.617,40.04416232865258,0.306381791830063,0.142942920327187,0.20725579559803,39.5907640471852,88.8110649851457,2795484.0,0.0,2513.281564,0.0,58208245186.09145,0.0,1.0,0.0,0.0,2795484.0,0.00038065470921068,0.0,0.00038065470921068,39.59038339247599,20822.242297252087
KWT,Kuwait,2010,100.0,47.6315999571807,0.4517289854751141,0.0600817240774632,0.67,1.944,74.6393830657528,0.5430000000000001,49120.852,80.596,20.697633167,2.14763569831848,66.0655582815397,4.49640287769787,0.0,5.42165833333333,77.7262195121951,5.97790318611957,0.0,135.19,0.635329840794475,48.1906069290048,0.0004237965808162,0.0,48.82593676979928,0.523,0.452,22.7742542798929,0.654,-5.113880201019441,0.615,47.0401906716711,0.274617671966553,0.126176625490189,0.212926119565964,48.8263605663801,97.0280216600064,2943372.0,0.0,2575.358405,0.0,76958936599.48747,0.0,1.0,0.0,0.0,2943372.0,0.000423796580816382,0.0,0.000423796580816382,48.825936769799284,26146.520589136362
KWT,Kuwait,2011,100.0,54.2175208630282,0.4388358253241655,0.0607890896499157,0.67,1.864,60.8062581893838,0.063,52172.0,80.505,19.399587068,2.1896767616272,72.7249733972566,4.839403498709501,0.0,5.193091666666671,78.052243902439,5.6131394558656,0.0,157.499,0.700397270610481,58.3689295808333,0.0003691652485515,0.0,59.06932685144385,0.523,0.311,30.3966966433866,0.654,-10.2658861203424,0.608,38.8294818780374,0.248045057058334,0.102350972592831,0.155658230185509,59.0696960166924,99.1164927646913,3132814.0,0.0,2930.501555,0.0,122748744741.17198,0.0,1.0,0.0,0.0,3132814.0,0.000369165248551607,0.0,0.000369165248551607,59.06932685144385,39181.62544637887
KWT,Kuwait,2012,100.0,54.0982473297299,0.3598743008488334,0.0595440603792667,0.689,1.8180000000000005,55.7433682729455,-0.52,53789.678,81.65200000000002,18.93856824,2.23254108428955,74.8123207433144,3.2551460028721095,0.0,4.98379166666667,78.3950243902439,5.96446653129308,0.0,152.831,0.731563944664216,57.4129637304674,0.0003796434435083,0.0,58.14452767513168,0.523,0.204,31.6887750912315,0.654,-2.329076834053099,0.608,36.780475654361,0.234451368451118,0.106039099395275,0.13443711400032,58.1449073185752,101.011435104032,3337109.0,0.0,3187.52619,0.0,134220322356.65988,0.0,1.0,0.0,0.0,3337109.0,0.000379643443508407,0.0,0.000379643443508407,58.14452767513169,40220.53890258301
KWT,Kuwait,2013,100.0,51.2105932437591,0.3551776089493703,0.057890098541975,0.684,1.8040000000000005,59.751887354111,0.076,52467.436,80.478,20.614864669,2.11419415473938,73.0986938777857,2.682296840850391,0.0,4.561308333333329,78.7418048780488,5.87984162345434,0.0,182.738,0.784396720958018,55.5579394462588,0.0003185775028085,0.0,56.342336167216885,0.523,0.1659999999999999,29.7046560879045,0.654,4.32863196223952,0.608,38.1405373589437,0.252124220132828,0.118315681815147,0.158008754253387,56.3426547447197,97.6054913328151,3507844.0,0.0,3149.0590635999997,0.0,130103778422.49962,0.0,1.0,0.0,0.0,3507844.0,0.000318577502808652,0.0,0.000318577502808652,56.34233616721689,37089.38550930418
KWT,Kuwait,2014,100.0,45.7671814916834,0.4506361061098918,0.0563528351485729,0.709,1.798,67.6407157377814,0.063,51095.632,75.28,22.515884133,2.15259790420532,70.5483167543953,2.9089267285862483,0.0,4.26845,79.0803414634146,5.542278981962321,0.0,207.324,0.731307332394645,53.239569150436,0.0005458303725169,0.0,53.970876482830676,0.523,0.1489999999999999,16.2422635465053,0.654,11.8255806947688,0.608,42.1708386044131,0.285844147205353,0.122983306646347,0.175653114914894,53.9714223132032,100.037189841844,3665876.000000002,0.0,3120.13199527,0.0,116753175638.21404,0.0,1.0,0.0,0.0,3665876.0,0.000545830372516933,0.0,0.000545830372516933,53.97087648283068,31848.642899599996
KWT,Kuwait,2015,100.0,27.8325142516853,0.5377290088696363,0.0545663386583328,0.709,1.7969999999999997,98.5107903934076,0.1519999999999999,49615.956,71.898,25.801905245,2.19169926643372,55.9358456541559,3.2717016609213303,0.0,4.2949,79.3765609756098,6.97750997601227,0.0,199.89099999999996,0.864578423168116,36.4482994431389,0.0007216356591697,0.0,37.31287786630703,0.523,-0.22,-3.911147484429819,0.654,40.8597363576398,0.608,58.4383547268602,0.400792598724365,0.146666839718819,0.295129805803299,37.3135995019662,98.6999884455485,3834574.0,0.0,3085.426106,0.0,61926196979.636086,0.0,1.0,0.0,0.0,3834574.0,0.000721635659169802,0.0,0.000721635659169802,37.31287786630703,16149.433282454866
KWT,Kuwait,2016,100.0,22.7919942042676,0.5185921311858692,0.0563877262175083,0.707,1.8259999999999996,105.186812834562,0.1209999999999999,49075.161,67.288,27.297833709000003,2.20387268066406,52.134780154177,3.198397766583738,0.0,4.4765833333333305,79.6775853658537,7.20205740085411,0.0,191.294,0.690322593013416,31.673210619504395,0.0005923783386618,0.0,32.363533212517844,0.523,-0.0569999999999999,-9.16488980375616,0.654,12.1448737121763,0.608,60.710435050585,0.437940537929535,0.158088833093643,0.338679999113083,32.3641255908565,96.1576723758617,4004096.0,0.0,3166.254193,0.0,52900356887.90258,0.0,1.0,0.0,0.0,4004096.0,0.000592378338661855,0.0,0.000592378338661855,32.363533212517844,13211.560583937693
KWT,Kuwait,2017,100.0,30.7153125726954,0.5250921392494643,0.0604565478861332,0.682,1.861,98.699107218372,-0.004,45834.153,68.316,28.939197013,2.21611380577087,55.6192158978196,2.1718329851000604,0.0,4.69493333333333,79.9160731707317,7.50147665024303,0.0,171.826,0.748172347211654,36.0090908245608,0.0006704396446983,0.0,36.7572631717724,0.501,-0.0509999999999999,-5.36826223484459,0.654,-9.92502373516906,0.614,56.789146483868,0.402569532394409,0.159893900156021,0.335845291614532,36.7579336114171,97.840046457409,4154812.0,0.0,3025.51442125,0.0,62658376684.09292,0.0,1.0,0.0,0.0,4154812.0,0.000670439644698328,0.0,0.000670439644698328,36.7572631717724,15080.917423963567
KWT,Kuwait,2018,100.0,35.0506693967335,0.4459068711695106,0.0636047050356865,0.682,1.9029999999999996,90.6280713315415,-0.001,45718.915,68.055,29.926490203,2.22225975990295,60.1276537174576,0.5431331481995656,0.0,4.827,80.1063658536585,7.42772872434798,0.0,164.22,1.10292151862869,44.0490671354298,0.0003009570106458,0.0,45.15198865405846,0.501,0.091,-1.2074037682939,0.654,-5.815110841771,0.614,51.7512772593754,0.378705888986588,0.156562447547913,0.275855273008347,45.15228961106911,102.785630655,4323515.000000002,0.0,3066.5595072799997,0.0,83647769524.26668,0.0,1.0,0.0,0.0,4323515.0,0.000300957010645904,0.0,0.000300957010645904,45.151988654058464,19347.167645831385
KWT,Kuwait,2019,100.0,28.4524227870633,0.3704341383802898,0.0646373257040978,0.682,1.6446378020651595,91.95705812829831,0.4189999999999999,44848.657,61.714,28.322154593,2.23645782470703,57.7186566770031,1.0918480265585586,0.0,4.8111,81.969756097561,6.379314992058249,0.0,164.942,1.18290776369048,38.6553473115018,0.0004152637141161,0.0,39.83825507519228,0.461,0.175,-6.214404212731709,0.654,4.92698795890651,0.655,54.6024842626311,0.387801975011826,0.169242277741432,0.249601021409035,39.8386703389064,91.6857123895953,4442316.0,0.0,2989.410551,0.0,71769133005.87938,0.0,1.0,0.0,0.0,4442316.0,0.000415263714116295,0.0,0.000415263714116295,39.83825507519228,16155.79193508057
MEX,Mexico,1995,95.8944625854492,23.4838094082891,4.13057186640945,0.0337235517799854,0.625,5.695,20.3129090763085,0.671,15811.212,16.577,14.279989988,2.29624581336975,33.2922227105508,34.9992712889592,0.0,59.4316666666667,70.703,21.1685474105437,0.259430266995958,0.7652731749999973,0.069034214647323,3.18458587486466,0.182353757061829,0.0108160359365737,3.5238663924445106,0.658,-0.925,1.59039634657887,0.746,14.8566758536659,0.485,58.7641712140153,0.709397435188294,0.123537071049213,0.152858301997185,3.70622014950634,43.6658317263397,66598755.0,15828245234.3,10158.324748466965,0.0,23712056981.466183,0.0,1.0,0.0,0.0,90862455.0,0.182353757061829,0.0108160359365737,0.1931697929984027,3.5238663924445106,260.9665013064657
MEX,Mexico,1996,96.093624,23.5075266747216,4.57994422900289,0.0333089008927345,0.587,5.622,20.3129090763085,0.6780000000000002,16526.618,17.149,15.912780524,2.32004451751709,34.3418670664771,34.3783832235168,0.0,36.3858333333333,71.088,22.2130309890323,0.185948298004398,1.1157751269999991,0.0704161694684371,3.72059342746973,0.1283203430838959,0.0094602665970484,3.986418161539614,0.658,-0.925,0.172783372529062,0.746,7.6474396545621,0.485,57.3630164009418,0.720283091068268,0.123025715351105,0.164826348423958,4.11473850462351,47.7678235339067,68070144.0,13278784366.2,10464.977830276965,0.0,30762200411.88566,0.0,1.0,0.0,0.0,92452702.0,0.128320343083896,0.00946026659704844,0.13778060968094444,3.986418161539614,332.7344658016124
MEX,Mexico,1997,96.3295822143555,24.1517948116988,4.21889006913233,0.0332626700401306,0.544,5.561,20.3129090763085,0.8280000000000001,17450.453,17.261,17.166204554,2.3440899848938,34.7740825679809,20.6256287259247,0.0,22.14,71.472,22.3626601591035,0.136301411999951,1.8681650559999952,0.0633338264961715,2.84312857753682,0.131258434927536,0.0065484915220829,3.0493123075550237,0.639,-0.674,-0.0401609171058232,0.746,3.74260655837951,0.503,56.7693180620841,0.723019003868103,0.126890644431114,0.177145138382912,3.18057074248256,46.4918755715735,69529913.0,9087522293.8,10788.437767776317,0.0,29738752291.897625,0.0,1.0,0.0,0.0,94021207.0,0.131258434927536,0.00654849152208297,0.13780692644961898,3.049312307555024,316.298346307101
MEX,Mexico,1998,96.092755,23.9792960680652,3.9076474637954295,0.0335173420608044,0.5,5.534,17.9317776437342,0.738,18269.217,14.987,18.049787853,2.36838483810425,34.1578193478136,15.9283950119353,0.0,26.3583333333333,71.792,22.2247240481301,0.113594941244183,3.5344212250000098,0.0496443227603013,1.4676713999008495,0.111534672319872,0.0038317013809643,1.6347423652862982,0.637,-0.423,-1.95055091614258,0.746,9.19688961880311,0.503,57.2569163100178,0.710689246654511,0.122411958873272,0.178659945726395,1.7462770376061698,48.0318841400179,70985308.0,8379947063.299999,10932.812219305992,0.0,21422005253.707653,0.0,1.0,0.0,0.0,95575245.0,0.111534672319872,0.00383170138096449,0.1153663737008365,1.6347423652862978,224.13759183884542
MEX,Mexico,1999,96.7482986450195,22.9259909661718,3.49017753869546,0.0338449962437153,0.5,5.493,15.5385350011939,0.813,18526.368,15.648,18.515288268,2.39293122291565,34.2460385348222,16.5856169707538,0.0,23.7425,72.203,21.2588453153605,0.0839851410306353,8.02579566,0.0640722146713259,2.131108238007501,0.0935022832212602,0.0009551319488844,2.280120725658339,0.637,-0.3115,-1.51222726992506,0.746,7.30444482115276,0.503,57.3594574554416,0.71692031621933,0.127875328063965,0.186147943139076,2.3736230088795995,48.0122495761105,72439066.0,4871348033.300001,10515.733032606964,0.0,27255225592.19053,0.0,1.0,0.0,0.0,97115707.0,0.0935022832212601,0.000955131948884417,0.09445741517014451,2.2801207256583393,280.64693584726234
MEX,Mexico,2000,98.0,21.8569366998818,3.1592651309776194,0.0342078469693661,0.335,5.481,14.3477809518427,0.847,19206.792,16.701,18.562291958,2.41773200035095,34.3868003217864,9.49156149435403,0.0,16.9283333333333,72.562,21.0445774123124,0.0689659453339466,14.274100000000004,0.1013662241938129,3.3383732732853213,0.0684645024890941,0.0010126660789203,3.509718108892006,0.55,-0.2,0.32675541281645,0.746,5.62825957284794,0.61,58.0223867389803,0.715637266635895,0.126094147562981,0.185592412948608,3.5781826113811004,49.9104091872497,73890571.0,377869958.2000001,10339.332099574614,0.0,43728714060.60597,0.0,1.0,0.0,0.0,98625552.0,0.0684645024890943,0.0010126660789203,0.0694771685680146,3.509718108892006,443.381184427804
MEX,Mexico,2001,97.1,20.987713218675,3.22549035188036,0.0344969145953655,0.318,5.433,12.240977233378,0.917,18860.097,16.974,17.290551462,2.43708729743958,33.3084037583111,6.367738062350369,0.0,12.795,72.912,20.026058557155,0.0450579079364883,21.736000000000004,0.0922107414251374,2.39265778309786,0.0647583327720537,0.0069582517531788,2.5368846842126658,0.548,-0.129,1.12780922925554,0.746,5.9376464525908,0.62,58.7431527357698,0.719005107879639,0.124330975115299,0.171163648366928,2.6016430169847204,44.7401090123173,75365368.0,364476834.5999999,10260.532193417652,0.0,39134604546.7585,0.0,1.0,0.0,0.0,100099099.0,0.0647583327720538,0.0069582517531789,0.07171658452523269,2.5368846842126667,390.9586093952604
MEX,Mexico,2002,97.9,19.9168391379965,3.110361723253339,0.0346204787492752,0.318,5.45,14.178262536602602,1.019,18552.489,17.586,16.873358737,2.45659756660461,32.864500489183,5.0307273315129475,0.0,8.21083333333334,73.106,19.2312267750835,0.04720797275228,25.5329,0.0725730429832138,2.561231079502861,0.0647831387815129,0.0026138011690481,2.6836258964074062,0.573,-0.0579999999999999,0.806670420866453,0.746,2.56725076182638,0.62,59.1238892356495,0.723393380641937,0.127605780959129,0.178369075059891,2.7484090351889208,45.209829259652,76856137.0,394287990.4,10532.350276576197,0.0,39134720230.92615,0.0,1.0,0.0,0.0,101548624.0,0.0647831387815131,0.00261380116904821,0.0673969399505613,2.6836258964074076,385.37912863227126
MEX,Mexico,2003,97.4,19.4515150929696,3.20735540720265,0.0346406474709511,0.313,5.469,14.641275462878198,0.949,18514.988,19.261,16.804705455,2.47626376152039,31.5006616862482,4.54690012118718,0.0,7.022500000000001,73.308,18.828065610038,0.053575054161242,29.2272,0.0614333225948133,3.1725015637449188,0.0676496208835113,0.0041883784812982,3.2916983189822684,0.608,-0.1169999999999999,0.611570596973146,0.746,2.63026612664734,0.59,60.5312030385874,0.734216809272766,0.126479148864746,0.183245345950127,3.3593479398657795,48.700416880838,78311217.0,430961019.4,11294.48592016502,0.0,49447351344.21247,0.0,1.0,0.0,0.0,102978515.0,0.0676496208835113,0.00418837848129839,0.0718379993648097,3.2916983189822684,480.1715323260631
MEX,Mexico,2004,98.6,22.4397732983134,3.18594698304908,0.0346426144242287,0.308,5.517,14.105493264158396,0.905,18922.553,19.113,17.316626101,2.49608755111694,33.0062868258443,4.688408848431429,0.0,7.438333333333329,73.432,18.8456680170089,0.131562167776797,36.8327,0.0603358045511139,3.91311549345697,0.062674629205389,0.027302263085805,4.13231572887069,0.608,-0.214,1.36566729204123,0.746,-0.6281223625793508,0.59,59.5869309292277,0.726107537746429,0.119101449847221,0.195667341351509,4.19499035807608,52.0406200335632,79681367.0,450403960.2000001,12086.610110681131,0.0,65067351961.19436,0.0,1.0,0.0,0.0,104394131.0,0.0626746292053891,0.0273022630858051,0.08997689229119421,4.13231572887069,623.2855366284371
MEX,Mexico,2005,98.9,21.7540826019509,2.9456722751517894,0.0347758680582047,0.308,5.537,15.3135908131833,1.055,19068.054,19.722,17.940183287,2.51607012748718,33.0531376314209,3.98805714597437,0.0,9.695,73.627,18.0770794970807,0.194879672775774,44.5403,0.1070403733837919,5.19854636227176,0.0564561704190722,0.0295646975447426,5.530031105976068,0.608,-0.446,1.26883670687304,0.746,3.59826026000135,0.59,60.0439876595723,0.722430765628815,0.118745006620884,0.193343967199326,5.58648727639514,52.5626446517886,80919202.00000001,414516885.4,12840.269120577248,0.0,91344551073.47247,0.0,1.0,0.0,0.0,105811504.0,0.0564561704190723,0.0295646975447426,0.08602086796381489,5.530031105976067,863.2761809478908
MEX,Mexico,2006,99.1,23.9006691191759,2.942955163586399,0.0350384749472141,0.356,5.575,18.351891672796903,0.979,19703.701,20.351,18.800282224,2.53621244430542,34.3856666700872,3.629467624391321,0.0,7.51183478062322,73.746,18.9990299017364,0.349434675566359,51.649,0.1504805494870649,5.53800257872389,0.0676935775602247,0.0355247371379612,6.073442540915275,0.607,-0.637,1.36264361350312,0.746,1.3238319710294002,0.596,59.0671808513914,0.71142315864563,0.124565988779068,0.195737168192863,6.141136118475501,54.4821160886169,82047173.0,436306088.0,13585.476205282388,0.0,107529261464.87202,0.0,1.0,0.0,0.0,107253666.0,0.0676935775602247,0.0355247371379613,0.10321831469818601,6.073442540915276,1002.5695668516545
MEX,Mexico,2007,97.9,23.654606295926,3.0418656709759997,0.0353541783988476,0.404,5.62,20.439469804934397,1.0989999999999998,19809.595,21.063,19.50410825,2.55651617050171,34.0245019473839,3.966849054582351,0.0,7.560833333333331,73.796,18.2623757835665,0.396355351677486,61.1904,0.1778226003926339,5.08084054962981,0.0665473983471123,0.0352874169588698,5.690305918658797,0.607,-0.73,1.02158980284966,0.746,1.3502977394096298,0.585,59.303362048211,0.702031433582306,0.133531749248505,0.200276002287865,5.756853317005909,55.2585243944498,83217533.0,458304105.0,14637.102980775588,0.0,111310958457.63246,0.0,1.0,0.0,0.0,108774360.0,0.0665473983471124,0.0352874169588699,0.1018348153059823,5.6903059186587965,1023.319819648973
MEX,Mexico,2008,98.9,23.5552889164556,3.0287589808278597,0.0356873162090778,0.404,5.682,19.7553753221619,1.008,19684.279,25.821,20.523997855,2.57141518592834,34.8480623925215,5.12498274575896,0.0,8.70576785663225,73.695,18.1749137521803,0.333187525650902,68.2256,0.187206346731322,6.04436562265737,0.0693930826594841,0.1066804138332189,6.671439908872816,0.607,-0.804,1.97013898753814,0.746,2.25320067552938,0.586,59.6814143877222,0.702519118785858,0.146748051047325,0.209274768829346,6.740832991532301,56.3652818862573,84446311.0,446709105.4,14536.379038053969,0.0,138039076177.37457,0.0,1.0,0.0,0.0,110374288.0,0.0693930826594843,0.106680413833219,0.1760734964927033,6.6714399088728165,1250.6452243422361
MEX,Mexico,2009,98.3,23.3747527057572,3.1005984191884206,0.0357308946549892,0.408,5.735,21.6119225648182,0.995,18158.824,22.581,19.212123143,2.58525681495667,31.9993138894743,5.29735584228856,0.0,7.065000000000001,73.628,17.4331987032193,0.307378174721435,74.2802,0.3010719911797039,3.436044044913161,0.0746356501956864,0.0535139993276361,4.098008210141934,0.607,-0.687,-0.99085334732798,0.746,1.73076519097887,0.586,60.9462035455162,0.681662976741791,0.17002660036087,0.199302986264229,4.172643860337619,54.5917421313503,85695907.0,4469790297.1,14263.839171494616,0.0,84129720121.01196,0.0,1.0,0.0,0.0,111999721.0,0.0746356501956864,0.0535139993276361,0.1281496495233225,4.098008210141932,751.1600865596082
MEX,Mexico,2010,99.2,24.046831199423,3.0920083867080503,0.035663403570652,0.411,5.733,22.3237750257634,1.2330000000000003,18774.889,22.678,19.121595843,2.59917283058167,32.539487048306,4.15672722680174,0.0,5.28083333333333,73.718,17.8382139163733,0.502379057813547,80.4263,0.1521454707817189,4.0853189393579,0.132266727975207,0.0796871696268283,4.8195306375799944,0.632,-0.726,-1.16266754522892,0.746,0.869831510540787,0.586,60.4783490503534,0.680908143520355,0.178908571600914,0.208954527974129,4.951797365555201,59.2733845293851,86950054.0,4390926236.3,15372.965198429434,0.0,110228656413.41975,0.0,1.0,0.0,0.0,113623895.0,0.132266727975207,0.0796871696268284,0.2119538976020354,4.8195306375799944,970.1186217337449
MEX,Mexico,2011,99.0,24.211623073177,2.975694839681781,0.0359103828668594,0.411,5.698,23.5848328387345,0.988,19139.617,23.418,19.865427452,2.61836075782776,33.8231022149217,3.4073782460574193,0.0,4.910833333333329,73.921,17.7203860209063,0.872067632421353,82.0725,0.291352067275173,5.72990793071681,0.1009035668291129,0.132625302569202,7.0259529329825465,0.632,-0.668,-0.684927396834156,0.746,-0.7180874145566678,0.586,59.8866488342752,0.66205221414566,0.184233278036118,0.221235975623131,7.126856499811659,62.1623872764498,88238240.0,4377354546.8,16585.80005868425,0.0,156635349636.4549,0.0,1.0,0.0,0.0,115243504.0,0.100903566829113,0.132625302569202,0.233528869398315,7.025952932982546,1359.1685795709136
MEX,Mexico,2012,99.1,23.7409555566387,3.0487293714888803,0.0363385006785393,0.416,5.674,24.9270563810171,1.011,19548.678,23.434,20.060435585,2.63769030570984,34.0963424723894,4.111509810702888,0.0,4.680833333333329,74.128,18.8000354392646,0.795322265347299,86.2256,0.2923126986270219,5.40265415074589,0.0978850771398704,0.0594435226719813,6.5497326373922,0.661,-0.662,-0.878393718576155,0.746,0.1325956176141796,0.558,59.9372072773832,0.672485649585724,0.182705864310265,0.220478519797325,6.647617714532071,64.2579318900113,89551109.0,4382058704.2,16973.882220412954,0.0,155610521245.90308,0.0,1.0,0.0,0.0,116818208.0,0.0978850771398704,0.0594435226719813,0.1573285998118517,6.549732637392201,1332.074202387209
MEX,Mexico,2013,99.1,20.7567429886522,3.0245427757813506,0.0367451682686806,0.44,5.677,27.859059328804,0.997,19461.861,23.109,19.194585032,2.6571626663208,32.1682751258816,3.80639069747204,0.0,4.27083333333333,74.289,18.1028096334813,0.59037542903202,90.2012,0.294655512434139,4.59508453903103,0.1203164015968079,0.0394965314684215,5.519612011965613,0.759,-0.714,-0.9115623742273378,0.746,2.52394547437684,0.477,61.0665777215901,0.67418098449707,0.172223225235939,0.214560553431511,5.639928413562419,62.6916747735807,90882630.0,4390838329.299999,17785.094206983522,0.0,151827839251.32675,0.0,1.0,0.0,0.0,118343573.0,0.120316401596808,0.0394965314684216,0.1598129330652296,5.519612011965611,1282.9411467180119
MEX,Mexico,2014,99.2,21.8000526747003,3.0271365185357304,0.037078071385622,0.44,5.705,28.1836821076474,1.024,19710.019,22.578,19.295428899,2.67677879333496,31.9175541331636,4.01861608078679,0.0,3.5516666666666694,74.404,18.2289217421843,0.4149312444212409,87.6145,0.2533277653016139,3.9014361869158,0.144244778895991,0.0296217542584091,4.599316950897059,0.759,-0.854,-1.68409220150122,0.746,-0.7825189326641571,0.477,60.078270567972,0.67884236574173,0.175104513764381,0.21459923684597,4.743561729793051,64.0984090351215,92202901.0,4130825645.000001,18339.12505470749,0.0,132957099359.26396,0.0,1.0,0.0,0.0,119784261.0,0.144244778895991,0.0296217542584092,0.1738665331544002,4.59931695089706,1109.9713622582183
MEX,Mexico,2015,99.0,22.3384257680977,3.0851863436743,0.037473276257515,0.456,5.768,30.8304978674097,1.1499999999999997,20024.307,22.699,19.662302085,2.69653964042664,30.8402536092133,2.720640649640231,0.0,3.4391666666666705,74.431,19.8234213937112,0.3639170817767601,88.9454,0.1309697723450629,1.5460733913893598,0.1280243717522871,0.0146209134508051,2.055581158961992,0.726,-0.802,-1.1664428012060697,0.746,0.2070591926460618,0.489,60.5061359736518,0.683522999286652,0.171144708991051,0.215625002980232,2.1836055307142797,70.412974676264,93456180.0,3950988095.2,18605.59801698749,0.0,74869287346.73288,0.0,1.0,0.0,0.0,121072306.0,0.128024371752287,0.0146209134508051,0.1426452852030921,2.0555811589619926,618.3849124566347
MEX,Mexico,2016,99.5,22.9133948649879,3.2462890783797,0.0379331521689892,0.437,5.868,32.9508423866166,1.098,20178.24,23.841,19.326593769,2.71644639968872,30.6167913981452,2.821707847476599,0.0,4.75416666666667,74.376,19.8687757979342,0.4773743960022389,91.3942,0.0555286615814858,1.2371953159720093,0.1843539171273189,0.0207944053979399,1.7908927789536708,0.726,-0.634,0.341419577870515,0.746,-1.24759733279354,0.489,60.0750683879945,0.689555168151856,0.165818452835083,0.210836932063103,1.9752466960809905,75.6903034088551,94672068.0,3832951991.2,18492.43548280749,0.0,62638138239.96014,0.0,1.0,0.0,0.0,122251351.0,0.184353917127319,0.02079440539794,0.205148322525259,1.7908927789536715,512.3717466317419
MEX,Mexico,2017,100.0,23.7865270899309,3.297511775752751,0.0383128263056278,0.438,5.997,34.3431256723362,0.981,20359.919,23.984,18.670834705,2.73650026321411,31.9586846731805,6.04145724018986,0.0,7.3325,74.261,20.1618224199443,0.555632855528948,92.6494,0.0594559535085474,1.5562441269484104,0.1655149718620541,0.0246410567158186,2.1959739927017257,0.686,-0.806,2.5458057974508,0.772,0.7177651619955405,0.483,59.3653310273766,0.678750157356262,0.162306934595108,0.209731563925743,2.3614889645637795,76.9521260407254,95907379.0,4060484405.0,18663.27815638097,0.0,70110525526.80946,0.0,1.0,0.0,0.0,123400057.0,0.165514971862054,0.0246410567158187,0.1901560285778727,2.1959739927017257,568.1563463687012
MEX,Mexico,2018,99.5,24.3402654010532,3.296959452726,0.0386075340211391,0.433,6.071,33.6152178137641,0.993,20560.625,22.831,18.408068212,2.75670194625855,32.0438654533728,4.899350153565511,0.0,8.04,74.301,20.1893657004533,0.4238227742416111,96.4612,0.1203018739135259,2.20735150189898,0.1144346076922611,0.0251962412969209,2.7766723913510383,0.655,-0.674,1.53616958623326,0.807,2.69522693587484,0.484,59.2695792093443,0.675878763198853,0.164254784584045,0.199666067957878,2.8911069990433003,80.2126616568975,97201282.0,3965417967.6,18571.669770330325,0.0,83337671615.11751,0.0,1.0,0.0,0.0,124573711.0,0.114434607692261,0.025196241296921,0.13963084898918202,2.776672391351039,668.9828130360306
MEX,Mexico,2019,99.6,24.3483806254871,3.315024401848449,0.0387732982635498,0.457,6.083,35.5851864870933,1.04,20312.294,22.978,17.489322865000002,2.7770528793335,31.8382961395485,3.6359614212704585,0.0,8.42916666666667,74.53,19.8877542658522,0.274036355521412,97.0359,0.1174222438693919,1.5822958453039409,0.102118280293066,0.0153902956410095,1.9891447403357532,0.611,-0.844,2.13871423473726,0.825,3.93998795588135,0.516,59.1556030063002,0.679002821445465,0.1661197245121,0.186055421829224,2.091263020628819,77.4619722571128,98542822.0,3942705387.6,18588.3590987449,0.0,70172919086.09549,0.0,1.0,0.0,0.0,125762982.0,0.102118280293066,0.0153902956410095,0.11750857593407549,1.9891447403357532,557.9775381446942
MMR,Myanmar,1995,45.476527966075814,3.32393593379496,51.97765787175414,0.0810461565852165,0.673,10.604,7.581561327470652,-1.565,953.0190000000002,19.27,6.5341013960000005,1.43776202201843,14.004553532342792,25.1947123972847,0.0,20.3076923076923,58.671,10.044442847102934,0.182096421515765,0.0064505320000023,1.46070698160384,0.7800357405008249,16.6424370894999,0.0022670079957959,2.4251061516163013,0.887,-1.259,-3.1150008848094783,0.181,0.5910064333923781,0.0449999999999999,37.72576186447641,0.660418033599854,0.143678858876228,0.0736773014068603,19.0675432411162,66.5735489254153,11353225.0,0.0,40.549039539952254,0.0,344828732.483979,0.0,1.0,0.0,0.0,42605338.0,16.6424370894999,0.00226700799579599,16.644704097495698,2.4251061516163013,8.093557020577538
MMR,Myanmar,1996,45.46963504101178,3.366602699168009,52.027129264776235,0.0819343104958534,0.673,10.376,9.56425667314831,-1.599,953.0190000000002,19.27,7.081950277000001,1.4530200958252,13.977143996216832,16.2753966377374,0.0,20.3076923076923,59.169,9.77341517578262,0.0748796567906364,0.0167191079999966,1.4103675273612,0.7149272596970331,14.7875484245234,0.0008871081035849,2.2010615519523995,0.887,-1.259,-3.1270073012566746,0.181,-2.21867392773399,0.0449999999999999,37.73114552883362,0.678554892539978,0.134918287396431,0.0801683291792869,16.9886099764758,66.85120999490117,11575759.0,0.0,37.40020676143763,0.0,416273484.3241629,0.0,1.0,0.0,0.0,43154860.0,14.7875484245234,0.000887108103585085,14.788435532626986,2.2010615519523995,9.646039503410806
MMR,Myanmar,1997,46.80605303838296,3.213909556676416,49.739966318745786,0.0826688408851624,0.673,10.235,10.318898731497498,-1.566,953.0190000000002,19.27,7.480331421999999,1.46844029426575,15.77573856421436,29.6972325791529,0.0,20.3076923076923,59.523,9.815357598606878,0.058469240751982,0.0193122690000038,1.4074117440653,0.6887940261304379,12.9279352982176,0.000460922229452,2.155135933177201,0.887,-1.3724999999999998,-3.295632541412031,0.181,-10.0800555519514,0.0449999999999999,37.92918884014703,0.693413972854614,0.131245464086533,0.0876404345035553,15.0830712313948,67.07060102566793,11801923.0,0.0,38.31155227249113,0.0,390447565.8412316,0.0,1.0,0.0,0.0,43708798.0,12.9279352982176,0.000460922229452141,12.928396220447052,2.155135933177201,8.932928465368267
MMR,Myanmar,1998,46.782354398767694,0.4275588301536182,49.79741504756551,0.0838839039206505,0.673,10.09,9.69920038564372,-1.628,953.0190000000002,19.27,7.944505708000001,1.48402392864227,15.738978643869764,51.4875497504079,0.0,20.3076923076923,59.896,9.853781813868611,0.0752857094148597,0.0191301210000034,1.44765762205338,0.4836029275207405,12.6444137073671,0.0011409451511832,2.0076872041402005,0.887,-1.486,-3.300850380525934,0.181,-11.4246420474345,0.0449999999999999,40.71702988644755,0.582367479801178,0.139167070388794,0.0824714154005051,14.6521009115073,67.32797235134298,12028952.0,0.0,38.76844388186245,0.0,342005770.63467133,0.0,1.0,0.0,0.0,44257793.0,12.6444137073671,0.00114094515118334,12.645554652518284,2.0076872041402005,7.727583041356611
MMR,Myanmar,1999,45.86475009979942,21.81892270271032,51.32000030653417,0.0856374800205231,0.673,10.043,8.09772088096716,-1.467,1018.7600000000002,17.389,7.864041842999999,1.49977314472198,14.613546423007232,18.4010433741609,0.0,19.8461538461538,60.107,16.40364206714578,0.1935602974395849,0.025285494000002,1.27486861904363,0.622091052701597,7.20100031154505,0.0022066242659567,2.09272659345077,0.887,-1.58,-3.0538759308760195,0.181,-2.2784776861827902,0.0449999999999999,36.57927298845778,0.625696837902069,0.156226977705956,0.0966907814145087,9.29372690499582,75.91071609057025,12252698.0,59668497.79999995,59.46375884679256,0.0,407728903.09919214,0.0,1.0,0.0,0.0,44787724.0,7.20100031154505,0.00220662426595684,7.203206935811006,2.09272659345077,9.1035861321998
MMR,Myanmar,2000,41.9,26.26413210564616,57.2386452556231,0.0873563960194588,0.673,9.983,9.51740928593184,-1.425,1130.1060000000016,14.621,7.307230286999999,1.51568937301636,9.692261135861283,-0.1091655146685646,0.0,18.7692307692308,60.357,18.194814423789023,0.2100156682476031,0.0295799000000016,3.2424384672353,1.3284777052521193,6.05338203460723,0.0113430463493618,4.792274887084369,0.887,-1.674,-4.53016779236179,0.181,15.9156494626897,0.0479999999999999,36.90539595594919,0.680536448955536,0.174166917800903,0.1119395792484279,10.8456569216916,45.08601283968456,12470655.0,56642709.29999995,64.97440663675357,0.0,870691614.5667708,0.0,1.0,0.0,0.0,45290841.0,6.05338203460723,0.0113430463493619,6.064725080956592,4.792274887084369,19.224452347148308
MMR,Myanmar,2001,43.0,21.885749364629177,57.0691916368966,0.0898438915610313,0.673,9.918,11.002171582463,-1.541,1256.0789999999995,12.086,6.968569090000001,1.53401160240173,10.5804943321805,21.101305376923,0.0,18.4615384615385,60.64,18.167885232577724,0.1579968640023699,0.0495312000000041,6.67584865927321,0.9786584004782988,7.94213207842884,0.0758051855856943,7.88830910933956,0.887,-1.5419999999999998,-4.86400190228925,0.181,-5.11270269614897,0.0479999999999999,36.90400385100382,0.740452766418457,0.131713032722473,0.10461400449276,15.8304411877684,56.74347115880852,12683506.0,54635079.99999988,68.00587741220514,0.0,1336421935.4048758,0.0,1.0,0.0,0.0,45771139.0,7.94213207842884,0.0758051855856943,8.017937264014535,7.88830910933956,29.197917390801127
MMR,Myanmar,2002,47.0,21.80504622269107,54.5283327348715,0.0894675478339195,0.673,9.852,10.344847140877,-1.57,1367.039000000001,10.729,7.042280993,1.55255532264709,13.0068954922166,57.074511262170304,0.0,18.4615384615385,60.925,16.09999714395206,0.167467304935829,0.1037840000000045,7.0882670077694,1.34949335508262,8.78142161661203,0.0152696880925367,8.620497355880369,0.887,-1.41,-2.75431975516256,0.181,-16.2868801749837,0.0479999999999999,36.6116311237159,0.833215475082398,0.0950323715806007,0.110449992120266,17.4019189724924,53.86154885540109,12891961.0,59103772.50000012,74.8435851375869,0.0,1334519473.314772,0.0,1.0,0.0,0.0,46232653.0,8.78142161661203,0.0152696880925367,8.796691304704567,8.620497355880369,28.86530161517601
MMR,Myanmar,2003,45.1,21.82556737278675,50.620560861897,0.0863882005214691,0.673,9.777,4.095681213224001,-1.451,1534.6910000000007,9.585,7.727804544,1.5713232755661,14.2582573952557,36.5897175323924,0.0,18.4615384615385,61.196,18.196039133146925,0.1715090305857809,0.1425350000000094,8.04869867586634,1.3677409741701505,10.5765204979232,0.0194742616801777,9.6074229423025,0.887,-1.154,-3.15105335961678,0.181,-1.68884596726902,0.0479999999999999,36.91328202813707,0.816467881202698,0.0728718265891075,0.116020739078522,20.1839434402257,66.82509645589784,13093322.0,64601059.79999983,82.6456114799926,0.0,2376319367.031314,0.0,1.0,0.0,0.0,46667192.0,10.5765204979232,0.0194742616801778,10.595994759603379,9.6074229423025,50.92055607355407
MMR,Myanmar,2004,46.2,21.60972821734453,48.1650901865787,0.0834236219525337,0.673,9.708,4.74016289477332,-1.416,1757.539000000001,9.428,8.578592745,1.59031808376312,16.3663619555986,4.53421374129692,0.0,18.4615384615385,61.443,18.26414276681689,0.380102975010015,0.1964189999999916,8.14214332520292,1.7450533325152406,8.47187607790571,0.125285309017504,10.39258494174569,0.887,-0.985,-3.5240467856731,0.181,14.3438692782131,0.0479999999999999,36.92506175438982,0.84423041343689,0.0799323320388794,0.13545398414135,18.8644610196514,63.582621403188966,13285447.0,67515556.70000005,93.22872123187072,0.0,2837465958.2937512,0.0,1.0,0.0,0.0,47068772.0,8.47187607790571,0.125285309017504,8.597161386923215,10.39258494174569,60.28340740000082
MMR,Myanmar,2005,47.3,26.048660668858485,46.687240402588,0.0804338082671166,0.673,9.637,4.657059701001533,-1.468,1983.664000000001,10.587,9.59880235,1.60954236984253,17.512204636055,9.36861814196704,0.0,18.4615384615385,61.72,18.24983244233124,0.547781794950616,0.2712990000000062,9.266764673723529,2.91494528517854,5.96017552816053,0.0923815780690894,12.821873331921768,0.887,-0.899,-2.3668097254730593,0.181,-0.5890992343959001,0.0479999999999999,36.91488349942191,0.842639625072479,0.096707858145237,0.152387857437134,18.7820488600823,51.60850898052302,13468128.0,62136083.99999988,106.33423827429291,0.0,4066836417.580769,0.0,1.0,0.0,0.0,47438365.0,5.96017552816053,0.0923815780690894,6.052557106229619,12.821873331921768,85.72884874048187
MMR,Myanmar,2006,48.4,21.68445132696577,43.918958474559,0.0775117501616478,0.673,9.567,3.877139918310576,-1.541,2234.063,11.556,11.26778166,1.63307785987854,19.2372930203744,19.9964873359214,0.0,19.7948717948718,62.026,18.263099809828287,0.789794091849695,0.448286000000003,7.11993514076936,3.198856843539949,6.53713681815485,0.1120140255772549,11.220600101736252,0.887,-0.85,-2.38073396054764,0.181,-1.2412372798146205,0.0479999999999999,36.92389152839599,0.826422393321991,0.109680771827698,0.163310036063194,17.7577369198911,71.8149245736191,13643496.0,65402285.600000024,86.89811442414702,0.0,4166074557.254093,0.0,1.0,0.0,0.0,47785135.0,6.53713681815485,0.112014025577255,6.649150843732105,11.220600101736252,87.18348409508717
MMR,Myanmar,2007,49.5,21.59975239576113,43.3227660063537,0.0759842842817307,0.673,9.49,3.42373646489974,-1.373,2497.732,11.576,12.33216918,1.65695738792419,20.4091296662276,35.0245970717698,0.0,20.9230769230769,62.367,18.31406471664722,0.558920259472605,0.5145780000000002,5.5796017245025,2.31016483558413,7.21577937460555,0.150157592059017,8.59884441161825,0.887,-1.066,-2.49445910478856,0.181,-2.20053800996142,0.0479999999999999,36.93042311898171,0.834433138370514,0.0948237255215645,0.181217908859253,15.8146237862238,70.7512174748881,13815694.0,68699788.49999988,84.71198790474021,0.0,4327427105.038697,0.0,1.0,0.0,0.0,48125043.0,7.21577937460555,0.150157592059017,7.365936966664567,8.59884441161825,89.92048287704797
MMR,Myanmar,2008,50.599999999999994,25.01988184280208,40.2750956375485,0.0750660672783852,0.673,12.279,3.121102901596295,-1.557,2669.3410000000003,11.073,14.108840878,1.68118607997894,22.6658154224732,26.7995371934022,0.0,20.9230769230769,56.364,18.4012417952084,0.1737285703133479,0.7592110000000005,3.82889756804556,2.15334545377525,7.58644131932998,0.221707141220914,6.377678733355121,0.887,-1.092,-1.59265807330246,0.181,6.42889038450246,0.0479999999999999,37.0590889399783,0.762366116046906,0.0770595967769623,0.178087458014488,13.9641200526851,65.08875837226707,13964932.0,66961698.0,66.95658302310298,0.0,5649637868.506842,0.0,1.0,0.0,0.0,48390793.0,7.58644131932998,0.221707141220914,7.808148460550894,6.37767873335512,116.7502642187914
MMR,Myanmar,2009,51.8,12.747354662653498,38.1081206105058,0.0734102725982666,0.673,9.3,3.4721769114852954,-1.609,2767.9930000000004,10.336,16.922742315,1.70576906204224,24.5320050982062,1.472343113856471,0.0,20.9230769230769,63.095,18.537209825657214,0.0588315684326681,1.0316500000000062,2.68196178358611,0.7161079307197955,5.46378050335465,0.0500972315373048,3.5069985142758693,0.887,-1.294,-2.21677862121299,0.181,15.2981426068898,0.0519999999999999,37.3598731111395,0.778845012187958,0.0865718349814415,0.213901072740555,8.97077901763052,54.00721698389384,14113185.0,385273926.7000001,69.98694295368527,0.0,2833280816.5307693,0.0,1.0,0.0,0.0,48660459.0,5.46378050335465,0.0500972315373049,5.513877734891955,3.5069985142758693,58.225525914804244
MMR,Myanmar,2010,48.8,21.9902876960355,36.853075751266,0.0715733617544174,0.677,9.212,4.766953785122929,-1.392,2893.039999999999,9.848,20.858052617,1.72537803649902,26.4680642743774,7.71838195873614,0.0,20.9230769230769,63.479,19.8620828512879,0.2583389899703321,1.2116400000000098,2.39365031149079,0.9763362614873684,4.2733461311721,0.0863703805009912,3.714695943449481,0.862,-1.286,-3.98957007076608,0.265,12.9665999215391,0.096,36.6788599743565,0.636058390140533,0.0769029855728149,0.222075909376144,7.98804207462158,43.672120105193656,14286456.0,378476232.7999999,78.09484677073888,0.0,4065102906.367042,0.0,1.0,0.0,0.0,49024382.0,4.2733461311721,0.0863703805009912,4.359716511673091,3.71469594344948,82.9200234766252
MMR,Myanmar,2011,54.1,33.5739587914567,32.4961825024034,0.0725038573145866,0.717,9.125,6.746762064036009,-1.392,3028.9969999999994,10.233,23.359990471,1.73815476894379,31.2916488307023,5.0214601462073,0.0,20.1025641025641,63.859,19.721311969926,0.4705045176992311,2.51644000000001,1.83559798767907,1.0064388360072396,3.96289837643904,0.0860236336627245,3.3985649750482594,0.751,-1.111,-3.41106413628541,0.311,8.93204412182702,0.23,36.2121686668943,0.585649251937866,0.077530637383461,0.253971636295319,7.3614633514873,35.52403051270333,14466405.0,377306419.9,82.44888666450524,0.0,5856848687.540726,0.0,1.0,0.0,0.0,49419820.0,3.96289837643904,0.0860236336627246,4.048922010101765,3.3985649750482603,118.51214123282371
MMR,Myanmar,2012,55.3,35.4273480804429,30.5901997024538,0.0745498463511467,0.611,9.043,9.31026614508286,-1.257,3200.387999999999,16.37,24.305306197,1.75102591514587,32.3730207966326,1.4675832267467896,0.0,16.0,64.251,20.0923540449082,0.231051010262153,7.483559999999997,1.6427752400454,0.7715271090797788,3.25442888519771,0.0564573315956754,2.7018106909830006,0.72,-0.944,-1.29453478145545,0.315,12.4792891965108,0.246,37.0367795009136,0.574870467185974,0.112194091081619,0.251082330942154,5.95623957618071,37.09952311165072,14650031.0,377711895.1,93.13032148362024,0.0,5769418467.872516,0.0,1.0,0.0,0.0,49837446.0,3.25442888519771,0.0564573315956754,3.3108862167933855,2.701810690983,115.7647297550624
MMR,Myanmar,2013,56.5,34.7102371910931,29.533725360499304,0.0752889662981033,0.562,8.982,12.8385297285065,-1.293,3424.733,21.214,24.948136691966976,1.76399254798889,32.3622196006021,5.643038834255009,0.0,16.0,64.617,19.9159137514953,0.517429829412603,13.593400000000004,1.59345178892816,0.6610948415136875,3.05382023461951,0.0270369697390516,2.7990134295935007,0.605,-1.14,-0.2267768161119079,0.354,11.1344548361722,0.358,38.1040550388986,0.541845977306366,0.158514618873596,0.260840773582459,5.85283366421301,54.00183120578889,14832709.0,378468655.6,105.12728016738112,0.0,6457544768.05814,0.0,1.0,0.0,0.0,50262658.0,3.05382023461951,0.0270369697390516,3.0808572043585616,2.7990134295935003,128.4759904272898
MMR,Myanmar,2014,52.0,32.3963252573034,27.829802575961203,0.0752721577882767,0.556,8.92,15.575243666397904,-1.619,3673.822,22.462,26.09759177192894,1.77705514431,34.4897147952325,4.953299184843999,0.0,16.0,64.994,19.9307583033707,0.798589733591853,57.2778,2.48423798053391,0.5289362813769536,4.04551684358372,0.0251479211009174,3.83691191660364,0.605,-1.088,0.175212665759989,0.367,11.6348268756635,0.366,37.6804826288063,0.534178376197815,0.195511773228645,0.266891092061996,7.882428760187359,82.46321153238391,15010093.0,356056874.3000001,103.60104241757452,0.0,6862209294.835457,0.0,1.0,0.0,0.0,50681634.0,4.04551684358372,0.0251479211009174,4.070664764684638,3.836911916603639,135.39834360580122
MMR,Myanmar,2015,60.5,32.1124908645523,26.771778645598,0.074900783598423,0.453,8.904,18.130551386113297,-1.468,3914.339,21.425,26.5810463263336,1.79021441936493,34.4688212621502,9.45417189526018,0.0,16.0,65.288,20.8081418827878,0.359737628124076,80.2397,3.15576965417731,0.1466041023391273,2.93589041143927,0.0151772971723697,3.677288681812879,0.569,-1.167,-3.2219441963690993,0.381,11.3920487516415,0.415,38.7594000921142,0.531890630722046,0.205751091241837,0.287716150283814,6.61317909325215,95.60748165837016,15181972.0,340555761.0999999,187.64266312792105,0.0,5305625618.354309,0.0,1.0,0.0,0.0,51089056.0,2.93589041143927,0.0151772971723697,2.9510677086116397,3.67728868181288,103.8505314788809
MMR,Myanmar,2016,55.6,26.133204998825,25.628622873759504,0.0741909146308899,0.43,8.861,22.0063669806599,-1.283,4130.235999999999,19.565,25.85118401221783,1.80347120761871,34.8095048832944,6.92882525816076,0.0,16.0,65.64,22.7953506749618,0.652374910582734,98.2343,2.61215166075448,0.1035308407501727,3.4342186324201096,0.0085961203633102,3.3766535324506908,0.433,-0.808,-1.25560184360059,0.394,11.9521699151559,0.528,39.5618722429461,0.496433049440384,0.264228194952011,0.275430411100388,6.810872164870801,102.29134222317752,15352369.0,330381628.9000001,273.21956632352135,0.0,4883358816.082664,0.0,1.0,0.0,0.0,51495696.0,3.43421863242011,0.00859612036331026,3.4428147527834203,3.376653532450691,94.83042652890182
MMR,Myanmar,2017,69.8,26.3453291230541,23.4041280962744,0.0732524245977402,0.39,8.855,24.50054608091,-1.122,4332.722,17.909,25.305050597,1.8168261051178,36.8009211203558,4.572536553175203,0.0,16.0,65.909,24.0940353438783,1.10184604979825,92.3918,2.58866845782587,0.1523476829778758,3.96181166359992,0.015429862762798,3.8582920533647904,0.432,-1.084,-1.98718938979921,0.409,9.56481061128967,0.543,39.7949507833698,0.503864228725433,0.248801678419113,0.2826908826828,7.820103716964709,123.3667057551724,15519271.0,349993805.0,226.02409233075744,0.0,5579193304.341425,0.0,1.0,0.0,0.0,51894938.0,3.96181166359992,0.0154298627627981,3.977241526362718,3.8582920533647895,107.50939338903198
MMR,Myanmar,2018,66.1,26.8646643221209,22.0756064041111,0.071688175201416,0.385,8.827,26.2093085820638,-0.997,4575.101000000001,17.629,24.365279656,1.83027982711792,36.9634615021809,6.8723286566293496,0.0,16.0,66.232,24.9118739981676,1.21505683329675,116.972,3.24961569445266,0.1568143468377503,2.0518344792042,0.0294588679035099,4.65094574249067,0.348,-1.267,-1.27208851270763,0.421,10.118468387409,0.575,40.960932093708,0.454642444849014,0.331094056367874,0.231702327728271,6.702780221694869,115.33791802120116,15678315.0,341799545.20000005,320.22843888908136,0.0,7217032959.296709,0.0,1.0,0.0,0.0,52272247.0,2.0518344792042,0.02945886790351,2.0812933471077097,4.65094574249067,138.06624688042794
MMR,Myanmar,2019,68.3,30.8093616064269,20.8421577754282,0.0695008337497711,0.385,8.847,26.6379014764853,-1.344,4848.558999999999,16.349,24.269173167000005,1.8438333272934,38.4126110918443,8.82506696804558,0.0,16.0,66.457,25.320072124835505,0.682240313219997,155.669,3.23186360116772,0.1013847000710583,1.83230053753397,0.0340926780571957,4.04958129251597,0.384,-1.33,-3.1871370228983897,0.454,10.032984943461,0.574,40.7452311327275,0.42537847161293,0.356557786464691,0.231481343507767,5.88188183004994,104.60794262533908,15833402.0,339841832.4,366.1504590464061,0.0,5674662540.8546505,0.0,1.0,0.0,0.0,52640713.0,1.83230053753397,0.0340926780571958,1.8663932155911658,4.0495812925159695,107.79987993047607
MNG,Mongolia,1995,74.16388112447945,39.523065621678,32.5428245706631,0.0322764255106449,0.343,8.488,7.957424668831258,-0.723,4308.207,21.629,18.663382299,2.5105082988739,32.8445985623923,0.0435161009571913,1.0,48.0625,60.892512195122,17.2814541140671,10.1730139346072,0.0,0.0,0.0,1.22643676509801,1.32299876645301,11.49601270106019,0.291,0.7469999999999999,-4.69164627195846,0.936,50.9791099000427,0.746,29.3133570088122,0.789607167243958,0.168583288788795,0.111695699393749,12.7224494661582,82.1036587592106,1263587.0,46995381.70000005,126.928504,0.0,628107048.3333323,0.0,0.0,1.0,0.0,2224945.0,1.22643676509801,1.32299876645301,2.54943553155102,11.49601270106019,282.3022808803509
MNG,Mongolia,1996,72.00300595577932,33.3889104274116,38.4770045574782,0.031905185431242,0.346,8.347,8.84510855083812,-0.277,4340.604000000001,21.739,29.20585981,2.53017687797546,23.6539827816913,46.8899521531102,1.0,48.0625,60.994,7.67671831041256,4.45960546415221,0.0381835979999962,0.0,0.0,1.34073240191554,0.9587565418907852,5.418362006043001,0.366,0.7469999999999999,-6.354500664898441,0.936,50.9791099000427,0.757,31.7541064055949,0.717373192310333,0.194534376263618,0.167446404695511,6.759094407958539,77.9740756901741,1282092.0,43577378.70000017,126.138576,0.0,575688836.1666667,0.0,0.0,1.0,0.0,2259507.0,1.34073240191554,0.958756541890785,2.299488943806325,5.418362006042999,254.7851527641502
MNG,Mongolia,1997,66.858545503251,37.5453625591546,32.2368838484952,0.031790018081665,0.349,8.058,5.162680546142639,-0.356,4448.244000000001,22.74,32.609433672,2.54999971389771,28.5247780897138,36.5561148948773,1.0,48.0625,61.414512195122,8.45724490084642,6.12310888507932,0.0839711290000053,0.0,0.0,1.32251879259055,0.588863551790094,6.71197243686942,0.366,0.55,-5.824147475657629,0.936,50.9791099000427,0.757,32.0685963160347,0.590206980705261,0.201223134994507,0.199345037341118,8.03449122945997,99.9914490021753,1299411.0,47554314.79999995,134.953451,0.0,573350996.6666667,0.0,0.0,1.0,0.0,2291750.0,1.32251879259055,0.588863551790094,1.911382344380644,6.71197243686942,250.1804283480601
MNG,Mongolia,1998,67.75791752395536,30.8559332922542,32.4333687636968,0.0319511145353317,0.349,7.695,9.122807107354298,-0.57,4532.676999999998,23.851,30.950711656,2.56670713424683,22.6048360041451,9.35704217716548,1.0,48.0625,62.0830731707317,7.0790830129723,1.57978542547366,0.3755278260000025,0.0,0.0180539444473168,1.20771615209807,1.15958116737135,2.7574205372923295,0.366,0.353,-11.1634405212861,0.936,50.9791099000427,0.757,37.3783321255612,0.598168253898621,0.295015156269074,0.208340242505074,3.9651366893904,107.351210779428,1316844.0,48322182.70000005,132.9928602659146,0.0,467990729.2318989,0.0,0.0,0.0,0.0,2323809.0,1.20771615209807,1.15958116737135,2.36729731946942,2.7574205372923304,201.38949854824511
MNG,Mongolia,1999,75.45440849733629,33.4345979627298,31.697833066960904,0.032366756349802,0.349,7.363,7.439511279843501,-0.509,4606.183999999999,23.294,26.998736686,2.58022856712341,22.3042457388502,7.56494150307377,1.0,44.0083333333333,62.7895365853659,7.02670514349229,1.63660320087347,1.4231900670000073,0.0,0.069922322154067,0.985003025471401,0.602340309576675,2.3088658326042086,0.366,0.5874999999999999,-8.30710892557722,0.936,29.875587522224095,0.757,37.1754051625983,0.606559813022614,0.300658643245697,0.196745201945305,3.2938688580756104,112.241338547745,1335126.0,118350283.20000003,133.394488443191,0.0,437538562.5848784,0.0,0.0,0.0,0.0,2356813.0,0.985003025471401,0.602340309576675,1.587343335048076,2.3088658326042095,185.6484000151384
MNG,Mongolia,2000,67.3,17.5036521791766,27.4225306231533,0.033298559486866,0.368,7.08,6.93284291362497,-0.645,4601.5650000000005,28.707,28.880583183,2.59382128715515,22.1961421557269,11.5955387593327,1.0,36.9526929489206,63.2104878048781,6.7023379674252395,3.0351038179094596,6.296889999999998,0.0,0.1194076549405966,0.5497645696766229,1.51807420998017,4.672585682830228,0.575,0.8219999999999998,-4.33500764627628,0.936,22.2795270696795,0.618,39.1979237053442,0.567921876907349,0.349801033735275,0.225128650665283,5.22235025250685,121.886609754208,1354895.0,113798881.10000002,131.08179039887187,0.0,484180498.2571231,0.0,0.0,1.0,0.0,2388299.0,0.549764569676623,1.51807420998017,2.067838779656793,4.672585682830227,202.73026880517185
MNG,Mongolia,2001,71.7,17.9463205926724,22.9688875084999,0.0344060696661472,0.398,7.0,9.143142626839648,-0.833,4757.028,30.857,23.357526073,2.60908365249634,21.9418832214059,6.277360204840061,1.0,37.35,63.3917073170732,8.24986776096503,2.05198029970624,7.870199999999997,0.0,0.0851257034195285,0.5956842548407,3.00881490469291,5.14592090781869,0.575,0.9965,-3.140940963149,0.936,24.3565503058999,0.618,42.2560506979719,0.557922184467316,0.366278231143951,0.193819418549538,5.74160516265939,115.81832687888,1383331.0,108120364.0,138.93612544319095,0.0,518054594.93019,0.0,0.0,0.0,0.0,2417751.0,0.5956842548407,3.00881490469291,3.60449915953361,5.14592090781869,214.27127728628383
MNG,Mongolia,2002,72.8,16.335549661783,18.919125275033,0.0351133346557617,0.388,6.995,14.410405057705,-0.946,4940.028,30.765,21.489952548,2.62443590164185,22.4846271364412,0.9170746871842717,1.0,35.5166666666667,63.540243902439,6.393522003888071,2.19867574914092,8.639740000000003,0.0,0.1489431830837286,0.602088934629251,1.5492838485279,3.8969027807525496,0.623,1.171,-3.4728528432586394,0.936,27.401584080924,0.612,46.5943186592965,0.580849468708038,0.353570252656937,0.190749391913414,4.4989917153818,118.517253113943,1423644.0,108893594.39999998,137.51585284206286,0.0,493657896.03283167,0.0,0.0,0.0,0.0,2449027.0,0.602088934629251,1.5492838485279,2.151372783157151,3.896902780752549,201.57307209468564
MNG,Mongolia,2003,76.3,25.2198757157984,18.4395172051068,0.0357337966561317,0.388,7.026,22.3056286186371,-1.037,5240.9220000000005,30.282,24.674224772,2.63987851142883,25.2199551531292,5.12899499422419,1.0,31.9066666666667,63.5753658536585,6.645525036486031,2.46912927322485,12.649699999999996,0.0,0.1968268224451446,0.765254736281406,1.16729060084723,3.833246696517234,0.623,0.963,-2.4183517741945897,0.936,19.6578061535576,0.622,45.1543259811307,0.541668593883514,0.347584336996079,0.248750105500221,4.59850143279864,120.299393514881,1472219.0,122020558.79999997,136.50131610797746,0.0,541982004.938682,0.0,0.0,0.0,0.0,2480374.0,0.765254736281406,1.16729060084723,1.9325453371286359,3.833246696517234,218.50817858060194
MNG,Mongolia,2004,74.8,33.8456555399291,20.0297765271852,0.0367554053664207,0.407,7.069,25.5529272222261,-1.04,5674.288999999999,30.202,22.336273612,2.65541195869446,28.3334403733025,8.24115449417619,1.0,31.4733333333333,64.630243902439,5.530181270017511,9.39485279137489,16.8592,0.0,0.2711880197713814,0.682204527161078,4.6182672365583,14.284308047704622,0.637,0.7749999999999999,-0.6347478757236391,0.936,12.6674725571455,0.615,40.2348364808485,0.506724059581757,0.326615244150162,0.255007684230804,14.9665125748657,131.329318233554,1524688.0,119977925.80000009,139.7531528162772,0.0,1048654142.7888654,0.0,0.0,0.0,0.0,2508412.0,0.682204527161078,4.6182672365583,5.300471763719378,14.284308047704622,418.054985699664
MNG,Mongolia,2005,86.2,40.3864445147016,19.7979604915498,0.0381584353744984,0.416,7.018,27.550665048247,-0.962,5974.004999999999,27.548,21.669003982,2.67103672027588,32.496500599666,12.7165674066053,1.0,30.570833333333304,65.2807317073171,5.75904440824678,11.3598576109697,21.7365,0.0,0.3051567478198311,0.3804419259598799,4.7391317641898,16.40414612297942,0.661,0.879,3.1147137333982204,0.936,8.71984237557576,0.592,37.4557419626278,0.428962469100952,0.326874107122421,0.299215495586395,16.7845880489393,122.381459889773,1580493.0,104691296.20000003,148.48517124093473,0.0,1252353604.6608698,0.0,0.0,0.0,0.0,2536407.0,0.38044192595988,4.7391317641898,5.11957369014968,16.40414612297942,493.7510441584769
MNG,Mongolia,2006,77.0,46.5390100519041,17.6436708395409,0.0402429662644863,0.41,6.868,30.1190332267899,-1.132,6381.182000000001,33.778,28.590697828,2.69511675834656,38.6926063353314,5.09516661663157,1.0,26.9345496107012,65.9021951219512,5.4346960366418,23.1450183779807,29.9796,0.0,0.4989743790286027,0.331290140910164,4.45031620926175,28.094308966271036,0.66,0.647,8.033825359348848,0.936,4.05599556329609,0.596,33.6016996064578,0.412490844726563,0.280383706092835,0.296875566244125,28.4255991071812,112.929983096983,1638850.0,104110631.5,196.18828730459305,0.0,1981894541.5422552,0.0,0.0,1.0,0.0,2567168.0,0.331290140910164,4.45031620926175,4.781606350171914,28.094308966271036,772.0159107398717
MNG,Mongolia,2007,78.1,41.9990665863744,18.4279653888713,0.0430901609361172,0.41,6.655,41.5764911231768,-1.138,6841.466999999999,37.939,29.795754911,2.71941375732422,37.7347758580465,9.63096309630964,1.0,21.8283333333333,66.5934146341464,6.24414878617748,21.296321923898,45.8052,0.0,0.9183132089854258,0.397398007513807,4.86481895009341,27.07945408297689,0.66,0.6679999999999999,3.0133956226924,0.936,9.13723601081973,0.596,33.9138972323028,0.428074061870575,0.272020280361176,0.313288509845734,27.4768520904907,117.880426425377,1697943.0,102563106.5,216.8825981853344,0.0,2006166329.466905,0.0,0.0,1.0,0.0,2601850.0,0.397398007513807,4.86481895009341,5.262216957607217,27.07945408297689,771.0537999757499
MNG,Mongolia,2008,79.2,30.9160746139612,19.2151247825371,0.0455957278609276,0.423,6.555,39.9020112482358,-1.126,7250.478000000001,33.107,30.169273707,2.74392986297607,30.8510356631246,27.9556650246306,1.0,20.5833333333333,67.2460975609756,6.562044373213229,15.5331284367367,66.9284,0.0,1.3677443197846897,0.501438933520427,13.3347576972343,30.235630453755675,0.663,0.54,-4.21710705052959,0.936,-0.7125807395010026,0.587,39.6705514673849,0.488383054733276,0.254454404115677,0.360274970531464,30.7370693872761,121.198013401183,1756917.0,95056359.89999998,209.54253517969377,0.0,2273822720.646481,0.0,0.0,0.0,0.0,2643201.0,0.501438933520427,13.3347576972343,13.836196630754728,30.235630453755675,860.2534278121418
MNG,Mongolia,2009,80.3,28.4436551190758,17.8644380709085,0.0476282797753811,0.44,6.654,40.2997280197734,-0.844,6968.893,30.255,21.450767632,2.76866698265076,30.0565585316106,7.6195059351941,1.0,21.6669633454756,67.9690243902439,6.448551725597589,10.8709337580517,84.3808,0.0,1.3470874872509508,0.586156478610438,10.9115496083324,23.129570853635062,0.66,0.6099999999999999,-4.74935070906482,0.936,19.484338531706,0.6,43.1000868867331,0.506410896778107,0.243844583630562,0.272469103336334,23.7157273322455,107.813757166177,1812894.0,258357019.29999995,222.6229763900081,0.0,2352599500.5180674,0.0,1.0,0.0,0.0,2691115.0,0.586156478610438,10.9115496083324,11.497706086942838,23.129570853635062,874.2099466273523
MNG,Mongolia,2010,78.5,28.9667516339637,11.7325631980129,0.0494225472211838,0.412,6.7,34.191265820963,-1.163,7357.472,32.001,26.82497191,2.79362726211548,33.1942474892146,10.0462065881651,1.0,20.0687801614724,68.5056097560976,6.81401359516201,14.3767179735502,92.9208,0.0,1.5172806352624395,0.3699459480409151,19.6438178089225,35.53781641773509,0.658,0.597,0.859265213821614,0.936,-13.7301743093317,0.604,44.8404932199456,0.485923826694489,0.230126649141312,0.324231803417206,35.907762365776,103.350031656557,1857602.0,272731749.9,215.13109129572925,0.0,4165016000.8403406,0.0,1.0,0.0,0.0,2738622.0,0.369945948040915,19.6438178089225,20.013763756963414,35.53781641773509,1520.8436946903737
MNG,Mongolia,2011,72.1,33.1339888360895,10.3073568180221,0.051633283495903,0.412,6.9,43.4934673304814,-1.151,8474.033,33.918,37.801812322,2.81266522407532,31.3337485626924,8.41121495327101,1.0,16.6094364473738,69.109268292683,7.06994259514331,14.054686339404398,107.181,0.0,1.92131227140389,0.3407258708190779,25.8999299043664,41.87592851517472,0.652,0.607,-3.7305101902253694,0.936,1.2944583627866997,0.602,45.7860011361674,0.45787313580513,0.204811796545982,0.439740151166916,42.2166543859938,126.999228633482,1892456.0,268139647.9,216.4401205560032,0.0,6105913866.666691,0.0,1.0,0.0,0.0,2786317.0,0.340725870819078,25.8999299043664,26.240655775185477,41.87592851517472,2191.3923888296595
MNG,Mongolia,2012,83.7,30.0164404711896,11.2580245572127,0.0540296100080013,0.407,6.3,43.7217609870053,-1.373,9331.896,29.816,38.498645321,2.83183288574219,30.7715931133163,14.3303348325838,1.0,18.1138144349254,69.500243902439,7.48223219076914,9.88964892039198,120.739,0.0,2.1298823237664397,0.215988824855809,10.0374339886047,22.05696523276309,0.66,0.4709999999999999,-5.48926196742868,0.936,4.72533131942512,0.595,46.8583778990963,0.452316850423813,0.234013363718987,0.429111480712891,22.2729540576189,109.588564338415,1929644.0,233528966.29999995,224.6893950306205,0.0,5040382571.601379,0.0,1.0,0.0,0.0,2839705.0,0.215988824855809,10.0374339886047,10.25342281346051,22.05696523276309,1774.966967203065
MNG,Mongolia,2013,81.2,27.8531321023309,13.4140624660902,0.0552759170532227,0.381,5.9,59.8748579259903,-1.366,10196.617,31.224,31.446690431,2.85113143920898,30.5068923847448,10.4906567588241,1.0,18.4820227869524,70.0980487804878,8.72166390590704,9.84721759372725,100.901,0.0,2.7278590828163995,0.1898277756969151,5.905321132838189,18.480397809381884,0.636,0.4909999999999999,0.483367339285659,0.936,15.1340978367254,0.579,44.7170657988719,0.485078662633896,0.24862565100193,0.428442090749741,18.6702255850788,100.311989662943,1970680.0,140009161.39999998,288.84132302659145,0.0,5522366506.949615,0.0,1.0,0.0,0.0,2899011.0,0.189827775696915,5.90532113283819,6.095148908535105,18.480397809381884,1904.913954086278
MNG,Mongolia,2014,86.0,25.520283247343,13.3412210879498,0.0551278442144394,0.387,5.7,59.2943187125602,-1.4620000000000002,10759.506,28.418,22.982034389,2.87056159973145,31.4976232744188,12.2539808129759,1.0,19.0254306203402,70.5831707317073,8.77729309296388,7.175260107725361,103.92,0.0,3.6358489199923314,0.2787685608429919,4.99665662998931,15.807765657707009,0.638,0.792,-1.47430323766708,0.936,10.7740524626641,0.572,45.8242152655518,0.520771741867065,0.261799037456512,0.300398468971252,16.08653421855,109.322311877187,2014743.0,73415297.0,342.23865888718774,0.0,5228165065.84303,0.0,0.0,0.0,0.0,2963113.0,0.278768560842992,4.99665662998931,5.275425190832302,15.807765657707007,1764.416364088386
MNG,Mongolia,2015,88.0,17.8900289124141,14.079203180176,0.0537684112787247,0.388,5.8,54.4604207032134,-1.222,10796.04,26.134,16.005970572,2.89012384414673,31.5158775834209,5.735682819383271,1.0,19.5627170198657,70.810243902439,7.01550583710279,5.553529885582071,103.078,0.0,1.7165782379001904,0.2380537211381199,2.37083694914676,9.64094507262902,0.653,0.712,-1.8498582291981305,0.936,18.8380789952191,0.584,46.1686156086131,0.582417011260986,0.273322701454163,0.199957817792892,9.87899879376714,89.653663477814,2058268.0,67564065.79999995,411.6483939540693,0.0,4664972634.843573,0.0,0.0,0.0,0.0,3026864.0,0.23805372113812,2.37083694914676,2.60889067028488,9.64094507262902,1541.1900352455784
MNG,Mongolia,2016,90.8,18.5003596922118,12.6278436864479,0.0519326403737068,0.484,5.8,56.9431593815467,-0.959,10738.589,24.382,15.384756958,2.90981936454773,33.1780715301999,0.7332722273143979,1.0,19.7415351110051,70.2239024390244,6.66750559995597,3.98730978039654,110.746,0.0,1.446925687387839,0.2813073668292509,4.33446955900433,9.768705026788748,0.653,0.788,-11.1744235499547,0.936,16.2616757809116,0.583,45.8755640343065,0.581572532653809,0.294909685850143,0.182265907526016,10.050012393618,101.055237224997,2099733.0,65545583.60000014,448.9802683771152,0.0,5428217608.062103,0.0,1.0,0.0,0.0,3088856.0,0.281307366829251,4.33446955900433,4.615776925833582,9.768705026788748,1757.3553471130099
MNG,Mongolia,2017,93.6,20.1869654549472,11.1372332713568,0.0503804348409176,0.472,5.5,52.8177229331459,-1.148,11137.0,28.461,19.713409786,2.92964935302734,37.4184116118863,4.301431053023421,1.0,20.0069222277202,70.5434146341463,6.89823821479702,7.27119890150608,125.184,0.0,1.7498207808030397,0.339980111374321,7.72740017972011,16.74841986202928,0.679,0.7829999999999999,0.410672969935199,0.936,8.30906021963084,0.596,42.3762941537368,0.547081649303436,0.256401211023331,0.237530782818794,17.0883999734036,115.932901867963,2138935.0,188875802.70000005,620.6236379927478,0.0,8967056995.802849,0.0,1.0,0.0,0.0,3148917.0,0.339980111374321,7.72740017972011,8.06738029109443,16.74841986202928,2847.66381451237
MNG,Mongolia,2018,98.1,24.4293095348453,11.4280045193059,0.049762349575758,0.468,5.6,55.4068400252494,-1.162,11775.08,31.26,22.30287751,2.94961452484131,37.975670332755,6.8242479014552195,1.0,17.7142698930509,70.8270731707317,7.05321710338318,9.61105231259492,133.284,0.0,2.225740653487021,0.163388696996473,7.867433528915651,19.704226494997627,0.694,0.831,6.06726615406167,0.936,9.03445571352021,0.584,39.7977094219083,0.554656863212585,0.242472857236862,0.341339141130447,19.8676151919941,126.355873241513,2177345.0,286505844.79999995,583.2307934359387,0.0,10351827534.513935,0.0,1.0,0.0,0.0,3208189.0,0.163388696996473,7.86743352891565,8.030822225912123,19.704226494997627,3226.6888062124567
MNG,Mongolia,2019,98.9,22.7792551543375,11.5583828612266,0.0497802086174488,0.472,5.6,48.9010221466083,-1.332,12214.531,31.822,26.451989786,2.81514573097229,38.0926977643653,7.30106953550729,1.0,16.996623348027,71.0531707317073,7.06955554689873,6.587264700304001,136.719,0.0,1.4439172194730094,0.141122796895315,6.60165232977836,14.632834249555383,0.711,0.637,3.2780741613134303,0.936,6.38744086651105,0.579,39.7406192297241,0.554307639598846,0.251411765813828,0.310986399650574,14.7739570464507,124.396514621165,2216388.0,284864835.70000005,570.2146905721193,0.0,8658237268.3838,0.0,1.0,0.0,0.0,3267673.0,0.141122796895315,6.60165232977836,6.742775126673675,14.632834249555385,2649.664537542098
MRT,Mauritania,1995,21.672099717756787,17.076445376314,28.133979672833803,0.0323318280279636,0.84,10.291,15.90902450897465,-1.956,4717.612999999999,19.217,16.635033651,1.41804230213165,25.6196011901762,6.54379068524171,0.0,20.3333333333333,58.861,6.91669747490938,0.0799659762997386,0.0,0.0,0.0,1.70359397666649,2.01177712194494,2.091743098244681,0.854,0.3679999999999999,1.62795058502809,0.677,17.0080577952105,0.144,39.9445062226191,0.573731422424316,0.263930916786194,0.128504008054733,3.7953370749111706,73.416940256179,893631.0,99794020.39999986,0.001196,0.0,14830400.0,0.0,0.0,0.0,1.0,2312017.0,1.70359397666649,2.01177712194494,3.71537109861143,2.0917430982446805,6.41448570663624
MRT,Mauritania,1996,21.563255445463952,18.3397700795458,27.198029562577,0.0327094346284866,0.841,10.204,10.58689824182668,-1.382,4853.169000000002,24.104,11.376132372,1.43176794052124,25.80452703493,4.68130623916413,0.0,22.0,58.915,7.0886240878804,0.0318320461423633,0.0,0.0,0.0,1.70459793518927,2.30399243012289,2.3358244762652607,0.854,0.3679999999999999,1.946066517322386,0.677,19.775689396383,0.174,40.5942508377695,0.681262195110321,0.252657443284988,0.112951330840588,4.04042241145453,70.4558897549272,907361.0,107277570.0,0.000189,0.0,2362500.0,0.0,0.0,0.0,1.0,2358188.0,1.70459793518927,2.30399243012289,4.00859036531216,2.3358244762652607,1.0018285225775043
MRT,Mauritania,1997,21.69030540037396,10.737045334325,25.0466548108579,0.0324192903935909,0.843,9.824,7.904776192211003,-1.693,4526.891999999998,20.931,11.171394283,1.44562637805939,26.8540873138344,4.625346953183939,0.0,22.0,59.417,7.59546785306202,0.0,0.0,0.0,0.0,1.6704233852531,2.43573371972698,2.4357337197269793,0.854,0.3605,1.9979698684880431,0.677,8.85367289873861,0.174,41.6795502439938,0.683405339717865,0.26895734667778,0.113683067262173,4.106157104980081,62.7495635657126,924029.0,112567924.10000002,0.0001575,,1968750.0,,,,,2411306.0,1.6704233852531,2.43573371972698,4.10615710498008,2.435733719726981,0.8164662635103135
MRT,Mauritania,1998,21.695766064401177,17.5636428917251,25.9413402138283,0.0319705605506897,0.835,9.512,10.391540945175386,-1.217,4522.235999999999,12.377,13.914913071,1.45961892604828,33.5387615872984,8.03166665498858,0.0,25.5,59.89,10.363811114393,1.44783119855521,0.0,0.0,0.0,1.82280961539457,2.56559086811147,4.013422066666688,0.854,0.353,2.469816064748498,0.677,5.95043566244897,0.174,35.98263021651,0.668692111968994,0.251522839069366,0.121775791049004,5.8362316820612605,51.3910125506772,945117.0,110312112.89999998,0.000126,,1575000.0,,,,,2474651.0,1.82280961539457,2.56559086811147,4.38840048350604,4.01342206666669,0.6364533827194219
MRT,Mauritania,1999,21.221712574160513,19.00610069031193,26.2766556315337,0.0318372584879398,0.835,9.18,7.907758239250811,-1.258,4556.107,13.117,13.607989318,1.4737468957901,32.4093951666799,4.074176135967541,0.0,28.0,60.443,10.6376354111362,0.3654165634215089,0.0,0.0,0.0,1.10018704178052,1.93287240542391,2.2982889688454193,0.854,0.349,3.0496512928831594,0.677,22.1671078438945,0.174,36.6469802431395,0.691947758197784,0.266561031341553,0.128491789102554,3.3984760106259397,49.016938039756,968389.0,119894235.20000003,9.450000000000002e-05,,1181250.0,,,,,2541698.0,1.10018704178052,1.93287240542391,3.0330594472044297,2.2982889688454198,0.46474836900371325
MRT,Mauritania,2000,19.1,20.44855848889876,24.8287452979645,0.0324746668338776,0.835,8.861,13.240340353127394,-1.451,4253.359999999999,15.007,16.004967581000002,1.48801171779633,29.9518502588297,3.25406745833358,0.0,25.5833333333333,61.044,9.87460079879379,0.0,0.5854349999999968,0.0,0.0,1.24345946403152,2.03141338076991,2.0314133807699193,0.854,0.345,1.4428724640120292,0.677,18.0831778791942,0.183,40.367653425841,0.698009967803955,0.270681172609329,0.11763046681881,3.2748728448014397,58.9403747670668,994560.0,110856794.5,,,,,,,,2613441.0,1.24345946403152,2.03141338076991,3.27487284480143,2.0314133807699197,
MRT,Mauritania,2001,22.200000000000003,21.891016287485584,24.8689597080936,0.0338336676359177,0.838,8.578,16.144203296961628,-1.279,4098.9580000000005,15.848,16.637016631,1.50350916385651,29.0361452374828,4.714896346896101,0.0,22.5,61.662,10.1414070985278,2.91713865493167,4.123660000000001,0.0,0.0,1.25845204776429,2.58932160062699,5.506460255558659,0.854,0.3635,1.1724264760128358,0.677,15.7553753539872,0.183,41.2732318333519,0.705366849899292,0.27703070640564,0.1187137961387629,6.76491230332295,60.7012124604715,1020797.0,116815567.0,,,,,,,,2678760.0,1.25845204776429,2.58932160062699,3.84777364839128,5.506460255558659,
MRT,Mauritania,2002,21.699999999999996,18.331019309288923,24.2300169627578,0.0352103747427464,0.845,8.281,19.984855506289797,-1.54,4036.918,22.483,22.492590571999997,1.51916813850403,28.4202988789773,3.895705257584901,0.0,21.0,62.249,11.7437803005771,3.41553456781853,9.027720000000002,0.0,0.0,1.5273013191166,2.73071651595988,6.146251083778399,0.854,0.3819999999999999,1.4725704057875988,0.677,13.3863439088126,0.191,42.0579788251562,0.688526690006256,0.274883657693863,0.1070344075560569,7.673552402895,56.7855296001806,1051371.0,125907866.30000009,0.0,0.0,0.0,0.0,0.0,0.0,0.0,2738655.0,1.5273013191166,2.73071651595988,4.25801783507648,6.1462510837784,0.0
MRT,Mauritania,2003,23.0,19.49041218887833,24.1788498451535,0.0365561619400978,0.845,8.004,21.438038448323812,-1.033,4194.283000000001,22.184,26.029252614,1.53499007225037,26.7345509917915,5.151901507695779,0.0,21.0,62.805,10.7189754366692,0.0,12.524900000000002,0.0,0.0,2.35775217712206,2.10232364238981,2.102323642389809,0.854,0.06,1.6623883634309,0.677,15.8055650125191,0.184,43.3594627143196,0.673235476016998,0.275261998176575,0.215868756175041,4.46007581951187,55.3180243332438,1089623.0,118724545.10000002,0.0,0.0,0.0,0.0,0.0,0.0,0.0,2802046.0,2.35775217712206,2.10232364238981,4.46007581951187,2.1023236423898095,0.0
MRT,Mauritania,2004,24.29999999999999,24.828434880177664,22.9178992193284,0.0382395274937153,0.845,7.744,21.371596910860568,-1.582,4270.507,20.805,24.168070989,1.55097687244415,27.5321174229442,10.3676233473073,0.0,21.0,63.369,10.7572252544121,4.58471568993541,18.2106,0.0,0.0,1.91936936100957,2.35598406080186,6.94069975073727,0.854,-0.1659999999999999,1.6112425603375955,0.677,9.07038269384552,0.184,42.8464291437464,0.590607881546021,0.258330315351486,0.265401244163513,8.86006911174684,75.2188046787959,1135089.0,105424530.89999998,0.0,0.0,0.0,0.0,0.0,0.0,0.0,2868664.0,1.91936936100957,2.35598406080186,4.275353421811429,6.94069975073727,0.0
MRT,Mauritania,2005,18.200000000000003,32.237146082343365,20.0701967217813,0.0398837625980377,0.828,7.494,18.401481312577296,-1.952,4510.469000000001,18.161,24.194619052,1.56713020801544,33.1903258148872,12.1256487185541,0.0,23.0833333333333,63.92,9.64026850620405,13.7221336248001,25.3692,0.0,0.0,1.5752349600215,4.08895330007849,17.811086924878598,0.868,-0.224,-1.09338500918145,0.677,7.41637650601742,0.202,40.6837476533578,0.609016716480255,0.252554565668106,0.367775529623032,19.3863218849001,88.2350995596491,1187590.0,83220675.00000012,0.0,0.0,0.0,0.0,0.0,0.0,0.0,2939059.0,1.5752349600215,4.08895330007849,5.664188260099991,17.811086924878598,0.0
MRT,Mauritania,2006,27.0,31.796574804031636,16.6071438940053,0.040600523352623,0.716,7.242,14.617422611557998,-1.958,5507.5779999999995,21.045,22.762432915,1.58472216129303,43.8696653715372,6.2410332814282,0.0,24.0,64.493,8.48146691673681,9.43504416149917,35.1772,0.0,11.4339025984773,1.21825170069606,3.53662207542126,24.40556883539764,0.81,0.24,3.5192096917830904,0.677,8.685112421966,0.326,34.0804263088307,0.590874791145325,0.219598859548569,0.238482505083084,25.6238205360937,82.7885012130323,1246871.0,14622768.0,35.712224497985495,0.0,770711839.9080883,0.0,1.0,0.0,0.0,3013660.0,1.21825170069606,3.53662207542126,4.75487377611732,24.405568835397638,255.73947953919432
MRT,Mauritania,2007,33.0,37.67445761702585,18.4325192807889,0.0410877354443073,0.615,7.068,16.2991786844733,-2.023,5251.236999999999,18.277,26.84008378,1.6025116443634,37.0052476945385,7.25410841304887,0.0,23.5,64.885,7.31429758700937,22.1956263712932,45.7142,0.0,5.94490221432553,1.68693825246156,2.26137529725392,30.40190388287264,0.826,-0.279,-0.366885468073743,0.677,13.4113924372068,0.339,38.304859791134,0.619467675685883,0.199785962700844,0.239358142018318,32.0888421353342,86.0640556779132,1312713.0,28600944.799999952,43.65473328928283,0.0,653987989.8790367,0.0,1.0,0.0,0.0,3093059.0,1.68693825246156,2.26137529725392,3.94831354971548,30.401903882872638,211.43728259921218
MRT,Mauritania,2008,29.999999999999993,40.74291958724616,18.5594231007108,0.041686836630106,0.691,6.896,19.208394206267705,-2.127,5094.405000000001,16.494,23.280148915,1.62050080299377,36.4890884436152,7.346635412497861,0.0,20.3333333333333,65.233,5.52653936778465,24.8341508830955,65.7184,0.0,5.46163646578312,1.6592415477119,6.4404399840998,36.7362273329784,0.838,-0.644,-1.99389809433265,0.677,8.68617782492596,0.32,39.238285130247,0.664464056491852,0.195029750466347,0.257671177387238,38.3954688806903,94.1202110004251,1387221.0,30850067.799999952,45.01807272199839,0.0,812005813.2425902,0.0,1.0,0.0,0.0,3183269.0,1.6592415477119,6.4404399840998,8.0996815318117,36.7362273329784,255.08551531227496
MRT,Mauritania,2009,31.1,31.85990145791935,19.178182151624,0.0419036187231541,0.728,6.953,19.977723344228,-1.868,4967.395999999999,16.042,23.078137358,1.63869178295136,32.7544134822838,2.22092032381779,0.0,19.5,65.485,8.43513370910217,12.1291121702343,66.4419,0.0,2.658981850195209,1.95798771313435,4.09870414799325,18.88679816842275,0.841,-0.883,-2.2818872848659204,0.677,19.9304642613006,0.309,42.7452015890838,0.668497204780579,0.185384720563889,0.216788738965988,20.8447858815571,82.0086176018151,1470092.0,112835038.0,47.69849311684125,0.0,689554655.9047315,0.0,0.0,0.0,0.0,3284448.0,1.95798771313435,4.09870414799325,6.0566918611276,18.88679816842275,209.94537161335222
MRT,Mauritania,2010,34.2,38.05512857378318,16.7330487035243,0.0426635965704918,0.727,7.054,18.2754030717281,-2.1110000000000007,4969.397999999999,16.871,23.398197844,1.65708708763123,38.1929057828319,6.28354087427704,0.0,17.0,65.661,6.70568704975108,24.8231169137448,81.8661,0.0,2.430445119829111,1.44705432027677,4.56933510281066,31.822897136384533,0.841,-1.076,0.517617563790459,0.677,-4.3673617666867806,0.309,39.9492728035458,0.579305469989777,0.150801241397858,0.230401292443275,33.2699514566613,93.4207451334608,1558291.0,144848062.20000005,45.27708425946817,0.0,853623624.7198328,0.0,0.0,0.0,0.0,3390965.0,1.44705432027677,4.56933510281066,6.01638942308743,31.822897136384533,251.73471997494306
MRT,Mauritania,2011,35.3,37.786455540334,14.5158947387598,0.0439512021839619,0.727,7.205,16.5934473771108,-1.354,5046.752,17.111,23.210151082000003,1.67162072658539,44.107903772358,5.686319595759539,0.0,17.0,65.754,5.7428286811951,21.6240890250926,94.6316,0.0,2.8048950895573608,1.39659717176728,5.02486052168533,29.45384463633522,0.841,-1.174,0.851279785267522,0.677,-0.4659940393465787,0.309,36.1958838869826,0.580567121505737,0.124759778380394,0.302997946739197,30.8504418081025,98.485329604158,1651051.0,178299120.29999995,43.045040062852536,0.0,1045535257.9388336,0.0,0.0,0.0,0.0,3502811.0,1.39659717176728,5.02486052168533,6.42145769345261,29.45384463633522,298.48463360964485
MRT,Mauritania,2012,36.4,37.7580520719407,16.0859607599369,0.0452995486557484,0.727,7.381,16.7663811866788,-1.574,5143.963,23.21,25.014683215,1.68628180027008,37.4741781393169,4.90242727217997,0.0,17.0,65.808,6.52113211769316,15.0678055719528,111.231,0.0,2.3492105400308603,1.65507065930211,2.41583961574517,19.83285572772879,0.841,-1.134,2.29810530924754,0.677,16.469090603489,0.309,38.8685569000327,0.629256367683411,0.150197863578796,0.380735516548157,21.4879263870309,110.788122743421,1747025.0,211434608.70000017,44.26507649234489,0.0,985035546.1659656,0.0,0.0,0.0,0.0,3619034.0,1.65507065930211,2.41583961574517,4.0709102750472805,19.83285572772879,272.181898861952
MRT,Mauritania,2013,37.6,36.5056892144298,16.2826011052317,0.0467961952090263,0.792,7.564,18.345839833704,-2.024,5230.509,19.448,24.803234871999997,1.70107138156891,38.6097701314865,4.129101737833931,0.0,17.0,65.89,6.40698414824321,11.7555338282219,106.798,0.0,1.92187619455113,1.62559299471304,1.63001628883715,15.30742631161016,0.856,-1.015,0.0602227119652212,0.669,11.974614816861,0.201,37.9017288839036,0.571281969547272,0.149534925818443,0.346042215824127,16.9330193063232,102.398824183169,1843087.0,225981558.6,44.74825289121676,0.0,985914755.7079742,0.0,0.0,0.0,0.0,3734318.0,1.62559299471304,1.63001628883715,3.25560928355019,15.30742631161016,264.0146756939217
MRT,Mauritania,2014,38.8,23.7786941839311,18.8142560652114,0.0478642098605633,0.766,7.26,19.520299773756804,-0.864,5327.567000000001,21.257,24.428943305,1.70174014568329,28.4373706611028,3.53436856147324,0.0,17.0,66.207,7.41409391870427,8.172368029957997,97.5267,0.0,1.483262004444951,2.03062930758937,1.4942762150545,11.14990624945743,0.856,-0.59,-1.8474936917067597,0.669,32.7679508377827,0.201,44.3634547026997,0.632612407207489,0.18289503455162,0.297832369804382,13.1805355570468,91.610371363604,1942325.0,209611662.30000007,39.111993251410155,0.0,842119498.5561497,0.0,0.0,0.0,0.0,3848514.0,2.03062930758937,1.4942762150545,3.52490552264387,11.14990624945743,218.81679488658472
MRT,Mauritania,2015,39.5,22.1191192313629,20.6295456111909,0.0483208075165749,0.769,6.993,21.115578390201,-1.521,5485.897999999999,23.214,21.12803054,1.70240914821625,22.7465105988095,3.2547268811763104,0.0,17.0,66.498,7.43834550490809,2.30112030205658,91.8941,0.0,0.5138198376217051,2.35151885988211,1.02486804494166,3.839808184619951,0.856,-0.636,-1.5537521793536897,0.669,22.8912964047859,0.2,46.4932179805674,0.606590986251831,0.190352380275726,0.254629284143448,6.19132704450206,77.3467864944966,2049133.0,196098891.29999983,50.22535397421434,0.0,683177890.2755135,0.0,0.0,0.0,0.0,3965959.0,2.35151885988211,1.02486804494166,3.37638690482377,3.83980818461995,172.26045208120243
MRT,Mauritania,2016,41.2,28.4960601786479,21.7392133521855,0.0483913570642471,0.769,6.731,20.2989097590812,-1.656,5426.839,20.967,19.632625501,1.72034013271332,25.2197600424352,1.4717104565000412,0.0,17.0,66.823,6.111147577627849,4.30137214819587,88.4383,0.0,0.407544888538057,2.41653389337466,0.920132418687253,5.629049455421182,0.856,-0.749,0.904595960310141,0.669,5.20624359423457,0.2,43.8844616566403,0.607696235179901,0.204580083489418,0.219354197382927,8.04558334879584,73.1532616736712,2162600.0,180047696.89999998,37.67257321998389,0.0,527312738.4724482,0.0,0.0,0.0,1.0,4086657.0,2.41653389337466,0.920132418687253,3.336666312061913,5.629049455421181,129.0327860822301
MRT,Mauritania,2017,42.9,30.804057687538,22.7188300742502,0.0484598018229008,0.769,6.513,21.0665741212812,-1.679,5636.413999999999,20.829,15.489752812,1.73715829849243,23.7456292323677,2.254276519348128,0.0,17.0,67.088,6.41366370468545,5.09937446035893,96.7595,0.0,0.5413189381902637,2.19988404954931,1.25601532337934,6.89670872192853,0.868,-0.629,1.44535253503784,0.683,15.1756881068286,0.216,43.9182291052554,0.534942924976349,0.212374806404114,0.261088669300079,9.09659277147784,78.8149801833884,2282021.0,199723433.1,32.1361757743755,0.0,615471851.1777836,0.0,0.0,0.0,1.0,4210600.0,2.19988404954931,1.25601532337934,3.4558993729286502,6.89670872192853,146.17200664460734
MRT,Mauritania,2018,43.6,32.8746328322881,23.655966000294,0.0484883263707161,0.803,6.286,22.0411208947414,-1.325,5774.013000000003,22.216,20.005343207,1.75454545021057,23.6350387192204,3.067359960583559,0.0,17.0,67.419,6.33751578922103,0.3751586701650738,105.275,0.0,0.0,1.32088783975869,1.11226349111224,1.4874221612773102,0.883,-0.632,4.37364120791193,0.724,15.1756881068286,0.255,43.4303714104838,0.554602801799774,0.221060112118721,0.34259569644928,2.8083100010360003,89.1467294935148,2391388.0,220881344.5999999,28.147235,0.0,563140920.0,0.0,0.0,0.0,1.0,4337685.0,1.32088783975869,1.11226349111224,2.4331513308709303,1.4874221612773102,129.82522244008035
MRT,Mauritania,2019,44.9,37.0879207179579,19.957882454072,0.048352587968111,0.696,6.115,22.7235411550392,-1.621,5825.571,20.473,20.152517367,1.7725248336792,28.5984350915107,2.3000926211793704,0.0,17.0,67.64,7.09653030823484,0.604821746996996,105.441,0.0,0.0,1.22286017311381,0.7842322419594439,1.3890539889564408,0.786,-0.563,3.5592171012075706,0.739,15.1756881068286,0.289,42.835788176362,0.545202255249023,0.225237756967545,0.292762041091919,2.6119141620702493,93.4866941351317,2504580.0,244042441.70000005,29.633554,0.0,791033800.0,0.0,0.0,0.0,1.0,4467708.0,1.22286017311381,0.784232241959444,2.007092415073254,1.3890539889564393,177.05584160826984
MYS,Malaysia,1995,98.63773489031198,35.5516827702671,12.9494365608411,0.0539384596049786,0.669,4.493,124.414153627631,0.333,14196.836,25.7,41.679023586,2.4499044418335,41.4018779806988,3.4505750958489507,0.0,8.73,71.979,26.3780323904474,0.0470946119233417,4.991168446999993,1.32399421350459,3.1711611094130205,9.33343108359679,0.0004197463776146,4.542669681218609,0.556,0.571,5.29795854041054,0.668,4.91789276941431,0.407,47.8822149204623,0.47262054681778,0.146146729588509,0.460147112607956,13.8761007648154,192.113200253514,11369540.0,0.0,937.601153,0.0,6233129143.808245,0.0,1.0,0.0,0.0,20330599.0,9.33343108359679,0.000419746377614641,9.333850829974406,4.542669681218609,306.5885635641254
MYS,Malaysia,1996,98.63694674248264,38.8475096207069,11.6804344741696,0.0552812665700913,0.669,4.479,141.633739142087,0.39,15218.857,25.66,41.26688196900001,2.4793438911438,43.5282108681601,3.4885594585891617,0.0,9.943333333333332,72.119,27.8427632304952,0.0261945976399868,7.348427919999999,1.73836802829887,3.564103402355469,7.3836911011018,0.0001293627128203,5.3287953910071,0.556,0.571,5.15161074309191,0.668,6.04112247803347,0.407,47.9005407280122,0.469129830598831,0.131631225347519,0.443657696247101,12.7124864921089,181.766982485457,11932874.0,0.0,991.131336,0.0,9144758890.639809,0.0,1.0,0.0,0.0,20850087.0,7.3836911011018,0.000129362712820368,7.38382046381462,5.3287953910071,438.5957186001099
MYS,Malaysia,1997,98.63650164387252,39.116023892438,11.1013325289661,0.0559794344007969,0.669,4.453,158.385047580688,0.488,15923.801,25.995,42.276290382,2.50913667678833,44.5735375006654,2.6625145971194613,0.0,10.628333333333298,72.296,28.3802054685143,0.026991886629702,9.412128789,2.07195524134305,3.0902555525409507,5.89071381123621,5.928956873813007e-05,5.189261970082391,0.556,0.2665,6.40657559589241,0.668,6.90550976035378,0.407,48.2435813268511,0.448797583580017,0.1346495449543,0.461758315563202,11.0799757813186,185.66511116237,12504677.0,0.0,1053.3149620000002,0.0,8899929803.624863,0.0,1.0,0.0,0.0,21375218.0,5.89071381123621,5.92895687381115e-05,5.890773100804948,5.1892619700823905,416.3667385111517
MYS,Malaysia,1998,98.6346099485433,42.1277581293744,13.3122442566983,0.0559122934937477,0.669,4.461,158.505378770173,0.3459999999999999,14379.321,22.486,27.534329119,2.53928780555725,43.8757533284141,5.270342003487659,0.0,12.1341666666667,72.385,28.7827060156826,0.0268687402204441,10.086865330000002,2.07084121911673,2.0250566884991006,5.97221254336863,0.0003725180571083,4.12313916589337,0.556,-0.0379999999999999,1.05457745421211,0.668,3.35068161944534,0.407,48.9710248796969,0.451728940010071,0.142445579171181,0.300399243831635,10.095351709262,209.492202808189,13082746.0,0.0,940.764552,0.0,6582865629.570355,0.0,1.0,0.0,0.0,21906713.0,5.97221254336863,0.000372518057108307,5.972585061425738,4.123139165893369,300.49536092294426
MYS,Malaysia,1999,98.63394465694662,41.1645788522142,10.8423880517615,0.0544161237776279,0.668,4.494,149.152981074863,0.4529999999999999,14877.228,21.64,23.10463541,2.56658840179443,46.4590177015866,2.7445613024060407,0.0,8.56333333333333,72.428,30.9362157705045,0.0171029137689506,13.366919019999996,2.13223667818743,3.0853808811935295,4.83620321689404,0.0001211124254619,5.23484158557536,0.556,0.0275,-1.4563588603702702,0.668,8.51401065477758,0.407,47.8827253261694,0.438719660043716,0.16216853260994,0.27789580821991,10.0710448024694,217.57091939194896,13658740.0,0.0,960.866062,0.0,8088141134.408345,0.0,1.0,0.0,0.0,22435531.0,4.83620321689404,0.00012111242546197,4.836324329319502,5.23484158557536,360.50589283616
MYS,Malaysia,2000,98.6,39.0879471864962,8.59902188826631,0.0525485537946224,0.654,4.431,134.999853925775,0.7290000000000001,15764.355,19.58,26.680504706999997,2.58731245994568,48.3205714911013,1.5347402369769902,0.0,7.67333333333333,72.732,30.8635497655731,0.0117604999428553,22.2997,3.29597588490104,5.00305271845637,4.25633373605828,0.0004171394527218,8.31120624275302,0.569,0.093,-4.55469970247946,0.668,-1.08573897723978,0.401,46.3014974705458,0.420022875070572,0.143971219658852,0.317149341106415,12.5675399788113,220.406788982074,14233031.0,0.0,896.9515319999999,0.0,15263932318.891953,0.0,1.0,0.0,0.0,22967816.0,4.25633373605828,0.00041713945272182,4.256750875511002,8.31120624275302,664.5791797919294
MYS,Malaysia,2001,98.6,34.7792975201556,8.01097059098812,0.0512358993291855,0.654,4.359,129.101375578239,0.904,15433.108,23.863,25.933494106,2.61509108543396,46.2026949988513,1.4167847320609788,0.0,7.126666666666669,73.08,29.3364040399457,0.0125766956255759,31.390099999999997,2.9945164708919,3.80612191711308,3.84919761755289,0.0045386605815815,6.8177537442121094,0.569,0.3165,-2.9238385496951995,0.668,8.84851289556281,0.401,49.1730931223924,0.434138000011444,0.171061724424362,0.296414732933044,10.666951361765,203.364636010653,14825974.0,0.0,817.4566353,0.0,13635297052.950745,0.0,1.0,0.0,0.0,23526538.0,3.84919761755289,0.0045386605815816,3.8537362781344715,6.8177537442121094,579.5709106435781
MYS,Malaysia,2002,98.6,35.0256594965266,8.98508140381459,0.0503835454583168,0.654,4.278,121.827344934405,0.76,15868.023,23.184,24.25972817,2.64316821098328,45.1153796974529,1.8078724628153608,0.0,6.528333333333329,73.469,29.2463982171795,0.0146263688620715,37.5605,2.47122884853955,3.7943040184147,3.53468056133445,0.0006469182370387,6.280806154053359,0.594,0.54,-2.3526256250613606,0.668,3.2963123707561506,0.388,48.6964168752104,0.415558338165283,0.180466130375862,0.30405992269516,9.81548671538781,199.356232695655,15439171.0,0.0,832.2833904,0.0,12995235923.58588,0.0,1.0,0.0,0.0,24102477.0,3.53468056133445,0.000646918237038824,3.535327479571489,6.2808061540533595,539.1659920922601
MYS,Malaysia,2003,98.7,36.8350108017525,9.30608521643197,0.0497462972998619,0.654,4.257,118.974148880103,0.6580000000000001,16393.497,23.472,24.06129632,2.67154669761658,46.5786626994835,1.08967632577286,0.0,6.30083333333333,73.727,29.9286718930962,0.0177561407310375,45.0737,2.97162062750446,4.23640666645896,4.92997906617167,0.0002739809096827,7.22605741560413,0.598,0.486,-4.49908534507131,0.647,2.90603239825626,0.392,46.7102388190148,0.419646918773651,0.191539898514748,0.281896084547043,12.1560364817758,194.195129056831,16060274.0,0.0,819.4111434,0.0,18926880442.204056,0.0,1.0,0.0,0.0,24679602.0,4.92997906617167,0.000273980909682817,4.9302530470813535,7.22605741560413,766.9037953774156
MYS,Malaysia,2004,98.7,37.0443860281199,9.27100209261509,0.0492640994489193,0.663,4.225,111.937605148211,0.696,17110.04,22.531,23.663793487,2.70022964477539,48.5303176049683,1.4212711593740224,0.0,6.045833333333331,74.027,30.3781473606048,0.016595446281957,57.8498,3.45269384358654,5.61137530219416,2.89831247323068,0.0083240281271413,9.08898862018982,0.598,0.3479999999999999,-2.91905571375728,0.647,0.0344787905461831,0.417,44.5475985554205,0.41388726234436,0.1906418800354,0.273682326078415,11.9873010934205,210.37426589712396,16685833.0,0.0,839.5276862999999,0.0,23812222680.55085,0.0,1.0,0.0,0.0,25256772.0,2.89831247323068,0.00832402812714146,2.9066365013578217,9.08898862018982,942.8054654233268
MYS,Malaysia,2005,98.7,38.512091877277,8.26229170422644,0.0494466871023178,0.666,4.187,106.524431907379,0.6840000000000002,17573.527,21.705,22.784900554,2.72922086715698,46.3683224854575,2.9750709268444915,0.0,5.952500000000001,74.37,27.5496800827112,0.0337390898800391,75.65,3.40113242923192,7.08944062793991,3.35021774131295,0.0097466302611815,10.534058777313051,0.593,0.5659999999999998,-1.43955437225507,0.647,-2.673174104182211,0.433,44.1971529384927,0.409521400928497,0.192872315645218,0.240614801645279,13.884276518626,203.854644595624,17314297.0,0.0,814.77080023,0.0,32972157596.41729,0.0,1.0,0.0,0.0,25836071.0,3.35021774131295,0.00974663026118162,3.3599643715741316,10.534058777313051,1276.20633943982
MYS,Malaysia,2006,98.8,39.954278345207,8.60998284136304,0.0500390790402889,0.663,4.165,103.663830374316,0.819,18309.683,22.972,22.570924076,2.75938773155212,46.5156572562267,3.609235642243892,0.0,6.48583333333333,74.697,27.5660875626692,0.0309132491087826,73.6762,2.655793721263,7.01882709402704,3.75990568321402,0.0106744057710383,9.71620847016988,0.593,0.288,-1.64284404468045,0.647,2.40900097691566,0.433,43.9262781844017,0.42906591296196,0.185613870620728,0.249405190348625,13.4761141533839,202.577146840398,17942832.0,0.0,856.97363676,0.0,33979051331.278015,0.0,1.0,0.0,0.0,26417909.0,3.75990568321402,0.0106744057710384,3.7705800889850583,9.71620847016988,1286.212747999019
MYS,Malaysia,2007,98.9,39.5991687630279,9.98677367962245,0.0507422313094139,0.663,4.175,101.580075160148,0.762,19270.185,23.318,23.268376806,2.78988838195801,44.5959960321039,2.027353177795693,0.0,6.409166666666671,74.961,26.1225839420447,0.0524712864469258,86.4755,2.14793890756065,5.89566119166293,4.51490391769602,0.0178770495644514,8.113948435234981,0.593,0.193,-1.87262157308209,0.647,1.4567353466571298,0.433,44.5202452881234,0.445209562778473,0.171329915523529,0.248279392719269,12.628852352931,192.465506357652,18565433.0,0.0,950.95025533,0.0,35217651005.509,0.0,1.0,0.0,0.0,26998389.0,4.51490391769602,0.0178770495644514,4.5327809672604715,8.113948435234981,1304.43527595328
MYS,Malaysia,2008,99.0,39.7055730971204,9.96858233467411,0.0512221977114677,0.568,4.212,96.7482535065206,0.7790000000000001,19835.386,23.515,22.340557857,2.82072591781616,45.1050654004356,5.44078221100769,0.0,6.08,75.151,24.5607176579228,0.0618600114951588,100.518,2.0355192417994,7.12611467503542,4.11909757612888,0.0441804095537564,9.26767433788372,0.593,0.109,-2.0426214533111997,0.647,-3.90338193758431,0.433,43.9481056537511,0.457921296358109,0.159403532743454,0.236086085438728,13.3867719140126,176.668324785148,19173270.0,0.0,1092.7206048,0.0,50786130921.54619,0.0,1.0,0.0,0.0,27570059.0,4.11909757612888,0.0441804095537564,4.163277985682636,9.26767433788372,1842.0755255382728
MYS,Malaysia,2009,99.3,34.0422284029582,9.21910004390782,0.0513017438352108,0.546,4.271,111.606889987937,0.915,19199.815,25.009,21.851406569,2.85190463066101,40.9678238412473,0.5833084056237006,0.0,5.08416666666667,75.269,23.8001450501293,0.0464000773077082,107.18,2.13948778482423,3.9290131252617506,3.51056344704507,0.026690748432846,6.141591735826539,0.6,-0.0419999999999999,-4.89182498845343,0.647,11.782392956305902,0.434,48.836021810826,0.496584594249725,0.168778538703918,0.223106846213341,9.65215518287161,162.558970452699,19756605.0,0.0,1046.02785839,0.0,27163209669.380207,0.0,1.0,0.0,0.0,28124778.0,3.51056344704507,0.0266907484328461,3.5372541954779164,6.141591735826539,965.8106339321223
MYS,Malaysia,2010,99.5,34.5660535920084,10.0899159275121,0.0515104159712791,0.539,4.334,107.122752573885,0.9240000000000002,20279.336,22.285,22.499655647,2.88342761993408,40.4989323548818,1.6228523557703518,0.0,5.0,75.376,23.4337755680919,0.166394103186287,118.157,1.83057086618171,4.63501988366743,2.9358826747592,0.0471703338910635,6.67915518692649,0.602,0.1429999999999999,-3.04723530959543,0.647,-2.1132773264270215,0.434,48.4774187579282,0.515351951122284,0.158460140228271,0.260548055171967,9.61503786168569,157.944764886771,20306208.0,0.0,984.41014226,0.0,36689594007.37273,0.0,1.0,0.0,0.0,28655776.0,2.9358826747592,0.0471703338910635,2.9830530086502636,6.679155186926491,1280.355974564176
MYS,Malaysia,2011,99.5,34.908835585986,11.4533531198278,0.0519297383725643,0.539,4.401,108.425936705379,1.028,21004.999,23.52,22.657905772508904,2.90448880195618,39.8242687277964,3.1744709215131017,0.0,4.914999999999999,75.488,23.3202044896916,0.3349808505559719,125.716,1.79059723598374,5.48169161167852,2.26771749790281,0.0699189725385976,7.67718867075684,0.597,0.077,-1.9850441802692096,0.647,-0.4718686339606437,0.438,47.766725565489,0.512729704380035,0.155768722295761,0.245922744274139,9.94490616865965,154.937684607226,20828845.0,0.0,1105.45678981,0.0,49949331850.32769,0.0,1.0,0.0,0.0,29162039.0,2.26771749790281,0.0699189725385976,2.3376364704414074,7.6771886707568395,1712.8202815423053
MYS,Malaysia,2012,99.8,32.0999301044006,9.79375074645921,0.0524290837347508,0.539,4.478,114.124529817132,0.97,21818.4,25.403,25.666733873,2.92570376396179,40.1350010090069,1.6635710247920592,0.0,4.785833333333329,75.552,23.1381762920437,0.2962320308496,139.315,1.68402080313272,4.89957757600977,2.28706087054873,0.0391007523260482,6.91893116231814,0.597,-0.005,-2.32522323941743,0.647,3.7484193736755,0.438,49.0223958354783,0.528269469738007,0.16681957244873,0.259761959314346,9.20599203286687,147.841754766013,21347750.0,0.0,978.60732279,0.0,50772983641.001045,0.0,1.0,0.0,0.0,29662831.0,2.28706087054873,0.0391007523260482,2.326161622874778,6.91893116231814,1711.670192268602
MYS,Malaysia,2013,99.6,30.4349777121668,9.11336384538206,0.0529674552381039,0.472,4.607,119.899693910412,1.056,22310.47,24.302,26.57188535,2.94707369804382,39.8853736547897,2.105012312336118,0.0,4.649799999999999,75.464,22.8407424205833,0.3012605785086109,142.522,1.68061798005116,4.34705959022544,2.11103457955223,0.0271783392705705,6.3561164880557905,0.575,0.0519999999999999,-2.1403260923125194,0.647,4.46753081745693,0.444,49.9447288177857,0.54075014591217,0.157668843865395,0.250992268323898,8.46715106760802,142.720991464873,21872803.0,0.0,1201.2869160900002,0.0,53019673631.349396,0.0,1.0,0.0,0.0,30174265.0,2.11103457955223,0.0271783392705705,2.1382129188228003,6.35611648805579,1757.115662348342
MYS,Malaysia,2014,99.7,30.3718770457207,8.87320901302643,0.0531952269375324,0.47,4.749,120.578651022847,0.98,23269.507,23.329,26.25289549,2.96859955787659,39.9244244845871,3.142990508790948,0.0,4.587025000000001,75.345,22.8739302431305,0.1475068791475,146.366,2.11733139913897,3.855431535527361,2.50527420765292,0.0195299738547052,6.13979978766854,0.575,0.2669999999999999,-0.90623816294591,0.647,2.06851821643173,0.444,50.1226904594272,0.5644810795784,0.152677044272423,0.25241681933403,8.64507399532146,138.312231176843,22402109.0,0.0,4663.67110054,0.0,47778112512.55952,0.0,1.0,0.0,0.0,30696137.0,2.50527420765292,0.0195299738547053,2.5248041815076254,6.13979978766854,1556.4861634726062
MYS,Malaysia,2015,99.9,29.1957762263727,8.2874950827938,0.0530077256262302,0.47,4.864,123.10362963114,1.124,24060.439,22.162,26.088505562,2.99028301239014,38.4497222119902,2.10438980238359,0.0,4.5653749999999995,75.288,22.2933324025137,0.152278270436555,141.211,2.76972655209539,1.86528956443024,1.77211285104809,0.0115048278541161,4.7987992148163094,0.575,0.254,-0.93285619941261,0.647,3.30703770408129,0.435,52.0138720406596,0.593638718128204,0.148835197091103,0.258518069982529,6.5709120658644,131.37007244526,22936988.0,0.0,28915.73492784,0.0,30489101862.64409,0.0,1.0,0.0,0.0,31232798.0,1.77211285104809,0.0115048278541161,1.783617678902206,4.79879921481631,976.1886162950912
MYS,Malaysia,2016,99.9,29.1930782083813,8.46251885618027,0.0526005774736404,0.47,4.915,121.979820601963,1.144,24775.657,20.255,25.620268762,3.01212477684021,37.6832749440922,2.090566595257421,0.0,4.531066666666671,75.371,21.7969397965457,0.0265438964182798,136.725,2.02024347199899,1.5297271888571995,1.61246329605266,0.0114268952634963,3.5879414525379705,0.575,0.129,-0.758978513895183,0.647,2.82594518260627,0.435,52.531571127313,0.608312070369721,0.136599630117416,0.260875225067139,5.20040474859063,126.8990100257,23479511.0,0.0,1768.12808296,0.0,24836306446.24138,0.0,1.0,0.0,0.0,31789685.0,1.61246329605266,0.0114268952634963,1.6238901913161563,3.5879414525379705,781.2693471558897
MYS,Malaysia,2017,100.0,29.15741493364,8.59827753533139,0.0522440709173679,0.47,4.931,117.167568374282,1.138,25897.244,19.631,25.63600641,3.03412580490112,38.114672270307,3.8712011577423695,0.0,4.60807808641975,75.542,21.8461950799461,0.0616905603457849,130.854,2.06070771057807,2.079112970672531,2.01543237647146,0.0190568093450256,4.220568050941409,0.506,0.111,-0.6159850686609312,0.586,0.7989260403272747,0.49,51.8821117066805,0.609912931919098,0.13061611354351,0.267771929502487,6.23600042741287,133.155173371956,24019368.0,0.0,1749.79290737,0.0,31025727825.920643,0.0,1.0,0.0,0.0,32355644.0,2.01543237647146,0.0190568093450257,2.0344891858164855,4.22056805094141,958.8969338987857
MYS,Malaysia,2018,100.0,26.9680736130733,7.51205693063821,0.0519649870693684,0.429,4.946,120.276311883907,1.2110000000000003,26849.887,20.155,24.686902757,3.05628776550293,38.2914253580498,0.8847091605712301,0.0,4.92844038461538,75.734,21.5281381981616,0.0060147375242365,128.873,2.61106308483195,2.71329599019211,1.97935469127175,0.0177159930363127,5.3480898055846104,0.268,0.248,-0.7576384667704961,0.718,4.27704807389124,0.722,52.9909917677737,0.649880766868591,0.121466726064682,0.238951593637466,7.32744449685636,130.402625502126,24539557.0,0.0,2141.09676242,0.0,39522465127.89616,0.0,1.0,0.0,0.0,32910967.0,1.97935469127175,0.0177159930363127,1.9970706843080626,5.3480898055846104,1200.8904243954958
MYS,Malaysia,2019,100.0,25.2041775412835,7.24131401562151,0.0516009368002415,0.425,4.98,120.706946299114,1.209,27913.548,21.567,23.17237247,3.07861137390137,37.4765336887335,0.6628918657643261,0.0,4.87689294871795,75.9,21.4089748962529,0.0,133.373,2.55969990465384,1.830202222384349,1.78983852103498,0.0166186766752329,4.406520803713409,0.29,0.1459999999999999,-0.0380166484436974,0.718,4.80161718618398,0.711,54.1548750822015,0.663594245910645,0.1212123259902,0.217716172337532,6.196359324748389,123.028562027943,25026197.0,0.0,2453.2544911,0.0,29111878656.606056,0.0,1.0,0.0,0.0,33440596.0,1.78983852103498,0.016618676675233,1.806457197710213,4.406520803713409,870.555018116485
NGA,Nigeria,1995,38.6872520446777,43.7523895427897,25.4865064493222,0.0297733303159475,0.864,18.535,6.508711495849099,-2.138,2699.097,16.047,19.480932258,1.33577060699463,36.5404898229186,72.8355022972638,0.0,20.2333333333333,45.87,19.9937155656229,1.587015584236795e-05,0.0120161629999984,0.2496093629078839,16.2953221371822,5.25310029766131,0.0008455761163335,16.54579294636219,0.837,-1.057,4.3011591855546,0.748,-31.452565499326,0.157,36.979423264697,0.549683570861816,0.0077483295463025,0.28110533952713,21.7988932440235,44.06110294743139,43370746.0,0.0,1953.204855,0.0,12387257838.275066,0.0,1.0,0.0,0.0,110819428.0,5.25310029766131,0.000845576116333562,5.253945873777643,16.54579294636219,111.77875632307962
NGA,Nigeria,1996,39.5453186035156,40.3933847911015,26.1991591974906,0.0299305282533169,0.864,18.513,6.174443942216605,-1.614,2739.4140000000007,15.825,19.966661757,1.35963368415833,37.4454787243492,29.2682926829271,0.0,19.8366666666667,45.833,19.1010802100397,4.21834965795842e-05,0.0126175930000016,0.229376543029772,16.7094356163404,4.47540404314154,0.0002543963794057,16.93910873924616,0.837,-1.057,4.59443625747851,0.748,-5.260784136920069,0.157,35.3582269388039,0.611630141735077,0.007019443437457,0.269494533538818,21.4145127823877,44.06928892070663,45445440.0,0.0,1976.23995,0.0,15391463969.50685,0.0,1.0,0.0,0.0,113754779.0,4.47540404314154,0.000254396379405733,4.475658439520946,16.93910873924616,135.3038888107448
NGA,Nigeria,1997,40.3999824523926,43.0509433985944,27.416651144024804,0.0302399974316359,0.864,18.358,7.030590146977083,-1.643,2749.1890000000003,15.231,20.53505060813786,1.3839232921600302,35.2488501000654,8.52987421383634,0.0,17.795,45.96,19.1985314411312,2.4074330031931268e-05,0.0131820410000074,0.2229391918976639,14.538489437452,3.97438819615194,0.0002390832766692,14.76169178695636,0.837,-0.8225,2.37316391343788,0.748,12.12661188827,0.157,36.3339286815863,0.600336074829102,0.0077412975952028,0.294085592031479,18.7360799831083,44.07314851031128,47603284.0,0.0,1985.225427434,0.0,14247139966.789051,0.0,1.0,0.0,0.0,116754792.0,3.97438819615194,0.000239083276669217,3.974627279428609,14.76169178695636,122.02616888554819
NGA,Nigeria,1998,41.2505683898926,35.0832630533884,27.908371381409403,0.0303411427885294,0.855,18.153,7.619452393559989,-1.489,2748.467000000001,10.828,20.301729620314,1.40864670276642,28.7024397281229,9.99637812386806,0.0,18.1841666666667,46.148,17.4505658778831,3.189460668284738e-05,0.017139352000008,0.165376593030192,7.09759652792726,4.09637764359496,0.0002068555491217,7.263211871113239,0.837,-0.588,-2.1053939239758597,0.748,11.4846690572742,0.171,42.3808822482371,0.658040106296539,0.0091146808117628,0.333510398864746,11.3595895147082,44.082390954975885,49857137.0,0.0,2054.58368904,0.0,9886002893.056751,0.0,1.0,0.0,0.0,119846254.0,4.09637764359496,0.00020685554912186,4.096584499144082,7.263211871113239,82.48904377984773
NGA,Nigeria,1999,44.9,47.4213152859301,26.028485710161597,0.0300530903041363,0.818,17.803,8.16880785547432,-1.807,2694.700999999999,19.049,20.72416535138217,1.4338116645813,29.3636932703443,6.6183733947975085,0.0,20.29,46.609,16.2573691313088,8.385941443056488e-05,0.0208863209999989,0.2076219071067231,10.1094177919185,2.72633291045267,0.000172706348923,10.31729626478863,0.923,-1.0215,2.26531069144465,0.748,6.04724834411309,0.231,43.5884840152643,0.434166789054871,0.0070337099023163,0.251977145671845,13.0436291752413,41.95747954769181,52217062.0,215696807.69999993,1914.757756492,0.0,12809567367.892977,0.0,1.0,0.0,0.0,123047320.0,2.72633291045267,0.000172706348923129,2.726505616801593,10.31729626478863,104.10277418389101
NGA,Nigeria,2000,43.2,55.5698767095503,21.3572412972176,0.0298264510929585,0.82,17.439,8.24898869751761,-2.099,2773.0919999999987,28.807,21.176495226638664,1.45942640304565,33.823003290999,6.933292155651609,0.0,21.2741666666667,47.143,13.93340041394,0.0001533457502176,0.0237375000000028,0.5640945932473781,22.0499275524037,2.32151830167876,4.020637092733148e-05,22.61421569777214,0.934,-1.455,5.76847340335851,0.748,-1.1408886399525002,0.231,43.7984549227611,0.355243504047394,0.0061023226007818,0.22780816257,24.9357339994509,79.4688791883581,54696454.0,204758821.1,2185.56896704,0.0,24349810875.540375,0.0,1.0,0.0,0.0,126382494.0,2.32151830167876,4.02063709273317e-05,2.321558508049687,22.61421569777214,192.66759267735588
NGA,Nigeria,2001,43.9,36.0891126410302,24.4753546604632,0.0299744643270968,0.82,17.149,9.88080739655231,-2.087,2884.607,27.635,15.286641619493595,1.4883189201355,28.2762662656489,18.8736462093863,0.0,23.4383333333333,47.549,13.9253596044022,0.0002725154939315,0.2051869999999951,0.726754459284971,15.2354705757222,2.13866213324612,6.706451909016531e-05,15.96256461502018,0.934,-1.5405,0.563590521033639,0.748,12.1387024938542,0.231,46.2224797158223,0.619996070861816,0.0062640397809445,0.199968054890633,18.1012267482663,41.98020851685011,57303483.0,197501403.20000017,2172.7686464,0.0,21523331390.209667,0.0,1.0,0.0,0.0,129862595.0,2.13866213324612,6.70645190902397e-05,2.13872919776521,15.96256461502018,165.7392676483145
NGA,Nigeria,2002,44.6,31.1098363938035,36.9650826661797,0.0303686745464802,0.82,16.799,8.084342998,-1.544,3223.569999999998,20.724,14.649742410659425,1.5177835226059,23.0408371863292,12.8765792031099,0.0,24.7708333333333,48.02,11.8118130815755,0.0002763438179509,1.1755700000000076,0.5019895666056269,11.1446404443733,1.95742849190656,0.000481811735688,11.64738816653264,0.934,-1.626,2.2884455739746,0.748,3.0235422788932,0.231,38.9699324729488,0.631785571575165,0.0063703153282403,0.205370008945465,13.6048166584392,44.09813186352152,60034770.0,213655365.6,1968.26121344,0.0,19911514337.915947,0.0,1.0,0.0,0.0,133471989.0,1.95742849190656,0.000481811735688031,1.957910303642248,11.64738816653264,149.18122137159392
NGA,Nigeria,2003,52.2,29.4040155184969,33.8270605515687,0.0311599187552929,0.836,16.37,8.909484725703479,-1.85,3441.446,21.011,16.567884384,1.54783141613007,26.0024149026732,14.0317836131437,0.0,20.7141666666667,48.618,12.0606068369615,6.285057730770482e-05,2.295490000000001,0.778807998966763,12.1202192108891,2.61314707510919,0.000266977305556,12.89935703773881,0.934,-1.636,1.35436476710565,0.748,9.93571338064823,0.231,39.1455112028244,0.649569451808929,0.0051905489526689,0.242418587207794,15.512504112848,44.113464199937184,62889861.0,233527615.39999983,2320.20184012,0.0,28598306459.48125,0.0,1.0,0.0,0.0,137202644.0,2.61314707510919,0.000266977305556022,2.613414052414746,12.89935703773881,208.43845005990738
NGA,Nigeria,2004,46.1,32.510243666813,27.2304536006497,0.0317649021744728,0.842,15.986,8.46166405532793,-2.456,3704.7710000000006,23.828,12.129234299691554,1.57847416400909,28.390040064544,14.9980338183251,0.0,19.1808333333333,49.148,10.8615699226756,2.78717613599877e-05,6.484760000000001,0.689215296398891,14.4183481253408,1.66769651173444,0.0002191572255,15.10781045072656,0.934,-1.754,4.87664931822795,0.748,-2.60484705691994,0.231,43.355018249934,0.622080028057098,0.0408416166901588,0.203953623771667,16.775506962461,44.18441888300028,65872907.0,244063286.6,2509.4666909099997,0.0,39634603152.15357,0.0,1.0,0.0,0.0,141057045.0,1.66769651173444,0.000219157225500114,1.6679156689599401,15.10781045072656,280.9827977904512
NGA,Nigeria,2005,46.8,39.2100795298872,26.0892828250796,0.0316709764301777,0.842,15.692,8.43509526303227,-2.299,3863.213,22.72,11.793925032,1.60972356796265,28.2015834476344,17.8634933661605,0.0,17.9483333333333,49.538,10.0610833215667,0.0012880253534366,12.817099999999996,0.287750139206183,17.695803965512,1.40259102448285,0.0001345616257104,17.98497669169735,0.934,-1.667,4.811294622266299,0.748,-1.5936804821988098,0.231,44.6842057357904,0.622390985488892,0.0676631107926369,0.220599457621574,19.3875677161802,42.535389627459814,68978387.0,224616926.89999983,2505.3904586900003,0.0,55543888151.54686,0.0,1.0,0.0,0.0,145017253.0,1.40259102448285,0.000134561625710408,1.4027255861085604,17.98497669169735,383.0157240086934
NGA,Nigeria,2006,47.6,50.8281172875179,24.7349912601339,0.0317426137626171,0.842,15.43,8.12036045279147,-1.908,4016.806999999999,21.076,15.53918735,1.64159166812897,25.7516355955536,8.225221520170471,0.0,16.8933333333333,49.876,8.85287260810424,0.0014534921914997,21.6815,0.732425679471773,14.8803763188218,1.08460901401012,0.0001081285095255,15.61436361899458,0.935,-2.034,6.70067246233208,0.748,-5.62796804844818,0.231,48.488798713658,0.491694897413254,0.0768861323595047,0.267774403095245,16.6989726330047,46.27270761026813,72189614.0,236423982.0,2399.33212624,0.0,63276304876.32791,0.0,1.0,0.0,0.0,149077334.0,1.08460901401012,0.000108128509525699,1.0847171425196458,15.614363618994581,424.45288749480795
NGA,Nigeria,2007,50.10000000000001,27.9488188315242,24.6625772142283,0.0318795740604401,0.842,15.067,13.797016933261602,-1.809,4198.764000000001,17.018,11.384117099,1.6740905046463,24.344717837607,5.38800796858626,0.0,16.9391666666667,50.381,8.40137965701994,0.0061760223687834,26.356300000000005,0.757101200988554,13.8343651228424,1.26299103618826,0.0003783124845785,14.59802065868434,0.934,-2.014,-0.346837505672541,0.748,9.18717123000012,0.24,49.962371047205,0.641452729701996,0.128432273864746,0.191355600953102,15.8610116948726,49.42622847279139,75462360.0,248344188.79999995,2248.6541958,0.0,66207980744.71384,0.0,1.0,0.0,0.0,153267261.0,1.26299103618826,0.000378312484578671,1.2633693486728386,14.59802065868434,431.97732061456907
NGA,Nigeria,2008,50.3,33.4550574968051,25.2797507802655,0.0316766873002052,0.839,14.801,18.6330147009187,-1.824,4383.329,20.076,10.377792343,1.70723295211792,24.7142488981493,11.5810751748252,0.0,15.1358333333333,50.748,8.16891297221069,0.0031753849113127,39.9686,0.749813672501435,15.529944090028,1.30639847854871,0.0009296096354736,16.28386275707629,0.934,-1.861,4.49519607302274,0.748,6.68490863394994,0.244,48.9753597288614,0.56274950504303,0.125736892223358,0.185909643769264,17.590261235625,49.4582685487449,78877126.0,242061131.9,2215.88132174,0.0,88879242126.93852,0.0,1.0,0.0,0.0,157595014.0,1.30639847854871,0.000929609635473612,1.3073280881841836,16.28386275707629,563.9724244508047
NGA,Nigeria,2009,50.0,26.1299193020976,26.7488545066519,0.0317196734249592,0.844,14.554,19.625601660817203,-1.555,4624.688,10.105,10.562670271999998,1.7331268787384,21.236761481448,12.5378277304689,0.0,18.9908333333333,51.08,7.83841193667148,0.0067326257222739,45.9849,0.522028083602619,8.67398818858118,1.44801444533038,0.0003816725797867,9.20313057048582,0.935,-1.995,-3.3198387549337793,0.748,18.180001671866904,0.244,50.981397065431,0.691978096961975,0.105545863509178,0.190029680728912,10.6511450158162,45.30498545358516,82425706.00000001,2626469401.9000006,2249.9618917700004,0.0,53794439946.9979,0.0,1.0,0.0,0.0,162049464.0,1.44801444533038,0.000381672579786752,1.4483961179101668,9.20313057048582,331.9630847220692
NGA,Nigeria,2010,48.0,25.6415732645978,23.8937040912791,0.0321429744362831,0.85,14.36,13.490742840586002,-1.701,5009.749,12.421,10.082892928348784,1.75892567634583,25.3174522378126,13.7400521363694,0.0,17.585,51.315,6.55281697605782,0.0170111595024351,52.3861,0.620085796949933,12.0986066267503,1.06666413961285,0.0006237720302392,12.73632735523285,0.948,-2.211,-2.51623070440776,0.745,1.0677360646731202,0.229,50.7888436709083,0.64958643913269,0.10348342359066,0.166922330856323,13.8029914948457,45.498200613916936,86117409.0,2580128515.9,2583.1567993999997,0.0,80708250509.83841,0.0,1.0,0.0,0.0,166642886.0,1.06666413961285,0.000623772030239382,1.0672879116430893,12.73632735523285,484.3186075752337
NGA,Nigeria,2011,55.900000000000006,26.5848398443614,22.2347109931956,0.0322628803551197,0.811,14.203,11.0436296114106,-1.637,5115.746999999999,17.729,8.782302092007205,1.78164064884186,28.2777998870502,10.8261371880017,0.0,16.02,51.49,7.17108429622259,0.0180944735184713,55.5301,0.95137055258512,15.5113433318503,1.07249874646929,0.000596458779586,16.481404816733512,0.952,-1.956,0.904687847746388,0.745,5.68557985915527,0.227,49.2430315160577,0.648960649967194,0.0988315343856812,0.145668238401413,17.5539035632028,48.114108500483326,89957755.0,2572153728.5,2522.47152356,0.0,112190356084.35602,0.0,1.0,0.0,0.0,171379598.0,1.07249874646929,0.00059645877958611,1.0730952052488762,16.481404816733512,654.630757649204
NGA,Nigeria,2012,53.0,34.7398815820405,21.8599586165277,0.0318581461906433,0.796,14.019,10.604703771234398,-1.633,5193.536,14.712,8.639565031486521,1.80464899539948,27.0730175029593,12.2242413020584,0.0,16.7916666666667,51.688,7.72454667174331,0.0208000315602732,64.0053,0.944828584323691,13.0904727134596,1.09186954935065,0.0005441244250987,14.05664545376865,0.952,-2.042,0.599893313020943,0.745,6.22480861375514,0.227,50.1858844831558,0.604425489902496,0.0919210836291313,0.126103699207306,15.1485150031193,47.323946707308565,93918660.0,2574917913.1,2495.58453754,0.0,111546988394.39954,0.0,1.0,0.0,0.0,176200625.0,1.09186954935065,0.000544124425098797,1.0924136737757488,14.05664545376865,633.0680631490355
NGA,Nigeria,2013,55.6,20.1919060659337,20.7586228322439,0.0312613286077976,0.743,13.864,11.5332149415284,-1.648,5329.116,11.483,8.794604864551335,1.82795441150665,25.7423212364316,8.49551838265669,0.0,16.7225,51.827,8.92892932163337,0.0217510354394538,70.2825,0.707231138877851,9.88011499667836,1.01326214635552,0.0003587942632094,10.60945596525888,0.951,-2.088,-1.18936317872495,0.745,11.2016222248975,0.251,52.3666011224583,0.745987474918366,0.0851113349199295,0.115883558988571,11.6227181116144,38.36934985884579,97971440.0,2580076861.4,2328.95795084,0.0,103025391596.88396,0.0,1.0,0.0,0.0,181049443.0,1.01326214635552,0.000358794263209442,1.0136209406187295,10.60945596525888,569.0456147765335
NGA,Nigeria,2014,54.2,23.0387232910294,19.9902547680805,0.0306955426931381,0.743,13.736,13.2970053767392,-1.151,5516.383,10.937,9.371336955,1.85156083106995,24.6436085906069,8.04741087967907,0.0,16.5483333333333,51.94,9.63581160269249,0.0053654786246641,74.7513,0.706958402345768,7.0738580847829,0.995506176775934,0.000247381085254,7.7864293468385855,0.951,-2.13,-1.03597521214695,0.745,11.3562130249595,0.255,54.1531280154165,0.736762046813965,0.0821115970611572,0.114546731114388,8.78193552361452,34.84943549200944,102100615.0,2427291719.8,2320.5011043199997,0.0,95221976792.36723,0.0,1.0,0.0,0.0,185896915.0,0.995506176775934,0.000247381085254014,0.995753557861188,7.7864293468385855,512.2300001179
NGA,Nigeria,2015,52.5,17.4078899386058,20.6318934800012,0.0301179997622967,0.772,13.656,13.078684477369798,-1.345,5514.784,7.251000000000001,9.218105127,1.87547206878662,20.160782897492,9.00943498007706,0.0,16.8491666666667,51.939,9.42843732193195,0.0012331681127297,79.1045,0.606650567592808,2.78345150643408,1.16254596508362,0.0002256107808246,3.39156085292044,0.931,-1.922,-1.89618692943189,0.745,13.5961532451283,0.275,58.1222219182291,0.801593899726868,0.0894231051206589,0.103944957256317,4.55410681800406,34.849888371412156,106266334.0,2321618367.0,2276.25712642,0.0,52254361878.04751,0.0,1.0,0.0,0.0,190671878.0,1.16254596508362,0.000225610780824667,1.1627715758644448,3.39156085292044,274.05384803545866
NGA,Nigeria,2016,59.3,16.1939966208628,20.9831097083173,0.0294856894761324,0.775,13.408,14.608038856310202,-1.756,5284.9,5.117000000000001,8.747612747,1.89969217777252,18.17313172689,15.6968126387972,0.0,16.8680157641191,52.189,8.67969778226601,0.0038160394017607,78.9701,0.4825901996130519,2.684290434884451,1.48671424078734,0.0003152419820836,3.1710119158813495,0.916,-1.874,-2.3884145306576796,0.775,6.68623362327285,0.282,59.7850976800938,0.842001795768738,0.0760956779122353,0.0949805304408072,4.657726156668691,32.048798812651796,110505898.0,2252259821.7,1970.43825185,0.0,38186486116.94969,0.0,1.0,0.0,0.0,195443700.0,1.48671424078734,0.000315241982083601,1.4870294827694235,3.171011915881351,195.38356118385852
NGA,Nigeria,2017,54.4,18.8413813616446,20.8465714300542,0.028854014351964,0.774,13.192,12.8520298076198,-1.698,5190.362999999999,6.5760000000000005,8.440363173000001,1.9242250919342,22.3151171946859,16.5022662139641,0.0,17.5533333333333,52.397,8.74199349233524,0.0171043027719663,72.368,0.679652469225142,5.47262882301734,1.6351526504757,0.000446678960032,6.169832273974491,0.913,-1.997,-2.8830297877020996,0.775,5.79056686533675,0.294,55.8046968877557,0.83652937412262,0.0700574293732643,0.095997728407383,7.80498492445019,32.03095646021883,114843267.0,2385958890.9,2058.98106495,0.0,49110291970.26784,0.0,1.0,0.0,0.0,200254579.0,1.6351526504757,0.000446678960032166,1.635599329435732,6.169832273974491,245.23929597768569
NGA,Nigeria,2018,56.5,19.823422094967,21.203773720121,0.0284305643290281,0.774,12.952,10.2465813012399,-1.734,5155.067999999999,8.505000000000003,8.983438040475535,1.94907462596893,25.7333065832929,12.0951065173432,0.0,16.9038969646886,52.669,9.64894748123428,0.0139798912407886,84.284,0.968367262124034,7.69068153465603,1.12503810641124,0.0004414315722529,8.673470119593109,0.931,-2.097,-1.6055851543542,0.775,6.05597715767894,0.264,52.017050934471,0.80133444070816,0.0969138890504837,0.125816315412521,9.79850822600435,32.05259980579974,119182819.0,2330097424.9,2093.3044048,0.0,65456333527.41752,0.0,1.0,0.0,0.0,204938755.0,1.12503810641124,0.000441431572252908,1.125479537983493,8.673470119593109,319.39460902559654
NGA,Nigeria,2019,55.4,23.2040814697558,25.7349305726601,0.0284005459398031,0.802,12.679,7.923222659317151,-1.529,5135.489,7.832000000000001,9.835765939009525,1.97424519062042,21.0040409408605,11.3964223378116,0.0,15.3765869808333,53.009,9.10054556609649,0.0051932203269446,88.1169,0.855086670258244,6.51475056054778,0.977848030640798,0.0003441901707943,7.375374641303761,0.934,-1.933,-1.96569706540475,0.775,-25.7765299378193,0.268,52.8970825936966,0.768153190612793,0.110113434493542,0.165259674191475,8.35322267194456,42.90839117823596,123515077.0,2316751410.8,2192.44845361,0.0,57308087248.9051,0.0,1.0,0.0,0.0,209485641.0,0.977848030640798,0.000344190170794397,0.9781922208115923,7.375374641303761,273.56570586575475
OMN,Oman,1995,100.0,10.2340201093953,2.4366439489181495,0.0514377951622009,0.633,3.798,22.4564944087871,-0.1489999999999999,32760.797,34.346,11.595607571,2.132717684330606,40.809237080659,1.5769407828028932,0.0,9.28175,71.56,4.68957691684228,0.0,0.3652898429999993,0.968902504651822,30.8793481244036,0.0018731905023783,0.0,31.84825062905552,0.351,0.8739999999999999,-3.54294953544521,0.405,7.39301977695996,0.525,53.5337980223699,0.4546038210392,0.225199058651924,0.166589394211769,31.8501238195579,64.1500694766095,1519534.0,0.0,871.8186785,0.0,5634637255.528306,0.0,1.0,0.0,0.0,2120528.0,0.0018731905023784,0.0,0.0018731905023784,31.84825062905552,2657.185972327791
OMN,Oman,1996,100.0,16.0983866051036,2.198442707477101,0.0517084412276745,0.633,3.641,23.3877239915709,-0.197,32895.829,35.701,10.878222559,2.1440325323157854,43.3396601455665,0.0404068393011236,0.0,9.30075,72.023,4.68957691684228,0.0,0.670644633000002,0.943907685845744,36.1991174614756,0.0017985716320125,0.0,37.14302514732128,0.276,0.8739999999999999,2.55233615271794,0.456,1.7576760659936097,0.557,53.5337980223699,0.452026695013046,0.189690604805946,0.149779796600342,37.1448237189533,69.3906831462689,1545238.0,0.0,901.128742,0.0,7191118434.025052,0.0,1.0,0.0,0.0,2156926.0,0.0017985716320125,0.0,0.0017985716320125,37.14302514732128,3333.96622509305
OMN,Oman,1997,100.0,16.795525855464,2.2994968499055695,0.0524772517383099,0.633,3.4989999999999997,31.2970315586119,-0.216,34184.458,36.861,13.663680627000002,2.1437490347585886,42.6870233409743,0.2921300315541124,0.0,9.18025,72.463,4.68957691684228,0.0101270310908838,2.3558047469999934,1.1738087030327,32.0318310544737,0.0018258962896562,0.0,33.21576678859724,0.276,0.8645,5.09804312809978,0.533,11.6752375099938,0.558,53.5337980223699,0.439942806959152,0.187354907393456,0.205247551202774,33.2175926848869,71.594365872295,1568951.0,0.0,913.696119,0.0,6775077573.421216,0.0,1.0,0.0,0.0,2190720.0,0.00182589628965631,0.0,0.00182589628965631,33.21576678859724,3092.6259738447707
OMN,Oman,1998,100.0,12.6238441296755,2.797860269087371,0.0541377998888493,0.633,3.3709999999999996,41.5476900632193,-0.228,34435.92,31.759,16.795231279,2.183623948996183,43.7882963203112,0.5863080373244003,0.0,9.7375,72.882,4.68957691684228,0.0041171476097463,4.351950207000002,1.73317242646012,22.5419118763231,0.0030134069486649,0.0,24.279201450393035,0.276,0.855,-4.32188980039362,0.533,23.3028987699578,0.558,53.5337980223699,0.444448173046112,0.197757631540298,0.383783936500549,24.2822148573417,80.4830604636084,1591130.0,0.0,909.8761315,0.0,4577925216.897495,0.0,1.0,0.0,0.0,2222489.0,0.00301340694866491,0.0,0.00301340694866491,24.279201450393035,2059.8190663249607
OMN,Oman,1999,100.0,19.7064860838937,2.58141671649627,0.0555966533720493,0.633,3.258,40.6010471509618,-0.421,33919.631,34.475,14.348376669,2.1595032622366426,48.8894074408972,-0.0669205357530131,0.0,10.5302083333333,73.276,4.97032099989791,0.0003659580879149,5.366082104,1.17793947306719,31.1434378961453,0.0011973711521851,0.0,32.32174332730031,0.276,0.988,0.799693022029181,0.533,-0.2595937164062523,0.57,48.7698163839748,0.3762715458869929,0.172996670007706,0.294996798038483,32.3229406984525,76.611197806525,1612307.0,0.0,909.8278741,0.0,6365683749.599296,0.0,1.0,0.0,0.0,2252909.0,0.0011973711521852,0.0,0.0011973711521852,32.32174332730031,2825.5396687568364
OMN,Oman,2000,100.0,32.8308599339246,1.9652287703883695,0.0562410168349743,0.605,3.155,32.8286208346965,-0.806,35395.498,43.382,11.84053486,2.140086012173741,56.1632471841847,0.2894074598590599,0.0,10.1415833333333,73.643,6.19128849838763,0.0001553858643579,7.142940000000003,1.95544231164374,44.475781466106,0.0009741767440893,0.0,46.43137916361411,0.276,1.121,12.4433119811796,0.533,-6.29838736320732,0.619,43.0854792727953,0.310636907815933,0.155668765306473,0.202617511153221,46.4323533403582,81.4132822358275,1632638.0,0.0,965.11865336,0.0,11532918090.555866,0.0,1.0,0.0,0.0,2282131.0,0.000974176744089338,0.0,0.000974176744089338,46.43137916361411,5053.574089548701
OMN,Oman,2001,100.0,28.5507554018409,2.0449514528993618,0.0567796751856804,0.54,3.0620000000000003,35.1535938909125,-0.481,36404.37,40.824,12.683482905000002,2.1984068388738485,53.2718052025626,-0.8166666666666558,0.0,9.59258333333333,73.979,8.41990606809478,1.8490805829829423e-05,14.0743,3.37433221536619,36.285347329679,0.0011280624194149,0.0,39.65969803585098,0.258,1.025,7.44944298051287,0.533,14.9262280305334,0.63,45.6975205256439,0.304383009672165,0.159278482198715,0.24099189043045,39.6608260982704,84.5270024947002,1652220.0,0.0,971.20277818,0.0,10830846122.52752,0.0,1.0,0.0,0.0,2310217.0,0.00112806241941509,0.0,0.00112806241941509,39.65969803585098,4688.237564924645
OMN,Oman,2002,100.0,28.8253728557941,2.0262270682287102,0.0576213672757149,0.54,2.9799999999999995,33.9703564220235,-0.738,35526.594,39.451,14.173245049,2.2126614495774093,52.8284867004183,-0.2795788225713735,0.0,8.82466666666667,74.276,8.5559326620587,0.0004029134198288,19.829899999999995,3.00081952390751,33.51317909328,0.0012547868296302,0.0,36.514401530607266,0.258,0.929,4.96961388803738,0.533,3.94643678356486,0.63,46.3472662284213,0.289833784103394,0.166254699230194,0.297889739274979,36.5156563174369,83.6537485764543,1671086.0,0.0,914.02182011,0.0,10228324809.452068,0.0,1.0,0.0,0.0,2337140.0,0.00125478682963038,0.0,0.00125478682963038,36.514401530607266,4376.427945887738
OMN,Oman,2003,100.0,30.6969770562379,1.9295275549152997,0.0590541362762451,0.542,2.909,32.1772115960926,-0.938,34173.705,39.876,17.627992249000002,2.202371123829213,52.5914554000484,0.2313286822671436,0.0,8.39308333333333,74.521,8.10822178525988,0.0,24.893500000000003,2.83911460251647,33.3255110511249,0.001722397329618,0.0,36.16462565364149,0.274,1.062,4.05108224447814,0.533,-1.1358144451343488,0.618,46.7282152658752,0.27684411406517,0.147536441683769,0.336379766464233,36.1663480509711,84.846636733578,1689940.0,0.0,837.84453501,0.0,12400962203.143251,0.0,1.0,0.0,0.0,2363796.0,0.00172239732961824,0.0,0.00172239732961824,36.16462565364149,5246.206611375623
OMN,Oman,2004,100.0,31.9647241110517,1.6899291586095693,0.0610820762813091,0.545,2.8020000000000005,29.8651264239303,-0.402,34254.983,39.507,20.86837626,2.2396213739047477,53.36473693375,0.6249690626313686,0.0,7.93975,74.82,7.98225757672957,0.0056919034648559,32.9697,2.88939866107243,36.7966643908859,0.0015140102204345,0.0,39.69175495542317,0.274,1.116,4.731624094698719,0.533,-4.05057515580795,0.618,46.0212432526554,0.236902296543121,0.141286060214043,0.453642636537552,39.6932689656436,88.611307129045,1720478.0,0.0,798.39742744,0.0,14889520036.313864,0.0,1.0,0.0,0.0,2404821.0,0.00151401022043465,0.0,0.00151401022043465,39.691754955423164,6191.52944702074
OMN,Oman,2005,99.9,39.3876270807425,1.4151358002988506,0.0627183169126511,0.545,2.766,26.830213002842,-0.355,34563.35,41.836,23.614370152,2.3721462035548555,60.285371070288,1.9098355353186491,0.0,7.283583333333329,75.07,7.9070346605725,0.0093401367248378,53.0901,3.43896048338828,42.841561539357,0.0012340604500316,0.0,46.28986215947006,0.274,0.946,10.4538474858267,0.575,-11.8701672014977,0.618,40.2771673844892,0.2251960486173629,0.157277420163155,0.326072484254837,46.29109621992011,86.7613020421318,1767559.0,0.0,795.1389009299999,0.0,20992131711.73381,0.0,1.0,0.0,0.0,2459802.0,0.00123406045003166,0.0,0.00123406045003166,46.289862159470076,8534.073763552437
OMN,Oman,2006,99.9,43.1511296859815,1.2253300022600797,0.063387043774128,0.545,2.726999999999999,26.8602293065219,-0.67,35469.834,42.282,22.974612290000003,2.4465245520519714,60.292833102235,3.5449859160503294,0.0,7.292666666666669,75.354,10.1031696098613,0.0065507736279655,70.4453,3.83739990543483,40.7520000982427,0.0013001532967495,0.0,44.595950777305454,0.274,0.841,11.0291889845889,0.575,-6.34679636297475,0.625,39.9759331993574,0.194797486066818,0.13699933886528,0.454845607280731,44.5972509306022,86.1457079854133,1820511.0,0.0,761.94635728,0.0,23774457136.35478,0.0,1.0,0.0,0.0,2514795.0,0.00130015329674951,0.0,0.00130015329674951,44.595950777305454,9453.835058664734
OMN,Oman,2007,100.0,40.7138856235603,1.2002261529763274,0.0641427934169769,0.542,2.7090000000000005,30.9764844412137,-0.428,36468.163,41.212,28.968610490000003,2.4682921847630697,57.7212395336941,5.830484180927103,0.0,7.368833333333331,75.596,9.08058045930593,0.0046080136430455,94.0855,3.56690047305781,37.7986997972135,0.0010954175716431,0.0,41.37020828391426,0.274,0.94,9.15005975213353,0.575,-0.6384427205550329,0.629,42.4015292248876,0.211848571896553,0.129814848303795,0.511224865913391,41.3713037014859,94.8657889777347,1877973.0,0.0,742.39877927,0.0,24617585532.797146,0.0,1.0,0.0,0.0,2570174.0,0.00109541757164313,0.0,0.00109541757164313,41.37020828391426,9578.178571877681
OMN,Oman,2008,100.0,46.8631652075993,0.973923151725602,0.0658118650317192,0.528,2.6209999999999996,30.6458183525274,-0.597,38889.676,40.242,35.76601433,2.4984951424155155,63.599715349163,12.3754091529912,0.0,6.82833333333333,76.124,9.59168998394182,0.00137641545022,117.026,2.58617896745128,37.9131008037865,0.0013709273864326,0.0,40.50065618668797,0.274,0.922,13.5946922945924,0.58,-19.465862533923396,0.629,36.2531156971524,0.191289514303207,0.1121571585536,0.4990486800670619,40.5020271140744,94.7619029877161,1938583.0,0.0,844.71457364,0.0,35696552627.414856,0.0,1.0,0.0,0.0,2626529.0,0.00137092738643272,0.0,0.00137092738643272,40.50065618668797,13590.770415028677
OMN,Oman,2009,100.0,28.9157999675288,1.288334638708189,0.0660388469696045,0.528,2.5490000000000004,40.7469449022376,-0.624,39822.22800000001,33.101,31.79167265,2.613664515883825,57.5656243990977,3.46881023754893,0.0,7.32325,76.631,10.2747853166433,0.0009031675436097,138.05,3.4425330735036095,30.513121501608396,0.0017337772467969,0.0,33.956557742655605,0.274,0.827,-1.1715961985146903,0.586,43.1781374880598,0.63,43.052982586143,0.238011464476585,0.132366612553597,0.4825845956802369,33.9582915199024,91.6279353346997,2000980.0,0.0,1202.99940642,0.0,22959455967.808346,0.0,1.0,0.0,0.0,2684659.0,0.00173377724679697,0.0,0.00173377724679697,33.956557742655605,8552.093941095814
OMN,Oman,2010,100.0,42.3279171783038,1.2472989195678306,0.0635483041405678,0.528,2.4560000000000004,38.2119108803521,-0.365,39237.206,35.531,28.41579904,2.534547544875757,63.2733093237295,3.2565795907862416,0.0,7.141249999999999,77.184,10.0456182472989,0.0150457304494815,151.446,2.58478670992998,32.5688653439524,0.0015936912832177,0.0,35.16869778433188,0.274,0.5899999999999999,4.160124826369,0.586,-6.32458296829763,0.626,39.9391756702681,0.272148191928864,0.148940294981003,0.363548457622528,35.1702914756151,96.3865546218487,2072441.0,0.0,1273.81598018,0.0,31738009129.945175,0.0,1.0,0.0,0.0,2757446.0,0.00159369128321774,0.0,0.00159369128321774,35.16869778433188,11509.929525345256
OMN,Oman,2011,100.0,41.4169632854489,1.1004168092946482,0.0606427192687988,0.528,2.1819999999999995,36.1030456409534,-0.519,36734.052,42.734,30.257110859999997,2.538751993764051,68.1872487230601,4.042188671163899,0.0,6.521333333333331,77.74,10.4645309385257,0.1584049275211398,147.926,2.70638988975639,40.4074409203453,0.0015785516631048,0.0,43.2722357376229,0.257,0.432,7.825205116271219,0.588,-8.07973379393509,0.639,37.0144775788817,0.269880712032318,0.151299491524696,0.318690121173859,43.273814289286,101.641731939942,2327835.0,0.0,1306.21415227,0.0,45824445713.49303,0.0,1.0,0.0,0.0,3076763.0,0.00157855166310487,0.0,0.00157855166310487,43.27223573762289,14893.719702652765
OMN,Oman,2012,100.0,41.3054048882099,1.0155108647463305,0.0572951026260853,0.509,2.2,36.8201690395642,-0.451,36375.707,42.702,28.9452585,2.5173594699281545,67.5378696587491,2.947734952572091,0.0,5.901,78.187,9.93224968534933,0.1052814499336669,150.873,2.79525403477041,37.5396768679582,0.001651843152975,0.0,40.44021235266222,0.257,0.4620000000000001,2.9284100630694,0.588,2.21469423925791,0.639,37.4757131338017,0.271078705787659,0.178735956549644,0.335782110691071,40.4418641958152,102.0747604043,2698928.0,0.0,1326.47785091,0.0,47578817681.89716,0.0,1.0,0.0,0.0,3547106.0,0.00165184315297515,0.0,0.00165184315297515,40.44021235266222,13413.41862405498
OMN,Oman,2013,100.0,39.5770119149038,1.1422655608379273,0.0543026849627495,0.509,2.192,37.8101763629108,-0.412,35967.352000000006,42.071,30.933807279999996,2.535949716489994,64.9283987461105,1.0535482026593217,0.0,5.515499999999999,78.633,9.40793050398492,0.0490024463064275,149.209,2.80564328885222,35.9895065337986,0.0013691281081043,0.0,38.844152268957195,0.257,0.4600000000000001,2.24938416950093,0.588,7.91158154746331,0.639,39.731466379799,0.264627158641815,0.189244881272316,0.34319669008255,38.8455213970653,112.543521763774,2932614.999999998,0.0,1337.64121722,0.0,49526880051.931366,0.0,1.0,0.0,0.0,3833913.0,0.0013691281081043,0.0,0.0013691281081043,38.844152268957195,12918.102224002309
OMN,Oman,2014,100.0,35.1107522326944,1.112707194720949,0.052478164434433,0.509,2.1130000000000004,40.9964363798579,-0.449,35181.382,39.838,31.217169345,2.614827946974469,62.0562918738146,1.0140148392415576,0.0,5.22508333333333,79.03,8.63119620231856,0.0518559807676151,153.806,2.61536016043644,31.679118596048298,0.0021890614556154,0.0,34.346334737252384,0.257,0.7349999999999999,-1.8663763433111695,0.588,3.40789682865649,0.645,42.3134546107489,0.282004177570343,0.18905408680439,0.331415057182312,34.348523798708,102.27872108813,3077446.000000002,0.0,1350.52698385,0.0,44172533344.33191,0.0,1.0,0.0,0.0,4002439.0,0.00218906145561547,0.0,0.00218906145561547,34.346334737252384,11036.403888811774
OMN,Oman,2015,100.0,23.1245513585967,1.7297608072877892,0.0498768985271454,0.51,2.0569999999999995,58.1721127566142,-0.426,35464.463,31.069,29.46394037,2.6590136547471017,53.0988656602003,0.065290133028661,0.0,4.878499999999999,79.346,8.91611568746014,0.0207625564399784,155.756,2.20871236883756,18.8680645519097,0.0024052733283344,0.0,21.097539477187265,0.257,0.778,-14.074799835549102,0.588,29.7141921537162,0.645,50.1154825983089,0.321836858987808,0.199194684624672,0.416682064533234,21.0999447505156,96.3775801852347,3235030.0,0.0,1396.66498088,0.0,25503765426.217503,0.0,1.0,0.0,0.0,4184895.0,0.00240527332833459,0.0,0.00240527332833459,21.097539477187265,6094.242609723184
OMN,Oman,2016,100.0,19.9352151781583,1.9853221172153592,0.0472428873181343,0.513,2.0170000000000003,66.6702330425451,-0.346,35102.334,24.996,32.64979414,2.6225954402624136,47.9402499394191,1.1092080580702692,0.0,4.91108333333333,79.581,7.91428670336137,0.001210575987103,153.291,1.7770747170444,16.2724873177614,0.0020042226893328,0.0,18.050772610792865,0.257,0.75,-20.0131314347286,0.588,15.4598093486321,0.645,53.3326409803718,0.334725290536881,0.203699931502342,0.430235713720322,18.0527768334822,82.8642642018901,3414000.999999998,0.0,1421.74007098,0.0,21514351831.384655,0.0,1.0,0.0,0.0,4390877.0,0.00200422268933291,0.0,0.00200422268933291,18.050772610792865,4899.7846743109985
OMN,Oman,2017,100.0,21.0904075470182,1.984599252478338,0.0450593791902065,0.521,1.9930000000000003,65.9487621150617,-0.343,34082.445,28.969,31.12942918,2.6130715484883464,49.5943955174432,1.589094135677989,0.0,5.15266271716578,79.748,8.4951784209409,6.047771235406785e-05,148.822,2.04633987256907,19.3050063067708,0.0023586637685839,0.0,21.35140665705232,0.257,0.7489999999999999,-11.0890876102742,0.605,-1.999367848720241,0.622,52.0222326580764,0.349694758653641,0.185063123703003,0.412429302930832,21.3537653208209,88.9531480182956,3553426.999999998,0.0,1255.89300595,0.0,25798441498.26396,0.0,1.0,0.0,0.0,4537396.0,0.00235866376858395,0.0,0.00235866376858395,21.35140665705232,5685.737259490677
OMN,Oman,2018,100.0,28.8768284984218,1.8494201909959092,0.0425253435969353,0.521,1.992,61.0721758896089,-0.37,34208.006,31.602,29.19656677,2.6006607464237113,53.893815370623,0.8893123709704049,0.0,5.246384502136731,79.864,9.09106412005457,0.0,139.967,3.3045927232868,23.7087990780384,0.0010864949178603,0.0,27.01339180132524,0.257,0.6419999999999999,-5.21357047932256,0.605,-5.804866112383941,0.622,47.5068212824011,0.351529985666275,0.173165559768677,0.344772279262543,27.0144782962431,89.2792178262847,3630740.0,0.0,1394.72004528,0.0,35294264434.913376,0.0,1.0,0.0,0.0,4597877.0,0.00108649491786051,0.0,0.00108649491786051,27.01339180132524,7676.208918793038
OMN,Oman,2019,100.0,23.9016663290113,1.99471933938581,0.0399835556745529,0.516,2.0010000000000003,65.1353364973981,-0.179,33702.768,33.949,28.307221706,2.4823823946573795,51.3792329456517,0.4908153628206726,0.0,5.413343512784671,79.946,8.02938031979303,0.0,138.232,3.36669233100504,21.6117797561797,0.0015576188289987,0.0,24.9784720871847,0.252,0.589,-4.63360700134137,0.605,8.30089840472333,0.623,50.673372829997,0.383117258548737,0.186013206839561,0.284177482128143,24.9800297060137,86.4782010313236,3653618.000000002,0.0,1398.62882474,0.0,28887567574.066032,0.0,1.0,0.0,0.0,4591241.0,0.00155761882899883,0.0,0.00155761882899883,24.9784720871847,6291.886567066733
PAK,Pakistan,1995,70.46,17.6321540014596,23.4218793711634,0.0773011147975922,0.723,10.029,24.2071211979922,-0.795,3595.4490000000005,10.073999999999998,14.963572295,1.44972765445709,21.3232921847751,12.3435785170513,0.0,10.140746251415932,60.273,14.6178136063565,0.009024760264144,0.030772818999992,0.488320152686289,0.4360795608818808,0.1920609953289991,0.0694993763065573,1.0029238501388704,0.829,-1.127,-0.7383199217958927,0.779,2.274919290396419,0.263,44.8607712433853,0.676779925823212,0.198130637407303,0.131147131323814,1.194984845467868,36.132753673519,42951201.0,1612773283.6,79.88558218855762,0.0,1265432947.268756,0.0,1.0,0.0,0.0,134582253.0,0.192060995328999,0.0694993763065574,0.2615603716355564,1.002923850138869,9.402673228161486
PAK,Pakistan,1996,70.46,16.107396965149,23.1957958147755,0.0786773785948753,0.723,9.834,24.6939754444567,-0.804,3738.603000000001,10.686999999999998,15.467659357,1.4692747592926,21.994384420516603,10.3738085885002,0.0,10.159193271493177,60.466,14.6080060447897,0.0032558275594269,0.0495778000000015,0.539939108577813,0.5212016381492983,0.216256232243063,0.0584266353715166,1.1228232096580566,0.829,-1.127,-0.5554757913459409,0.779,2.2863050951614095,0.263,45.8349861072658,0.671804368495941,0.203511133790016,0.138562425971031,1.33907944190112,38.3301268339895,44532543.0,1395553149.5,80.92160908380339,0.0,1989446747.0351243,0.0,1.0,0.0,0.0,138557092.0,0.216256232243063,0.0584266353715166,0.2746828676145796,1.122823209658057,14.35831770368798
PAK,Pakistan,1997,70.46,16.6229492323049,24.4842507882018,0.0796465799212456,0.724,9.658,24.64621514863,-0.885,3710.044,9.862000000000002,14.85092467,1.4890855550766,21.5572792952471,11.3754928865122,0.0,10.11490897925933,60.623,14.5603612715335,0.0002361514340241,0.0955400449999928,0.516996203835465,0.4771238000658453,0.213935398820954,0.04494347897964,1.0392996343149754,0.829,-1.1255000000000002,0.106762559085257,0.779,2.277103882790259,0.234,45.65097071546,0.700539886951447,0.180740773677826,0.1335279494524,1.2532350331359297,36.8522661008964,46130077.0,1281173552.3,79.67069339242546,0.0,1815819649.9501717,0.0,1.0,0.0,0.0,142531804.0,0.213935398820954,0.0449434789796401,0.2588788778005941,1.0392996343149756,12.739750701185061
PAK,Pakistan,1998,70.46,18.0458904540438,25.3031382672009,0.0799928903579712,0.724,9.348,25.1139429411396,-0.997,3747.708000000001,9.659,14.043472449,1.5091632604599,22.0530195066132,6.228004154245429,0.0,10.090574643458927,61.134,14.6825805854075,0.0002808552385027,0.1347960190000066,0.590611201508659,0.2350444267822968,0.2158570985671299,0.04128982391876,0.8672263074482203,0.829,-1.124,0.0191627401967939,0.779,2.261980035977732,0.236,45.2951760793769,0.692239165306091,0.180188342928886,0.133512258529663,1.0830834060153478,34.011725180531,47747493.0,1360202068.9,98.61250239000806,0.0,1483579662.080857,0.0,1.0,0.0,0.0,146522356.0,0.21585709856713,0.0412898239187601,0.2571469224858901,0.8672263074482178,10.125278507539539
PAK,Pakistan,1999,70.2653503417969,17.1960296333151,25.169285514224,0.0799214765429497,0.719,9.122,25.4743176424825,-1.003,3812.111000000001,10.167000000000002,12.668927541,1.52951180934906,22.103173212169,4.14263718082171,0.0,10.040500498652031,61.54,14.4135252804352,0.0011255894714774,0.1774374259999973,0.822703961461551,0.4102626538069636,0.2412105110506039,0.0288989098158679,1.262991114555856,0.822,-1.1145,1.36897906551723,0.779,2.2474920467268737,0.205,45.8381645117937,0.730310201644898,0.158302545547485,0.11872337013483,1.5042016256064592,32.3199628094266,49387824.0,1936844882.0,85.09931311039486,0.0,1842949315.793172,0.0,1.0,0.0,0.0,150565377.0,0.241210511050604,0.0288989098158679,0.27010942086647194,1.2629911145558552,12.24019328024644
PAK,Pakistan,2000,72.8,19.5475850883206,25.3871360412975,0.0797994509339333,0.719,8.899,16.603618282266,-0.855,3867.639000000001,10.608,12.317110274,1.55013465881348,17.1836347813683,4.36666451291681,0.0,9.807760877594024,61.903,9.09419786344442,0.000907732162106,0.197892000000003,1.06406108831938,0.5752306080174296,0.1692419073994491,0.0294023180237195,1.6696017465226412,0.749,-1.105,1.54926225375673,0.779,2.1167488413986018,0.256,52.0643007395217,0.719063937664032,0.16185799241066,0.124988734722137,1.8388436539220905,21.459963888465396,51117373.0,1750716258.3,86.47674650362612,0.0,3436744997.143108,0.0,1.0,0.0,0.0,154879127.0,0.169241907399449,0.0294023180237195,0.1986442254231685,1.6696017465226416,22.18985258835497
PAK,Pakistan,2001,73.9,21.1373414010508,24.1449605032819,0.0795779526233673,0.719,8.685,16.2084602957166,-0.843,3912.51,10.494,12.143086445498922,1.60251486301422,17.5934942779914,3.1482614459061793,0.0,9.657497127314272,62.241,9.50507970295682,0.0006174518962771,0.4662530000000018,1.10586200793431,0.4998463158247261,0.1979362177812931,0.0517410438117924,1.658066819467107,0.749,-1.3714999999999995,1.69084295145282,0.779,2.0493026665199783,0.253,52.9646825407125,0.743230044841766,0.13716883957386,0.128090709447861,1.856003037248399,23.577207429846695,52876105.0,2020512684.5,82.61946358098308,0.0,3436261005.195732,0.0,1.0,0.0,0.0,159270907.0,0.197936217781293,0.0517410438117924,0.2496772615930854,1.658066819467106,21.57494466453771
PAK,Pakistan,2002,74.9,21.9634958415047,22.702627543567395,0.0789485052227974,0.716,8.492,16.004100784123,-0.905,3918.9140000000007,11.728,11.664137577825922,1.65666508674622,17.1588876671988,3.2903447261315293,0.0,9.471884021222271,62.556,9.37396407430594,0.0002039926001473,1.0406300000000002,1.38103962241738,0.5528347280106107,0.2299542260047851,0.035974556751227,1.9700528997793647,0.829,-1.638,1.43035367307135,0.779,1.924153638017294,0.216,54.8446407777793,0.735510528087616,0.143708541989326,0.122224777936935,2.2000071257841505,23.129015954529095,54493003.0,2262707595.4,98.40568407896858,0.0,3165657261.2247963,0.0,1.0,0.0,0.0,163222549.0,0.229954226004785,0.035974556751227,0.265928782756012,1.9700528997793656,19.394729959919914
PAK,Pakistan,2003,76.0,22.1240875639221,22.1519373367714,0.0779065191745758,0.714,8.32,18.221599782045203,-0.715,4022.461999999999,12.736,11.580694439768257,1.71178531646729,17.3885833649452,2.91413470059479,0.0,9.311296769460055,62.834,9.55790085767696,0.0028470898504808,1.4388099999999966,1.42372959467998,0.5225918460641239,0.2003665403420469,0.035765161747124,1.984933692341713,0.867,-1.549,3.02998211839238,0.779,1.8208992293092003,0.219,54.9424968082035,0.73714292049408,0.140543535351753,0.124536715447903,2.18530023268376,24.650158524839796,56093765.0,2360640175.4,101.67141689013698,0.0,6037529560.113251,0.0,1.0,0.0,0.0,167110248.0,0.200366540342047,0.035765161747124,0.236131702089171,1.9849336923417131,36.129020406416075
PAK,Pakistan,2004,77.0,22.7766734618764,22.0018900085347,0.0766904503107071,0.714,8.137,21.2947003364719,-0.719,4227.993,10.833999999999998,10.126714226428186,1.75520408153534,18.9071452885794,7.444624693427389,0.0,7.2575,63.097,10.4529515062226,0.0187787573912727,2.932470000000002,1.53358885408368,0.6612703287424573,0.1297462369554078,0.105631310798181,2.319269251015593,0.867,-1.583,1.2870749393235,0.779,0.0057407354215586,0.242,53.6616637238921,0.744469821453095,0.141649976372719,0.123224936425686,2.449015487971,24.8083348519064,57798982.0,2139925092.2,114.32660155071716,0.0,7652100467.064946,0.0,1.0,0.0,0.0,171286000.0,0.129746236955408,0.105631310798181,0.235377547753589,2.319269251015592,44.67440693965033
PAK,Pakistan,2005,78.1,20.1641703773193,21.5745096992331,0.0755588859319687,0.714,8.411,21.6016814942981,-0.622,4456.329,10.667,10.752413030001817,1.79972422122955,19.9330293059047,9.06332737030417,0.0,9.07166666666667,62.416,11.7625563843915,0.0269832032199071,7.278979999999997,1.74837050193472,0.9136536652099424,0.118703165626381,0.0834562245990743,2.77246359496365,0.867,-1.751,0.151393998908487,0.779,3.33053751114992,0.23,53.756287210192,0.777187943458557,0.129061460494995,0.11910454928875,2.89116676059003,29.878494055074697,59511986.0,1735155219.0,124.96767217021755,0.0,10253523676.076277,0.0,1.0,0.0,0.0,175453212.0,0.118703165626381,0.0834562245990744,0.2021593902254554,2.772463594963649,58.44021639271145
PAK,Pakistan,2006,79.1,18.3015875392073,20.4183460540925,0.0762345641851425,0.714,7.904,22.7683134071852,-0.492,4595.523999999999,11.682,12.138843387633218,1.7976154088974,20.199119664936,7.92108440058789,0.0,10.9875,63.624,12.614233382602,0.0637061164604446,19.2042,1.58009187746378,0.8835954513452897,0.1514945616574099,0.0633889914136207,2.5907824366831296,0.867,-2.025,-0.3389901880169941,0.779,4.70752170437756,0.231,54.2181198042166,0.751457214355469,0.150446265935898,0.13217405974865,2.7422769983405395,33.0497193672284,61259542.0,1718002234.0,128.01391886224013,0.0,10403428784.07449,0.0,1.0,0.0,0.0,179682690.0,0.15149456165741,0.0633889914136207,0.2148835530710307,2.5907824366831296,57.89889267616424
PAK,Pakistan,2007,80.2,17.5617091546798,19.9379514329097,0.0766517966985703,0.714,7.84,23.0416390892532,-0.581,4714.338,11.887,12.020409373,1.79550898075104,19.9449553163591,7.59868441050774,0.0,11.7683333333333,63.807,12.4814845583431,0.0685445687144514,34.0699,0.910234348934176,0.9471472291879444,0.214651357195621,0.0899951154742049,2.01592126231078,0.867,-2.4329999999999994,-0.9313105305271698,0.779,1.30244855391589,0.232,55.6028992421704,0.772499799728394,0.128839910030365,0.13275158405304,2.2305726195064004,30.7878814312746,63222706.0,1649951667.0,140.53645275527802,0.0,10091840666.297684,0.0,1.0,0.0,0.0,184493231.0,0.214651357195621,0.0899951154742049,0.3046464726698259,2.0159212623107794,54.700330259258585
PAK,Pakistan,2008,81.4,12.9151652726992,20.351365282755,0.0753190889954567,0.685,7.8,24.1685851810671,-0.433,4805.447,12.098000000000004,12.467950514,1.79340529441834,21.1955484525846,20.2861210929554,0.0,12.9358333333333,64.002,13.2562890060339,0.0601804216143808,46.4486,0.816351312264696,1.0846584932923005,0.1844783047781109,0.156190732694083,2.117380959865459,0.929,-2.573,-2.0659932757904,0.779,1.81694696282903,0.177,56.2192386662406,0.781667411327362,0.127088844776154,0.13797952234745,2.3018592646435696,34.3489608135242,65274938.0,4613647744.5,161.90215775210314,0.0,15503345877.202011,0.0,1.0,0.0,0.0,189499113.0,0.184478304778111,0.156190732694083,0.340669037472194,2.1173809598654585,81.81223453643295
PAK,Pakistan,2009,82.5,15.462895990805,21.7869229749534,0.0738949850201607,0.654,7.741,20.3957768107607,-0.456,4739.648999999998,12.77,11.577473965,1.79130387306213,20.3372467582902,13.6477650639761,0.0,14.5375,64.206,12.5394663712103,0.039466403603201,48.5357,1.02766760910678,0.5255702606085233,0.1798344501593369,0.0671108211230261,1.6598150944415335,0.929,-2.645,-0.1937820292515188,0.779,1.9246993544886597,0.216,53.4051714905599,0.776201188564301,0.133172646164894,0.130156770348549,1.8396495446008707,33.3268872863988,67308757.0,9044789416.3,139.16263407611603,0.0,7816769252.919701,0.0,1.0,0.0,0.0,194376534.0,0.179834450159337,0.0671108211230262,0.2469452712823632,1.6598150944415337,40.214572675319445
PAK,Pakistan,2010,87.1,16.2011603264128,22.688810174178904,0.0720188319683075,0.646,7.691,19.2854383363833,-0.769,4730.053000000002,12.900999999999998,10.621266854999998,1.78920495510101,20.9650197800876,12.9388705634889,0.0,14.0425,64.378,13.0355003666411,0.0838048487510589,49.7823,1.06533599428264,0.7286436405306791,0.306991926555376,0.0949511696372946,1.9727356532016744,0.926,-2.676,-1.5248330516658497,0.751,3.1231558724778097,0.228,52.5995937357421,0.791493475437164,0.121457457542419,0.119027502834797,2.27972757975705,31.989002046231505,69366905.0,10257984673.5,143.5896794138034,0.0,10499314606.611698,0.0,1.0,0.0,0.0,199239047.0,0.306991926555376,0.0949511696372946,0.4019430961926706,1.9727356532016742,52.69707301205721
PAK,Pakistan,2011,87.8,15.6966443558879,23.819642978628,0.0712392702698708,0.646,7.575,16.7900431014259,-0.808,4763.944000000001,11.688999999999998,9.539088998,1.81359827518463,21.1864809532945,11.9160927116277,0.0,14.4191666666667,64.659,13.3811359313224,0.084628082913077,53.4462,1.15135968525352,1.0186357547515392,0.263245273492436,0.0978910040824315,2.352514527000565,0.926,-2.81,-2.69581973166125,0.751,-1.7109984014482,0.232,51.8065797217263,0.810058295726776,0.109419837594032,0.108002662658691,2.6157598004930005,32.36263827514381,71334284.0,9961776336.4,145.36220340486705,0.0,14991915113.745884,0.0,1.0,0.0,0.0,203746065.0,0.263245273492436,0.0978910040824315,0.3611362775748675,2.3525145270005643,73.58137254697843
PAK,Pakistan,2012,88.6,14.0979326157931,23.3861955340345,0.071907751262188,0.646,7.482,15.197766209004698,-0.745,4797.318000000001,11.685000000000002,9.375870918,1.82945501804352,21.9583720724829,9.68235186055684,0.0,13.5191666666667,64.883,13.7390762104055,0.0586323578985086,57.8576,1.16061935619345,1.0633112529614994,0.2203228494572229,0.0601665816498386,2.3427295487032964,0.924,-2.677,-3.76441525862199,0.751,3.27593378279305,0.222,51.5898687341456,0.822912037372589,0.109532870352268,0.107080116868019,2.5630523981605204,31.318973276007597,73132102.0,7683737621.6,170.52728586895245,0.0,15394739430.11687,0.0,1.0,0.0,0.0,207667125.0,0.220322849457223,0.0601665816498387,0.2804894311070617,2.3427295487032973,74.13180796005565
PAK,Pakistan,2013,89.3,14.902750905231,23.7075945934908,0.0725772678852081,0.667,7.377,14.4059591371388,-0.775,4862.053,12.025000000000002,9.155158902,1.84366619586945,20.8910295084645,7.692156118995651,0.0,11.9858333333333,65.129,13.3207628541452,0.0350322922447896,60.5178,0.810320846360073,1.0602641301172897,0.1870036587214179,0.0535736323775322,1.959190901099692,0.904,-2.603,-3.52383214089802,0.662,4.2862667098525,0.253,51.878053333919,0.821149945259094,0.104894518852234,0.105741329491138,2.14619455982111,30.890274340184405,74786751.0,5112541985.799999,159.9293136935133,0.0,16772486720.688251,0.0,1.0,0.0,0.0,211073978.0,0.187003658721418,0.0535736323775322,0.2405772910989502,1.9591909010996917,79.4625982776913
PAK,Pakistan,2014,90.1,15.5268646478911,23.4927320097855,0.0732344463467598,0.66,7.272,14.036343426981604,-0.787,4913.196,13.725,8.917039618,1.87967920303345,20.8659912298838,7.189384028470279,0.0,11.73,65.374,13.4140262892618,0.0236449142756698,63.3618,0.804257582672484,0.9340019058333802,0.185882475211949,0.0475600073916129,1.8094644101731507,0.891,-2.401,-0.262843917508845,0.658,4.2162526354002,0.273,51.5633070162566,0.828466176986694,0.0977354943752289,0.10779494792223,1.9953468853851,29.4698256903998,76405820.00000001,5000705568.0,171.20336896007254,0.0,14637463466.856852,0.0,1.0,0.0,0.0,214264647.0,0.185882475211949,0.0475600073916129,0.2334424826035619,1.809464410173151,68.31487915436115
PAK,Pakistan,2015,91.0,16.0445762793669,23.2628407756242,0.0740571767091751,0.66,7.164,13.8776720604833,-0.741,4976.968999999999,13.093999999999998,9.812213642,1.87725651264191,19.602614668814,2.52932817254229,0.0,10.1558333333333,65.641,12.3014420948153,0.0146417314923488,57.9406,0.640277340950594,0.3338042593604307,0.197294094157501,0.0392103536960419,1.02793368549942,0.884,-2.472,-0.453968792357033,0.749,5.47083938915616,0.266,52.6865814332807,0.828978776931763,0.0896093547344208,0.115501597523689,1.2252277796569206,26.6881860172247,78011192.00000001,6358513443.699999,172.45641293181305,0.0,9148449800.974178,0.0,1.0,0.0,0.0,217290883.0,0.197294094157501,0.0392103536960419,0.23650444785354288,1.0279336854994197,42.10231775336003
PAK,Pakistan,2016,91.8,14.5338437395157,22.3283302035697,0.0750993713736534,0.661,7.039,14.6822491291274,-0.839,5054.384,13.789,10.044644154,1.87483704090118,18.1501179723214,3.765119163565799,0.0,8.755,65.943,11.2109167506518,0.0161595876848166,62.0013,0.5297993796846568,0.1871530813942286,0.195084121067945,0.0371350757558437,0.7702471245195444,0.884,-2.474,-0.0626523126061628,0.749,7.76126513302726,0.265,52.747401539414,0.828516662120819,0.0904259905219078,0.119039222598076,0.9653312455874908,24.7015780480573,79601595.0,7234607401.400002,203.8926074287349,0.0,7249727579.912583,0.0,1.0,0.0,0.0,220138869.0,0.195084121067945,0.0371350757558438,0.2322191968237888,0.7702471245195458,32.93251942669235
PAK,Pakistan,2017,92.7,13.0909438393772,21.9632035366872,0.0762197002768517,0.644,6.94,15.3138129313571,-0.712,5158.983,13.957000000000004,10.690769074,1.87242066860199,18.0993270885214,4.085373680326079,0.0,8.21,66.223,11.2993459112201,0.0310411644606729,64.7302,0.578433998743213,0.3005597410112912,0.150402750839516,0.0463691812512945,0.956404085466474,0.899,-2.397,-1.37850109719851,0.749,4.01832568832305,0.248,53.249254299638,0.834810853004456,0.0874040871858597,0.123507253825665,1.1068068363059886,25.472035002344,81350216.0,7664069520.5,233.74720681357775,0.0,8915321578.957462,0.0,1.0,0.0,0.0,223273967.0,0.150402750839516,0.0463691812512946,0.1967719320908106,0.9564040854664726,39.9299645128689
PAK,Pakistan,2018,93.4,12.0668092705686,21.6512353593957,0.0772843360900879,0.646,6.852,16.6323511145142,-0.721,5353.947,13.435,10.868664842,1.81014931201935,18.5890515927482,5.078057258689171,0.0,8.53083333333334,66.481,11.6027431620618,0.0354325651886497,67.8568,0.592895257258281,0.4434904165078048,0.0972655669332496,0.0721555292760784,1.143973768230811,0.899,-2.254,-1.84596710216253,0.741,4.51556820489702,0.264,52.9323158239348,0.832866728305817,0.0892807766795158,0.128494009375572,1.241239335164062,27.626057079633696,83391491.0,7276015104.0,316.1861981688074,0.0,11644344976.664185,0.0,1.0,0.0,0.0,226928892.0,0.0972655669332497,0.0721555292760785,0.16942109620932821,1.1439737682308124,51.31274768073245
PAK,Pakistan,2019,93.9,11.577384576920098,20.6778713222887,0.0780157521367073,0.63,6.772,15.687985806879098,-0.705,5412.608999999999,11.265,9.837530903,1.77026915550232,19.5638945814483,10.5783618004555,0.0,12.233054804153,66.729,12.5872745902299,0.0399158843301767,71.666,0.705622138819343,0.3581915295369384,0.1209835632176119,0.0786917241446841,1.182421276831148,0.904,-2.252,-3.01469681507323,0.746,2.93179330274519,0.242,53.6204826290348,0.849302709102631,0.0864884778857231,0.115372098982334,1.3034048400487617,28.905576986703196,85648282.00000001,8097223701.1,277.36009703573734,0.0,7682301496.879406,0.0,1.0,0.0,0.0,230800899.0,0.120983563217612,0.0786917241446841,0.19967528736229612,1.1824212768311497,33.28540543024231
PER,Peru,1995,67.3548355102539,17.1047753226563,8.03821624273467,0.0395908169448376,0.685,6.299,15.8738764208443,-0.315,6307.504999999999,20.216553876150194,18.57786172776384,2.37239408493042,29.0978937827927,11.1287029707089,0.0,36.155,67.22,15.3347247283038,1.97514179250267,0.3008009919999992,0.0163479111443392,0.921671598814834,0.280831756256763,0.000288098785672,2.913449401247508,0.691,-1.062,2.5388917104822633,0.755,19.8771271969869,0.1669999999999999,52.9156931059428,0.644567549228668,0.186925828456879,0.229695811867714,3.194281157504271,30.9272178475508,17260913.0,955346319.3,6957.670834607692,0.0,4305714760.433648,0.0,0.0,1.0,0.0,24348919.0,0.280831756256763,0.00028809878567212,0.2811198550424351,2.913449401247508,176.83391859957513
PER,Peru,1996,67.0,16.7540270951786,8.50404849342949,0.0391334556043148,0.709,6.127,21.025323363273,-0.422,6366.948999999999,19.759126745591846,17.55863966422545,2.42212414741516,28.8696665339292,11.5379424115177,0.0,31.533333333333296,67.85,15.3090571213663,1.44864014144907,0.8068797810000063,0.0170270415573996,1.114075455962551,0.224980526822593,1.6356130376093958e-05,2.579758995099386,0.691,-1.062,2.504088741604792,0.755,19.9161647249909,0.173,53.0809846171998,0.642216205596924,0.187219381332397,0.221660181879997,2.804739521921981,31.654204091264404,17683203.0,924156779.0,7111.205291607693,0.0,4547360503.387392,0.0,0.0,1.0,0.0,24811171.0,0.224980526822593,1.63561303760724e-05,0.22499688295296907,2.5797589950993878,183.27875388821397
PER,Peru,1997,69.16024,18.7545124007179,8.04815854878797,0.0387667119503021,0.709,6.004,24.4097995545657,-0.486,6656.35,20.14218194718312,19.00588862477023,2.47289657592773,29.3515380394435,8.56218948953653,0.0,30.911666666666704,68.324,15.3558632710371,1.44484838761415,1.6629512359999907,0.0039786832517811,0.9095502767790916,0.234304823757818,0.0,2.358377347645021,0.691,-0.7915000000000001,2.57465594608975,0.755,22.0244648803872,0.163,53.0234659952874,0.632562756538391,0.173325061798096,0.242539033293724,2.5926821714028403,33.4695458506827,18108192.0,1011436897.5,7359.907651133333,0.0,4889303651.24672,0.0,0.0,1.0,0.0,25274147.0,0.234304823757818,0.0,0.234304823757818,2.3583773476450225,193.45078792359325
PER,Peru,1998,72.072063,18.0555985101955,8.37833515800869,0.0385345369577408,0.709,5.903,28.1910496598723,-0.326,6514.226000000001,20.14085146250201,18.91091627479746,2.52473306655884,28.4747764260145,7.247821752134691,0.0,32.6266666666667,68.724,14.8647485023311,0.573187967385019,2.8764253590000024,0.0054704571321184,0.5031896407656298,0.2503927106823551,0.0,1.081848065282765,0.683,-0.521,2.530885277024016,0.755,25.866275291243,0.165,53.5205983294995,0.642814338207245,0.165749073028564,0.246288269758225,1.3322407759651202,32.9530217853936,18536751.0,904680416.7,7383.23487251282,0.0,4077052217.566577,0.0,0.0,1.0,0.0,25738095.0,0.250392710682355,0.0,0.250392710682355,1.0818480652827653,158.40536051975008
PER,Peru,1999,74.078523,18.7203721755106,8.26450173379097,0.038076002150774,0.709,5.732,28.9773282546112,-0.362,6504.609,21.30972021106409,16.627844685,2.57186794281006,28.6013693710666,3.4696599629301907,0.0,35.0566666666667,69.302,14.6733467169829,0.929461603972893,3.859914576999998,0.00879072668112,0.885131390279513,0.230968134054837,0.0,1.8233837209335224,0.683,-0.7545,3.347328834863339,0.755,31.2063565505912,0.165,54.0030260392443,0.648114919662476,0.158636420965195,0.218060836195946,2.0543518549883597,33.2057765558493,18957675.0,860178070.9,7310.190651141025,0.0,4631713003.751188,0.0,0.0,1.0,0.0,26186504.0,0.230968134054837,0.0,0.230968134054837,1.8233837209335226,176.87404946269987
PER,Peru,2000,72.5,17.7166489323643,8.06937491693616,0.0374568179249764,0.679,5.631,26.3416775572587,-0.296,6584.723,19.619,15.364695631,2.60804152488709,29.0341336995526,3.757338333444739,0.0,29.9958333333333,69.821,15.2145262038719,1.31664311353393,4.789239999999992,0.0128404214528288,1.4708912440080493,0.2063578318136989,0.0,2.8003747789948115,0.655,-0.988,1.7722017009008757,0.755,25.5698477470948,0.228,54.0274885925663,0.659901976585388,0.148245453834534,0.215177938342094,3.006732610808509,35.5380321623178,19356266.0,676998550.6,7055.868080285642,0.0,5265530228.689971,0.0,0.0,0.0,0.0,26598331.0,0.206357831813699,0.0,0.206357831813699,2.80037477899481,197.96468540413198
PER,Peru,2001,72.1,16.9411723537237,7.89362669632438,0.0367823876440525,0.624,5.592,23.4478078840921,-0.332,6544.75,18.78,14.100553703,2.64082050323486,29.0351564426085,1.9770987850205335,0.0,24.9783333333333,70.315,15.5812564716453,0.610589038496482,6.650509999999997,0.0136618526548522,1.0526109560534405,0.1933521689574571,6.588312272515218e-05,1.6769277303275023,0.474,-0.979,0.1283256835944011,0.755,24.411950042159,0.743,54.5157702696039,0.680279910564423,0.136876732110977,0.206001996994019,1.8702798992849592,35.0644014310212,19726380.0,501581050.7000001,7215.151170637948,0.0,5154212674.7913685,0.0,0.0,1.0,0.0,26964601.0,0.193352168957457,6.58831227251724e-05,0.19341805208018217,1.676927730327502,191.14737409952286
PER,Peru,2002,74.4,17.329149638321,7.52396323647705,0.0359437949955463,0.613,5.606,22.2020482940238,-0.573,6829.102000000001,18.245,13.533829871,2.67401123046875,29.4440321551084,0.1931350038537225,0.0,20.7653572885806,70.815,15.4989075774167,0.785423835993764,8.453989999999997,0.0120529488613556,1.0218011471944894,0.185588270930328,0.0,1.819277932049612,0.516,-0.97,0.764908313032044,0.755,20.6338458601459,0.723,54.4908688003072,0.688459753990173,0.121064879000187,0.209011554718018,2.00486620297994,35.2491813317695,20070501.0,360614039.4999999,7748.930210308974,0.0,5772836352.423054,0.0,0.0,0.0,0.0,27288217.0,0.185588270930328,0.0,0.185588270930328,1.8192779320496117,211.5505147303341
PER,Peru,2003,74.4,17.351681616855,7.31291934402482,0.0351389274001122,0.613,5.679,19.9857411626907,-0.455,7046.691000000001,18.491,13.934933447,2.70761942863464,29.8893494570244,2.259377533630719,0.0,21.0156649712755,71.278,15.3985817546504,1.74229444008445,10.624700000000004,0.0101218305766863,1.07774091532319,0.1735593391903209,7.112860134217414e-09,2.830157193097179,0.516,-1.162,0.556731619619983,0.755,18.8715495126426,0.723,53.9598800021533,0.684920072555542,0.114920854568481,0.210504710674286,3.0037165322875,37.6246103251002,20397393.0,274821235.70000017,8435.671467971282,0.0,6819465450.49147,0.0,0.0,0.0,0.0,27580490.0,0.173559339190321,7.11286015901435e-09,0.17355934630318115,2.830157193097179,247.2568634745601
PER,Peru,2004,75.7,18.7864239679427,6.93443306205717,0.0346237197518349,0.613,5.89,17.9102399219746,-0.589,7332.378999999999,18.525,14.216030493,2.74164962768555,32.6500976155483,3.662473200922331,0.0,24.6745640588226,71.447,16.3726500976155,4.98151080514995,14.693799999999996,0.0148195401280339,1.067538353406169,0.169943964954899,0.000790996817941,6.064659695502101,0.516,-1.027,1.06088590284013,0.755,17.308705204716,0.723,51.3878956720118,0.677278578281403,0.10641223937273,0.199956953525543,6.234603660457001,41.9360782679273,20715610.0,245676864.0,9110.31573438846,0.0,9504940893.7232,0.0,0.0,1.0,0.0,27852190.0,0.169943964954899,0.000790996817941175,0.17073496177284017,6.064659695502102,341.2636813738237
PER,Peru,2005,77.2,21.0495870058143,6.85426462318893,0.0344466120004654,0.613,5.926,19.066421608863003,-0.446,7728.536,19.943,14.878747638,2.77610778808594,34.3566674243965,1.6163019386254405,0.0,25.5338357716344,71.988,16.5516113723285,6.27793331682556,19.8688,0.0455535327521676,1.3404158327728393,0.158512249767766,0.0008136967914132,7.664716379141973,0.516,-0.976,1.56547166269638,0.755,21.284368194887,0.747,49.8362904737407,0.664289176464081,0.104243196547031,0.195597752928734,7.823228628909739,47.3573174768394,21024245.0,187868965.9,9756.519060913308,0.0,12740379561.247644,0.0,0.0,1.0,0.0,28101180.0,0.158512249767766,0.000813696791413392,0.1593259465591794,7.664716379141973,453.37525190214944
PER,Peru,2006,80.2,25.3763903174894,6.60348433016044,0.0346829257905483,0.605,6.079,20.8131640208248,-0.546,8247.044,21.191,16.536933165,2.75700330734253,37.4577549944707,2.0022580124881912,0.0,23.9333333333333,72.337,16.4721932263299,11.7308572426194,32.1983,0.0620325376535217,1.4368612931373193,0.1991001875102789,0.00195678276615,13.23170785617642,0.533,-0.842,3.95635042657865,0.755,15.1194989096292,0.725,47.4170688770149,0.630189955234528,0.10180839151144,0.21739949285984,13.4308080436867,51.7850560338442,21321733.0,157501653.5999999,10604.30551331128,0.0,20943256543.72484,0.0,0.0,1.0,0.0,28324491.0,0.199100187510279,0.00195678276615012,0.20105697027642913,13.23170785617642,739.4045154677215
PER,Peru,2007,82.0,26.1357940947509,6.70580838491928,0.03550024330616,0.6,6.195,24.6070736917389,-0.56,8890.049,21.942,18.63970345,2.73803019523621,37.6989799588981,1.7799864468037183,0.0,22.8556480555556,72.746,16.5180344893382,12.6076283382483,54.0374,0.0969856042215098,1.30152657637918,0.203831829134657,0.0033417427074192,14.009482261556345,0.533,-0.775,5.18120774269056,0.755,21.0511674102817,0.716,47.305070802301,0.629065752029419,0.0981192216277123,0.238166958093643,14.213314090691,55.6881132836815,21615293.0,144306849.79999995,12133.359553640512,0.0,23983128556.72095,0.0,0.0,1.0,0.0,28530699.0,0.203831829134657,0.00334174270741921,0.20717357184207622,14.009482261556343,840.6078153472844
PER,Peru,2008,84.7,24.4347045157198,7.16094114578461,0.0372102148830891,0.6,6.505,29.7639607500021,-0.544,9639.722,22.306,21.548010448,2.71918773651123,36.3269344719167,5.78587598206755,0.0,23.6734449024808,72.743,16.2965420065264,10.1907591712367,72.9545,0.125348633260744,1.5177250469825907,0.182180344922229,0.0098841808858723,11.843717032365872,0.533,-0.893,3.89815895581229,0.755,22.323874594588,0.716,48.3634281113294,0.638477325439453,0.0960703045129776,0.274462133646011,12.0258973772881,58.4337673899053,21905301.0,140655916.10000002,12661.212879576617,0.0,26075468122.02058,0.0,0.0,1.0,0.0,28719041.0,0.182180344922229,0.00988418088587248,0.1920645258081015,11.843717032365872,907.9505169417245
PER,Peru,2009,86.4,22.3080482053743,7.40390665571257,0.0385717190802097,0.6,6.722,30.0145290325562,-0.572,9682.099,19.93,20.788593024,2.70047473907471,33.551682543695,2.936231535967,0.0,21.0419233333333,72.631,15.2930541321031,7.933139379636051,85.4778,0.1304443907152359,0.697970782680752,0.1538451547427379,0.005612741238721,8.767167294270761,0.533,-1.18,-0.365500677267792,0.755,18.5944908019559,0.716,50.7365164325183,0.663674175739288,0.110398709774017,0.204579517245293,8.9210124490135,48.1119296153519,22199151.0,956123263.8,12463.233085339973,0.0,22517024738.152557,0.0,0.0,0.0,0.0,28896811.0,0.153845154742738,0.00561274123872108,0.15945789598145907,8.767167294270761,779.2217881119324
PER,Peru,2010,88.1,24.2255007586726,6.82799723597835,0.0395215190947056,0.62,6.733,30.261687153432,-0.596,10413.008999999998,21.028,23.337748195000003,2.68189072608948,35.7720066029406,1.5283205973290102,0.0,18.9768683333333,72.886,15.5564992898,10.0296551530023,100.1,0.1574332360681141,0.7920838771525318,0.2321337680266249,0.0028732169644857,10.982045483187475,0.542,-1.0,1.02508500395896,0.755,12.5494733748355,0.718,48.9435774885792,0.650700867176056,0.104542315006256,0.229873850941658,11.2141792512141,51.6728089370033,22513188.0,939253621.5,13225.968839135769,0.0,29818466428.083843,0.0,0.0,0.0,0.0,29086019.0,0.232133768026625,0.00287321696448575,0.23500698499111075,10.982045483187475,1025.1821133749463
PER,Peru,2011,89.7,25.5889447571449,7.10011013658205,0.0409217588603497,0.617,6.671,32.3092275000503,-0.517,10990.035,21.808,24.122154569000003,2.69885945320129,37.2361002771383,3.3693109533385304,0.0,18.677925,73.327,15.0914598699078,11.0671310820787,110.774,0.4760701212803799,1.031234603254271,0.185724618227566,0.0064344876650261,12.580870294278334,0.505,-0.761,3.07829131730941,0.755,11.1780878633624,0.753,47.7582660570047,0.647900521755219,0.104537397623062,0.223345369100571,12.7665949125059,55.9882802838607,22860650.0,936350530.5,13827.048196455897,0.0,38295437310.45439,0.0,0.0,0.0,0.0,29304086.0,0.185724618227566,0.00643448766502628,0.19215910589259227,12.580870294278334,1306.8292698313262
PER,Peru,2012,91.1,24.2997906846482,6.72523424077649,0.042380191385746,0.606,6.469,34.0437468209084,-0.537,11582.114,22.369,26.220177870999997,2.71593523025513,35.5335533553355,3.6112129494016294,0.0,19.2369083333333,73.979,15.164396582771,8.51955189006804,99.4508,0.4689357498062549,0.8467642934653803,0.159329263520308,0.0046981160269931,9.839950049366673,0.514,-0.907,2.9880325924262,0.759,17.8200224863401,0.762,49.129259974298,0.656070113182068,0.101487919688225,0.233645156025887,9.99927931288698,52.6198952632294,23241010.0,937356786.7,14149.149205403846,0.0,37729089718.45535,0.0,0.0,0.0,0.0,29550366.0,0.159329263520308,0.00469811602699319,0.16402737954730118,9.839950049366673,1276.7723323107184
PER,Peru,2013,92.1,23.6026698003651,6.66831016491401,0.043476577848196,0.606,6.321,37.7199291764532,-0.618,12164.643,22.263,26.418602894,2.73311901092529,33.8594367461678,2.7678966608200213,0.0,18.13925,74.591,14.831406515612,6.26699281690755,99.9174,0.5046137830483461,0.6975566167868816,0.181783102720725,0.0032585113220826,7.472421728064855,0.538,-0.806,1.70330588706003,0.774,16.903308069059,0.726,50.5158622110693,0.659899055957794,0.112657904624939,0.241801649332047,7.654204830785581,49.7871424471444,23648756.0,939234817.5,15189.494842863076,0.0,36036207204.41406,0.0,0.0,0.0,0.0,29817919.0,0.181783102720725,0.0032585113220827,0.18504161404280772,7.472421728064856,1208.5419912910106
PER,Peru,2014,92.9,22.1279364588477,6.80424741378252,0.0438980013132095,0.632,6.123,40.8996268175973,-0.65,12338.951,22.351,25.478684033,2.75041174888611,31.701403934103,3.411945798074651,0.0,15.7433166666667,75.26,13.9596976357841,4.26013490615039,105.858,0.4824956382987149,0.7018487502801758,0.2156842301011339,0.0027646917333029,5.447243986462585,0.538,-0.551,0.72573664439727,0.783,12.994785090205,0.726,52.3928980547013,0.660151481628418,0.124394334852695,0.239338889718056,5.662928216563721,46.8531210912899,24091018.0,883616043.5,15647.41658479436,0.0,32429154808.36451,0.0,0.0,0.0,0.0,30115826.0,0.215684230101134,0.00276469173330299,0.21844892183443698,5.447243986462587,1076.8143901603266
PER,Peru,2015,93.9,21.2788756893134,7.04564405972046,0.0438335426151753,0.616,6.037,43.8679314540477,-0.665,12592.215,20.206,23.824962018,2.76781368255615,30.3378798708175,3.3980919474630795,0.0,16.1058277777778,75.732,13.7880201715375,3.23811085118362,112.405,0.2527673875499241,0.2352559477921882,0.1827312885883669,0.002621009552456,3.7287551960781937,0.523,-0.399,-1.12274833715344,0.783,13.0638220152775,0.749,54.0425799449386,0.664195001125336,0.137905910611153,0.231978222727776,3.9114864846665593,45.1627686891148,24578759.0,845147379.4,16369.939060851026,0.0,27332335241.805992,0.0,0.0,1.0,0.0,30457600.0,0.182731288588367,0.00262100955245613,0.18535229814082316,3.7287551960781924,897.3896578130251
PER,Peru,2016,94.2,21.1467907311941,6.93503461650105,0.0434715487062931,0.599,6.036,42.8090253456419,-0.788,12892.63,18.697,21.881466081,2.78532600402832,30.5565505783828,3.55717663556279,0.0,16.4662,75.951,13.3440281131691,3.9330093820778,119.655,0.119359528240305,0.1254821393636813,0.224375236979849,0.0030118798222282,4.180862929504011,0.525,-0.208,-1.20139461604596,0.783,12.9852567811511,0.748,54.3063730182748,0.654041469097138,0.146080285310745,0.214832216501236,4.40523816648386,45.3888411964154,25131264.0,819898529.8,16927.16166849436,0.0,29335216675.604088,0.0,0.0,1.0,0.0,30866494.0,0.224375236979849,0.00301187982222832,0.22738711680207732,4.180862929504011,950.3903059286256
PER,Peru,2017,94.8,21.4694956071062,6.77975956010925,0.0429333262145519,0.62,6.102,42.4146143080756,-0.709,12982.689,18.147,21.33277544,2.80294895172119,31.2978841231473,2.994900458094431,0.0,16.7874916666667,75.958,12.9708469176106,5.396643828869191,124.233,0.1343570017441731,0.1835831901489015,0.1775422083176401,0.0041301663539902,5.718714187116259,0.52,-0.264,-1.80305530787025,0.783,12.7122035671679,0.749,53.9283331564894,0.625346779823303,0.155348613858223,0.216089650988579,5.8962563954339,47.5135503619971,25746711.0,868569499.9,17518.917895381535,0.0,35527138753.295784,0.0,0.0,1.0,0.0,31324637.0,0.17754220831764,0.00413016635399039,0.1816723746716304,5.71871418711626,1134.159631388411
PER,Peru,2018,95.2,21.3425057032291,6.88584285144097,0.0424220226705074,0.618,6.173,43.9039424432995,-0.685,13246.574,19.273,21.076523872,2.82068347930908,31.6240835005495,1.5091542302474217,0.0,14.539125,76.018,13.1690240955292,5.21656664025148,132.157,0.2978242497586609,0.3097474447301387,0.1286487929374871,0.0032389838632573,5.827377318603542,0.508,-0.277,-0.8260288503421203,0.783,11.988677700057302,0.77,53.5381936281076,0.617387592792511,0.154712289571762,0.226392492651939,5.95602611154103,48.631470171736,26374675.0,848234042.4,17603.448530433845,0.0,37305994577.18567,0.0,0.0,1.0,0.0,31897584.0,0.128648792937487,0.00323898386325731,0.1318877768007443,5.827377318603543,1169.5554928920533
PER,Peru,2019,95.6,21.3222508028925,6.85303103477238,0.0420266874134541,0.619,6.16,44.7242368945336,-0.744,13303.52,19.786,20.954708293,2.83853006362915,30.4491957836385,2.2521219135802717,0.0,14.38545,76.275,12.8493511674786,1.79031604115199,122.79,0.325180505319842,0.2620762509399021,0.1195711573442279,0.0019775148331627,2.3795503122448913,0.526,-0.1639999999999999,-0.212553621335958,0.783,12.2832644568721,0.759,54.3915620275491,0.618833661079407,0.157187506556511,0.225092843174934,2.49912146958912,46.9435053754409,26966442.0,843375643.2,17482.17025288359,0.0,33150415793.3815,0.0,0.0,1.0,0.0,32449303.0,0.119571157344228,0.00197751483316281,0.12154867217739082,2.379550312244892,1021.606405332697
QAT,Qatar,1995,100.0,19.36848425247514,3.564653299646573,0.0547945201396942,0.864,2.007000000000001,34.6961722327483,-0.657,62854.335,46.464,12.296426036046022,2.07806086540222,46.658025109602534,2.9565217391302987,0.0,10.1944444444444,74.404,6.747662874918188,0.0,3.58528768299999,3.5046340742533006,26.8649643256338,0.0004298847354675,0.0,30.369598399887032,0.442,0.3619999999999999,-2.1202375590549893,0.333,2.25230566648879,0.488,48.372379514315305,0.3823098838329321,0.248840183019638,0.233327895402908,30.3700282846225,87.6679520311654,488988.0,0.0,470.197618834,0.0,3437614769.15804,0.0,1.0,0.0,0.0,514325.0,0.000429884735467654,0.0,0.000429884735467654,30.369598399887032,6683.740376528537
QAT,Qatar,1996,100.0,21.852851754604796,3.5037245217006516,0.0574278235435486,0.864,1.982,31.127184350048,-0.69,64065.249,46.427,12.435770260672852,2.09871506690979,48.70119864768458,4.904534606205321,0.0,9.748950617283912,74.558,7.50979555543256,0.0,5.436207879999998,3.58192022129042,36.8699208406966,0.0003843539325842,0.0,40.45184106198702,0.42,0.3619999999999999,-4.03905111518256,0.333,1.3220839018312058,0.51,46.94561088174304,0.336673825979233,0.25503745675087,0.266877233982086,40.4522254159196,83.5092210549861,504623.0,0.0,577.702817483,0.0,5264628379.56342,0.0,1.0,0.0,0.0,529019.0,0.000384353932584475,0.0,0.000384353932584475,40.45184106198702,9951.681091914317
QAT,Qatar,1997,100.0,25.93850357625947,0.6201710672398004,0.0581790283322334,0.847,1.931,30.5500439929242,-1.225,79210.401,38.244,13.681045785451754,2.11957430839539,51.060725823941794,4.834489819133221,0.0,9.303456790123422,74.713,29.89992076440488,0.0,7.896242401000002,4.2250114124786,33.9039217305219,0.0003059716271578,0.0,38.128933143000545,0.393,0.7104999999999999,-5.11722581136305,0.333,0.3918621371736215,0.519,45.63980857250412,0.254145085811615,0.228472158312798,0.281712830066681,38.1292391146277,84.4470388418955,526643.0,0.0,705.4911541700001,0.0,6063088386.034449,0.0,1.0,0.0,0.0,550500.0,0.000305971627157859,0.0,0.000305971627157859,38.128933143000545,11013.784534122522
QAT,Qatar,1998,100.0,26.805252686004067,0.5891839183831085,0.058772187680006,0.847,1.901,38.7559583810254,-0.918,84019.078,48.111,13.406739301175003,2.1406409740448,51.550589901313714,2.9513888888889,0.0,8.857962962962933,74.872,30.46378723263505,0.0,11.317786490000003,5.23208291455393,26.4784043103748,0.0007339986982426,0.0,31.710487224928656,0.393,1.059,-0.246544655935021,0.333,-0.5383596274839633,0.519,46.13991547635638,0.247033357620239,0.247267216444016,0.251545250415802,31.7112212236269,91.0581255555736,556775.0,0.0,717.6593659199999,0.0,4494205068.305088,0.0,1.0,0.0,0.0,580540.0,0.000733998698242768,0.0,0.000733998698242768,31.710487224928656,7741.421897380177
QAT,Qatar,1999,100.0,25.069516815661757,0.2983459389355989,0.0595009475946426,0.847,1.877,34.7629181352663,-0.696,83864.32,38.009,12.870184413428696,2.16191720962524,49.29368360240078,2.1817032040472313,0.0,9.08166748704159,75.048,32.5155234714703,0.0,13.75586579,5.41184949514692,32.8896055971835,0.0002626604459383,0.0,38.30145509233036,0.393,1.108,1.21822038808907,0.333,-1.8493223004565105,0.519,47.888105640868346,0.175128385424614,0.194949194788933,0.139849469065666,38.3017177527763,85.7329697856399,588681.0,0.0,744.63483803,0.0,6516808273.560812,0.0,1.0,0.0,0.0,612500.0,0.000262660445938375,0.0,0.000262660445938375,38.30145509233036,10639.686977242141
QAT,Qatar,2000,100.0,39.77824350967459,0.3727995544967974,0.0604989677667618,0.847,1.854,26.848992977137,-0.554,86435.581,34.407,13.23342025889199,2.18340468406677,58.0791563844011,1.6503352243423244,0.0,8.185564228536913,75.25,31.9448244284256,0.0,18.737700000000004,5.8049734481771,40.7661397416806,0.0001813982052891,0.0,46.5711131898577,0.393,1.157,8.89664477769959,0.354,-4.461040026392009,0.512,38.7845968081302,0.118384450674057,0.161531493067741,0.163690954446793,46.571294588063,89.6126597159917,621087.0,0.0,877.0405840999999,0.0,12842232953.534636,0.0,1.0,0.0,0.0,644989.0,0.000181398205289287,0.0,0.000181398205289287,46.571113189857705,19910.778251310698
QAT,Qatar,2001,100.0,45.81088704060187,0.3759398496240607,0.0633994489908218,0.847,1.8310000000000004,34.8932847744361,-0.457,87650.41,36.59,17.65774702676305,2.21360206604004,64.91162518111298,1.471334348046831,0.0,8.209490301481727,75.486,36.7598883145363,0.0,26.2461,7.15223785160177,34.9268648116195,0.0002058929824559,0.0,42.07910266322124,0.393,0.994,8.90618049801401,0.354,-4.222669602080053,0.508,35.0854364488973,0.110966935753822,0.166578635573387,0.258584320545197,42.0793085562037,94.968671679198,653977.0,0.0,883.7359735,0.0,11798884773.928663,0.0,1.0,0.0,0.0,677925.0,0.000205892982456141,0.0,0.000205892982456141,42.07910266322124,17404.41018391218
QAT,Qatar,2002,100.0,50.74942912493156,0.2567958685659182,0.0660489201545715,0.847,1.798,28.678248964304,-0.588,91006.822,39.472,18.80960300880509,2.24421715736389,68.63738164997406,0.2399999999999522,0.0,8.121124751307283,75.766,36.7630175642699,0.0,37.5002,6.07035853153518,31.8348108510858,0.0002085723462061,0.0,37.905169382621,0.393,0.831,11.255363712605,0.354,-4.447100248093635,0.508,32.02729707543943,0.1387517154216769,0.161666929721832,0.281482726335526,37.9053779549672,88.4697236252199,687326.0,0.0,832.1879638,0.0,11046284417.963924,0.0,1.0,0.0,0.0,711205.0,0.000208572346206231,0.0,0.000208572346206231,37.905169382621,15531.786781538269
QAT,Qatar,2003,100.0,58.91043640561007,0.2346403931685792,0.0688466355204582,0.847,1.758,29.9881582480184,-0.491,90264.581,35.218,27.378608436494194,2.27525568008423,69.9093895166289,2.264565043894688,0.0,7.478436436875475,76.097,32.4348752670348,0.0,50.5632,5.12871457863623,33.8929726986092,0.000245604997684,0.0,39.02168727724541,0.393,1.186,9.04536422850431,0.354,-5.931067728457416,0.542,31.84881363024559,0.102728150784969,0.129961833357811,0.384768515825272,39.0219328822431,90.1649486943021,721084.0,0.0,979.8875864,0.0,16664256171.534937,0.0,1.0,0.0,0.0,744682.0,0.000245604997683974,0.0,0.000245604997683974,39.02168727724541,22377.68090478209
QAT,Qatar,2004,100.0,59.26860740333272,0.1817992935798873,0.0702695921063423,0.847,1.7220000000000004,28.9848665073759,0.094,98632.636,47.61,22.02806708679979,2.30672359466553,70.1416252741881,6.79933665008279,0.0,6.184999999999999,76.484,25.6166821628922,0.0,63.4052,5.07734420990481,34.825040164201,0.0001779126592142,0.0,39.902384374105885,0.393,1.124,19.389728962057,0.354,-6.11969021542947,0.564,31.663913724362352,0.107500992715359,0.114015147089958,0.353394865989685,39.9025622867651,90.3724288385622,750498.0,0.0,1119.102511,0.0,23748094090.48016,0.0,1.0,0.0,0.0,773332.0,0.000177912659214303,0.0,0.000177912659214303,39.902384374105885,30708.795304578318
QAT,Qatar,2005,100.0,60.699201069389886,0.1332584782622117,0.0707802698016167,0.847,1.6339999999999997,33.7215866396037,0.211,93270.343,38.793,27.26312109248023,2.33862662315369,70.21418056242794,8.81439532334683,0.0,6.651666666666671,76.909,19.7980540560549,0.0,86.8374,5.44352090574478,38.1771562134119,0.0001259188063214,0.0,43.62067711915668,0.393,1.028,10.968729248472,0.354,-18.3013168722464,0.564,32.096213863633054,0.0931968986988068,0.148572415113449,0.35514971613884,43.620803037963,94.7455441696331,803136.0,0.0,1195.349514,0.0,35527805686.736206,0.0,1.0,0.0,0.0,825408.0,0.000125918806321381,0.0,0.000125918806321381,43.62067711915668,43042.72031133234
QAT,Qatar,2006,100.0,60.67161061555883,0.1218351074630774,0.074786439538002,0.847,1.4610000000000003,35.9974581586654,0.0209999999999999,101382.65,37.94,27.425813427953308,2.40313744544983,70.21889095775668,11.8358096197431,0.0,7.18,77.323,15.1664733248801,0.0,94.546,4.95980535473162,34.1520126219521,0.0001130821574157,0.0,39.11181797668378,0.393,0.927,9.32225986771113,0.354,-1.0904355305694198,0.557,32.09637014988489,0.0963845402002335,0.142922729253769,0.476716309785843,39.1119310588412,98.570919313572,949315.0,0.0,1290.291881,0.0,42882373924.9939,0.0,1.0,0.0,0.0,972831.0,0.000113082157415938,0.0,0.000113082157415938,39.11181797668378,44079.982982649504
QAT,Qatar,2007,100.0,60.539167564256374,0.109942375031018,0.0800793692469597,0.847,1.391,41.5768407593261,-0.0199999999999999,100604.627,39.8,27.522989543150366,2.46942758560181,70.12218968669742,13.7581625759964,0.0,7.428333333333331,77.741,12.368047816317,0.0,104.601,4.89547281730169,30.8003611618771,8.009019162202868e-05,0.0,35.69583397917878,0.393,0.9529999999999998,11.0279257209595,0.354,-3.19143165809333,0.557,32.207504993785825,0.103776425123215,0.112660720944405,0.520252645015717,35.6959140693704,96.1141057101106,1182807.0,0.0,1328.148845,0.0,48747368935.13104,0.0,1.0,0.0,0.0,1208595.0,8.00901916220935e-05,0.0,8.00901916220935e-05,35.69583397917878,40333.91577420976
QAT,Qatar,2008,100.0,60.75929663913787,0.1246475667507986,0.0826995745301247,0.847,1.3709999999999996,40.8011854627094,-0.575,87676.762,33.036,27.57580136698764,2.53754639625549,70.22165041551675,15.0501451570333,0.0,6.84416666666667,78.262,10.1664851531163,0.0,100.179,4.32386730680106,32.6040710093919,9.76381740787069e-05,0.0,36.92793831619292,0.393,1.115,9.98616436135485,0.354,-13.0638363628401,0.557,32.084403788513406,0.0952284857630729,0.0829376876354218,0.439818501472473,36.928035954367,89.4328416546905,1400247.0,0.0,1512.0336679999998,0.0,79321064090.62245,0.0,1.0,0.0,0.0,1426938.0,9.76381740787781e-05,0.0,9.76381740787781e-05,36.92793831619292,55588.30453083628
QAT,Qatar,2009,100.0,54.40091611996557,0.1233194563831165,0.0832823291420937,0.847,1.287,51.7351086840494,-0.421,93993.734,50.562,27.04786915229583,2.5919075012207,64.9816131721114,-4.8632780162256495,0.0,7.044166666666669,78.837,13.6282672071374,0.0,122.869,6.07315860076268,23.0165618959946,0.0001125359600382,0.0,29.089720496757263,0.393,1.223,15.3059758009388,0.354,41.2529481378795,0.561,37.86244927836124,0.1333027184009549,0.117403492331505,0.469489008188248,29.0898330327173,80.1441629727012,1582348.0,0.0,1517.832505,0.0,47793601574.56387,0.0,1.0,0.0,0.0,1608903.0,0.000112535960038342,0.0,0.000112535960038342,29.089720496757263,29705.707289105605
QAT,Qatar,2010,100.0,61.18450917973776,0.1193325377830802,0.0838325992226601,0.847,1.1879999999999995,45.2424054950745,-0.463,105738.997,36.597,27.93607116461992,2.63983011245728,70.66045641359784,-2.425256751617141,0.0,7.271447980993081,79.444,12.6792687826526,0.0,127.92,5.82722775061414,26.6026039782648,0.000105687219738,0.0,32.429831728878966,0.38,1.154,5.84086774722973,0.354,1.4855979621068205,0.565,31.60512292704275,0.137790217995644,0.1036073043942449,0.364158719778061,32.4299374160987,87.1111970364642,1592687.0,0.0,1878.5264047,0.0,75750095216.45572,0.0,1.0,0.0,0.0,1616832.0,0.000105687219738134,0.0,0.000105687219738134,32.429831728878966,46850.93764624631
QAT,Qatar,2011,100.0,65.2615625427817,0.0966101306365452,0.0857639461755753,0.847,1.1479999999999997,39.7530248795648,-0.119,116493.398,33.733,28.41054592770058,2.65763425827026,73.2142681700731,1.138366235292022,0.0,5.487058672836589,79.994,9.4627166768735,0.0,127.128,6.77128125187135,29.9468705202351,9.08356023587853e-05,0.0,36.718151772106445,0.38,1.175,6.68800003929904,0.354,-11.8741237559613,0.565,28.5571358862424,0.0930413380265235,0.0878771767020226,0.36965611577034,36.7182426077088,98.7216351018991,1602503.0,0.0,2443.493729,0.0,124871983158.50618,0.0,1.0,0.0,0.0,1624761.0,9.08356023587425e-05,0.0,9.08356023587425e-05,36.718151772106445,76855.60101362981
QAT,Qatar,2012,100.0,64.5159892067205,0.0942544487805747,0.0875610336661339,0.847,1.1319999999999997,37.1284395521664,-0.486,115334.949,39.537,28.37895716919798,2.7429358959198,73.4692107035411,2.315348534316609,0.0,5.38110455030475,80.499,10.5240017998041,0.0,136.395,6.7671639000861,28.338982246327497,9.393673353397249e-05,0.0,35.106146146413565,0.38,1.224,10.0038414937198,0.354,-0.8923054704290712,0.563,28.482929798816,0.093982495367527,0.107082366943359,0.348614275455475,35.1062400831471,105.746286433535,1700784.0,0.0,2710.8524268,0.0,133294075616.02618,0.0,1.0,0.0,0.0,1722438.0,9.39367335338763e-05,0.0,9.39367335338763e-05,35.106146146413565,77386.8642099316
QAT,Qatar,2013,100.0,61.4569588184287,0.096078211811676,0.0874648913741112,0.847,1.104,40.0053190003995,-0.188,111365.6,47.563,28.78910561706354,2.8712203502655,71.768350592851,3.2219775682929317,0.0,5.112674133999999,80.974,10.2050267567452,0.0,162.86,6.70372963647687,25.3595869913171,7.348543105356597e-05,0.0,32.063316627793945,0.406,1.213,20.5459834468992,0.301,4.3121061593343,0.546,30.3225601318276,0.1063290834426879,0.128033399581909,0.367634981870651,32.063390113225,102.383154379024,1894114.0,0.0,2736.0622636,0.0,140733215043.59726,0.0,1.0,0.0,0.0,1916426.0,7.34854310535053e-05,0.0,7.34854310535053e-05,32.063316627793945,73435.24615278505
QAT,Qatar,2014,100.0,58.38232584629641,0.1172304831228068,0.0861518904566765,0.847,1.0469999999999997,46.0967802914243,-0.24,106059.289,45.668,28.770961751406567,2.85582208633423,69.7579989822263,3.34972085659523,0.0,4.96392361111111,81.395,10.142168604078,0.0,149.02,6.15888218994419,21.5388184142326,0.0001138621359193,0.0,27.69770060417678,0.406,0.977,14.5247236424577,0.301,6.54371044408067,0.546,32.8507789166305,0.125137507915497,0.120629511773586,0.372871965169907,27.6978144663127,99.0343138952759,2128111.0,0.0,2701.3746278,0.0,123741546133.18517,0.0,1.0,0.0,0.0,2151745.0,0.000113862135919319,0.0,0.000113862135919319,27.69770060417678,57507.53278533709
QAT,Qatar,2015,100.0,46.5961488600324,0.1613634703677213,0.083089143037796,0.847,0.9699999999999998,70.8425328629447,-0.189,101000.905,57.007,30.032731163397763,2.85102701187134,57.4408093312248,1.8140772393775997,0.0,4.435962126238611,81.785,8.91558652224353,0.0,154.098,6.03394269918749,13.0300594635573,0.0001321716644495,0.0,19.06400216274475,0.406,0.984,19.9348431292284,0.301,39.489533311065,0.546,46.0684215085616,0.161175146698952,0.145264208316803,0.449321866035461,19.0641343344092,93.7076739370818,2319663.0,0.0,2658.1052724,0.0,71548488484.72134,0.0,1.0,0.0,0.0,2344557.0,0.000132171664449558,0.0,0.000132171664449558,19.06400216274475,30516.84752587433
QAT,Qatar,2016,100.0,43.6809666956113,0.1839563284779242,0.0795854404568672,0.847,0.92,79.760609083749,-0.183,96943.807,30.935,33.32867861826067,2.84624004364014,53.2053847059143,2.6765917009818985,0.0,4.040684942364521,82.147,8.47611374150153,0.0,140.518,4.82010069228067,11.1615579117458,0.0001092558451869,0.0,15.981658604026514,0.406,0.8839999999999999,-7.718380242800629,0.301,14.3010036806249,0.546,50.7782837381519,0.1775999069213869,0.130234941840172,0.590903341770172,15.9817678598717,89.5476231430097,2451983.0,0.0,2664.6958487,0.0,58119129431.27434,0.0,1.0,0.0,0.0,2477113.0,0.000109255845186937,0.0,0.000109255845186937,15.981658604026514,23462.445771054587
QAT,Qatar,2017,100.0,46.7215944380894,0.2146994974428757,0.0770109593868256,0.847,0.9009999999999998,80.0816741444848,-0.191,91742.857,27.843,30.3705410857815,2.85774207115173,56.6880001909956,0.3948789140830051,0.0,4.696532893292851,82.458,8.04722365753128,0.0,147.358,5.35908283407917,13.5394624768111,0.0001270755510633,0.0,18.89854531089024,0.386,0.6479999999999999,-5.42393345168238,0.279,-2.86772698643374,0.535,47.300396827427,0.173125490546227,0.142211526632309,0.505743741989136,18.8986723864413,91.4945574785855,2521151.0,0.0,2604.0162299,0.0,69113805403.66263,0.0,1.0,0.0,0.0,2545820.0,0.00012707555106357,0.0,0.00012707555106357,18.89854531089024,27147.95445226396
QAT,Qatar,2018,100.0,50.779403836367194,0.2183294872179093,0.0747015625238419,0.847,0.8769999999999998,80.4367472352924,0.082,91679.05,31.156,32.76416437730023,2.89797782897949,60.3815146701831,0.2558153827244069,0.0,4.98064264061083,82.714,8.2374801450535,0.0,142.911,7.70831016537843,16.2911609453974,5.675614149214248e-05,0.0,23.999471110775808,0.369,0.649,3.728704692914581,0.279,-6.612932396535001,0.549,43.0924266490844,0.175764843821526,0.128568977117538,0.445955812931061,23.9995278669173,91.838343273294,2556877.0,0.0,2589.6468351000003,0.0,92210763373.59737,0.0,1.0,0.0,0.0,2580734.0,5.67561414920975e-05,0.0,5.67561414920975e-05,23.999471110775808,35730.44078684489
QAT,Qatar,2019,100.0,46.1605324902827,0.2599720868795874,0.0724556744098663,0.847,0.8410000000000002,100.636054966417,0.0029999999999999,91022.868,33.463,33.12631239485209,2.9387800693512,57.1645752595048,-0.6666411248611475,0.0,5.03907055609657,82.945,8.33359294196812,0.0,140.017,7.86548262532752,14.5084244384971,7.960227225378702e-05,0.0,22.373907063824547,0.369,0.6839999999999999,2.70924852180681,0.272,9.93784738580424,0.533,46.4546287181149,0.176235780119896,0.145279198884964,0.4808879196643829,22.3739866660968,90.0462934117559,2615415.0,0.0,2566.7813515,0.0,68578743047.6557,0.0,1.0,0.0,0.0,2638657.0,7.96022722537887e-05,0.0,7.96022722537887e-05,22.373907063824547,25990.018046171102
ROU,Romania,1995,100.0,18.7475891345747,18.1628255328095,0.0766191780567169,0.484,12.0,10.990981497580698,0.6260000000000001,12676.217,31.073,15.081980525,2.85733366012573,36.3900349512522,32.2424847257597,,50.7166666666667,69.4560975609756,23.8706540877198,0.155123724238432,0.0402429600000076,1.16255246782124,1.0009914405381206,0.666569540484037,0.0852183515667878,2.403885984164583,0.712,0.5979999999999999,-1.96275495764216,0.812,4.71272825916809,0.42,40.2701495282895,0.601864695549011,0.282081097364426,0.1243648305535319,3.0704555246486205,56.291225396158,12226491.0,0.0,605.6332726,0.0,4151546214.972889,0.0,1.0,0.0,0.0,22684270.0,0.666569540484037,0.0852183515667878,0.7517878920508249,2.4038859841645834,183.01431851114842
ROU,Romania,1996,100.0,16.1345107901565,17.5390992035266,0.0742425248026848,0.559,12.7,10.990981497580698,0.5860000000000001,13250.367,28.718,15.742596384,2.87318348884583,37.7951649586835,38.8293013382852,,55.1333333333333,69.1048780487805,25.5609122122992,0.101382831276475,0.075832364,1.08021855713211,1.4261431663318902,0.682995325679195,0.0559416788686419,2.6636862336091163,0.712,0.5979999999999999,-3.0659656457821898,0.812,7.72977283272313,0.437,39.8403540662294,0.633007109165192,0.265912592411041,0.120332278311253,3.34668155928831,60.7813693722174,12141321.0,0.0,597.1291347,0.0,4800161955.238732,0.0,1.0,0.0,0.0,22619004.0,0.682995325679195,0.0559416788686419,0.7389370045478368,2.6636862336091154,212.2180956879769
ROU,Romania,1997,100.0,15.3484975721336,17.5105195665899,0.0727208331227303,0.568,12.4,8.292438068870318,0.502,12514.771,28.332,16.324503849,2.88912105560303,36.0026039113572,154.763480436309,,72.525,69.0048780487805,23.9426512052894,0.0856087440476285,0.9017684760000008,1.05007718028031,1.14873206278261,0.666526782965204,0.0276511100491297,2.312069097159675,0.712,0.5489999999999999,-1.40654985294702,0.812,-26.6906716511495,0.437,40.0182744381395,0.61934506893158,0.269914239645004,0.126716762781143,2.97859588012488,63.205242332383,12054071.0,0.0,554.024361,0.0,3980864499.529285,0.0,1.0,0.0,0.0,22553978.0,0.666526782965204,0.0276511100491298,0.6941778930143337,2.312069097159676,176.50387437326066
ROU,Romania,1998,100.0,11.32313644694,14.3794399543879,0.0715560093522072,0.568,12.0,11.6679231619366,0.2969999999999999,11971.839,29.397,15.876955547929018,2.90514707565308,32.2122152957358,59.09658275411671,,55.3166666666667,69.8073170731708,21.3917644165944,0.0307400360666401,2.901461931000007,0.1094959199512279,0.2980653485625151,0.4172259593581271,0.0264900194151803,0.4647913239955645,0.712,0.5000000000000002,-0.707992811811893,0.812,4.84839516944538,0.437,43.5909283743653,0.662043511867523,0.238060459494591,0.132987186312675,0.8820172833536919,53.838795710082,11978451.0,0.0,573.6020644,0.0,2799489420.313164,0.0,1.0,0.0,0.0,22507344.0,0.417225959358127,0.0264900194151803,0.4437159787733073,0.4647913239955649,124.38115400525109
ROU,Romania,1999,100.0,11.6566832017592,12.6491118592906,0.0705309882760048,0.568,11.8,7.987189440993788,0.191,11890.513,31.535,15.631512349706409,2.92126202583313,30.3919719045684,45.8037811326363,,65.6416666666667,70.5121951219512,19.3798252742787,0.031247815738653,6.150458594,0.1244469910257999,0.981639514434116,0.551884786944392,0.0066514035294187,1.1439857247279883,0.712,0.0605,1.64483804492947,0.812,10.7804562206084,0.43,46.5998142450804,0.625379383563995,0.263622760772705,0.125204518437386,1.6958705116723802,57.9736750449875,11914613.0,0.0,405.2939658,0.0,2930749258.9732656,0.0,1.0,0.0,0.0,22472040.0,0.551884786944392,0.00665140352941871,0.5585361904738108,1.143985724727988,130.41758821065045
ROU,Romania,2000,94.4,16.1068246968884,10.8539180518615,0.0698939561843872,0.524,11.4,7.125224580237429,0.366,12239.177,31.048,16.175491666988286,2.93746614456177,30.2634621400688,45.6665940440238,,53.85,71.1634146341463,19.8128920493959,0.0335104634902398,11.335300000000004,0.800310156362475,2.0519407382551194,0.528334253836839,0.0471360430458419,2.932897401153671,0.786,-0.379,0.830585200765149,0.853,7.45156589527913,0.385,49.1808772014428,0.598007559776306,0.269065231084824,0.14213915169239,3.4612316549905096,48.5213253850786,11863793.0,0.0,416.7807097000001,0.0,4530284045.590391,0.0,1.0,0.0,0.0,22442971.0,0.528334253836839,0.0471360430458419,0.5754702968826808,2.932897401153671,201.85759031593415
ROU,Romania,2001,94.6,17.4074804163676,13.1496003966219,0.0696691274642944,0.541,11.7,8.653376567619091,0.382,12892.21,29.963,17.03456914978498,2.95060968399048,32.337206984498,34.4770123493527,,45.4,71.1609756097561,22.0207783534399,0.022095745757007,17.5417,1.54852812299773,1.3802010261567794,0.4084541522809439,0.148910028910058,3.099734923821575,0.781,0.0429999999999999,0.598875982397348,0.853,5.39568237207382,0.389,45.2363631407411,0.612275302410126,0.254750639200211,0.15311287343502,3.5081890761025196,51.9285910211481,11677892.0,0.0,428.7096301,0.0,4511001916.973523,0.0,1.0,0.0,0.0,22131970.0,0.408454152280944,0.148910028910058,0.557364181191002,3.0997349238215754,203.82288232694708
ROU,Romania,2002,94.9,19.0117501898883,11.3424376853187,0.0697305724024773,0.541,12.4,10.089858509307398,0.2750000000000001,14000.051,29.488,17.18605236944267,2.96381211280823,33.3269850234614,22.5398862605386,,35.425,71.009756097561,21.8092683135058,0.0251304714744446,23.4754,1.00878753147777,1.23167374745268,0.398270996240925,0.0473375696093841,2.312929320014275,0.781,0.465,0.383480099690356,0.853,10.357989375454,0.392,45.6522724213001,0.603303968906403,0.264086157083511,0.144886627793312,2.7112003162551996,53.7102478139376,11462107.0,0.0,417.5930521,0.0,3861810520.458708,0.0,1.0,0.0,0.0,21730496.0,0.398270996240925,0.0473375696093841,0.4456085658503091,2.3129293200142746,177.7138690464639
ROU,Romania,2003,95.1,16.7132968709047,11.9143840898386,0.0700996443629265,0.541,12.4,14.1322681192345,0.3849999999999998,14464.266,29.53,19.123424043305725,2.97707319259644,32.0484937285585,15.273488993625502,,25.435,71.309756097561,21.0476787954831,0.0296295583294492,32.602,0.862627148393439,1.1157167568148392,0.413784941700434,0.0427125133532241,2.050685976890957,0.781,0.32,-0.190053845827584,0.853,1.85276834167124,0.424,45.25754803103,0.611479938030243,0.254424154758453,0.162021085619926,2.46447091859139,56.1795270470243,11391751.0,0.0,428.5061297,0.0,5129912942.375721,0.0,1.0,0.0,0.0,21574326.0,0.413784941700434,0.0427125133532241,0.45649745505365813,2.050685976890956,237.7785958354259
ROU,Romania,2004,95.3,16.5029092316798,12.7055114609076,0.0708479881286621,0.434,12.1,15.7819282736445,0.3340000000000001,16051.562,30.261,18.627305471281655,2.990394115448,31.8347873600822,11.8743635936399,,25.6125,71.5609756097561,21.2420046238418,0.0462987311961669,47.7283,0.584918699286346,1.123612534985499,0.36992931589425,0.302346005342054,2.0571759708100608,0.712,0.059,-2.29058073467346,0.853,8.79629617167316,0.485,45.1610886176413,0.641865849494934,0.223406687378883,0.177801221609116,2.427105286704311,60.6264786669408,11351735.0,0.0,449.4515608,0.0,6616453081.492907,0.0,1.0,0.0,0.0,21451748.0,0.36992931589425,0.302346005342054,0.672275321236304,2.057175970810061,308.4342162462894
ROU,Romania,2005,95.6,14.6497391056733,8.48610428920676,0.0717550069093704,0.511,12.3,20.0582548606141,0.3909999999999999,16909.928,31.611,19.488277724274145,3.00377440452576,32.2658742760889,9.01491283343835,,19.6008333333333,71.9121951219512,21.2678992923076,0.0318115978351158,62.9515,0.354487682531617,1.1970166717178596,0.260404073854235,0.137550843403067,1.720866795487666,0.701,0.086,0.412903560912063,0.853,6.77979401796874,0.535,47.9286025784533,0.640218138694763,0.232442229986191,0.192778557538986,1.9812708693419,59.3605494490555,11315318.0,0.0,442.5769674,0.0,7418536787.727804,0.0,1.0,0.0,0.0,21319685.0,0.260404073854235,0.137550843403067,0.397954917257302,1.720866795487665,347.96652894861273
ROU,Romania,2006,95.9,17.5783032730834,7.82080658741648,0.0731708258390427,0.511,12.2,26.005425621115,0.5780000000000001,18375.301,32.497,22.83836124151796,3.02271199226379,32.9782770932418,6.558514122769829,,13.9816666666667,72.1634146341463,21.1053948126196,0.0565646478510226,76.0183,0.629281730062376,1.0306928081837103,0.2299241495158779,0.1310235969896859,1.847562783086792,0.689,0.1479999999999999,-0.7209654728958177,0.853,3.05143448896313,0.546,48.253514239885,0.619256317615509,0.230374544858933,0.240762278437614,2.077486932602671,61.6836259265159,11287084.0,0.0,438.106837,0.0,7790444040.912989,0.0,1.0,0.0,0.0,21193760.0,0.229924149515878,0.131023596989686,0.360947746505564,1.8475627830867931,367.58196945294225
ROU,Romania,2007,96.1,16.8501859546938,5.50150097100926,0.0749387592077255,0.509,12.1,33.9999546690076,0.6420000000000001,19822.51,31.519,32.15682273422687,3.04176926612854,34.2821825497409,4.837329283139891,,13.3483333333333,72.5658536585366,21.0280647164106,0.0090854818675047,97.7446,0.4387133837468939,0.8111522841073064,0.213571423199123,0.160288656570398,1.419239806292108,0.667,0.198,-2.50235440675175,0.853,-2.1308707708490804,0.582,49.3464862197025,0.612748563289642,0.229966923594475,0.293611347675324,1.6328112294912298,63.5051566734658,11161386.0,0.0,433.72388733,0.0,8312822104.281401,0.0,1.0,0.0,0.0,20882982.0,0.213571423199123,0.160288656570398,0.373860079769521,1.4192398062921068,398.0668136514891
ROU,Romania,2008,96.5,22.3010996659883,6.30193056572848,0.0760826319456101,0.504,12.3,35.9149171389437,0.76,22187.291,30.667,34.689481033,3.06094622612,36.7743706646186,7.850802557144821,,14.9883333333333,72.5658536585366,21.9454814966302,0.0033924105176577,118.106,0.631334600169183,0.9093210046508772,0.1729481884891939,0.406049107691184,1.9500971230289057,0.648,0.181,-4.00621379193578,0.853,-0.8848509238217863,0.597,46.6274099654077,0.594488203525543,0.236204758286476,0.321297377347946,2.1230453115180996,65.1752009979412,11014418.0,0.0,432.49655492,0.0,12643386359.67421,0.0,1.0,0.0,0.0,20537875.0,0.172948188489194,0.406049107691184,0.578997296180378,1.9500971230289057,615.6131712591595
ROU,Romania,2009,96.8,22.8144843788992,6.11614263251912,0.0759652182459831,0.441,12.6,37.0085626096682,0.792,21163.282,29.455,24.366193141,3.08024454116821,36.4231420350652,5.587420042643931,,17.275,73.309756097561,21.0059677585834,0.0098563587124769,121.981,0.5451137600935431,0.5727984009961027,0.1692497785975379,0.138463665594626,1.2662321853967526,0.638,0.359,-5.87849836397074,0.853,12.6652151658549,0.609,48.3819583982207,0.56880784034729,0.252243369817734,0.261529117822647,1.43548196399429,58.4700583666529,10955165.0,0.0,370.49941411,0.0,6430158757.47367,0.0,1.0,0.0,0.0,20367487.0,0.169249778597538,0.138463665594626,0.307713444192164,1.266232185396752,315.70702647183083
ROU,Romania,2010,97.1,22.0733491811039,5.1772466335768,0.0744102001190186,0.441,12.8,38.2860073711137,0.6300000000000001,20483.57,31.21,24.646386536,3.09966444969177,38.3073286489437,6.09141668601891,,14.0725,73.4585365853659,23.358328052216,0.136427208896023,119.221,0.483676559163372,0.6512773358440036,0.2004854095485189,0.241667876490204,1.5130489803936005,0.596,0.2740000000000001,-4.98380333753713,0.853,7.68453304401845,0.641,45.9961975955111,0.578123331069946,0.249099239706993,0.26174595952034,1.7135343899421205,69.9549354932718,10913837.0,0.0,382.54558721,0.0,8416234407.857951,0.0,1.0,0.0,0.0,20246871.0,0.200485409548519,0.241667876490204,0.442153286038723,1.5130489803936014,415.68074434108615
ROU,Romania,2011,97.4,23.1607049982451,5.95088848587022,0.0731059983372688,0.441,12.5,37.4326073949952,0.613,21510.189,30.921,25.786656572,3.1184663772583,40.2099159620935,5.7892532881588,,12.1275,74.409756097561,25.9119432595128,0.1884080641229109,115.472,0.659254438284072,0.9285988236809412,0.2166365829135859,0.295278539729938,2.071539865817865,0.596,0.186,-2.7450514175755893,0.853,7.83299754096995,0.641,42.3345168458964,0.601401805877686,0.218612119555473,0.266933470964432,2.28817644873145,76.271356441629,10871785.0,0.0,410.71607637,0.0,12208301346.87151,0.0,1.0,0.0,0.0,20147528.0,0.216636582913586,0.295278539729938,0.511915122643524,2.071539865817864,605.9453719022755
ROU,Romania,2012,97.8,22.2011809056773,4.540797247714841,0.071969136595726,0.441,12.7,35.9605697947908,0.7230000000000001,22036.695,31.082,26.344150773000003,3.1373827457428,34.4276463515754,3.3349226769344185,,11.3291666666667,74.4121951219512,21.2783438640457,0.1305094243150919,113.302,0.743533575959798,0.9440581494505283,0.2423994170894519,0.127830873583113,1.9459320233085275,0.593,0.082,-0.7060553378727192,0.879,7.24295337975641,0.628,49.4343903967501,0.602699339389801,0.212887033820152,0.258050411939621,2.188331440397981,76.5943239913672,10822575.0,0.0,394.8121058,0.0,10649568890.115612,0.0,1.0,0.0,0.0,20058035.0,0.242399417089452,0.127830873583113,0.370230290672565,1.9459320233085289,530.9377957569429
ROU,Romania,2013,98.1,24.6962466912139,5.50972556892124,0.070639431476593,0.443,12.4,34.1696505303704,0.7510000000000001,22179.983,31.729,23.805830452,3.15641355514526,32.072608504292,3.984712355481299,,10.5225,75.0634146341463,20.2152670692205,0.1158145245164921,114.191,0.682228898080954,0.8180285401192258,0.2143365979552369,0.0455428280245193,1.6616147907411936,0.472,0.179,-0.7848513243120987,0.899,9.00236757143017,0.735,50.5530892890503,0.578263580799103,0.213244631886482,0.256097465753555,1.8759513886964303,81.3976131747183,10773244.0,0.0,380.14517992,0.0,9855846937.90446,0.0,1.0,0.0,0.0,19983693.0,0.214336597955237,0.0455428280245193,0.2598794259797563,1.6616147907411933,493.19447300879074
ROU,Romania,2014,98.4,24.8293201453149,4.948340945276241,0.0701296329498291,0.411,12.8,31.085760270442,0.8460000000000001,23178.184,31.772,23.76158079,3.17555975914001,32.5700211539755,1.0683098768429815,,8.46583333333333,74.909756097561,21.5132642153968,0.0966669754878151,114.783,0.471981769489163,0.710972260249342,0.1958334690738499,0.034718339478214,1.3143393447045302,0.443,0.0489999999999999,-0.278817665215697,0.899,6.63787782811327,0.767,50.9162586615439,0.575770497322083,0.212207958102226,0.252078950405121,1.5101728137783803,83.3751429575201,10716350.0,0.0,392.75747734,0.0,8689606600.342424,0.0,1.0,0.0,0.0,19908979.0,0.19583346907385,0.034718339478214,0.23055180855206397,1.3143393447045304,436.4667118460683
ROU,Romania,2015,98.8,24.9758563237231,4.42592968395419,0.0692379847168922,0.371,13.2,29.9038145680168,0.9260000000000002,24002.982,32.816,24.78810096,3.19482231140137,30.811807082352,-0.5941564374952044,,6.7675,74.9121951219512,20.2080251087435,0.0323715054018045,116.35,0.3927922842924329,0.3348613947384908,0.1892787550018539,0.0266754601414304,0.7867006445741573,0.443,0.182,-0.0490008982748351,0.899,3.39222469611366,0.791,52.6060117162535,0.576898276805878,0.206877201795578,0.248919919133186,0.975979399576012,83.5205767017155,10642409.0,0.0,398.52987932,0.0,5755986232.910782,0.0,1.0,0.0,0.0,19815616.0,0.189278755001854,0.0266754601414304,0.21595421514328442,0.786700644574158,290.47727978331744
ROU,Romania,2016,99.1,22.4379317458101,4.2921753725524,0.0675293728709221,0.343,13.1,28.5586243050561,0.983,24826.391,29.316,23.563096217,3.21420168876648,30.1213847463155,-1.5447966681389715,,5.70916666666667,75.209756097561,20.1242845144537,0.0527688284676908,115.791,0.1989128103705209,0.2372812737340588,0.1741435285172219,0.0258870672734479,0.5148499798457191,0.356,0.2669999999999999,-1.21008530246416,0.899,3.01037862400641,0.87,55.1153784636175,0.592223525047302,0.215381816029549,0.225392580032349,0.6889935083629393,85.8925282906884,10551119.0,0.0,393.013338,0.0,4734312653.14454,0.0,1.0,0.0,0.0,19702267.0,0.174143528517222,0.0258870672734479,0.2000305957906699,0.5148499798457172,240.29278727897352
ROU,Romania,2017,100.0,21.1228533404801,4.43884283682194,0.0656851008534432,0.381,13.4,26.6684604630278,1.014,27020.78,28.163,22.478011557,3.23369860649109,29.1130933187854,1.3390212110438997,,5.56451674276812,75.209756097561,19.8307791051555,0.0800723748127929,113.767,0.2665551543718569,0.3068191193286118,0.1993282417955719,0.032149145286358,0.6855957937996209,0.466,0.0489999999999999,-1.71229156328742,0.899,0.8726217808698529,0.655,56.9119041977143,0.59445071220398,0.209837943315506,0.242128401994705,0.8849240355951942,87.1560645667801,10453491.0,0.0,403.06747558,0.0,6387093777.4343,0.0,1.0,0.0,0.0,19588715.0,0.199328241795572,0.0321491452863581,0.23147738708193008,0.6855957937996222,326.0598654600008
ROU,Romania,2018,99.8,19.0846947930134,4.50660889280427,0.0640386790037155,0.386,13.6,25.6917391714929,0.974,28811.89,28.99,21.286454293820977,3.25331354141235,29.1075109238852,4.625484431377789,,6.80820228932061,75.3585365853659,19.069928394043,0.0697675668177608,115.49200000000002,0.367013896608261,0.4178957503764078,0.186181613264917,0.0294045200544209,0.8840817338568527,0.506,0.0359999999999999,-1.43383766673996,0.899,0.589692861347932,0.531,56.7769219049761,0.6165851354599,0.213557243347168,0.237866401672363,1.070263347121772,87.0911701095809,10349358.0,0.0,401.783779186,0.0,7722186942.995334,0.0,1.0,0.0,0.0,19473970.0,0.186181613264917,0.0294045200544209,0.2155861333193379,0.884081733856855,396.53891543405547
ROU,Romania,2019,100.0,19.7012625858652,4.31147831319992,0.0627568960189819,0.367,13.4,24.71556311196,1.0909999999999995,30105.501,28.754,24.00092966277865,3.27304792404175,27.7745670712094,3.82785432599438,,7.161666666666669,75.6073170731707,17.2425919406663,0.0115879204859994,116.252,0.238741949260169,0.3560497410917485,0.17146485178739,0.0204076426370486,0.6267872534749674,0.388,0.542,-3.45742624019298,0.899,0.18190593749111,0.624,58.3617382577699,0.612366735935211,0.217238783836365,0.244099304080009,0.7982521052623568,84.9063630584793,10246281.0,0.0,397.446194109,0.0,5515711042.108398,0.0,1.0,0.0,0.0,19371648.0,0.17146485178739,0.0204076426370487,0.19187249442443868,0.6267872534749668,284.73112055868444
RUS,Russian Federation,1995,100.0,28.2636309957835,6.69223108273929,0.0332501046359539,0.422,15.0,21.12231347930636,0.3459999999999999,13375.395,32.259,14.479869049965512,2.889967918396,34.5391926383218,197.414268084251,0.0,32.0416666666667,64.6907317073171,15.129296093654736,0.603209971025087,0.0597230750000008,3.27402902079779,4.54593521684435,0.4748111473566541,0.261275642112783,8.684449850780016,0.776,-1.178,4.861705573881275,0.84,14.7604587981811,0.269,52.2288034605835,0.494702249765396,0.29148805141449,0.207660496234894,9.15926099813667,55.1829054657257,108218295.0,9617293074.600002,56038.5958554858,0.0,94184155949.64348,0.0,1.0,0.0,0.0,148375787.0,0.474811147356654,0.261275642112783,0.736086789469437,8.684449850780016,634.767692586146
RUS,Russian Federation,1996,100.0,27.4974011108601,6.54937524189732,0.0322027616202831,0.492,14.2,20.822110132120507,0.8010000000000002,12915.186,32.259,11.849009708262775,2.94356226921082,35.3467042522777,47.7520122009939,0.0,32.0416666666667,65.8541463414634,15.100251891955915,0.4422086932874121,0.1506558060000102,3.01657028458803,6.32131864255256,0.4742578372242281,0.238313684602075,10.018411305030073,0.776,-1.178,4.532644871964112,0.84,14.7604587981811,0.274,49.4166548670001,0.492151111364365,0.301010370254517,0.180481046438217,10.4926691422543,47.922500819419,108249212.0,12507607840.7,56231.40232367842,0.0,121489843132.55424,0.0,1.0,0.0,0.0,148160129.0,0.474257837224228,0.238313684602075,0.712571521826303,10.018411305030073,819.990127928103
RUS,Russian Federation,1997,100.0,22.4267356075438,5.86976214443115,0.0312559753656387,0.527,13.8,23.7293008593311,0.861,13114.569,32.259,10.74627919130515,2.99815082550049,34.6892270441073,14.761329268806,0.0,32.0416666666667,66.6987804878049,14.646895495708058,0.2993108924401011,0.328222390999997,3.00765731529941,4.82777869917989,0.512520628751622,0.184131293814738,8.318878200734138,0.776,-1.134,4.521452417890988,0.84,14.7604587981811,0.264,50.5952152260349,0.502113521099091,0.299681007862091,0.188120409846306,8.83139882948576,47.2569214100748,108149295.0,13230629062.399998,57095.34447823088,0.0,110345918328.7708,0.0,1.0,0.0,0.0,147915361.0,0.512520628751622,0.184131293814738,0.69665192256636,8.318878200734138,746.0071596537617
RUS,Russian Federation,1998,100.0,20.2025530465117,5.10339314799118,0.0304080545902252,0.527,13.5,19.980966310699444,0.998,12437.53,32.259,9.966569337154754,3.05375146865845,33.9440292391723,27.6856798076742,0.0,41.7916666666667,67.029756097561,17.3477675546944,0.61524291861154,0.5070283239999966,0.604675750621871,2.22399348794497,0.560748769302722,0.267635672143723,3.7115478293221074,0.776,-1.09,3.935797365568755,0.84,19.6160805566126,0.266,51.8249193895855,0.50706285238266,0.324128061532974,0.119932480156422,4.2722965986248305,55.7722532849766,108082031.0,19335057150.4,57711.52518549448,0.0,85321680723.28738,0.0,1.0,0.0,0.0,147670784.0,0.560748769302722,0.267635672143723,0.828384441446445,3.7115478293221082,577.7830821517639
RUS,Russian Federation,1999,100.0,29.404085109048,6.58064760911948,0.0296720433980227,0.527,14.6,22.87059688040615,1.037,13267.973,30.7,9.98474908788333,3.1103835105896,33.4962012517122,85.7464940960636,0.0,39.7166666666667,65.9821951219512,15.69158432045672,1.04095627627957,0.932935006000001,0.821322846506518,8.76039094628312,0.979318429545095,0.227577992971664,10.850248062040905,0.776,-1.2445,1.88776777600981,0.84,-18.9515529417948,0.259,49.8897679326535,0.488144844770432,0.338324278593063,0.1242850497365,11.829566491586,69.393281498812,107415750.0,23022598081.1,57062.12973258083,0.0,100722423377.72644,0.0,1.0,0.0,0.0,147214776.0,0.979318429545095,0.227577992971664,1.2068964225167589,10.850248062040905,684.1869146187231
RUS,Russian Federation,2000,97.8,37.116967221604,5.75171562849956,0.0291832536458969,0.499,15.3,20.573142477331608,1.082,14663.551,33.758,10.691286011250847,3.16806554794312,33.91897031752,20.7987606558704,0.0,24.4333333333333,65.4836585365854,15.08499658652961,0.833857339720371,2.2241300000000095,4.1520862923239,15.355993811466,0.893465860279828,0.267292850766668,20.60923029427687,0.79,-1.399,7.10603657109692,0.84,-9.63311144269678,0.216,49.7177094379727,0.455558776855469,0.30088946223259,0.17350697517395,21.5026961545567,68.0939070373555,107245611.0,19002404990.9,56265.820411617424,0.0,168609904042.3253,0.0,1.0,0.0,0.0,146596869.0,0.893465860279828,0.267292850766668,1.1607587110464959,20.60923029427687,1150.160335568458
RUS,Russian Federation,2001,97.9,32.9686376216711,5.87572156767964,0.0289047732949257,0.5,15.6,16.8377718530329,1.162,15474.255,34.456,11.22535421027058,3.17985320091248,31.8373541233321,21.4770072117159,0.0,17.9083333333333,65.3834146341463,15.03153452751502,0.483078548242046,5.304299999999998,7.44451981829648,10.3003624423723,0.7374108125074,0.543231109180164,18.771191918091,0.78,-1.062,5.45889145553368,0.84,1.22657850722426,0.207,51.4659539559897,0.488192856311798,0.290840923786163,0.180916532874107,19.5086027305984,61.1108586644206,106898549.0,14561291370.8,55256.14785896529,0.0,161056143327.52017,0.0,1.0,0.0,0.0,145976482.0,0.7374108125074,0.543231109180164,1.2806419216875642,18.771191918091002,1103.3019916695907
RUS,Russian Federation,2002,97.9,29.3337356285019,5.56571375282766,0.0286878254264593,0.505,16.2,17.9723927796501,1.119,16283.426,34.491,11.002533797741604,3.19168448448181,29.0563928119662,15.7887307914463,0.0,15.7,65.1287804878049,15.1934447901759,0.496310313770547,12.065799999999996,5.10909236952929,10.4623662427989,0.581348556561578,0.332078896134252,16.39984782223302,0.785,-0.725,2.59023199936789,0.84,0.0329353853463896,0.201,53.8437413886709,0.51142829656601,0.286691635847092,0.157231897115707,16.9811963787946,59.6454457319607,106499347.0,14192114345.2,57788.04623171384,0.0,154350177949.99658,0.0,1.0,0.0,0.0,145306497.0,0.581348556561578,0.332078896134252,0.91342745269583,16.39984782223302,1062.2386550960387
RUS,Russian Federation,2003,97.9,29.1586322326832,5.50294605214831,0.0285727214068174,0.502,16.4,21.2435670578541,1.094,17560.59,33.949,11.674220572180149,3.20355987548828,28.6531349946058,13.6632930228666,0.0,12.975,65.0275609756098,14.3673346864676,0.361866933813302,24.784999999999997,4.66262486735643,10.9344981048,0.6060286433838101,0.257760611118803,16.21675051708859,0.785,-1.193,2.7961469407324904,0.84,-0.6001706804033198,0.188,53.8174550832199,0.50602787733078,0.27127468585968,0.168306484818459,16.8227791604724,59.1282690076014,106180387.0,13497061899.1,63624.33978627846,0.0,227045751202.2701,0.0,1.0,0.0,0.0,144648618.0,0.60602864338381,0.257760611118803,0.863789254502613,16.21675051708859,1569.6365049424123
RUS,Russian Federation,2004,98.0,30.9287754849138,4.90444194797732,0.0286166332662106,0.454,15.9,24.3164009497689,0.8540000000000001,18891.382,34.203,12.29710029831249,3.21547937393188,31.7022224269588,10.8886157326216,0.0,11.4416666666667,65.4709756097561,15.2165071849086,0.3802275214409749,50.7798,3.07700843859375,11.6957615431619,0.493371345733943,0.763856154475936,15.916853657672556,0.73,-1.515,5.63497309246457,0.84,-7.32898586198476,0.235,50.6582705909717,0.505415916442871,0.245030090212822,0.172864601016045,16.4102250034065,56.5818523984055,105610822.0,12370613856.9,69995.80913076492,0.0,286243390738.507,0.0,1.0,0.0,0.0,144067316.0,0.493371345733943,0.763856154475936,1.257227500209879,15.916853657672556,1986.8725168622357
RUS,Russian Federation,2005,98.0,31.3056987519774,4.25591600597494,0.0289138182997704,0.469,16.1,25.9225395243251,0.908,20176.533,37.055,12.817536097293102,3.22744345664978,32.6292320732921,12.6853039507349,0.0,10.683333333333298,65.529756097561,15.6802236675119,0.562873173871561,82.9888,2.09070756907338,13.686863716874,0.4040747234740629,0.672065787615228,17.012510247434136,0.73,-1.268,8.34225919983748,0.84,-7.206689910621931,0.242,48.8060444911754,0.500791013240814,0.222383722662926,0.169436544179916,17.4165849709082,56.7132484905422,105000362.0,8106537259.199999,75611.87933888541,0.0,381339418168.722,0.0,1.0,0.0,0.0,143518814.0,0.404074723474063,0.672065787615228,1.076140511089291,17.012510247434136,2657.0691851503316
RUS,Russian Federation,2006,98.1,31.5797321250697,3.8613124712338296,0.0295502599328756,0.46,15.1,30.9419240283111,0.875,21895.544,36.843,13.984457247042029,3.24144864082336,31.780260587362,9.668654547892649,0.0,10.425,66.7275609756098,15.2912276564636,0.953377681300224,104.56,3.71352780552611,12.4450132664814,0.3677827797758051,0.558289896787985,17.670208650095695,0.73,-0.909,8.319378480210059,0.84,-4.07869184018714,0.24,49.721475563319,0.489381700754166,0.223919853568077,0.176494672894478,18.0379914298715,54.733401867266,104775161.0,8532674830.299999,81399.38562743367,0.0,428896672809.1582,0.0,1.0,0.0,0.0,143049637.0,0.367782779775805,0.558289896787985,0.92607267656379,17.670208650095695,2998.236708626938
RUS,Russian Federation,2007,98.2,31.9761108466358,3.7789017062609007,0.0305112656205893,0.415,14.6,37.783577717454,0.6040000000000001,23808.458,37.527,15.586793118480925,3.25551462173462,31.2220408019737,9.00729868861079,0.0,10.0333333333333,67.5868292682927,15.1146322628327,1.35678270433092,119.005,2.88422228176728,10.7326206704977,0.3751151084405639,0.438320419083283,15.411946075679236,0.73,-0.863,5.58414302598999,0.84,-3.34492661176019,0.242,50.6730476139936,0.487673282623291,0.227376013994217,0.191291123628616,15.7870611841198,51.7061227454606,104798397.0,8962866011.2,90882.93136165524,0.0,459266915817.1465,0.0,1.0,0.0,0.0,142805114.0,0.375115108440564,0.438320419083283,0.813435527523847,15.411946075679236,3216.0396988104117
RUS,Russian Federation,2008,98.3,30.9295130846305,3.75334118813491,0.0316856354475021,0.471,14.5,41.5540438231948,0.6520000000000001,25068.768,36.56,16.446710526508365,3.2696418762207,30.7868817007532,14.1107677840442,0.0,12.225,67.9492682926829,14.9331548589743,0.909958056449626,138.738,4.15561654866874,12.3954143055606,0.262973658206296,1.38101613489841,18.842005045577302,0.731,-0.75,4.736585898940749,0.84,-4.90496208972303,0.241,50.6956877769402,0.481987804174423,0.242092609405518,0.196186691522598,19.1049787037836,53.3824660408908,104890297.0,8736107344.5,92768.3988796375,0.0,646939409817.8583,0.0,1.0,0.0,0.0,142742366.0,0.262973658206296,1.38101613489841,1.643989793104706,18.842005045577306,4532.217224267239
RUS,Russian Federation,2009,98.4,21.5775347256203,4.084448697184169,0.0324012823402882,0.476,14.1,45.260909297208,0.5760000000000001,23101.197,32.707,15.302066240369708,3.28383016586304,29.3269390255444,11.6473295764118,0.0,15.3083333333333,68.6846341463415,12.8979714243795,0.74136400520147,159.902,3.50581589927238,9.19214468199248,0.2895775132723539,0.7302260729598,14.169550659426148,0.74,-0.97,-6.19671600331879,0.84,13.079965285875,0.241,53.766526695736,0.52501505613327,0.283233970403671,0.132085427641869,14.4591281726985,48.4350610278181,104988452.0,8891628171.0,91154.31483342932,0.0,369280399608.9072,0.0,1.0,0.0,0.0,142785348.0,0.289577513272354,0.7302260729598,1.019803586232154,14.169550659426147,2586.2625597194133
RUS,Russian Federation,2010,99.3,27.1214975673363,3.34389824902191,0.032837301492691,0.469,14.2,42.8400452491127,0.6380000000000001,24132.785,32.311,15.560278520939546,3.29807996749878,29.999588218512,6.84939230255025,0.0,10.8166666666667,68.8412195121951,12.8154704732559,1.1393877427442,165.137,2.8068678510359,8.57128659193273,0.2781951473929751,0.8809914485394941,13.398533634252326,0.732,-0.929,-3.07874804044393,0.887,-2.9550837319084806,0.231,53.1202122391884,0.509828209877014,0.262762367725372,0.154515743255615,13.6767287816453,50.3555054872589,105236676.0,8734746111.9,98007.90381313428,0.0,505600350487.06696,0.0,1.0,0.0,0.0,142849468.0,0.278195147392975,0.880991448539494,1.159186595932469,13.398533634252326,3539.392603737712
RUS,Russian Federation,2011,99.2,29.6323653688149,3.150725721296199,0.0334972739219666,0.469,13.5,41.6986059819676,0.6480000000000001,25048.451,34.693,16.28506559,3.29943633079529,29.4135888378747,8.4404648593257,0.0,8.45833333333333,69.6839024390244,11.4709337154407,1.08841203576658,141.451,3.41958000572264,10.6778918258558,0.255460123774792,0.826216078938521,16.012099946283506,0.741,-0.998,1.70854244801308,0.887,-12.8569352915768,0.23,53.7975831653192,0.494541466236115,0.245582818984985,0.167835265398026,16.2675600700583,48.0353994077919,105623921.0,8707748331.6,105261.01009806606,0.0,715585693295.4487,0.0,1.0,0.0,0.0,143018195.0,0.255460123774792,0.826216078938521,1.081676202713313,16.012099946283506,5003.459128367888
RUS,Russian Federation,2012,100.0,28.1053004404055,2.926030877753531,0.034234631806612,0.501,13.3,43.9139602428073,0.4750000000000001,26012.579,34.411,16.509130842,3.30079340934753,29.102868072666,5.07474300799149,0.0,9.1,70.0721951219512,11.4152854387593,0.831686056311716,144.198,3.18608357236399,9.61307623916807,0.2308967719628829,0.43162981739037,14.062475685234118,0.74,-0.818,0.6550035429773668,0.887,0.1764166188425981,0.211,54.5096468238003,0.516326546669006,0.238267481327057,0.174396097660065,14.293372457197,47.1513903857957,106060846.0,8717106179.6,106742.25993406534,0.0,709954979806.7598,0.0,1.0,0.0,0.0,143378447.0,0.230896771962883,0.43162981739037,0.662526589353253,14.062475685234118,4951.615773929813
RUS,Russian Federation,2013,100.0,25.1556057861372,2.993600487766781,0.034890815615654,0.511,13.0,48.0247500537777,0.428,26412.954,33.49,16.431528057,3.30215072631836,28.1912891799352,6.754668339034861,0.0,9.466666666666672,70.5787804878049,11.0573063367208,0.653521828265251,150.964,3.05775631125077,8.68048261508321,0.2091036379484119,0.19902062006838,12.59078137466759,0.726,-0.736,-0.8250751987314437,0.876,3.93707019254129,0.202,56.121604545822,0.504865765571594,0.246739447116852,0.186769813299179,12.799885012616,46.287149400499,106525889.0,8734571241.1,113389.8136843564,0.0,725935929147.249,0.0,1.0,0.0,0.0,143805638.0,0.209103637948412,0.19902062006838,0.408124258016792,12.59078137466759,5048.035245650445
RUS,Russian Federation,2014,100.0,25.3487794314311,3.36060548804252,0.0352417565882206,0.511,13.1,54.8322798937112,0.306,26136.796,33.868,16.041993073,3.3035089969635,27.9315270606099,7.82016970013845,0.0,11.1416666666667,70.7436585365854,11.3355804143996,0.582569507800105,152.513,2.31599937992039,9.08748946492807,0.235297583687793,0.205841953422573,12.191900306071108,0.715,-0.944,-0.67683058574209,0.876,3.3971468357548105,0.198,55.6848306883462,0.519213616847992,0.255806684494019,0.165864035487175,12.4271978897589,47.8013412628116,106991779.0,8217336690.699999,118994.97861030378,0.0,646554057979.9576,0.0,1.0,0.0,0.0,144237223.0,0.235297583687793,0.205841953422573,0.441139537110366,12.191900306071108,4482.574224130463
RUS,Russian Federation,2015,95.5,27.1174728727776,3.8731044873229914,0.0352284573018551,0.511,13.0,55.9520226893608,0.2850000000000001,25566.054,31.887,14.628887729,3.30486750602722,29.7940599874349,15.5343959935701,0.0,15.7166666666667,71.1834146341463,12.3830188656764,0.71789167494499,156.419,2.50292237351811,5.93285842314704,0.312057503879479,0.29593673861839,9.44960921022852,0.715,-1.032,-3.1358120118362995,0.876,7.89459357479114,0.201,56.1424909685464,0.516940176486969,0.267837345600128,0.167934715747833,9.761666714108,49.3593493116887,107433221.0,7859590849.199999,119339.37946648157,0.0,384579774626.5797,0.0,1.0,0.0,0.0,144640716.0,0.312057503879479,0.29593673861839,0.607994242497869,9.44960921022852,2658.8624922637946
RUS,Russian Federation,2016,99.4,25.7287093799473,3.840217284599511,0.0350418873131275,0.539,12.9,53.1024738337766,0.299,25568.598,32.916,14.723938863931618,3.30622673034668,29.1739050669208,7.04243725413707,0.0,12.5983333333333,71.6512195121951,11.700279102879,0.826477519834601,157.174,1.63670203160983,5.00613659535062,0.3433520008692718,0.381520993635713,7.850837140430757,0.72,-0.948,-3.23519840755385,0.876,9.48435447263491,0.196,57.012325152629,0.523283660411835,0.266177028417587,0.170903071761131,8.19418914130003,46.5181198396096,107848453.0,7624784906.9,119745.92393919195,0.0,331861538734.1563,0.0,1.0,0.0,0.0,145015460.0,0.343352000869272,0.381520993635713,0.724872994504985,7.850837140430757,2288.4562703463225
RUS,Russian Federation,2017,100.0,26.3732216943313,3.55363208990976,0.034981444478035,0.502,12.4,52.0765975053134,0.3929999999999999,26006.051,33.361,15.105041570660232,3.3075864315033,30.6732968853437,3.683330723344948,0.0,10.56,72.4514634146342,12.3127721301087,0.69351092236867,155.486,1.96827097946533,6.22864519091822,0.3616393867631171,0.463399759438158,9.353826852190371,0.724,-0.643,-0.9595005359924402,0.876,4.94560423099718,0.181,56.0327684706108,0.512613534927368,0.260812550783157,0.175107136368752,9.71546623895349,46.8765243371311,108185415.0,8077408816.199999,122820.52694307384,0.0,420252842075.9128,0.0,1.0,0.0,0.0,145293260.0,0.361639386763117,0.463399759438158,0.8250391462012749,9.353826852190371,2892.4455413548626
RUS,Russian Federation,2018,100.0,29.6724355623015,3.3942533806976005,0.03506263718009,0.483,12.5,51.2433106717876,0.201,26737.866,35.544,14.768607649843704,3.30894684791565,32.5542980530841,2.8783138261498102,0.0,8.86666666666667,72.6621951219512,12.8198832505149,0.733408264014736,156.683,3.18408544311332,9.65476095672088,0.3607786399947099,0.540453511939203,14.112708175788091,0.724,-0.538,3.42465495497545,0.89,-1.02848259453331,0.188,53.428805517337,0.506332695484161,0.233647704124451,0.182786673307419,14.4734868157828,51.5809003703964,108385990.0,7888295793.6,125645.6584258382,0.0,560742324640.2993,0.0,1.0,0.0,0.0,145398106.0,0.36077863999471,0.540453511939203,0.901232151933913,14.112708175788091,3856.599924625561
RUS,Russian Federation,2019,99.8,27.4035220760381,3.53030291392166,0.0352733992040157,0.433,12.3,52.5614289246344,0.257,27337.884,35.682,14.80661132944356,3.31030750274658,32.1504958365379,4.472026318379029,0.0,8.75333333333333,73.0839024390244,12.9692072844848,0.761369930033653,163.646,2.19179127550364,8.49370743083853,0.3186284843806,0.441616890263136,11.888485526639,0.724,-0.551,2.19972446978173,0.89,5.31670923072754,0.184,54.1729442140787,0.495444774627686,0.252100378274918,0.189479038119316,12.2071140110196,49.2287536619033,108540571.0,7843114289.199999,124650.76106347164,0.0,453631256912.3838,0.0,1.0,0.0,0.0,145453291.0,0.3186284843806,0.441616890263136,0.760245374643736,11.888485526639,3118.7417884713504
SAU,Saudi Arabia,1995,100.0,19.5044294057979,5.848701613203681,0.048605352640152,0.553,3.696,22.5686263552029,0.473,50294.926,27.29,10.773532532,2.1027626991272,48.4793785626467,4.868431030560281,0.0,9.613099350225683,70.944,9.29417681904549,0.0242519727340007,0.0847483779999933,0.871700807357614,28.1270341731817,0.0012604081869795,0.0,29.02298695327332,0.431,-0.189,-2.780904803643911,0.2309999999999999,8.626144302870202,0.283,44.2746171901196,0.395397961139679,0.191535547375679,0.284153938293457,29.0242473614603,65.0417272083752,10487904.0,0.0,9015.271,0.0,58360387259.00649,0.0,1.0,0.0,0.0,13289245.0,0.00126040818697973,0.0,0.00126040818697973,29.02298695327332,4391.550254285063
SAU,Saudi Arabia,1996,100.0,22.1504124619092,5.36780260892541,0.0477430559694767,0.553,3.5859999999999994,20.7924387949329,0.356,50330.876,30.096,9.755915885,2.12780714035034,51.4497863481608,1.2220605487776872,0.0,9.700120908185744,71.288,9.48819487336564,0.0199557934635403,0.9826545520000068,0.889193075017178,33.4650950203584,0.001167808943653,0.0,34.374243888839146,0.47,-0.189,-0.5996704423708359,0.2309999999999999,4.527082062719929,0.264,41.6887835729589,0.378024220466614,0.19490410387516,0.257041305303574,34.3754116977828,66.653820067958,10949269.0,0.0,9135.148662,0.0,72913365941.72351,0.0,1.0,0.0,0.0,13831009.0,0.00116780894365313,0.0,0.00116780894365313,34.374243888839146,5271.7315086501285
SAU,Saudi Arabia,1997,100.0,22.7711412578975,5.3519196053635,0.0468290485441685,0.553,3.4910000000000005,21.5087348399283,0.0229999999999999,49614.249,33.092,10.052859951,2.15314960479736,50.1700631019381,0.0571506050626098,0.0,9.70841986044407,71.624,9.77114687209388,0.0129484827566945,1.665471568000008,0.923736449968715,29.2775398263987,0.0011747772135042,0.0,30.214224759124196,0.47,-0.0395,0.1519871522104978,0.2309999999999999,4.514551565573408,0.264,43.0138978720392,0.358313709497452,0.215605229139328,0.257627487182617,30.2153995363377,65.1880669440449,11411782.0,0.0,9054.614579,0.0,66829366276.0697,0.0,1.0,0.0,0.0,14374943.0,0.00117477721350431,0.0,0.00117477721350431,30.214224759124196,4649.017827484235
SAU,Saudi Arabia,1998,100.0,16.6209942380422,6.14071743143268,0.0464915260672569,0.553,3.407,29.1883475530879,0.5330000000000001,49773.517,25.656,10.406665622,2.17879414558411,43.1766980131103,-0.3712667517120529,0.0,9.777551905226424,71.957,10.1782677577361,0.0024141370244177,3.064200995,1.00191561592737,21.2667758956326,0.0019091033835039,0.0,22.271105648584395,0.47,0.11,-7.49363660414773,0.2309999999999999,9.188135805910296,0.264,48.8633886135376,0.365394294261932,0.233370065689087,0.306870579719543,22.2730147519679,56.0883926105725,11876779.0,0.0,9315.616649,0.0,46460780754.7042,0.0,1.0,0.0,0.0,14922185.0,0.00190910338350391,0.0,0.00190910338350391,22.271105648584395,3113.537377716749
SAU,Saudi Arabia,1999,100.0,25.288996537551,5.6543197254794,0.0468701124191284,0.553,3.3280000000000003,26.7446189971291,0.0309999999999999,46702.903,24.324,11.74823523,2.20474410057068,46.8248249205609,-1.3337548965389985,0.0,9.17583894953138,72.29,9.94477597911744,0.0003323837966926,3.9821110860000033,0.851995279435896,27.124767270241,0.000779976704865,0.0,27.977094933473538,0.47,0.1689999999999999,-3.14201548610773,0.2309999999999999,8.202111669176315,0.264,45.9322372076994,0.322726845741272,0.202005714178085,0.290515869855881,27.9778749101784,57.8460488194196,12344286.0,0.0,8571.697403,0.0,59598351512.28795,0.0,1.0,0.0,0.0,15472075.0,0.000779976704865105,0.0,0.000779976704865105,27.977094933473534,3851.9947397028486
SAU,Saudi Arabia,2000,100.0,30.1164584178819,4.90093304872369,0.0471366904675961,0.553,3.234,24.2356134468207,0.4719999999999999,48096.881,36.317,11.654131756999998,2.23100328445435,53.4502821941208,-1.1249983851764007,0.0,9.749687820593978,72.607,9.22706530778225,0.0001064548835019,8.50479,0.998843715023241,41.6691708446825,0.000676586942008,0.0,42.668121014589296,0.47,0.228,6.56978015135299,0.2309999999999999,3.044547478062544,0.268,40.2910729286417,0.285918027162552,0.212339580059052,0.263728678226471,42.6687976015313,68.1664488005167,12937403.0,0.0,9172.38186,0.0,102230448904.85706,0.0,1.0,0.0,0.0,16177722.0,0.000676586942008168,0.0,0.000676586942008168,42.668121014589296,6319.211623543602
SAU,Saudi Arabia,2001,100.0,27.7602282911635,5.13485567314878,0.047165259718895,0.553,3.1030000000000006,27.090480162661,0.4719999999999999,46326.678,33.033,11.977859422999998,2.25860095024109,50.7812997816126,-1.120948048967911,0.0,9.725615832977052,72.951,9.60383249627815,1.5271501389912956e-05,14.8382,1.24338083100153,33.3526627413963,0.0007988511571395,0.0,34.59605884389916,0.47,0.115,-0.5291923178602029,0.2309999999999999,2.8952323251712113,0.268,43.0507041111285,0.304690212011337,0.230212658643723,0.263136029243469,34.5968576950563,63.5605836794513,13659573.0,0.0,8990.048316,0.0,87345666793.68143,0.0,1.0,0.0,0.0,17041397.0,0.000798851157139598,0.0,0.000798851157139598,34.59605884389916,5125.499206061652
SAU,Saudi Arabia,2002,100.0,29.070820245935,5.03753751642003,0.0472482182085514,0.553,2.992,28.9483976585816,0.4060000000000002,43895.128,29.957,12.551643257,2.28654050827026,51.002641268484,0.2471864923397255,0.0,9.187293594793845,73.296,9.88155078183235,0.0009638214631271,27.960400000000003,1.09369419273788,31.342447837026995,0.0008878106317242,0.0,32.437105851228075,0.472,0.002,-2.9840299945409,0.2309999999999999,2.5675174457208985,0.263,42.9210347921724,0.276804566383362,0.207048878073692,0.291893094778061,32.4379936618598,64.5927974099254,14390308.0,0.0,8262.179916,0.0,81573976203.39731,0.0,1.0,0.0,0.0,17910910.0,0.000887810631724202,0.0,0.000887810631724202,32.437105851228075,4554.4294624559725
SAU,Saudi Arabia,2003,100.0,34.6972581550199,4.47188176141973,0.0477656349539757,0.553,2.899,28.2333101439677,0.306,47609.102,34.315,12.958215198,2.31482529640198,53.9639605129998,0.6121953581729649,0.0,9.343081515463757,73.657,10.318567515035,3.462289078437486e-05,38.5283,0.981911882856783,37.0345220176731,0.0011423576337399,0.0,38.01646852342066,0.472,0.1409999999999999,3.8201802885139102,0.2309999999999999,4.458976959048604,0.263,40.5648731772355,0.265719801187515,0.206281751394272,0.266329020261765,38.0176108810544,69.831170708742,15131134.0,0.0,9686.763476,0.0,113175849874.9524,0.0,1.0,0.0,0.0,18786767.0,0.00114235763374001,0.0,0.00114235763374001,38.01646852342066,6024.232369249717
SAU,Saudi Arabia,2004,100.0,41.8614512014029,3.8683559332689494,0.0487871095538139,0.553,2.827,32.3542594274042,0.5640000000000001,50113.104,40.812,14.758548375,2.34346032142639,56.7056209373966,0.5155078977672645,0.0,8.190190655268523,74.027,10.1023103568753,0.0222226162592256,46.6498,0.958424224616402,42.6409301097693,0.0009523272840983,0.0,43.6215769506449,0.472,-0.655,11.3569280652812,0.2309999999999999,-3.0870741842581193,0.263,38.5165977348877,0.237187191843987,0.191193163394928,0.263489961624146,43.622529277929,75.0828366569341,15883937.0,0.0,10369.981982,0.0,157420772884.63965,0.0,1.0,0.0,0.0,19669480.0,0.000952327284098331,0.0,0.000952327284098331,43.6215769506449,8003.301199860884
SAU,Saudi Arabia,2005,100.0,48.25428337711361,3.185401670985099,0.0500568225979805,0.553,2.777,35.4189179790554,0.55,51583.667,46.138,17.185477368,2.37244915962219,61.7372362527229,0.4792316716310196,0.0,6.949793726596694,74.4,9.36258654128185,0.0178814243562892,68.8923,1.05365154740854,48.8606315090549,0.0007623223265527,0.0,49.93216448081975,0.472,-0.2409999999999999,18.7691033317495,0.416,-6.572789463874413,0.273,34.2555195076907,0.21935111284256,0.182481557130814,0.251574248075485,49.9329268031463,81.9540759410158,16648895.0,0.0,10907.948357999998,0.0,233912114321.40497,0.0,1.0,0.0,0.0,20559890.0,0.000762322326552833,0.0,0.000762322326552833,49.93216448081975,11377.109231683875
SAU,Saudi Arabia,2006,100.0,48.0169594158733,2.9199619409546393,0.0518977753818035,0.553,2.7410000000000005,33.7245867667594,0.115,51696.479,48.092,20.081405224,2.3984100818634,62.5369910258018,2.2090231406963916,0.0,6.934233854556805,74.762,9.43959260101552,0.0196205659396311,91.8024,1.06551704434779,49.6700972841917,0.0008334055518572,0.0,50.75523489447903,0.472,-0.522,21.2994443184289,0.416,-6.494753807802969,0.273,33.7619580996266,0.230055302381516,0.187012165784836,0.278780281543732,50.7560683000309,89.9446046768984,17425009.0,0.0,10742.296935,0.0,271726134406.53564,0.0,1.0,0.0,0.0,21459144.0,0.000833405551857306,0.0,0.000833405551857306,50.75523489447904,12662.487115354445
SAU,Saudi Arabia,2007,100.0,48.1867281542553,2.7427674783667495,0.0540298372507095,0.553,2.721,37.071588765142,0.174,51335.098,41.237,23.787910095999997,2.4246551990509,62.6934226825684,4.1678235843158,0.0,6.466938674088,75.066,9.76830655358163,0.018455038452227,126.965,1.0139541488802,47.4394429695294,0.0007154935274118,0.0,48.471852156861885,0.472,-0.467,10.8216274968984,0.416,-3.308993060204637,0.275,33.8067662415393,0.261589378118515,0.189622536301613,0.311988115310669,48.4725676503893,94.8633170967657,18212952.0,0.0,10341.041526,0.0,288059671269.31683,0.0,1.0,0.0,0.0,22368313.0,0.000715493527411909,0.0,0.000715493527411909,48.47185215686189,12878.023982824134
SAU,Saudi Arabia,2008,100.0,51.8382735185627,2.29269078480924,0.0555159077048302,0.553,2.7009999999999996,37.6843188466467,0.0259999999999999,53179.83,56.482,25.093627233,2.45118737220764,66.4293431587112,9.870248167602693,0.0,6.964786171694973,75.301,8.80826251078627,0.0179371722955883,154.587,0.919659531970458,54.085800995618,0.0010312482591563,0.0,55.02339769988404,0.472,-0.337,28.5692245234345,0.425,-3.033264468374595,0.287,30.5115127039387,0.262893170118332,0.173084944486618,0.32471427321434,55.0244289481432,96.1026308742185,19013188.0,0.0,10746.70017,0.0,406043524666.5595,0.0,1.0,0.0,0.0,23287877.0,0.00103124825915643,0.0,0.00103124825915643,55.02339769988405,17435.83258648092
SAU,Saudi Arabia,2009,100.0,35.8762774080974,2.83043433137553,0.056580763310194,0.553,2.6930000000000005,45.6298013133911,0.1589999999999999,50782.599,31.682,24.413094366,2.4780101776123,54.6450009539393,5.057222761483299,0.0,5.806821546731001,75.447,10.6474544734783,0.0238164313126234,185.255,1.11612931255224,34.6315417084598,0.0012481428648027,0.0,35.7714874523246,0.472,-0.493,-5.53322794858909,0.425,0.3002354827161264,0.287,41.723193527879,0.349172532558441,0.210504949092865,0.344399124383926,35.7727355951894,84.8583415624843,19825649.0,0.0,9790.798991,0.0,231558778192.43185,0.0,1.0,0.0,0.0,24217654.0,0.00124814286480281,0.0,0.00124814286480281,35.7714874523246,9561.569349055522
SAU,Saudi Arabia,2010,100.0,42.9903570652504,2.619122385244589,0.0572701543569565,0.553,2.668,39.1641936148322,0.504,50674.704,37.403,25.70629685,2.50512599945068,58.0314401714882,5.339417330209031,0.0,6.084774609028694,75.616,10.8283714782777,0.0473655346027748,204.969,0.933726326116803,37.9011314342465,0.0012448621471838,0.0,38.88222329496602,0.472,-0.227,4.72951005060643,0.451,-0.2582815887923013,0.286,38.6088698481102,0.346122771501541,0.199432820081711,0.325691103935242,38.8834681571132,82.5496850227537,19681342.0,0.0,10190.951827,0.0,305543402448.7939,0.0,1.0,0.0,0.0,23978487.0,0.00124486214718396,0.0,0.00124486214718396,38.88222329496602,12742.397068205091
SAU,Saudi Arabia,2011,100.0,49.8711862413468,2.1528882912996696,0.0581298060715199,0.553,2.6420000000000003,33.6286944686693,0.3300000000000001,53750.028,44.043,27.0220839,2.55803108215332,63.0803869808085,5.826216373940419,0.0,5.920321839002758,75.808,9.93626585616017,0.0546789486662375,206.852,0.986593617537963,49.1612188808623,0.0011523547115441,0.0,50.20249144706655,0.472,-0.465,11.4563573123843,0.451,1.0312056936693592,0.286,34.0894612999603,0.315110087394714,0.199470847845078,0.287628561258316,50.2036438017781,84.3594342438995,20639162.0,0.0,11380.46924,0.0,479282622257.3863,0.0,1.0,0.0,0.0,25091867.0,0.00115235471154411,0.0,0.00115235471154411,50.202491447066556,19101.114407205583
SAU,Saudi Arabia,2012,100.0,48.20894242634,2.06209514825132,0.0590027049183846,0.553,2.593,35.5685109967177,0.56,54325.526,44.808,26.90867336,2.5949239730835,61.9428982819125,2.86627029905053,0.0,6.44879449915458,76.09,9.75495663553457,0.0927901295606234,195.84299999999996,0.997298930703395,47.4093852263553,0.001235473037779,0.0,48.49947428661932,0.472,-0.481,11.4741436757426,0.451,-3.1005318124498373,0.286,35.2326927816917,0.304346144199371,0.222109451889992,0.277208238840103,48.5007097596571,81.74067854616,21571304.0,0.0,12501.904565,0.0,505402269932.5084,0.0,1.0,0.0,0.0,26168861.0,0.00123547303777919,0.0,0.00123547303777919,48.49947428661932,19313.116835024208
SAU,Saudi Arabia,2013,100.0,43.8130755694322,2.1478328709644305,0.0590380281209946,0.553,2.5059999999999993,39.0113411908332,0.925,52768.356,40.772,27.671839570000003,2.63169384002686,58.9702568849547,3.511042097998569,0.0,6.071940544491877,76.517,10.0246519761767,0.0634664303649237,189.476,1.00992809301707,44.4564985480281,0.0010344074329646,0.0,45.52989307141003,0.472,-0.432,5.01461416491402,0.451,-0.2115596467466387,0.272,38.1484481310781,0.309309840202332,0.250787734985352,0.280586093664169,45.530927478843,80.2515014286783,22819413.0,0.0,12750.711446,0.0,488159061348.6912,0.0,1.0,0.0,0.0,27624004.0,0.00103440743296474,0.0,0.00103440743296474,45.52989307141003,17671.553383379585
SAU,Saudi Arabia,2014,100.0,38.0921897657997,2.279404192119861,0.0591047815978527,0.553,2.3920000000000003,42.5570781320296,0.8030000000000002,53453.552,36.182,28.69511469,2.65358662605286,56.1653404810043,2.241853487790632,0.0,6.043877151879901,77.116,10.9905942901745,0.0507783297903696,181.85700000000003,0.964006595598744,40.3219689900701,0.0016760961383355,0.0,41.33675391545917,0.472,-0.286,-4.0814791677818,0.451,0.0288775357080197,0.272,40.7584259766165,0.360135048627853,0.25421553850174,0.286391347646713,41.3384300115975,78.000111117736,23435055.0,0.0,14406.745397,0.0,448716394962.3645,0.0,1.0,0.0,0.0,28309273.0,0.00167609613833553,0.0,0.00167609613833553,41.33675391545917,15850.509299986774
SAU,Saudi Arabia,2015,100.0,24.8466035790454,2.7538703167014305,0.0595391318202019,0.553,2.266,52.7601798097453,0.665,53040.073,24.405,28.582728789999997,2.67566132545471,44.6011697093878,1.2226931855233687,0.0,5.466045227232009,77.776,13.0972378614193,0.0550856553558218,176.134,0.841619086055516,23.9567993223384,0.0018004684986199,0.0,24.85350406374968,0.472,-0.634,-16.8495938554924,0.451,7.1049103167768255,0.272,51.6451922544441,0.410205692052841,0.270806849002838,0.341596007347107,24.8553045322483,67.1052692300592,24734561.0,0.0,16008.738069,0.0,250954320833.5799,0.0,1.0,0.0,0.0,29816382.0,0.00180046849861999,0.0,0.00180046849861999,24.853504063749682,8416.65903105145
SAU,Saudi Arabia,2016,99.9,26.5873499013732,2.91802299444676,0.0598032176494598,0.553,2.178,54.375771847036,0.589,52053.233,20.799,24.16565755,2.69792008399963,42.5305962013279,2.0534707682396487,0.0,5.515005717515852,78.354,13.5336300941118,0.0450060311490432,156.041,0.683364774046233,20.0051771356735,0.0014480463730039,0.0,20.733547940868796,0.472,-0.473,-15.9666944695651,0.451,9.539544957745353,0.281,53.5509157775579,0.414016574621201,0.231549009680748,0.329229563474655,20.7349959872418,57.9216635110364,25731955.0,0.0,18219.51633,0.0,216527648029.35855,0.0,1.0,0.0,0.0,30954198.0,0.00144804637300394,0.0,0.00144804637300394,20.733547940868796,6995.09798410408
SAU,Saudi Arabia,2017,100.0,29.9068179428407,2.8352570089087195,0.0597699582576752,0.566,2.1740000000000004,50.1375935809361,0.6300000000000001,52488.208,23.18,24.51714919,2.72036361694336,44.8899324686986,-0.8348457350272476,0.0,6.209104857796136,78.721,13.4207489311981,0.0645564425307325,130.63,0.803215172603651,23.6170719123709,0.001712230572165,0.0,24.484843527505237,0.472,-0.65,-10.8669336779312,0.476,3.885559378483705,0.269,51.4336551370844,0.417454332113266,0.212709963321686,0.318378180265427,24.4865557580774,59.5319791578229,25804351.0,0.0,17092.419871,0.0,258472059262.4508,0.0,1.0,0.0,0.0,30977355.0,0.00171223057216519,0.0,0.00171223057216519,24.484843527505237,8343.903450196145
SAU,Saudi Arabia,2018,99.9,34.860790565379,2.41396154385256,0.059809748083353,0.566,2.2280000000000006,50.1375935809361,0.7810000000000001,55568.534,28.526,23.4239274,2.77948522567749,49.0147439495304,2.4659430899484285,0.0,6.18850725653545,78.75,12.6216605937885,0.0783963800246008,136.046,1.10731401057809,28.084281158898897,0.0007502627260862,0.0,29.269991549501615,0.449,-0.661,-5.76614307706098,0.524,4.867028795614787,0.284,46.0223400101906,0.385978251695633,0.218264326453209,0.267473518848419,29.2707418122277,59.1029104697141,25205090.0,0.0,18111.440493,0.0,350139995969.4554,0.0,1.0,0.0,0.0,30196281.0,0.000750262726086247,0.0,0.000750262726086247,29.269991549501615,11595.467533550089
SAU,Saudi Arabia,2019,100.0,33.5648203165372,2.4538465646148104,0.0604316927492619,0.566,2.295,50.1375935809361,0.7,56426.096,29.474,24.28638446,2.83989143371582,45.7234459871756,-1.1929864453332009,0.0,6.177883305717311,78.313,12.8691119832432,0.0427233495760674,135.526,1.07981796945695,24.3295780055005,0.0010484109245127,0.0,25.452119324533488,0.409,-0.623,-3.9946551930517495,0.524,3.9038703037588176,0.318,49.0640913102722,0.407409250736237,0.213511258363724,0.285505890846252,25.453167735458,56.7938204886513,25145200.0,0.0,17941.648086,0.0,296526681597.10864,0.0,1.0,0.0,0.0,30063799.0,0.00104841092451295,0.0,0.00104841092451295,25.452119324533488,9863.247209612751
TUN,Tunisia,1995,88.7,21.3480694075839,11.3665419486506,0.0465552881360054,0.758,5.285,54.3861703749751,-0.226,6319.745000000001,22.05,13.127760210000002,1.73224711418152,29.3951371702694,6.244150287471459,0.0,26.434703750988945,70.785,18.9645667906028,0.0610283450307804,0.0342690449999949,0.0559094648997611,2.4275544775004896,0.1700701289244091,0.0,2.54449228743103,0.873,0.2629999999999999,-0.9778310379242952,0.886,14.017682912323355,0.153,46.4150412273191,0.698182761669159,0.134318545460701,0.147662445902824,2.71456241635544,93.7144465686907,5645480.0,292999073.1,146.02428082,0.0,652369668.3728541,0.0,1.0,0.0,0.0,9161258.0,0.170070128924409,0.0,0.170070128924409,2.544492287431031,71.20961644927522
TUN,Tunisia,1996,90.4,23.8687699208928,13.7132007783366,0.0464972369372845,0.758,5.171,49.1576236605949,-0.238,6649.299000000003,21.499,12.505618176,1.75936055183411,28.4884849184163,3.72514472690715,0.0,26.40679865179856,71.247,18.3281496672139,0.0360616191422631,0.0689249300000085,0.1424079845339039,2.73801506099416,0.1650655025489329,0.0,2.9164846646703264,0.873,0.2629999999999999,-1.37766013484374,0.886,14.047898932955194,0.153,45.1812884513513,0.681526124477387,0.113276332616806,0.171808406710625,3.081550167219259,85.7203547620671,5769841.0,237267718.60000017,130.92909563,0.0,752432277.0560989,0.0,1.0,0.0,0.0,9294432.0,0.165065502548933,0.0,0.165065502548933,2.916484664670326,80.95516509842656
TUN,Tunisia,1997,92.0,22.6527569149975,11.2346034153613,0.0465728715062141,0.758,5.085,45.9382218851609,-0.172,6934.009,20.827,12.870143166999998,1.78689825534821,26.500867351831,3.652026207230709,0.0,26.289384062117,71.67,16.7263788278982,0.0102308277568756,0.0801008749999994,0.2840797535791979,2.1304289499522593,0.1572095377660449,0.0,2.424739531288324,0.873,0.2629999999999999,-0.4265110308744331,0.886,13.34564899911293,0.153,51.383840232921,0.662829875946045,0.121882379055023,0.182518944144249,2.581949069054371,80.5007104439621,5888353.0,173228853.00000012,94.00041507,0.0,630164457.9988266,0.0,1.0,0.0,0.0,9421270.0,0.157209537766045,0.0,0.157209537766045,2.424739531288326,66.88742154707663
TUN,Tunisia,1998,93.2,22.7759209036938,10.6007451414762,0.0467759147286415,0.758,5.019,46.5764736683113,-0.1619999999999999,7189.844999999999,21.339,12.664243843179795,1.81486713886261,25.7754506092035,3.1253657965586186,0.0,26.258811732019815,72.067,16.6573356157487,0.0267289653438442,0.4029906330000088,0.2875824158418099,1.3020683663886403,0.196315598909337,0.0,1.6163797475742925,0.873,0.2629999999999999,0.147556068680346,0.886,13.321578077437188,0.153,52.2130701842715,0.660961329936981,0.131053760647774,0.180931821465492,1.812695346483629,79.9794582620079,6001191.999999998,129221956.29999997,122.99770548,0.0,446175583.6951495,0.0,1.0,0.0,0.0,9541667.0,0.196315598909337,0.0,0.196315598909337,1.616379747574292,46.7607582296835
TUN,Tunisia,1999,94.2,23.6716753896525,10.606338964866,0.0472393929958344,0.758,5.012,46.5734132378986,-0.265,7539.645999999999,20.957,13.080848686,1.84327363967896,26.0458998081996,2.6901248581158015,0.0,26.2580437481594,72.344,16.4974022442846,0.0212891009546865,0.5645445620000018,0.2594138132201879,1.9273331263718896,0.1272091637819319,0.0,2.2080360405467587,0.873,0.2920000000000001,-0.111344395120341,0.886,13.342844574569996,0.153,51.8412098854342,0.666362404823303,0.136071279644966,0.169383898377419,2.3352452043286895,77.9051139411665,6108848.0,122707881.5,145.38235616,0.0,655931808.4576302,0.0,1.0,0.0,0.0,9655963.0,0.127209163781932,0.0,0.127209163781932,2.2080360405467574,67.93023217442219
TUN,Tunisia,2000,94.8,23.1900563315614,10.006319351485,0.0478894636034966,0.756,5.028,53.482353380853,-0.1469999999999999,7786.458,20.829,13.085474518000002,1.87212479114532,26.8066210495559,2.9623079473860514,0.0,26.2941101881537,72.604,16.3100423328599,0.0157043017549625,1.2203400000000002,0.361382132616902,3.2292835311579813,0.0969018142371271,0.0,3.606369965529843,0.873,0.321,-0.3410425199256879,0.886,13.185936311807588,0.153,53.2221897572146,0.641945540904999,0.146008878946304,0.187757506966591,3.70327177976697,82.639110670191,6212126.0,76848237.60000002,124.34572186,0.0,857491478.9953476,0.0,1.0,0.0,0.0,9764935.0,0.0969018142371271,0.0,0.0969018142371271,3.606369965529843,87.81333198790854
TUN,Tunisia,2001,97.3,23.0195861425816,9.4218557064738,0.0485239289700985,0.756,5.067,49.600324767946,-0.064,8010.609,21.113,13.66102856,1.90442144870758,26.4366983342993,1.9833333333333696,0.0,26.29940612969746,72.822,16.550538013759,0.0089374002012276,3.943469999999998,0.4579395170427061,2.34162232250109,0.116469461578152,0.0,2.808499239745029,0.873,0.2375,-0.216818482060872,0.886,13.058846426879514,0.153,54.0810926593252,0.637129783630371,0.147282287478447,0.206021353602409,2.9249687013231807,89.5522011944661,6312071.0,43034205.399999976,117.60203356,0.0,675571141.7627666,0.0,1.0,0.0,0.0,9869677.0,0.116469461578152,0.0,0.116469461578152,2.8084992397450286,68.44916421912963
TUN,Tunisia,2002,97.8,21.1609081119821,8.29848151435206,0.0489441119134426,0.756,5.095,50.6744247756009,-0.232,8051.86,21.577,13.263802558,1.9372752904892,26.5762343014844,2.7210328485045494,0.0,26.30830478561615,73.07,16.5486365238958,0.0068770130276347,5.759749999999997,0.357072478190354,2.3626975077068,0.114923687737845,0.0,2.726646998924796,0.873,0.1539999999999999,0.1043144202270508,0.886,13.055656956985096,0.153,55.5745687087401,0.6328564286232,0.157150164246559,0.208610996603966,2.8415706866626405,85.3421759692656,6409915.0,46554043.400000095,114.22076712,0.0,706546351.4816003,0.0,1.0,0.0,0.0,9971515.0,0.114923687737845,0.0,0.114923687737845,2.7266469989247955,70.85646980239214
TUN,Tunisia,2003,98.4,21.0953319612572,9.2914975178949,0.0488980002701283,0.756,5.136,49.5788001954205,-0.218,8366.581,20.829,12.419638569,1.97069573402405,25.5614419956351,2.71259247474352,0.0,26.89054877510104,73.304,16.0796874469938,0.0051274378015213,19.0389,0.3092465336056069,2.1172573000636703,0.123049168507064,0.0,2.431631271470806,0.873,0.318,-0.2069857543540989,0.886,14.336907182039578,0.153,55.9420691370868,0.627626478672028,0.170916557312012,0.206731289625168,2.5546804399778704,82.390340709916,6506838.0,50884070.70000005,108.09012329,0.0,740635987.3135686,0.0,1.0,0.0,0.0,10071632.0,0.123049168507064,0.0,0.123049168507064,2.4316312714708066,73.5368396416359
TUN,Tunisia,2004,99.0,22.0013902023449,9.90254515493647,0.0485194027423859,0.757,5.186,49.6164802183182,-0.1489999999999999,8819.164,20.92,11.709403291349956,2.00469303131104,25.5797726482743,3.6322800495662513,0.0,26.055958978581916,73.519,15.7768708884226,0.0344152790087302,36.7464,0.3066094177418139,2.60869066831261,0.095243377027655,0.0,2.9497153650631542,0.873,0.1489999999999999,0.327328754207199,0.886,12.797185470887763,0.153,55.8026185357313,0.620552003383637,0.176025584340096,0.209394723176956,3.0449587420908095,86.9253446966283,6600613.0,53179721.399999976,104.58453552,0.0,1021604076.735572,0.0,1.0,0.0,0.0,10166163.0,0.0952433770276551,0.0,0.0952433770276551,2.9497153650631542,100.4906252964439
TUN,Tunisia,2005,99.2,21.3041249236283,9.16983114804996,0.0479796677827835,0.763,5.246,50.065558636163,-0.064,9049.966,20.45,11.620438268288993,2.03927659988403,26.4335697738291,2.0177864135714394,0.0,27.63436770702824,73.712,15.6523608225263,0.0471794864492485,55.3921,0.3992105588157311,3.79249223607583,0.0920940007674566,0.0,4.238882281340803,0.873,0.0239999999999999,-0.1705269710007309,0.886,7.677200964022512,0.153,56.3292015953763,0.599859178066254,0.177967444062233,0.205834195017815,4.33097628210826,90.2512478803945,6690064.0,48942492.600000024,95.7990137,0.0,1461895630.2980769,0.0,1.0,0.0,0.0,10255472.0,0.0920940007674566,0.0,0.0920940007674566,4.238882281340803,142.5478642326825
TUN,Tunisia,2006,99.4,22.1826602380455,9.28070949947767,0.0475861877202988,0.763,5.309,48.5995857004839,-0.032,9437.07,20.518,12.084394030564756,2.07380843162537,27.1847312495356,3.225253374389169,0.0,22.18635711113739,73.888,16.1547506130317,0.1859886069957179,70.9333,0.399209536359326,4.1077575724331,0.106602668397213,0.0,4.692955715788138,0.873,0.209,0.0195478530251564,0.886,8.837200934041903,0.153,56.5741910385915,0.59079384803772,0.187525391578674,0.218127548694611,4.7995583841853495,93.9409304094309,6779069.0,51515169.20000005,68.72542466,0.0,1634124476.1773798,0.0,1.0,0.0,0.0,10346410.0,0.106602668397213,0.0,0.106602668397213,4.692955715788137,157.94120629062445
TUN,Tunisia,2007,99.4,21.8823030016548,8.64201987385816,0.047506969422102,0.763,5.38,48.0115559813836,-0.047,9970.557,20.853,12.253956872,2.10892534255981,28.9083416057516,2.9669443247734897,0.0,24.73299899785773,74.039,16.8400364989121,0.4260572480102811,75.1086,0.319954538590018,5.51629477963382,0.089166629910139,0.0,6.2623065662341215,0.873,0.1579999999999999,-0.206464628255679,0.886,5.315963808402947,0.153,56.0306430426456,0.578043639659882,0.189718380570412,0.225703209638596,6.35147319614426,104.059400976647,6870640.0,54112500.79999995,95.77736986,0.0,2530630971.642331,0.0,1.0,0.0,0.0,10441702.0,0.0891666299101391,0.0,0.0891666299101391,6.2623065662341215,242.35809177874748
TUN,Tunisia,2008,99.4,22.4636368796837,7.8486499786515,0.047559130936861,0.763,5.448,48.5083070989921,0.0449999999999999,10283.987,23.051,12.343780398,2.14463663101196,31.44941852471,4.345028076230449,0.0,24.62845082784498,74.192,18.1386277617362,3.43341665563442,81.5941,0.37588783467175,5.93514843614258,0.13566806241929,0.0,9.74445292644876,0.871,0.1,1.35119180026432,0.886,5.284806212498193,0.153,55.0762394795308,0.578080892562866,0.194726660847664,0.238182350993156,9.88012098886805,114.343660218696,6965266.0,52743465.600000024,87.27939891,0.0,3098281637.7428427,0.0,1.0,0.0,0.0,10542635.0,0.13566806241929,0.0,0.13566806241929,9.74445292644876,293.88114430053236
TUN,Tunisia,2009,99.5,22.033918886921,8.45660665471427,0.0476177670061588,0.763,5.523,49.9770695318279,0.101,10481.659,22.051,12.396997063,2.18095278739929,28.0412153272481,3.664903306429189,0.0,22.01199514737726,74.32,16.9369022380073,2.97124201422009,91.985,0.4337467953522909,3.4483278522098395,0.137591888714528,0.0,6.853316661782221,0.873,0.06,-0.6695558653973059,0.894,8.847303566214784,0.153,56.0072736940413,0.560982584953308,0.202039554715157,0.246523201465607,6.99090855049675,93.0168787876722,7065259.0,427627867.2999999,82.66208219,0.0,1856566431.6112976,0.0,1.0,0.0,0.0,10650681.0,0.137591888714528,0.0,0.137591888714528,6.853316661782221,174.31434023902298
TUN,Tunisia,2010,99.5,22.431783509933,6.846146170059,0.0478022210299969,0.762,5.604,52.247103865602,0.0029999999999999,10729.262,23.542,12.512489044,2.21788382530212,29.5235517709565,3.3389796360106914,0.0,22.040320985670327,74.438,15.7239104074122,1.17495019071848,103.235,0.344709194218594,4.12711827435362,0.1555273480963599,0.0,5.6467776592907,0.861,-0.064,1.28515770852468,0.824,8.838914027734342,0.197,55.8976948687167,0.552149653434753,0.206566452980042,0.264582186937332,5.80230500738706,100.151009836799,7173158.0,420082889.1,81.76726901,0.0,2367195254.505174,0.0,1.0,0.0,0.0,10765980.0,0.15552734809636,0.0,0.15552734809636,5.6467776592907,219.87735946984614
TUN,Tunisia,2011,99.5,17.2724045402704,7.576844504274719,0.0476402118802071,0.53,5.719,57.9347986271264,0.0279999999999999,10390.981,24.694,11.150444018,2.27330327033997,30.54812597421,3.2400284200953102,0.0,13.48061438331676,74.471,15.9695160833215,0.67925011683644,113.794,0.4018957415040809,5.01344964105154,0.1654282266630349,0.0,6.094595499392055,0.334,-0.354,-1.4364813971696002,0.899,10.32403937540938,0.768,56.8340831798214,0.582845211029053,0.22576180100441,0.23700812458992,6.26002372605509,100.106379304237,7284846.0,418784476.4,73.72636575,0.0,2970940895.724055,0.0,1.0,0.0,0.0,10886035.0,0.165428226663035,0.0,0.165428226663035,6.094595499392055,272.91303911149055
TUN,Tunisia,2012,99.5,17.5979828375381,8.30025725587419,0.0472723841667175,0.319,5.791,57.8520427359494,0.204,10704.595999999998,23.451,11.182088691261464,2.33010721206665,30.1215368230456,4.6118443220664,0.0,13.465817418956403,74.599,15.4349464715618,0.853462579277847,116.66,0.408148119994012,5.06594682844413,0.284819060491124,0.0,6.327557527715985,0.327,-0.721,-3.1832263023835097,0.899,10.310053732412204,0.77,57.0947002042078,0.614951014518738,0.206614419817925,0.229541182518005,6.612376588207109,101.550723929668,7399572.0,419234526.2999999,80.60720016,0.0,2999498582.7136436,0.0,1.0,0.0,0.0,11009647.0,0.284819060491124,0.0,0.284819060491124,6.327557527715985,272.44275703968015
TUN,Tunisia,2013,99.7,15.5457884414263,7.96930864809374,0.0470343120396137,0.272,5.871,57.9598823065191,0.223,10837.399,23.75,10.900098794725794,2.38833093643188,29.1379467288349,5.3162353132668905,0.0,12.162117077508944,74.674,15.008243022509,0.559353591743679,114.101,0.3777520299663559,4.28421078126965,0.2403689702204479,0.0,5.2213164029796815,0.345,-0.903,-5.26347044534049,0.871,8.184191209179668,0.76,58.023672140101,0.658998966217041,0.207220137119293,0.199271619319916,5.46168537320013,98.9549566862038,7520414.0,572226396.8,75.62673745000001,0.0,2710245792.428768,0.0,1.0,0.0,0.0,11141361.0,0.240368970220448,0.0,0.240368970220448,5.2213164029796815,243.2598488127948
TUN,Tunisia,2014,99.8,18.6519202447404,8.57165956609159,0.0464612692594528,0.282,5.931,59.8085555890782,0.265,11042.63,24.572,10.28630774954667,2.44800925254822,27.1288836396189,4.62555099534031,0.0,12.47641726884257,74.784,14.5464536962829,0.4574219950938158,126.692,0.4234239227849459,3.3550782466445703,0.358213434145739,0.0,4.235924164523331,0.341,-0.852,-1.33867455631621,0.851,8.378140643289806,0.761,57.5059874486204,0.691762566566467,0.200366526842117,0.191548228263855,4.59413759866907,96.1071038558701,7638608.0,1536676499.3,70.30497789,0.0,2289295700.445419,0.0,1.0,0.0,0.0,11274288.0,0.358213434145739,0.0,0.358213434145739,4.235924164523331,203.05456987132303
TUN,Tunisia,2015,99.9,13.2876027069909,9.20589918732503,0.0456797927618027,0.287,5.996,60.1365541399108,0.217,11021.166,22.496,10.101725587,2.50917887687683,24.8970515198959,4.437371273215,0.0,12.729480358042183,74.875,14.0105698969513,0.432793675445469,128.009,0.2736828483077751,1.6259629966036595,0.3558472268442649,0.0,2.3324395203568944,0.323,-0.96,-3.11740749801526,0.822,8.123646508061421,0.787,58.9457719298636,0.731702446937561,0.200280830264092,0.154244258999825,2.6882867472011593,87.2485306596052,7739947.0,1767535381.1,56.92026931,0.0,1088381974.936503,0.0,1.0,0.0,0.0,11402264.0,0.355847226844265,0.0,0.355847226844265,2.3324395203568944,95.45314640465288
TUN,Tunisia,2016,100.0,11.921571196905802,8.52541115305462,0.045056726783514,0.268,6.041,62.2469554675417,0.1679999999999999,11017.675,21.344,10.091576459,2.56798410415649,24.0076023041992,3.6293993738438104,0.0,12.729765522369972,75.007,13.8091385069721,0.4369920800971,123.883,0.200869985868404,1.2667448687860006,0.2805489482087859,0.0,1.904606934751504,0.37,-1.14,-3.78423114425897,0.822,8.123172232950743,0.779,59.7022255944941,0.75395405292511,0.199933469295502,0.127465233206749,2.1851558829602897,87.0926643641466,7846685.0,1987080971.7,53.59800546,0.0,855583462.3204753,0.0,1.0,0.0,0.0,11528674.0,0.280548948208786,0.0,0.280548948208786,1.9046069347515038,74.21351859897116
TUN,Tunisia,2017,100.0,11.2274069293457,8.986045690927,0.0447144992649555,0.267,6.068,64.7537285373031,0.2419999999999999,11138.348,23.117,9.928911054,2.61101174354553,23.624101204276,5.3088483956584405,0.0,12.728594524174028,75.177,14.2010459605045,0.403747939557608,123.034,0.236433459699936,1.4881148504641093,0.3819634774635669,0.0,2.1282962497216538,0.383,-1.023,-3.3926834594206,0.871,8.122161242995167,0.804,60.2679109708219,0.765709817409515,0.196865051984787,0.124380446970463,2.51025972718522,95.8091979825804,7955867.0,2105458564.1,45.47654795,0.0,899537068.0126942,0.0,1.0,0.0,0.0,11650498.0,0.381963477463567,0.0,0.381963477463567,2.128296249721653,77.21018174611028
TUN,Tunisia,2018,99.8,12.0684262119934,9.88852551876126,0.0448323525488377,0.267,6.087,63.5224389825305,0.176,11306.153,24.419,9.864747622,2.65475988388062,23.6862252235906,7.30759176031652,0.0,15.214926568785494,75.37,14.5169070367437,0.2709350852105459,125.533,0.3498964519785219,1.990215488714551,0.210832844786907,0.0,2.6110470259036127,0.377,-0.868,-1.78545072011881,0.871,8.375058418566846,0.813,59.4591341366813,0.729901492595673,0.180821374058723,0.164788782596588,2.8218798706905197,103.871824260635,8065086.0,2280234765.6,43.71326027,0.0,1137776248.8029752,0.0,1.0,0.0,0.0,11765514.0,0.210832844786907,0.0,0.210832844786907,2.6110470259036127,96.70433852723946
TUN,Tunisia,2019,100.0,11.593905659567602,9.76625873287072,0.0454445406794548,0.265,6.099,59.2903583224447,0.136,11364.832,25.929,9.876981578310048,2.69924139976501,23.235311577767803,6.720075328637989,0.0,14.983541560816189,75.599,14.3189397678933,0.0,124.387,0.308497305696956,1.6614118115133394,0.277483179313321,0.0,1.9699091172102996,0.377,-0.877,-1.00761079061857,0.871,7.853255131325438,0.818,59.9417090281883,0.727503895759583,0.189925521612167,0.12770813703537,2.2473922965236195,102.332614725789,8172507.0,2132216102.5,39.9470137,0.0,936232535.1368476,0.0,1.0,0.0,0.0,11875081.0,0.277483179313321,0.0,0.277483179313321,1.9699091172102985,78.84009676539029
UKR,Ukraine,1995,100.0,23.6840039255264,13.769759643058,0.0265377573668957,0.532,15.148,13.989974597252129,0.413,7710.171,36.569,11.219022,2.94171571731567,38.1638229362823,376.746174768209,0.0,122.70000000000002,67.114,30.950362477947,0.559076370805552,0.0275018439999996,0.873828939135118,0.4859049653227831,0.221882412968402,0.8594425080772261,2.778252783340678,0.773,-0.1519999999999999,-1.5737579281406602,0.928,-56.8251776566729,0.229,37.4760485006169,0.471938610076904,0.4503156542778019,0.125795468688011,3.000135196309079,97.2296964841051,35050401.0,1541936088.6,32821.08207119979,0.0,5687666369.896782,0.0,1.0,0.0,0.0,51665539.0,0.221882412968402,0.859442508077226,1.081324921045628,2.778252783340677,110.08626794538584
UKR,Ukraine,1996,100.0,20.2382310887929,12.2290508961101,0.0260042417794466,0.532,15.204,9.136652190682929,0.8880000000000001,7004.428,33.801,9.65614448,2.96716570854187,33.7810817110122,80.3255014551742,0.0,79.8833333333333,67.097,27.4549500116537,0.315009450094434,0.0593091010000037,0.93888289899763,0.7399446164126022,0.2563594327174889,0.7563993692083208,2.750236334712991,0.8,-0.1519999999999999,-1.5737579281406602,0.928,8.2684504949766,0.215,42.4220120462714,0.45311763882637,0.433731853961945,0.0960801094770432,3.006595767430479,93.8566450766079,34690024.0,2262342513.1,32792.91624948991,0.0,5547340725.221542,0.0,1.0,0.0,0.0,51226109.0,0.256359432717489,0.756399369208321,1.01275880192581,2.75023633471299,108.29127633374502
UKR,Ukraine,1997,100.0,19.0321942708515,12.5153965618808,0.0255319699645042,0.567,14.857,8.96467277471184,0.8720000000000001,6852.282000000001,35.444,10.167763520690906,2.99283599853516,30.4803727306807,15.940599414943,0.0,49.1166666666667,67.658,24.6291429336475,0.0920328250778939,0.1139684830000078,0.902935129010198,0.5123638437552582,0.1899995647978649,0.668786611622587,2.1761184094659356,0.8,-0.1365,-3.62506346422533,0.928,26.2910759245073,0.2,43.8322711937021,0.48758852481842,0.408047825098038,0.106202386319637,2.366117974263799,84.2414161623735,34347104.0,2402423205.5,33442.77465930472,0.0,5361926854.715728,0.0,1.0,0.0,0.0,50786885.0,0.189999564797865,0.668786611622587,0.8587861764204521,2.176118409465934,105.57699797331
UKR,Ukraine,1998,100.0,18.7199519752112,12.0680748199195,0.0251369792968035,0.6,14.719,25.608774115750293,0.875,6780.252999999999,34.398,10.632555167095394,3.01872825622559,30.6287953369138,10.5771611482514,0.0,54.4966666666667,67.993,25.2570843039974,0.4130460249205309,0.2321674259999966,0.1332626244497279,0.1816946175487075,0.288030907686468,0.804280677379736,1.532283944298701,0.875,-0.121,-0.409032637088359,0.928,37.9286524289287,0.185,42.0730459193122,0.518961489200592,0.363776236772537,0.112217463552952,1.8203148519851704,86.0497284415116,34033864.0,2795004385.1,33764.40010824207,0.0,4535202713.599839,0.0,1.0,0.0,0.0,50379731.0,0.288030907686468,0.804280677379736,1.092311585066204,1.5322839442987024,90.02038366580082
UKR,Ukraine,1999,100.0,23.087979575698,11.8750095828031,0.0247988160699606,0.691,14.859,8.958478487246666,0.677,6825.907000000001,30.803,10.654249229098951,3.04484462738037,32.0180616672544,22.6836718061345,0.0,54.9525,68.004,27.2320255745849,0.0,0.4393660380000028,0.1688299313581001,0.7024042311942598,0.3642909354191399,0.655963930489204,1.5271980930415603,0.879,-0.265,7.24296429114359,0.928,21.6268360560101,0.191,39.2588276782018,0.529667973518372,0.310635030269623,0.0972800999879837,1.8914890284607004,101.951706965548,33724687.0,4603478548.2,32819.73966334861,0.0,4501983432.102455,0.0,1.0,0.0,0.0,49976446.0,0.36429093541914,0.655963930489204,1.020254865908344,1.5271980930415605,90.08210451984631
UKR,Ukraine,2000,99.1,22.3498500078816,13.951785065407,0.024541798979044,0.7,15.171,36.41359365843603,0.782,7295.688,32.279,11.304672758310788,3.07118678092957,31.6502770712209,28.2030972388552,0.0,41.528425,67.786,17.3873546511628,0.0,1.675930000000001,1.14885003502459,0.9917860061617708,0.3662733875845119,0.8637464483843371,3.0043824895706983,0.863,-0.409,-0.1773316019842079,0.928,11.0014569626244,0.219,39.7449582122093,0.549255311489105,0.286675214767456,0.125724986195564,3.37065587715521,115.735714934593,33403100.0,3779269474.8,31193.63895153215,0.0,5848485284.317913,0.0,1.0,0.0,0.0,49556660.0,0.366273387584512,0.863746448384337,1.230019835968849,3.004382489570698,118.01613111775316
UKR,Ukraine,2001,99.2,23.0386210059319,13.9760861844442,0.0243592821061611,0.673,15.41,61.910707874353946,0.871,8007.261,33.645,10.978436081815378,3.09133386611938,29.9078962945424,11.9588085390459,0.0,32.277975,67.675,16.3347934177815,0.0317340751571308,4.596009999999993,2.00013758712954,0.5957776931012937,0.285706350592336,1.3491572181393,3.976806573527263,0.868,-0.351,-1.03530817587679,0.928,20.0334624721958,0.222,44.893098141352,0.570929110050201,0.274309605360031,0.143201991915703,4.2625129241196,99.9261276192731,33036627.0,3556778897.8,30173.179311967702,0.0,5964475254.941283,0.0,1.0,0.0,0.0,49106855.0,0.285706350592336,1.3491572181393,1.634863568731636,3.9768065735272637,121.45911716279292
UKR,Ukraine,2002,99.3,25.1107330682661,12.6032510741528,0.0242161937057972,0.585,15.602,76.93286342432931,0.827,8505.308,36.041,10.786429313,3.11161279678345,30.2155139276837,0.7574208463928613,0.0,25.3494583333333,67.699,16.9289051755802,0.0,7.696399999999997,1.38139303823453,0.5572854880229574,0.279362833891642,1.0990421338669,3.0377206601243785,0.873,-0.293,-0.53128542276988,0.928,19.0926391889736,0.227,46.6677771228933,0.602341175079346,0.226352035999298,0.138549000024796,3.317083494016019,95.994669810112,32743880.0,3656343934.1,31604.89961765208,0.0,5488184661.18868,0.0,1.0,0.0,0.0,48677281.0,0.279362833891642,1.0990421338669,1.3784049677585422,3.037720660124377,112.74632741275504
UKR,Ukraine,2003,99.3,25.0979639503949,10.4995403003371,0.0241532828658819,0.679,15.817,77.00916957235313,0.9320000000000002,9388.106,37.988,12.055788549,3.13202500343323,30.4267094517856,5.17967781908315,0.0,17.8948916666667,67.638,17.5439418795407,0.0,13.657699999999998,1.3208144998747,0.5962451509409998,0.3323757364443069,0.7580429039392491,2.675102554754943,0.882,-0.364,0.0967686066232393,0.928,8.99608127369125,0.215,49.2931441654198,0.610188961029053,0.207406550645828,0.155374631285667,3.0074782911992504,102.590182257396,32573910.0,3781675366.8,34738.59606916436,0.0,7388205450.756757,0.0,1.0,0.0,0.0,48315136.0,0.332375736444307,0.758042903939249,1.090418640383556,2.675102554754943,152.91699584073936
UKR,Ukraine,2004,99.4,29.199833765504,10.4370371199069,0.0241389870643616,0.65,16.132,77.42736808087724,0.808,10572.024,37.203,12.899323366,3.15257096290588,29.3717696283534,9.04806786050888,0.0,17.401225,67.472,17.5116908688161,0.0109273037035073,29.0897,0.874680879938456,0.6697111088955303,0.3064565120583749,1.49235996559455,3.047679258132046,0.844,-0.472,-3.48278336889929,0.928,1.8129176724001397,0.233,51.2225068802721,0.630696892738342,0.182547599077225,0.150488793849945,3.354135770190421,109.981708544962,32432754.0,3638889412.4,38574.06996846805,0.0,10419942267.577736,0.0,1.0,0.0,0.0,47979507.0,0.306456512058375,1.49235996559455,1.7988164776529252,3.047679258132046,217.17485066234082
UKR,Ukraine,2005,99.9,22.9844736956676,8.87530749467009,0.0242240428924561,0.475,16.22,69.259518120004,0.651,10981.664,41.917,13.026507649061044,3.17325162887573,30.1861914393484,13.5695764909248,0.0,16.1741666666667,67.517,18.5082818564478,1.17201160598113,64.0054,0.5651330006155341,0.7817576521192677,0.229376263662107,1.59773566982954,4.116637928545472,0.829,-0.285,-1.5251735486456095,0.928,-6.3836773187962805,0.243,49.3819493795441,0.673380672931671,0.159344747662544,0.14921361207962,4.34601419220758,94.6475701087848,32269481.0,3059060006.3,42406.330079433894,0.0,12223249437.717815,0.0,1.0,0.0,0.0,47585556.0,0.229376263662107,1.59773566982954,1.827111933491647,4.116637928545473,256.8689002544767
UKR,Ukraine,2006,99.5,20.4745181237032,7.23906141043294,0.0243753977119923,0.499,16.149,69.26165535198204,0.679,11888.365,43.222,14.652933851786615,3.18130683898926,30.5434517130428,9.05252491133248,0.0,15.1691666666667,67.49,18.7489602101172,1.17910731514957,105.277,1.01163949753159,0.7657155650564054,0.235052703029454,1.40052829959985,4.356990677337416,0.846,-0.0369999999999999,-0.7326689338488364,0.928,0.2757199088522402,0.251,49.823191473546,0.678648471832275,0.16213995218277,0.159098029136658,4.592043380366871,89.181052639031,32163381.0,2800170409.8,47189.048155504686,0.0,13339404258.439598,0.0,1.0,0.0,0.0,47278694.0,0.235052703029454,1.40052829959985,1.635581002629304,4.356990677337417,282.14409345654934
UKR,Ukraine,2007,99.8,21.1563535849993,6.28300133403275,0.0245210155844688,0.475,16.208,45.59775011497871,0.716,12939.345,41.691,16.721038205925463,3.18938279151917,30.6585222325477,12.8387796190181,0.0,13.8991666666667,67.715,18.4044595569733,3.0260948245372,119.088,0.786052400938078,0.6268952645066062,0.2274676258021879,0.749230266655817,5.188272756637701,0.847,0.173,-1.45886877152735,0.928,-7.28020736362093,0.28,51.6170820097297,0.683703005313873,0.161842241883278,0.177191659808159,5.415740382439889,88.0465606718626,32101644.0,2500501318.3,53889.3449442321,0.0,14659633661.646614,0.0,1.0,0.0,0.0,47062798.0,0.227467625802188,0.749230266655817,0.976697892458005,5.188272756637701,311.49090756666476
UKR,Ukraine,2008,99.8,17.0967699572899,6.53540152136768,0.0246900804340839,0.478,15.907,84.5638428852733,0.5840000000000001,13289.867,43.974,16.159375881441306,3.19747877120972,28.083434007624,25.226461707384,0.0,17.4925,68.262,15.8865544564648,3.19662035214157,120.558,1.14737308736752,0.6847400103295715,0.2033051840594559,2.71207348602637,7.740806935865034,0.843,0.0429999999999999,-2.6247639007896,0.928,-8.934742045491351,0.275,52.878376373485,0.702071189880371,0.170438498258591,0.172809898853302,7.94411211992449,94.1718921417534,32012709.0,6725937672.1,55482.90742358115,0.0,22728047112.716022,0.0,1.0,0.0,0.0,46819175.0,0.203305184059456,2.71207348602637,2.915378670085826,7.740806935865034,485.44313548275943
UKR,Ukraine,2009,99.9,12.782356732483098,6.90539595920772,0.0246296171098948,0.469,15.445999999999998,87.3499751359184,0.655,11327.655,42.352,9.61495515943437,3.20559573173523,24.759831137373,15.8811924594476,0.0,20.8633333333333,69.159,14.3166828926278,0.889502149931948,119.456,1.278878300454,0.5341863766255184,0.2440696960042319,1.84257379414677,4.5451406211582395,0.864,-0.302,-5.10446976294621,0.928,7.31013899639911,0.252,55.9948766791758,0.682722985744476,0.224204212427139,0.0891646519303322,4.789210317162471,87.4761626200316,31948979.0,13026631323.7,54762.08395559978,0.0,14649225833.579494,0.0,1.0,0.0,0.0,46623731.0,0.244069696004232,1.84257379414677,2.086643490151002,4.5451406211582395,314.20106283599426
UKR,Ukraine,2010,100.0,14.4826163643728,7.40220509822994,0.0244774222373962,0.629,14.798,75.751902571565,0.677,11839.776,43.378,9.011913123,3.21373295783997,25.6492814021248,9.37293105078978,0.0,15.8683916666667,70.188,13.0957490953386,3.49378057537729,117.768,0.945147583014386,0.4661601879767723,0.2296869360340461,1.92907582506734,6.834164171435785,0.881,0.0129999999999999,-4.14139673468934,0.928,1.9311173738551295,0.186,55.4893203103736,0.659374117851257,0.24773858487606,0.107322178781033,7.06385110746983,95.72973045329,31886191.0,16261859619.3,59829.609282700185,0.0,18259774407.345608,0.0,1.0,0.0,0.0,46456003.0,0.229686936034046,1.92907582506734,2.158762761101386,6.834164171435784,393.0552184471317
UKR,Ukraine,2011,100.0,12.328793647106298,8.15022183877887,0.0244708806276321,0.613,14.474,68.4838585766983,0.6320000000000001,12526.09,42.939,9.318573676,3.22197246551514,24.8391242667758,7.955724662746519,0.0,15.947225,70.711,11.7655342734613,3.45222629185011,121.942,1.23771380213352,0.6045643396624438,0.254784015362109,2.35896804287954,7.653472476525611,0.89,-0.07,-0.7923131775527679,0.928,1.5460560766936498,0.196,53.5003535486051,0.673556983470917,0.250747621059418,0.11066110432148,7.90825649188772,104.805073904259,31824345.0,16211596668.7,64921.136154302374,0.0,24185458217.31053,0.0,1.0,0.0,0.0,46307853.0,0.254784015362109,2.35896804287954,2.6137520582416487,7.653472476525611,522.2755245705416
UKR,Ukraine,2012,99.9,12.4335481796727,7.76131248389414,0.0245364736765623,0.615,14.242,66.9838104671062,0.5940000000000001,12576.492,44.665,9.809169136,3.23026084899902,24.2660524050508,0.5687279718038631,0.0,18.3922166666667,71.09,12.2296271115814,1.57042358494311,130.859,1.20575144270603,0.5128585166729174,0.2101471134027879,1.20347453702198,4.492508081344042,0.89,-0.092,-2.38490348971893,0.928,9.64012656225921,0.192,54.4753052575019,0.66812390089035,0.270747691392899,0.119311027228832,4.70265519474683,102.622788356626,31803701.0,12794963206.1,66198.79547806851,0.0,23603974228.277756,0.0,1.0,0.0,0.0,46210056.0,0.210147113402788,1.20347453702198,1.4136216504247678,4.492508081344043,510.79735173395494
UKR,Ukraine,2013,100.0,8.003361527679939,8.69230562102956,0.0246137045323849,0.658,13.983,70.6911717468944,0.5960000000000001,12611.945,43.325,8.977454618,3.23859786987305,22.4302649907366,-0.2389486260454063,0.0,16.6492,71.474,11.1405917419353,1.63737521614496,138.441,1.20490526300508,0.4297282286047927,0.196894560277326,0.522461268811618,3.794469976566454,0.884,-0.777,-2.33415552027781,0.928,11.8306483626893,0.204,56.6426976003131,0.648698151111603,0.306548178195953,0.108863309025764,3.991364536843779,94.0016694501782,31796395.0,7189976453.4,71292.24190729338,0.0,22102950687.64479,0.0,1.0,0.0,0.0,46126770.0,0.196894560277326,0.522461268811618,0.719355829088944,3.794469976566453,479.1783748926012
UKR,Ukraine,2014,100.0,10.0161403122952,10.1546081548161,0.0245542079210281,0.473,13.682,75.2288456319954,0.5390000000000001,12467.834,40.314,7.353784440999998,3.24698424339294,22.8189915653958,12.0718562874251,0.0,17.7180416666667,71.803,12.2281281606135,1.14341095849196,144.279,1.17134594315961,0.5374018170990702,0.28718706107193,0.468975153427332,3.3211338721779704,0.803,-2.021,-1.1527097391486,0.873,1.5671069148767902,0.196,54.1589184045774,0.699774324893951,0.271058350801468,0.0716742724180221,3.608320933249899,100.691782483624,31746426.0,7607476703.299999,75739.17867273961,0.0,18350624580.586384,0.0,1.0,0.0,0.0,45972380.0,0.28718706107193,0.468975153427332,0.7561622144992619,3.321133872177969,399.16629464444486
UKR,Ukraine,2015,100.0,20.5967473592952,12.0593761063371,0.0244012251496315,0.419,13.015,56.6577541315204,0.374,11292.085,41.884,7.463088059,3.2554202079773,21.7279577419459,48.6998646434424,0.0,21.8229416666667,72.686,11.9027791187924,0.2311226884494139,142.003,1.20086792163998,0.2980485983977043,0.390353886381221,0.478722310775197,2.208761519262289,0.783,-1.96,3.00347395634846,0.897,-12.2829289815693,0.229,51.1686439927907,0.554325878620148,0.39075317978859,0.0927659496665001,2.5991154056435093,107.806616298156,31664253.0,12485727667.9,75717.84120194917,0.0,12824410158.898895,0.0,1.0,0.0,0.0,45784896.0,0.390353886381221,0.478722310775197,0.869076197156418,2.2087615192622883,280.10132771512457
UKR,Ukraine,2016,100.0,19.5295363274478,11.7257009089167,0.0243717040866613,0.464,12.589,47.3071300933366,0.4020000000000002,11612.979,38.326,8.664105336,3.26390647888184,23.1783620717483,13.9127101997797,0.0,19.2371666666667,73.389,12.2191260296634,0.643001217767681,133.169,0.739114578198655,0.2004056293323,0.3489238335415121,0.467980707895294,2.0505021331939286,0.76,-1.853,1.63597682364479,0.897,1.82756968752031,0.245,49.9142479962203,0.534822762012482,0.391772598028183,0.126601278781891,2.399425966735439,105.521204913122,31571512.0,13075404912.7,75712.77491768052,0.0,11554246693.716831,0.0,1.0,0.0,0.0,45616832.0,0.348923833541512,0.467980707895294,0.816904541436806,2.0505021331939273,253.2891081458009
UKR,Ukraine,2017,100.0,16.6222842054694,10.1776550393512,0.0245328657329083,0.453,12.265,38.3051472985388,0.433,11942.821,39.291,9.688356187118682,3.27244305610657,23.2888002154817,14.4383227488749,0.0,16.383525,73.993,11.980302070255,0.94789516391746,131.357,0.869406676082544,0.3485825403977269,0.3700828270499199,0.418244838789605,2.5841292191873393,0.753,-1.867,1.3902311198426,0.897,-4.68048423181966,0.271,50.9587159917712,0.566415727138519,0.346235871315002,0.135247901082039,2.9542120462372594,104.034982911399,31470506.0,14001431254.9,77943.16973750741,0.0,13032328980.516796,0.0,1.0,0.0,0.0,45436041.0,0.37008282704992,0.418244838789605,0.7883276658395251,2.5841292191873393,286.8280046784181
UKR,Ukraine,2018,100.0,13.4908904334029,10.1395331070229,0.0248515140265226,0.478,13.157,34.5118586409827,0.3000000000000001,12428.081,39.795,10.992414191967647,3.28103017807007,23.2933329813033,10.9518559353178,0.0,19.004875,73.569,11.5340215521043,0.421159094247327,127.754,1.22232291954122,0.4845496780104525,0.3632297859219859,0.419208073231986,2.5472397650309837,0.744,-1.872,1.160768938949,0.897,3.12512181706498,0.303,51.3323027091522,0.597293734550476,0.323780000209808,0.129074811935425,2.9104695509529694,99.1998150718675,31336915.0,12997230934.0,78585.8435956127,0.0,16533665903.6098,0.0,1.0,0.0,0.0,45208907.0,0.363229785921986,0.419208073231986,0.782437859153972,2.5472397650309833,365.71700137784353
UKR,Ukraine,2019,100.0,12.1342335960932,8.96518101437243,0.0252763479948044,0.331,13.079,30.0270685880177,0.325,12902.796,39.409,12.274027702,3.28966856002808,22.5804196823995,7.886717456111331,0.0,19.8217083333333,73.92,10.7886004166753,0.0853573721373948,130.629,0.718231983949118,0.3634169652833883,0.277766267046023,0.287026111974908,1.454032433344807,0.664,-1.4279999999999995,0.95458112464378,0.897,10.6936587686836,0.356,54.4855197050788,0.649904429912567,0.276178896427155,0.120117738842964,1.7317987003908293,90.5112342910763,31179240.0,11328387888.2,78258.33854277665,0.0,13520248417.777178,0.0,0.0,1.0,0.0,44957458.0,0.277766267046023,0.287026111974908,0.564792379020931,1.4540324333448063,300.73427233757695
VEN,"Venezuela, RB",1995,99.0,24.1155694838825,5.04047221308453,0.0354265049099922,0.614,4.813,8.655919769019981,0.283,17293.123,27.005,35.13960248063808,1.98925864696503,37.6511553750393,18.289553566458977,0.0,39.7441666666667,71.714,13.7853462369369,0.158588175719508,1.8265471389999988,0.3013353311094229,14.5559545074645,0.1039539280231109,0.0164890672486179,15.03236708154209,0.69,-0.584,0.34265943055371,0.909,-7.91764283249233,0.55,48.5300408032159,0.416904389858246,0.289916962385178,0.199763789772987,15.1363210095652,47.3423429413769,19165001.0,0.0,8644.1465,0.0,21915519328.875725,0.0,1.0,0.0,0.0,22193821.0,0.103953928023111,0.0164890672486179,0.1204429952717289,15.03236708154209,987.4603984990113
VEN,"Venezuela, RB",1996,98.484130859375,32.491853393002,4.08961921662174,0.0357767418026924,0.614,4.804,8.12661346910004,0.234,16895.469,35.67,33.11646766,2.02065086364746,44.7587058654958,18.36891285820214,0.0,39.4133333333333,71.92,12.4268853777278,0.280750213703048,2.577074097000001,0.385285716754203,23.0648781099677,0.1035429579898929,0.0023150659433672,23.733229106368302,0.69,-0.584,12.8310841723323,0.909,-35.3145165456277,0.55,42.2193534124052,0.402743726968765,0.263387203216553,0.175938352942467,23.8367720643582,55.9724277883021,19675906.0,0.0,8643.14577,0.0,28467238344.356667,0.0,1.0,0.0,0.0,22662113.0,0.103542957989893,0.00231506594336725,0.10585802393326026,23.733229106368306,1256.1599328516572
VEN,"Venezuela, RB",1997,98.7,32.9069782169616,4.49549200535744,0.0363902747631073,0.614,4.652,12.6068964516111,0.1309999999999999,17608.971,33.566,38.517976828,2.05253863334656,46.3535894096273,35.381097698399834,0.0,23.685,72.56,21.1279143047693,0.175195451404365,4.652836295999997,0.3210441590744579,17.5046486685088,0.0954658012186435,0.0,18.000888278987556,0.695,-0.5609999999999999,5.58485289208907,0.909,-7.661492273338201,0.547,40.3443460888287,0.425930470228195,0.244148775935173,0.231295704841614,18.0963540802062,51.2450364065399,20184383.0,0.0,8969.45253,0.0,27964596224.374603,0.0,1.0,0.0,0.0,23131685.0,0.0954658012186435,0.0,0.0954658012186435,18.000888278987556,1208.930357834918
VEN,"Venezuela, RB",1998,98.4,26.6780377669524,4.95043215492494,0.0373487137258053,0.596,4.758,12.0405144398492,0.286,17314.461,24.301,40.500831359,2.08492922782898,40.5740835171807,14.018149684208469,0.0,46.3525,72.446,19.0279312962976,0.175817166522284,8.550767856,0.2391257348086639,8.57137562243914,0.0771515714594521,0.0,8.986318523770088,0.695,-0.538,-0.6079041180450471,0.819,23.0987863341021,0.505,45.8091838462613,0.479166239500046,0.229976043105125,0.259246557950974,9.06347009522954,43.5993929334366,20685609.0,0.0,8901.812469,0.0,19944615566.95077,0.0,1.0,0.0,0.0,23601337.0,0.0771515714594522,0.0,0.0771515714594522,8.986318523770088,845.0629541432662
VEN,"Venezuela, RB",1999,98.9,29.1420101201233,4.35106142766149,0.0378449931740761,0.605,4.959,11.2142857878971,0.104,15961.479,26.847,36.36420874184037,2.11783146858215,41.940661829383,11.698546505957358,0.0,32.1258333333333,72.088,17.6954904068778,0.0677636577575582,15.79146876,0.2839668086679761,12.8387638257711,0.0790383223754391,0.0,13.19049429219656,0.732,-0.6485000000000001,4.58366315073244,0.8,4.70163709843741,0.429,45.7783100737051,0.473333090543747,0.188903376460075,0.226072072982788,13.269532614572,42.0702304843238,21171594.0,0.0,7868.856657,0.0,23946983134.25952,0.0,1.0,0.0,0.0,24066593.0,0.0790383223754392,0.0,0.0790383223754392,13.190494292196561,995.0300457675718
VEN,"Venezuela, RB",2000,98.9,34.8819091156356,3.932985730636799,0.0380391180515289,0.705,4.934,10.4838423233885,0.214,16006.173,32.743,35.986392357251404,2.15125250816345,46.4048482561673,13.804850473032191,0.0,25.1991666666667,72.388,18.5290299154014,0.0791049284520337,22.2091,0.4500428998668859,20.0011569684281,0.0458247043127597,0.0,20.53030479674704,0.898,-0.759,7.52997395769579,0.734,-3.2858753296361005,0.208,43.0818490661031,0.42252904176712,0.149609014391899,0.203952819108963,20.5761295010598,47.8572215529808,21637333.0,0.0,8082.699251,0.0,38416756511.17522,0.0,1.0,0.0,0.0,24526708.0,0.0458247043127597,0.0,0.0458247043127597,20.53030479674704,1566.323393713303
VEN,"Venezuela, RB",2001,99.9,29.5705509619967,4.23151248545234,0.0385723859071732,0.696,5.525,12.3700667445056,0.3229999999999999,16276.733,27.305,39.520603256980735,2.18933629989624,42.9102931639246,22.54578299034474,0.0,22.4516666666667,71.019,16.9893279482888,0.0847673044326253,25.911100000000005,0.39389596845671,14.809781275052,0.0442342791107406,0.0116115298305874,15.30005607777196,0.898,-1.0385,-1.19541438262248,0.734,13.3844231339627,0.202,45.9768148610753,0.488680392503738,0.155370011925697,0.246252998709679,15.3442903568827,42.141268017362,22075450.0,0.0,8378.866824,0.0,34457419749.26188,0.0,1.0,0.0,0.0,24979922.0,0.0442342791107406,0.0116115298305875,0.055845808941328096,15.30005607777196,1379.404617406807
VEN,"Venezuela, RB",2002,99.8,31.2464310988019,3.8470461924177695,0.0388368889689446,0.755,4.929,10.127166373815696,0.239,14594.517,29.508,35.39814847056848,2.22809457778931,46.6549699116747,13.607688263831395,0.0,36.5775,72.823,16.4385948738247,0.147595355600824,25.7194,0.485477997520281,18.7480489712018,0.0734661446515083,0.0,19.38112232432299,0.905,-1.318,3.73467220237519,0.734,2.67218994668386,0.191,43.2520717744444,0.488947480916977,0.145765334367752,0.170824125409126,19.4545884689745,48.5757106494068,22499220.0,0.0,8809.541038,0.0,32222594059.3078,0.0,1.0,0.0,0.0,25435671.0,0.0734661446515084,0.0,0.0734661446515084,19.38112232432299,1266.8269714334565
VEN,"Venezuela, RB",2003,95.7,30.5542972100323,4.31314643960616,0.0382402390241623,0.786,5.293,8.906126214638732,0.3229999999999999,13247.265,32.347,24.16858460324313,2.26753854751587,48.8417070697997,4.049443781631458,0.0,25.1933333333333,72.056,17.1181225878838,0.262179151792683,27.093000000000004,0.382225897512285,21.1779581221907,0.0732189560124079,2.216451522263352e-06,21.82236538794719,0.905,-1.286,5.38286217238663,0.734,-7.21866989625879,0.184,41.5241598961074,0.506314933300018,0.15263643860817,0.113278321921825,21.8955843439596,50.577007378194,22920810.0,0.0,8950.408046,0.0,37150266407.575874,0.0,1.0,0.0,0.0,25892703.0,0.073218956012408,2.21645152227653e-06,0.07322117246393028,21.822365387947194,1434.7774509125554
VEN,"Venezuela, RB",2004,99.1,36.8028512981419,3.71881718358774,0.0379650630056858,0.788,5.113,11.081772129298002,0.1429999999999999,15422.433,34.385,30.59257134331867,2.3076810836792,51.1134764353283,15.230485095980365,0.0,18.4966666666667,72.752,16.4577514444708,0.2503507535454941,31.9693,0.282061313688956,23.0890395880635,0.0580316824717028,0.150228232770227,23.771679888068196,0.916,-1.392,6.22677877222387,0.734,-11.5391025879983,0.145,37.2753593066702,0.478760331869125,0.128951609134674,0.168839514255524,23.8297115705399,55.3674556023219,23333651.0,0.0,9791.351362,0.0,54650772785.42832,0.0,1.0,0.0,0.0,26340838.0,0.0580316824717029,0.150228232770227,0.2082599152419299,23.771679888068196,2074.754523201894
VEN,"Venezuela, RB",2005,98.8,41.2632715909051,3.69518323245945,0.0390339270234108,0.744,5.078,13.214871769626,0.4110000000000001,16748.656,37.625,38.377455605796314,2.34853434562683,53.0883974696502,16.44149980671618,0.0,16.8091666666667,73.075,15.078064466557,0.689719723755767,46.6505,0.360365920832308,28.053874586106495,0.0448247387086835,0.0742191320000951,29.17817936269462,0.934,-1.244,7.06958274091445,0.681,-9.872293158619302,0.077,35.0708629047267,0.474169105291367,0.11224988847971,0.175490066409111,29.2230041014033,60.1273297561422,23742581.0,0.0,9863.748127,0.0,75559289848.75784,0.0,1.0,0.0,0.0,26785804.0,0.0448247387086835,0.0742191320000952,0.1190438707087787,29.178179362694618,2820.8707063173406
VEN,"Venezuela, RB",2006,99.3,40.9280741349562,3.6568046342889,0.0410016849637032,0.751,5.202,17.0371328682102,-0.3009999999999999,18118.971,37.662,45.14884443553933,2.39718818664551,51.9276623968995,28.027145029047936,0.0,15.4766666666667,72.972,13.9085695332202,0.729497875448801,69.0163,0.4153809693109949,26.818656762588397,0.0495914627937055,0.0643409416368239,28.027876548985095,0.934,-1.253,0.4827968508844089,0.64,-2.0589991732632393,0.075,36.3493328091066,0.485587805509567,0.113080635666847,0.210935428738594,28.0774680117788,58.6655915584603,24144779.0,0.0,9927.200904,0.0,90476756892.28276,0.0,1.0,0.0,0.0,27224686.0,0.0495914627937055,0.0643409416368239,0.1139324044305294,28.027876548985095,3323.335185290393
VEN,"Venezuela, RB",2007,98.9,36.7487265232608,3.8135393886189295,0.0435276702046394,0.766,5.147,23.4811724669825,-0.383,19405.512,33.134,52.14859726737513,2.44685029983521,49.2828626757633,27.6588514022737,0.0,17.105,73.348,13.336724212233,0.962687910432328,86.1507,0.4046449012727611,21.6186473049421,0.0485729798066425,0.0841410870915603,23.07012120373876,0.947,-1.23,-1.1905042317723302,0.64,1.43485845305455,0.066,39.3526219570256,0.521902978420258,0.12143512815237,0.247936397790909,23.1186941835454,56.1990954818909,24532791.0,0.0,9489.492926,0.0,96498392026.65108,0.0,1.0,0.0,0.0,27649363.0,0.0485729798066425,0.0841410870915604,0.1327140668982029,23.070121203738758,3490.0764992904565
VEN,"Venezuela, RB",2008,98.9,36.4817503041676,4.15841611570505,0.045619010925293,0.786,5.521,21.4696738075916,-0.1409999999999999,20122.821,31.418,50.73714969255383,2.49754095077515,50.6124593374834,27.828879186569253,0.0,22.3708333333333,72.578,12.8395861840125,0.771169403064098,97.7211,0.2996410579550939,22.6737847784336,0.0413903359693617,0.136321487377968,23.88091672683084,0.943,-1.312,-2.01470039812454,0.64,-5.964399617398719,0.069,38.7983674350826,0.496823936700821,0.116690248250961,0.230338171124458,23.9223070628002,51.8290123789932,24900902.0,0.0,8065.676424,0.0,128887695148.15326,0.0,1.0,0.0,0.0,28053696.0,0.0413903359693618,0.136321487377968,0.17771182334732982,23.88091672683084,4594.321373845117
VEN,"Venezuela, RB",2009,99.0,22.5962750767799,5.6621777947414,0.0464094020426273,0.786,5.531,23.6136286787977,-0.076,19189.24,24.584,48.03667998,2.54928183555603,40.8120935299234,27.080941446613,0.0,19.8933333333333,72.785,13.6248683231211,0.2221485314672711,98.8933,0.301357412680844,9.95847654408777,0.0378270145835117,0.0218573214827694,10.503839809718688,0.947,-1.278,-7.22173170974985,0.64,11.1856446074341,0.063,45.9130653049749,0.57271683216095,0.146478980779648,0.220918625593185,10.5416668243022,38.5209296583297,25249386.0,0.0,7252.761246,0.0,75346084279.17734,0.0,1.0,0.0,0.0,28438298.0,0.0378270145835117,0.0218573214827694,0.0596843360662811,10.503839809718688,2649.4582861174513
VEN,"Venezuela, RB",2010,99.1,31.8255963207177,5.375265165505539,0.0465933717787266,0.799,5.512,18.8543354200342,-0.178,18626.208,26.359,45.69329887,2.58825922012329,48.4086022795909,28.1874647092039,0.0,18.3475,73.092,11.8995198814744,0.404512915599153,96.762,0.193269710628376,11.6928975467648,0.0553207196000185,0.0348774362646779,12.32555760925698,0.955,-1.256,-3.1727051252212,0.588,-18.9085587466057,0.0559999999999999,39.031863218742,0.494259476661682,0.136921793222427,0.195043712854385,12.380878328857,46.1368935240203,25586794.0,0.0,6354.561578000001,0.0,90677936703.16736,0.0,1.0,0.0,0.0,28813101.0,0.0553207196000184,0.034877436264678,0.0901981558646964,12.32555760925698,3147.1078626062276
VEN,"Venezuela, RB",2011,98.8,31.3338517400854,5.012930064310939,0.0467210933566093,0.812,5.602,20.4742256485103,-0.45,19122.778,31.117,45.778110979999994,2.62051510810852,48.6321324133785,26.0902123160959,0.0,17.15,73.09,11.6452400572826,0.680305862417914,98.6184,0.5423881496854571,23.1450195251423,0.0607034325019573,0.0469187916135785,24.414632328859245,0.958,-1.094,-6.0787332239839,0.588,-8.583113846523768,0.0549999999999999,38.6366452446061,0.48875966668129,0.142125457525253,0.21538969874382,24.4753357613612,49.6381215967995,25918782.0,0.0,5572.642553,0.0,123175123374.32748,0.0,1.0,0.0,0.0,29185212.0,0.0607034325019574,0.0469187916135786,0.107622224115536,24.414632328859245,4220.463547577708
VEN,"Venezuela, RB",2012,99.3,26.3247862808226,4.7712810352925965,0.0470755733549595,0.814,5.703,23.8729758931757,-0.826,19908.776,28.151,53.44135206,2.65317296981812,47.76366001261125,21.0689956331876,0.0,16.38,73.086,12.615808579892482,0.2799546693877799,103.435,0.5016295368026431,17.9387823718967,0.0467906390565038,0.0140786873288863,18.734445265415996,0.958,-1.027,-6.54736044340308,0.588,-3.7349073970286497,0.0559999999999999,40.14477558049606,0.527312755584717,0.139967456459999,0.262668192386627,18.7812359044725,50.6485838828706,26255674.0,0.0,5226.500704,0.0,121494126068.07892,0.0,1.0,0.0,0.0,29553826.0,0.0467906390565039,0.0140786873288863,0.0608693263853902,18.734445265415996,4110.944081083746
VEN,"Venezuela, RB",2013,99.4,19.6496163195901,4.863313069866653,0.0472851544618607,0.812,5.804,27.472799415793,-0.458,19891.126,26.099,47.96957809,2.68623757362366,47.710823070682835,40.6394275161589,0.0,15.895,73.076,12.531867568345945,0.2355486386539489,103.289,0.5422562544716412,16.7771388276982,0.0614982833693973,0.008902909642957,17.563846630466703,0.967,-1.078,-7.486775626624919,0.663,-16.6927476369503,0.0319999999999999,40.113796405150794,0.612865686416626,0.157121554017067,0.22703093290329,17.6253449138361,62.4795214214587,26585567.0,0.0,5230.054641999999,0.0,118304975554.54128,0.0,1.0,0.0,0.0,29912198.0,0.0614982833693974,0.00890290964295714,0.07040119301235453,17.563846630466703,3955.0746339182856
VEN,"Venezuela, RB",2014,100.0,9.04104650757029,7.158315821414749,0.046647522598505,0.813,5.996,26.633605743220752,-0.61,18850.658,21.798,41.4714177,2.71971440315247,36.96428194628661,62.16864997948291,0.0,17.2116666666667,72.837,12.966205091695793,0.1052952576104069,100.905,0.3777595935578821,11.3021511747501,0.0544766741373998,0.0068255796735525,11.792031605592,0.967,-0.852,-7.48781082662563,0.663,-42.7246127062301,0.0299999999999999,50.63031199820088,0.690245807170868,0.18439956009388,0.196328520774841,11.8465082797294,64.2074401112959,26900835.0,0.0,5209.580970999999,0.0,107994303549.96996,0.0,1.0,0.0,0.0,30254079.0,0.0544766741373998,0.00682557967355252,0.06130225381095232,11.792031605592001,3569.578288929898
VEN,"Venezuela, RB",2015,100.0,19.32107681128686,8.006085833189285,0.0454883314669132,0.839,6.026,28.17095102980863,-0.906,17439.051,14.885,35.20706833,2.7536084651947,31.451209227853095,121.738085297503,0.0,19.395,73.004,13.78615963617885,0.1226297501861013,95.1578,0.2246896446083366,9.29019628634801,0.2009919965939024,0.0037598186437169,0.0,0.938,-0.972,-6.821438379441081,0.663,-49.3082677085364,0.028,55.31417510610589,0.842196464538574,0.127071723341942,0.242009833455086,9.842267496380082,60.288846101805,27196765.0,0.0,4018.089707,0.0,62459605794.06153,0.0,1.0,0.0,0.0,30573972.0,0.0,0.0,0.0,9.842267496380082,2042.9012558152906
VEN,"Venezuela, RB",2016,99.4,15.71235483591682,16.878169076859074,0.0439950376749039,0.892,6.572,14.278540004093848,-0.872,14423.283,11.223,23.279450947,2.78792500495911,24.40529328213652,254.948534781816,0.0,20.775,72.002,13.679200909104516,0.0281128868960487,89.7131,0.2262354011118399,2.1721527101510123,3.322984331244358,0.0,0.0,0.846,-1.023,-8.06061184359001,0.663,-70.36036353037548,0.023,50.376218430265965,0.792677760124207,0.111559331417084,0.000699605909176,5.749485329403258,41.307217198655,27378858.0,0.0,3090.57273395,0.0,47337350977.31462,0.0,1.0,0.0,0.0,30765720.0,0.0,0.0,0.0,5.749485329403258,1538.6394655257416
VEN,"Venezuela, RB",2017,99.2,16.910614123858746,17.965161373780226,0.0421658903360367,0.915,6.8,12.152674913957668,-0.965,12271.362,8.493000000000002,15.110015138,2.82266926765442,27.14733795760587,254.948534781816,0.0,21.0591666666667,71.903,13.248418679869967,0.4956615697342911,80.1355,0.2032922985539971,1.8044292607863517,3.012632472567264,0.0509058869250315,0.0,0.849,-1.252,-13.2347048889249,0.641,-89.47080187208928,0.015,47.44676902423546,0.785039246082306,0.0942448601126671,0.0442578494548797,5.566921488566935,42.5829358408751,27211932.0,0.0,2626.6661077400004,0.0,52102765660.33446,0.0,1.0,0.0,0.0,30565323.0,0.0,0.0,0.0,5.566921488566935,1704.6365144034125
VEN,"Venezuela, RB",2018,99.9,9.720521298448023,9.690871305209818,0.0403930395841599,0.903,6.685,15.70681037819566,-1.105,10384.299,6.884,15.110015321,2.8578462600708,35.79273516786821,254.948534781816,0.0,21.0591666666667,72.641,6.806797416067758,0.17321928029536,69.55,0.9636860399044068,11.35441535665658,0.0426981735859819,0.2283190945588538,0.0,0.917,-1.351,-30.2888404948137,0.695,-89.47080187208928,0.012,57.00434975058619,0.333441317081451,0.0475463010370731,-0.0581509098410606,12.762337945001184,54.6450667905599,26548419.0,0.0,1846.28120552,0.0,51841088216.81867,0.0,1.0,0.0,0.0,29807592.0,0.0,0.0,0.0,12.762337945001184,1739.1907476732329
VEN,"Venezuela, RB",2019,99.8,17.496891347500615,16.947781128240333,0.03879589214921,0.905,6.802,18.85085087966548,-1.277,7804.255999999999,10.09,15.110015444,2.89346170425415,25.123846776028493,254.948534781816,0.0,21.0591666666667,72.766,15.027275391614586,0.022384914934425,63.8474,0.2067275057618931,3.338198956153187,2.6891536712412325,0.0,0.0,0.957,-1.539,-9.95079763711408,0.695,-89.47080187208928,0.011,50.37059595888005,0.349881052970886,0.056827113032341,0.047000229358673,6.256465048090739,58.1292903256504,25784716.0,0.0,1139.1769626500002,0.0,29033051601.49146,0.0,1.0,0.0,0.0,28938098.0,0.0,0.0,0.0,6.256465048090739,1003.2812661527188
VNM,Viet Nam,1995,78.4,21.3837434341786,27.1826887789875,0.0353875756263733,0.126,6.021,18.4846722471733,-1.042,2773.523999999999,15.918,12.497711184,1.81558275222778,28.755919822449,5.67499999999994,0.0,20.1,70.871,18.63131499208123,0.011043475316308,0.0318604710000016,0.0281114362787644,3.2492785343455193,3.8933846704598505,0.0986562406980245,3.3870896866386193,0.534,0.526,-1.1378518317544282,0.421,10.4908666421004,0.217,44.0613913985635,0.741831302642822,0.185147494077683,0.138864740729332,7.28047435709847,74.7212659206088,15457484.0,377211705.2999999,173.8280787,0.0,1266445298.155726,0.0,1.0,0.0,0.0,72049940.0,3.89338467045985,0.0986562406980245,3.9920409111578747,3.3870896866386198,17.577326201183872
VNM,Viet Nam,1996,78.4,21.3837434341786,27.7588260377303,0.0354715622961521,0.126,5.857,18.6700359511241,-0.908,2984.4359999999997,15.918,13.094049198,1.84584867954254,29.7298886912026,5.67499999999994,0.0,20.1,71.296,16.75292641067805,0.0097775128691175,0.0919456519999926,0.0544804664709273,3.559587055918951,3.35994286564849,0.019000329811539,3.6428453650705297,0.534,0.526,-1.1239760100777791,0.421,10.4908666421004,0.217,42.5112852710671,0.720006585121155,0.169843405485153,0.136729329824448,7.00278823071902,92.7057468018939,16147465.0,538602308.3,234.086108,0.0,1788558309.7307036,0.0,1.0,0.0,0.0,73156447.0,3.35994286564849,0.0190003298115391,3.378943195460029,3.6428453650705297,24.448403156193514
VNM,Viet Nam,1997,78.4,22.1502658208036,25.7717067944634,0.0366246551275253,0.1359999999999999,5.722,19.8488411245349,-0.885,3177.7559999999994,15.918,13.3849273,1.87661921977997,32.0751347955985,3.2095260626137403,0.0,14.4166666666667,71.67,16.80014255343484,0.0262867642161712,0.2109649579999981,0.0957508180463169,3.0728039355016197,2.54637505124149,0.0091952546092583,3.2040367723733603,0.534,0.4224999999999999,-1.096372815782687,0.421,7.33532106237832,0.217,42.153158409938,0.694967150688171,0.165219455957413,0.14506521821022,5.750411823614851,94.3444840684516,16840840.0,452390018.7999999,262.4665986,0.0,1916764002.674642,0.0,1.0,0.0,0.0,74226889.0,2.54637505124149,0.00919525460925841,2.5555703058507486,3.2040367723733607,25.823041063658778
VNM,Viet Nam,1998,86.1759872436523,23.8860819190786,25.7807804064629,0.0385258533060551,0.148,5.518,20.123863142178894,-0.8899999999999999,3309.7520000000004,15.918,14.234240108000002,1.90790271759033,32.4912677242346,7.266198044009599,0.0,14.4,72.283,16.65309270099881,0.0159591217496983,0.288739206999999,0.1157083328598749,1.7617685965112404,2.63588867823278,0.0292689792432087,1.9227050303640192,0.544,0.319,-1.0741966212248035,0.421,5.11047870740324,0.213,41.7279518693026,0.680741548538208,0.161230102181435,0.163213029503822,4.558593708596799,97.0012485118429,17527388.0,391249305.2999999,338.35495749999995,0.0,1631988712.549911,0.0,1.0,0.0,0.0,75299660.0,2.63588867823278,0.0292689792432087,2.665157657475989,1.922705030364019,21.673254733818332
VNM,Viet Nam,1999,86.9944381713867,27.3674140960496,25.4344379935091,0.0405048280954361,0.148,5.459,28.186587055123,-0.907,3416.117,15.456,13.810213426,1.93970763683319,34.4947517390022,4.117102357717361,0.0,12.7,72.575,16.742396097296364,0.0161858100889635,0.4207058109999977,0.174791285743312,3.729660024154731,1.70948217261134,0.0103569542797494,3.93099407426676,0.544,0.3639999999999999,-0.7876879417439702,0.421,6.58752234054448,0.242,40.0708102674888,0.684088289737701,0.150643408298492,0.172964543104172,5.6404762468781,102.787406603958,18172608.0,420497249.7000001,368.0654411,0.0,2416330600.95007,0.0,1.0,0.0,0.0,76287452.0,1.70948217261134,0.0103569542797495,1.7198391268910895,3.93099407426676,31.674024201910296
VNM,Viet Nam,2000,88.2,31.7019540276441,24.5345819955349,0.0432405471801758,0.148,5.486,35.2590740095008,-0.732,3599.1730000000007,16.183,14.132129838,1.97204279899597,36.7307753268455,-1.7103372785110906,0.0,10.55,72.746,19.60489230557008,0.0281474119945084,1.0220600000000033,0.3081867452650209,7.67987081900615,1.6423184047466,0.0337048058208644,8.049909782086539,0.557,0.409,-0.9786581591895748,0.466,6.9057666506376,0.238,38.7346426776196,0.643705904483795,0.144082352519035,0.190515995025635,9.69222818683314,111.417094419512,18800313.0,378189171.2000001,391.0722295,0.0,4104095183.530161,0.0,1.0,0.0,0.0,77154011.0,1.6423184047466,0.0337048058208645,1.6760232105674644,8.049909782086539,53.19354276383844
VNM,Viet Nam,2001,88.9,31.7264129839635,23.2410475903552,0.0465493910014629,0.148,5.482,39.2903936255311,-0.553,3795.973,17.0,14.628089313,2.01308059692383,38.1294216644677,-0.4315445117281804,0.0,9.420000000000002,72.984,19.58773066500476,0.0300841737970367,1.6047300000000106,0.3346551611023831,5.80548900026015,1.53842640416188,0.271701692376881,6.4419300275364595,0.557,0.3815,-1.4583274405419602,0.496,6.62403546630217,0.238,38.6295307451771,0.624343454837799,0.142483338713646,0.212262034416199,7.98035643169834,111.955937998525,19452526.0,425827879.7000001,430.4919178,0.0,3912065030.516678,0.0,1.0,0.0,0.0,77969361.0,1.53842640416188,0.271701692376881,1.8101280965387612,6.4419300275364595,50.17438876428239
VNM,Viet Nam,2002,89.1,33.0649721281989,23.0294421776834,0.0495068989694119,0.1610000000000001,5.509,43.1307744856858,-0.539,4011.636,17.892,15.849676085,2.05497241020203,38.4866787864761,3.83082838168467,0.0,9.06166666666667,73.138,19.56048890236147,0.0316975958313845,2.415050000000001,0.325384146459247,5.28727447254799,1.70669122841982,0.0744439200669618,5.71880013490558,0.557,0.3539999999999999,-1.0713408794055497,0.496,4.16693712269503,0.238,38.4838790358405,0.600889980792999,0.13420195877552,0.233577013015747,7.425491363325399,116.696868652499,20129527.0,445774372.4,437.8986068,0.0,4011178636.255505,0.0,1.0,0.0,0.0,78772224.0,1.70669122841982,0.0744439200669618,1.7811351484867817,5.718800134905579,50.921231273799066
VNM,Viet Nam,2003,90.3,32.0021198050483,22.542436705610797,0.0523583069443703,0.155,5.564,48.37235081336,-0.529,4265.994000000001,19.638,16.507357509000002,2.09773588180542,39.4700078083864,3.23464817293927,0.0,9.48,73.236,19.53321164572699,0.0322716334595363,3.4462899999999905,0.359617720346491,5.58537873703382,1.91290743964701,0.0647111498589004,6.041979240698751,0.557,0.1259999999999999,-1.7375223166938,0.496,2.21305791691824,0.238,37.9875554860028,0.589652121067047,0.13367934525013,0.254179090261459,7.954886680345761,124.327954439125,20825453.0,409451603.7000001,464.0374518,0.0,4978486405.960104,0.0,1.0,0.0,0.0,79563777.0,1.91290743964701,0.0647111498589004,1.9776185895059104,6.041979240698751,62.57227338465975
VNM,Viet Nam,2004,91.0,34.1053329078253,21.8076993514673,0.0548597872257233,0.155,5.73,58.7224307884587,-0.465,4556.153,19.291,16.865692947,2.1413893699646,40.2087495299221,7.754947487096011,0.0,9.7225,73.062,19.04427440660348,0.0495840962607541,6.173839999999998,0.632871823685399,8.1232104070861,1.53102836460499,1.42759635783827,10.233262684870509,0.557,0.1499999999999999,0.5797778826387141,0.496,1.18892233628232,0.243,37.9835511186106,0.56992119550705,0.132832959294319,0.272644490003586,11.7642910494755,133.016497868747,21532531.0,351318816.20000005,518.3730502999999,0.0,8323268053.835274,0.0,1.0,0.0,0.0,80338971.0,1.53102836460499,1.42759635783827,2.9586247224432602,10.233262684870509,103.60187528211276
VNM,Viet Nam,2005,96.1,33.6935717632871,19.2999788840494,0.0569024980068207,0.155,5.751,60.4667877825079,-0.509,4855.02,19.672,17.138167189,2.18595147132874,38.1311399002846,8.28457243128677,0.0,11.025,73.198,18.8232835631471,0.1111525120924989,11.830600000000004,0.777553231191598,9.04473557257388,1.27130277630238,0.9294524444358732,10.86289376029382,0.568,0.484,-0.3834092895910899,0.562,-6.552887403318081,0.301,42.5688812156661,0.551454961299896,0.134758189320564,0.295459896326065,12.1341965365962,130.714846045026,22241381.0,271529856.0999999,540.5232027,0.0,11237360634.93083,0.0,1.0,0.0,0.0,81088313.0,1.27130277630238,0.929452444435873,2.200755220738253,10.862893760293819,138.58175388271835
VNM,Viet Nam,2006,96.0,34.062672935389,18.7267854535521,0.058664608746767,0.155,5.772,65.3595423737595,-0.279,5145.627,20.734,17.524459743,2.23101854324341,38.5847310338981,7.41801715108463,0.0,11.17625,73.293,19.3807256267869,0.2991046109144579,22.9925,0.651803798316593,8.77756808235261,1.50786461295623,0.994197918869987,10.72267441045367,0.568,0.4050000000000001,0.791502477213198,0.562,2.40151725937125,0.299,42.6884835125499,0.538636744022369,0.134074047207832,0.293974101543427,12.2305390234099,138.313621869598,23044668.0,252314959.20000005,523.0002473,0.0,12392501724.995687,0.0,1.0,0.0,0.0,82167897.0,1.50786461295623,0.994197918869987,2.5020625318262173,10.72267441045367,150.81926369608422
VNM,Viet Nam,2007,93.1,32.7588701285519,18.655099701709,0.0611967407166958,0.1589999999999999,5.799,85.63968738395,-0.267,5460.725,20.558,19.991367332,2.27701449394226,38.5116248479069,8.34444889773837,0.0,11.18,73.385,19.3804144953877,0.445829496551402,53.835,0.542522638408329,6.63827611423842,2.2278624620532,1.55869464403608,9.1853228932342,0.568,0.252,-0.9389738588231789,0.562,1.4136378714766602,0.299,42.8332754503841,0.537654757499695,0.134419918060303,0.332011193037033,11.4131853552874,154.605383996554,23957313.0,238867429.5,522.9075657999999,0.0,13612995930.444052,0.0,1.0,0.0,0.0,83633375.0,2.2278624620532,1.55869464403608,3.78655710608928,9.1853228932342,162.76989814705016
VNM,Viet Nam,2008,93.8,28.756065174328,20.4131439246507,0.0634134486317635,0.157,5.828,82.8727709652009,-0.286,5714.783000000001,20.933,19.640417593,2.32395887374878,37.0776963788801,23.1154483474477,0.0,15.7835714285714,73.455,18.5796576460957,0.8469775308682119,87.9033,0.495591047514565,7.24340907549005,2.45497224266318,2.87873849995229,11.46471615382512,0.568,0.1649999999999999,0.3681423826914649,0.562,-5.6163352886234,0.299,42.5091596964692,0.548202455043793,0.13958053290844,0.332361280918121,13.9196883964883,154.317479627758,24888223.0,194563825.9,490.1119911,0.0,19240575694.60344,0.0,1.0,0.0,0.0,85175788.0,2.45497224266318,2.87873849995229,5.3337107426154695,11.46471615382512,225.8925470064737
VNM,Viet Nam,2009,96.1,28.7407359960629,19.1684598670425,0.0647303834557533,0.157,5.872,103.322353769645,-0.251,5964.555,20.15,20.304217624,2.37187123298645,37.3881863793419,6.716982699886291,0.0,10.069000000000004,73.525,18.3010354592131,0.5477493717873889,113.606,0.476843399378323,3.46240247909829,1.98132980935659,0.9325614521020612,5.419556702366059,0.568,0.2720000000000001,-3.93230327310955,0.562,3.62788141186044,0.299,43.4433537536156,0.544129371643066,0.152204290032387,0.328097879886627,7.40088651172265,134.706317721758,25728889.0,577869347.8,528.6247828,0.0,12502285089.52002,0.0,1.0,0.0,0.0,86460018.0,1.98132980935659,0.932561452102061,2.913891261458651,5.41955670236606,144.601925592012
VNM,Viet Nam,2010,97.4,34.5067852425165,15.3750906872381,0.0657503828406334,0.157,5.911,90.3531701049882,-0.2839999999999999,6284.505999999999,21.47,21.249266184000003,2.42077112197876,33.0228771360005,9.20746648778413,0.0,13.13525,73.611,17.1305705708367,0.452415653552499,127.574,0.442109704259686,3.393302694007759,1.83564330366126,1.357809559795,5.645637611614941,0.568,0.1479999999999999,-1.3238451779694398,0.562,-20.497081910176803,0.301,40.6273720032231,0.534171104431152,0.162654235959053,0.317912250757217,7.4812809152762,113.977687539714,26455536.0,529419194.7000001,496.55334760000005,0.0,16049382014.4489,0.0,1.0,0.0,0.0,87455152.0,1.83564330366126,1.357809559795,3.19345286345626,5.64563761161494,183.51556937947922
VNM,Viet Nam,2011,99.0,36.7964560051551,16.2591484896283,0.0651451796293259,0.1519999999999999,5.947,79.9430818204467,-0.216,6695.705000000002,20.323,18.712821973,2.44234204292297,34.580408780539,18.6777322770707,0.0,16.9538333333333,73.713,18.694145538196,0.5661809438934959,143.914,0.377816460476658,4.58244433557524,1.82592840997672,1.7170741364290698,7.24351587637446,0.568,0.189,-0.0595152334571071,0.562,-3.67326480415152,0.301,38.9070145300747,0.531497240066528,0.145913049578667,0.271572679281235,9.06944428635118,125.260577940829,27159422.0,496002751.0,520.1492863999999,0.0,21846967378.44118,0.0,1.0,0.0,0.0,88468314.0,1.82592840997672,1.71707413642907,3.54300254640579,7.24351587637446,246.9468037837952
VNM,Viet Nam,2012,97.9,36.0118927044848,16.199507640393,0.0629382953047752,0.163,6.008,75.5493913710905,-0.075,6988.794,18.004,18.089024621,2.46410512924194,35.8602323946766,9.09470339557192,0.0,13.4716666666667,73.762,20.2740924828827,0.3325495974559439,147.104,0.3529297856635529,4.10988392212901,1.70004277172662,0.803270856098302,5.5986341613468085,0.568,0.2669999999999999,-4.4832187918097,0.562,4.02832802666538,0.301,39.1188401087315,0.542347967624664,0.164386972784996,0.260336667299271,7.2986769330734305,123.224116745985,27857662.0,483810087.4,535.7456513,0.0,21642018632.76228,0.0,1.0,0.0,0.0,89510356.0,1.70004277172662,0.803270856098302,2.503313627824922,5.59863416134681,241.78228754628435
VNM,Viet Nam,2013,98.5,34.3816939665804,15.2156122465127,0.0607803910970688,0.163,6.057,77.5581108210475,-0.1539999999999999,7298.824999999999,18.493,18.012036903,2.48606204986572,35.575150437736,6.592674758991919,0.0,10.3741666666667,73.821,20.6874536915425,0.3151035461820359,136.614,0.3295562895921291,3.1704751714702395,1.58012929636161,0.518047231448515,4.333182238692931,0.51,0.2509999999999999,-4.7550815938059,0.59,6.08970870368918,0.355,40.542010129242,0.554079353809357,0.166180565953255,0.249378353357315,5.9133115350545395,130.846354866743,28560797.0,484779419.7999999,913.5020809,0.0,21212754431.87434,0.0,1.0,0.0,0.0,90573104.0,1.58012929636161,0.518047231448515,2.098176527810125,4.333182238692929,234.20588999438885
VNM,Viet Nam,2014,99.2,34.2908602439889,14.8803489262722,0.0592145808041096,0.163,6.114,80.0010314902415,-0.0849999999999999,7684.58,17.738,18.630696858,2.50821471214294,35.2985684880333,4.08455446637617,0.0,8.665,73.886,20.371229229791,0.189849847946125,148.504,0.4185623283913431,2.8511796745912203,1.81737511911996,0.383982190620381,3.843574041549059,0.51,-0.022,-3.6649050812476496,0.59,4.78973116512498,0.355,40.9236092881482,0.561362087726593,0.151307359337807,0.250438868999481,5.66094916066902,135.410521454361,29289816.0,456072231.6,1513.2814054,0.0,18255598361.729614,0.0,1.0,0.0,0.0,91679578.0,1.81737511911996,0.383982190620381,2.201357309740341,3.8435740415490596,199.12393534064495
VNM,Viet Nam,2015,99.3,29.5736934188697,14.4747261789547,0.0580220967531204,0.163,6.153,90.399227327709,-0.211,8133.268,19.19,18.98206763,2.53056478500366,34.2665466382117,0.6312009051757528,0.0,7.1175,73.955,20.9600916821922,0.1165051841449971,129.627,0.466993735594374,1.219862180305709,1.37935666204485,0.200612570512455,2.0039736705575404,0.51,0.064,-3.40324130704954,0.59,8.98829687567201,0.355,42.1930087721287,0.595488011837006,0.150713577866554,0.255152195692062,3.383330332602391,144.914228195237,30057186.0,436216900.1,1542.6409585,0.0,11621058648.842148,0.0,1.0,0.0,0.0,92823254.0,1.37935666204485,0.200612570512455,1.5799692325573051,2.003973670557541,125.19555335608196
VNM,Viet Nam,2016,99.2,30.1267230339852,13.8182553730866,0.0570821426808834,0.1669999999999999,6.195,98.8589607655139,-0.255,8585.476,19.067,19.439966392,2.55311393737793,34.1152288612372,2.66824816969082,0.0,6.960000000000001,73.984,21.4882532002034,0.1216087491233659,128.298,0.3160212083748939,0.8280425894293391,1.21931943193327,0.1985839592106,1.4642565061382005,0.51,0.227,-1.6251016730323002,0.59,5.04860292807267,0.359,42.8544900073075,0.597771644592285,0.142361134290695,0.264640033245087,2.6835759380714705,145.409507973118,30876800.0,423184883.2999999,1801.671163,0.0,9617022014.701511,0.0,1.0,0.0,0.0,94000117.0,1.21931943193327,0.1985839592106,1.41790339114387,1.4642565061382005,102.30861749567302
VNM,Viet Nam,2017,100.0,30.7123022324444,12.9298794852362,0.0562588460743427,0.197,6.238,103.972032257471,-0.0479999999999999,9085.612,19.565,20.192901921,2.57066369056702,35.3903640729728,3.520256888116169,0.0,7.067499999999999,74.026,22.6271239749306,0.194206258331206,126.098,0.279611337213359,1.0009906432561095,1.4993699534365,0.239326243334299,1.7141344821349698,0.493,0.211,-0.411266167040935,0.669,2.59151415896465,0.35,42.5807243141144,0.59220689535141,0.139284491539001,0.278887033462524,3.213504435571469,160.98008365887,31753511.0,448306063.5,3169.5528908,0.0,11369541559.867683,0.0,1.0,0.0,0.0,95176977.0,1.4993699534365,0.239326243334299,1.738696196770799,1.714134482134969,119.45684679465795
VNM,Viet Nam,2018,100.0,32.5945457641151,12.3066684310428,0.0557082071900368,0.197,6.263,105.275984683547,-0.066,9661.291,19.459,20.689368899,2.58606362342834,36.5424334086447,3.539628059426409,0.0,7.371874999999999,74.1,23.3671679233065,0.0904699342057104,146.138,0.3833691293675969,1.1204620709537192,1.38164260046733,0.284155949812884,1.8784570843399209,0.493,0.0329999999999999,0.4996119707030499,0.669,3.61415504341763,0.322,42.1709178908888,0.583321213722229,0.138499364256859,0.282378435134888,3.2600996848072494,164.663936775893,32663930.0,437810059.6,3928.7474392,0.0,14302809612.17613,0.0,1.0,0.0,0.0,96237319.0,1.38164260046733,0.284155949812884,1.665798550280214,1.8784570843399195,148.62020015516154
VNM,Viet Nam,2019,99.4,32.9904054518771,11.7845285540387,0.055241584777832,0.197,6.3,108.031900933361,-0.0569999999999999,10176.85,19.415,22.904952083,2.60155558586121,36.8031368977554,2.7958236745224987,0.0,7.7075,74.211,23.7867165015145,0.0193784133567083,140.193,0.35996993743116,0.7244949529267384,1.18372940985562,0.213109891442586,1.3169531951571898,0.496,0.0389999999999999,0.992414847441314,0.669,5.15925265729481,0.322,42.4687227777403,0.572158396244049,0.139873996376991,0.291962236166,2.500682605012809,164.704215031408,33645364.0,435302430.9,3546.0381715,0.0,11285068932.384443,0.0,1.0,0.0,0.0,97173776.0,1.18372940985562,0.213109891442586,1.3968393012982059,1.3169531951571891,116.13286420386137
YEM,"Yemen, Rep.",1995,43.1935119628906,26.56262851485876,22.576916191350897,0.030888207256794,0.775,9.576,4.6048061560785065,-1.387,3376.303,18.388,30.237335111,1.09130501747131,33.6119549369805,55.081106870229206,0.0,31.45,60.532,5.566705316994316,0.0,0.0512316109999915,0.3134366308168019,39.7732050391051,0.0732526811084848,0.0,40.08664166992192,0.872,-1.312,-4.33322451251669,0.638,-3.88980366925062,0.126,39.8111288716686,0.766318202018738,0.32843428850174,0.0569548979401588,40.1598943510304,87.4446919838225,3983880.0,0.0,351.4706849,0.0,2183015383.5386834,0.0,1.0,0.0,0.0,16740058.0,0.0732526811084849,0.0,0.0732526811084849,40.08664166992192,130.4066798059292
YEM,"Yemen, Rep.",1996,44.399169921875,32.01763630522772,18.1576133493873,0.0317044779658318,0.775,9.181,3.0145334766141723,-1.334,3417.938,29.78,32.057597214,1.1073282957077,43.6912860353771,30.7337332718043,0.0,31.45,60.884,6.1758040429623,0.0,0.0530265270000072,0.2497494702150748,36.2783449702496,0.0562606710253783,0.0,36.52809444046472,0.872,-1.312,1.65101049392787,0.638,-3.88980366925062,0.126,34.1511006287188,0.646740674972534,0.300259053707123,0.0572646483778953,36.5843551114901,85.9391074430978,4224234.0,120788642.4000001,356.663388,0.0,2690667976.9846926,0.0,1.0,0.0,0.0,17313177.0,0.0562606710253784,0.0,0.0562606710253784,36.52809444046472,155.41156755832233
YEM,"Yemen, Rep.",1997,42.6,30.725664028590742,17.4405569717889,0.0321860648691654,0.783,8.821,3.88826182548587,-1.629,3492.2440000000006,32.722,35.19592675,1.12358677387238,45.1081445658861,2.17672667372646,0.0,22.5166666666667,61.34,5.2198758254380175,0.0,0.0715718529999946,0.2228793292192099,29.5601635790483,0.049482369515539,0.0,29.78304290826746,0.872,-1.2525,0.839862835221309,0.638,8.14382015249504,0.126,33.4512984623249,0.621149659156799,0.332398116588593,0.0638025179505347,29.832525277783,80.145988654048,4465065.0,250117211.20000017,374.9665753,0.0,2613064990.8558116,0.0,1.0,0.0,0.0,17873936.0,0.0494823695155391,0.0,0.0494823695155391,29.78304290826746,146.19415616436197
YEM,"Yemen, Rep.",1998,46.7996101379395,21.82888648180987,21.1746993379149,0.0325470231473446,0.787,8.505,5.349375628561852,-1.477,3595.6049999999977,26.499,34.358973982,1.14008402824402,34.6870068699482,5.9765085214186,0.0,18.125,61.788,9.554283437333966,0.0,0.091696258000006,0.222015641497304,21.3900899508087,0.0774905773051466,0.0,21.612105592306055,0.872,-1.193,-4.7420335605468,0.638,28.8771592096907,0.126,40.1382937921369,0.73204630613327,0.339106559753418,0.0639669895172118,21.6895961696112,72.6619985473237,4711713.000000002,335639159.1,380.0915068,0.0,1764086949.9462123,0.0,1.0,0.0,0.0,18446013.0,0.0774905773051466,0.0,0.0774905773051466,21.612105592306055,95.635135351266
YEM,"Yemen, Rep.",1999,47.9929466247559,29.266320992823697,17.4447082464531,0.0327020175755024,0.786,8.201,5.246512816245989,-1.733,3626.890999999998,28.309,27.220757474000003,1.15682351589203,43.102259288301,8.66021949364346,0.0,24.0833333333333,62.275,5.470453294910547,0.0,0.1527887629999966,0.1726095813453969,28.743324243805695,0.0282513181022014,0.0,28.915933825151097,0.872,-1.169,3.4783171423120605,0.638,-7.026456176280469,0.126,35.4530324652458,0.608669877052307,0.286966592073441,0.0517520159482955,28.9441851432533,72.0039277408966,4963848.000000002,447943330.6,405.1254795,0.0,2657249783.769733,0.0,1.0,0.0,0.0,19029420.0,0.0282513181022016,0.0,0.0282513181022016,28.915933825151097,139.63903176080683
YEM,"Yemen, Rep.",2000,49.2,38.6091710787481,14.4669153987821,0.0325179286301136,0.793,7.905,4.860630017261631,-1.748,3743.592000000001,37.776,22.728782502,1.17380881309509,48.7835790730058,4.58999999999981,0.0,19.5416666666667,62.761,6.091909143441627,0.0,0.1632779999999982,0.1733478421138059,41.210541450617605,0.0224562694474876,0.0,41.38388929273141,0.886,-1.145,8.30765479314925,0.638,-3.0843186286307507,0.1119999999999999,32.7495055282122,0.523202776908875,0.235831290483475,0.060015294700861,41.4063455621789,75.4388386390908,5221098.000000002,354748517.3000001,436.502,0.0,4539987009.832227,0.0,1.0,0.0,0.0,19624141.0,0.0224562694474876,0.0,0.0224562694474876,41.38388929273141,231.3470439206601
YEM,"Yemen, Rep.",2001,50.4,33.48321343388944,14.9385276406187,0.0322319678962231,0.793,7.597,5.734765817480408,-1.448,3779.93,33.276,22.059307903,1.19481706619263,44.9083545705105,11.9115912929855,0.0,17.5,63.286,5.963334976008885,0.0,0.7309199999999976,0.1871950884025219,33.0145750680271,0.0253114095291049,0.0,33.201770156429596,0.886,-1.226,4.78875832455428,0.638,14.3572339769979,0.1119999999999999,36.1531177888708,0.594885647296906,0.241712525486946,0.106211379170418,33.2270815659587,70.8923979770182,5481965.0,409803315.5,452.8720658,0.0,4040533734.2378097,0.0,1.0,0.0,0.0,20226147.0,0.025311409529105,0.0,0.025311409529105,33.201770156429596,199.76784180584713
YEM,"Yemen, Rep.",2002,51.5,29.9233147198053,14.3141488130768,0.0320654772222042,0.793,7.302,5.801288280608112,-1.123,3824.5769999999993,30.227,24.151841073999996,1.21620142459869,45.1536229524171,12.238533938971102,0.0,17.7083333333333,63.807,5.134720490105649,0.0,2.3358100000000093,0.119427739621182,30.903531172064397,0.0268139735888151,0.0,31.022958911685585,0.886,-1.307,1.29088975706693,0.638,8.27550108571082,0.119,36.5322282345061,0.592526376247406,0.219293594360352,0.117794163525105,31.0497728852744,74.7304558609206,5745849.999999998,424840483.4,456.8481808,0.0,4172617547.1486535,0.0,1.0,0.0,0.0,20835086.0,0.026813973588815,0.0,0.026813973588815,31.022958911685585,200.26879405002953
YEM,"Yemen, Rep.",2003,52.60000000000001,30.712763817248163,13.7449719708526,0.0323920138180256,0.797,7.004,6.366397791732702,-1.568,3864.261,31.116,28.321587189999995,1.23796844482422,45.9141110094936,10.8323607023242,0.0,18.0,64.407,5.224126623332143,0.0,3.146669999999993,0.0830008009874185,32.0731170610088,0.0358020385267818,0.0,32.156117861996115,0.899,-1.482,-2.44384913876094,0.638,6.40951122422722,0.119,36.3409170196537,0.608459651470184,0.204668432474136,0.145892009139061,32.1919199005229,74.3826165968098,6013731.000000002,444096994.2000001,450.5455288,0.0,4741183700.572062,0.0,1.0,0.0,0.0,21456379.0,0.0358020385267819,0.0,0.0358020385267819,32.156117861996115,220.9684914948632
YEM,"Yemen, Rep.",2004,49.6,33.883108996801795,12.4153666524933,0.0331558845937252,0.773,6.755,7.162536229905321,-1.106,3912.509,32.01,30.03376294,1.26012516021729,47.8015521496085,12.5150951495207,0.0,18.5,64.881,4.93930111552608,0.0,6.680189999999996,0.0586059833261405,34.0644750012843,0.030507454112415,0.0,34.12308098461048,0.899,-1.551,-0.0468892018303173,0.638,3.84414370907284,0.119,35.7830812017991,0.578317999839783,0.171363532543182,0.198486387729645,34.1535884387229,71.8466740069203,6286219.0,420854838.9,423.6927388,0.0,5917599967.31643,0.0,1.0,0.0,0.0,22095167.0,0.0305074541124151,0.0,0.0305074541124151,34.12308098461048,267.82327408145096
YEM,"Yemen, Rep.",2005,54.8,43.16056609579651,11.0932421339435,0.0345982573926449,0.773,6.503,6.939312158543821,-1.417,4022.501,34.947,33.44927172,1.28267824649811,51.5233832621526,11.8112639374949,0.0,18.0,65.356,4.726064843350833,0.0,9.99364,0.0467874589438686,41.093106599265,0.0257915511719377,0.0,41.13989405820887,0.899,-1.437,0.331026856466618,0.638,-0.4499607374919678,0.119,33.3833746039038,0.487798064947128,0.127797618508339,0.309293299913406,41.1656856093808,76.773285677642,6575482.0,333367222.6,420.7610808,0.0,8373228677.814567,0.0,1.0,0.0,0.0,22790085.0,0.0257915511719378,0.0,0.0257915511719378,41.13989405820887,367.4066453817336
YEM,"Yemen, Rep.",2006,55.8,40.8030628106346,10.70558242967,0.036269523203373,0.775,6.292,6.913219608237071,-1.37,4030.8340000000007,38.555,33.5595117,1.30834531784058,51.9588106170624,10.8447986914257,0.0,18.0,65.8,4.260361649284386,0.0,12.648200000000005,0.0329439969514384,40.4372276843013,0.0286029974299173,0.0,40.47017168125269,0.899,-1.345,3.49810996730071,0.638,3.883621145591,0.119,33.3356069529484,0.595668792724609,0.130793884396553,0.254483878612518,40.4987746786826,82.0761626564135,6883515.0,289461604.0,386.5861233,0.0,9192083560.929089,0.0,1.0,0.0,0.0,23543083.0,0.0286029974299173,0.0,0.0286029974299173,40.47017168125269,390.4366968815889
YEM,"Yemen, Rep.",2007,57.2,41.2352277612771,10.419289027741,0.0382071696221828,0.782,6.08,8.184084965625381,-1.236,4040.266,33.166,38.06912574,1.33452594280243,52.3036364513925,7.905117789887299,0.0,18.0,66.23,6.731529400313194,0.0,17.8838,0.0191707105432845,32.9618903118727,0.0240120393605598,0.0,32.98106102241604,0.899,-1.594,-4.92290410945142,0.638,6.41340762882513,0.122,33.2770745231875,0.653737425804138,0.128723680973053,0.218577638268471,33.0050730617766,79.1234205876059,7200378.0,214639036.5,340.7964055,0.0,9004527270.307302,0.0,1.0,0.0,0.0,24318082.0,0.0240120393605599,0.0,0.0240120393605599,32.98106102241604,370.28114595169563
YEM,"Yemen, Rep.",2008,58.4,38.844984243209375,10.1968587173722,0.0400028675794601,0.782,5.892,7.704922009326591,-1.336,4063.6370000000006,36.715,40.832447164,1.36123049259186,52.5715277111729,18.9762574318076,0.0,18.0,66.609,10.962943344707169,0.0,25.665099999999995,0.0075593138103458,33.8268519294838,0.0350230334389225,0.0,33.83441124329418,0.899,-2.013,-2.1382393688844195,0.638,-1.9752373757754496,0.1169999999999999,33.2316135722734,0.670188844203949,0.124544508755207,0.186914056539536,33.8694342767331,81.244718850294,7524709.0,139588509.00000012,315.7533727,0.0,11208749016.484056,0.0,1.0,0.0,0.0,25111941.0,0.0350230334389226,0.0,0.0350230334389226,33.83441124329418,446.35135995596903
YEM,"Yemen, Rep.",2009,59.6,29.352300436743747,10.0190704935917,0.0405838564038277,0.782,5.748,7.735476025059111,-1.138,4096.9529999999995,25.004,41.284410237,1.38846945762634,52.7856660563457,5.407760980775219,0.0,18.0,66.905,10.835728452170065,0.0,32.0622,0.34401913744873,20.6195697250514,0.0377157314988456,0.0,20.963588862500153,0.899,-2.329,-7.717014410539589,0.638,29.2517103958068,0.1169999999999999,33.1952634510041,0.732433795928955,0.129441022872925,0.15439535677433,21.001304593999,68.0713910145084,7856917.0,416615660.2000001,308.0605671,0.0,6934446957.431567,0.0,1.0,0.0,0.0,25927724.0,0.0377157314988457,0.0,0.0377157314988457,20.963588862500153,267.4529764907852
YEM,"Yemen, Rep.",2010,60.8,36.48980278420265,9.87370902755356,0.04013567045331,0.786,5.586,6.289340649637129,-1.169,4284.614,26.145,43.055204632,1.41625332832336,52.9607477523107,11.1748338605044,0.0,23.8333333333333,67.223,14.585837482720114,0.0,41.4325,1.33046245575943,22.1800547456639,0.0379009692944936,0.0,23.510517201423404,0.897,-2.424,-1.66097103074356,0.638,0.1746270116287691,0.1169999999999999,33.1655432216092,0.728668868541718,0.119748882949352,0.128114238381386,23.5484181707179,64.3856367797178,8193072.0,435507090.4,306.4592836,0.0,8892182660.552649,0.0,1.0,0.0,0.0,26754387.0,0.0379009692944935,0.0,0.0379009692944935,23.510517201423404,332.36353576528023
YEM,"Yemen, Rep.",2011,62.0,32.22785967356918,9.75264427533183,0.0388622209429741,0.804,5.474,5.068725811203102,-1.409,3632.281000000001,25.333,30.648668088999997,1.45082175731659,53.1065650909838,19.5435617131144,0.0,25.0,67.412,12.198223710439876,0.0,42.3016,2.49897249768798,23.3981676874913,0.0424398593093111,0.0,25.89714018517929,0.889,-2.427,-0.1732908272235349,0.639,5.83025953972386,0.1159999999999999,33.1407906336272,0.673112988471985,0.13601641356945,0.129585936665535,25.9395800444886,63.0594579549043,8529663.0,409980501.2999999,220.4243,0.0,8951054586.821823,0.0,1.0,0.0,0.0,27582897.0,0.0424398593093112,0.0,0.0424398593093112,25.89714018517929,324.51466525875884
YEM,"Yemen, Rep.",2012,52.4,28.392795114815826,16.9903322750241,0.0374384820461273,0.561,5.425,4.6454040882474,-1.256,3612.52,29.903,45.76689541500001,1.48871970176697,39.7484554361741,9.88538714484871,0.0,24.5,67.569,19.866015980572733,0.0,48.8857,1.77261923895263,17.0272517537375,0.0464882013369516,0.0,18.79987099269015,0.862,-2.431,-0.8728737483519273,0.639,17.5713344205015,0.139,39.2612122878001,0.761633098125458,0.163827329874039,0.130504623055458,18.8463591940271,61.3616371825683,8872203.0,503981088.2000001,180.218795,0.0,7345617408.402887,0.0,1.0,0.0,0.0,28433647.0,0.0464882013369516,0.0,0.0464882013369516,18.79987099269015,258.3424281944165
YEM,"Yemen, Rep.",2013,75.6,27.931129307343113,17.6849846837323,0.0365212708711624,0.589,5.294,5.63671954137487,-1.192,3679.406000000001,23.9,42.8041977,1.53033947944641,38.9944141504647,10.9684421500198,0.0,22.0833333333333,67.961,21.42244901428159,0.0,57.465,2.44022059158672,11.1124026574675,0.0348667189839186,0.0,13.55262324905418,0.881,-2.375,-1.4546284392772597,0.662,11.7887549277275,0.125,39.3206011649279,0.738441228866577,0.174586161971092,0.0967917218804359,13.5874899680381,52.5118781367089,9216789.0,504990833.9,198.3895373,0.0,7868200269.593576,0.0,1.0,0.0,0.0,29312952.0,0.0348667189839186,0.0,0.0348667189839186,13.55262324905418,268.4206036155477
YEM,"Yemen, Rep.",2014,66.1,28.40933114571638,17.6765738204232,0.0356498844921589,0.649,5.29,5.727532115376501,-1.133,3569.535,23.644,46.18119647,1.57613134384155,39.8882580148089,8.10472583623915,0.0,22.74958205488323,68.003,20.54487309508825,0.0,56.5732,1.91026799289135,9.0008580090252,0.0539400376846284,0.0,10.911126001916571,0.881,-2.666,1.50572846510075,0.546,13.119896294043318,0.1029999999999999,38.4351681646387,0.712345242500305,0.259127885103226,0.116678044199944,10.9650660396012,48.2430405122774,9630893.0,545715593.8,153.3719555,0.0,5539073093.285275,0.0,1.0,0.0,0.0,30226309.0,0.0539400376846284,0.0,0.0539400376846284,10.911126001916573,183.25337351925026
YEM,"Yemen, Rep.",2015,67.4,13.811778484966796,20.2059373997207,0.0343754589557648,0.725,5.773,14.2815820128299,-1.09,2499.783999999998,10.68,10.04059085,1.62661337852478,33.866159352981,5.0921021109211075,0.0,17.332178469530668,66.761,14.069649891290023,0.0,48.2101,0.316743824319049,1.6976119748975709,0.0514656733274647,0.0,2.014355799216615,0.89,-2.668,-2.5701184301368203,0.578,13.32841392912261,0.061,41.9279032478698,0.718381881713867,0.33321338891983,0.083865113556385,2.06582147254408,30.36765908446369,10091999.0,521957593.9,54.11026551,0.0,1034651423.0171748,0.0,1.0,0.0,0.0,31159379.0,0.0514656733274647,0.0,0.0514656733274647,2.0143557992166152,33.205136181217696
YEM,"Yemen, Rep.",2016,68.9,15.70387988855777,25.0909130885165,0.0328489206731319,0.856,5.647,14.282292099839516,-1.235,2206.236999999999,7.561,9.089251087347908,1.68238353729248,25.9022680665842,1.5447128584879408,0.0,19.041382549392853,67.105,13.66147432346245,0.0,51.179,0.0002125899981471,0.7101847765577656,0.0557971984304559,0.0,0.7103973665559131,0.894,-2.784,-3.15791818912101,0.517,10.592526808273472,0.0549999999999999,45.0068188448993,0.76678329706192,0.323234558105469,0.143308088183403,0.7661945649863675,31.081544290855906,10580304.0,497010206.2000001,42.57651111,0.0,679647656.2211982,0.0,1.0,0.0,0.0,32109010.0,0.0557971984304559,0.0,0.0557971984304559,0.7103973665559116,21.166882947222547
YEM,"Yemen, Rep.",2017,79.2,17.795986617942717,26.9610663621827,0.0314771756529808,0.86,5.644,13.531227490788892,-1.364,2040.6650000000009,3.4879999999999995,14.239991017017823,1.7354553937912,25.9240409654207,2.7269382251793566,0.0,18.354765494130323,67.12,13.369073223038878,0.0,46.4111,0.0002125899981471,1.9173024640704508,0.0835811478307635,0.0,1.9173024640704472,0.921,-2.934,-4.67126599040575,0.499,11.009479776814889,0.0559999999999999,43.114892673396,0.759498596191406,0.343446552753449,0.146964639425278,2.0008836119012106,42.9699046721967,11104880.0,507935988.0,71.01369863,0.0,1404668057.140148,0.0,1.0,0.0,0.0,33090921.0,0.0835811478307635,0.0,0.0835811478307635,1.917302464070447,42.448744691637565
YEM,"Yemen, Rep.",2018,62.0,27.68751116702513,28.7451403146812,0.0303919725120068,0.848,6.114,11.57279214633564,-1.4280000000000002,2004.5930000000008,6.417000000000002,40.6772881011035,1.78661465644836,25.4429978433173,7.745781602056924,0.0,19.814652976639756,65.915,10.723211011858044,0.0,44.8811,0.0002125899981471,4.82356153067882,0.0551123870416729,0.0,4.823561530678816,0.921,-2.996,-7.77459988334747,0.499,20.116464629832254,0.0549999999999999,41.8118618427961,0.64000391960144,0.32790744304657,0.319003343582153,4.878673917720491,56.0778227215077,11660747.0,469432487.5,94.15611286,0.0,2450711482.7406664,0.0,1.0,0.0,0.0,34085182.0,0.055112387041673,0.0,0.055112387041673,4.823561530678818,71.8996155790122
YEM,"Yemen, Rep.",2019,72.8,24.310232178997087,28.7451403146812,0.0296104829758406,0.868,5.859,11.620069055738307,-1.518,1997.34,7.321999999999999,45.13330212608059,1.84298872947693,25.4429978433173,18.139895348480863,0.0,19.843974489654,66.567,14.823388949078293,0.0,43.399,0.0002125899981471,4.82356153067882,0.0551123870416729,0.0,0.0,0.904,-2.771,-5.655686619946729,0.546,6.270523157712946,0.066,41.8118618427961,0.673651039600372,0.368743777275085,0.367245733737946,4.878673917720491,56.0778227215077,12256254.0,440287517.1,94.64931507,0.0,2218282669.6993456,0.0,1.0,0.0,0.0,35111408.0,0.0,0.0,0.0,4.878673917720491,63.17840257785576
ZAF,South Africa,1995,57.6,17.0076205625269,3.12158524596013,0.0415124222636223,0.307,8.92,105.007084387737,0.5310000000000001,10436.33,21.36046930156667,11.507208410782404,1.99495184421539,30.9818655662995,8.68042421392631,0.0,17.8958333333333,61.603,21.2467296668225,0.629558649209082,1.2162937709999966,0.0249750349553004,0.4119573305003161,0.907274847196706,2.06186052231608,3.1283515369807837,0.435,-0.379,2.368953805752047,0.7,6.36739524038955,0.752,58.2314446131759,0.722612857818604,0.118464231491089,0.14849166572094,4.03562638417749,39.4780337793026,23738963.0,913344057.6,25977.397729309236,0.0,17877679502.25029,0.0,0.0,0.0,0.0,44541554.0,0.907274847196706,2.06186052231608,2.9691353695127862,3.1283515369807846,401.37080763392964
ZAF,South Africa,1996,57.6,15.9721508278755,3.4165882448088905,0.0419156178832054,0.307,9.103,105.543868603211,0.4569999999999999,10683.945,21.358018445072933,12.02590032523134,2.0128448009491,29.8899862560641,7.35411972085333,0.0,19.5208333333333,61.079,20.2672862924698,1.22411034074954,2.1338239920000106,0.0248546338599651,0.5172402071347335,0.952339647124606,1.9241560740382,3.6903612557824346,0.412,-0.379,2.367618131133746,0.7,10.6448093668748,0.757,59.214983285733,0.72679477930069,0.113625340163708,0.13992565870285,4.642700902907041,42.199251732528,24174620.0,883525780.4,26423.180433103833,0.0,17961821419.541676,0.0,0.0,0.0,0.0,45123018.0,0.952339647124606,1.9241560740382,2.876495721162806,3.6903612557824355,398.06338794851166
ZAF,South Africa,1997,69.4833526611328,15.1611272428134,3.2658954988760005,0.0424605272710323,0.307,9.282,102.365461231743,0.627,10780.395,21.343323705202533,12.40846501897726,2.0308985710144,29.2506309429667,8.59777611252274,0.0,20.0,60.538,19.9134866388256,0.745790349903574,4.054318326000001,0.0212465392304956,0.4643437256180291,0.845082631798635,1.61619662100664,2.847577235758745,0.412,-0.4625,2.3410998055643897,0.7,10.9698989159021,0.757,59.9623259250618,0.722582697868347,0.117569513618946,0.139690309762955,3.692659867557379,42.3013344291831,24661927.0,414509826.2000001,26791.37986847383,0.0,16900100163.59031,0.0,0.0,0.0,0.0,45666838.0,0.845082631798635,1.61619662100664,2.461279252805275,2.8475772357587443,370.0737976119632
ZAF,South Africa,1998,64.9,15.082602248249,3.0341804439618496,0.0431899167597294,0.307,9.586,103.718943195112,0.607,10670.219,21.337566696720472,12.934393700532071,2.04911398887634,28.576366566325,6.88054521037351,0.0,21.7916666666667,59.912,19.3278130726006,0.64307688551655,7.27773689,0.014212760341816,0.2491963120827431,0.87887103580256,1.32809234011002,2.2345782980511295,0.412,-0.546,2.324149770897707,0.7,12.6910336213851,0.757,60.4023022949226,0.717554748058319,0.115864351391792,0.141720294952393,3.1134493338536906,44.0357453368965,25264237.0,0.0,26986.508695601933,0.0,14555835533.270966,0.0,0.0,0.0,0.0,46223880.0,0.87887103580256,1.32809234011002,2.20696337591258,2.2345782980511304,314.8986094042942
ZAF,South Africa,1999,71.331787109375,14.725291108067198,2.84639917281201,0.0438294559717178,0.315,9.975,118.174400475191,0.6540000000000001,10765.733,21.731734322960406,11.769852192,2.06749296188355,27.6656022125323,5.181489051116969,0.0,18.0,59.19,18.5261294778975,0.4220856460457121,11.189551559999998,0.0217574376135545,0.3799378200379539,0.768764321573874,0.896045282949649,1.7198261866468665,0.412,-0.387,2.321493915252536,0.7,10.3950669798212,0.757,61.406463138041,0.723769187927246,0.118461236357689,0.136945098638535,2.4885905082207405,42.2582960172673,25907696.0,302446302.20000017,26023.069704408634,0.0,13011956868.691858,0.0,0.0,0.0,0.0,46730335.0,0.768764321573874,0.896045282949649,1.664809604523523,1.7198261866468665,278.4477549474417
ZAF,South Africa,2000,72.4,15.4298132469162,2.61474799327768,0.0442591719329357,0.321,10.393,117.095366481502,0.4609999999999999,11050.498,21.264,11.743302404,2.08603668212891,28.2297555130289,5.33895913599828,0.0,14.5,58.368,18.968266431053,0.706162575140753,17.682500000000005,0.0354527651649017,0.8757393392181747,0.822465512421584,1.27706430854382,2.8944189880676454,0.433,-0.228,2.367721456804978,0.7,4.87058238653657,0.765,61.1859808725457,0.710403859615326,0.118168659508228,0.137602791190147,3.716884500489229,46.2207217354077,26531584.0,287109247.5999999,25006.43915229974,0.0,13296795164.829506,0.0,0.0,0.0,0.0,47159719.0,0.822465512421584,1.27706430854382,2.099529820965404,2.894418988067645,281.9523832368362
ZAF,South Africa,2001,70.2,15.1787517812609,2.812451694552399,0.044722180813551,0.321,11.074,121.069745626228,0.322,11144.34,21.605,11.831640206,2.12451338768005,28.531613122664,5.70189483049608,0.0,13.7708333333333,57.161,19.0369578655221,0.801835988243925,22.6776,0.0582858333591496,0.7452302252501877,0.875540522453875,2.46569399997578,4.071046046829046,0.433,-0.2414999999999999,3.02278664870159,0.7,5.53834143339361,0.765,60.7831497223987,0.707403659820557,0.119670011103153,0.134937435388565,4.946586569282921,49.170945185829,27113758.0,276933022.79999995,24417.23979201912,0.0,13865429366.234966,0.0,1.0,0.0,0.0,47566800.0,0.875540522453875,2.46569399997578,3.341234522429655,4.071046046829046,291.49384373628175
ZAF,South Africa,2002,76.7,18.3426025470323,2.9569718254908395,0.0452763549983501,0.321,11.954,97.3173728340893,0.382,11399.409,21.255,11.797841944,2.16369986534119,28.5059160154765,9.494713780996,0.0,15.75,55.58,19.0721822951943,1.0084902137869,28.5343,0.0573805452482398,0.8326349117464638,1.10300109469028,1.67772715720917,3.5762328279907702,0.433,-0.255,2.52755536610864,0.7,2.85418551575979,0.765,60.791789515513,0.676508009433746,0.118343241512775,0.138722166419029,4.67923392268105,53.4655016294369,27693929.0,299583827.1999999,25485.41738197175,0.0,13008164979.577097,0.0,0.0,0.0,0.0,48019415.0,1.10300109469028,1.67772715720917,2.78072825189945,3.57623282799077,270.8938661492877
ZAF,South Africa,2003,78.8,18.8260551100895,2.65397752870021,0.045917846262455,0.321,12.831,102.767701183828,0.4370000000000001,11622.507,21.031,12.615683666,2.20360922813416,26.8928680646111,5.67942414068799,0.0,14.9583333333333,54.245,18.502111880883,0.187700723391933,34.7626,0.0248359282535279,0.5360321811509667,0.887761352019389,1.35453649718725,2.10310532998367,0.433,-0.313,1.51749471031912,0.7,8.04784838936569,0.762,62.5769415025101,0.669299185276032,0.125503256917,0.147997051477432,2.990866682003059,45.723862568979,28310834.0,327448349.1999999,27977.35844303062,0.0,14662458971.53494,0.0,0.0,0.0,0.0,48500348.0,0.887761352019389,1.35453649718725,2.242297849206639,2.10310532998367,302.3165724818086
ZAF,South Africa,2004,80.6,17.2723474781149,2.411716114862001,0.0465936660766602,0.319,13.103,112.820913420211,0.4339999999999999,12022.408,21.664,13.510457312105498,2.24425435066223,26.3036366679746,-0.6920394378576873,0.0,11.2916666666667,53.963,17.9898145212371,0.347546867888011,42.536,0.0308634066428721,0.6678954747416732,0.5065691270685602,3.22676491805827,4.2730706673308205,0.433,-0.132,1.88659939408572,0.7,4.95038435886221,0.762,62.5295022900426,0.676552891731262,0.129050582647324,0.163160860538483,4.77963979439938,45.6435752240041,28952822.0,342221283.60000014,31124.148676084063,0.0,24690429904.695385,0.0,1.0,0.0,0.0,48991421.0,0.50656912706856,3.22676491805827,3.73333404512683,4.27307066733082,503.9745612746237
ZAF,South Africa,2005,80.8,18.0061263569327,2.0851179897201195,0.0472916886210442,0.319,13.333,122.283168033262,0.444,12511.386,25.039,14.228169567530038,2.28564929962158,26.0150792659507,2.0628530822342697,0.0,10.625,53.914,17.3705797296878,0.793861746673571,68.6198,0.0157824265033381,0.8689070240124348,0.577918634471178,2.31202263431181,3.990573831501152,0.433,-0.1619999999999999,2.57533059625874,0.7,4.76148920296545,0.762,62.6447743317012,0.670140683650971,0.12717404961586,0.159125789999962,4.56849246597233,47.4277813970329,29607004.0,314953937.20000005,34128.828651629556,0.0,23352406617.03109,0.0,1.0,0.0,0.0,49490033.0,0.577918634471178,2.31202263431181,2.889941268782988,3.990573831501152,471.86080108354525
ZAF,South Africa,2006,80.7,18.4179075505223,2.05097651238464,0.0481699779629707,0.319,13.392,139.007367744321,0.45,13052.683,25.48,15.275292709,2.32780814170837,24.8591176319147,3.2439076541922987,0.0,11.1666666666667,54.22,15.5955245517406,1.21412691062411,79.3267,0.0386656043598196,0.9217135550124844,0.657014495814513,2.39588417432957,4.570390244325987,0.436,0.0469999999999999,3.2577549110339605,0.7,4.8103022796052,0.761,63.4994322880989,0.668272376060486,0.129181563854218,0.170177802443504,5.2274047401405,53.7681412741145,30262780.0,331509584.0000001,37698.36625834493,0.0,26174067513.567783,0.0,1.0,0.0,0.0,49998277.0,0.657014495814513,2.39588417432957,3.0528986701440832,4.570390244325987,523.4993900603372
ZAF,South Africa,2007,82.0,17.520850641858,2.3559140050425604,0.049234215170145,0.319,13.122,142.422045511185,0.354,13572.23,25.644,16.449083594,2.37074422836304,25.2946183090828,6.17781214809388,0.0,13.1666666666667,54.948,15.4419248277389,1.68097036659602,83.715,0.03185078210131,0.9536968395393703,0.5813820311098461,3.1178074547871595,5.784325443023853,0.436,0.215,3.4126200573645606,0.7,4.54604566856025,0.758,62.7545126209971,0.661533534526825,0.134824827313423,0.178201615810394,6.3657074741337,57.125139137747,30915436.0,348223890.0,42567.77694934613,0.0,32891641630.48285,0.0,1.0,0.0,0.0,50528584.0,0.581382031109846,3.11780745478716,3.699189485897006,5.784325443023854,650.9511849863604
ZAF,South Africa,2008,81.9,16.7988357648297,2.5724887669648897,0.0502932071685791,0.319,12.683,125.955880255506,0.343,13806.755,25.521,17.932252850999998,2.41447234153748,26.9415561091344,9.90998456005467,0.0,15.125,55.982,15.6086910770333,2.50224527184671,88.0375,0.0369575315044166,1.379268777327729,0.823847141560057,7.247739319998431,11.166210900677344,0.437,0.0499999999999999,1.55024565749545,0.7,6.74515150291692,0.76,61.5371405407045,0.653875291347504,0.149449840188026,0.199833855032921,11.9900580422374,65.9745237996233,31573129.0,339413897.20000005,44020.6036518101,0.0,56250390689.11611,0.0,1.0,0.0,0.0,51114599.0,0.823847141560057,7.24773931999843,8.071586461558487,11.166210900677344,1100.4760242590598
ZAF,South Africa,2009,82.6,17.7338524878517,2.39949613487755,0.0507263541221619,0.336,12.067,121.094546324717,0.3449999999999999,13392.678,23.79,17.006704554,2.45900702476501,25.7430761887593,7.238095238095269,0.0,11.7083333333333,57.413,14.5078043632622,1.31414768436906,89.7687,0.0236270625725225,0.5932956889102581,0.673968817026418,2.33293574382487,4.264006179676702,0.461,-0.1139999999999999,-2.6208958822148496,0.7,2.80250897674705,0.744,63.6360883195073,0.632919669151306,0.161783486604691,0.188556775450706,4.937974996703119,49.5875353278801,32205804.0,2798977460.8,42967.542878414635,0.0,35498624654.39733,0.0,1.0,0.0,0.0,51728516.0,0.673968817026418,2.33293574382487,3.006904560851288,4.2640061796767,686.2486574019895
ZAF,South Africa,2010,82.8,17.4830205909958,2.107787493141579,0.0507163368165493,0.343,11.349,124.093899905646,0.301,13589.003,23.826,15.83833124,2.50436329841614,25.3034630993363,4.06749555950263,0.0,9.83333333333333,58.886,13.8595736133129,2.20832164667078,96.2325,0.025856934015852,0.707879978156825,0.491012100385551,3.41376035352968,6.355818912373138,0.468,-0.029,-2.28350023595895,0.737,3.49095978979672,0.749,64.2752626096743,0.636316001415253,0.16399210691452,0.186386153101921,6.84683101275869,50.4060871625999,32783033.0,2749592878.1,47549.38492462308,0.0,47883870614.14205,0.0,1.0,0.0,0.0,52344051.0,0.491012100385551,3.41376035352968,3.904772453915231,6.355818912373139,914.7910736626412
ZAF,South Africa,2011,83.6,16.4877994200343,2.043893086202969,0.0509782247245312,0.343,10.721,118.970675992703,0.317,13804.426,24.375,16.031188503137255,2.50843787193298,24.8394911507999,5.000853387950203,0.0,9.0,60.602,12.861770015896,2.43339625717376,120.766,0.0305636496199448,0.9641458835372916,0.443221511440389,3.94333344067778,7.371439231008781,0.468,0.0239999999999999,-1.40211169707965,0.751,3.27930122317635,0.741,64.3421981264186,0.629698395729065,0.171617835760117,0.207030475139618,7.814660742449171,54.6363504358971,33307819.0,2741094302.0,51343.7642229409,0.0,56347580681.2682,0.0,1.0,0.0,0.0,52995205.0,0.443221511440389,3.94333344067778,4.3865549521181695,7.371439231008782,1063.258094411904
ZAF,South Africa,2012,85.2,13.8442416624426,1.9767095954636087,0.0514634028077126,0.343,10.149,125.167785450237,0.32,13921.299,24.579,16.331200672,2.55785465240479,24.4686002355753,5.737971391417389,0.0,8.75,61.737,12.4825918463265,1.93209444082154,127.168,0.0288936847412477,0.9800580532574,0.5822376026535391,2.88108021254839,5.82212639136857,0.468,-0.025,-1.59528204439755,0.751,3.88287299810937,0.739,64.3045111542673,0.654872059822083,0.171668156981468,0.201046347618103,6.404363994022109,55.5826171933345,33862395.0,2744040039.8,52323.744240528446,0.0,49072715636.95643,0.0,1.0,0.0,0.0,53782567.0,0.582237602653539,2.88108021254839,3.463317815201929,5.82212639136857,912.4279180827577
ZAF,South Africa,2013,85.2,14.1806569029996,1.92684924597199,0.052034642547369,0.351,9.962,127.029272479724,0.3449999999999999,14049.389,25.006,17.262802536000002,2.57399797439575,24.5517417673484,5.78016910069176,0.0,8.5,62.388,12.3667757766351,2.06617800745958,140.576,0.0312421227606922,0.9490680148911856,0.568010746223707,2.49703207208547,5.543520217196923,0.459,-0.0459999999999999,-1.24795876416898,0.802,2.50924549715633,0.717,64.0537426456394,0.651747226715088,0.181173786520958,0.199838101863861,6.1115309634206305,58.875027630051,34476291.0,2749537830.8,56339.54243302093,0.0,43176390901.9716,0.0,1.0,0.0,0.0,54678791.0,0.568010746223707,2.49703207208547,3.065042818309177,5.543520217196924,789.6368978233554
ZAF,South Africa,2014,85.9,14.0297065725803,2.1257485486993595,0.05241983756423,0.362,9.647,128.838374779653,0.2799999999999999,14033.156,25.395,17.091177644000002,2.5895402431488,24.3052820058227,6.13282953059149,0.0,9.125,63.184,12.4807113856549,1.41413205264697,142.604,0.0255744432147646,0.692856799731489,0.585652560008544,1.94751834311288,4.080081638706105,0.461,-0.1459999999999999,-1.15854168765807,0.802,3.56702763012509,0.712,64.0117818477066,0.644197344779968,0.189715087413788,0.187003836035728,4.665734198714649,59.4995740550593,35099930.0,2586718224.8,59686.211262326135,0.0,39850502240.83211,0.0,0.0,0.0,0.0,55594838.0,0.585652560008544,1.94751834311288,2.533170903121424,4.080081638706105,716.8022009675091
ZAF,South Africa,2015,85.3,14.6240142290096,2.2339783904591197,0.0526370145380497,0.367,9.217,127.203244242731,0.128,14004.891,25.79,17.573883187,2.60090255737305,23.7323079746326,4.518690948925059,0.0,9.416666666666671,64.053,12.5179444713924,0.484685252972113,155.138,0.0232937993610495,0.1943375947460364,0.612355828776484,1.49327521761507,2.1955918646942667,0.472,-0.221,-1.44003120413797,0.802,3.66774283297157,0.695,64.1025757790295,0.642713606357575,0.190962806344032,0.182056337594986,2.8079476934707497,56.7266761447156,35854741.0,2474104159.8,60355.56025205619,0.0,34132532822.99427,0.0,0.0,0.0,0.0,56723537.0,0.612355828776484,1.49327521761507,2.105631046391554,2.195591864694266,601.7349169004442
ZAF,South Africa,2016,83.9,14.663644424957,2.414186073945761,0.0527382083237171,0.367,9.069,124.360496111764,0.1229999999999999,13886.184,26.184,17.021788281,2.59450531005859,23.7825372977493,6.602908423948719,0.0,10.4583333333333,64.749,12.4836443520042,0.908658964178643,143.929,0.0153363085090318,0.1821315383451587,0.651866805333571,1.80360544975257,2.9097322607853986,0.472,-0.1489999999999999,-0.6174224747358079,0.802,3.27825167845193,0.695,63.913401523834,0.644996583461762,0.200384929776192,0.160751014947891,3.561599066118969,55.8612575048782,36231037.0,2400190088.5,59745.57186709486,0.0,33634667105.83008,0.0,1.0,0.0,0.0,57259551.0,0.651866805333571,1.80360544975257,2.455472255086141,2.909732260785398,587.4071053374148
ZAF,South Africa,2017,84.4,14.6498808470645,2.49379863849766,0.0526180565357208,0.367,8.83,127.030283858454,0.1559999999999999,13838.851,25.844,16.582325489000002,2.58812355995178,23.6105564955695,5.186186555241491,0.0,10.375,65.422,12.5127045016941,0.865006959954753,153.548,0.012735718818607,0.291332796001722,0.604883241688638,2.06162694919848,3.230702423973561,0.48,-0.285,-0.7624545351502934,0.77,4.64731548547952,0.655,64.3304256202533,0.640911877155304,0.205540344119072,0.157192468643188,3.835585665662201,53.5359318293741,36500987.0,2542670622.0,61448.55714468061,0.0,43333554758.675354,0.0,1.0,0.0,0.0,57635162.0,0.604883241688638,2.06162694919848,2.6665101908871183,3.230702423973563,751.859685215691
ZAF,South Africa,2018,84.7,13.615242635471498,2.260703826699201,0.0524022057652473,0.344,8.789,118.380857963487,0.068,13850.288,26.42,16.224172069,2.67671513557434,23.5370608392744,4.5098726486738805,0.0,10.0833333333333,65.726,12.4570332833175,0.509756015166847,157.692,0.0227641504019782,0.4071065905667748,0.6499851996690349,2.2798795325049,3.2195062886404955,0.486,-0.238,-0.352620717931325,0.747,5.85618355804149,0.673,64.2531759654529,0.652425706386566,0.19709375500679,0.15823245048523,3.8694914883095297,54.4855451276341,37147252.0,2483140129.2,62262.94490272405,0.0,49650648059.23503,0.0,1.0,0.0,0.0,58613001.0,0.649985199669035,2.2798795325049,2.929864732173935,3.2195062886404946,847.0927475499
ZAF,South Africa,2019,85.0,13.6244396943749,1.9503211452698004,0.0522021055221558,0.335,8.75,117.185556861489,0.1539999999999999,13688.776,26.698,16.120220511,2.76833891868591,23.6220152843652,4.102850754611559,0.0,10.125,66.071,12.4008912661528,1.38576110729649,162.739,0.0251931123610766,0.3728196883244461,0.645393715087465,1.75865465574997,3.542428563731985,0.444,-0.283,-1.50587261647235,0.74,5.26841565254553,0.69,64.3473048295753,0.664440274238586,0.191926166415215,0.158855780959129,4.18782227881945,53.8979964081406,37786302.0,2468917538.0,62152.09049055465,0.0,40556713139.00876,0.0,1.0,0.0,0.0,59587885.0,0.645393715087465,1.75865465574997,2.404048370837435,3.542428563731985,680.6201149614349
ZWE,Zimbabwe,1995,31.948579788208,4.801138307032552,13.4645115952214,0.0364091582596302,0.537,12.831,24.7896663575589,-0.1149999999999999,3076.857,22.884566274022443,7.241679801005221,1.99753057956696,25.6992269852425,7.005185596446749,1.0,36.67059125293475,51.144,19.2656359803233,3.69420562111707,0.0,0.0,0.0,3.58378498471179,1.26629610631767,4.960501727434739,0.526,-0.466,-0.0874478352808236,0.344,27.552839153143335,0.619,49.2199578355587,0.553211390972138,0.222699716687202,0.196761980652809,8.54428671214653,79.156711173577,3449315.000000002,460811903.5,14.142178,0.0,544505604.5283335,0.0,0.0,0.0,1.0,10974599.0,3.58378498471179,1.26629610631767,4.85008109102946,4.96050172743474,49.615079742625085
ZWE,Zimbabwe,1996,32.3372955322266,4.4610079529022855,19.3426818580193,0.0368146002292633,0.536,14.009,21.5441253260218,-0.421,3076.857,15.732027893812525,4.634551720662163,2.01158380508423,23.0032135553608,6.89892541697278,1.0,35.91167939011962,48.981,16.6871165644172,3.99007876458701,0.0,0.0,0.0,3.103766046304,0.89658348202089,4.88666224660791,0.526,-0.466,-0.0243446332055361,0.344,27.00887153263374,0.619,46.5001460706982,0.627834618091583,0.168950721621513,0.161649942398071,7.990428292911911,72.068361086766,3534623.0,437236192.1,14.737366000000002,0.0,531263513.13750017,0.0,0.0,0.0,1.0,11158360.0,3.103766046304,0.89658348202089,4.0003495283248895,4.886662246607911,47.61125408550183
ZWE,Zimbabwe,1997,32.7226104736328,-5.85053985577763,16.6949847668151,0.0368686430156231,0.549,14.349,26.5807680322114,-0.47,3076.857,11.463781083592227,4.427182053050725,2.02573585510254,22.5333958284509,2.377848034352482,1.0,17.81872582440329,48.536,15.8776658073588,3.10028974498855,0.0504646820000047,0.0,0.0,2.98195826894621,0.689043363974202,3.789333108962751,0.526,-0.603,0.0234652721808108,0.539,11.931000986516937,0.619,48.9483243496602,0.86511904001236,0.147297337651253,0.0048474534414708,6.771291377908959,82.2035387860323,3626972.0,385255388.6,12.862897,0.0,465448803.60916686,0.0,0.0,0.0,1.0,11369827.0,2.98195826894621,0.689043363974202,3.6710016329204116,3.789333108962749,40.93719311728902
ZWE,Zimbabwe,1998,33.1038475036621,-5.83783608635175,18.890753678623,0.037162970751524,0.567,15.011,24.8153684789384,-0.524,3076.857,11.384560258432996,6.095310147000001,2.03998756408691,20.807150384450296,2.3851322523582894,1.0,17.68556850384452,47.551,14.4178603489325,0.804858369086569,0.1645254689999902,0.0,0.0,4.04527903365657,0.740667231747415,1.5455256008339795,0.585,-0.74,0.0223242912157728,0.539,11.845886976194958,0.575,47.0005073962765,0.848438441753388,0.143520176410675,0.0031926496885715,5.590804634490549,88.5133289098786,3721363.0,407171308.9,9.019833,0.0,397195241.52416646,0.0,0.0,0.0,1.0,11594297.0,4.04527903365657,0.740667231747415,4.785946265403985,1.5455256008339795,34.257811536496476
ZWE,Zimbabwe,1999,38.4,-5.854495024264949,15.4813087517307,0.0375645719468594,0.567,15.893,16.1616178333152,-0.367,3050.986999999999,14.790824804356395,5.555303310999998,2.05433940887451,19.1175398965241,3.318295882366094,1.0,17.472886199931896,46.379,13.2004663703272,0.703599845259129,1.485090966999998,0.0,0.0,2.43567841471557,0.561612395176263,1.265212240435389,0.585,-1.0295,-0.1338241823494421,0.539,11.683079453732944,0.575,46.1305836916126,0.831454217433929,0.112317949533463,0.0017710662214084,3.70089065515096,70.9210813961962,3801789.0,382930278.2999999,10.686865,0.0,385250530.54166687,0.0,0.0,0.0,1.0,11783458.0,2.43567841471557,0.561612395176263,2.997290809891833,1.2652122404353898,32.69418285716017
ZWE,Zimbabwe,2000,33.7,-5.722365389221697,15.6687707765286,0.0384445525705814,0.629,16.254,21.5628964517436,-0.481,2929.653,17.32179455977937,9.233894569000002,2.06879234313965,20.170506049955776,2.392722888626004,1.0,9.355121366447031,46.034,13.3866208493632,0.801847432306675,2.2404999999999973,0.0,0.0,2.38311453334728,0.716746800797967,1.5185942331046505,0.784,-1.319,-0.1990132654697964,0.539,6.011062639799921,0.272,70.1266201023419,0.871227324008942,0.157109171152115,0.0031291430350393,3.9017087664519305,74.0708923168864,3852926.000000002,293949525.1,5.310008,0.0,307922831.5,0.0,0.0,0.0,1.0,11892055.0,2.38311453334728,0.716746800797967,3.0998613341452472,1.5185942331046505,25.8931556825124
ZWE,Zimbabwe,2001,34.2,-5.731053322555848,15.6288021236589,0.0398262850940228,0.677,17.426,27.7245460604263,-0.877,2923.8590000000004,17.353615354013492,10.543602977,2.10517907142639,21.22347220338746,2.3778708493825427,1.0,9.333745108992826,44.525,13.1438262729049,0.564822989541948,2.6228199999999973,0.0,0.0,2.31778986593129,1.14537893766194,1.7102019272038902,0.784,-1.4175,-0.2094270659644956,0.539,6.000625945670065,0.209,74.6672565719131,0.832741379737854,0.108472652733326,0.0021465716417878,4.027991793135179,67.8980938686723,3890859.0,274770190.4000001,7.289840999999999,0.0,308704465.1875,0.0,0.0,0.0,1.0,11971901.0,2.31778986593129,1.14537893766194,3.46316880359323,1.7102019272038889,25.785751585107494
ZWE,Zimbabwe,2002,34.2,-5.781510153109075,12.5684567195934,0.0407401137053967,0.678,16.339,84.8133696679852,-0.553,2705.7919999999995,17.518387726120643,10.353345562,2.1422061920166,22.276438356819146,2.360057662833583,1.0,9.321236833514453,45.938,11.8710846696348,1.32030561761863,2.8026900000000055,0.0,0.0,3.00078495348224,0.8511031997111,2.1714088173297306,0.784,-1.516,-0.2175806567670724,0.539,6.005441401369763,0.209,77.0221819471258,0.930939733982086,0.0892792493104935,0.0008135107345879,5.172193770811969,66.8098183680706,3936125.0,294113118.70000017,7.099063,0.0,268932586.5,0.0,0.0,0.0,1.0,12087653.0,3.00078495348224,0.8511031997111,3.8518881531933404,2.171408817329729,22.24853629567295
ZWE,Zimbabwe,2003,35.1,-5.791046974703846,14.7936480237327,0.0415571667253971,0.731,16.743,53.1683069517072,-0.377,2265.1730000000007,14.944983463728155,19.225802473,2.17988419532776,21.712563720031422,2.3729957979483807,1.0,9.33023049969913,45.373,12.1673501439665,1.21503564974506,2.9728700000000003,0.0,0.0,4.93012109723983,0.837018975050425,2.05205462479549,0.811,-1.088,-0.1400481285743884,0.539,6.008301642740969,0.183,74.3608760143094,0.982890069484711,0.101216480135918,0.0001932068262248,6.98217572203532,70.4519675420993,3987779.000000002,316710729.9999999,6.0853589999999995,0.0,220004970.22098225,0.0,0.0,0.0,1.0,12232323.0,4.93012109723983,0.837018975050425,5.767140072290255,2.05205462479549,17.985542911267324
ZWE,Zimbabwe,2004,35.6,9.354998400042785,18.0640440733408,0.041645709425211,0.731,16.246,17.0479685871403,-0.466,2106.849,8.941668066389859,27.866988898,2.21822500228882,24.3823706636825,4.716936748631333,1.0,23.057021999231107,46.043,13.9493845226823,2.06464063081244,3.4429000000000016,0.0,0.0,4.36866739859968,2.00400191735889,4.068642548171331,0.811,-1.205,0.6236787686442482,0.539,16.278466778529925,0.183,49.8321425497116,0.827877342700958,0.242573082447052,0.0072486884891986,8.437309946771009,76.0394249806318,4034722.000000002,309047437.0,6.445215,0.0,505131513.2924107,0.0,0.0,0.0,1.0,12365896.0,4.36866739859968,2.00400191735889,6.37266931595857,4.068642548171329,40.848759628288214
ZWE,Zimbabwe,2005,36.1,11.634555777830917,17.1493075153041,0.040456086397171,0.728,15.893,14.948548815947298,-0.484,1934.1710000000005,10.409,39.16287724,2.25724029541016,26.4793991229974,5.97445468531383,1.0,26.650043317410105,46.57,15.1217817913429,1.94565384017996,5.183750000000003,0.0,0.0,4.38648231738954,2.2260713097986,4.17172514997856,0.811,-1.268,-1.3635017599934065,0.539,21.837511066209547,0.183,48.6823253592671,0.836679518222809,0.470964193344116,0.0320025235414505,8.5582074673681,76.043068640646,4075625.0,125085422.60000002,6.218249999999999,0.0,382835549.0928764,0.0,0.0,0.0,1.0,12483432.0,4.38648231738954,2.2260713097986,6.61255362718814,4.171725149978559,30.66749184782489
ZWE,Zimbabwe,2006,37.2,-6.171929604950233,19.2316519025107,0.0390674136579037,0.727,15.501,13.001184477186053,-0.426,1837.4320000000007,6.3919999999999995,6.633571672,2.27985548973084,30.6513058245743,4.26730900122854,1.0,12.183644878882577,47.056,16.0141368706109,4.45014973945099,6.719819999999999,0.0,0.0,4.53126511024848,2.4998893819836,6.950039121434621,0.811,-0.9320000000000002,0.0995003290876072,0.539,8.026013522925428,0.183,44.9350530132648,0.995912075042725,0.25273859500885,0.0021665845997631,11.4813042316831,82.8200302932942,4127578.0,128123730.39999986,5.300469,0.0,352189939.9746905,0.0,0.0,0.0,1.0,12636445.0,4.53126511024848,2.4998893819836,7.03115449223208,6.950039121434621,27.870966871987374
ZWE,Zimbabwe,2007,37.2,-6.184316095195744,21.1955238679824,0.0381699129939079,0.727,15.204,11.053820138424804,-0.441,1770.5239999999994,2.59,7.692443293,2.30269718170166,32.4614004438359,7.239413928555472,1.0,14.552221055331696,47.576,16.0961329618962,5.52927711545011,9.57239,0.0,0.0,7.04045161342553,2.9895097334864,8.51878684893647,0.811,-1.11,-0.6166881980557757,0.539,10.140913438754769,0.183,44.4874639973559,0.926847219467163,0.174452781677246,0.0021789774764329,15.559238462362,84.1682798999008,4184062.0,134460312.0,5.069339,0.0,324622751.7419618,0.0,0.0,0.0,0.0,12804058.0,7.04045161342553,2.9895097334864,10.02996134691193,8.51878684893647,25.353114750180122
ZWE,Zimbabwe,2008,37.7,-5.63014484927605,19.018786781349,0.0374783277511597,0.74,14.714,9.106455799663555,-0.424,1471.7450000000008,1.9830000000000003,6.8319121480000025,2.325767993927,30.4832503395201,4.29023011878146,1.0,12.32002842500104,48.456,16.3365776369398,2.40577467248271,12.768700000000004,0.0,0.0219835646063035,9.59500979453574,6.30027905069109,8.72803728778016,0.811,-1.212,0.196193756635556,0.539,8.15264507344162,0.183,48.5457220461747,0.988862454891205,0.227522343397141,0.0033263422083109,18.3230470823159,109.523540063377,4236512.0,129425807.60000002,4.840159,0.0,331221930.3240938,0.0,1.0,0.0,0.0,12959149.0,9.59500979453574,6.30027905069109,15.89528884522683,8.72803728778016,25.5589260007809
ZWE,Zimbabwe,2009,43.4,-7.242113605324878,10.7437375591345,0.0381062477827072,0.739,13.983,7.15909146090231,-0.658,1566.378999999999,9.668,0.0,2.34906959533691,21.4538686244604,2.429041548533302,1.0,9.381724624504251,49.75,11.0306853139622,0.912792592657188,30.3665,0.0,0.0071842969795099,4.64186122836121,1.20077086927504,2.1207477589117403,0.802,-1.167,-0.0064334842441866,0.539,6.006441030614208,0.237,54.9155959982421,1.07170557975769,0.113521076738834,0.0042100148275494,6.76260898727295,61.7764909650234,4298669.0,542317089.1,5.644312,0.0,303235352.4571635,0.0,0.0,0.0,1.0,13142790.0,4.64186122836121,1.20077086927504,5.84263209763625,2.1207477589117394,23.072372947993806
ZWE,Zimbabwe,2010,38.9,-1.5996914488058351,9.60967815567222,0.0416634753346443,0.724,12.745,13.5436890225327,-0.794,1857.983,18.254,0.0,2.37260484695435,20.6947355315308,3.022670025188919,1.0,9.441508628646424,51.925,9.20918843767508,2.28456555833204,57.6496,0.0,0.0,3.18636130903513,1.6275437742608,3.91210933259284,0.789,-1.104,0.550796310053478,0.563,5.982560818140485,0.317,57.8323753397937,1.04426980018616,0.174217253923416,0.0129374396055937,7.098470641627969,83.1234047851259,4371391.0,528729079.6,7.786422999999999,0.0,1076663997.775543,0.0,0.0,0.0,1.0,13356548.0,3.18636130903513,1.6275437742608,4.81390508329593,3.912109332592839,80.60945071851971
ZWE,Zimbabwe,2011,36.9,-0.2821818922076566,8.66645403643065,0.045761626213789,0.724,11.694,18.983397971085196,-0.833,2101.4220000000005,20.713,0.0360773203333408,2.41582274436951,21.7201786093983,3.4661297281748986,1.0,9.417812388645398,53.911,9.1732227656106,3.02582901599048,67.6698,0.0,0.0,3.09747788324374,1.7560820899070602,4.781911105897539,0.789,-0.945,-1.5225731872752697,0.563,5.982934518659181,0.317,57.8956694308597,0.813384711742401,0.195574879646301,0.136740803718567,7.87938898914128,89.4659437238642,4453416.0,527094857.9,9.600003,0.0,1047766408.6091973,0.0,0.0,0.0,1.0,13595424.0,3.09747788324374,1.75608208990706,4.8535599731508,4.78191110589754,77.06757866538015
ZWE,Zimbabwe,2012,44.0,-14.216017890172,8.04450024819692,0.0492856167256832,0.724,10.946,20.1407242084605,-0.861,2338.51,20.424,0.0385576918616195,2.45982789993286,25.3306858994948,3.725326661106461,1.0,11.5966666666667,55.386,14.0435658597833,1.96165547732282,91.287,0.0,0.0176585171987539,2.97898642175496,1.00943239450643,2.9887463890280106,0.788,-0.779,0.0393438870400355,0.563,7.27464858446586,0.318,55.0851169445499,0.945457875728607,0.203361734747887,0.0806299895048142,5.9677328107829695,74.1627003825153,4531324.0,520124249.2000001,9.333343,0.0,1013292492.2003964,0.0,0.0,0.0,1.0,13817887.0,2.97898642175496,1.00943239450643,3.9884188162613903,2.9887463890280093,73.33194230061343
ZWE,Zimbabwe,2013,40.6,-6.076795291041872,7.14500739499758,0.0517741851508617,0.699,10.233,18.7319297666254,-0.848,2319.258,19.594,0.0342920490000011,2.50463485717773,23.8001125610251,1.6349504154382188,1.0,9.74,56.842,12.9196497519731,1.51174178336788,97.2838,0.0,0.0046069211087687,2.79418450108454,0.732306145530549,2.248654850007201,0.743,-0.666,-0.256773494969398,0.58,0.3373148765713116,0.342,58.3262437338848,0.889247953891754,0.174235612154007,0.0756828263401984,5.0428393510917395,58.6560737143829,4610813.999999998,519341619.6,12.413201,0.0,984185751.2692866,0.0,0.0,0.0,1.0,14013808.0,2.79418450108454,0.732306145530549,3.526490646615089,2.2486548500071994,70.22971566823854
ZWE,Zimbabwe,2014,32.3,-5.398652952220601,8.74496936761426,0.0533438846468926,0.642,9.621,19.2103454143462,-0.864,2314.7790000000005,19.333,0.0353296370000002,2.55025768280029,23.7189510650842,-0.1977848101266097,1.0,9.4675,58.106,12.5913203968112,1.4848813746744,83.0461,0.0,0.0623369671683313,3.09694353156064,0.9771014063024182,2.5243197481451496,0.743,-0.714,-0.2232679633274579,0.58,9.74402156755415,0.308,57.5914485657891,0.864519238471985,0.179745525121689,0.0788648054003715,5.62126327970579,54.6717592473918,4711559.000000002,486727497.2000001,14.958986,0.0,1127627818.1744468,0.0,0.0,0.0,1.0,14207359.0,3.09694353156064,0.977101406302418,4.074044937863058,2.52431974814515,79.36927744096893
ZWE,Zimbabwe,2015,33.7,-11.4380119392339,8.28483096141089,0.0549768693745136,0.642,9.18,18.3157437835024,-0.836,2317.4359999999997,18.714,0.0343958531297978,2.58465313911438,22.3586547006621,-2.4309684238340417,1.0,8.54177133537791,58.989,11.8884007359844,0.80456323878968,88.5992,0.0,0.0226080767805338,3.26192793864867,0.517085951746671,1.344257267316891,0.743,-0.619,-0.815855536223367,0.58,7.8864929625292,0.308,58.6509456397932,0.941748976707459,0.173884332180023,0.0818547531962395,4.606185205965559,56.7496526604333,4832491.0,463752752.4,13.474123,0.0,1071219077.7223636,0.0,0.0,0.0,1.0,14399013.0,3.26192793864867,0.517085951746671,3.779013890395341,1.3442572673168893,74.3953129094587
ZWE,Zimbabwe,2016,42.5,-5.670410612377381,7.87358488271703,0.0564141944050789,0.656,8.816,17.0984957033978,-1.124,2299.0149999999994,17.038,0.0,2.61625742912293,22.1153495385289,-1.5436696005416088,1.0,7.11333333333333,59.76,11.5957537361528,0.903845635535043,88.21,0.0,0.0227863385971929,3.337508827235,0.231272872651529,1.1579048467837687,0.762,-0.621,-4.21675522055475,0.585,4.84676501119519,0.281,60.4095480136678,0.886755287647247,0.165716037154198,0.0801411420106888,4.495413674018771,51.2190376594477,4975772.0,455165191.5,11.76101,0.0,1082210991.8976884,0.0,0.0,0.0,1.0,14600294.0,3.337508827235,0.231272872651529,3.568781699886529,1.1579048467837705,74.12254793620515
ZWE,Zimbabwe,2017,44.0,-3.024929455062395,7.24788152959223,0.0577452965080738,0.642,8.587,5.810054180783549,-0.9200000000000002,2383.019,17.554,0.0433363854224815,2.64824795722961,32.0157377663457,0.8939623160500254,1.0,6.91416666666667,60.263,14.0269868344529,1.71234881128599,95.1367,0.0,0.0475010544657408,3.729642052956041,0.605956461595311,2.3658063273470393,0.739,-0.71,-6.703401067914591,0.659,-64.05698705505938,0.266,54.9436180469088,0.835120499134064,0.107766188681126,0.119595251977444,6.095448380303079,55.028317831061,5140153.0,482184792.7999999,12.592409000000002,0.0,1305090626.3346813,0.0,0.0,0.0,1.0,14812482.0,3.72964205295604,0.605956461595311,4.335598514551351,2.365806327347039,88.10749112368077
ZWE,Zimbabwe,2018,45.4,14.2208341144173,7.31920056282215,0.0590229369699955,0.656,8.321,5.83026742967083,-1.0,2466.8629999999994,14.815,0.0406996279999987,2.68062973022461,31.0377751295783,10.6188658669575,1.0,7.131666666666671,60.906,13.6782294074574,1.64633911808631,85.8627,0.0,0.037859947038596,1.27789733618839,0.41609304542906,2.1002921105539603,0.762,-0.721,-3.13162453301429,0.635,3.45482465727136,0.255,55.9846516102169,0.868966639041901,0.122730128467083,0.13366687297821,3.3781894467423506,54.55031658746,5323482.0,470895600.2000001,14.061096,0.0,1885026336.0265236,0.0,0.0,0.0,1.0,15034452.0,1.27789733618839,0.41609304542906,1.69399038161745,2.1002921105539603,125.38044858745258
ZWE,Zimbabwe,2019,46.7,20.5554555984053,22.7056524805476,0.0599227100610733,0.685,8.281,3.428021764486367,-0.921,2270.392,10.826,0.0449130033348552,2.71340751647949,38.9749459493832,255.304990757856,1.0,16.1816666666667,61.06,12.1572073269899,2.41107592851979,86.4094,0.0,0.0508825188985078,1.99605200101332,0.257755009227255,2.7197134566455503,0.765,-0.943,-1.31738666242515,0.635,-76.63157615765559,0.227,34.7344486451697,0.777127623558044,0.107014581561089,0.130146831274033,4.71576545765887,46.1065442675515,5525756.0,468198468.7000001,12.660844,0.0,1609735639.958979,0.0,0.0,0.0,1.0,15271368.0,1.99605200101332,0.257755009227255,2.253807010240575,2.7197134566455503,105.40873875601577
